frame,center_x,center_y,radius,num_points,fitting_error
0,-0.5750317911089918,-0.494722369626603,0.016002564272175064,18,0.01908159900309467
0,-0.5685433488983066,-1.5111847255632196,0.015687507293924194,10,0.004055256252639492
0,-0.6209915268323833,1.4966580026960492,0.015977140892618237,19,0.021345122855350108
0,-0.5851454347925868,0.4740409928453119,0.01617346567982717,13,0.0174314924547603
1,-0.5750989267569981,-0.4927825975832743,0.015826830334216023,18,0.01870825206290489
1,-0.5718680678990885,-1.5229933210486926,0.016056657222984053,14,0.019379134546825792
1,-0.6234617168764295,1.4964839139639698,0.01611554976980617,19,0.016759780518503
1,-0.5863436441548028,0.47895729896233263,0.015928950103445614,15,0.013674514492996418
2,-0.5736834615377463,-0.4960731464261916,0.016428771676404143,16,0.023147813104738745
2,-0.5734569917693013,-1.5205012238608204,0.016148665162801088,13,0.01936646216783782
2,-0.6221405828922568,1.4978747698427397,0.015859586143978463,18,0.016898658525359447
2,-0.5878291938809853,0.4791379047223276,0.015955835301901353,14,0.017881071732394834
3,-0.5763454760966008,-0.4958854828064542,0.01601927428602433,18,0.0210172813779638
3,-0.5688917491663407,-1.5121108177714662,0.015698968444136634,10,0.004058252415502632
3,-0.624761995790853,1.498056771076582,0.015992756185535025,19,0.018568862745364793
3,-0.5940062221071318,0.4802201071500612,0.016656943767476055,14,0.0226779555278843
4,-0.5757163673505256,-0.49378385497232935,0.015947470018023078,18,0.01950837030658741
4,-0.570747186387812,-1.522934339397489,0.016170821184355203,14,0.019162133847521134
4,-0.6241496312255579,1.5004468572951395,0.016059510723670962,16,0.015481538846711421
4,-0.5925695428725298,0.4827416498712487,0.015933657814729166,14,0.020646071317245947
5,-0.5768966785008682,-0.49584153118300806,0.016056846592705308,18,0.020663184955231596
5,-0.5660676208511981,-1.512681980081479,0.01585430984988952,12,0.010597359512215966
5,-0.6214365870454306,1.497466443008902,0.015988928687694522,18,0.019375155767286763
5,-0.5828958896887806,0.4751855683745985,0.01590164411722811,13,0.016751569841084314
6,-0.5744070725604613,-0.4873629316214056,0.015734106229574114,17,0.016396932159662068
6,-0.5568599368716437,-1.504436610260976,0.0159208047832046,10,0.0035872510390940913
6,-0.6257720726510254,1.499570095913515,0.015994394737342044,16,0.015282292146618677
6,-0.5868377927347973,0.4772489840494405,0.016077605300752088,13,0.020326030644217348
7,-0.5730007686857626,-0.49189914753264946,0.015922902451320307,17,0.018817999641818545
7,-0.6238512541008566,1.4968621750129343,0.01586490303282299,16,0.0170975629367564
7,-0.5870100097205482,0.47749697076364683,0.01598792965886434,15,0.018670828579738997
8,-0.5712243423845504,-0.4925776888260944,0.015922523574319163,17,0.021655844210094023
8,-0.5558398679885138,-1.5107527533113005,0.01589562741346519,11,0.015241943814216202
8,-0.6235601343372527,1.4992148888509365,0.0160665477153667,18,0.018328471580306174
8,-0.5846392755169876,0.4826108929735438,0.01599697972718289,20,0.01674842768289066
9,-0.5740435984032642,-0.48872695121839754,0.015767208486438342,18,0.018298056380982895
9,-0.5598582876009487,-1.5050533812748863,0.015904547293000258,10,0.004172450278819455
9,-0.6225495510857207,1.5002305175768058,0.016220088822558303,17,0.0199448442891701
9,-0.5870268359629309,0.48469172385848047,0.0159604847981421,20,0.01709613619508246
10,-0.575933388027646,-0.4947415752747812,0.015910330811754216,18,0.021058188845857667
10,-0.5710234929266002,-1.5231735719173043,0.016253842835390157,14,0.019086247926024605
10,-0.6228663734082889,1.4990621764329581,0.016031579253930714,18,0.01954946286169989
10,-0.5830254628601522,0.482400455829258,0.016006249162707625,20,0.015414935961966072
11,-0.5738034368775765,-0.49002622312973926,0.015844119456464502,17,0.019851052874768484
11,-0.5574521934668251,-1.5117702503071464,0.015479363824992001,11,0.01537412231276828
11,-0.6277833519031557,1.498061943755979,0.016065222115236928,19,0.01732133931682474
11,-0.5956057123638161,0.484752389906856,0.015919403046978517,25,0.01593660399551894
12,-0.574955849711969,-0.49445116498516567,0.0159519202333206,18,0.020698265442759486
12,-0.5574983026366106,-1.5061554835662656,0.015216885033610385,11,0.0035750200301948912
12,-0.6241916103390703,1.4997032972356896,0.01623616194297065,17,0.015761405196393193
12,-0.5844181583504552,0.47582992288095327,0.015983554376922234,15,0.017846473387369912
13,-0.5731185415117944,-0.4929609063239836,0.01604083961907539,17,0.020900120642921655
13,-0.5746004451488116,-1.5191505788968918,0.01638694053293951,10,0.013047930290590839
13,-0.6239083892667907,1.4973938528157418,0.01613993486177085,18,0.017645878330543877
13,-0.5837565251958843,0.47689236549690306,0.016019074911968405,15,0.014889522930842832
14,-0.5781729281356556,-0.49790918061839634,0.01597933671074206,18,0.01901836031209673
14,-0.5607058864262161,-1.5330756224806819,0.01571395996741741,10,0.0
14,-0.6244614726959703,1.4987925510265514,0.0161375310693309,17,0.018205420258111997
14,-0.5873752640062324,0.47760963494465913,0.015906339786526683,15,0.020291044320739728
15,-0.576331724040192,-0.49485056876559885,0.016164753563691344,17,0.021481813362258517
15,-0.5578056273003077,-1.5036218907023964,0.015613240933785404,11,0.00515785560353247
15,-0.6233911917102954,1.4994789281973402,0.016053983556353645,18,0.017969255993135574
15,-0.5838054048814035,0.4839014765487695,0.015918888853952373,20,0.012406257447908662
16,-0.5758229248124231,-0.49651536646635486,0.01604032004103268,18,0.02145268002611703
16,-0.560430534953073,-1.5081638552071073,0.016047709669111582,11,0.014567494807761778
16,-0.6233777516785548,1.4982909281187289,0.0159158159785026,17,0.019773127321563957
16,-0.5845496692386625,0.47413775734588864,0.016066180548106507,15,0.018922128332761436
17,-0.576754680930385,-0.4970465003769957,0.01605307241197251,18,0.021047862292140503
17,-0.569588133518148,-1.5139616613466709,0.015723840968668242,10,0.004068249661739428
17,-0.6206750982962908,1.4970331517743574,0.01593592077386917,17,0.020289731979052917
17,-0.5857536149423755,0.48356338231576107,0.015951271223267127,21,0.017503425513528348
18,-0.5754599287687756,-0.49567376529685264,0.01617052774219084,18,0.022465169547768185
18,-0.5611173095886219,-1.5154664280512762,0.015851343383389973,13,0.01823981902606166
18,-0.6220870228076573,1.5008019923323794,0.015931125027062412,16,0.018015377128354357
18,-0.595121323248315,0.4836502296598895,0.015933364977834447,25,0.01648753651694427
19,-0.5760080096619637,-0.4943571635039439,0.016002896923511725,17,0.02155037789414428
19,-0.5565914761289933,-1.5128305916828326,0.016261180827903385,12,0.0171596888374827
19,-0.6225577239306773,1.4991803163296005,0.016005731423582262,17,0.016466077314177176
19,-0.5858779781235148,0.4845777139969644,0.01594608358274313,20,0.01441729269618397
20,-0.5758372720267334,-0.4926159035496699,0.01591634216206595,18,0.018515578727894902
20,-0.5668596032699973,-1.514774640829108,0.016477287637430515,12,0.010975668484249385
20,-0.6229110802289383,1.493032317307501,0.015997065681032048,16,0.021964608645172676
20,-0.5880572573803675,0.47683086527337654,0.01611894596307061,15,0.02044618868712129
21,-0.5759752090919841,-0.4948876956553003,0.016040430046130674,17,0.021054506707619117
21,-0.5598582876009487,-1.5050533812748863,0.015904547293000258,10,0.004172450278819455
21,-0.6225631623143951,1.5007567526315522,0.016145085912518956,17,0.017792578140299865
21,-0.5871065836010245,0.4834002065979882,0.01595375238537661,20,0.018580822400124184
22,-0.5749120384189478,-0.4893332543758853,0.0158625692334007,17,0.017648398324055778
22,-0.5668863387887718,-1.5138379533138824,0.0162897371040117,11,0.013030455238044922
22,-0.6220570428127219,1.5003533777839058,0.016148200442132,16,0.01642696406557303
22,-0.5906396623841627,0.4828100447902979,0.015907789785445665,20,0.019424007259847192
23,-0.5774040523113879,-0.4939753245444249,0.015940541811541045,18,0.015857539268641408
23,-0.5782525741201116,-1.519889247771662,0.016408603683833203,10,0.013062432921015929
23,-0.6200771878046043,1.4977036512658857,0.016022897850628583,17,0.018088376801717994
23,-0.5860821073638116,0.4817739096101015,0.016019141245746164,20,0.01809780258503389
24,-0.5733677687799751,-0.49132334937029515,0.015869380417736164,18,0.019085039244072316
24,-0.5658199400160154,-1.5153061229071794,0.01642889853485086,13,0.011401850963289387
24,-0.6205629058095985,1.495645417206413,0.01568850897505218,15,0.019233951312432416
24,-0.592085693674571,0.4802209742752667,0.015927706540564107,14,0.021111626798322944
25,-0.5745473736517945,-0.4956499937093215,0.016064276386225516,18,0.021035718833796322
25,-0.56393232550181,-1.5117648330914466,0.015691767578135996,12,0.012748562533996715
25,-0.6241777745690366,1.4992202990214174,0.016132921380493194,17,0.013961551595751968
25,-0.5840574532622628,0.47510851036850243,0.016132374135542058,14,0.01585016663859003
26,-0.5768046148623539,-0.49163783310166864,0.01590639531781248,18,0.014834749821188667
26,-0.5664142462761189,-1.5135521663990055,0.015985118647163035,11,0.012734743072891326
26,-0.625464249708668,1.4976166710339656,0.01587728070558639,17,0.014755117023361526
26,-0.5863196533103125,0.4763803932385282,0.015899636154745156,15,0.016244068631959496
27,-0.571284542246331,-0.4907869132597637,0.016188032234215857,16,0.022362209300305778
27,-0.5629625709432801,-1.528042620516035,0.01636333908403975,12,0.015649850703022217
27,-0.6232100939813906,1.496449449820599,0.01589924671934418,19,0.020528931923980896
27,-0.5831018514453244,0.4764702403030781,0.015725633089952697,14,0.014190015442212735
28,-0.575926548437643,-0.49300743257014074,0.015805958318558962,18,0.01877461757251997
28,-0.5619883880646053,-1.5296766288815444,0.015385102953938187,11,0.0023335810780797392
28,-0.6190159243383497,1.4966745528356609,0.015939211870030372,17,0.01981719297906495
28,-0.5849277571814752,0.4820801880296101,0.01598587781771074,19,0.016248887348746462
29,-0.576036905271045,-0.4955705334253393,0.016005255432816005,17,0.021679411428777034
29,-0.5646985702980721,-1.5122770533093406,0.015897980270652496,12,0.012580796810995519
29,-0.6229364523834198,1.5002567346181932,0.015958162491846395,18,0.01828522785952107
29,-0.5889422880642132,0.48516861142125356,0.01587635812345932,20,0.01601475234989015
30,-0.5743989953875587,-0.49142989902564665,0.015851436160093862,17,0.018386548491180505
30,-0.5558398679885138,-1.5107527533113005,0.01589562741346519,11,0.015241943814216202
30,-0.6235832127576673,1.4988888554446274,0.015995934758202473,17,0.015122250825919756
30,-0.5869128955363375,0.4858031591277272,0.015962635577926924,21,0.016015788450672364
31,-0.5766302480679772,-0.49466437706068406,0.01584418271955524,19,0.020102410055875774
31,-0.5564964867571355,-1.5056943886803347,0.01567222061257202,11,0.00392120832915964
31,-0.6239708062542906,1.4973423305577276,0.01590053631076908,17,0.019427351721481658
31,-0.5853706297475442,0.48377908445801976,0.01601414986048566,19,0.015470878069470928
32,-0.5767883414684475,-0.49224900410105327,0.01594296955098548,18,0.017884635721518313
32,-0.559414042237943,-1.5092286965228672,0.015221540553509551,12,0.014715555026379931
32,-0.624518722965712,1.5001262752186864,0.01596255985818967,17,0.016178963000921576
32,-0.5881061175898091,0.47828949488404554,0.016009344657806575,14,0.0188790650811526
33,-0.5783316778182608,-0.4951210698707341,0.01586583103094149,17,0.01987882236083305
33,-0.5568147055442799,-1.5043085702294305,0.01518590674078787,11,0.00357616545021681
33,-0.6224224887691291,1.5012363746473043,0.016096834998002463,17,0.015582778596140922
33,-0.5836365135996456,0.47650628144992685,0.01606522335888584,14,0.015955411073525765
34,-0.5761083063410091,-0.49430585127116283,0.01592084927269331,18,0.019372179337210766
34,-0.5573964487215483,-1.5332326712734123,0.015726653833406778,11,0.0
34,-0.6230885235515452,1.4978329204013907,0.015866412622758303,15,0.016633034033306914
34,-0.5870605831623211,0.4788933099645897,0.016101492759421958,15,0.01713138669451997
35,-0.5744047646567284,-0.4915199539917908,0.01603292964576461,17,0.01910534495903833
35,-0.555497798452489,-1.5098246820057541,0.01588278251600684,11,0.015231846757518335
35,-0.6175393731308074,1.497220985049946,0.015787828453144526,16,0.020890174477397015
35,-0.5910510111527827,0.47697121601854836,0.015715968777712502,15,0.019618177055717865
36,-0.5741844437607946,-0.49331710800287665,0.016100538896875766,17,0.021759795319544934
36,-0.5620761155627776,-1.514433957594718,0.015794323459216886,13,0.016662523634802633
36,-0.6232084729043755,1.5011697854385906,0.015720927068117074,15,0.01565663325891463
36,-0.5947901574934589,0.48366804695964477,0.015978265071407913,26,0.017078281547193354
37,-0.5738868179251139,-0.4898389046522553,0.015851483741108792,17,0.016690554676674508
37,-0.5641931677671223,-1.5178405950748224,0.016255421333399796,13,0.015599249776835885
37,-0.6232575304225876,1.5012974018377427,0.01606720481162235,17,0.01696939301209405
37,-0.5946504519926185,0.4842832193739086,0.015967905807928177,27,0.016842277935096277
38,-0.574652192119887,-0.48935365850981094,0.015875132237670096,18,0.01822559942093051
38,-0.5558398679885138,-1.5107527533113005,0.01589562741346519,11,0.015241943814216202
38,-0.6170472617359596,1.493285751092489,0.01586577695210829,17,0.023254592722955377
38,-0.5957114277954858,0.4831824232325922,0.01600085152090976,27,0.01830021364653614
39,-0.5759854873568289,-0.49363541065699224,0.015922230438288904,17,0.021324318269038814
39,-0.5568599368716437,-1.504436610260976,0.0159208047832046,10,0.0035872510390940913
39,-0.619996179031361,1.4947279331359162,0.015967324692219502,15,0.021068654051206958
39,-0.5982432771287486,0.48483611462309856,0.015888499558349464,26,0.01678283702493476
40,-0.5764623211715215,-0.4973755655494653,0.01613198855490225,17,0.021671227468962072
40,-0.5692398788536489,-1.513033848751119,0.015713659354078285,10,0.004064145839469029
40,-0.5975766331084171,0.4829321311606216,0.015902460175194106,26,0.017290565020352065
41,-0.5759816044049766,-0.494838529416128,0.015991308134321206,17,0.02038407025602705
41,-0.5670580071165271,-1.5138276354824227,0.016301990705360703,11,0.012153358449832364
41,-0.6143900240429936,1.5204507370325135,0.015588777008208926,10,0.0045669636681323665
41,-0.5965903857642992,0.48374990219688496,0.015948972198349416,25,0.015978095693522126
42,-0.5769791231160606,-0.49459619921369075,0.01602165831464939,18,0.020774030679126382
42,-0.5669733593678229,-1.526267886895274,0.0159390273403002,12,0.01834906845715029
42,-0.6147330294960681,1.51404698041143,0.01583156734516139,10,0.004541640279146837
42,-0.5951365139768074,0.48467831581716564,0.016006808272500138,26,0.01832249770787222
43,-0.5792555992820789,-0.5005930611666042,0.01597614682610585,17,0.017672125444150432
43,-0.5574983026366106,-1.5061554835662656,0.015216885033610385,11,0.0035750200301948912
43,-0.592986081805718,0.4821640976344213,0.015968033754670943,27,0.018260247319145762
44,-0.5767208014435679,-0.49617450345116426,0.01588669175667442,18,0.02121109388049338
44,-0.5688326100448848,-1.525214632012195,0.015920250950182607,13,0.018013876255980353
44,-0.6136624786779037,1.5179283465624802,0.016193940412376432,10,0.0037846572655495557
44,-0.5978545402624131,0.48513036770820955,0.015944339581833274,25,0.01496129016662659
45,-0.5747600840209551,-0.4959063351540773,0.01593749192980395,19,0.02130178315239093
45,-0.5662085625737696,-1.5169400787585723,0.016323331812683115,12,0.01417971185839522
45,-0.615819569041509,1.5186011544203581,0.01586437067457941,11,0.009946326605309504
45,-0.5963709488276602,0.4857046989318626,0.015916173342875137,25,0.016176089505010493
46,-0.5749794464574615,-0.4926884074626326,0.015984390342064635,17,0.017905893605831606
46,-0.6167007670207377,1.5176880311481387,0.01585356404441465,10,0.0043066977008007394
46,-0.596495683295947,0.4847934578959037,0.01600361280634319,27,0.016544170610167407
47,-0.5762368836487499,-0.49050684724947513,0.015901149269109283,17,0.015758059413590396
47,-0.5587111561611763,-1.5049503553063164,0.01538069395282873,10,0.0025137858199722266
47,-0.6334684796432744,1.5012660561750772,0.015918934487641905,16,0.01295419340189659
47,-0.5946501241422647,0.4831792368268825,0.015956375388299308,26,0.0184462012301315
48,-0.5757038260542541,-0.49418480877307003,0.01586727307249443,18,0.019137280298792202
48,-0.562648219236689,-1.527954614819492,0.015684153755068785,12,0.013836053628228295
48,-0.6235992048001574,1.50008007919203,0.01600465016736962,18,0.016055793047166266
48,-0.5925768454873069,0.4830760866072252,0.015999259250963262,26,0.017114087066003338
49,-0.58069937319897,-0.4979940663441929,0.015861459821587966,18,0.016818121072570084
49,-0.6239593697490153,1.5003988934161634,0.015975856049830046,15,0.0171156968362364
49,-0.5951916085169818,0.4834501979133744,0.015939428994945583,25,0.017279866702778916
50,-0.5767718257836711,-0.4934823023905036,0.015908110353463473,18,0.01821137338022222
50,-0.5558398679885138,-1.5107527533113005,0.01589562741346519,11,0.015241943814216202
50,-0.6261276007770891,1.5002773227367825,0.0159432000652988,18,0.01962319899855477
50,-0.59486007074314,0.4835847216744164,0.01594880252914946,27,0.019329445498227092
51,-0.5761470924589577,-0.49326013844277655,0.01588214364694533,17,0.017046733032979888
51,-0.6218382838451199,1.4975407949680772,0.01614242045871386,18,0.021926850167573803
51,-0.5960050044165707,0.48449563057438966,0.015915134114452938,25,0.01667233175500721
52,-0.5751530910118878,-0.49139577404497176,0.01604736569711412,17,0.019811642288510012
52,-0.5589540928013483,-1.518869597029448,0.01585412763388847,12,0.01821283875849097
52,-0.6240247844316437,1.4978883378005126,0.016039383672186852,18,0.017487653031722637
52,-0.5955073095186851,0.48323253471154415,0.01587470443988357,27,0.01811300736785693
53,-0.5803167646836379,-0.5007184481195471,0.016206613235330583,16,0.01371733776595152
53,-0.5636881022924,-1.529950556817844,0.016103032978650376,13,0.014670325332456288
53,-0.6197381096865917,1.4978454481609702,0.015872239179447828,17,0.01898640337322359
53,-0.5949583265343568,0.4846064604461356,0.01599304777493424,25,0.01654687713035088
54,-0.5771257119756189,-0.4940659021933333,0.015897666716505828,18,0.0177470741552692
54,-0.5623813559480882,-1.5078518278882633,0.01603005365883253,11,0.013775730282947315
54,-0.6223102943393143,1.5003073607336195,0.016064577865543928,18,0.016756778823302152
54,-0.5963914404452327,0.48444474752100164,0.01597661906780033,25,0.01720293548420364
55,-0.5768985298762715,-0.4952485640663898,0.01589319030766438,19,0.021131948256511757
55,-0.5712118062398235,-1.5221530382500497,0.016120931842670237,14,0.02071703477962277
55,-0.6241303603907425,1.5008192024927773,0.015979438594845755,18,0.01879528183944544
55,-0.5983888272379535,0.48304826760048475,0.01587529152595095,26,0.019066770066902536
56,-0.5793226289950802,-0.4958927463737219,0.01587280820634926,18,0.019661508285634805
56,-0.5604613843927514,-1.5088186433574347,0.015807968942943236,11,0.013274066810005494
56,-0.619898887539557,1.4991709438213927,0.015880744964824275,16,0.01926074008634082
56,-0.593361370284812,0.4841557383622067,0.016000849717216235,25,0.018286025857874113
57,-0.5759968643090605,-0.4920761316847866,0.016008817137868094,18,0.01902979212206239
57,-0.6219660408009957,1.496533547804443,0.01599266525356008,18,0.021861264395926207
57,-0.5937366728053831,0.48303770601416646,0.016107119099463888,26,0.017442661964310047
58,-0.5750209638254766,-0.4928023493640732,0.01594420653167327,17,0.018334332701771174
58,-0.5584840847442051,-1.514901492011208,0.015753235339140654,12,0.01656619250887998
58,-0.6244966042419741,1.500475345960707,0.015950549040500535,17,0.016673278668601584
58,-0.5971239905907573,0.48312639873539687,0.015865428650217454,26,0.01926959668542204
59,-0.5793032513917019,-0.49850404500330525,0.016039676693407938,17,0.019388083457113292
59,-0.6230480654828341,1.5009230219112462,0.01596352387589565,17,0.015162908326440381
59,-0.5945894474964469,0.48410869936455964,0.016023818224397787,26,0.0185262037808815
60,-0.5763386177213754,-0.4946444798131956,0.015915915940538365,17,0.019889145456629457
60,-0.5584902715326184,-1.5054704593647363,0.015642532685239862,11,0.005154460055716526
60,-0.6241022735141348,1.4973120260985044,0.01602086666762241,19,0.01958438547384379
60,-0.5975902986504407,0.4840378400199349,0.015941261497054545,26,0.017529073070484378
61,-0.5769396546653787,-0.49435451166747896,0.015922558150819874,18,0.017479316537309577
61,-0.555497798452489,-1.5098246820057541,0.01588278251600684,11,0.015231846757518335
61,-0.6227243369081542,1.4988303016050437,0.01591048505598957,18,0.020957969340389723
61,-0.5940260434647661,0.48464507744145546,0.015924823875689973,26,0.0172851580469186
62,-0.5753375668193691,-0.49381558123721275,0.015909257552044163,17,0.019679871454502423
62,-0.5589540928013483,-1.518869597029448,0.01585412763388847,12,0.01821283875849097
62,-0.6238938221562041,1.501167949911928,0.015954363186303555,18,0.016497365114307033
62,-0.5919669033142317,0.48336324957417093,0.015970605491697185,26,0.017103227472918862
63,-0.5788150890886654,-0.49494210815885686,0.015990965258058,17,0.01500150599248787
63,-0.5685433488983066,-1.5111847255632196,0.015687507293924194,10,0.004055256252639492
63,-0.6255860110535062,1.4997765450725005,0.016094832372697904,19,0.018939136035442398
63,-0.5931629042111817,0.484401784534279,0.01589448867626219,26,0.017523062940923824
64,-0.5748780710331709,-0.4929255290498882,0.01600742244905044,17,0.01827213266994292
64,-0.5633406188137502,-1.5310585046650973,0.01572657944345534,11,0.0
64,-0.6154132553123925,1.494202102882267,0.015927697009104524,15,0.02220119700189274
64,-0.5939933571989997,0.4838505743213151,0.015924451094999872,26,0.017695045910075126
65,-0.5762138297529519,-0.4941822229794369,0.016006480141259768,17,0.0179743792679685
65,-0.5571072095693808,-1.5111649132822589,0.015686586173287744,12,0.016493061379092715
65,-0.6232974324905951,1.5004340151587212,0.016161207109150467,16,0.01718702868354895
65,-0.593844495310765,0.48238638141489026,0.015924201080267,25,0.017070013423334023
66,-0.5767895813035013,-0.4961153624237003,0.015978563411445382,17,0.021618612743184714
66,-0.5572683819118149,-1.515571097360057,0.01588796491576478,12,0.017120557262584886
66,-0.6172452608364162,1.4966827420578068,0.015975300471620723,15,0.020876465020145993
66,-0.5984015221031599,0.48367429533796624,0.015939216061220302,26,0.015463911748784621
67,-0.5775039773243636,-0.4929505231045997,0.015927699345672643,18,0.017688871024344466
67,-0.566512306674743,-1.513846540777977,0.016466421093592764,12,0.010968411917293622
67,-0.6238786500714436,1.5012653112411827,0.01618566367908668,16,0.015237499498192381
67,-0.5930760069322272,0.4808641384080763,0.01593626993410637,26,0.018012965330193184
68,-0.5777467989521761,-0.49608274029039917,0.016010553237472,17,0.020797263954792804
68,-0.6242172617244495,1.4960936896084238,0.015877064574055005,17,0.01747475290642273
68,-0.5927568676576743,0.4839804531918673,0.01595624902252917,26,0.016860029138060974
69,-0.5760345685996278,-0.4923436101289539,0.015941268071714247,18,0.01923693902320214
69,-0.5603720529881298,-1.532151861650069,0.015730695009708168,11,0.0
69,-0.6258178669592968,1.4981878041681884,0.015957410602874415,18,0.017107508194719186
69,-0.5924462996468673,0.48163634602771715,0.0160035518821926,26,0.019838374682101825
70,-0.5757908259766058,-0.49477393637681943,0.016017764118664398,19,0.0217663423409239
70,-0.5534894110089704,-1.504287708373527,0.01543678995999682,10,0.0
70,-0.620565485183766,1.49759596355759,0.015977220575190968,17,0.0167697565284319
70,-0.5962345765711878,0.4826625413479208,0.015973946467669784,26,0.01859679620460484
71,-0.5756921999686994,-0.49518247550336325,0.016035719384738665,18,0.021448040770078343
71,-0.5583571534253421,-1.50386199530144,0.015538744276494458,12,0.003659543499816885
71,-0.6197734441836692,1.4982801584723768,0.016181606188965435,16,0.019350572147148835
71,-0.5905713858012634,0.48310036389055333,0.015965849497990747,25,0.016386838908304953
72,-0.5771139277386612,-0.49462291557348653,0.015866467421911577,19,0.02019926627321774
72,-0.5633406188137502,-1.5310585046650973,0.01572657944345534,10,0.0
72,-0.6250224140779145,1.4994087909599536,0.01601891573050472,18,0.017293127188903225
72,-0.5969338426212455,0.483612475167423,0.016001125123031687,25,0.015883704941346072
73,-0.5776720872250777,-0.4934793267757509,0.015854306623799864,18,0.018175396480051953
73,-0.5697908484881757,-1.52526558684069,0.01598346488427236,14,0.018547737580496947
73,-0.6176878053940118,1.4986425048434444,0.016098966536882055,15,0.020837164243191507
73,-0.594233336701199,0.48415529798606727,0.015989106332777493,25,0.015540928473054773
74,-0.5793742245953337,-0.4968952416322979,0.015914185406718802,19,0.015100427432884766
74,-0.5574983026366106,-1.5061554835662656,0.015216885033610385,11,0.0035750200301948912
74,-0.6223844347138157,1.499168263864646,0.015975025618040456,16,0.018925611580902273
74,-0.5915293819950286,0.4825246022110508,0.015945585009213066,25,0.018052320109168483
75,-0.5760845068788604,-0.492194374693493,0.015782560817649206,17,0.018909858294736147
75,-0.5569942550063258,-1.5176052881005655,0.015597867739024879,12,0.018115860620149717
75,-0.6229869500477967,1.4979760579922918,0.016045912464607157,18,0.01854911997446636
75,-0.5969728742862164,0.48451577622919534,0.015933462472497124,25,0.015332702238522195
76,-0.5758457177481016,-0.49533195800363244,0.01600655518418174,17,0.02103211163615505
76,-0.5574521934668251,-1.5117702503071464,0.015479363824992001,11,0.01537412231276828
76,-0.6224226301528419,1.4985233621927045,0.015891810936553907,18,0.0191388656360809
76,-0.5948255707344292,0.48303505412257575,0.01596359081457807,26,0.017298415446897884
77,-0.5759144721019178,-0.4970177830528617,0.016395287496105193,17,0.022701287409007984
77,-0.5680281518774795,-1.5182174914404438,0.015809831502363668,11,0.01196991986910708
77,-0.62278382931687,1.4984119762067756,0.016091472891170175,18,0.019641928941399014
77,-0.5931157817561352,0.481502236402791,0.015964344230880903,26,0.01915457043446478
78,-0.5756664983785258,-0.49333580862613186,0.01597935718793189,17,0.017632761031422674
78,-0.5644046225291345,-1.5245512986192225,0.015840222884216215,12,0.016813031562698085
78,-0.6239141973193537,1.5007509580879101,0.016080402574283892,16,0.015971922000013537
78,-0.5940377271485853,0.4827135897451576,0.015971125332389743,26,0.01698592696775125
79,-0.5745453854702633,-0.4928399735449825,0.016048433905694978,17,0.01966295535532327
79,-0.5746306736644962,-1.5219022204248502,0.016553866746655238,12,0.018671690642823816
79,-0.6255400774177653,1.4994235465714858,0.015999071085167734,17,0.014125621953387206
79,-0.5985948197841018,0.48346295666493394,0.01594666417209929,27,0.01775567046393227
80,-0.5768640561916634,-0.4993260214584888,0.016523266249662348,16,0.020443637407438334
80,-0.5665829250858468,-1.5144391486491051,0.016311254781372936,12,0.011959726213462448
80,-0.6252653535934979,1.4992455932484614,0.016006595670358385,17,0.017235646875438305
80,-0.5941922443966788,0.4820416986644358,0.01603848746065251,25,0.018934597244587348
81,-0.5774490117789749,-0.49727283561443664,0.015973164294684428,16,0.02011756432238906
81,-0.561055272544312,-1.521359206321741,0.01582203962346479,12,0.018093109806200706
81,-0.6217599056409334,1.497817737586549,0.015880439073506683,18,0.016973778433129794
81,-0.5968020486790535,0.4842711650259838,0.015951592725077814,26,0.016570638711883776
82,-0.5751228537900536,-0.49454972514569273,0.016161705242576218,16,0.02219870387524157
82,-0.5693314984682946,-1.523417256946259,0.016020708980403312,14,0.019105419297566227
82,-0.6239968067023706,1.5001379302773712,0.016226500369809983,16,0.01879559613645975
82,-0.5998926734080952,0.4853268324280169,0.015959184661379307,27,0.015634705342205124
83,-0.5755809469336212,-0.4936302326015557,0.015863404506161943,17,0.01721624499839616
83,-0.5587111561611763,-1.5049503553063164,0.01538069395282873,10,0.0025137858199722266
83,-0.6144135390972251,1.4896925340073741,0.01599773895145197,16,0.01954292696630703
83,-0.5940577380851763,0.48400868214713144,0.015975753224869462,26,0.015620728461691592
84,-0.576118077848467,-0.4952280442421896,0.01594686826743277,18,0.019879461271241645
84,-0.5574521934668251,-1.5117702503071464,0.015479363824992001,11,0.01537412231276828
84,-0.6239020298549073,1.4993724975834737,0.016086220749137393,16,0.016416873424692932
84,-0.5990400044384395,0.48471006700238206,0.01597038432665781,27,0.015158118122836794
85,-0.5787461205532354,-0.4973279167356995,0.01596523161728655,17,0.020411865695652214
85,-0.5584902715326184,-1.5054704593647363,0.015642532685239862,11,0.005154460055716526
85,-0.6206034077726085,1.4936324085877146,0.015891504736051842,18,0.021667030703937978
85,-0.5981792683776559,0.4836508787255825,0.015850786279906312,26,0.017391118093207664
86,-0.5766383512688839,-0.4903079045327444,0.015849377075239413,17,0.015177149698371502
86,-0.5572683819118149,-1.515571097360057,0.01588796491576478,12,0.017120557262584886
86,-0.621541885760491,1.4979039141936301,0.016005348804753187,18,0.020526022349927172
86,-0.5945952443789748,0.48017266076797577,0.015918381984020256,27,0.01856327375635187
87,-0.579138134150996,-0.49487738252129326,0.01589114833751145,18,0.014065046641483156
87,-0.56928661505818,-1.5237631132165272,0.016036007217953608,14,0.0187861551980014
87,-0.6195220100517764,1.4961006007063997,0.015947336445148376,17,0.01938543635107581
87,-0.5934001871590735,0.4825733383129034,0.01603868373369527,27,0.016865400282747287
88,-0.5759914061140967,-0.49191405348224015,0.015952391834276786,17,0.014756739093697383
88,-0.5647736009598858,-1.5162904274975113,0.015901624939104148,12,0.015160264680033194
88,-0.6212527906729722,1.4970552186390202,0.01601949323755984,19,0.02246483040331469
88,-0.5918456382476488,0.4830527283076349,0.01592437845941622,25,0.016229135036966817
89,-0.5729284637435312,-0.4918622732049194,0.015988020705480395,17,0.019882008021239253
89,-0.5567591565313663,-1.5132780059054813,0.01518690911673538,12,0.015396277851191877
89,-0.6252524505723859,1.4982095992620894,0.016253768054730545,18,0.019541883180181158
89,-0.5940086224336889,0.48295010730271304,0.015952497365745277,24,0.015852629108057355
90,-0.572834765513986,-0.4887970045481698,0.015933533827020136,16,0.02019123090979593
90,-0.5651884569816176,-1.5282277163969,0.01598712059305872,13,0.011292645896155602
90,-0.6226627102863059,1.5016551474746895,0.015990424328034842,16,0.013209342970897618
90,-0.5956654948288336,0.48494360484681137,0.015975040308559497,26,0.015732607200916182
91,-0.5730656306783675,-0.4910862702349155,0.01594362066050199,17,0.018826884529896858
91,-0.5691706090620048,-1.5236468181307072,0.01594547027806268,14,0.017986527867032687
91,-0.6230868684230769,1.4990885336567483,0.016125889608405514,16,0.017792782948568554
91,-0.5929993931217944,0.48271313282827866,0.01593413155416248,26,0.01784923633950756
92,-0.5725932053652419,-0.4901252055107435,0.015990901371173784,17,0.02002546469258326
92,-0.6257194146048358,1.498028619370246,0.01600394896054389,18,0.017715664677547684
92,-0.5931525649235817,0.4821650877842444,0.0159661574929386,25,0.017993222386262345
93,-0.5766291398288,-0.4931773745235132,0.01594992394525921,18,0.018691869331956084
93,-0.5650382737843465,-1.5159721594259516,0.016259649456102983,13,0.014088833616978911
93,-0.6225535303144233,1.49751183550829,0.01599292177920033,16,0.01966483528168613
93,-0.593584605648908,0.48282204436961296,0.015952878829268803,27,0.01506502117239892
94,-0.5744111797035791,-0.48865002592168916,0.0159101554247109,18,0.015723686621030245
94,-0.5656787355916635,-1.5073990478463068,0.01569575008322405,11,0.004522165314084889
94,-0.6226261016987634,1.4986687883415708,0.01609538984106928,16,0.018481561757459963
94,-0.5938782551591169,0.4821884630033,0.01603296065480886,27,0.019242365592049535
95,-0.5708137653954795,-0.48925959536698443,0.016032671061431695,16,0.021117018589262213
95,-0.5633220931845526,-1.5114996332631012,0.01602351294239009,12,0.014277656420370799
95,-0.6245354265282618,1.4999205203291208,0.015915507712683845,18,0.017087878294955137
95,-0.5921926033082545,0.4824366354405092,0.015936985686408195,26,0.019434072270239442
96,-0.5757871341605627,-0.49147484149696075,0.01595230565535245,18,0.017887700794279707
96,-0.5628724405062742,-1.5121198161482114,0.016101967993965835,12,0.015468151644826122
96,-0.6232680576259539,1.5004087388818927,0.016070710558146604,17,0.01673168858267271
96,-0.5900207134265915,0.4800730254155697,0.015987462527959385,31,0.020641969943607813
97,-0.5760082964040244,-0.4962995431545383,0.015987889846799497,17,0.02150865916353235
97,-0.5633220931845526,-1.5114996332631012,0.01602351294239009,12,0.014277656420370799
97,-0.6214401990881583,1.4954595899614196,0.016097157870344873,19,0.02232541599952249
97,-0.5917426384118536,0.4821311390082728,0.01600376808858943,26,0.0167761166387224
98,-0.5745722508206902,-0.49315535706050456,0.016060286396795968,17,0.022187360610713892
98,-0.5599381326757835,-1.5132094426538645,0.016101538816743408,12,0.015468005034219726
98,-0.6252351342579419,1.5000964681059796,0.015984869134787253,16,0.01460299571267563
98,-0.5941629893677128,0.4823241600431544,0.01601165019575723,25,0.015789026424760506
99,-0.5755634116359757,-0.49207428079467297,0.015868905265348288,18,0.018443144226374306
99,-0.5578470053950445,-1.5101780833986054,0.016062224392611513,11,0.014583876409365558
99,-0.616971004170532,1.498917241571298,0.016099962126577647,20,0.022447227564828753
99,-0.5935124344465347,0.4835200973261673,0.015979055791460927,26,0.017097717470191634
100,-0.5785962071567307,-0.49840242886228625,0.01593294879465035,16,0.01306873856271515
100,-0.5651520729963337,-1.5165820031336907,0.015976221734353712,12,0.015498741399454152
100,-0.6240196238924312,1.4970285663566094,0.01587089811317585,18,0.021783121559709195
100,-0.5929078447231807,0.48351586328464624,0.01598575010086844,26,0.016872812073051118
101,-0.5766029691438266,-0.4955754091003737,0.015896969233528468,18,0.020590885565657205
101,-0.5587111561611763,-1.5049503553063164,0.01538069395282873,10,0.0025137858199722266
101,-0.6247271814403691,1.4982317423458,0.016155879803539965,19,0.020146088284237387
101,-0.596081368879039,0.48298865814266895,0.016003335840094564,26,0.016278233005265364
102,-0.5757527874723092,-0.49252156301128874,0.015866094067657852,18,0.0189452654765993
102,-0.5587111561611763,-1.5049503553063164,0.01538069395282873,10,0.0025137858199722266
102,-0.6231177042069603,1.5002364312868455,0.015955006479882364,16,0.01547963665387675
102,-0.5926095200973904,0.48234501321680096,0.015984017636239068,25,0.017408948316277685
103,-0.5803597545779311,-0.498370514596647,0.01597899823357753,18,0.01791749265376119
103,-0.5524716413138867,-1.501520155761301,0.015385933935579537,11,0.0
103,-0.6201354998655885,1.4990108937793547,0.01567853265770555,16,0.01597908180202662
103,-0.5914711687531595,0.48245938373860897,0.015975524387340574,26,0.016459434291672893
104,-0.5773577189649151,-0.49484148249285814,0.015895522929909898,18,0.01788131908666725
104,-0.5644559471305047,-1.51697439991837,0.016226288029738137,13,0.015248011723342858
104,-0.6260359560282515,1.4992146893741043,0.01584620984138834,17,0.014068390468303205
104,-0.5940915656550886,0.4823221828635632,0.015968652156618367,26,0.01718563524264418
105,-0.5754873947509177,-0.49451594987969644,0.016098947060679478,17,0.021485061609819892
105,-0.5641588694592514,-1.5123181226840021,0.01616016713096146,12,0.01422813212261038
105,-0.6234254601587161,1.4981401656858837,0.015924583258195277,17,0.015620188578894195
105,-0.5945348266962451,0.4825292816633587,0.016037787892741295,27,0.016574613896645947
106,-0.5734896716938046,-0.49095851369656923,0.01585983429690415,18,0.018617916442164654
106,-0.6239274430157595,1.5002284594262707,0.016043807204440735,18,0.019192803929233074
106,-0.59366519165443,0.48175566624228094,0.01595727480989122,27,0.018043329738112443
107,-0.5739841960203397,-0.4925812362009049,0.01596354691849011,17,0.021599336776822835
107,-0.5565167351576259,-1.5035084571328092,0.01590988978894689,11,0.0035843904247888562
107,-0.6224911559350712,1.500758875959693,0.016180988406679874,17,0.016366866107853113
107,-0.5938794736415678,0.4833914025294592,0.01593996902895003,26,0.015763877294791912
108,-0.5760906802339568,-0.494158190527206,0.01583776010514116,19,0.01940153877775168
108,-0.5558398679885138,-1.5107527533113005,0.01589562741346519,11,0.015241943814216202
108,-0.618129953296209,1.496889028711024,0.015920830853525778,16,0.019488724686572315
108,-0.5945403844676223,0.48166571680928794,0.01600679039020734,27,0.017872544331752314
109,-0.574299877748196,-0.49590826483792527,0.01644684966458729,17,0.02319524335870874
109,-0.561055272544312,-1.521359206321741,0.01582203962346479,12,0.018093109806200706
109,-0.6238042187529163,1.497645078724422,0.016029941497270658,17,0.01782147682532156
109,-0.5915252254220796,0.48139761257706776,0.016006576119162206,27,0.016913041091429038
110,-0.5771363493612861,-0.4967460120919969,0.0159684448680986,18,0.02056168513319218
110,-0.5690285331939281,-1.5261788111845498,0.0161847877640643,15,0.018344971693845403
110,-0.6193443989831211,1.4971785312662216,0.01587795612687355,16,0.01892252055613301
110,-0.5902412183206365,0.48076511453730697,0.015958081742905198,26,0.017411288733186744
111,-0.5746471660274765,-0.49367854574543263,0.016060224617560598,17,0.021497962149458028
111,-0.5558398679885138,-1.5107527533113005,0.01589562741346519,11,0.015241943814216202
111,-0.6219621201533674,1.4963685192168945,0.01598261047258407,18,0.02081654817747292
111,-0.5911913781536133,0.48112069604098917,0.01593652916371597,26,0.018320450872579996
112,-0.5765049499730209,-0.4971062388591946,0.016014863418762036,18,0.02033223533383448
112,-0.5687391485643011,-1.517787467726449,0.015989082020774734,11,0.011407959835279839
112,-0.6262770995550894,1.4985489357317627,0.01613713921697285,18,0.015319380089713161
112,-0.5930220250415539,0.480788808047909,0.015921726103071635,26,0.018074767554411248
113,-0.5741233539686356,-0.4907117413268927,0.015908573471127212,17,0.019798263310506582
113,-0.5644982724394045,-1.51068179346311,0.016138069852338482,12,0.012230307300818
113,-0.6232128445930083,1.497482145626136,0.01601621412664898,16,0.01934549348681461
113,-0.5941844045032992,0.4819162875147578,0.01594210281085623,27,0.019433552558293234
114,-0.5746221808039184,-0.49350259524504553,0.015771681239962556,18,0.020542328799008382
114,-0.5738307935926878,-1.5243244003185437,0.015953077126642467,13,0.01698393794255724
114,-0.6246061123957785,1.4992343392603877,0.016215380913464732,16,0.017128006198315622
114,-0.5949942821522701,0.4828596108561405,0.015956184489059354,25,0.017982485529971493
115,-0.576945886746069,-0.49636397993072373,0.015908371919955682,18,0.020063938029541192
115,-0.558430133301816,-1.5083742858980544,0.01582942077977623,11,0.014298958090547194
115,-0.6191110231774969,1.4979717590238415,0.015827896175027136,17,0.022118203361961367
115,-0.5905265358532535,0.4821009772449412,0.015958138642735306,26,0.017068134724002003
116,-0.5745372985144357,-0.4910677179775104,0.015906347494625973,17,0.01910754737815599
116,-0.5580873116041363,-1.5074513776976286,0.01580929254420403,11,0.01427860443461061
116,-0.6187640621719924,1.4939861625489008,0.015981460727864265,17,0.020111710531742218
116,-0.5930779257846407,0.48319553519622493,0.016010318810667085,26,0.01614889980068355
117,-0.5762025468653489,-0.49631048565155156,0.015910411467960118,18,0.020286926031741166
117,-0.5592160419137953,-1.5131186049282856,0.01608870199765254,12,0.01683483307986289
117,-0.6242852235950596,1.4968165762696668,0.01599021432956144,19,0.018432575471559486
117,-0.5943558920759742,0.4832776744498552,0.015992612265955476,26,0.016914448938778408
118,-0.5764899698340684,-0.49477507262521836,0.01588114431360093,19,0.020371131248057832
118,-0.5646889698150539,-1.5255855749765996,0.015792415346962164,11,0.004111458742575345
118,-0.6219023223235689,1.4962101510999337,0.0159920617493893,18,0.01975080020574243
118,-0.5954944027824,0.484083059407954,0.01590233246143208,26,0.016757842556117935
119,-0.5750198487148491,-0.49296553330540155,0.015863596473187504,17,0.021725366086512352
119,-0.5687560176619983,-1.5240920241509819,0.016170229214950555,13,0.01839396992650819
119,-0.6164073714452952,1.4934733749150562,0.01612355898780363,17,0.022293721079027547
119,-0.5954019866268573,0.4833335309318718,0.015980096226089893,27,0.01638949753500665
120,-0.5757230153919295,-0.49174459619086297,0.0158189776611118,17,0.016881476907955023
120,-0.5632292935123389,-1.5171947747239047,0.015927487529027062,13,0.016386415188329166
120,-0.6245882926549193,1.4993582371201941,0.015902884348649192,18,0.01644308065287485
120,-0.5955429273115015,0.4843448767533904,0.01591852202778387,27,0.016187437394233926
121,-0.5753015558891857,-0.4954751326059955,0.016058469471330487,17,0.021070846534064908
121,-0.5534894110089704,-1.504287708373527,0.01543678995999682,11,0.0
121,-0.6192392353088719,1.4951650272807102,0.015973609449213704,19,0.022058214832470748
121,-0.5956648299489675,0.48329796428197164,0.015981254161543317,27,0.017264102820770864
122,-0.5727135805969505,-0.4892373584941797,0.01591393139932441,18,0.017309030426938977
122,-0.5628508983182297,-1.517640319763693,0.016070156188957945,13,0.01648697278101879
122,-0.6220546724213726,1.500613944692872,0.015942840615363336,18,0.018429597974734396
122,-0.591892374893194,0.48008458513903296,0.015974697263529312,27,0.01946685809749974
123,-0.5760055563341163,-0.49650854036941877,0.01598195840236026,18,0.020407726057053224
123,-0.5647730352759706,-1.506898120431679,0.0159419449850563,11,0.010071990228492474
123,-0.620394146174625,1.4978429715882116,0.015958646045032016,16,0.019019303873875387
123,-0.5919414948619546,0.48121122791784227,0.015984404899118326,25,0.01791956441584526
124,-0.5769276455675834,-0.4951305664861973,0.01593023585678047,19,0.019891056137510108
124,-0.5634936690209826,-1.5088528138417665,0.01567706437212454,10,0.004567977057537815
124,-0.6200456052970029,1.4936911987400283,0.01591561200873619,16,0.01931997343555946
124,-0.5962701759691587,0.48343476707351124,0.015930671017498947,27,0.017518068514576702
125,-0.5762061901058285,-0.49519537748750375,0.015881781506531755,18,0.020848176971603065
125,-0.572585791077648,-1.5229548947491294,0.015658994479595248,12,0.01489919842258537
125,-0.6245741657026883,1.4976073007007948,0.015919155011580116,17,0.017449308778103845
125,-0.5935242766134416,0.4819060890110785,0.01597993517694386,26,0.016755262876115434
126,-0.5722901340572872,-0.48685848494145906,0.015937283710571185,16,0.01665522575636533
126,-0.5643859364014858,-1.5168249316083207,0.016306678808615315,13,0.015984607381257804
126,-0.6210655691227671,1.4970673762256845,0.015925505810375985,17,0.02037651218770104
126,-0.5933839781047253,0.48306840925314876,0.01591404578522298,26,0.01632494123143627
127,-0.5741624266949119,-0.4930013392413554,0.015941535506092654,17,0.020628701522800028
127,-0.5611675917012915,-1.510961028282254,0.015912320770615676,11,0.012479895504789043
127,-0.6222526814280703,1.4950688960229193,0.015951160584786895,19,0.022357537750289917
127,-0.5888400182108666,0.48072414634091354,0.015950238788443857,26,0.017022559675940744
128,-0.5748875281404916,-0.4931001563420167,0.015978163888476747,17,0.02163111253739108
128,-0.6204091274536997,1.4967142330794851,0.01592593230279009,17,0.01979659198222597
128,-0.5935587234656802,0.4821475745889125,0.015941393645243364,27,0.018366713788028916
129,-0.5743602371333855,-0.4934035659925455,0.016050549565634592,17,0.02129063678721576
129,-0.5765026490390858,-1.5224943363448713,0.016116318392463448,16,0.017883436526196828
129,-0.6251068694418651,1.4981758404880219,0.015962607270001997,17,0.017463885524951605
129,-0.5918924367974493,0.48267498993076013,0.015948564872210927,27,0.01640482086362776
130,-0.5728952137968073,-0.4924154111887349,0.015918683467432932,19,0.020774241223883032
130,-0.5632456454382998,-1.5171654696329997,0.01618150602074105,13,0.017119810494391603
130,-0.6225811289015111,1.4980388543808372,0.015900864651481786,18,0.015663890513971684
130,-0.5942850252624815,0.4811412319580565,0.01600122492772064,26,0.016454585739372626
131,-0.5744899127118196,-0.49368785461963044,0.015995193062943502,18,0.021852027732373255
131,-0.5678464766406227,-1.50933343623931,0.01566310312515861,10,0.0040459941331181075
131,-0.6206694249494207,1.5004646960726917,0.0159485050873757,16,0.018611366135066903
131,-0.592752545468555,0.48108068484542754,0.015985346997609562,25,0.01764146498662664
132,-0.5756824818165435,-0.49205057642980893,0.015939819120450147,18,0.018506391057166918
132,-0.5673372415818874,-1.5184995573827258,0.015719209975563538,12,0.015744869998321868
132,-0.6231714040212555,1.501043334719433,0.0161341567997443,16,0.01610893590518877
132,-0.5884289495609113,0.48163769945430557,0.01590139510441897,30,0.017472935170296747
133,-0.57321933538319,-0.49045447285662724,0.01584890161228313,17,0.019111600713798627
133,-0.5674985535387838,-1.5084066589981109,0.01565169085359437,10,0.004040947417970487
133,-0.6240462394245064,1.4980454825204557,0.016109050366985296,19,0.017314922291865677
133,-0.5945424378188908,0.4835877756788522,0.01596727479860374,26,0.016637677357583917
134,-0.5762157923070123,-0.49543349649387036,0.01596331394111204,18,0.020169163616492902
134,-0.5565167351576259,-1.5035084571328092,0.01590988978894689,10,0.0035843904247888562
134,-0.6215175300754906,1.497336058769321,0.015919337403095802,17,0.018502554347143037
134,-0.5915866902566467,0.4832839095006083,0.015988275997536803,26,0.016641018161249316
135,-0.5750660240474308,-0.48992693233527973,0.015845817257061717,17,0.01962354830772456
135,-0.5726026487386524,-1.52257755601513,0.01616677171411168,13,0.018389919441442727
135,-0.6207326206543791,1.495893312633684,0.016147755735940076,17,0.017818913594901047
135,-0.5947293281325677,0.48324561722251785,0.01596457631467243,27,0.015466142945134275
136,-0.5766537786546004,-0.4967373371656579,0.015898939355619736,18,0.020090157243944255
136,-0.573282643065375,-1.5321811195538195,0.015823259765121916,11,0.0033035946537596974
136,-0.6221836381924325,1.497929403887254,0.015953652617736933,16,0.0165684751484484
136,-0.5914485778439847,0.480502496669517,0.0159682246842381,25,0.017739000518456362
137,-0.5781089313750538,-0.496284864440796,0.01596590787579963,18,0.019186779075698348
137,-0.5636854005007834,-1.531999561471889,0.015729265621326358,11,0.0
137,-0.6227809238740635,1.4991097341044357,0.015991184468968387,17,0.017264561805634213
137,-0.5950503113094576,0.48366399731067355,0.015985128610652665,26,0.018788021175406427
138,-0.5765828048801175,-0.4950052519108673,0.016033167717443585,17,0.02070804637262059
138,-0.5701640858424241,-1.5247235800847478,0.01612607465677657,13,0.01834854298539432
138,-0.6244456585528733,1.5006663676632304,0.016077438989105016,17,0.015950914095171388
138,-0.5914779231055559,0.4831778784378246,0.015911806784743514,26,0.01768658779491844
139,-0.5748332926880012,-0.49278403488489403,0.0158614505670715,18,0.02065043605605275
139,-0.5574983026366106,-1.5061554835662656,0.015216885033610385,11,0.0035750200301948912
139,-0.6231436008879592,1.4971187593675375,0.01597009702953712,18,0.01728526657749665
139,-0.5909225855038338,0.48197482819214316,0.01595104342799258,26,0.01822701336125293
140,-0.5747981191249556,-0.4907909799921583,0.01583824826015271,17,0.018691804470824497
140,-0.5687804025878006,-1.522131925304587,0.015851833484642412,12,0.015141310712091892
140,-0.6226397545525922,1.4962021850880787,0.015761094545121423,19,0.019758861630755596
140,-0.5926724815584421,0.48292941383977306,0.01587472257414589,26,0.01789163311747869
141,-0.5753035492971016,-0.4926307236892953,0.015840846282384215,17,0.02026369341996561
141,-0.5604393552877497,-1.5127549533885407,0.015916681196716388,12,0.01422547312019354
141,-0.624735373139687,1.499013389236117,0.01597809746604492,19,0.016472342192343458
141,-0.5949461649568032,0.4826136426196703,0.01591194413710563,26,0.017779438763375496
142,-0.574760846314773,-0.4935223520756937,0.01595329393426537,17,0.020591056346121104
142,-0.5606103884861213,-1.50483882568193,0.015719877553770835,11,0.005010907204219331
142,-0.6237896587017354,1.4972285767572513,0.015982918649452147,18,0.01696983005509776
142,-0.5948311108413139,0.482523263016876,0.01591536625096213,26,0.016415213567918578
143,-0.5757804080669371,-0.49537420658787895,0.016057181798187672,18,0.020921938417230865
143,-0.5575043069018119,-1.5092524596568306,0.01604425100590168,11,0.014569125187289663
143,-0.6224235631655749,1.496998897233614,0.016052133322978213,19,0.016890362908362853
143,-0.594341244723147,0.48241062812438357,0.015997513401607953,26,0.018614947230866735
144,-0.5817340361999891,-0.5012178331971694,0.016039384715752687,15,0.0035983144462195258
144,-0.569519112015099,-1.5197904137832212,0.016050972757643,14,0.018196345153127794
144,-0.6252113909929838,1.4970552176349265,0.015973169474980998,18,0.017432062591035243
144,-0.5974010618127628,0.4831420746564063,0.015956398159412525,26,0.01666224637588717
145,-0.5772021189975408,-0.49620164002845885,0.01595443610255332,18,0.019935986753342266
145,-0.5655092169981849,-1.5283276648768869,0.016150225447849238,12,0.004075891929120914
145,-0.6254188844587597,1.4981155221850087,0.015909327051953057,17,0.01632852417990536
145,-0.5942785796720693,0.4837161241255211,0.015946658331285467,26,0.015133767590920034
146,-0.574649744166016,-0.49337772342798597,0.015938157326654313,17,0.021121101651271207
146,-0.5622958809715284,-1.5114784051066414,0.016170546752880686,12,0.016495668558906943
146,-0.6238882993349811,1.4984762124307833,0.01592082699280813,18,0.019470593094911077
146,-0.5927642417674323,0.4840010938728588,0.015985503923912608,25,0.01638281951463418
147,-0.5746931549164558,-0.49325576322743114,0.015948053532560156,17,0.021068251125959565
147,-0.5576134138529566,-1.5165107220464769,0.015901789104677443,12,0.017136877050122117
147,-0.6254090646964025,1.497997634873926,0.016059023119942374,17,0.018703472514597565
147,-0.5932073239834478,0.48207111862357627,0.015963213504110122,27,0.017690857619576082
148,-0.5775703374405698,-0.4949442882581537,0.01579696891045721,19,0.017663965527561
148,-0.5647091380948009,-1.515220938211151,0.01607385363990718,12,0.014328376830422773
148,-0.6222611784615117,1.4965831622484922,0.015709680600060148,18,0.020897918999147974
148,-0.594876690294996,0.48272848205952207,0.015992041881191674,27,0.01602628005003326
149,-0.5774524714741217,-0.4961448331006929,0.015914280662675,19,0.019792456491589706
149,-0.6238815730718783,1.4989728319312319,0.015979869000255525,17,0.018549810463844286
149,-0.591634146993886,0.48123455081937605,0.015989360250585775,26,0.01850895247227006
150,-0.5757085168111434,-0.4946013688316089,0.01586474150441913,17,0.021738813972206086
150,-0.5626155889918202,-1.527097952440298,0.016348192880710603,12,0.01563278158892098
150,-0.6249881365093948,1.499289212040928,0.01603957970893108,17,0.016436345276706586
150,-0.5892862598005183,0.4806869273934937,0.015968781895778307,25,0.017118885732267452
151,-0.5766763900255103,-0.495138080297609,0.015937841677628285,18,0.020706424338133588
151,-0.5676707446031573,-1.5189558124376827,0.015645637217898908,12,0.014906620948559657
151,-0.6210257242006219,1.4993644824752843,0.016115767627795947,19,0.020064062916802555
151,-0.5913402824835023,0.48050887480720345,0.01601727920012538,27,0.01691997348262214
152,-0.5792595647376889,-0.4977202151113445,0.0159102979614155,17,0.016905618493614813
152,-0.6231477127915374,1.4991483687959777,0.016069824759607977,19,0.020265002572062076
152,-0.5940557291428004,0.482019764257041,0.0159377427480799,26,0.01563659717371417
153,-0.5730560621044455,-0.4909399072054975,0.01595025739450077,17,0.020960955227838352
153,-0.6213444728753623,1.4968609442729908,0.01592309371853661,19,0.020342803038884902
153,-0.593491740951311,0.4826096384219759,0.01603352662746788,26,0.015052049351950854
154,-0.5719782782231937,-0.4884666261375578,0.015825895633570883,17,0.02023483638795754
154,-0.5590543422911021,-1.5058723785322552,0.015397083119436241,10,0.002515268319589638
154,-0.6233551717338102,1.4979889372076136,0.015992313323414546,18,0.017855486915331398
154,-0.5952748820070546,0.48282061718646674,0.01600229126807538,25,0.015167807658902402
155,-0.5725053285185957,-0.490765760972171,0.01599609915297668,17,0.020931720111119594
155,-0.6236197251510922,1.5008950111614554,0.01606245148292672,17,0.015754017698586385
155,-0.590773841848134,0.48323000645767483,0.015914173646184138,26,0.01598317879128805
156,-0.5745936123771341,-0.49370904110873853,0.01584877148976905,18,0.02094513354898618
156,-0.5705288933478917,-1.5222735408893655,0.016128566255108837,15,0.019819466003043785
156,-0.6207888759056401,1.49518875835292,0.015977834730901957,20,0.02117692027653587
156,-0.5914063921180392,0.48144222700089406,0.015896468782829153,27,0.016436947121642582
157,-0.5760306148245415,-0.49446259394133935,0.015791269071719287,19,0.0204893259417565
157,-0.5690391860013373,-1.523693430197983,0.015966078212116583,13,0.019049365557281213
157,-0.6221597072828359,1.4992699772685385,0.015847410035061855,17,0.01492178312105877
157,-0.5901116410318984,0.48111135983246855,0.01585233429630101,25,0.018005508846845555
158,-0.5747215211958006,-0.49239418173540006,0.01577879050893432,18,0.01988091885857954
158,-0.5589713473467336,-1.5163905780559361,0.01578163018777316,12,0.01812176939055564
158,-0.6241649445812838,1.497022270547871,0.015839650329134987,16,0.01747145965849309
158,-0.591836086902889,0.4810781788321965,0.015888392874452914,25,0.016386845834667783
159,-0.5723104431879036,-0.4878403096144995,0.01581499535761453,18,0.01758854271311987
159,-0.5677152174824294,-1.5153213002714125,0.016377349154113593,11,0.012222534643223322
159,-0.6216037622970269,1.49631011254397,0.015913604786358924,18,0.01811186417439879
159,-0.5918811738539558,0.48187070021549117,0.01598468273351544,26,0.015154842674125299
160,-0.5786244862009773,-0.4973459947337204,0.015930583177142393,21,0.015363185225378731
160,-0.5571611124483281,-1.5083182188917528,0.016030273227645903,11,0.014551613454892963
160,-0.6185001234727384,1.4974335640093996,0.015990316720664297,17,0.0207090561121797
160,-0.5914671244357762,0.4802341198267398,0.016016894861463696,25,0.017173447980230204
161,-0.5732828966852413,-0.4909000331175339,0.015870134262844195,17,0.019623693521025644
161,-0.5571561702089772,-1.5052331454317358,0.015200482653607095,11,0.003573212106290214
161,-0.6211612524327993,1.4959803301770664,0.015973352255913172,18,0.020616945805947817
161,-0.589633328223308,0.4793027320601134,0.016035055682168432,25,0.01641383144986569
162,-0.5753224055801477,-0.4927889194718626,0.015912697914199227,18,0.01978636812304399
162,-0.6231150398113364,1.4973918777215582,0.01610154402035432,18,0.020699602788229795
162,-0.5892374945018123,0.47848339393664235,0.015991567869441354,32,0.01917443868289359
163,-0.5742606122016932,-0.49124992355165203,0.015847810962114267,18,0.020364285974135036
163,-0.5567006540982451,-1.5313151737701483,0.01568728054275745,11,0.0
163,-0.6243635352138356,1.4969118420809027,0.01595494102863976,17,0.016974926806830996
163,-0.5930109959118841,0.48191606494708566,0.01593585474615617,25,0.015451489671139011
164,-0.5737280320612762,-0.49231195643238423,0.016059858636924343,19,0.022241235636361958
164,-0.5610624194278745,-1.5340452898638977,0.0157468441210161,12,0.0
164,-0.624377263079253,1.4970735407884883,0.016101946337281882,19,0.017652067068581002
164,-0.5950158482393503,0.48152103098472426,0.016033456800144247,25,0.015925983579410146
165,-0.572762690375125,-0.49256304076050955,0.01589261341458915,18,0.021691551700786522
165,-0.5707558126811154,-1.5204039139359216,0.016157705422532503,13,0.0187242534615254
165,-0.6251806239820715,1.4979518497697497,0.016082313720461816,19,0.01812290686567486
165,-0.5917392637225397,0.4827440087425638,0.015980184869078085,26,0.016283581128706665
166,-0.5746900125852236,-0.4937113226199927,0.015956222998561965,18,0.02150151888414531
166,-0.5688881548313162,-1.509879911440044,0.016002441752314734,10,0.004036277456397005
166,-0.625720396109374,1.4979218672203005,0.01604368721837671,18,0.016348676939175986
166,-0.5924159084404228,0.48274522030769035,0.01598384772707094,27,0.016142031350580066
167,-0.5738917138501511,-0.4936629122700913,0.016054262809690405,18,0.021478637659867055
167,-0.5721251260438449,-1.5195381741697798,0.016064980811717682,14,0.019573788750347987
167,-0.6215645697367113,1.4963651970301695,0.015981263443441272,17,0.019491548013266417
167,-0.5888283841265437,0.4803056081145882,0.01596358746761308,25,0.016491374349942887
168,-0.575132554102417,-0.4936660679098245,0.0159149149722803,17,0.02066135861321476
168,-0.5564163289769426,-1.5123489988908585,0.015171993538430819,12,0.015384419310783494
168,-0.6243464775064846,1.499461649022329,0.01602151694640889,18,0.015313848092774663
168,-0.5920923886509265,0.4818399344740001,0.015938829405990822,25,0.014851867514763705
169,-0.5764071760644555,-0.49413313451536656,0.015975337472213753,16,0.02000137090484759
169,-0.5593116913001906,-1.529259271182285,0.015650339181519517,10,0.0
169,-0.6179865757941705,1.4907888632088515,0.01601756737531904,17,0.02194469288447019
169,-0.5930266878910032,0.4823285102871485,0.015928880803534193,25,0.014931925062652908
170,-0.5725244297012065,-0.4910854366866436,0.015973040063394752,17,0.021361672350623116
170,-0.5708269396065556,-1.5185083212151416,0.0160443470292525,12,0.017717751980033444
170,-0.6192288333908168,1.4956922628801428,0.01602466725830331,18,0.023239544378241495
170,-0.592161724531239,0.48165865837026306,0.015950466708957427,27,0.01635592655895017
171,-0.5741884687760904,-0.4929585044251462,0.01598554694801674,17,0.02127748176086241
171,-0.5575043069018119,-1.5092524596568306,0.01604425100590168,11,0.014569125187289663
171,-0.6248582827282024,1.500649097754042,0.016364745430193367,17,0.01312534897282856
171,-0.5918244724291405,0.4822741913892719,0.015963219881222103,24,0.016339472321116853
172,-0.5757385447604539,-0.49504321105654325,0.01610933590926699,19,0.02166823176207226
172,-0.5583384717827262,-1.5048393399735085,0.01619920462907614,12,0.004280130653108346
172,-0.625202088929696,1.4990732307183063,0.016065202256959933,17,0.015696676704756794
172,-0.5917542424676309,0.48161871462368444,0.015937264753701046,26,0.01719684237765451
173,-0.5733420032252193,-0.49518646070408184,0.016312794490167905,15,0.021510256445025824
173,-0.5565563867972202,-1.5185514469456352,0.015911631864106886,12,0.021629497124426626
173,-0.6212545045200125,1.4983758807983099,0.016170827499295947,17,0.01848820514415369
173,-0.5894621741096614,0.47984810440561243,0.015954040767236412,26,0.016934439484274044
174,-0.5745830302067714,-0.49499730297046113,0.015883474663701044,19,0.021617369502431157
174,-0.55788792310345,-1.5039519388299274,0.016104576469675103,12,0.004338761250864252
174,-0.6209194810756606,1.4970703111093622,0.015872075480727776,17,0.018619534262209154
174,-0.5932014895592136,0.482046434367938,0.01591210215401225,26,0.0162396501700049
175,-0.5753320078187449,-0.4924047236507715,0.015874179410043886,18,0.020744163042478544
175,-0.6238709705502964,1.4984968552784996,0.016052147614854514,16,0.017065931441502473
175,-0.5901027536407477,0.48087482367410783,0.016007211470200875,27,0.017811096417707523
176,-0.5755907155308183,-0.49466140010621673,0.01585892293263352,18,0.021312312799676075
176,-0.5697085656299574,-1.5236523716101844,0.016000719310671103,13,0.01704729328163208
176,-0.6214959763642312,1.4915684309825687,0.015796632460959244,19,0.023038573885517777
176,-0.5932490681646646,0.4816446919498237,0.016026083910000093,27,0.01702831843979411
177,-0.5725523385066731,-0.4923327904471105,0.015945446513170668,17,0.021928819629114065
177,-0.5643947889464663,-1.5136171374378575,0.016082766263074685,12,0.01445072130663217
177,-0.6245938577310594,1.497855423716406,0.01606048190685436,18,0.017301455929630588
177,-0.5923283234389863,0.48165109621436886,0.016024997889600073,26,0.016176497841530614
178,-0.5740864481599062,-0.49141075381792243,0.015942468524397235,18,0.0208518963823064
178,-0.562570145407955,-1.514336053404517,0.01605140191282369,13,0.01597442529638845
178,-0.6251794928129938,1.4978974396970133,0.016045143398486658,20,0.018991838662105447
178,-0.5921131162199903,0.4819302679110074,0.015952012874172326,25,0.016139036253884777
179,-0.5742470355914152,-0.4938831878819873,0.016033249669144944,17,0.021716660404258317
179,-0.5562505997337078,-1.5117273988528852,0.016344912255195042,12,0.017216855389373138
179,-0.6251785785342552,1.4959834863890986,0.01590564522313223,18,0.015185793801687003
179,-0.5908877410292199,0.4812445216580227,0.01596635331824933,26,0.017105989406075713
180,-0.576530085033519,-0.4925920150500917,0.015915724186496977,18,0.020214114769354155
180,-0.5564113327149047,-1.516805441204347,0.01554908312207079,11,0.018110649845140502
180,-0.6248120430337578,1.499950719916456,0.016040488888545455,19,0.01644749071831934
180,-0.5919172221315092,0.48238357977315566,0.015945856212584323,25,0.0165159950579407
181,-0.5757076314251701,-0.4904286567861352,0.015883861572997232,17,0.017852804155075078
181,-0.567117426659188,-1.5281621924554643,0.016195922714338524,12,0.0048835972779904735
181,-0.6247004669441739,1.49904793989284,0.016120276439951568,17,0.019823700697797406
181,-0.5899884589104958,0.48104241441528767,0.0160150662755129,25,0.018850786385294412
182,-0.5738443580248173,-0.49184448839828815,0.015860622701873186,17,0.02003519607796668
182,-0.5591069106232429,-1.512540337375561,0.016001755176232757,12,0.018192919941816363
182,-0.621345996363963,1.4947745059649522,0.01595361096983579,19,0.022291147896543087
182,-0.5953984615875155,0.4823571478669113,0.016009783625253193,25,0.018808980920537174
183,-0.5721064324480825,-0.4910005608538235,0.015874266920291705,17,0.022313175462808345
183,-0.5656482258422707,-1.5090743072951278,0.01587670695993891,11,0.010256982486879333
183,-0.6205128036022967,1.4959289759943262,0.015902611592352005,18,0.0209333464276
183,-0.5942326932161864,0.4819319451204807,0.01600874787216038,26,0.015662101123916868
184,-0.5715353007928512,-0.49243480608776796,0.01613138321260778,17,0.021693797263031146
184,-0.5659042199620391,-1.5185083447293537,0.016002471070645296,13,0.014034157782961498
184,-0.6195292297528614,1.4988401902726805,0.015956778565834485,16,0.018991247947744445
184,-0.5930543287086338,0.4825628139148515,0.015968343585705366,25,0.015380935726511414
185,-0.5734864322520455,-0.4934743254251852,0.016008006697064137,17,0.021727284091097223
185,-0.5598926614061448,-1.510999122995203,0.015733921105730502,12,0.013323412342270968
185,-0.6227989678742654,1.4966109947084536,0.01599794848722657,18,0.017112538790784396
185,-0.5932621359018262,0.482148056818792,0.016024182682026687,27,0.016383277424968538
186,-0.5767350007589935,-0.4935864738697187,0.015874548798603543,18,0.019792805803981527
186,-0.5641588694592514,-1.5123181226840021,0.01616016713096146,12,0.01422813212261038
186,-0.6269760632112666,1.4989691137772305,0.015927962103120627,18,0.01582998943431679
186,-0.5917739253427073,0.4817333897498722,0.015978749481146158,25,0.01617718958485171
187,-0.5744562426220746,-0.49206687212935035,0.015890902884921496,17,0.019852914447936673
187,-0.5648193461081392,-1.5102188713992235,0.015927487112436415,11,0.011379839505817868
187,-0.6235950191729217,1.4996475835776544,0.016125517693853758,18,0.017403439496971592
187,-0.5938236442486481,0.48163281697628185,0.01603833066872674,26,0.017607403009496227
188,-0.5754178315403657,-0.49527028742547147,0.0159806352710623,18,0.021895980037457626
188,-0.5622087359032771,-1.5153327885476207,0.01605358595392421,13,0.016866298683591772
188,-0.6219898141520922,1.4959200901697602,0.015906167738221334,16,0.018092774479437957
188,-0.5955419793224965,0.4820569622337632,0.01594393645764824,26,0.016573312477218393
189,-0.5738167480418402,-0.49044122497193665,0.0158183868596072,18,0.019857483849652014
189,-0.5633406188137502,-1.5310585046650973,0.01572657944345534,11,0.0
189,-0.6086501376981035,1.4963311366232186,0.016035800715136505,10,0.0043093500106745
189,-0.5936268754618178,0.482917207798983,0.015928081357145737,32,0.016768665021135234
190,-0.574067923706926,-0.49138172963559273,0.01590459431285931,17,0.019685474404480225
190,-0.5531464168681913,-1.5033506530561371,0.015434718308637881,10,0.0
190,-0.6228775715984957,1.4995917045579634,0.015978505538717457,18,0.015777110604895967
190,-0.5934918548111211,0.48212595482597626,0.01595018530367187,27,0.017238874676869916
191,-0.5774075145483487,-0.49456400266708206,0.015975637127643258,18,0.020071900106636946
191,-0.5663735102462067,-1.5092509729992472,0.0157196097958784,11,0.00453069771570617
191,-0.624747184959368,1.4992800551718908,0.015913364065221373,17,0.015735865380325557
191,-0.5934796037143473,0.4828615943371407,0.015957791095408905,25,0.016675201068013134
192,-0.5741057081770022,-0.49161266235152795,0.015992663466550493,17,0.022240165108660368
192,-0.5598926614061448,-1.510999122995203,0.015733921105730502,12,0.013323412342270968
192,-0.621267126771012,1.5010468044774035,0.016091553295657056,19,0.017699748100234856
192,-0.5948392258119051,0.4835911470514652,0.01600465648722795,25,0.014679604886716472
193,-0.5758641404523587,-0.49372094908334313,0.015843113282490596,19,0.019973550678487474
193,-0.564776254736774,-1.516744146338191,0.01637857276382137,13,0.014057568975108185
193,-0.6241414038194886,1.4986369372596386,0.016117465465866593,17,0.016671647988126773
193,-0.5924942077627453,0.48313237715708224,0.016026658608588124,27,0.014826618287073389
194,-0.576103668926266,-0.49315751209493197,0.015938441611907862,18,0.015335009718050133
194,-0.5664158393049673,-1.5222825110286593,0.015788313603731893,13,0.013969525983349473
194,-0.6242191302773636,1.5011254979027018,0.016133438408775957,17,0.01648896074501632
194,-0.596096454356436,0.4834295176013494,0.016000470917001217,27,0.015438569743740957
195,-0.5720616437436744,-0.4894047212908161,0.016018478559896163,16,0.01971416136801367
195,-0.5678464766406227,-1.50933343623931,0.01566310312515861,10,0.0040459941331181075
195,-0.6233452189824534,1.4986151974422268,0.015971763829501065,19,0.01980737069274034
195,-0.5963281410725476,0.4834296787193846,0.015940360909528294,26,0.015046152718714272
196,-0.5738854819825372,-0.493229140811287,0.015963358419115448,17,0.021080291278437576
196,-0.5641933190298158,-1.5112657058653598,0.015897579789039076,12,0.012547777959836151
196,-0.6162266922794156,1.4922373969761538,0.015931918384485943,17,0.023109083903495285
196,-0.5929943814910742,0.4832426179203719,0.01600084968793869,26,0.015917570738165333
197,-0.5761217009766215,-0.4967767521914719,0.015980276130083626,16,0.018896791062323982
197,-0.5595151398657895,-1.5041302940662566,0.015889186530485957,10,0.004172579370389
197,-0.62491891490777,1.49805993067638,0.015957906994758925,17,0.02017319027753142
197,-0.5932856446414613,0.48270469692892104,0.016034514285414615,25,0.017461327022166438
198,-0.5714033318612145,-0.49012673680463287,0.01596960508013953,17,0.019790124724548348
198,-0.561739011200206,-1.5041539905643833,0.01626158007023343,11,0.004121087227755384
198,-0.6220593765517478,1.4984063490314854,0.016078927962310762,18,0.019443281761765067
198,-0.5927599872040135,0.4822298893844869,0.015957249143983884,31,0.019558684659704385
199,-0.5764175597795816,-0.4952209137789706,0.015843291174643268,18,0.019122360788164327
199,-0.5569553452921967,-1.5046926050029457,0.015591594655644265,11,0.0037737682431168273
199,-0.6239618188865194,1.498425509111177,0.01589809802081622,17,0.019397205190126793
199,-0.5927426191245627,0.4826973704248198,0.015933781996915822,25,0.015689511854182884
200,-0.5778029186317775,-0.49406996965677297,0.015858682171078154,18,0.019190856149375494
200,-0.5565914761289933,-1.5128305916828326,0.016261180827903385,12,0.0171596888374827
200,-0.6211635498746839,1.4982188517314103,0.01605807999037718,17,0.020146893637022118
200,-0.5916925882069496,0.4821030804025582,0.015952117227886305,25,0.017123570819467835
201,-0.5749099971690054,-0.4913653667895872,0.015750714172767164,17,0.016611952059351252
201,-0.5718732521757109,-1.5236098856435456,0.016177337939858757,14,0.019298778995363416
201,-0.6216571759363364,1.498647833093802,0.01602184627974812,18,0.018809054282131216
201,-0.592386180009281,0.4826798145519197,0.015973583516127283,26,0.01651910178161778
202,-0.5749445582137597,-0.4935716102622878,0.015989529235584166,17,0.018903023238985465
202,-0.559663428896539,-1.518268420928081,0.0158118696056862,12,0.018160690771071675
202,-0.6221889878174837,1.497585503425813,0.015970549443560862,18,0.019785463053836334
202,-0.5942970652582498,0.4828003473607345,0.016015574530050918,27,0.016587948639702425
203,-0.575826112793102,-0.4952182633398819,0.016006485284762145,18,0.019121471496627757
203,-0.5657155592821048,-1.5139749403000344,0.016291118944812923,12,0.013014630639712631
203,-0.6220958285801005,1.498106898281616,0.01594527727004446,18,0.016439474136487213
203,-0.5805387110851616,0.4761168619029811,0.016002291922024594,14,0.01192130710819533
204,-0.5776906431278247,-0.49415693628193924,0.015927736021990043,18,0.016808622515013947
204,-0.5574521934668251,-1.5117702503071464,0.015479363824992001,11,0.01537412231276828
204,-0.6234024715087223,1.4984418725775586,0.016066460881340096,16,0.015064629420997712
204,-0.5898217116198146,0.48060593181892075,0.016022906021116487,25,0.01776116520241046
205,-0.5743666539859285,-0.4926188110944442,0.015982283545329767,18,0.018275276253144707
205,-0.5677763497930005,-1.5109240862587725,0.01597134582737448,11,0.004120539138293434
205,-0.617377205657229,1.4927488826024171,0.015838487737588627,18,0.02161361660301295
205,-0.5913675203040505,0.48396816528190845,0.015960915193912455,26,0.0174273960893851
206,-0.5764653392140284,-0.4937314449601742,0.015896488826679506,18,0.02069545998854043
206,-0.5645677675512822,-1.5065216324685713,0.01576143751624629,11,0.005025093489191352
206,-0.6222376153735226,1.5009266246345963,0.015874495318321094,17,0.01586222629000288
206,-0.5932673876457352,0.4796254011334765,0.015918899931284317,19,0.021203369544151918
207,-0.5751779355025247,-0.4927617423779409,0.015927616122763607,18,0.019439182322394995
207,-0.5746394682667285,-1.523001379661345,0.016093275102997108,13,0.017137514066555504
207,-0.621451409139101,1.4939483690502677,0.016057411077836682,19,0.020216032131964434
207,-0.5847807190858595,0.481535140969568,0.016092911970378647,21,0.016529299965447376
208,-0.5751788663079734,-0.4949162835442469,0.016029578846924845,16,0.020358268883343543
208,-0.6226780391414863,1.4962922309700046,0.015890001141064723,19,0.019941690764780445
208,-0.5928074202537303,0.482177864413329,0.0159626560211237,27,0.017207561477357084
209,-0.571994593228763,-0.4887411580964079,0.015814879457888235,17,0.017267992951712365
209,-0.5584413198854736,-1.5119631580832673,0.01555861791074534,12,0.014662051576739018
209,-0.625348989582876,1.4995728236585268,0.01596492312704352,17,0.015629434820095066
209,-0.5917437980373381,0.48210439424422374,0.016036318953809386,27,0.017545425090975692
210,-0.5751795533631744,-0.49466683430744907,0.01614809473581972,17,0.021797522874082334
210,-0.5574983026366106,-1.5061554835662656,0.015216885033610385,11,0.0035750200301948912
210,-0.6250471562057318,1.4992175694053655,0.016271645928243206,17,0.019073060247203975
210,-0.593740726449136,0.4831475654221206,0.015899771093034143,26,0.019274634942547757
211,-0.5739515047820104,-0.49211573223016136,0.01609901390367319,17,0.021297269076515742
211,-0.5688917491663407,-1.5121108177714662,0.015698968444136634,10,0.004058252415502632
211,-0.6236425445363659,1.497940986481736,0.016040851068288262,19,0.019562494326005375
211,-0.5923687128596304,0.48075377858580937,0.01594091259730146,27,0.0182690733193257
212,-0.5777535315552892,-0.49532545805349987,0.015916535520668646,19,0.016388497124127707
212,-0.5621957482907745,-1.507853867457857,0.016685877539836233,11,0.004974485784152592
212,-0.6263860584112623,1.4986801090227115,0.016037913543611896,19,0.01733956670339094
212,-0.594091193739677,0.48287718549020625,0.01596890417383125,27,0.01761595661237034
213,-0.5726207910879024,-0.49129633602471273,0.015986835560380157,17,0.01939059480273472
213,-0.5706760982841267,-1.5253478879172933,0.016289856445144836,13,0.01860685523791879
213,-0.6258431461723922,1.5001029589624824,0.015998767244540912,16,0.014874295696911505
213,-0.5896184105320061,0.4814214799065669,0.015958242236106843,26,0.01732558150999679
214,-0.5750895049629017,-0.4941597575730244,0.015858337238087102,18,0.020726189436445275
214,-0.5719666056365719,-1.5224996919755673,0.01609234442774009,14,0.020732849017473024
214,-0.6179040264339294,1.4966370222266792,0.01596994158775467,16,0.020049828102913714
214,-0.5941964312533881,0.48365004036216525,0.01589520181241944,25,0.016182911661715788
215,-0.5757546592585912,-0.4949103912631613,0.015916774061516568,18,0.0206964252787564
215,-0.5722980987051385,-1.5221303651824578,0.016207286741785926,14,0.020172635793575342
215,-0.62314362497783,1.49683725629048,0.015953481821504346,17,0.020004489495487797
215,-0.5918486963653199,0.48335903925530616,0.015972893761745217,25,0.01697450483980456
216,-0.5720919485220871,-0.49042932330019107,0.01588211570537994,17,0.01975973387405537
216,-0.5584902715326184,-1.5054704593647363,0.015642532685239862,11,0.005154460055716526
216,-0.6209986237360504,1.496525858406312,0.01589883211911899,18,0.02031776618179134
216,-0.5937202141653807,0.4832823953853275,0.01598878885800172,25,0.018339289023198143
217,-0.5765676993338565,-0.4966892306390254,0.015938363152694666,18,0.01986482197269333
217,-0.5589540928013483,-1.518869597029448,0.01585412763388847,12,0.01821283875849097
217,-0.6242030506379928,1.4998963269205294,0.01592269475240932,17,0.016735811238467138
217,-0.591630238113087,0.48255481911736375,0.015878575915631285,25,0.01701216584097171
218,-0.5712525363197314,-0.49043059702204433,0.01599082113810255,16,0.021767951510984797
218,-0.5699358751030873,-1.5126572760663934,0.016038242478119264,10,0.004047013530290326
218,-0.6237916005859646,1.4978334124334571,0.01594514241951075,17,0.019045146453598383
218,-0.5913513064125893,0.4815617717308309,0.015949391902142552,26,0.017774120547163305
219,-0.5725110011876685,-0.4902765393181652,0.015815888328465894,17,0.016917465962413714
219,-0.5614365521674656,-1.5044543555515273,0.01618170597593083,10,0.005143951274648581
219,-0.620778052356782,1.4966853661866233,0.015931963984464916,18,0.020469388769729105
219,-0.5929485029435256,0.48205195998317873,0.01597213840048469,26,0.01854779465046349
220,-0.5744412449588634,-0.49170556770280294,0.015880764398334857,17,0.01925681524750387
220,-0.5648713503543726,-1.5166728118304142,0.016268581400831546,13,0.015323735951879035
220,-0.6181581948050353,1.4972075630130577,0.015941500247553194,16,0.020125954339543117
220,-0.5932734660894129,0.48282681654872805,0.015946165465016957,27,0.01689778021434773
221,-0.5794638814694157,-0.49772097016617756,0.015971120484682334,17,0.01598792050249469
221,-0.576511224506904,-1.5245590376003149,0.015640539652336277,12,0.015050242693673124
221,-0.6130375871938745,1.492422964005652,0.01607144631019167,17,0.022726535303193175
221,-0.5940886043785385,0.48327465610378084,0.015954543623204153,26,0.01749477953250676
222,-0.5766430094977031,-0.49462306499397424,0.015979043784817827,18,0.02057147236705616
222,-0.5601845473005017,-1.510110443938457,0.016186492246296622,11,0.013568942999164967
222,-0.6251439782445136,1.4989143153057625,0.016020631885078934,18,0.019249318867599008
222,-0.5962136457387116,0.48345756029892556,0.015950944898417842,27,0.01778251872647442
223,-0.5752282691128652,-0.4945485153638537,0.016056612400370405,17,0.021234113794274766
223,-0.5574983026366106,-1.5061554835662656,0.015216885033610385,11,0.0035750200301948912
223,-0.6236599846336582,1.5006796848656694,0.015971875035649084,16,0.018391824245885084
223,-0.5970520661704272,0.4834323430093844,0.015994899184056725,27,0.01796519724451179
224,-0.5746205435886083,-0.48969557583184903,0.015867216797663748,18,0.019123384114759057
224,-0.5652710044416946,-1.5118551550606643,0.015738344499941256,12,0.010356694572272998
224,-0.6217666454169027,1.495873615305999,0.015937020380789244,19,0.020391466611090692
224,-0.5948345049296765,0.4833439028144916,0.01594696520442369,26,0.016981895177648573
225,-0.5814380428151834,-0.49897627644693143,0.016006988341580767,16,0.013332127175515598
225,-0.6217975693260284,1.4985781632394493,0.015764573557019313,17,0.016759730696986958
225,-0.5946680437500486,0.4836840304671978,0.015941830821113466,27,0.016298073507010888
226,-0.5743433890752724,-0.4924155677198131,0.016107771542664174,17,0.02186747970836789
226,-0.5620972286335283,-1.513568731436644,0.01575027419885038,13,0.015797061563759037
226,-0.6221582467091542,1.4963298346992913,0.016010120773026663,19,0.023641667725891886
226,-0.5954794518989005,0.4837255251145285,0.01594139853261134,25,0.015470311123750599
227,-0.576223956976556,-0.4943702874510119,0.01600369579082401,19,0.019466332167828303
227,-0.5598926614061448,-1.510999122995203,0.015733921105730502,12,0.013323412342270968
227,-0.6235712257876406,1.4999315182329043,0.01613667808648406,18,0.019610104562602437
227,-0.5924135197399357,0.48323336074292705,0.01594878287141051,26,0.018029280849490435
228,-0.5787299993631666,-0.4973007161345435,0.015783883668874673,19,0.018935387479361316
228,-0.5597999693753587,-1.5098724772150587,0.016041184487157377,11,0.013790253156164726
228,-0.6234198851899891,1.500540302166664,0.016035080355132816,18,0.01633091846095309
228,-0.5875974551183412,0.480726744863439,0.015912219123378635,25,0.016311999291751426
229,-0.5792038461907855,-0.49531427238227227,0.01578838784276668,19,0.016119960601266074
229,-0.5668863387887718,-1.5138379533138824,0.0162897371040117,11,0.013030455238044922
229,-0.6235817528343287,1.499958746207982,0.015963024165797264,17,0.01675555208602206
229,-0.5964579636723106,0.4837555247220331,0.015985395191898493,27,0.016180878401561766
230,-0.5749076769793767,-0.4907284549585339,0.01578331857114179,18,0.016844008171926383
230,-0.5598926614061448,-1.510999122995203,0.015733921105730502,12,0.013323412342270968
230,-0.6245172472061432,1.5016707545169234,0.016096326822615924,17,0.014866478235633902
230,-0.5913373030470035,0.4816994849930726,0.01598619402865302,26,0.018656335886354042
231,-0.571654719378893,-0.487799873083644,0.01579705933500504,16,0.019154701631495043
231,-0.5586249411683543,-1.5126916485373492,0.01633764269082817,12,0.017022883527209785
231,-0.6229198414191939,1.4989364876257298,0.015991833816696707,17,0.017259825383819916
231,-0.5924806894201473,0.4827167415454225,0.015929671362094104,26,0.017427280502158658
232,-0.5725007676080996,-0.4897740409601072,0.015824011975162033,18,0.018345407470155603
232,-0.5624720320698237,-1.507230020533225,0.016222853697189857,10,0.0051605114210641675
232,-0.6233689266414417,1.499149769063383,0.016092434068443077,17,0.015518210990820937
232,-0.59276957570493,0.4822869893904109,0.015974721815910777,25,0.017133696003110342
233,-0.5742720564354009,-0.49197139879871027,0.016004380710932044,18,0.019997773667398664
233,-0.6224539477744405,1.4986154878900622,0.01605609703189923,16,0.01707784210010053
233,-0.5965838838347425,0.482941885495244,0.015962086950048686,27,0.015898805635789093
234,-0.5747851764579478,-0.4925116545641147,0.015810030483084023,18,0.01814040950029447
234,-0.5578470053950445,-1.5101780833986054,0.016062224392611513,11,0.014583876409365558
234,-0.6259793342421534,1.4983109431881863,0.01598251114140457,18,0.018650492016255495
234,-0.5941674051627636,0.4837490196129986,0.016011711900867892,27,0.01697274248157991
235,-0.5711555710358581,-0.48717870536804986,0.015868112322611032,16,0.018240230363408483
235,-0.5571561702089772,-1.5052331454317358,0.015200482653607095,11,0.003573212106290214
235,-0.6245467645293936,1.4999153798200824,0.015870618135909863,17,0.017874110370739812
235,-0.5914704581229396,0.4826859029937491,0.015951279785507623,26,0.01816959213343463
236,-0.5727470500166002,-0.4908349434409418,0.015979977922672656,17,0.019552812956001867
236,-0.5586754254549884,-1.5192431511440099,0.015319070287988493,12,0.01668100485542263
236,-0.6202349297930588,1.4973506998553503,0.01601923744846757,18,0.021297168647306196
236,-0.5921170569642371,0.48403115029676674,0.015955668061715635,26,0.015344422553400273
237,-0.5761559158407146,-0.49724475837692916,0.01633357489970196,15,0.01835153276319926
237,-0.5611206822460714,-1.5100243641980597,0.01607836381891538,11,0.014600000880858558
237,-0.6244573345009041,1.4960314117518483,0.015958826632292162,18,0.021426727796242457
237,-0.5924761240537146,0.4846572487316575,0.015931299771073878,26,0.015567078351043248
238,-0.5730115567574255,-0.49103104320735835,0.01590762973209581,17,0.019487063467205648
238,-0.5647040009324825,-1.5178218814580935,0.016263401743653053,13,0.015861532574286005
238,-0.624253577317658,1.49812702709151,0.01593774443838027,18,0.020138067042241498
238,-0.5934950262916474,0.4795122713111428,0.01600954762280191,30,0.019367145446302074
239,-0.5719012518241322,-0.4879049401603223,0.016021296474370565,16,0.018646763165234382
239,-0.5706796676175073,-1.5227820199450606,0.015983970891453876,12,0.01809079551409261
239,-0.621506165153273,1.4984192939375975,0.015898224318470683,17,0.018632718162608683
239,-0.5921940925765433,0.4826042641002452,0.015967569075999565,26,0.017567379689408694
240,-0.5747569186440767,-0.4909334354731572,0.015918359519997018,17,0.018808117301029194
240,-0.5565914761289933,-1.5128305916828326,0.016261180827903385,12,0.0171596888374827
240,-0.6215978688278574,1.4979502504478863,0.015873503610405734,17,0.017395267452869637
240,-0.594424073353962,0.48265443157229543,0.01587061870731891,26,0.017469916428761292
241,-0.576770163617775,-0.4962545784467981,0.01600806255867144,19,0.02094750660507397
241,-0.5571234098003877,-1.5158537766944231,0.016035561078128317,13,0.016989284399539055
241,-0.6240278968769939,1.4996714596639873,0.016053933476500172,17,0.016876933232143822
241,-0.594815524114221,0.4821438086835663,0.01593169100030944,25,0.017154837273505235
242,-0.5741273165396287,-0.4922115720649754,0.01603675354673077,17,0.02102790589699092
242,-0.6203596680768836,1.496208823046272,0.0159943972837085,17,0.019964808015328316
242,-0.5903376842186184,0.48156072102127045,0.015933022320968115,25,0.017798828042957637
243,-0.5753828603770436,-0.49565315105930136,0.01629051542832681,17,0.022121323952984318
243,-0.5660763563979053,-1.517252703161748,0.01639405886759997,12,0.014258662335490377
243,-0.6250886423531805,1.5011428835077325,0.016033107116899224,18,0.01653630050975345
243,-0.5905355903950932,0.4801624294388354,0.015845097794049346,26,0.018703125326546815
244,-0.5727444329593334,-0.49062762952485295,0.01588793243687846,17,0.018582651019572724
244,-0.5618856941958639,-1.5123487604127028,0.01574416137025098,13,0.015704040085844206
244,-0.6107479393624423,1.494961434965233,0.01606017641098611,17,0.019619992377087645
244,-0.590711248943453,0.48093507529164115,0.015910969749754773,26,0.017489517367952942
245,-0.5728358209254124,-0.49220903432545915,0.016052441685301674,18,0.020915012498032896
245,-0.5792556940193939,-1.531624578865628,0.015970181378387245,11,0.016620269588934443
245,-0.622777480391169,1.4979919348491009,0.015996477863329386,19,0.01954817855708726
245,-0.5959856330781613,0.4835796279773512,0.015968556937217337,26,0.016212413520882468
246,-0.5770960973522016,-0.4947444501437186,0.015943351778271615,17,0.021125503303215845
246,-0.56393232550181,-1.5117648330914466,0.015691767578135996,12,0.012748562533996715
246,-0.6247768366872681,1.4985022123481095,0.015911082627818894,17,0.017481682705781175
246,-0.592623755555196,0.4834572176318551,0.015996406518344927,26,0.016625950328776617
247,-0.5758790917248952,-0.4948544017273279,0.01592105781214373,18,0.02094259717442804
247,-0.5617680247228354,-1.5139638890588605,0.01586304783092226,13,0.017703776865679335
247,-0.619772153307276,1.4958152804343592,0.016032003186331984,19,0.024284405693616545
247,-0.5938063770213154,0.482776268615906,0.016019179867886625,27,0.017816580820090633
248,-0.5754233356398037,-0.49512820615475894,0.015947027658033228,18,0.02106651519998145
248,-0.5692398788536489,-1.513033848751119,0.015713659354078285,10,0.004064145839469029
248,-0.6232720328168846,1.497337151665515,0.015964324012138147,18,0.020226662795351687
248,-0.5913155223913336,0.4825460662760105,0.01594910212850874,24,0.016327120819024186
249,-0.575392836318538,-0.49375451986812324,0.01591995744233811,17,0.020827723999733136
249,-0.5524716413138867,-1.501520155761301,0.015385933935579537,11,0.0
249,-0.621718096871541,1.4980951717875046,0.01619356870699201,18,0.022019560482219154
249,-0.5946708154063459,0.48474563347385985,0.015926603018026213,25,0.014475809072960652
250,-0.5762532873339437,-0.4952274828199641,0.016185929616717196,17,0.022074695201659927
250,-0.5690189654252,-1.5231700412654472,0.01584418892384278,13,0.01765439412207276
250,-0.6229183618687194,1.5002868293790803,0.016070434018776225,16,0.017407704716390207
250,-0.5944081683999716,0.4841966778025157,0.01595972388284775,26,0.0157787719794899
251,-0.5762314094578743,-0.4945842702796652,0.016058488904641923,17,0.021013563029122245
251,-0.5651754759068834,-1.513650245184487,0.016419540780014286,12,0.01369969177172577
251,-0.6216341180323135,1.4988462096438135,0.015922500445916327,16,0.019314826602584028
251,-0.5942636908135399,0.48421378475756455,0.015981644447515587,25,0.017635003817711818
252,-0.5766184683709015,-0.49271751632669003,0.015923640495218428,18,0.017952403036630378
252,-0.5646999752783699,-1.5217410588025115,0.015737608168111608,14,0.01647742562649183
252,-0.6224628171059224,1.499046323580923,0.01591835154133776,17,0.020412184275121252
252,-0.5934883682813687,0.48274595654083235,0.015991104605134584,25,0.01709418601165994
253,-0.5730936892637688,-0.488839130404306,0.01581176444656179,17,0.01757191847442155
253,-0.5692398788536489,-1.513033848751119,0.015713659354078285,10,0.004064145839469029
253,-0.6257679689990276,1.5013528539483945,0.01579224552323507,18,0.012937834324512622
253,-0.5943130873562769,0.4824074356798212,0.015963620494826095,27,0.01926461491908954
254,-0.5750289865231092,-0.49373904909228594,0.01606512455773623,17,0.021758611695520423
254,-0.5584840847442051,-1.514901492011208,0.015753235339140654,12,0.01656619250887998
254,-0.6240668719482116,1.4975097695591482,0.015997005719578076,18,0.01804302177794109
254,-0.5919132857792488,0.48303687312648164,0.015941588747195798,26,0.017651374304384532
255,-0.5755119498958183,-0.49652381142510554,0.01613752535335438,18,0.021922493463151817
255,-0.5584902715326184,-1.5054704593647363,0.015642532685239862,11,0.005154460055716526
255,-0.6208981161306835,1.498138326595546,0.015988900904115064,18,0.020100163897177798
255,-0.594645880254657,0.4841685412772545,0.015913067119593973,25,0.015100908943768431
256,-0.5803718187190752,-0.5013106567692042,0.01591486968030468,17,0.015745684784551385
256,-0.5672573363623074,-1.5261625066108861,0.015811448244776587,13,0.01568393308531068
256,-0.6223272956533343,1.499627469055563,0.016168239539226633,17,0.01696875448728097
256,-0.5941719469182368,0.48352129331941224,0.016023312693470987,27,0.016712358100337877
257,-0.5712153098286674,-0.4896285717810984,0.016042454510078467,17,0.022274069902750063
257,-0.5586060914703536,-1.513487068009835,0.01556995842417452,12,0.016672806737291004
257,-0.617049156215691,1.4956635816975297,0.01585913627422776,16,0.020927085150413215
257,-0.593998537250445,0.4831915714292365,0.015936604300980064,27,0.01702845184959347
258,-0.5738774437783309,-0.49253386643959585,0.015964864438960145,17,0.01982444051428372
258,-0.5650897733697793,-1.515479633831612,0.016105986564145264,12,0.014473541970626736
258,-0.6229059591554317,1.5008384389192897,0.01594131356625264,16,0.014299791898522415
258,-0.5955726958826539,0.4845545209050708,0.015860124359762133,25,0.0155364191118192
259,-0.5770385365504801,-0.4971058499896946,0.01641565247660183,17,0.021784162574176556
259,-0.5495561870719002,-1.5025805159934154,0.015394415391302914,10,0.0
259,-0.6223022219121459,1.4976928107429657,0.01612734081895124,17,0.017511406948273533
259,-0.5935329545791139,0.4829218978707535,0.015934074299928856,25,0.015556921183185914
260,-0.5743685965973168,-0.4933249594720587,0.015916296828828558,16,0.021420035527157644
260,-0.5679417303797093,-1.508847988133689,0.01576954956646022,10,0.004146477349608636
260,-0.6257910268736369,1.4989215928368926,0.016101655435255775,18,0.015250276193362621
260,-0.5932762334562368,0.48343929100823274,0.015922823005649043,25,0.017241939163694455
261,-0.5737553228201635,-0.49249816021589454,0.01596772766445016,17,0.0195483276654431
261,-0.5642071868564572,-1.5203950622039943,0.01599935095590915,14,0.01823831133892334
261,-0.6221680693311684,1.4988881133323706,0.016200406754011677,18,0.02016635552407193
261,-0.5933461696063419,0.48279740214708,0.01601037158639037,26,0.016782031787877228
262,-0.5779895789167369,-0.4972932942276107,0.016150084138882644,17,0.019359215586784113
262,-0.5568147055442799,-1.5043085702294305,0.01518590674078787,11,0.00357616545021681
262,-0.6181278409630014,1.494970815892349,0.01589470736171456,16,0.021131202696088824
262,-0.5958358312481395,0.482836777711689,0.015960070423808974,27,0.016915288331996643
263,-0.5769738563096164,-0.49654085540702314,0.0159515958181927,18,0.02091760937480257
263,-0.5599756771229667,-1.5038789815999065,0.016444143715756386,11,0.0049981164890263875
263,-0.6219027660785429,1.4961978301992465,0.015998234032289217,18,0.020755004325498923
263,-0.5917854952238284,0.4821222344465429,0.01597440572273121,25,0.01594601253471912
264,-0.5812994117214523,-0.5028148086951781,0.01608396506392072,18,0.013710067304014934
264,-0.5495561870719002,-1.5025805159934154,0.015394415391302914,10,0.0
264,-0.6223235802708773,1.4980245580278135,0.01601826916937876,18,0.018786560356792943
264,-0.5917272711125477,0.4818552337901409,0.016021041465591357,26,0.01832331821868512
265,-0.5774584434725367,-0.49595251964157444,0.015904183871018298,17,0.020824342241986864
265,-0.5687186368364664,-1.525168206098802,0.016192886023660296,13,0.01798103789230995
265,-0.625038567876807,1.4995955527634732,0.015825010443895608,18,0.016849576419980687
265,-0.5882141054089788,0.482109493649977,0.01592771057339068,25,0.016152021373249056
266,-0.5757841670103323,-0.4944296468511711,0.01617024228133174,17,0.022046977831771914
266,-0.5681240653660515,-1.51184988137964,0.01598319145823732,11,0.004124077263612884
266,-0.6222371840131298,1.4993247348058065,0.01593103645842492,17,0.016717382426676496
266,-0.5932874576348487,0.48270670885235173,0.015846554631836023,25,0.017046564071700805
267,-0.5758198946112114,-0.4936330942999036,0.015848115809508664,17,0.020744467852570465
267,-0.5655832673232691,-1.5146454701254748,0.015985885235348527,12,0.013445312129754028
267,-0.6237389436491241,1.4987034535456927,0.015942010869605006,18,0.01844421518961793
267,-0.594087938691906,0.4828809535947759,0.01595149857059646,26,0.01779866373267241
268,-0.5723396429544964,-0.48928986398268826,0.015943447588618587,17,0.01921384785613593
268,-0.5631741594325708,-1.5132048305177068,0.01613226823023993,12,0.015524674181919265
268,-0.6215625521398157,1.4966212798946479,0.016006882709609895,18,0.018865887300436417
268,-0.5936802421954415,0.48216742776708094,0.015948403460832265,26,0.019036470538300692
269,-0.5729521989777616,-0.48989319567195994,0.015898797475614398,17,0.021091558083268416
269,-0.5743035466991743,-1.5234990038232659,0.015712989932601142,13,0.017567388349792514
269,-0.6203251126181604,1.4978195644213599,0.01606289475368695,18,0.020188887373768862
269,-0.5927148412125595,0.47896301572079375,0.015974544303580557,30,0.019723518512906386
270,-0.5722907534842127,-0.4899017078284643,0.015911436149046977,17,0.018497117056116622
270,-0.5692737151803985,-1.5255000010321293,0.016007992993362766,13,0.01859066006283039
270,-0.6237227213667852,1.4987714346504164,0.01615489970107203,18,0.0180100992772212
270,-0.5942898150088076,0.48185427775518974,0.015989610067412126,27,0.01918756850229549
271,-0.5750211960416239,-0.49377452042985587,0.016135618843524286,17,0.021998065303765236
271,-0.5656418462823382,-1.5201789461054251,0.016122836834445868,13,0.014536369069119278
271,-0.6262717454972672,1.4992885139255994,0.015910498490615793,17,0.014056249097116552
271,-0.5915303447801015,0.4822713822837457,0.016048713840463424,26,0.016740967429729588
272,-0.5762849161528465,-0.4944902391123362,0.01604653336825206,17,0.021865453574295902
272,-0.5643309864677933,-1.5162822979426775,0.016005484394461027,13,0.014407402397352968
272,-0.624914761078386,1.497252071043832,0.01597730734364757,18,0.017482591169356625
272,-0.5968787264381591,0.483052490030332,0.015998715981435516,26,0.015674941141122445
273,-0.5750866694030924,-0.492467563722514,0.01582672585201807,18,0.018257622323330103
273,-0.564082645575761,-1.5157455028350306,0.016297844813601345,13,0.014499060199008823
273,-0.625792513226724,1.4999991790845792,0.015896208651880076,18,0.015287566989254115
273,-0.5941456155679556,0.4811822111259344,0.01592893797840156,26,0.01772762240083595
274,-0.5733491142059143,-0.494761060389837,0.01598862720678557,17,0.02059235478697887
274,-0.5674985535387838,-1.5084066589981109,0.01565169085359437,10,0.004040947417970487
274,-0.6228098688167433,1.4994545608601466,0.015905310356289667,18,0.017486889417413696
274,-0.5930175877386512,0.4822404634834584,0.01602215601736864,25,0.01769000206481396
275,-0.5750404081868061,-0.49479202692465934,0.015919459869232388,18,0.020985464784102053
275,-0.5558143955421639,-1.5038513368088993,0.015637273822093106,11,0.00391561421045649
275,-0.6256720682895699,1.4982292204573293,0.01605279432225141,18,0.01926340462067876
275,-0.5937998303828518,0.4837717295603199,0.01589819773783514,25,0.01752392217769674
276,-0.5747318923463307,-0.49283819936048534,0.0158361174146042,17,0.018067922638988727
276,-0.5661944546855053,-1.5113378858463327,0.01613259313203835,11,0.012184909739376032
276,-0.6249717243711485,1.4998393490294049,0.01603224725040087,17,0.017702707398549893
276,-0.5912966141043717,0.4819055373972684,0.015938308891571173,26,0.017660160053107915
277,-0.5754895528516278,-0.4952511254233954,0.015881690510015953,18,0.019953269150841384
277,-0.5601466249873942,-1.5153546094335042,0.016050811504084314,12,0.018258829987470197
277,-0.6250279287713444,1.4990026375055416,0.016047672442553968,17,0.016267776315328695
277,-0.5932233000858055,0.48335294705566373,0.01601337294906578,27,0.017733708513308525
278,-0.5731953985802112,-0.4873719759587852,0.016007811493498635,17,0.01765960611530632
278,-0.555497798452489,-1.5098246820057541,0.01588278251600684,11,0.015231846757518335
278,-0.6232182127784087,1.4986024582543258,0.016019215408317404,17,0.01884869118560836
278,-0.5927790013600251,0.48265424554066094,0.015980805746768658,26,0.016648939840617424
279,-0.5733376416384006,-0.4921293102560019,0.01600631680369112,18,0.019401514401374054
279,-0.5564163289769426,-1.5123489988908585,0.015171993538430819,12,0.015384419310783494
279,-0.620798653196136,1.4970898814341456,0.01621605196176102,19,0.022510499916193284
279,-0.5939133540103293,0.4835298542843883,0.015983617155327756,26,0.01801803362118215
280,-0.5746931549164558,-0.49325576322743114,0.015948053532560156,17,0.021068251125959565
280,-0.6247455631294218,1.495512627033194,0.01588375468362156,18,0.02020262819484991
280,-0.5943351941689073,0.4835828808469409,0.015987627929617835,25,0.016371059728065646
281,-0.5766132782266984,-0.49359164768071473,0.015992330753612338,18,0.016537765494185813
281,-0.5672344917377369,-1.5147656938493599,0.016301768931032704,11,0.013038817593977174
281,-0.6233609856129168,1.5023001251205204,0.016157270914889384,16,0.014167542162354076
281,-0.5953653248830042,0.4824293848851211,0.015929666076800283,27,0.017541891754152456
282,-0.5738951642458978,-0.4929821147606908,0.016019634977244623,18,0.018020411474073565
282,-0.5611675917012915,-1.510961028282254,0.015912320770615676,11,0.012479895504789043
282,-0.623617479746545,1.5008099864616031,0.016077028063558325,16,0.0163942381482909
282,-0.5932323093948031,0.4828634294259583,0.015931043115235646,26,0.015893115988958293
283,-0.5733373991110751,-0.49141741109006637,0.015879991192867513,18,0.01999580006681634
283,-0.5578470053950445,-1.5101780833986054,0.016062224392611513,11,0.014583876409365558
283,-0.6181186210752517,1.4964985629110497,0.016020242697878266,16,0.023677260936907897
283,-0.5952156596884497,0.48157358447161475,0.015932976707219555,27,0.018378102374903425
284,-0.5755270308905269,-0.493415108193762,0.015886682067762725,18,0.01972425077605107
284,-0.5578470053950445,-1.5101780833986054,0.016062224392611513,11,0.014583876409365558
284,-0.6225843283963902,1.4978459823680466,0.016127213401816914,16,0.018030669127498292
284,-0.5929093829077993,0.482906745676593,0.015913557001299556,26,0.017501247935696435
285,-0.5767765727571308,-0.4942377510248365,0.01600068615815537,18,0.018018847197921302
285,-0.5524716413138867,-1.501520155761301,0.015385933935579537,10,0.0
285,-0.618620758278181,1.4943277155282482,0.01585499724504505,17,0.020041403750943796
285,-0.5951282329127778,0.48445633441393127,0.015928277113498073,26,0.01706935942001582
286,-0.5741618758668612,-0.4938735688339578,0.015991239671361124,17,0.020743572152722795
286,-0.576513662487363,-1.525596830633097,0.015985355520102024,15,0.017218418612430827
286,-0.6233022912676509,1.498891493435533,0.016014642612720564,17,0.01751599234079011
286,-0.5935901726096628,0.48342408092236144,0.016005543633319068,26,0.017644910205686197
287,-0.5741205848989759,-0.49165698317971795,0.01594266514125798,17,0.019701666874762793
287,-0.5528094466715452,-1.5024370649957326,0.015408695528904186,11,0.0
287,-0.6238060553403969,1.5009062466225813,0.016024093188702414,18,0.01583154068401767
287,-0.5929417733992481,0.4821139727707155,0.01593210642400011,25,0.019196914434516793
288,-0.5783782741018114,-0.4957906316355995,0.015867408385195386,19,0.01665383552623696
288,-0.5611301176184602,-1.514944655748509,0.015951694801719478,12,0.016470354357108
288,-0.6246839974739008,1.4984213586848092,0.015896255782631197,17,0.017368245356378376
288,-0.5948908930112714,0.4828592723729314,0.015935984477961164,27,0.01857790524846618
289,-0.5803605514710124,-0.499320112838917,0.015955246898715518,17,0.014201622928609305
289,-0.5574638056998145,-1.502703213056318,0.015593664155164024,11,0.005142771332320774
289,-0.6257371002509242,1.4990896076456113,0.016107930463056433,17,0.015391149915909015
289,-0.5913010499803408,0.4811645073550779,0.01588489094964079,26,0.01819492107409247
290,-0.5753180399441857,-0.49253580601522134,0.0159013224894804,18,0.018357442278071137
290,-0.5568186735712097,-1.5073938969023482,0.016011305718286056,11,0.014537300787190024
290,-0.619504977708755,1.4969207802796562,0.015966710711640783,17,0.022624925915480674
290,-0.5903033224998022,0.47889903887442936,0.015982426368933267,32,0.02315119518910925
291,-0.5779181062132535,-0.4993812329788566,0.01643369607694512,17,0.019541269465646764
291,-0.568881214518589,-1.5237878722995273,0.016151401074679463,13,0.018595040417906956
291,-0.6202978895957731,1.494919242032594,0.015989448250047618,19,0.022777140392534326
291,-0.592673396065135,0.48309843954470005,0.01601958931960807,26,0.01667657527165305
292,-0.5773258216062941,-0.49692507894004967,0.01635221420099162,17,0.021428186349138626
292,-0.5596414553372079,-1.5162930686715586,0.015620179516663795,12,0.016734725516682467
292,-0.6214150009013224,1.496580876582671,0.015946569481868393,17,0.019516117231008708
292,-0.5918046278991324,0.48306999201658646,0.01594226458687561,26,0.016764695933281674
293,-0.5775100532057591,-0.4970248851428627,0.016044439056724175,18,0.018549317677789928
293,-0.5568599368716437,-1.504436610260976,0.0159208047832046,10,0.0035872510390940913
293,-0.6212379724446752,1.4980295182149328,0.016077420283740172,18,0.01924192850983692
293,-0.5946754082949326,0.4842841972573242,0.01595881674421812,26,0.016407123603935647
294,-0.5759021666090731,-0.49304106412299536,0.015843510430074197,18,0.014796891071752154
294,-0.5589540928013483,-1.518869597029448,0.01585412763388847,12,0.01821283875849097
294,-0.6214331391535128,1.5000287007851603,0.015884300646112154,17,0.01920068499418887
294,-0.5958415270938494,0.48403430168690725,0.015949500885772898,25,0.015528416292966068
295,-0.5706372950642463,-0.48792036430302516,0.016002727678862547,17,0.02039627005331547
295,-0.5630523584829096,-1.5176275472318466,0.01603048422851981,13,0.016731635106994543
295,-0.624513042626351,1.500046427275925,0.016021084095125555,19,0.01847119467081118
295,-0.5940090256225542,0.4831399844736291,0.015968934271989307,27,0.015886262918258086
296,-0.5723117358772152,-0.49035593785344406,0.015903341337967353,17,0.01891297664901039
296,-0.5588337322172341,-1.5063992794480876,0.015653526229671595,11,0.005153846648630443
296,-0.6246632671930685,1.4978442224802186,0.01607240603516049,19,0.01759575802569368
296,-0.5962986111944572,0.48342206895506873,0.01592301303618269,27,0.01677386324494743
297,-0.5751416261633304,-0.49561561938757964,0.01602647592339475,18,0.02095464260091181
297,-0.5695721538114743,-1.5307506510835964,0.01586397822244252,11,0.011303797888639083
297,-0.6222318101516031,1.49806326875447,0.01593247625961856,17,0.01860429832582053
297,-0.5972762696159424,0.48524919051251786,0.015908817871510432,25,0.014173099744942439
298,-0.5770416793247711,-0.4942517685634551,0.015978628261615606,18,0.017558709537592095
298,-0.5636769696912387,-1.5296864370110073,0.015709234942544337,12,0.003938635161391663
298,-0.6221018063173955,1.498405664126957,0.015851459614292664,18,0.019767122539426443
298,-0.5935822554930288,0.48389346468838595,0.015992197608089967,27,0.015580615708069406
299,-0.5768040745700775,-0.4943478717656994,0.015950261487613995,18,0.020447105788302816
299,-0.5742297160341253,-1.5242531694598285,0.01607364737022149,15,0.019005109030836062
299,-0.6239530393315249,1.5005340146962474,0.015994649067578307,18,0.018854767799622293
299,-0.5953496580156445,0.48348531800406536,0.015971762747529195,25,0.018056953558588912
300,-0.5744446986067835,-0.4883590111606837,0.015767417642460445,18,0.017198124800340452
300,-0.5613464276695183,-1.5070010399591558,0.016207729125181113,11,0.005243135528469798
300,-0.6232447372771807,1.498918142928687,0.01614574697111278,18,0.019630055577426857
300,-0.5936027716219141,0.4842196768505832,0.015946379078385937,25,0.0180936794745028
301,-0.5724676943185784,-0.49290617086766203,0.0160959756305797,16,0.022162048073026692
301,-0.5612692899333533,-1.5109414105211734,0.01602547101884009,12,0.016615871812678023
301,-0.6239425986661237,1.49911017535936,0.015922528001150266,17,0.019670021868830215
301,-0.5940637423404848,0.4832898280978387,0.015978766967165554,26,0.018395978480886328
302,-0.5716196593585862,-0.4918518538159801,0.015948594590945022,16,0.021686853604630334
302,-0.5658598097458609,-1.513540414233038,0.01606670114343085,13,0.010411392309140653
302,-0.6207224068001722,1.5004970815085046,0.016033521530148764,17,0.01914269806566928
302,-0.5927893128201279,0.48192223436567955,0.0160488550565972,26,0.01777111374686557
303,-0.573634615340223,-0.4913781341305965,0.015918203698136815,18,0.016234305223869736
303,-0.5599062842393323,-1.5149908074588512,0.01611444197724435,12,0.016867616959319157
303,-0.6210355452882378,1.49915142198675,0.01602190499738488,18,0.02072309654432953
303,-0.5927642818668368,0.48259533472326577,0.01599319389629571,26,0.017697663397959345
304,-0.5727435855891505,-0.4892799663786707,0.015865042142900517,16,0.01841057403398293
304,-0.5633406188137502,-1.5310585046650973,0.01572657944345534,11,0.0
304,-0.622422058153661,1.4993214584707133,0.015812728889456333,18,0.017726602616037788
304,-0.5963744318975248,0.48253033541981977,0.015897731849859622,27,0.016362236575575968
305,-0.5741152122881794,-0.49072614791315944,0.015847294023608353,17,0.014219750601076744
305,-0.5664142462761189,-1.5135521663990055,0.015985118647163035,11,0.012734743072891326
305,-0.6238098184371106,1.5003499659137343,0.016158718978819007,16,0.016490427332197643
305,-0.5938302881242509,0.4819941439372124,0.015991590089798915,27,0.01819627546824743
306,-0.5764023818731737,-0.4930409548495279,0.01591094377568149,18,0.015396608164705776
306,-0.560980073115635,-1.5171282127022014,0.015837834487452813,12,0.016492143953179505
306,-0.6217717400840156,1.4984800436686045,0.015965151059071578,19,0.022004095314086338
306,-0.5936747098535973,0.48197295367012866,0.016021042532919062,26,0.01872200068604295
307,-0.5751456353458214,-0.48743899704987453,0.015757716207524045,18,0.014992786598475008
307,-0.5603720529881298,-1.532151861650069,0.015730695009708168,10,0.0
307,-0.6233058573917486,1.4964567358597969,0.016016708861005556,19,0.022047569933433576
307,-0.5965851153425918,0.4830654525876613,0.015877044126103614,25,0.0173517767633448
308,-0.5773483149563625,-0.49558340985284904,0.015847043232216695,20,0.017901813481288675
308,-0.5645631758441045,-1.5150148821888696,0.01614904143766749,12,0.015974102904805193
308,-0.6195695956597627,1.495345044711937,0.0159054462166169,19,0.023871858087211376
308,-0.5969996144386099,0.48231331318680076,0.015941601267756147,26,0.016167047595129026
309,-0.5755469701703215,-0.4909661874883853,0.015884250587485195,18,0.015056426320923006
309,-0.5786434581598537,-1.5337880615914747,0.01608504775221729,17,0.016908549761482632
309,-0.6207645116147013,1.5004849514494658,0.015948206440173265,17,0.018266919495515413
309,-0.595623867225157,0.48257222847251413,0.015944610129338812,27,0.016638366533047264
310,-0.5685709540758822,-0.4864560567759433,0.016090668261624516,15,0.01860540403482512
310,-0.576655371111056,-1.5291340171814505,0.01591575277416141,13,0.01663734687976003
310,-0.6239957250919786,1.497014041642455,0.015930642543418017,19,0.02052278735998154
310,-0.5927823714539239,0.48272051587458464,0.015995803526712753,26,0.016404857168112578
311,-0.5740168928350305,-0.4940776882664354,0.016026759064655276,18,0.02110132619955383
311,-0.5725101698075289,-1.5261269858913258,0.015928102236008664,15,0.02049864637927787
311,-0.6236258187297841,1.5007088241788407,0.016030719729758745,15,0.017001321906666277
311,-0.5936509180519995,0.4818449311652714,0.016022690869651073,26,0.01626390022179139
312,-0.5755926742423274,-0.49364120011263135,0.015927848422495325,19,0.017815289205611356
312,-0.5731334657887384,-1.524231724852565,0.015812975754894182,14,0.019308311601725536
312,-0.6236953070305549,1.500656801163922,0.01599980648020023,16,0.017313185897626038
312,-0.5916034643923599,0.4810397776395073,0.015870689717619034,26,0.020894103832657253
313,-0.5741165690317397,-0.4889320066873902,0.015878320200335052,18,0.01596311094721138
313,-0.5602028175305391,-1.5059832260405142,0.01591437287358623,10,0.0041729776857311295
313,-0.6204109891775347,1.4973136473103235,0.01608726286344585,17,0.0215553688218823
313,-0.5926808258581218,0.4828471715391417,0.01594600276497356,26,0.019760411786157155
314,-0.5729593351661217,-0.49162379664748407,0.01594274829576576,17,0.018918552255003048
314,-0.5668863387887718,-1.5138379533138824,0.0162897371040117,11,0.013030455238044922
314,-0.620747956614464,1.4956491711934312,0.015962522836117623,17,0.02278124294143324
314,-0.5941102783027029,0.48219968531588864,0.016013724973147205,27,0.01826888206237643
315,-0.5756504705559218,-0.49438849045418026,0.015960779912391324,17,0.020785100320570047
315,-0.5595915508075482,-1.524142168224563,0.015827952856927865,12,0.015952139720725397
315,-0.6191822280597382,1.4963918686467264,0.016061680642541,19,0.02387964457101076
315,-0.5964242468111717,0.48245197714624255,0.01592506539581513,26,0.017918883430185585
316,-0.5715669039388773,-0.4909043341507591,0.01597785874054245,17,0.019305843380179412
316,-0.6205661169510486,1.4957187130422651,0.015979912956515685,18,0.022294787796779125
316,-0.5924296331531015,0.48075845206413187,0.016002447825639185,25,0.018768965014930118
317,-0.5736053985116971,-0.4927913346950682,0.015848567612967965,17,0.021739997064272636
317,-0.5580342936783811,-1.5129918556076032,0.015901890509941674,12,0.017594488099035157
317,-0.6169181170612767,1.4982665513884525,0.01589893896923851,19,0.02210930786284412
317,-0.5937386052666483,0.48332812622896476,0.01589706312610173,24,0.01681870069148454
318,-0.5732383850273548,-0.4909530202291612,0.016013520666014483,17,0.019505150120315846
318,-0.5590543422911021,-1.5058723785322552,0.015397083119436241,10,0.002515268319589638
318,-0.6219819403964769,1.499738033481661,0.016239542132176238,17,0.020273777955762056
318,-0.5922449910996599,0.482796307636339,0.016005763686445556,26,0.01702249901658371
319,-0.5738887605833872,-0.4923858909646807,0.015898421607998075,18,0.020462980349111294
319,-0.5625233714784068,-1.5118893317078312,0.015820578185074156,13,0.013940296540878716
319,-0.6242886140926521,1.4996642881376987,0.0160295527930914,18,0.019636704385426917
319,-0.59453737369792,0.4833804163485522,0.015997730464726176,26,0.0171499381078141
320,-0.5762657478343988,-0.49345417911596384,0.01587879173392227,18,0.021160806771670777
320,-0.5646233190856078,-1.5147555828770354,0.01640105137067661,12,0.014728150743242144
320,-0.6214520525693822,1.4986365205374832,0.015953399063505843,17,0.019574296261332818
320,-0.5921943439664555,0.48294620919603237,0.01594328746334315,25,0.01739246763817682
321,-0.5767046758946642,-0.49608368632628125,0.01596443649378291,18,0.021091452976340457
321,-0.5740806930478896,-1.5254624890356208,0.01553712033465465,12,0.014353747432345491
321,-0.6217397630086491,1.496911748116215,0.016097401886758754,17,0.01862699556644201
321,-0.593007805273143,0.4821897088078036,0.01599253880992756,27,0.01707076671127807
322,-0.575912457904151,-0.48911303907170806,0.015885879640253606,18,0.014674041517048918
322,-0.5626637447686215,-1.5113570524010485,0.01596207920487115,13,0.015464022692193628
322,-0.6234364556022324,1.50059281881433,0.016004055296927264,17,0.015614800150789266
322,-0.5917271208946793,0.4801315170543821,0.016072991088113168,26,0.018765329244160096
323,-0.572492015924276,-0.4882644983587532,0.016012389357340787,16,0.019253942673067567
323,-0.5603221540925822,-1.513834134235104,0.016071585258382856,12,0.015498304142154078
323,-0.6234134687737729,1.4991795757855746,0.01604058561586281,17,0.017308078405697477
323,-0.5915480069466196,0.48213543016522276,0.015935485461227722,26,0.017391246086016176
324,-0.5749728276434879,-0.48871340556445053,0.015945161665893968,17,0.014913217403799695
324,-0.5588337322172341,-1.5063992794480876,0.015653526229671595,11,0.005153846648630443
324,-0.6244730611882572,1.4988010751803902,0.015962000584294214,19,0.02029379806988634
324,-0.5941956724365255,0.4834507689919476,0.0159306757564131,27,0.018053028311191526
325,-0.5763890480863787,-0.4931806215392267,0.01595513565845928,18,0.014915469572569727
325,-0.5681511753028191,-1.5170889731290105,0.016143587840269813,11,0.011858135736080197
325,-0.620829795221348,1.497609457353849,0.016056163328023978,19,0.019115551276014258
325,-0.5930483276928337,0.481742313389411,0.015935756274346104,26,0.01719175159688017
326,-0.5745278581171588,-0.49051305824972313,0.01587659277709013,17,0.014997121848613761
326,-0.5759402361729262,-1.524818950091402,0.015844277242058717,13,0.017416312946044312
326,-0.6220100906834435,1.4992283211279447,0.015951773871292773,18,0.02001572745602333
326,-0.5959619804126276,0.4826431580389149,0.015934435415550594,27,0.01669531180020551
327,-0.5719753847654933,-0.4883082210539399,0.0157628207361895,17,0.016911236610259173
327,-0.5662493862297515,-1.5091569828443658,0.015950983256584984,12,0.0047261598389290805
327,-0.6251845190141068,1.4993511499034502,0.01619308589916917,19,0.016761354325730383
327,-0.5907706824838815,0.4816508243988465,0.015994501309209982,26,0.018325046044948248
328,-0.5722082785136755,-0.4917911957893095,0.01609259570376945,17,0.022103574852018134
328,-0.5605783510174984,-1.5167595433470054,0.016009899723769497,13,0.019681736190568677
328,-0.6188792903238489,1.497368618811014,0.016009764759110142,16,0.02029727675442111
328,-0.5936277790404348,0.48303902238579516,0.015966424287716,27,0.017495544326095923
329,-0.5735454651260958,-0.492110925632276,0.015963856388640785,17,0.02058212556079974
329,-0.5621957482907745,-1.507853867457857,0.016685877539836233,11,0.004974485784152592
329,-0.6261949469149839,1.5001986190106669,0.015911058790935097,16,0.014730803708406837
329,-0.5953020315904909,0.48304105651362345,0.015953447744262866,27,0.017356806463899577
330,-0.572608747238729,-0.4888604564251619,0.016023610608599415,17,0.020948933563731502
330,-0.5602028175305391,-1.5059832260405142,0.01591437287358623,10,0.0041729776857311295
330,-0.6186312154460514,1.4962729353590445,0.01603856629787963,17,0.02088419939259112
330,-0.5948989546763218,0.48366499818168757,0.01598290285368428,26,0.01764153667181665
331,-0.5761492141179443,-0.4946245611577092,0.01584820704681798,19,0.020109326938460525
331,-0.5603221540925822,-1.513834134235104,0.016071585258382856,12,0.015498304142154078
331,-0.6258792850436549,1.4998423457331878,0.01599347432498839,18,0.017517523410903277
331,-0.5961021521178228,0.48284939688676964,0.01596239201805888,25,0.017441615209103315
332,-0.575030469789152,-0.4920286201852067,0.015878840440009916,17,0.019132476445934823
332,-0.5649305934506934,-1.5147520006345871,0.01611898528033849,12,0.014897520886782267
332,-0.6212071567010967,1.4971780246503819,0.016058658520736967,18,0.01994914383868765
332,-0.5937444406446223,0.4827534594576301,0.016048526552916813,27,0.017182900531543564
333,-0.5768503540457041,-0.49503880869787753,0.01603714554092528,18,0.020900389146586883
333,-0.5524716413138867,-1.501520155761301,0.015385933935579537,11,0.0
333,-0.6235182435355061,1.500886768938208,0.016040707915347795,18,0.017972987240687993
333,-0.5952425701102046,0.4841218112598924,0.015981162535975178,26,0.015472853171075945
334,-0.5800201601887667,-0.49965874961436935,0.015936704508542936,16,0.014190122394163044
334,-0.5640979893849237,-1.5125343918042664,0.01573574306824962,12,0.012709700309587844
334,-0.6204241781301559,1.497367300450331,0.015939774605598204,18,0.020339905244502417
334,-0.5912061588288322,0.4821690110440659,0.01590541013208349,25,0.018281174186578597
335,-0.5797793235301634,-0.4991831247027388,0.016067884792677158,17,0.01627917285978823
335,-0.5627898554427724,-1.5146657461720539,0.01592688489499831,13,0.016889573390601167
335,-0.619665318374565,1.4949952713908945,0.015873686316461317,18,0.021171027013264516
335,-0.5943482652873687,0.4835446473393506,0.01591764680885507,26,0.017567445525212846
336,-0.5793702542138661,-0.4971752772931547,0.015887041187927,19,0.018623529590327984
336,-0.575983378552966,-1.5195581828692926,0.016488565199149183,10,0.01197091607935356
336,-0.6227113136630115,1.4984870498976923,0.01610363539401902,18,0.016446445230096227
336,-0.5958061661079663,0.4825795118174518,0.016006933352892397,27,0.018179120811574974
337,-0.577389693889394,-0.49678252545089097,0.015914650577050007,18,0.020706162087868712
337,-0.5565167351576259,-1.5035084571328092,0.01590988978894689,10,0.0035843904247888562
337,-0.6224933180495125,1.499055397871194,0.015949477180398325,18,0.018159578963867287
337,-0.5936403091521595,0.4817351270623512,0.01590971229430419,25,0.020063551363739444
338,-0.5819152870303415,-0.5032128719248506,0.01619030155526085,16,0.003958370966776209
338,-0.5565167351576259,-1.5035084571328092,0.01590988978894689,10,0.0035843904247888562
338,-0.6245934144117014,1.4991309644364035,0.01610432210906963,18,0.017573329102016567
338,-0.5980491174221464,0.48353639570511975,0.015947466523595126,27,0.015249130689497813
339,-0.5745733864771752,-0.4930036853973652,0.015901497838934322,17,0.020168539739144682
339,-0.5692398788536489,-1.513033848751119,0.015713659354078285,10,0.004064145839469029
339,-0.6231561374063233,1.498918981911658,0.015898885351015694,16,0.017219406735847393
339,-0.593338854794166,0.4840920142897989,0.015951069911646538,26,0.016679752973740834
340,-0.5786273439277996,-0.4962497642414931,0.01607583788349371,18,0.016935255322630988
340,-0.5635395129867213,-1.5307706945409865,0.0156510207408503,11,0.002378498114408155
340,-0.6238048705372697,1.4974696885251633,0.015960904288801432,18,0.01974719114377611
340,-0.5961973356255549,0.4833783686025739,0.015980479445831215,27,0.018196495536690612
341,-0.5760350124986513,-0.4932031724124491,0.015963092568334593,17,0.019315898487429487
341,-0.5640506195361493,-1.5134931484260825,0.015864916388743808,12,0.01443146444369022
341,-0.622522435310553,1.5001745681151712,0.015994836485565548,18,0.01971517753568339
341,-0.5949418841005614,0.48368433551962214,0.01598762228590469,27,0.016872951300025765
342,-0.5776217845436366,-0.4947291447509767,0.01592743433481956,18,0.01845483776352736
342,-0.5773837716422254,-1.5280716741996139,0.016142340847835043,13,0.013594636400052503
342,-0.6231401223470532,1.4962666296831084,0.015977451906063703,19,0.02165269031594829
342,-0.5958288537993368,0.48384773125166475,0.015963528614758124,26,0.016251121623332854
343,-0.5770482276572595,-0.4958231256792832,0.01594130240823949,17,0.020211678292467873
343,-0.5743972545683187,-1.5236138885634205,0.015793669926172097,13,0.017422966317971657
343,-0.6255428431257152,1.4991271407414504,0.01611854957099165,17,0.016490513008823638
343,-0.5961991555182589,0.483237129393987,0.015997807762832928,25,0.016175590316095414
344,-0.5734988521462387,-0.4926889552223556,0.015980630022003894,17,0.02120252943421269
344,-0.5578470053950445,-1.5101780833986054,0.016062224392611513,11,0.014583876409365558
344,-0.623032485669759,1.4978689644366188,0.01620224776286953,19,0.01793652194319541
344,-0.596233599302282,0.48428010654764425,0.0159582621827616,27,0.01557322949418436
345,-0.5723277701609845,-0.4917531964672425,0.01611235042250927,17,0.022253981975781944
345,-0.5657408920002872,-1.5152676531619476,0.01622143720713014,12,0.015218817557469738
345,-0.6209006850913864,1.5010994749245123,0.016067869216330917,17,0.01779064728395673
345,-0.5933939840429177,0.4821062496368879,0.015978680167892834,26,0.017942033440762315
346,-0.576519689459644,-0.49364770662459934,0.015976751538981038,17,0.021181837301969958
346,-0.5658852512065267,-1.51344433107412,0.016294645108843167,12,0.011636866535086993
346,-0.6210865669547336,1.5009645595993486,0.016050352314760943,17,0.017907506025723656
346,-0.5954947590304553,0.4828181766732349,0.016009190805764042,27,0.017748759259993835
347,-0.578947230604614,-0.4976068731663406,0.015949726713316067,18,0.01920169436814643
347,-0.5611675917012915,-1.510961028282254,0.015912320770615676,11,0.012479895504789043
347,-0.6237780157784575,1.4993962703236723,0.01605462604520816,18,0.01666494872049883
347,-0.5910457389184608,0.4826714946480557,0.01601372087444915,24,0.01660728876772271
348,-0.5770965153418018,-0.49487357576545965,0.01585237962519064,18,0.020418034609045385
348,-0.5709985205043712,-1.5232325217246403,0.016171103047118378,13,0.018753573204368067
348,-0.6260637924392191,1.4995431121902483,0.016062402406015742,18,0.016315689862588134
348,-0.5933809899927596,0.4838742895140176,0.016014888581769336,26,0.016249526447461717
349,-0.5734797008875503,-0.48812648609516585,0.016001803206696336,17,0.016718617226460206
349,-0.5696839949388802,-1.51347469023531,0.01583098917003698,10,0.004170561416583411
349,-0.6188736266429031,1.4946857973048493,0.016003726162030132,17,0.021605885200734642
349,-0.5937858842524266,0.4819712837019554,0.015973266262190176,26,0.02005291152374563
350,-0.5760055563341163,-0.49650854036941877,0.01598195840236026,18,0.020407726057053224
350,-0.5683912179121702,-1.5168602840435532,0.015974664414211897,11,0.011396552177825838
350,-0.6202551824269287,1.4953923718242714,0.015932466285682574,18,0.02165439560972417
350,-0.5949554553158546,0.4835113244783888,0.015946254790212645,26,0.018694578088995637
351,-0.5761098805617464,-0.4929245950768553,0.015931627073024455,18,0.020062781118080623
351,-0.5568599368716437,-1.504436610260976,0.0159208047832046,11,0.0035872510390940913
351,-0.6228280862089661,1.4986488979203116,0.015991611260983037,18,0.019640091992679385
351,-0.5949288686151158,0.48452401071395895,0.015888274319965978,25,0.015349027114331221
352,-0.5775823944812819,-0.4943815341717521,0.015940039273489817,18,0.015293511621745607
352,-0.5620138006159608,-1.5148290184190036,0.015993667880328875,13,0.016690023553165664
352,-0.6219639559686744,1.497753197490601,0.015915515814281862,19,0.02017916451115597
352,-0.5908338229387584,0.48247161893123724,0.0159713377781361,25,0.0174146893717124
353,-0.5773970520747788,-0.4958154446110546,0.015827256950043833,19,0.019357643050300324
353,-0.573736960493685,-1.5229116150903603,0.01598419511502002,13,0.01630501703567117
353,-0.6214773465881785,1.4972703345930947,0.015971132542922605,18,0.019305356843914805
353,-0.5955639368630914,0.4835500565143007,0.016001998046542742,26,0.017060542898195884
354,-0.5765535705444524,-0.4956076210691832,0.015952362029195314,18,0.01978955129266785
354,-0.6238798871059533,1.4988710768751095,0.01616149387281569,18,0.01684463587004834
354,-0.5936241854349389,0.48291476412731327,0.01594565310743839,26,0.017813669599223227
355,-0.5757569875111181,-0.49787339105330597,0.01608378168152783,19,0.021399600082898634
355,-0.5635395246972468,-1.5111744202940398,0.016023924845858448,12,0.014640230339154228
355,-0.6214578109649637,1.4954901201823774,0.015919125494155514,16,0.019587009177411355
355,-0.5942960799303677,0.4780996235517844,0.015984923308282262,29,0.019384935051425755
356,-0.5763395377366957,-0.4945672909962297,0.01582314449807773,18,0.019883749728070447
356,-0.5653878922594662,-1.5106120716254683,0.015650476512037576,11,0.01046177788658871
356,-0.6236294215343241,1.4977262408450118,0.01600714743353113,16,0.017253599530589775
356,-0.5921914080214918,0.48261249457248445,0.015978451926912662,25,0.017682004116541694
357,-0.5768511730019401,-0.4923195741822699,0.01594809757624334,17,0.01773043187355956
357,-0.5668669918293084,-1.530456500732561,0.015710528459088623,12,0.004138869816166027
357,-0.6208612259152338,1.4973096556385674,0.015931805069703757,18,0.021813312576912786
357,-0.5937011716629794,0.4824223550373414,0.015979135426760483,26,0.01798102165882945
358,-0.5705459789443892,-0.4871305693284628,0.01599388057627069,17,0.019322801613238905
358,-0.5634941836872427,-1.5170149609679175,0.015879622547270912,13,0.015604638003168586
358,-0.6224766269666417,1.497073206238748,0.016206037356573316,19,0.018853773925713222
358,-0.5924978397495739,0.48329567332826934,0.01604788148936436,26,0.017710336711439525
359,-0.574619129504622,-0.49504042613947746,0.015970707865315764,17,0.020559070851649125
359,-0.6179395190261655,1.4947011795864682,0.015898204146003795,17,0.021396077926517654
359,-0.5952947239358517,0.4825686635415209,0.01600837902720997,25,0.01670777257089387
360,-0.5728157629438679,-0.4905137048575025,0.015930112397567076,17,0.018745933768863975
360,-0.5727478988600702,-1.5228679420638558,0.016147821134892243,13,0.01774945541041734
360,-0.6209429609855048,1.494224265767464,0.015845224449276957,19,0.022045679529890935
360,-0.5947595055843197,0.4817720533760694,0.016006666256477467,26,0.01706805620864726
361,-0.5780092614101804,-0.49740868223745166,0.016068621308529592,16,0.01833830149354215
361,-0.5627898554427724,-1.5146657461720539,0.01592688489499831,13,0.016889573390601167
361,-0.6158515569748624,1.492048026471507,0.0161112615927297,17,0.02293484371943861
361,-0.5877932008305401,0.48043904576308993,0.01593177744105073,25,0.018827647799520415
362,-0.5744043046915959,-0.49258007190231656,0.015854508343057166,17,0.021811571879174853
362,-0.622049393113007,1.4973201552909077,0.015899202239747,19,0.021850576914971713
362,-0.590535230318693,0.4824253760306337,0.015878687243281467,25,0.017133966391816788
363,-0.5731018563120586,-0.49093709362770954,0.015867800399294654,17,0.020344803625557174
363,-0.5710063274055459,-1.521146522883371,0.016420493378652232,13,0.019282730170055842
363,-0.6246476392545443,1.498820214954688,0.015998639030358353,18,0.017157740708841112
363,-0.5906294000516119,0.48289319077726506,0.015950209829812562,27,0.016663955527299903
364,-0.5747651969743379,-0.49253268573833586,0.01593825669460872,18,0.01596462874332149
364,-0.559663428896539,-1.518268420928081,0.0158118696056862,12,0.018160690771071675
364,-0.6215348910974166,1.4981204756232285,0.016082005478990104,17,0.01813327907698919
364,-0.5939694361975093,0.4821105691816072,0.01589714284386663,26,0.018603395960270008
365,-0.5738023528477818,-0.4914313052292416,0.015939701088728532,19,0.01798231205845814
365,-0.5526742794769082,-1.504320427726748,0.015566557288474104,11,0.0009776182137602825
365,-0.6217034420948466,1.4991421073616833,0.01611327728043841,18,0.01980909771045774
365,-0.594024422598658,0.4827258855922303,0.016008889041693657,27,0.01565213151509749
366,-0.5576296749101952,-0.48353014431021735,0.015872057986474723,16,0.003669683103045266
366,-0.559663428896539,-1.518268420928081,0.0158118696056862,12,0.018160690771071675
366,-0.6214245822197371,1.4993028046400632,0.015884861683538212,18,0.018173604739295444
366,-0.5917334422561967,0.48254171432832166,0.016007290309684376,26,0.016405250988548507
367,-0.5750513134326851,-0.49248055455002127,0.015858427734354818,15,0.01996769920785112
367,-0.5568599368716437,-1.504436610260976,0.0159208047832046,11,0.0035872510390940913
367,-0.6238675819584104,1.4996482399739495,0.015921299430619134,16,0.01682403402585792
367,-0.5923706863552095,0.4831358762220713,0.015948306502937822,26,0.015450919903028682
368,-0.5706786211709798,-0.4887524084245158,0.01608058105872801,17,0.021058664705665715
368,-0.5652948329554789,-1.5239122685606898,0.015930554407629114,14,0.01525180058317448
368,-0.6233880163266642,1.4975897804934624,0.015919133266848167,18,0.01978825410417341
368,-0.5960988047761534,0.48374424239814207,0.015946087778440945,27,0.01594593263230641
369,-0.5681119764826771,-0.4881347333652891,0.016307424373065225,16,0.02006578139625565
369,-0.5608640543870324,-1.5090554468639912,0.016126955722231093,12,0.0059625744293249
369,-0.6203204370942466,1.4978262698516673,0.01593538379716413,17,0.02074027739570103
369,-0.593379690352304,0.48197035517713277,0.015954175619073942,26,0.016992192201754745
370,-0.5726753372436622,-0.4927737425979339,0.01604769222796307,18,0.022679612972993507
370,-0.5646252406405554,-1.5136232206910103,0.015716722765551465,12,0.01277133662778542
370,-0.6209350322420835,1.4941601853245443,0.01590659440486292,19,0.023276874145382955
370,-0.5912471534161938,0.48085935486824594,0.015973804423132197,26,0.017704851659135278
371,-0.576354188241601,-0.49547174862438537,0.015929414658989293,18,0.020605832226497676
371,-0.5555132050205586,-1.5025857014946644,0.01584546825242526,11,0.0035012782157257515
371,-0.621488883022346,1.4987588769709357,0.015918181537546348,17,0.019162643308706696
371,-0.5910401954339247,0.48304286004839003,0.01592287204387654,25,0.016379875172072927
372,-0.5734825679046135,-0.49249785630380294,0.016023780440473975,18,0.021459325903862493
372,-0.5640506195361493,-1.5134931484260825,0.015864916388743808,12,0.01443146444369022
372,-0.619544326289661,1.4994805249933425,0.0161144001308339,17,0.020899167295221083
372,-0.5917208891556613,0.48144998964628655,0.015917813870633127,26,0.01896959740021848
373,-0.5763278871739906,-0.49515286159159927,0.01589804891732557,17,0.021335653568736967
373,-0.5592880521014281,-1.5152952012564025,0.016067620627541544,12,0.017320166807699225
373,-0.6179241821897251,1.4953245889600117,0.01582555197972486,19,0.02104799864154879
373,-0.5908400471432849,0.4832946589074434,0.015975327715391216,25,0.014898720689506968
374,-0.5773170094539478,-0.4948287564561256,0.015912188378496343,18,0.020395959000534317
374,-0.5583371446546574,-1.5120294507855485,0.016024717533978345,12,0.016621881392126375
374,-0.6221433868346796,1.4984298543532626,0.015843062090671867,18,0.017893469087934575
374,-0.5924387656133073,0.4832508698015008,0.015940047997641895,25,0.015661338794668835
375,-0.5706287169734854,-0.48955429004804274,0.015969809151048144,16,0.02202418104696833
375,-0.5668922187523978,-1.5156347138305122,0.01621205874549087,12,0.010412277128898572
375,-0.6210983734906038,1.4998157988650647,0.015832263877337948,16,0.01706251756458008
375,-0.5945155504653229,0.4832124906494341,0.01599549103658756,25,0.016757196478871042
376,-0.5721687066324637,-0.4889763149978173,0.015839917524498738,17,0.018012196914910624
376,-0.5620693218985566,-1.5220928557245523,0.016037796875018613,12,0.017900164314588105
376,-0.624214142240237,1.5008025670342258,0.016047257365988093,17,0.015317395252735361
376,-0.5955226688049321,0.4828169931828475,0.016038903716284376,27,0.01594005549212428
377,-0.5721606450747341,-0.48754872893630546,0.01567568097803144,17,0.016659398070433838
377,-0.5647843124595366,-1.514983582969908,0.015760169594444064,12,0.013670325395556644
377,-0.6242556040423521,1.4986245303030403,0.016010006964986605,17,0.015859132814560774
377,-0.5923677782136543,0.4825440490169726,0.016028500155605616,25,0.016116706962062414
378,-0.5713065746142568,-0.48925686798606277,0.015942510245487276,16,0.023073448520092375
378,-0.5655290230913234,-1.5097456466298285,0.01586813483447069,11,0.009943232634607007
378,-0.6224216037992807,1.4973965659270785,0.016139305485664047,18,0.01848092700354901
378,-0.5925258000517208,0.48260539198087915,0.015941371045372205,25,0.017065179507295376
379,-0.5730098751759586,-0.48975705135314884,0.01586393988663028,18,0.018362846420175504
379,-0.5674501107069695,-1.5180271984712137,0.015716260688726866,12,0.014884339483222955
379,-0.6217750527595892,1.4986541025766518,0.015880338906975194,17,0.0185371838988822
379,-0.594114818519092,0.4831636847142385,0.01592290698632568,26,0.017914895397133136
380,-0.5753164821252154,-0.49512545662978236,0.01587629104304779,16,0.020051388877176824
380,-0.5578470053950445,-1.5101780833986054,0.016062224392611513,11,0.014583876409365558
380,-0.6216523735159233,1.4995798003216851,0.016080484928016184,16,0.01821743364015326
380,-0.5951794779179723,0.4832089400721297,0.015982316424940583,27,0.01594809384217485
381,-0.573154993887427,-0.4906751168696005,0.015763244450923,17,0.017822296602620413
381,-0.5617308905477725,-1.5110664208730973,0.016201020174322255,12,0.016101171369405354
381,-0.6253015263685103,1.497758403776466,0.016128866543177568,17,0.019056968434718248
381,-0.5930209201446679,0.48259663976941725,0.01595555877615792,27,0.01702936971376973
382,-0.5740594826614664,-0.49212344354343973,0.01581814860672152,18,0.019912119986136418
382,-0.5589681250256737,-1.522509657630879,0.015576507694103344,11,0.018864771450173543
382,-0.6230385482381416,1.496986041555545,0.016015039241291308,19,0.023359833705665446
382,-0.5949826788561224,0.4817717728427677,0.016071229609904147,27,0.01839603166584259
383,-0.5737536618913127,-0.4909504734974958,0.015944286437490334,17,0.020507626367886368
383,-0.5709077696256207,-1.5227377145344299,0.016002640224336964,12,0.018112730633696183
383,-0.6214818083708367,1.497226181180188,0.01591112984894149,18,0.0212797697951471
383,-0.5954529886424812,0.48245305510612124,0.015904160122164796,27,0.018339960732571926
384,-0.5738250941096912,-0.49097249021020506,0.01579975021474739,17,0.016583877812165436
384,-0.5655233501261904,-1.5145777580219772,0.016430299136024604,12,0.013706756339564079
384,-0.6233595784834626,1.4985797450588303,0.01607445599227524,17,0.01835491867487095
384,-0.595393346596694,0.48300397954585517,0.01592432748726055,25,0.017683849726782334
385,-0.5749591546187315,-0.494357000932563,0.015887249505897583,17,0.02069304372709599
385,-0.574927227235842,-1.523245911829288,0.01609553615639333,13,0.015555253266370915
385,-0.6212471239180838,1.4977823775759762,0.016080621619738084,17,0.017406845518393145
385,-0.5896178876963295,0.48068604933961684,0.016022010362153442,26,0.019852391248789715
386,-0.5733967524770838,-0.49269052456874346,0.015929208560873976,18,0.02209094134383987
386,-0.620097294132784,1.4972265988012001,0.01591496254954817,17,0.019197464179592668
386,-0.5919341399610327,0.4810828419709891,0.016037566910855366,27,0.017949631498316337
387,-0.5739103973385742,-0.492487962531952,0.015919232754169142,18,0.019911669262270844
387,-0.564243718006151,-1.5326791263479462,0.01568552330364316,12,0.002383129621135168
387,-0.6198609588604371,1.500285502459632,0.016086778025314257,16,0.014102692392168737
387,-0.5917345814438029,0.4805297280988364,0.016031804059680903,27,0.017092517260035356
388,-0.5740859252729862,-0.4883184037235949,0.015879631768224052,17,0.016786826021636576
388,-0.562723487365865,-1.5133266128935128,0.015898042050252536,13,0.016256341982926165
388,-0.6218374196987834,1.4971732877906956,0.01595289934207531,18,0.02254825719210851
388,-0.5920017949932331,0.4810894431109149,0.01598787967440436,26,0.01997147190564585
389,-0.5763439359241651,-0.4966254601381932,0.0159808634953974,19,0.019999906138503373
389,-0.5595938535117706,-1.512280377555774,0.016085237291993137,12,0.015450493117597162
389,-0.6215880701461957,1.4968887156902093,0.015882806247862567,19,0.02126310822324463
389,-0.5942746058823509,0.48389914055299477,0.015951268600584538,25,0.016233340484155364
390,-0.5714238158115587,-0.48635733568979195,0.015978049634904318,16,0.020843853531021098
390,-0.5685946168630782,-1.527230670983672,0.01603624539004224,11,0.0034419584979692693
390,-0.6235017151483963,1.4985079424879242,0.016012054434948676,19,0.01917845392121827
390,-0.5922550389632346,0.48418537752740404,0.01592507654931797,31,0.017193185966531594
391,-0.5742120188674155,-0.48720447526474303,0.015916887667440576,17,0.015510242582473695
391,-0.570270458335884,-1.522801536129959,0.015896798020464016,14,0.017583643371541977
391,-0.6244656201347818,1.4972252239016746,0.01618306969468191,18,0.01729899630042942
391,-0.5923870920270358,0.4834819294774395,0.01599640147777226,26,0.01625195811670521
392,-0.5709723490736395,-0.4908145106525741,0.016142943439991852,17,0.02102325931041891
392,-0.5688917491663407,-1.5121108177714662,0.015698968444136634,10,0.004058252415502632
392,-0.6231011136283003,1.4983053567858187,0.01585895937431927,17,0.017196207772171894
392,-0.5938484849244646,0.4821212246932636,0.01596903881348302,26,0.016550964553079656
393,-0.580951501671728,-0.5000279279789825,0.016252560703593027,17,0.01593528229310649
393,-0.5643774601186461,-1.5304299844737763,0.015952255478242396,12,0.0031010280679243394
393,-0.6217421154601436,1.49849015799137,0.015863089871815037,18,0.018995109944064153
393,-0.5947143790310202,0.4816634178959287,0.016030924695788054,25,0.01890916075556012
394,-0.5822472671263389,-0.5014892399330995,0.015936970535696645,16,0.007745926434286691
394,-0.5565167351576259,-1.5035084571328092,0.01590988978894689,11,0.0035843904247888562
394,-0.6186068884070864,1.4991153553559602,0.015975430898058147,17,0.020124882566390008
394,-0.5927061091002759,0.4827166416807573,0.015939046183849313,25,0.016537535160443578
395,-0.5777961908933297,-0.49755633498002316,0.015971680591814245,17,0.016258563872938052
395,-0.5657898855247863,-1.5203232660818249,0.016043795990047904,13,0.014337265872815598
395,-0.6229071360199767,1.5011997661878813,0.0158150377182135,15,0.015283048029782705
395,-0.5928517777431058,0.48249870421231167,0.01602377696499541,25,0.01700228067856003
396,-0.5741846768342052,-0.4898612010423109,0.015855191313210643,17,0.01717990377929418
396,-0.5598582876009487,-1.5050533812748863,0.015904547293000258,10,0.004172450278819455
396,-0.6250732741497169,1.4983298741861573,0.015984577229104756,17,0.016958605484835347
396,-0.597736526591196,0.48293661548456057,0.01590717744914484,28,0.016817549575473257
397,-0.5747291209559799,-0.49548691826366903,0.01590306567318042,17,0.020845462470115365
397,-0.5688917491663407,-1.5121108177714662,0.015698968444136634,10,0.004058252415502632
397,-0.6188687104425337,1.493735421424119,0.015965082791638545,18,0.02165357917300678
397,-0.5973148219891167,0.48504228315646647,0.015876981430415892,25,0.016046976297731465
398,-0.5736105775398834,-0.49580718092510706,0.016204437233602376,18,0.022536682984229315
398,-0.5727213051409933,-1.5209395863882946,0.01601534692875877,13,0.017550899719958896
398,-0.618013974070892,1.4961501857807806,0.01581307209441236,16,0.018584751657576677
398,-0.5944084583585539,0.4821617474889598,0.015964916790021787,32,0.019275344150862652
399,-0.5730726390319258,-0.493368921900675,0.016022168626291942,17,0.022312350166163886
399,-0.5633665334777953,-1.5164707943392162,0.01624291477505602,13,0.01636561465304676
399,-0.612565023478924,1.4956850275770033,0.015944502562491723,16,0.022428357409010655
399,-0.5929689715716324,0.48172347102938656,0.01591201330215002,26,0.01746092921856092
400,-0.5708266270116749,-0.48536198509205414,0.015863777759940523,17,0.015818745233858005
400,-0.564243718006151,-1.5326791263479462,0.01568552330364316,12,0.002383129621135168
400,-0.6206022783295938,1.4958742541481227,0.015987072342823677,19,0.02353046827103627
400,-0.5932716350486359,0.481428490232976,0.01593731551167971,26,0.01785882311333603
401,-0.5687334891459768,-0.4859462128425906,0.016159435294998296,16,0.01882564339297379
401,-0.5611462710979935,-1.5147621248201781,0.01630677934638627,13,0.018802404533835866
401,-0.6265813554777928,1.4992266304647421,0.016026200051802067,18,0.016684792016602324
401,-0.5949671023762836,0.4826107865598405,0.015892183245509676,26,0.017381157767300568
402,-0.57395068094758,-0.4929287481760193,0.015977889682693244,17,0.02042173294340261
402,-0.5665829250858468,-1.5144391486491051,0.016311254781372936,12,0.011959726213462448
402,-0.6208903048273638,1.5011835199097927,0.01582422165331604,16,0.013461571239181241
402,-0.5918872725561481,0.48233681800526856,0.016003072172554086,25,0.018123204426414942
403,-0.57202575232712,-0.4932144908710783,0.016170638145896737,16,0.022481705623493744
403,-0.5734730597138432,-1.523125656079606,0.016176311918812525,12,0.018105576648987726
403,-0.6250409964667637,1.5010878163224042,0.01624785575456314,16,0.013860873271536789
403,-0.5968778542703459,0.48303069613724303,0.01589378002547422,25,0.016876790708020034
404,-0.5771244105798518,-0.49349878737122166,0.015947468740183608,18,0.014255743011845805
404,-0.564652415110343,-1.5217541179655703,0.016181038257376237,14,0.01768608399956962
404,-0.624535617730736,1.499816584258945,0.015963868003463024,18,0.018279367210488773
404,-0.5938525032601926,0.48328236214813675,0.01592303885877654,27,0.018909830101402198
405,-0.5687492587925158,-0.4875174684982019,0.016036719794217325,16,0.01854644200745075
405,-0.5755060965931141,-1.525611815649963,0.015639320167439314,12,0.012783005379460373
405,-0.6248332336733629,1.4988854030788927,0.01587990759946633,17,0.01777186668611944
405,-0.5931146350785574,0.48408560374353504,0.016004320837999457,26,0.01609504593993248
406,-0.5706470020085906,-0.487285403070424,0.015811674609855813,17,0.01576556323809897
406,-0.5738180437107651,-1.5228833626757385,0.01594999057960099,14,0.019439962284508797
406,-0.6205469023623118,1.4988223288325093,0.016061114481076867,18,0.021897436243385655
406,-0.5903265473990128,0.4822359577620159,0.015998338169519972,26,0.0174710672737596
407,-0.5702662104234473,-0.4890867893038108,0.016081992980788475,16,0.021686765931051493
407,-0.5601845473005017,-1.510110443938457,0.016186492246296622,11,0.013568942999164967
407,-0.6215258049481301,1.497174417813886,0.01572964956425474,16,0.022458385920630656
407,-0.5938600838182201,0.48314483599150243,0.016020096004609227,26,0.015067913273434635
408,-0.5760263287435299,-0.4984652998776534,0.016358150484647643,17,0.020210073991918834
408,-0.5603720529881298,-1.532151861650069,0.015730695009708168,10,0.0
408,-0.6227993945365194,1.497611667993458,0.015982851445210187,17,0.016938174389662584
408,-0.594409475962211,0.482088612044089,0.01594770446890359,26,0.017200009906823032
409,-0.5740324800765271,-0.491752113060769,0.016033639990879745,18,0.0198591966429862
409,-0.6190852740184183,1.4963813794103848,0.01588438932136284,18,0.019195794683958742
409,-0.5918800206193676,0.48155955414846957,0.01590271678602544,25,0.01635385702923211
410,-0.5714999954553924,-0.48800066584354507,0.015864540269351458,17,0.01700494314129305
410,-0.5584902715326184,-1.5054704593647363,0.015642532685239862,11,0.005154460055716526
410,-0.6148165284317608,1.4928619248719355,0.015927224079380686,21,0.023509013347569767
410,-0.5906052734659111,0.4824663533453592,0.015910173039278632,25,0.017302281565117907
411,-0.577113739827841,-0.4937535345994887,0.01581455993126899,19,0.015856323607278636
411,-0.566235364556594,-1.5135114699037175,0.01629936065964822,12,0.01195183304807574
411,-0.620272228570797,1.4960467324445395,0.015830016842454702,18,0.02170796558373144
411,-0.5925483867223069,0.4824108689023057,0.015962001031418854,25,0.016546353705006667
412,-0.5714319708603685,-0.4893299740797803,0.015846732541717954,17,0.018033934953713998
412,-0.6241586409337392,1.4992220043806455,0.01585034955221672,17,0.01680147308736052
412,-0.5952020805234217,0.48340241148861635,0.01595262996681692,25,0.015820599349505752
413,-0.5749989728388728,-0.48898844655980617,0.015931470461279303,17,0.014842068556770695
413,-0.5524716413138867,-1.501520155761301,0.015385933935579537,11,0.0
413,-0.6250682892926642,1.4999313271000316,0.01609642908103513,17,0.01658132673212781
413,-0.5934247833132648,0.48377433393609565,0.015869364675977122,25,0.016553809352053417
414,-0.5759062473492578,-0.49433129110541546,0.015921051253787285,19,0.019133164697285997
414,-0.5660262358580535,-1.5083248253631354,0.015707675062868263,11,0.004526959243877731
414,-0.6212431693017603,1.4976563608675981,0.016051953374317095,18,0.018363244396307366
414,-0.59104587472149,0.48257673562229775,0.015932706877296678,25,0.01754117097706844
415,-0.5753052828624498,-0.4948244883352003,0.015986936043369496,18,0.02054251277220928
415,-0.5656513270270905,-1.5148811719534747,0.01586408160369363,13,0.016063399527680006
415,-0.6211490638528435,1.4976929250278888,0.016043467903939443,17,0.018845307327407544
415,-0.5934795482078364,0.4843133580515707,0.01593783584906221,26,0.017700630675329915
416,-0.5780046063065681,-0.49459610904055934,0.015949684656125288,18,0.016016416138247835
416,-0.5576582458622965,-1.5134772309157525,0.015934807880318834,12,0.01637422511314518
416,-0.6237229512508095,1.5017535595101847,0.016234978726826884,17,0.016612798534317283
416,-0.5952157008734249,0.48399190315595597,0.015997588004353414,27,0.018508523280931347
417,-0.5830803743754738,-0.5032753128320944,0.01633994981175273,16,0.004241936738335145
417,-0.5718107719498479,-1.524335385328658,0.01612578106239011,15,0.01909493707115541
417,-0.6223966534388576,1.498346410939163,0.01600672383145047,17,0.0183428416390014
417,-0.5948200749290176,0.4853336539410031,0.015928203441718154,26,0.014387768413855005
418,-0.57521057531039,-0.49334174602082254,0.015972018801175443,18,0.020602180029179476
418,-0.6182435118598669,1.495659551444399,0.01594840470049872,18,0.021188058805128387
418,-0.5933140460284131,0.4824395097782346,0.015946333514340737,26,0.017898722833128742
419,-0.5736664065302172,-0.49098897629588134,0.015982235231506294,17,0.01719413435521533
419,-0.5574983026366106,-1.5061554835662656,0.015216885033610385,11,0.0035750200301948912
419,-0.6202514888291495,1.4955411628420636,0.016063810466047972,18,0.020565969942826636
419,-0.5941217206037497,0.48277514061143917,0.015970072637190087,27,0.019325736519913532
420,-0.5741793572138391,-0.49122983219002603,0.015874370261667003,17,0.016971246976610465
420,-0.6230590414745486,1.4977110060286982,0.016003783410200926,16,0.018289328069733244
420,-0.5972616006132736,0.48269795954716666,0.01598569094437268,28,0.01645039941815642
421,-0.5778978513290913,-0.49426159528002733,0.01588320443281705,18,0.01719031286428897
421,-0.56461463770628,-1.5068335548762593,0.01622182920022745,11,0.005248629892284861
421,-0.6212432729213673,1.4990683302389267,0.015925875970691672,16,0.016393926308709336
421,-0.5951708977666872,0.4847781627543357,0.015959983928717565,26,0.017069329081604176
422,-0.573941359256415,-0.49297305424082005,0.01589139493328549,17,0.020406505842438888
422,-0.5645262604569511,-1.5164922590724208,0.016246648854885817,13,0.014982816823781359
422,-0.6239399624973722,1.4958517076862798,0.015981842044749745,17,0.0193390779945202
422,-0.59647145749702,0.48393387772662133,0.01601793997472785,26,0.0176631278485896
423,-0.570859524340721,-0.48846214468406557,0.01596397974944034,16,0.020029365066605947
423,-0.5706517579406596,-1.522886566912086,0.01586280396451621,12,0.016630414578334286
423,-0.6221991036146826,1.4984645785929573,0.015940183692972586,17,0.0163503352908827
423,-0.5962539893060984,0.48275821972068556,0.01594468134663944,26,0.017669188711581754
424,-0.5746138186731333,-0.49341769991709394,0.01590388591179331,17,0.020436729495420393
424,-0.5649305934506934,-1.5147520006345871,0.01611898528033849,12,0.014897520886782267
424,-0.6181012537453646,1.495790794883687,0.015891457870697786,17,0.02153903344557935
424,-0.5926151182031636,0.4834131014806078,0.01600407258050015,26,0.016781485946201213
425,-0.5777789115028721,-0.4932775049999506,0.01580659911822538,19,0.016680811689585906
425,-0.5653878922594662,-1.5106120716254683,0.015650476512037576,11,0.01046177788658871
425,-0.6233923068858611,1.4959989863254797,0.01600602541459665,18,0.022534101108573436
425,-0.5945203915913068,0.4838757549338616,0.015980033546839738,26,0.01795939451683369
426,-0.5779675096844202,-0.49417675281423795,0.015810765218478136,18,0.01775268425097485
426,-0.566235364556594,-1.5135114699037175,0.01629936065964822,12,0.01195183304807574
426,-0.6251485025272965,1.5020881433522038,0.016073253313131183,17,0.018701680206573517
426,-0.5951718238775209,0.4845489041699176,0.01599788549887194,26,0.01770260009194673
427,-0.5755790731556388,-0.49319962371024306,0.01595219593121634,17,0.019961520487476295
427,-0.5616444511021331,-1.5076138863144204,0.01576163217300407,11,0.005026903835015036
427,-0.6238265343238572,1.4999542933758732,0.016070572215536164,18,0.014663288266443733
427,-0.5941617957016392,0.4850863523774726,0.015918060243841133,26,0.016972212564747048
428,-0.5748522207210298,-0.4923859358196028,0.01599446081692774,17,0.01925864945761226
428,-0.5578470053950445,-1.5101780833986054,0.016062224392611513,11,0.014583876409365558
428,-0.6193946630808227,1.501378928630479,0.01621622027492079,16,0.016242686061639002
428,-0.5983035513975924,0.48413391942083484,0.01593233724266034,26,0.01768545992934762
429,-0.5776247630315056,-0.49656787232781974,0.015823369125393744,17,0.021410498593964503
429,-0.6257611091273992,1.5008887384948104,0.016129698901167267,17,0.016783209691733223
429,-0.5938431414178406,0.48370134705882034,0.01592367939492598,26,0.01873939196196242
430,-0.5741427823286862,-0.4892920860571619,0.01584908588779447,17,0.016224344029507853
430,-0.5595606403060339,-1.5140531908509631,0.016104392444142007,12,0.016854564561168392
430,-0.6209658905624813,1.4985022306638394,0.01598525066565031,17,0.019489440733290668
430,-0.5969028152085065,0.4826469677521429,0.01595860817806423,26,0.017596797395785468
431,-0.5771197877716577,-0.49321618665158373,0.015847675461154363,18,0.018779778411266636
431,-0.6216574505525655,1.499385101524616,0.015913357844645058,18,0.02148636077627435
431,-0.5944911249335135,0.48347261497320443,0.015953950825357843,27,0.01839410515281009
432,-0.5748299719550349,-0.4923783789357383,0.015983420251265097,18,0.018613365098044784
432,-0.575246558131674,-1.523851136941279,0.01615058649437483,17,0.019644530861411068
432,-0.6155467226219176,1.4959771692182346,0.01600985114757386,17,0.022309636442884556
432,-0.5939972754038072,0.48388408817402645,0.015943989777370764,24,0.017135731516856333
433,-0.5755345919189101,-0.4938803349400547,0.015863233057713456,18,0.01680393613049573
433,-0.557774742019708,-1.525112074289465,0.015659155056450377,12,0.017233875785312575
433,-0.62149052719652,1.4998184167088193,0.01598623882698139,18,0.020708601980126952
433,-0.5955844598106337,0.4844321292461327,0.01594948676612102,26,0.019197493561723032
434,-0.5766771275726469,-0.49400173070368447,0.015902277496435656,18,0.018012592986780762
434,-0.5568599368716437,-1.504436610260976,0.0159208047832046,11,0.0035872510390940913
434,-0.6223720031941431,1.4987135593443646,0.016075814399874638,18,0.020806845284893252
434,-0.5979150170447965,0.48566333458562116,0.01588754719505134,26,0.01816203555724777
435,-0.5755852478827045,-0.48917630910201026,0.015880081868980128,17,0.014073059662647242
435,-0.5692398788536489,-1.513033848751119,0.015713659354078285,10,0.004064145839469029
435,-0.6212356176192391,1.4972185978663357,0.015991785692156785,18,0.02220000664698036
435,-0.5977364184243487,0.4834190248072855,0.015985952099260153,28,0.01850465068986773
436,-0.5737804381255404,-0.4908420048033376,0.015928158485195246,17,0.016707272019217845
436,-0.560011936849695,-1.5253523924655092,0.01563363934655536,11,0.01893783042653301
436,-0.6236286294075639,1.4969991924825234,0.015985810628858305,17,0.01936817516801259
436,-0.5957240268521762,0.48384537895656604,0.01596171893618195,25,0.018535308523836107
437,-0.5750130638021607,-0.49230442844803957,0.01579169925671629,18,0.01829231597745736
437,-0.559663428896539,-1.518268420928081,0.0158118696056862,12,0.018160690771071675
437,-0.6214815409243457,1.5002318069182847,0.01615512625600251,17,0.01863992375326039
437,-0.5965545562333916,0.48492830801660713,0.015947969670774068,26,0.016555320053559325
438,-0.573705443825392,-0.49170947995445674,0.01593271376268698,17,0.02022603163673246
438,-0.5711322576297325,-1.5353677323463994,0.016391352057864916,11,0.004238458947328648
438,-0.6222325976667038,1.4988848459001816,0.0160417097310741,15,0.018989930377337805
438,-0.5964436325231705,0.48431668225305197,0.015978422511089288,26,0.015720921809521914
439,-0.5745528636665621,-0.49649673362183444,0.016053624518118346,17,0.021771906398125505
439,-0.5574983026366106,-1.5061554835662656,0.015216885033610385,11,0.0035750200301948912
439,-0.618500007516074,1.4965559036777678,0.01600602005270297,17,0.021223575190652967
439,-0.6001684311507198,0.4844642596452637,0.015944464196160992,26,0.01661226992184588
440,-0.5760244110344941,-0.49197637821481344,0.015940199683288282,17,0.017509704568722514
440,-0.553826372146817,-1.505201272847206,0.015462837825866035,10,0.0
440,-0.6191941470372582,1.4998235675761729,0.016048340460605513,17,0.0203901551289297
440,-0.5984069828513437,0.4842083792691027,0.015857152918869584,26,0.018446606686851198
441,-0.5748637066462224,-0.4946229936097129,0.01613691597086502,17,0.022041636778696336
441,-0.5643621214427056,-1.514291051881398,0.016061518665653515,12,0.014316453517327086
441,-0.6202327234818654,1.491162531717752,0.0160278135449412,20,0.021616691686257423
441,-0.5932080622052311,0.4849010096749305,0.015907119388194932,26,0.01729732520299289
442,-0.5753104899192086,-0.49109569935429886,0.015902931964930856,17,0.018598313574022453
442,-0.5749516499024586,-1.5250262703292599,0.015635908346869818,13,0.014182107274610917
442,-0.6174912138961285,1.4953947901635765,0.015902971823110398,16,0.01882334016082169
442,-0.5933068178714775,0.4822358633931184,0.015961559797767436,25,0.01825857505112238
443,-0.5767200860823359,-0.4939109837266493,0.015906112131922053,18,0.016713083177095217
443,-0.5584902715326184,-1.5054704593647363,0.015642532685239862,11,0.005154460055716526
443,-0.6242068042791606,1.4992235768895663,0.016157817419321263,19,0.019010195672355765
443,-0.5957347944433582,0.4848426020527685,0.01599693261031732,27,0.016128109893066685
444,-0.5740897943859147,-0.49083469946331076,0.015812999595225204,17,0.017117948152188662
444,-0.5633406188137502,-1.5310585046650973,0.01572657944345534,11,0.0
444,-0.6214332826489202,1.4966142375550548,0.016111967495980328,18,0.019379845772888774
444,-0.5959578615795841,0.4835755799268538,0.016019151834044836,27,0.016649893540319306
445,-0.5764322467368753,-0.4934414749828769,0.01594118972888907,18,0.016271553994177505
445,-0.5587111561611763,-1.5049503553063164,0.01538069395282873,10,0.0025137858199722266
445,-0.6238063816834315,1.4984934983541989,0.016057997329771864,16,0.018333839087601927
445,-0.5956324999549427,0.4831314825784988,0.015994863471555786,26,0.016854086730017714
446,-0.5746657176623944,-0.49361590099292857,0.015940213543151543,18,0.01921701779915819
446,-0.5571561702089772,-1.5052331454317358,0.015200482653607095,11,0.003573212106290214
446,-0.6236729103351522,1.4969385676123053,0.016066678737189134,19,0.01927628610033777
446,-0.5918496239566085,0.4838575009074435,0.015924420304448253,26,0.01671032829618488
447,-0.5741459789413441,-0.4900832181774531,0.01598738707411348,18,0.017374968758566554
447,-0.5705574252511314,-1.5218041173229857,0.015994098481378796,12,0.018100329246428612
447,-0.6250750886136327,1.5003418330794878,0.016018461058291026,20,0.01711974141901975
447,-0.5954685945357326,0.4836679425724201,0.015915020378966006,27,0.01831414700633454
448,-0.5741837107535505,-0.4919947287240437,0.015842542288178003,18,0.018377069928726897
448,-0.557171298068784,-1.5121744208517902,0.01525858459784994,12,0.014754015820476968
448,-0.6205788184239533,1.4972398367837598,0.015962514635524765,18,0.021205808056565523
448,-0.595987208636785,0.48471837597596285,0.015950497682951925,26,0.017484040087867594
449,-0.5757057319357609,-0.48868819108339,0.015906739993884093,17,0.017772266889260004
449,-0.5660676208511981,-1.512681980081479,0.01585430984988952,12,0.010597359512215966
449,-0.6234667727946168,1.4982124079721673,0.015986942285584494,19,0.02123722502029853
449,-0.597743157964287,0.4854740939595329,0.015899756981620796,25,0.016087452690755233
450,-0.5773024104764045,-0.49363639942808113,0.015793234349288206,18,0.01832519536184201
450,-0.5634936690209826,-1.5088528138417665,0.01567706437212454,10,0.004567977057537815
450,-0.6255467566998951,1.4971482122897994,0.01600395905402715,17,0.017976276162717818
450,-0.5937720563438041,0.48336518880200513,0.01592888708426715,25,0.0171781052591405
451,-0.5741331837029192,-0.49048849228989244,0.015776333386013287,17,0.01826777071646924
451,-0.5597999693753587,-1.5098724772150587,0.016041184487157377,11,0.013790253156164726
451,-0.6160666683401617,1.4985473621009766,0.015983104226724054,21,0.02240577783514454
451,-0.5953104569776024,0.48390305386333904,0.015969923778353233,32,0.018528956474342318
452,-0.573578105238628,-0.4913535996671222,0.015917611197710083,17,0.019186868721473436
452,-0.5649305934506934,-1.5147520006345871,0.01611898528033849,12,0.014897520886782267
452,-0.6224682339237028,1.4982928064413197,0.015923601581859216,18,0.019492360594111822
452,-0.599654656729935,0.48538802002750164,0.01591278401030202,26,0.01563699022057536
453,-0.5764873530271553,-0.4939011882875832,0.015909055360856197,18,0.01849278355555303
453,-0.6220609776502899,1.498405079094027,0.015964647050097838,18,0.01963380001660142
453,-0.5975553342510476,0.48503023922541283,0.015903582379486088,25,0.016926939636489564
454,-0.5729990635553466,-0.4883494730645449,0.01599483549659726,16,0.015932733011537796
454,-0.5616444511021331,-1.5076138863144204,0.01576163217300407,11,0.005026903835015036
454,-0.6185481160275276,1.4958819969257413,0.015895104749736877,17,0.019593278690614883
454,-0.5954967922493526,0.4831206325583465,0.015964188572191323,27,0.018246714300969188
455,-0.572473327780706,-0.4864192118201777,0.015907920979550468,18,0.01569296319481875
455,-0.6189400220162804,1.4977285492940056,0.01592598770527167,16,0.023228848580329996
455,-0.5953247905617792,0.48455044509794915,0.015921447641070313,25,0.01598129916649665
456,-0.5729828268834884,-0.4933581130985103,0.016087931635201197,17,0.02140081088809497
456,-0.5685440750122899,-1.524241979187674,0.016059982077898553,12,0.018030361815581895
456,-0.6205302527727541,1.494145317876771,0.015778627787672753,15,0.021119035143398673
456,-0.5921421593444339,0.4833352191615846,0.015979943757349083,26,0.017753838327067378
457,-0.5732492427150078,-0.4904199078814264,0.015858989756056405,17,0.019124429717638537
457,-0.555497798452489,-1.5098246820057541,0.01588278251600684,11,0.015231846757518335
457,-0.620920817827076,1.4966552013799714,0.016045946752206657,18,0.022537952493636926
457,-0.5964595441992054,0.4841859845451848,0.016005817320826683,25,0.016779518757029002
458,-0.5770575336335062,-0.4969932932251062,0.015981164655099803,18,0.020413234035091096
458,-0.5683043574420894,-1.5232219790540757,0.016066805998391203,13,0.019348284783282915
458,-0.6217105765363824,1.4970248396601478,0.015993740754857197,18,0.020880760730823185
458,-0.5957817321786321,0.48431148608650854,0.01599808905817139,25,0.016735878153366752
459,-0.5750038647204336,-0.4923801660322643,0.015971996645054158,19,0.018252109748827725
459,-0.5739283832263128,-1.5224273761081852,0.01609411375534273,14,0.0182339477688374
459,-0.6253050415512175,1.499266582510208,0.016017419768229145,17,0.016768249908047463
459,-0.5955795879697614,0.48434992308530905,0.01600109470249219,26,0.016840190533019397
460,-0.5749099971690054,-0.4913653667895872,0.015750714172767164,17,0.016611952059351252
460,-0.5573964487215483,-1.5332326712734123,0.015726653833406778,11,0.0
460,-0.6182596480796501,1.4968061698710071,0.016138598568661195,16,0.023872871984065857
460,-0.5955323460008136,0.4852073423020013,0.016032750331387423,25,0.016850166093564097
461,-0.5735862877300771,-0.4892376734624697,0.015786356298239556,18,0.016934178414770115
461,-0.6235805873682269,1.5023991961997671,0.01602893372254651,16,0.015663213783807077
461,-0.5962231311239177,0.4837589754176947,0.01595236103184155,27,0.01819415753800542
462,-0.5769490337973232,-0.49266172582187556,0.015949097029419913,18,0.01413230629462459
462,-0.5571561702089772,-1.5052331454317358,0.015200482653607095,11,0.003573212106290214
462,-0.6207702796069922,1.4992848349025063,0.01606345994868202,19,0.021154413704523527
462,-0.5970459056892427,0.4838398189098654,0.016016294769432345,27,0.01810334433812252
463,-0.5766546252502829,-0.4954728373887103,0.01603832093579248,17,0.01958407351031775
463,-0.6201068465177036,1.4965637753112624,0.016118402444772445,18,0.020567744584971133
463,-0.5970369484424382,0.484295109751436,0.015920885926064714,26,0.016567935199752852
464,-0.5725890022425656,-0.48980356621557236,0.015921371583823594,17,0.017053341061417523
464,-0.5574521934668251,-1.5117702503071464,0.015479363824992001,11,0.01537412231276828
464,-0.6238407331643749,1.4996053132517873,0.016063121943514506,18,0.013869869415881636
464,-0.5978593070924109,0.4846878464957656,0.015923390216327927,27,0.016701853725332172
465,-0.5761762495385723,-0.492784633289665,0.015906272196840376,18,0.019477315019586428
465,-0.5574983026366106,-1.5061554835662656,0.015216885033610385,11,0.0035750200301948912
465,-0.6194707299349832,1.4971824073692974,0.01592043554359238,16,0.021866658521891496
465,-0.5966980472682927,0.48361041852986963,0.015986278046062376,27,0.017113602982560892
466,-0.5770083812365864,-0.493681271091354,0.015841201056017096,19,0.019158310176253766
466,-0.5584902715326184,-1.5054704593647363,0.015642532685239862,11,0.005154460055716526
466,-0.623781280286762,1.5007161984778374,0.01605882546540056,17,0.016699747321418417
466,-0.5978041170489627,0.48533323446025806,0.015998676150161064,26,0.016029037473925218
467,-0.5757388097164061,-0.4910302974920211,0.01596472545073088,17,0.017002981343007626
467,-0.5574521934668251,-1.5117702503071464,0.015479363824992001,11,0.01537412231276828
467,-0.6229182453853332,1.5000524995787738,0.0161767974847081,18,0.02021935503690111
467,-0.5962495614305521,0.4855229184157712,0.016005976883396028,26,0.017307465311136968
468,-0.5763818973458628,-0.49493827635627186,0.015939774528624315,19,0.019273538272152155
468,-0.5574521934668251,-1.5117702503071464,0.015479363824992001,11,0.01537412231276828
468,-0.6258403321261274,1.5007176818942567,0.016046858683127937,18,0.017369672967250012
468,-0.5954799807948562,0.484884957056517,0.015915411650067993,27,0.018597359891720525
469,-0.5759677747678608,-0.4920897141376045,0.015829255707491267,16,0.016526095706673023
469,-0.5612841859877228,-1.5142572210514413,0.015965765722002794,12,0.016401978250559723
469,-0.6225455725129836,1.4991713752751825,0.016049658492123187,18,0.019814294416273515
469,-0.5958588602349675,0.48408932911562486,0.015975352998030188,26,0.016657397760202503
470,-0.5736801319643492,-0.4900529104693188,0.015860578188279982,17,0.01809684805810771
470,-0.5578407682719501,-1.5070833573039366,0.015228938977877705,11,0.003574666178138639
470,-0.620835213032216,1.5011342754192063,0.016054994770247792,18,0.018265485739153924
470,-0.5930290803835653,0.4833873707181198,0.015986154466874805,27,0.01772825770270545
471,-0.5761319987650808,-0.4929598507147303,0.015866224899010784,18,0.016871428189607192
471,-0.5574983026366106,-1.5061554835662656,0.015216885033610385,11,0.0035750200301948912
471,-0.6246081579040977,1.5014581222206265,0.016165242925217073,17,0.016207240728513782
471,-0.592692909915682,0.48391899428130564,0.01593764247541773,25,0.017134331789745272
472,-0.5661160040000673,-0.4861419885612058,0.01584383648523655,17,0.017517972755248454
472,-0.5646252406405554,-1.5136232206910103,0.015716722765551465,12,0.01277133662778542
472,-0.6237671595801101,1.5019960685454163,0.01605554568457139,17,0.017549957392894288
472,-0.5979367772642222,0.4857089108197642,0.01596019895263387,27,0.01638996461036437
473,-0.5772195495843381,-0.49382864878785343,0.01590042166891998,18,0.015754405517483038
473,-0.5613123484226439,-1.5209442698510613,0.015590571282817135,12,0.015755087584333125
473,-0.6263369781760955,1.5007451327409833,0.015966423378151157,17,0.014649777439340107
473,-0.5957299261824747,0.48471130364968434,0.01596188916504284,25,0.01834819999639857
474,-0.5781478675473207,-0.4977998748516302,0.01614452202849188,17,0.021133559445824176
474,-0.5581402048834607,-1.5139698075245984,0.015739137882926513,12,0.01655190608139892
474,-0.6198663129188197,1.5001846859680326,0.01577880193755015,15,0.01820426973831479
474,-0.5958189878321093,0.48356162390335494,0.01592681535198966,28,0.02085641313531371
475,-0.5770501433531787,-0.4928394501377101,0.015867242823290356,18,0.018533508070570488
475,-0.5565167351576259,-1.5035084571328092,0.01590988978894689,11,0.0035843904247888562
475,-0.6209965294859512,1.4989708797338932,0.016030312938503932,16,0.018418710050164384
475,-0.5994761939147074,0.48567547758265905,0.015995224802027933,26,0.017297232152437173
476,-0.5758431920115696,-0.4930043040643908,0.015931629055713926,17,0.018084961484291787
476,-0.5646641864774118,-1.5183602350616252,0.016227410202863893,13,0.015778845365941537
476,-0.6245898227371753,1.4985979078515874,0.016144370180236144,18,0.01866318885475667
476,-0.5938645456551531,0.48448315441239787,0.016025272343575977,25,0.01832318035842279
477,-0.5741967087253026,-0.4923444080313886,0.0158966346464786,17,0.018981632932931942
477,-0.5643129801562285,-1.5291254124964184,0.015620431070757657,10,0.003052255052411912
477,-0.6232770365582787,1.497288627985287,0.015928184783081077,17,0.017827861874647407
477,-0.5966180516008833,0.4838099777163585,0.01599511605099994,27,0.01669290052375302
478,-0.5780147137035896,-0.4923740251106567,0.015909742096113663,17,0.014666483420036954
478,-0.5531464168681913,-1.5033506530561371,0.015434718308637881,10,0.0
478,-0.618615276006416,1.4977449066086164,0.015701911369907135,16,0.018883389533515704
478,-0.5985116499997527,0.4847621962505018,0.015950277919512305,25,0.01667298682511519
479,-0.5758086323423022,-0.4906294180685489,0.015990245792472848,17,0.017190276293370325
479,-0.5647736009598858,-1.5162904274975113,0.015901624939104148,12,0.015160264680033194
479,-0.6189748310741332,1.493643398083771,0.015966675279966227,16,0.022681788822140864
479,-0.5951143588020419,0.4833622144622038,0.015979010316781013,26,0.01907756246617544
480,-0.5740014954313274,-0.4904492653138289,0.015815378401757063,17,0.01694255822474791
480,-0.5578407682719501,-1.5070833573039366,0.015228938977877705,11,0.003574666178138639
480,-0.6188420986934239,1.4949308212497248,0.01606848190083422,18,0.022650609008829647
480,-0.5931467533276658,0.4840677688334653,0.016002038140931395,25,0.01739579070747233
481,-0.5748692319296614,-0.4905215215393392,0.015874898879506612,18,0.018548334347058746
481,-0.5574983026366106,-1.5061554835662656,0.015216885033610385,11,0.0035750200301948912
481,-0.6250234257823439,1.5002701164041607,0.016043620417469255,17,0.01711870210453609
481,-0.5983827665745782,0.4841464267727506,0.016010541107997413,27,0.017100550419395354
482,-0.5733710656696497,-0.4928623745543692,0.016128446552898686,17,0.021799642564946396
482,-0.5710370818426257,-1.5252457107831816,0.01603158736060694,14,0.018470442386836913
482,-0.6203455304287325,1.4978541287257479,0.015899990802157385,17,0.019962161854353875
482,-0.5970609787094883,0.48432848807341816,0.015926223291000772,26,0.017716231846730227
483,-0.5770947947620723,-0.49633537012848356,0.016008787125624892,19,0.017178502081640946
483,-0.5574521934668251,-1.5117702503071464,0.015479363824992001,11,0.01537412231276828
483,-0.6256799340620856,1.499608839786926,0.016205174666237623,17,0.018237597176867515
483,-0.5954879562535235,0.48475335917143797,0.015930850066588287,26,0.018576848016853297
484,-0.576201033817992,-0.4941949570083979,0.015861998786076373,17,0.017136090069842524
484,-0.5574521934668251,-1.5117702503071464,0.015479363824992001,11,0.01537412231276828
484,-0.6231580078868233,1.500804105810383,0.016091961544958077,18,0.01786263877076237
484,-0.5944702997841954,0.4839330504347459,0.015976916507109484,26,0.018748347572022782
485,-0.576051817349506,-0.4931221428147058,0.015795953508838834,17,0.018994500277504767
485,-0.5571561702089772,-1.5052331454317358,0.015200482653607095,11,0.003573212106290214
485,-0.6233068391050621,1.500611875410687,0.01612725531835373,16,0.018898544961130852
485,-0.597298951476511,0.48414821668004815,0.01594919733834195,26,0.015642914454456074
486,-0.5749317086403879,-0.4910460077601584,0.015865589528091046,18,0.018620645395679817
486,-0.5571561702089772,-1.5052331454317358,0.015200482653607095,11,0.003573212106290214
486,-0.6244708959948291,1.496821310434487,0.016065711536356688,19,0.022215084440869216
486,-0.5984911925877492,0.4844251363516532,0.015945287600581268,27,0.015484598914473882
487,-0.5743693429520783,-0.4914844363287569,0.01581644290718129,18,0.01800683536820439
487,-0.5571561702089772,-1.5052331454317358,0.015200482653607095,11,0.003573212106290214
487,-0.6154686663937977,1.4873429378763448,0.0159101384248989,16,0.01945221420392009
487,-0.5959914654151584,0.483759459278052,0.015946591323794702,24,0.016378443247275394
488,-0.5777241706880217,-0.4935253766269086,0.015816368695075023,18,0.014648571052762255
488,-0.563841680653668,-1.516055249783366,0.016032028364349832,13,0.015335815345070291
488,-0.6227137821881205,1.499296784902621,0.016132951855387948,16,0.01827640374737139
488,-0.5925674198938597,0.48258034409482103,0.015990396640354444,26,0.018485438744082417
489,-0.577771085076007,-0.4956179203571575,0.015834378826845803,18,0.02069616406588075
489,-0.5640506195361493,-1.5134931484260825,0.015864916388743808,12,0.01443146444369022
489,-0.6200407075722573,1.4978237856675778,0.01595068858107641,17,0.019278434347726598
489,-0.5921058273930289,0.48291357646003696,0.01600900551359128,26,0.0173730206878883
490,-0.5773476529835163,-0.4929669091887658,0.0158732127613803,18,0.019405027177502192
490,-0.5571561702089772,-1.5052331454317358,0.015200482653607095,11,0.003573212106290214
490,-0.6230626734090194,1.4981214156187483,0.01607838470010088,16,0.01746183349876456
490,-0.5933906264555556,0.4819731525047135,0.015913795645478672,26,0.018537636711676533
491,-0.5748442186864061,-0.49272381593460524,0.015984618343914545,17,0.019440621572338546
491,-0.5574521934668251,-1.5117702503071464,0.015479363824992001,11,0.01537412231276828
491,-0.6230310507040772,1.4966194889991165,0.0160727350518131,19,0.018007946087860837
491,-0.5961934905336479,0.4848207000842479,0.01592701998080364,25,0.016728764193120776
492,-0.5771294225809683,-0.49357523880285903,0.015877576776004165,18,0.015106803208179498
492,-0.5689872979835552,-1.511623605602957,0.01580665150126903,10,0.004160706953898508
492,-0.6240909777931993,1.500015808134406,0.016137214801642256,17,0.01568471868329676
492,-0.595759725969535,0.4844728735438409,0.015930727699850416,26,0.01537822662448743
493,-0.5831108336024207,-0.5043789049690485,0.016148800686404657,17,0.003626938639465298
493,-0.5606563885403946,-1.5232690062966499,0.0156917537646492,12,0.016669945321381816
493,-0.6213993793672657,1.499846319630128,0.015859461334673062,16,0.01731707603183226
493,-0.5972090941205112,0.4832973215998431,0.015918477256463368,26,0.017207704592121228
494,-0.5726511587246736,-0.48753736963336086,0.015880173861782542,17,0.017540611306986205
494,-0.5684989882989244,-1.5268455706658346,0.016072076073345123,13,0.017569682763313693
494,-0.6207487996349965,1.4982940919471797,0.016021772323580714,15,0.02058759308031651
494,-0.5980650374546217,0.48424048085359994,0.01591697448837455,25,0.015141161900313373
495,-0.5720823849860773,-0.4915446159993424,0.016283227484608868,17,0.021806833556263092
495,-0.5587111561611763,-1.5049503553063164,0.01538069395282873,10,0.0025137858199722266
495,-0.6247496860618222,1.4983925244010312,0.01605569128930551,17,0.017985935247523545
495,-0.6008288864502389,0.48297479344411104,0.01586931253619615,27,0.01837750901397358
496,-0.5761012573398824,-0.4931631858452108,0.01602897800789699,17,0.02099542029655121
496,-0.553826372146817,-1.505201272847206,0.015462837825866035,11,0.0
496,-0.6232153893402799,1.4991079396008342,0.016088631265821367,17,0.017025169597671676
496,-0.5989281081442696,0.4862567035942012,0.015906370542509873,25,0.01676908156233663
497,-0.5750834447066189,-0.49455183733987673,0.015939561980148554,17,0.021070922760229836
497,-0.569217566090395,-1.5270658869622389,0.015618151396123296,11,0.01763631709454013
497,-0.6195524167163918,1.4975192187013453,0.015902597275249702,19,0.02086560487338176
497,-0.5970195874231539,0.4851800132380883,0.016003374331697948,27,0.015955820095936067
498,-0.5788887570105784,-0.49492087535104,0.015846172685180474,18,0.016225145058336134
498,-0.5616444511021331,-1.5076138863144204,0.01576163217300407,11,0.005026903835015036
498,-0.6217905460817091,1.4969942207218014,0.016073643296859064,18,0.020078955838894356
498,-0.5924819165435636,0.48375051847827955,0.01601204029659567,26,0.01686724607835623
499,-0.5785025767865978,-0.4956306360952939,0.015809676311503536,19,0.018513335504813235
499,-0.5599062842393323,-1.5149908074588512,0.01611444197724435,12,0.016867616959319157
499,-0.6241300319399306,1.4992313561258241,0.016062553040918987,17,0.018805323784916
499,-0.5946888533634134,0.48387772585407146,0.01592165389806883,25,0.01644525410843845
500,-0.579960846283637,-0.49489701450899337,0.01590221432464268,19,0.015552686576217414
500,-0.5667881469699975,-1.5135249325574922,0.016007072924239536,12,0.00895383153661036
500,-0.6223222560049586,1.4976713872853813,0.015840940256236707,18,0.01841193145535988
500,-0.5978546216455094,0.4844853358572186,0.015922356549158755,27,0.016220045309089173
501,-0.5770729527009403,-0.493680324644433,0.015930770393409815,18,0.018628878251356465
501,-0.5642785646115447,-1.5126944829411708,0.015704386044609803,12,0.012760468189875782
501,-0.6204773223372364,1.49764212558098,0.0161499950326948,17,0.018636693215815046
501,-0.5942541041455944,0.48390621895370906,0.015953630171498832,26,0.017170655852837096
502,-0.5781861796121875,-0.4942163857710837,0.01600425021762793,18,0.017513614773101868
502,-0.5692398788536489,-1.513033848751119,0.015713659354078285,10,0.004064145839469029
502,-0.6205370735361064,1.5012416725413287,0.015993949936047535,16,0.017173439831930475
502,-0.5867614290503756,0.48124915031724247,0.015841912607680676,21,0.018660722589579785
503,-0.5780946319738607,-0.4950567413429359,0.01595647350353784,18,0.015562434507433614
503,-0.5574521934668251,-1.5117702503071464,0.015479363824992001,11,0.01537412231276828
503,-0.6239274687539211,1.5002018794640155,0.015877381014537187,16,0.01669008092327985
503,-0.5884401976491478,0.48475108540959666,0.016014394562729767,20,0.016964156399383336
504,-0.5766003068570756,-0.4941538003954302,0.01591935307154709,18,0.01825649038112233
504,-0.5571561702089772,-1.5052331454317358,0.015200482653607095,11,0.003573212106290214
504,-0.6196550058097641,1.4950536918666095,0.01592064965500521,18,0.02215621088775637
504,-0.5850958878947874,0.4829605459438852,0.016025868297590295,21,0.017709512804412787
505,-0.5755473028001733,-0.4933871863410095,0.015898618022939376,17,0.020025487996405914
505,-0.561060340178496,-1.5209052075394531,0.01595281181708496,12,0.0160550235422623
505,-0.6232657599613173,1.4996298663352934,0.01581405662583544,18,0.0187343143439386
505,-0.588431446313713,0.4843643092000148,0.015829201913828552,19,0.018257395796419773
506,-0.5770800445262018,-0.4937273603602344,0.015830018331930748,18,0.016851690161858283
506,-0.5633406188137502,-1.5310585046650973,0.01572657944345534,11,0.0
506,-0.6208879614076658,1.49732535609409,0.01596589444059188,18,0.02170252301013231
506,-0.5860680646541158,0.48545475239725105,0.015937629579860436,19,0.015129450890676202
507,-0.5739985216329617,-0.49188644708793094,0.01589345765315844,17,0.018123860124743502
507,-0.5574521934668251,-1.5117702503071464,0.015479363824992001,11,0.01537412231276828
507,-0.6235859494495694,1.4982642424193733,0.015989621071887648,17,0.017859269198136313
507,-0.5885705341421397,0.48414943317928305,0.015929857078540065,21,0.01863758679698633
508,-0.5745428068930167,-0.4945381677019347,0.016039514089592033,18,0.020792804083516175
508,-0.6244602287559433,1.4988699028046388,0.015879333001391775,16,0.014543265589267745
508,-0.5872226277351236,0.48491249604859393,0.01599372958354673,19,0.015837343575650552
509,-0.5731116011118123,-0.49037650815112954,0.015855701889099582,17,0.01689400793652275
509,-0.5558398679885138,-1.5107527533113005,0.01589562741346519,11,0.015241943814216202
509,-0.6237453877519338,1.4993194973022876,0.01600213990008475,19,0.01826734275136394
509,-0.5864819547079512,0.483956589191075,0.01592722024449305,19,0.01673547208237259
510,-0.5730164185957266,-0.491326247681786,0.015947625342822628,17,0.019406161277720164
510,-0.5633984173303507,-1.5185598700454206,0.016043048094663358,13,0.016745675123061257
510,-0.625281819442837,1.5003794521119873,0.016167213565843244,17,0.017763068117850774
510,-0.5859457810823208,0.48370726455909563,0.01590919331683685,21,0.016667833532937583
511,-0.5744910000547607,-0.4923269526966747,0.015783831323107667,18,0.019870406421089094
511,-0.5701867311003268,-1.5232869791703867,0.015983933634040184,13,0.018628904128024627
511,-0.6241969716160267,1.4991150853300004,0.015924706888158696,17,0.01746718128003036
511,-0.5866025013334423,0.4848505235624853,0.0159161691024307,20,0.01467188167491489
512,-0.5732616226839483,-0.4897862333844219,0.01605581751362495,17,0.021313035142415407
512,-0.5648112751173328,-1.5173319589395624,0.016286003115035627,13,0.01482884892922375
512,-0.6217987295485223,1.5008390055523158,0.01576228699374764,16,0.015005044189863245
512,-0.6013435423579543,0.48808722609145827,0.016049632856403123,14,0.002870613266311754
513,-0.5743753143027139,-0.4931541905480888,0.01597020426299756,17,0.02085046651203177
513,-0.5732881045504883,-1.524822515008117,0.015671681918731126,12,0.014919860486634419
513,-0.6245120861553967,1.4998489730255218,0.016024803176521628,18,0.01992344156301205
513,-0.5893736405799025,0.4848257415764228,0.015973424085100794,20,0.01761446352678705
514,-0.5704084965689319,-0.48836760375449423,0.01597735672528921,16,0.02040876141322663
514,-0.5641596423173636,-1.5160336739058506,0.01588616102097771,13,0.01508000044558957
514,-0.6240605866490445,1.5016765851022726,0.016147285347153217,17,0.014280328878464137
514,-0.5881882753920683,0.4843266583092084,0.015976930812163045,20,0.017787554777790024
515,-0.5747436066336316,-0.4944284114668404,0.015958609752267396,17,0.020526749103290432
515,-0.5633406188137502,-1.5310585046650973,0.01572657944345534,11,0.0
515,-0.6209824436502976,1.4957920503731,0.01631720285536337,19,0.02002628983018837
515,-0.5853054414475006,0.48476376285654593,0.015954165571404225,21,0.015487463844328649
516,-0.5756099002765589,-0.49499861643561194,0.015942204971500486,18,0.019871415786175507
516,-0.573517339931467,-1.52558740005384,0.01555846367831279,14,0.018264799739750048
516,-0.6232948700506226,1.4962790449392627,0.016120374767729376,19,0.019415604272460682
516,-0.5799216841429675,0.4743837713507001,0.015907149675243704,14,0.007354922263327497
517,-0.577416200340558,-0.4973119809568537,0.015946560756976345,18,0.018862395087911012
517,-0.5657847451589219,-1.5109280199287056,0.01571800179734415,11,0.010364889915829765
517,-0.6206468659349557,1.4963696304087493,0.016143175374691773,17,0.018767009828763864
517,-0.5804585864228454,0.4741160468314973,0.016078577564122974,14,0.008418349654656328
518,-0.5767703658748474,-0.4956212072053421,0.01586408706344462,18,0.019819536209937632
518,-0.622394814509283,1.5017052841725966,0.016155807817908905,17,0.01823092521874779
518,-0.5833843378126635,0.47327702861422577,0.016109405301727633,14,0.017436274225740372
519,-0.5760154575776268,-0.4927694485157827,0.015948424673227057,18,0.01746068374516673
519,-0.5578470053950445,-1.5101780833986054,0.016062224392611513,11,0.014583876409365558
519,-0.6230096012483711,1.5017084872245778,0.016059805227088667,16,0.014027209577628208
519,-0.5834636694671663,0.47822315688111977,0.015907654475708674,14,0.012606741138692097
520,-0.5728782469497063,-0.48865832533742337,0.01590858415497333,17,0.019810790270639637
520,-0.558807024982227,-1.5063951403574103,0.016122629293499273,11,0.013499744779969772
520,-0.6229556569110491,1.4996189058461238,0.015906860696666674,18,0.018387221590475518
520,-0.5858511096706045,0.4810382996233641,0.015919203282118145,14,0.01205242210662603
521,-0.5768963942384899,-0.49531638844872955,0.01592264058090821,19,0.021203445697800017
521,-0.5609630337374303,-1.5159820630748373,0.01595391428747572,12,0.015988901764098937
521,-0.6257893713146043,1.5013692213959235,0.016277473759489975,17,0.01644547793953289
521,-0.5837268710189583,0.4802204228350264,0.015375526956636113,11,0.013431123193710223
522,-0.5765678910809656,-0.49635720281193,0.01601245670145471,18,0.02088893992639116
522,-0.5697755792087635,-1.5234874905338283,0.016139957682681203,14,0.01897902618953512
522,-0.6251465642861332,1.4996092761419912,0.015973624255063337,16,0.01604239036503442
522,-0.5823771483949515,0.4756228963767046,0.016098832689973124,14,0.015823650332978136
523,-0.5762691874750983,-0.4961401240313649,0.016194158308334684,18,0.02166532647443232
523,-0.5684394634761136,-1.5222526864273842,0.016124063872288315,13,0.01761943787895156
523,-0.6232587390581315,1.4994753647093422,0.016062866393028393,17,0.016694098872753582
523,-0.5854656866647121,0.4823136910586139,0.01589982344545347,20,0.01664415594614576
524,-0.580494687239238,-0.5029376245020101,0.01644808225535782,17,0.014958019086042785
524,-0.5595151398657895,-1.5041302940662566,0.015889186530485957,10,0.004172579370389
524,-0.6253770766467092,1.4991977845219433,0.015925615965438355,18,0.015959130317740763
524,-0.5878470830846869,0.48164099840388336,0.01604580705721891,22,0.019474370417673546
525,-0.5771554728007752,-0.49508895003368775,0.01586364724324604,18,0.01967824607303221
525,-0.5651588774912263,-1.512587871126565,0.016423914592942363,12,0.01218266410208982
525,-0.6214744568058622,1.500060500916686,0.015867032190959574,17,0.017210959551933268
525,-0.5869451697933241,0.4823518341174214,0.015871128261506398,21,0.01965521648247312
526,-0.5765183308508184,-0.4926098974450783,0.01584545149573542,18,0.017656878004697944
526,-0.5741777873000442,-1.5235627444934272,0.015969831360074304,13,0.013901771694494679
526,-0.6225371672600921,1.5005233767406518,0.015903151705598924,17,0.016006116354979873
526,-0.5933193833861653,0.48263148823008983,0.015964822702759156,26,0.017976276449897396
527,-0.5721546023493679,-0.490224931559915,0.015955988560358268,17,0.021170911575863854
527,-0.5620052577116036,-1.5103774742041982,0.01621069028584324,13,0.014968655566355245
527,-0.6261866211514665,1.4992117033316006,0.015986421299539904,18,0.01626704153925667
527,-0.5859042817161969,0.48192631133970143,0.015993258781465628,21,0.018541868289891135
528,-0.5769771525502138,-0.49478958794952604,0.015744845767270022,18,0.018490291449966337
528,-0.5629627242906765,-1.5168333485873002,0.01639669091209142,13,0.017417861445430942
528,-0.6259762135663404,1.4996083498045805,0.01587971679540529,17,0.015387531528799412
528,-0.5882338550218222,0.48411949060642123,0.01593827803529952,21,0.018341831295121142
529,-0.5774733497815894,-0.4944456010479311,0.015873128003473545,18,0.01484384439508536
529,-0.5719115963442523,-1.5220264691107985,0.016021135931186578,14,0.020107837884954866
529,-0.6212837190956128,1.4986659381615504,0.015912788225832048,18,0.021289476438036928
529,-0.5798771817562384,0.48142716045627454,0.01610215135304377,24,0.011934555464390973
530,-0.5744288952217615,-0.4925469130459776,0.01600071450975878,18,0.019306085436510384
530,-0.5670580071165271,-1.5138276354824227,0.016301990705360703,11,0.012153358449832364
530,-0.6260727892477056,1.5009128287193025,0.01607602866341157,17,0.016181891467807977
530,-0.5860103826749964,0.48359431343720777,0.016014940602066454,21,0.015813501576045347
531,-0.5776506762366637,-0.49436090867115723,0.015910993292450076,18,0.018418485499100756
531,-0.5568147055442799,-1.5043085702294305,0.01518590674078787,11,0.00357616545021681
531,-0.6208779878261818,1.498150998720298,0.015662775344643488,16,0.01552262785538841
531,-0.5819718979925378,0.46893883775472006,0.016305776049947138,13,0.0169752163735148
532,-0.577233339184999,-0.4935637815212582,0.015885101281113964,18,0.019848328920013137
532,-0.5587111561611763,-1.5049503553063164,0.01538069395282873,10,0.0025137858199722266
532,-0.6197740241270706,1.491768304144311,0.015895542478670015,19,0.02335816176838962
532,-0.5866327761731461,0.4775200484059693,0.016066972264097437,14,0.021845257547760448
533,-0.5752311567523225,-0.4911011805257354,0.015837345547357152,18,0.019491504765956666
533,-0.5674541840755147,-1.5152311605607436,0.01612442157811233,11,0.01184460974463879
533,-0.6237424247098252,1.4967450800177782,0.015837823092974122,16,0.01980214001912718
533,-0.5984384027840303,0.48413949397617734,0.016479842876975025,14,0.017564351918692194
534,-0.5716000792333193,-0.48967367351150776,0.01593503869728484,17,0.01979671233326696
534,-0.6226672686952677,1.499796492100214,0.01593502477347829,16,0.016327345326670656
534,-0.5806118835117732,0.4728437508572952,0.015900643685050606,14,0.00879316136480465
535,-0.5754257942698978,-0.49180220784965517,0.015930973884083866,19,0.019408238985505904
535,-0.5551561635504388,-1.508896074356426,0.01586408814364132,11,0.015213060434644628
535,-0.6224400205582223,1.4972305441159328,0.01614056197090437,16,0.018854910857057174
535,-0.580800569919276,0.4761385712436283,0.016011945637209583,13,0.011957210604411775
536,-0.5725494734191761,-0.4919035329487653,0.015913498816601996,17,0.02206205934255821
536,-0.5565167351576259,-1.5035084571328092,0.01590988978894689,10,0.0035843904247888562
536,-0.623967286087076,1.499122972848585,0.016137467180890513,17,0.015599186134053068
536,-0.5884773819449262,0.4747760497487012,0.0166373186050995,13,0.020733951384776496
537,-0.5787380766430489,-0.4987620509508943,0.016056546286699985,17,0.0175121783534603
537,-0.5531464168681913,-1.5033506530561371,0.015434718308637881,11,0.0
537,-0.6218605878295616,1.49797140409445,0.015895328093425684,16,0.020171168252543916
537,-0.5810713216985377,0.4755591774472418,0.015768557595652183,13,0.00901349301762382
538,-0.5774054897059302,-0.49742267802122303,0.01637682675816111,17,0.021170230659382217
538,-0.5695277806574415,-1.5234306951192862,0.0160673445932257,12,0.018564420584052138
538,-0.624506178782944,1.4965232197753182,0.016144635978120055,18,0.01940470129527
538,-0.5798992101552369,0.47424655773076524,0.01607730814616538,14,0.00762897858783198
539,-0.5755691098379353,-0.4932183843968131,0.015986725926592938,17,0.020583940584522068
539,-0.5678518223707167,-1.5238187825971166,0.016076211967081255,13,0.01961246085296498
539,-0.6219980590031018,1.497393317564039,0.016073251944997084,18,0.018601619404325684
539,-0.5805388631991028,0.47449466127866463,0.015622008465702593,14,0.014620765139167338
540,-0.5811891931467427,-0.4980778512815946,0.015843228435083578,20,0.017279472679441604
540,-0.5610839143897162,-1.5219612379724938,0.015786252042325893,12,0.016884467066561378
540,-0.6239764195755914,1.4986941075768825,0.016000244683337588,17,0.019489838223508048
540,-0.588313110737403,0.4772719542310751,0.01589003175170737,14,0.02017238860941776
541,-0.5794528456890052,-0.49811549327887933,0.0160670450879058,18,0.01880012388265966
541,-0.5574983026366106,-1.5061554835662656,0.015216885033610385,11,0.0035750200301948912
541,-0.6229073217824233,1.502964210707043,0.016011988783173885,17,0.015004113584280577
541,-0.5932442747362158,0.4786728313172361,0.01630307546487273,14,0.022221574917070365
542,-0.5750815385190776,-0.4937410216852737,0.016030960611928442,18,0.021630263019358536
542,-0.5580973549592565,-1.5110307906955163,0.015548087909504441,12,0.014654555319647386
542,-0.6211312879555833,1.50122500668978,0.016178484560921528,16,0.01840166190153174
542,-0.5919897025204242,0.4795394195614058,0.016570117119435554,13,0.02253223542948966
543,-0.5774196885908701,-0.4995946578910722,0.01606329416069922,16,0.017350180305735843
543,-0.5610839143897162,-1.5219612379724938,0.015786252042325893,12,0.016884467066561378
543,-0.6230408025484284,1.498709851170028,0.016203395258279147,19,0.019961024217510236
543,-0.5784369428584142,0.47130328041740155,0.016228712485099085,14,0.0027567317783358967
544,-0.5768667230534544,-0.49563170813371743,0.015926233575195237,19,0.01965858035264069
544,-0.5668596032699973,-1.514774640829108,0.016477287637430515,12,0.010975668484249385
544,-0.6272526202753275,1.499547273348387,0.016180862645414726,18,0.014763729249368938
544,-0.5811438610722044,0.4733688015509622,0.01588539503815055,14,0.013128870707874668
545,-0.5720393294789784,-0.48847504311051404,0.015887041269421778,17,0.016380462575528176
545,-0.5584902715326184,-1.5054704593647363,0.015642532685239862,11,0.005154460055716526
545,-0.6228146834429394,1.4972741845712407,0.01589386179367591,19,0.019197949922989517
545,-0.583723105492985,0.4743758155353647,0.015966611603931705,14,0.01692514442077949
546,-0.5762684954600042,-0.4910386738759328,0.01582649441588694,18,0.018434057543398028
546,-0.5706103428637752,-1.5311773309785408,0.01608240020957277,11,0.0038936226311415086
546,-0.6209325150677565,1.4975022122302402,0.0159845996184719,18,0.021845310631868634
546,-0.5828257214635841,0.4778081105609635,0.01577147747904053,14,0.012590684466849024
547,-0.5773787112352231,-0.49659800679511074,0.016003008100453475,19,0.02048121856400885
547,-0.5578470053950445,-1.5101780833986054,0.016062224392611513,11,0.014583876409365558
547,-0.6255627841962171,1.4979517749252993,0.016043606670982993,17,0.016450719205334058
547,-0.58139783927778,0.47394024711677263,0.015836723167798522,14,0.014116745002862746
548,-0.5766026250152543,-0.4921789142034877,0.01598768427124044,18,0.01648885917947306
548,-0.5666470531372334,-1.5148005235927022,0.01624242401426044,12,0.0107850711871071
548,-0.6226241299378755,1.4982222523104158,0.015976564908455355,18,0.015349429621096587
548,-0.581409549534057,0.475046832124199,0.015753790807396615,14,0.00793176839396521
549,-0.5734082821403785,-0.4893087753419781,0.015957545637973386,17,0.0199183917959416
549,-0.5571085799932081,-1.5108364866801034,0.01545984923685215,11,0.015347349975048509
549,-0.6219165031963667,1.4964470284844293,0.015926822106897002,18,0.01862036748884178
549,-0.5859876530240152,0.47608964031381557,0.016342844960113567,14,0.018525635439321488
550,-0.5766728855682498,-0.4952270882369486,0.015940960266036697,18,0.020788300804729237
550,-0.5642708549149783,-1.5132656376503817,0.015749300892574106,12,0.013083661549264136
550,-0.6231750675910327,1.4992274626962925,0.016229459399087435,19,0.019318286251729738
550,-0.5871239797984272,0.47698875243882083,0.015914392915565033,15,0.01668100962090905
551,-0.5749723412327882,-0.4917017822236257,0.015909831338280323,17,0.019326082385065696
551,-0.6204807160252447,1.498284396805815,0.015911580463892173,17,0.020958332523925368
551,-0.581104923338474,0.4747938384319532,0.01606916980443703,14,0.011139053318825455
552,-0.5778570090623558,-0.4974217862849225,0.0159649708749148,18,0.02013438851916452
552,-0.5572683819118149,-1.515571097360057,0.01588796491576478,12,0.017120557262584886
552,-0.6233983198169402,1.4994992827153404,0.015901219175083196,18,0.019341343857062078
552,-0.584795924560969,0.4754564768678039,0.015970714399595836,14,0.01836503086398873
553,-0.5794304600427822,-0.49872528711479897,0.015909769249653902,17,0.015397063485980082
553,-0.5566508229561908,-1.5166709400455047,0.015583814613580247,12,0.01809967170807371
553,-0.6252259221538905,1.49681761605346,0.015993286851063496,17,0.018425817609060157
553,-0.5853110059444873,0.47757152525638347,0.015928856782757742,15,0.014952843355841799
554,-0.5730814202806046,-0.49059223105990285,0.015848395978718267,17,0.019597505395342756
554,-0.569588133518148,-1.5139616613466709,0.015723840968668242,10,0.004068249661739428
554,-0.6245607418473975,1.5000418552195491,0.016049337678877926,16,0.016084804180783417
554,-0.5829575116503538,0.47701604862960606,0.016035636194058456,14,0.01458200018418299
555,-0.5750354134904143,-0.4935076429108756,0.015972467493058553,17,0.02039639182154348
555,-0.553187880094583,-1.5033455285065862,0.016118956119086918,12,0.003145666070180974
555,-0.6190701793088061,1.4980278467755166,0.016088768904657207,17,0.021281083848306147
555,-0.5797945094241609,0.474605191637789,0.01608694670548151,13,0.011589883234175655
556,-0.5745574357989636,-0.48960669189082545,0.015844325601920214,16,0.021510982524872428
556,-0.5636367571976516,-1.5307230737362474,0.015391792534307586,12,0.003210944106914006
556,-0.6259443643603793,1.4994050628506705,0.015953184841782053,17,0.015417264430238251
556,-0.5885222188105383,0.4755816226048066,0.016252046439710358,13,0.022114302946632296
557,-0.5728232444358313,-0.49107725383900563,0.016015529656833612,17,0.02100492824038886
557,-0.557171298068784,-1.5121744208517902,0.01525858459784994,12,0.014754015820476968
557,-0.6240945983218253,1.4990588027025158,0.01614629121850646,18,0.017037051794976044
557,-0.5824533462607053,0.4757959072278987,0.01589364724745614,13,0.013972188593142015
558,-0.5742809151941003,-0.4914936492617977,0.015934806792229625,18,0.01971798852501671
558,-0.563945181158894,-1.515846152280948,0.01590659033191151,13,0.014829041244326283
558,-0.6189453753193764,1.4954244681693882,0.015948852932414638,16,0.020883877809918856
558,-0.5800542532817656,0.467595012546492,0.016189493402930896,13,0.0016576160717001395
559,-0.5742592176012368,-0.49280407802253606,0.016094928843913885,17,0.021460574934588455
559,-0.5659286861039878,-1.5184543106610677,0.01578551930995865,13,0.013392551192504203
559,-0.6215497621739031,1.4988060322268468,0.015936348631837814,18,0.021251420319245963
559,-0.5818645872525028,0.4757110399102567,0.015977225514352437,13,0.013506029145080062
560,-0.5735655365476385,-0.4891989127068949,0.015759954302070153,17,0.01817539136773141
560,-0.5571561702089772,-1.5052331454317358,0.015200482653607095,11,0.003573212106290214
560,-0.624677152553436,1.4988711018594432,0.016053985277831362,18,0.01782174693634025
560,-0.5825994097503674,0.4730001283832716,0.01630937670757459,13,0.015418571730868445
561,-0.5770901302928888,-0.49536711138219996,0.015965823460761856,19,0.0196395912447535
561,-0.5574521934668251,-1.5117702503071464,0.015479363824992001,11,0.01537412231276828
561,-0.6231796654242526,1.4967302507738645,0.015961840751158463,19,0.02165113546126472
561,-0.5860860731974835,0.4781661763900619,0.015877676816676567,15,0.01640624061883866
562,-0.5743827058152391,-0.4962014219011627,0.016067445075278027,17,0.021736974639876026
562,-0.5694223846905383,-1.5215368227790773,0.01598694919853494,13,0.0199309766576404
562,-0.6214163088295575,1.5008616195590865,0.01593181103156545,16,0.01733643669216335
562,-0.5931586571942947,0.4809393719174138,0.01597909286652087,13,0.022276741915873064
563,-0.5707490713918205,-0.4897597558201694,0.01591943981883037,16,0.021324652865071982
563,-0.5578470053950445,-1.5101780833986054,0.016062224392611513,11,0.014583876409365558
563,-0.6228911729469025,1.4997269668155118,0.016118942682359794,18,0.017454210851741675
563,-0.5838741710645076,0.4761238326964606,0.015914932856116483,14,0.01540058181651721
564,-0.5756678934821283,-0.4941503203629889,0.01601358715761183,17,0.020704060083041424
564,-0.5685724010623862,-1.5174961113906995,0.016314133777171454,12,0.010581955971200228
564,-0.6222655984809811,1.496869475019632,0.01606629716960252,18,0.019065163216171868
564,-0.5956029097390094,0.481739157472319,0.01657825766480674,13,0.022827436961842525
565,-0.5757063190859834,-0.49370002100474986,0.0160379801825778,17,0.021136840553666113
565,-0.5603720529881298,-1.532151861650069,0.015730695009708168,10,0.0
565,-0.6227466688060764,1.5000008425682965,0.015872637360796842,17,0.017427117974164123
565,-0.5966874725529988,0.4828945565428704,0.015958301288652672,14,0.019996381621270643
566,-0.5809352085317382,-0.5005385726131637,0.015822875258445526,17,0.015662397468972317
566,-0.5674985535387838,-1.5084066589981109,0.01565169085359437,10,0.004040947417970487
566,-0.6207723760318165,1.496090908116404,0.015943973223644103,17,0.018962297970758157
566,-0.5837569149863964,0.4769940973714556,0.015839316531329292,14,0.01289872394933914
567,-0.5769978851763414,-0.4952423415303108,0.016095617183443975,17,0.02106886289948807
567,-0.560308582917447,-1.522322257431467,0.015675215995054996,12,0.016651715592728343
567,-0.6226616459531333,1.4995007864251775,0.01587050623793074,17,0.017058363911515557
567,-0.5800427123682593,0.4754345998026252,0.016013022911208867,14,0.006983886765189356
568,-0.5771208456533224,-0.49508179748022574,0.01583485251989251,18,0.018341237525917518
568,-0.5654371199003985,-1.5164094212460402,0.01611772642838526,12,0.014483290947239193
568,-0.622548035436026,1.499047888294625,0.015987403862038105,18,0.018017599622093355
568,-0.5833442552680397,0.47191112094719023,0.016428795364524056,12,0.017151447087235837
569,-0.5756935972733396,-0.4939889587439737,0.01589788790582816,18,0.01870540456248044
569,-0.5558398679885138,-1.5107527533113005,0.01589562741346519,11,0.015241943814216202
569,-0.61950180041028,1.4991423645661632,0.015940296700642856,17,0.01877972876406099
569,-0.5927196590362627,0.4809548033026109,0.015895295741878167,14,0.02058341255599263
570,-0.5739164250865697,-0.4911829189768042,0.015756811022659478,18,0.019294832363144627
570,-0.5633406188137502,-1.5310585046650973,0.01572657944345534,11,0.0
570,-0.6246704713329403,1.4963918312015176,0.01605324233620891,18,0.018130527524835967
570,-0.5809008712452632,0.4743189695947656,0.015899266664522637,14,0.009594204424152184
571,-0.5773239717845402,-0.4958804709649068,0.01596830645180241,18,0.020942370309250172
571,-0.567881909386571,-1.5190173620875964,0.015929872658624365,12,0.01446782632383789
571,-0.6237711679108452,1.4974272252297418,0.016051879727738708,19,0.01695059472222299
571,-0.5826968549113543,0.4728001508181846,0.01627010746834221,13,0.015525187003751523
572,-0.5783584661133303,-0.4959501036868958,0.015919403632017628,19,0.015750876561820296
572,-0.573517339931467,-1.52558740005384,0.01555846367831279,14,0.018264799739750048
572,-0.6212254259792298,1.4978604692039401,0.015989588916863265,17,0.015690082469079367
572,-0.5968388698254932,0.48158137417347735,0.016230459039566814,14,0.02147976358313517
573,-0.5743675352808342,-0.48911687418399397,0.015963104278726145,17,0.01890999143636264
573,-0.5599874320355411,-1.5172325322973035,0.015630634881816194,12,0.0167447193039687
573,-0.625128170588625,1.4982072656055077,0.01597742295954839,17,0.01572330149681719
573,-0.5957968007777361,0.4831770316875421,0.015902778099136608,14,0.018536446820584616
574,-0.5718912608954416,-0.48978565620220527,0.015982091442008114,17,0.019367263703829928
574,-0.569752101377639,-1.5242163657231624,0.016126358215983804,13,0.018561152752321994
574,-0.6229322919289522,1.49869475795717,0.015879068111770592,18,0.019861948172602704
574,-0.5802855021179476,0.47201012516169605,0.01602767705882361,14,0.009602999622911489
575,-0.579676833468785,-0.5000896870260321,0.01622961065221864,18,0.01588507985013773
575,-0.5586754254549884,-1.5192431511440099,0.015319070287988493,12,0.01668100485542263
575,-0.624019373432942,1.4972004986301786,0.015838851227547416,17,0.018901352480444618
575,-0.5802486100267845,0.47761584457007916,0.016106649429574446,14,0.013234605125192849
576,-0.5786032077330132,-0.49649895720692966,0.015977809698909266,18,0.02007021535105684
576,-0.5574521934668251,-1.5117702503071464,0.015479363824992001,11,0.01537412231276828
576,-0.6202116091249538,1.4964919770953415,0.016012000946893753,19,0.020708158248922037
576,-0.5858838195145833,0.4758056667109,0.016212792349938568,14,0.020014098201176948
577,-0.5739786051772959,-0.4930922169772345,0.01597648338420596,17,0.020752054358205846
577,-0.5587111561611763,-1.5049503553063164,0.01538069395282873,10,0.0025137858199722266
577,-0.6204741669531916,1.4979755674703907,0.01603286372118486,15,0.020061285866652238
577,-0.5979116798075215,0.4864038076548926,0.016047260269485622,14,0.017046512012692017
578,-0.5737706092953717,-0.48965731645751814,0.015904926211608106,17,0.01689019872653344
578,-0.5653070024168952,-1.5161287855227144,0.016177442065968866,12,0.015276873252609444
578,-0.6203418193475524,1.4979450589144718,0.015774563049805894,17,0.018811559422324955
578,-0.5834993607795953,0.47687517712424715,0.01600094487697501,14,0.01757167044484653
579,-0.573760229484231,-0.49090571843027375,0.015859699078354002,18,0.020312972629052555
579,-0.5631430264727726,-1.513558799556476,0.015789105597070835,13,0.014650725206475479
579,-0.6225187698522928,1.4989127393353727,0.016009404596203432,16,0.0196678491265593
579,-0.5964732649422132,0.4833229746931029,0.016045202025801744,14,0.020190786665186703
580,-0.5743511550328881,-0.4923401575948112,0.01586508975832076,18,0.020384302794600413
580,-0.5578581102214102,-1.514038238155273,0.015286852677476067,12,0.014778877495172323
580,-0.6178076964371205,1.4962516059490547,0.01605785779701137,18,0.02406979307572348
580,-0.590783503834075,0.4778093235774175,0.016280214982308115,14,0.021515653839574846
581,-0.574452724171559,-0.49253925510719815,0.015975166494959284,17,0.021645252126387245
581,-0.5639080190256691,-1.5130736013525086,0.01587033734803555,13,0.012351593269256313
581,-0.6202283668048048,1.4983211190282328,0.01593457691404755,16,0.0169261788709251
581,-0.5804294459764947,0.4739153899795511,0.015905706843845183,14,0.010543309599314436
582,-0.5774550786735043,-0.49938420784408494,0.01656894240573454,17,0.020466044581486497
582,-0.559102414133813,-1.5185402519522575,0.015797338255695157,11,0.01894952152187689
582,-0.6236661286396473,1.4970571696472639,0.01597159814740508,19,0.018242935591943232
582,-0.5928689937966306,0.47845010045668845,0.016571666933818202,14,0.02308277368293819
583,-0.5783567260231774,-0.49524415864333826,0.01598003609510156,18,0.020477126689194356
583,-0.5657815140033718,-1.5252472160280932,0.01622154970529616,13,0.005898646876886111
583,-0.6238326904509097,1.4992146445440686,0.01594639886461187,16,0.016303661193643453
583,-0.584317691703523,0.47674416396607106,0.016040407894702503,14,0.017023490830245583
584,-0.5727250267539298,-0.48657856479940725,0.015897228314704526,17,0.015847116880268516
584,-0.562469021310741,-1.5229840927350617,0.015709592827395334,12,0.015923536130430148
584,-0.6233338365341478,1.498067102216993,0.01587922476555477,16,0.01694727862729636
584,-0.5806124164451724,0.47536371296878843,0.016120104847019787,14,0.013473885523526598
585,-0.5797082136478346,-0.5022766649239824,0.01622968884018631,18,0.016991617528618403
585,-0.5574521934668251,-1.5117702503071464,0.015479363824992001,11,0.01537412231276828
585,-0.6232591400721502,1.4975172792180393,0.015984513632918314,17,0.019164496532419133
585,-0.6019206678205951,0.48811632306053854,0.016148698859477232,13,0.0037097774101502836
586,-0.5750177853512383,-0.4918992938468176,0.01587871730876143,18,0.020411083727594564
586,-0.5677763497930005,-1.5109240862587725,0.01597134582737448,11,0.004120539138293434
586,-0.6194886676342946,1.496629823702451,0.01600666892145151,16,0.01937693297741268
586,-0.5907405345467311,0.47947832122052947,0.01654027828283868,14,0.02251920805515616
587,-0.5754935370226939,-0.4948601060976638,0.016065582470338607,19,0.02039793817317981
587,-0.5750912703039937,-1.526398522662633,0.015553865834721714,12,0.015846667275543392
587,-0.6228184707683148,1.499628607081024,0.015938175330041406,17,0.019253387709302894
587,-0.5852419313893544,0.4801215212262953,0.015905096605014362,14,0.013289978279919764
588,-0.57339985255587,-0.49230596913034563,0.016155688979610068,18,0.02136082227210661
588,-0.5596975931505188,-1.5058131728697939,0.016369523343406838,12,0.005343559533892253
588,-0.6238845385275514,1.4983438248056946,0.01593960003380379,19,0.019100621314388836
588,-0.5848370525733029,0.4792370947359365,0.015797208425928286,14,0.01280255510558529
589,-0.5759080304275883,-0.49447045674779394,0.016068769402890384,18,0.02100109944467194
589,-0.5579132294889075,-1.5124159514895896,0.015958151329757184,12,0.017499203193396765
589,-0.6235295486841113,1.500689723581125,0.016055605830019557,16,0.01784153928966068
589,-0.5840843485106549,0.47637082560194866,0.015937125820798165,14,0.01627075186290776
590,-0.5771560031916813,-0.49786289537237516,0.0160658779842008,16,0.02012902180409907
590,-0.5670821718519999,-1.5120649721071435,0.016081837915833206,12,0.0046126573278721435
590,-0.6226617656717977,1.4997932137302414,0.0160327551687078,18,0.016227374537271164
590,-0.5885440539247032,0.47718570603445115,0.0159226013627086,15,0.019226209867837993
591,-0.5776164598623187,-0.49708452899142114,0.016078255025173918,17,0.01969113347773559
591,-0.5637328678981098,-1.512669522723058,0.016002117541310402,12,0.013962933909237581
591,-0.6231360267674007,1.500470174341542,0.01613971205915431,18,0.01811799620906048
591,-0.5860315792019943,0.4773756618567747,0.015967920136739856,14,0.01818546768229281
592,-0.5758341192859312,-0.49079861634262106,0.015762035755418232,18,0.01782017506131966
592,-0.5634789284647445,-1.5314422458448251,0.015869311494356154,11,0.004126758680178354
592,-0.6232736364770126,1.4976531066542424,0.01610159607619801,19,0.02042332441683966
592,-0.5897212627584196,0.4788120318469234,0.01609064546690999,14,0.02354792492289417
593,-0.5743400293003442,-0.491150282089507,0.01584269479706836,18,0.020589169106373886
593,-0.5744617030404155,-1.5249381799157509,0.01609453476606037,13,0.01575905230638025
593,-0.6227219173136679,1.499678091103339,0.01598590897020019,16,0.018941250788521664
593,-0.5828916749642912,0.47770257979762576,0.015730914190346005,14,0.01260511829507553
594,-0.5750776364697744,-0.4926819000221265,0.015975463082948584,17,0.021455009559346976
594,-0.561781427864191,-1.5053782508685236,0.01619628240193994,10,0.005149231600239027
594,-0.6207382627271077,1.4980547017200412,0.016080592324226615,18,0.018148849346140843
594,-0.5803134380541399,0.47605421666158537,0.01600175913888418,14,0.008999834564975889
595,-0.5792022383151966,-0.49815143261471956,0.01592313951325489,18,0.019147892736178576
595,-0.5624516962572719,-1.5207316082802744,0.015839345093584728,12,0.015754831919826323
595,-0.6220928243775677,1.4985906714642234,0.016024098346596738,17,0.018364879766281376
595,-0.584094276394426,0.47677757862870807,0.015967331897946913,14,0.014392740882960695
596,-0.5768126543288418,-0.4972468323374551,0.015854273132909772,19,0.02130889211344566
596,-0.561055272544312,-1.521359206321741,0.01582203962346479,12,0.018093109806200706
596,-0.620710615192463,1.4990984776509617,0.016019708140904313,16,0.01943783770094515
596,-0.5833690272221035,0.47633920185824447,0.01596992143200759,14,0.012573327754710801
597,-0.5743927514743543,-0.49161494132870925,0.01581450875287445,18,0.018814625471996173
597,-0.5558398679885138,-1.5107527533113005,0.01589562741346519,11,0.015241943814216202
597,-0.6219024206934232,1.4984783137119446,0.01603607989822578,17,0.017061836576611908
598,-0.5782562374846081,-0.4964077535312156,0.015983964028554974,19,0.016950749054137012
598,-0.5589633781741898,-1.5283059587501402,0.015635693214171367,10,0.0
598,-0.621680515771504,1.4971583956592778,0.01610516071801532,18,0.017844150772632232
599,-0.5764079130377547,-0.4946338094601392,0.015851180229755138,19,0.020414476605781655
599,-0.5568147055442799,-1.5043085702294305,0.01518590674078787,11,0.00357616545021681
599,-0.6232589527033671,1.499187121952074,0.015921564098401064,18,0.017682752595055123
599,-0.5849733036065191,0.4747511983379875,0.015961982797500406,14,0.017456177953525606
600,-0.5759532951204982,-0.49485707660829775,0.016046125272648152,17,0.021939724288131675
600,-0.5727293751315915,-1.5219515788245765,0.016101344484202883,13,0.01851340378615707
600,-0.6213495519696999,1.4975901168411734,0.01584835347043525,17,0.01993745971279652
600,-0.5893624318530922,0.4810612643350256,0.015970389404909947,15,0.02132762501890631
601,-0.5744571741304574,-0.4912635938702159,0.015864716200211047,17,0.01784324721904667
601,-0.5627030105793474,-1.5140639477284141,0.016335247391121025,13,0.015874398028954635
601,-0.6248248225497531,1.5013303206094308,0.015911664034674113,18,0.016043674664581904
601,-0.5936416162214444,0.4819606370321672,0.016047905144903025,15,0.02098470243797159
602,-0.5763604931291817,-0.4949107939899316,0.01587338937237783,18,0.02064469806424842
602,-0.5590543422911021,-1.5058723785322552,0.015397083119436241,10,0.002515268319589638
602,-0.6235201155961068,1.4996733277164247,0.015950678993158808,17,0.01516174610230425
602,-0.5885548405973532,0.47819984526753667,0.015957981839455668,14,0.01963990496670148
603,-0.577751041711537,-0.49563804044031456,0.01593350573467061,17,0.020124834891219395
603,-0.5667455061414205,-1.5140004503459676,0.01605099805025141,11,0.012215778834719554
603,-0.6234412486476605,1.4981323617419693,0.015975899635849652,18,0.018971461977160157
603,-0.5881061175898091,0.47828949488404554,0.016009344657806575,14,0.0188790650811526
604,-0.5757819775924672,-0.49297938679762227,0.015985829516125327,18,0.019642826401676302
604,-0.570282088937482,-1.5204409611793255,0.01617330124743003,12,0.01842394730331107
604,-0.6206378071411534,1.4980965684209044,0.015852559583254208,18,0.020982141798290815
604,-0.5943969745542778,0.4824254526181535,0.015934376498384428,14,0.020131259739726036
605,-0.5781934793089474,-0.4947371151572722,0.01587557967796906,19,0.016700068631943687
605,-0.5571561702089772,-1.5052331454317358,0.015200482653607095,11,0.003573212106290214
605,-0.6228328144575487,1.4996724664694039,0.01599630327255,15,0.019178982746658566
605,-0.5814596106704316,0.47515231674158853,0.016022803194903675,14,0.012055883599669144
606,-0.5739995696828766,-0.4916807703769424,0.015877886745982124,17,0.02004371214871969
606,-0.5666348269256793,-1.5287680191371038,0.01594097256454209,12,0.004768282697330206
606,-0.6242212501703818,1.5003217755738842,0.01609772092579763,18,0.017637546299845385
606,-0.582103879937568,0.47508679169813633,0.015974813452254377,14,0.01285573625892415
607,-0.5772224704010435,-0.4928797750929953,0.015928845583031318,18,0.014032263748572233
607,-0.5743511499983721,-1.530677503109999,0.015894199260270827,12,0.017117920444390308
607,-0.6249192129710304,1.4982492564941436,0.015897701549002476,17,0.018196073453921317
607,-0.5799045657732278,0.4711975997342726,0.016284519548845595,14,0.0026389687005603426
608,-0.5733230944077091,-0.4890073809689319,0.015808278551614832,17,0.017952671560614357
608,-0.5767944003433058,-1.5280178531099566,0.016075744716756577,14,0.016696367316042487
608,-0.623237617092125,1.5017253092576297,0.01603525814764079,17,0.016524927640943515
608,-0.5867577938578104,0.4757581971436505,0.016159268982492835,14,0.019484473033404035
609,-0.5725869923430091,-0.48887273507002243,0.015839941261000034,17,0.017610403204814187
609,-0.562328691399893,-1.530600709361512,0.01582769356937043,11,0.0013072133179674993
609,-0.6246881673670455,1.499959553285235,0.015950215864649668,18,0.016195846776873857
609,-0.5888501094297427,0.4757636278460984,0.01663981559340118,14,0.022034268315599258
610,-0.5728512242027212,-0.4893412685311149,0.01594618166081155,18,0.020375881708661715
610,-0.5561760497738172,-1.5025872288801378,0.01589225212306447,11,0.0035807830058407425
610,-0.6247072156830173,1.5001896897708376,0.016076923621134033,19,0.018107439739234874
610,-0.5823771483949515,0.4756228963767046,0.016098832689973124,14,0.015823650332978136
611,-0.5740665024860225,-0.4914267592933932,0.01591134765159463,17,0.01924159859827992
611,-0.566512306674743,-1.513846540777977,0.016466421093592764,12,0.010968411917293622
611,-0.619495872872015,1.4967315982472433,0.015899515558752488,17,0.019380117097116616
611,-0.5814642541706545,0.47521407207401883,0.016007433001137987,14,0.012656406434326318
612,-0.5762901623292392,-0.4935091176082553,0.015930924603022433,18,0.01921747896712167
612,-0.6224525843527526,1.4990235197483923,0.015984240845153725,16,0.01723435113856253
612,-0.5857355693651087,0.47536869130618287,0.015997805004469907,14,0.017501020626190886
613,-0.5744837593709669,-0.49133757883816565,0.01596520888513901,18,0.020264595549213886
613,-0.5619187759247594,-1.5252042090346698,0.016319565577381682,12,0.015603653125956636
613,-0.6231289621675212,1.499967458746284,0.01589824345205688,18,0.018363179215198783
613,-0.5827858445571608,0.47458306097480696,0.015971580279781662,13,0.01348828313953649
614,-0.5746471660274765,-0.49367854574543263,0.016060224617560598,17,0.021497962149458028
614,-0.5666922069718938,-1.5118595301357265,0.015911538212682017,11,0.01028321694748244
614,-0.6204378061108116,1.4935351409720568,0.01587566373636875,19,0.02310953805535102
614,-0.5825508948034963,0.4760180502985062,0.01597218816446449,14,0.010809805679563477
615,-0.5783430125881771,-0.4971687080083236,0.015968521335335564,18,0.019802037367627718
615,-0.5598582876009487,-1.5050533812748863,0.015904547293000258,10,0.004172450278819455
615,-0.622500448673782,1.4985752405845258,0.016107049442986947,19,0.018803634442904067
615,-0.5919897025204242,0.4795394195614058,0.016570117119435554,14,0.02253223542948966
616,-0.5755957880659622,-0.4935257218393783,0.016020786745988287,17,0.021463557104933327
616,-0.5574983026366106,-1.5061554835662656,0.015216885033610385,11,0.0035750200301948912
616,-0.6208658459716979,1.4982145175524009,0.016215084050831018,17,0.019741667959730605
616,-0.5785423117305757,0.47624073964668706,0.015909538329729883,14,0.0043010329568911815
617,-0.5773258216062941,-0.49692507894004967,0.01635221420099162,17,0.021428186349138626
617,-0.564643339051531,-1.5240961053964315,0.01601834802608001,14,0.01766524494002982
617,-0.6166597180473222,1.4934374862182018,0.015856784722866914,17,0.022025343085055327
617,-0.5832704710733183,0.47658364181334667,0.01589363207610887,14,0.013457247133774851
618,-0.5741084621470853,-0.4922159469542682,0.015990171355068906,17,0.01973296504865468
618,-0.6242116329240145,1.5008599290014109,0.016230977447723588,16,0.01653885461486802
618,-0.5875144495548256,0.4770980462297767,0.01582614478619922,14,0.02102154857125181
619,-0.5760290825146136,-0.49205339566593154,0.015763466069798497,18,0.017704894738431058
619,-0.5590543422911021,-1.5058723785322552,0.015397083119436241,10,0.002515268319589638
619,-0.6226274394560204,1.4978717143400282,0.015949098325729296,18,0.017461614251878064
619,-0.5935064739372714,0.4815925973921984,0.015934743260110656,14,0.020639676511374667
620,-0.5768887805009859,-0.495970200902843,0.015965132830533406,18,0.01956983272933299
620,-0.5645134690272274,-1.5166271318489177,0.01611930273489473,13,0.014651868287002868
620,-0.6202786344756513,1.4968171949972682,0.015894889604532426,17,0.020450140962757594
620,-0.5820582064626248,0.4763412196648697,0.015815593231630096,15,0.01272319582817154
621,-0.5751715551416977,-0.49256908890895734,0.01586304692217486,18,0.01643596734196196
621,-0.566235364556594,-1.5135114699037175,0.01629936065964822,12,0.01195183304807574
621,-0.6225565139959549,1.4968792066326557,0.015949090633143353,19,0.019921535754506045
621,-0.5842094865619973,0.4772849935980607,0.01586545360585122,14,0.014054216757649634
622,-0.5772836791453101,-0.49608545870446524,0.015967678425023602,17,0.02051606427102256
622,-0.555497798452489,-1.5098246820057541,0.01588278251600684,11,0.015231846757518335
622,-0.6256056095406096,1.499325445238078,0.015953355209635128,17,0.01590833446596065
622,-0.5877175648996846,0.47685709845129565,0.016003599953097393,14,0.018220263931512166
623,-0.5765782849463627,-0.4952381402991835,0.01604374457418494,19,0.021061432641073706
623,-0.5719281724938524,-1.5230203654437353,0.016173855824380485,14,0.018898572407827084
623,-0.6235237170694988,1.4998566815632504,0.01595088102343274,18,0.018278484296450372
623,-0.5825677602897118,0.47529636869387654,0.016003610790384412,14,0.01164894661476435
624,-0.5743146352346404,-0.49002251579163963,0.015897520963235198,17,0.020019726923314416
624,-0.559349418326849,-1.511266177318117,0.015171288890350682,12,0.01537251188072499
624,-0.6255670025699057,1.5001764641682578,0.01595787564049813,17,0.017427977474295833
624,-0.5878182788122326,0.4770138241874156,0.01591569453880109,14,0.01940675323716367
625,-0.5748495663542935,-0.4949294516727436,0.016040340835976916,18,0.021971583128620038
625,-0.5574521934668251,-1.5117702503071464,0.015479363824992001,11,0.01537412231276828
625,-0.6270025428884176,1.500384095185562,0.016038328037002923,18,0.015141415135792157
625,-0.5833044004363225,0.4773259221632356,0.01607230652556517,15,0.014886315034654093
626,-0.5714419594454715,-0.4898817343351615,0.016006998847456565,17,0.02217992245121269
626,-0.5677763497930005,-1.5109240862587725,0.01597134582737448,11,0.004120539138293434
626,-0.6216821490473059,1.4980836529927428,0.01584474139955809,16,0.01769436851491755
626,-0.5984179560185054,0.48326802589407597,0.01589947123579788,14,0.019074129677494632
627,-0.5777650357583233,-0.49568148559281217,0.01590979297260481,17,0.019337103465163902
627,-0.5672344917377369,-1.5147656938493599,0.016301768931032704,11,0.013038817593977174
627,-0.6233216758257316,1.4979774644997434,0.016021821043261702,18,0.018675090581733427
627,-0.5837643438891754,0.47658733522355795,0.015942796170585954,14,0.014219926987933106
628,-0.5748674199502021,-0.4919087145114115,0.015816212350652222,17,0.021360779932466045
628,-0.5558398679885138,-1.5107527533113005,0.01589562741346519,11,0.015241943814216202
628,-0.6222663957851677,1.4964876305764971,0.016026314341112693,19,0.01988214277492224
628,-0.5845745203275976,0.47653024818750483,0.01615290929921105,13,0.018320986834844028
629,-0.5750179802965074,-0.4891672508759069,0.015933132113582698,18,0.01724284846304177
629,-0.5567657715277109,-1.5099071755169302,0.015441847639499337,11,0.015329283028294881
629,-0.620972850373892,1.4973190175130853,0.01590719237299727,17,0.01762334335318329
629,-0.6033418166933711,0.48831455360713494,0.015826751596468867,14,0.002978098449212475
630,-0.5762064197523041,-0.4943853065632332,0.01597250211691603,17,0.021253477386103357
630,-0.5656670776212162,-1.5259388846883037,0.015947403380094993,14,0.018986310662895366
630,-0.6198280612791476,1.4960824117448146,0.01597873151748687,18,0.02096628609579897
630,-0.6055483738296112,0.4878194335613317,0.016471469191216902,14,0.004048904772917927
631,-0.5765813038245338,-0.49430525797766545,0.01584925906351197,19,0.019002306881214473
631,-0.5603720529881298,-1.532151861650069,0.015730695009708168,11,0.0
631,-0.6249412802175536,1.4989097830159837,0.015913577829304262,17,0.01650015215756421
631,-0.6033554146718353,0.48876965302969294,0.016099689310049563,14,0.0035113363019043456
632,-0.5739387307766074,-0.4896540542722688,0.015969337129888586,18,0.018722089388899663
632,-0.5661665054277645,-1.526870945344875,0.0159427265583439,14,0.01851783804224185
632,-0.6205484781627086,1.4983245805722154,0.016076060317154243,18,0.022123144986863394
632,-0.5973565733203864,0.48265684566284317,0.01627510492476844,14,0.020212224517904307
633,-0.5724311268356385,-0.4899081060722597,0.015994255238984564,17,0.019305653448993147
633,-0.5603720529881298,-1.532151861650069,0.015730695009708168,11,0.0
633,-0.6219875721145044,1.497361027915168,0.016144755721639377,18,0.02042848423263917
633,-0.5913151041082515,0.4758621998107027,0.016725819736514148,14,0.022138246544667287
634,-0.5758683462969341,-0.4938322029049734,0.016076624461808155,17,0.022376820168448514
634,-0.55936642622682,-1.5225953940968033,0.015591467279067739,12,0.017729272426947204
634,-0.6208519750425766,1.4966760877088894,0.015941657628803202,18,0.022276608633481857
634,-0.5924518448522222,0.4789630158254912,0.016570545489047562,14,0.02255370007128186
635,-0.5773361407517362,-0.49522729025281925,0.01586770425795271,19,0.020111229700057808
635,-0.559663428896539,-1.518268420928081,0.0158118696056862,12,0.018160690771071675
635,-0.6214357526563327,1.4976360814607648,0.015987732924494295,18,0.02017837467387365
635,-0.5835329439107637,0.47724311374899026,0.015997914392624744,13,0.017511466381881512
636,-0.5764012103607299,-0.4955367556933582,0.01592327168216105,18,0.020398588978681968
636,-0.5568599368716437,-1.504436610260976,0.0159208047832046,11,0.0035872510390940913
636,-0.6196148870945427,1.4970515808910803,0.015970598981241504,17,0.02102922572544308
636,-0.5825702360480599,0.4761678900622152,0.016007060642952705,13,0.014912469117750786
637,-0.5723778895649552,-0.48969217961181793,0.015909672941035364,17,0.017210626055275433
637,-0.5646609000688673,-1.5196623045347202,0.016029769038623194,13,0.01574574884634516
637,-0.6239672145334098,1.49893228505602,0.016127268383716063,19,0.016799227665928295
637,-0.5861471479404295,0.47433499025098885,0.01630271823847442,14,0.018464860848682926
638,-0.5777002146095771,-0.4989933599662468,0.016354179581955477,17,0.01930118069636921
638,-0.5653878922594662,-1.5106120716254683,0.015650476512037576,11,0.01046177788658871
638,-0.6231453758804371,1.4988585364121152,0.016060732367301385,18,0.017017887511269824
638,-0.5801911278689766,0.4697593401671119,0.015977695751481905,14,0.002503795153809714
639,-0.5758706798871195,-0.4974086448819109,0.01626884939186246,16,0.021101373749734184
639,-0.5626586539116244,-1.51667890570067,0.015772635240899183,13,0.016314271280081664
639,-0.6208616431902754,1.4994958218574286,0.01583154490360443,16,0.019951239191977863
639,-0.5868854845041988,0.4778520432610166,0.015944219244893303,15,0.015853847269488706
640,-0.577612442025095,-0.49348336733304554,0.0157857658472378,18,0.018179970343995107
640,-0.56393232550181,-1.5117648330914466,0.015691767578135996,12,0.012748562533996715
640,-0.6245465819329935,1.5006412110424805,0.01596968458949068,18,0.018123174821353654
640,-0.5865245134594617,0.477770041917604,0.016025309368565988,15,0.01581498626478222
641,-0.5730534044474079,-0.4926229743977243,0.015764520992396596,17,0.02100100612627538
641,-0.5640812561053161,-1.517333212278505,0.01597211534687798,13,0.015662216741143004
641,-0.6227033482856166,1.50119224064475,0.01603906774013002,17,0.01622169778402913
641,-0.5865719814915173,0.4783819918329669,0.015938633238002486,14,0.018094535150705304
642,-0.5727809353710304,-0.48885008291987525,0.015835152692421542,17,0.015883989252078748
642,-0.5776885666767629,-1.5250805659486364,0.016140904061103013,11,0.013169247292909258
642,-0.6206866896067453,1.4975170677117455,0.015967596048512347,18,0.02216581563839669
642,-0.5850515794076115,0.47756699937017005,0.016055663695913925,15,0.016808717587188986
643,-0.5735381419778487,-0.4916133681228065,0.01600127224765479,19,0.018292262402752404
643,-0.558190673476863,-1.5111102231285054,0.016074104747723666,11,0.014595698390482133
643,-0.618561936173038,1.497758045916425,0.015928766502708573,17,0.019761571525168685
643,-0.581344023770405,0.4773492688222385,0.0158999188454969,14,0.010192535712417053
644,-0.5744973701607856,-0.49059527285100674,0.015790874254888405,18,0.018592669649964328
644,-0.5565914761289933,-1.5128305916828326,0.016261180827903385,12,0.0171596888374827
644,-0.6232812070386339,1.4973474187558817,0.015876763182246623,17,0.018271764444073336
644,-0.5885861074773561,0.4776366259855235,0.01595410424797245,14,0.019460837634271838
645,-0.5775915280294035,-0.49598791030231837,0.016028658315649574,17,0.02017395602025194
645,-0.5587111561611763,-1.5049503553063164,0.01538069395282873,10,0.0025137858199722266
645,-0.6219159967316502,1.4994539749237845,0.015954634023873003,17,0.019608102688598743
645,-0.5915256070252916,0.4786902284587172,0.01606031856187074,14,0.021364226449128287
646,-0.5776234596285438,-0.4931907985571645,0.015823698396905908,19,0.014347438226338018
646,-0.564627445763086,-1.514257820819092,0.016132064394307494,12,0.01502608677324582
646,-0.6239587151923981,1.4994819084980326,0.015976518417436886,16,0.016584415819606065
646,-0.6020370981372062,0.48419002799348815,0.016614937234240436,14,0.017134250845798754
647,-0.5753221334658477,-0.4939967018805394,0.016083646708696647,17,0.02147963202993101
647,-0.5679417303797093,-1.508847988133689,0.01576954956646022,10,0.004146477349608636
647,-0.6188662631331563,1.4949782260473858,0.016112282578977018,18,0.021463757285527043
647,-0.5781704400650837,0.47469770361672886,0.016137444887243182,12,0.0030514029938346334
648,-0.5773233786892428,-0.4949290204647114,0.01591240036716188,18,0.02025515550521713
648,-0.5606934861949844,-1.508274440629612,0.01615230726483386,12,0.01604575526015465
648,-0.6196228519944058,1.5004849430550673,0.01610682203671568,17,0.019280213694479284
648,-0.5929289197247389,0.4797691003305795,0.01643421608914025,14,0.022223200746112743
649,-0.5757009701584489,-0.4957669650975516,0.0161892866331209,18,0.022223969844712876
649,-0.5580911095336081,-1.5292802105273202,0.015684412991682373,12,0.0189962042449088
649,-0.6239913184936161,1.500237094849544,0.016075939698164086,17,0.01655657234459068
649,-0.598287102872432,0.48401785235458356,0.015912615191809983,14,0.018702313340719902
650,-0.575388629350349,-0.4909895220294179,0.015824955035953662,17,0.019186449268079886
650,-0.5723800284737074,-1.522444811889711,0.016245688225155912,13,0.019362587643464053
650,-0.6233384692683737,1.496025399486327,0.015923542409587533,18,0.018321811087894185
650,-0.5850052847603087,0.4752357260504322,0.015939011495502243,14,0.01625906550393712
651,-0.5775117653589535,-0.4932909152039503,0.015804942479799206,18,0.01636809972626444
651,-0.5668596032699973,-1.514774640829108,0.016477287637430515,12,0.010975668484249385
651,-0.6215324078089619,1.4960148104376163,0.015942183068295968,19,0.021665786171825144
651,-0.5843565747518127,0.47453228660258767,0.016041633896746895,14,0.014848712980973226
652,-0.576590237373933,-0.4956603185231909,0.015887546567958613,18,0.02065937175356988
652,-0.5587111561611763,-1.5049503553063164,0.01538069395282873,10,0.0025137858199722266
652,-0.6230438396337206,1.4978389622359793,0.015909670770448116,18,0.01889973839859852
652,-0.5859384872428927,0.47512061070635175,0.01594007664799383,14,0.016834124905116904
653,-0.5741468868764582,-0.49174739366984116,0.01586850858479418,17,0.01902910148996622
653,-0.5655233501261904,-1.5145777580219772,0.016430299136024604,12,0.013706756339564079
653,-0.6180258356525092,1.4973446175197773,0.015774482531127444,16,0.01964671322205706
653,-0.5871688614533088,0.47644522273554846,0.015947270211789592,14,0.01817656264720907
654,-0.5771429150551023,-0.49496985978110414,0.015913609040003125,19,0.01672889106126013
654,-0.6236855239550667,1.5002935728881948,0.015836698248099596,17,0.018598439597424632
654,-0.5888501094297427,0.4757636278460984,0.01663981559340118,14,0.022034268315599258
655,-0.573962839097583,-0.4922923448413388,0.01588095666588026,18,0.01882418653681104
655,-0.5704744655304943,-1.5298071394838588,0.01629111627645068,11,0.004404352638669984
655,-0.6232357066478516,1.4976426186373262,0.01595883690215153,16,0.019970446439387023
655,-0.5855899896001163,0.4769606501378383,0.015735125077675535,14,0.015746117464316898
656,-0.5730970069000499,-0.4906441202468809,0.015921703026096013,17,0.02071054051465246
656,-0.5564226494482308,-1.5089779161976486,0.015423299836116875,11,0.015307893879418189
656,-0.6216723960881668,1.4995239165660854,0.015924717726838514,17,0.018847708414529256
656,-0.5829171661913105,0.4758883192426732,0.015881101199109484,14,0.01235038970478784
657,-0.5751816114711973,-0.4945407910819331,0.01583711802844872,18,0.020827809962041727
657,-0.5673674143199132,-1.5143919742331164,0.016367280639971758,11,0.012215412130129832
657,-0.6240820434862463,1.5005490546331972,0.016130822149502386,17,0.01806339537892991
657,-0.5834985247168284,0.4750212073842992,0.015867988576324647,14,0.016762565191867702
658,-0.5780469473726128,-0.49840284758180153,0.016178156081123142,16,0.019235088920834906
658,-0.5584858661645756,-1.5013613591664126,0.015842160708224886,10,0.004158317637003737
658,-0.6222638765951233,1.4973662331669648,0.015894912466841125,18,0.018841965531060413
658,-0.5837047738657981,0.47416654761423294,0.015678046353147748,14,0.01823739329040197
659,-0.5721719082405637,-0.49182209460387455,0.015936982755770886,17,0.02041944721698133
659,-0.5671058505354761,-1.5143016401385476,0.016115618023931282,11,0.011840012831840408
659,-0.6199084352067818,1.4964856577797616,0.016030042095709143,18,0.02224457083542595
659,-0.5888501094297427,0.4757636278460984,0.01663981559340118,14,0.022034268315599258
660,-0.5699226032632417,-0.48820269420283774,0.016145345500750103,17,0.019720199581684073
660,-0.5575140020136601,-1.51310148046498,0.015271852799668698,12,0.01476186721508156
660,-0.6197152771964437,1.4942523372053602,0.016007482472914312,19,0.022165619006126326
660,-0.5833670078704357,0.4738718688964249,0.01628168054314982,14,0.016409063517049308
661,-0.5793654444529476,-0.49965762879790776,0.016046756098978966,17,0.014723949634991629
661,-0.5568599368716437,-1.504436610260976,0.0159208047832046,10,0.0035872510390940913
661,-0.6220255371276762,1.4981201177162355,0.016056391095339757,19,0.020937645394175464
661,-0.5914083471529662,0.4797665397386849,0.01594452917162245,15,0.0211878072639028
662,-0.5723732839457988,-0.4917082421307395,0.016067320545843703,15,0.02175404312384603
662,-0.5574521934668251,-1.5117702503071464,0.015479363824992001,11,0.01537412231276828
662,-0.6243203089327004,1.4992830565119777,0.016081628326366674,19,0.01988994681438055
662,-0.603807321474049,0.4884201998027022,0.016006929057108484,14,0.002717255452752308
663,-0.5758440447676869,-0.49392564256584975,0.015861901204911644,18,0.019119723435760475
663,-0.5624322012819627,-1.5163455104473653,0.015903173373419354,13,0.01782728153596073
663,-0.6170894635125826,1.4952707485380299,0.015900776351220832,18,0.021477566259333922
663,-0.5894627647014051,0.4793003224691082,0.015937147726890605,15,0.01995076184661272
664,-0.5765886954471413,-0.495312840019684,0.015969491053145757,17,0.020240283640527514
664,-0.5659696856165933,-1.5195399926928812,0.015953421544972753,13,0.014378822640170855
664,-0.6171937082440473,1.4934726699613288,0.01586066788991558,18,0.02219320804960422
664,-0.5826869700787846,0.4748709211547139,0.015901741692482815,14,0.01194294969070099
665,-0.5807784345904011,-0.49980118718256383,0.0160374312491642,17,0.017100324177675798
665,-0.5673370823928621,-1.5084195018578925,0.015860686578705336,10,0.004028899022738086
665,-0.6235129622321395,1.4983844246678946,0.016001584679569802,16,0.018017145900261128
665,-0.5875216722221621,0.4763774913600814,0.016199231491047905,14,0.019535874530266232
666,-0.5766277184879025,-0.4925500135807698,0.015801698487497785,18,0.014528563204878706
666,-0.564607156985143,-1.5123914626738102,0.015811556381995613,12,0.012381991781319261
666,-0.6202614888331245,1.496244239542455,0.015874041365727874,17,0.019602342368154273
666,-0.5814629472649667,0.4794660868694299,0.016149435059882655,21,0.012876346194229792
667,-0.5749844940018543,-0.4946006509630056,0.015977301013091857,18,0.020522154651833224
667,-0.6259766480040657,1.4994489638548445,0.015981291743368816,17,0.015973646331401567
667,-0.5840514386030233,0.47651780678750516,0.015818912058200716,14,0.014041440719895085
668,-0.5739928707000472,-0.4908928589401073,0.01580170837215704,18,0.01898374357896061
668,-0.5571561702089772,-1.5052331454317358,0.015200482653607095,11,0.003573212106290214
668,-0.6201680606509852,1.4969987411655463,0.016079797401069962,17,0.01654200752634262
668,-0.5828368829907482,0.47451592797034686,0.015936374691053738,14,0.012994862905561837
669,-0.5747680343473703,-0.4903017375274181,0.01593708679810581,18,0.018004701647696474
669,-0.5603720529881298,-1.532151861650069,0.015730695009708168,10,0.0
669,-0.6204609377144534,1.4983044605706823,0.016052159024051108,17,0.017926178414276114
669,-0.5834513168284994,0.47270649563809913,0.016021818054920617,14,0.012195678101658364
670,-0.574246852768464,-0.49373577287129833,0.015876108039637668,16,0.022292738517723305
670,-0.5574638056998145,-1.502703213056318,0.015593664155164024,11,0.005142771332320774
670,-0.6236196015997794,1.4992392842068671,0.015838495543945265,18,0.017533848730346954
670,-0.6055483738296112,0.4878194335613317,0.016471469191216902,14,0.004048904772917927
671,-0.5745158576014926,-0.4923516688313146,0.015923740366137654,18,0.01807435990131629
671,-0.5577541212497226,-1.510100796675017,0.015531917393340252,12,0.014641074726690122
671,-0.6219559691744974,1.4978103599237866,0.01602946854731033,18,0.019459500742372342
671,-0.5821870535354938,0.47593823797292717,0.016035680673620753,14,0.013892213015301493
672,-0.5702008536132595,-0.48745519500467177,0.01602153333980082,16,0.01969859596837138
672,-0.5574638056998145,-1.502703213056318,0.015593664155164024,11,0.005142771332320774
672,-0.6260765354633824,1.501216527215612,0.016056004859581408,17,0.014270305837054381
672,-0.5840514386030233,0.47651780678750516,0.015818912058200716,14,0.014041440719895085
673,-0.5738403776885493,-0.4924817787128922,0.0159682227109397,17,0.02041532091789578
673,-0.5607076340433704,-1.5204165273050823,0.015808490088660632,12,0.018076334662344352
673,-0.6267185350850506,1.5000697674852654,0.015991509746472857,18,0.01594249576416945
673,-0.5838493959793701,0.4770223374625114,0.016029005788566694,15,0.014069272952229227
674,-0.5792604155687708,-0.5018788172537014,0.016146476651629334,17,0.01651306304127969
674,-0.5574521934668251,-1.5117702503071464,0.015479363824992001,11,0.01537412231276828
674,-0.6224287412549766,1.5018082319268027,0.01608445040662491,17,0.017581452476972372
674,-0.5949173842289797,0.4810750216065472,0.016125582922392048,14,0.022296384400462558
675,-0.5748313937808868,-0.4951279848367315,0.01602391268229758,18,0.021277160442039172
675,-0.561055272544312,-1.521359206321741,0.01582203962346479,12,0.018093109806200706
675,-0.6240656188157159,1.501350394251486,0.016111796815647464,17,0.015222966593671968
675,-0.5924518448522222,0.4789630158254912,0.016570545489047562,14,0.02255370007128186
676,-0.5752266427230658,-0.49530797290830325,0.01603361792701768,18,0.02173839335732797
676,-0.562231581761357,-1.5186705657852089,0.015877434816257686,13,0.017898076083332957
676,-0.6238779210588247,1.4994092314725038,0.016219890948429808,17,0.017320410036254636
676,-0.5966874725529988,0.4828945565428704,0.015958301288652672,14,0.019996381621270643
677,-0.5737608831446477,-0.48946230313442135,0.015736418477680144,17,0.018971791844473878
677,-0.5640506195361493,-1.5134931484260825,0.015864916388743808,12,0.01443146444369022
677,-0.6225851622148324,1.4985928489076825,0.01590372038368663,18,0.01808612491696603
677,-0.5895952962465623,0.47983269764634273,0.015901738929092045,15,0.019947056581462383
678,-0.5753302957187951,-0.49473466408159456,0.01586997467071888,18,0.020031858411692787
678,-0.573602201880693,-1.5248415016536294,0.016231638371991042,13,0.009929543026952948
678,-0.621099807376198,1.497999911026719,0.015874061173098707,17,0.019126567558769014
678,-0.5835438074501198,0.4766645927925685,0.01575612547175415,14,0.014428274936845181
679,-0.5769795950170885,-0.49542401928043917,0.015974853025199576,17,0.020748470880902144
679,-0.5612766031173384,-1.5277335565652228,0.015773927751063066,11,0.0012973586521150167
679,-0.6194151179114533,1.4952622643380713,0.015737162378292084,18,0.022855696603126845
679,-0.5842146798463932,0.47736034824085966,0.01598430922751495,14,0.015209301520329918
680,-0.5805387001813335,-0.4986959905738931,0.01597650026653587,18,0.01725032098830537
680,-0.5595151398657895,-1.5041302940662566,0.015889186530485957,10,0.004172579370389
680,-0.6260867587324755,1.4993454286387091,0.015978804462572334,17,0.015432975830214789
680,-0.5896490598028865,0.4780287440898023,0.015945617261542974,14,0.020464798384986726
681,-0.5784984033674103,-0.49728477686681183,0.0158661328898065,18,0.01898985499375748
681,-0.5606170179059845,-1.5150489924628843,0.01593553410394703,12,0.015965915747633962
681,-0.6244676150478343,1.5001077302813912,0.016266148594625163,18,0.016431472695594043
681,-0.583767101734096,0.47580622942054457,0.016026724171829917,14,0.016743030418627864
682,-0.5761636330159898,-0.49521984921187967,0.015912930410675048,17,0.020026450472854146
682,-0.5583683699685309,-1.5040228674255611,0.015369147150415928,10,0.002513035373168491
682,-0.6236563143442282,1.4990638626930328,0.01621004498869008,18,0.017766078306824307
682,-0.5905455328530831,0.4752425891141438,0.016669676863077815,14,0.02205913372715907
683,-0.5765480884633909,-0.4944857936899143,0.015811213251348634,18,0.018316418597243693
683,-0.5649747343907989,-1.5151859958340514,0.016142660296776884,12,0.015032208550156924
683,-0.6248612758686092,1.500966001608486,0.01597039184652527,18,0.015523946103515516
683,-0.5822458295696402,0.4715715088110489,0.01613110087753057,14,0.01135250568893618
684,-0.5735371406884341,-0.4894329295272034,0.015902957829683345,17,0.0185287857369145
684,-0.5700235071897998,-1.5232369677411814,0.016186120368983,13,0.019850975132566923
684,-0.6233136935564405,1.5004207227332282,0.01584048310394246,18,0.018396945261807247
684,-0.5846565312589314,0.4773915027186925,0.016114172711448466,14,0.016577261490366823
685,-0.5745947144083091,-0.49315952504527,0.015934742380793326,17,0.02089188384085008
685,-0.5577957493932989,-1.5130325173647814,0.01572283697423461,12,0.016535267273674964
685,-0.6221454035413524,1.5005801413237845,0.016080589784802365,17,0.01842738104496619
685,-0.6010078142004749,0.4857345087568337,0.015965848474033612,14,0.015506184429008904
686,-0.5752895187478315,-0.49592000687556387,0.01609967810096328,18,0.02095633436714615
686,-0.5655372324648406,-1.512514231894515,0.016286173466767657,12,0.011631435956920766
686,-0.6184708126804351,1.4964784562020428,0.016056833005888817,17,0.021296286696406888
686,-0.5825677602897118,0.47529636869387654,0.016003610790384412,14,0.01164894661476435
687,-0.5749199162760468,-0.4931329214955216,0.016034816922630334,18,0.02179188823170427
687,-0.5637038474871049,-1.5125615622645048,0.015851099990981513,12,0.01441559510695902
687,-0.6221618584861882,1.4996212917911058,0.01602505289142255,17,0.01792627606241521
687,-0.5835655810652404,0.4751913558254584,0.015952714833386023,14,0.0149203956987736
688,-0.5747664228126178,-0.4907574226352902,0.015770253192819945,17,0.018232104611197317
688,-0.5679417303797093,-1.508847988133689,0.01576954956646022,10,0.004146477349608636
688,-0.6242942963284467,1.4954442908702588,0.016036157260398514,17,0.0209125784059614
688,-0.5858609990393192,0.4779959069679765,0.015975241931133696,14,0.01853812035947172
689,-0.5754702527605756,-0.49696551861130445,0.01616157375529903,18,0.021397432742056622
689,-0.5626858707419087,-1.5315683257204071,0.01585897682903846,12,0.0012969665127343568
689,-0.6246179704703704,1.500959059407586,0.015957073288636946,17,0.017324558367380016
689,-0.5925695428725298,0.4827416498712487,0.015933657814729166,14,0.020646071317245947
690,-0.5755104272995485,-0.49308452025911387,0.015872083648356374,18,0.01789941927923565
690,-0.555325712923026,-1.5182740508123636,0.015578265938909146,12,0.020947673248004228
690,-0.6232048921644373,1.4972314555081019,0.01583700478810827,19,0.018878493205477038
690,-0.5825992621267421,0.4756099468025619,0.01604135601800217,14,0.014228861193255391
691,-0.575373377379883,-0.4935824308654844,0.016019392144183926,17,0.02171336785584667
691,-0.5627737957420108,-1.5146546317992828,0.016016739347755434,13,0.015794574653398393
691,-0.6224921364826431,1.4982964999992783,0.01614645813953402,17,0.018795304903042258
691,-0.5891855941277991,0.4763047387175453,0.016080301559429102,14,0.020948408700780248
692,-0.5729066674227148,-0.49188341085851583,0.016013875258841688,17,0.022305608607817724
692,-0.5639156906288388,-1.5102561012760711,0.015787613387841282,12,0.011964426053870037
692,-0.6206949357111904,1.4967864787221012,0.016024504138056707,18,0.021170383583887672
692,-0.5866272056765344,0.4758106381971254,0.016197839473243332,15,0.018667799748273806
693,-0.5735127708196598,-0.49190986420582106,0.016034879014652944,17,0.02207845611603155
693,-0.6256229637340994,1.5010204101577287,0.01611882417587432,16,0.013973092553621363
693,-0.6001292682916967,0.48925286291666065,0.015865772801212014,14,0.0033341555073259244
694,-0.5726045072224465,-0.4929841395706511,0.01589467940230925,16,0.020968241127278783
694,-0.5626586539116244,-1.51667890570067,0.015772635240899183,13,0.016314271280081664
694,-0.6224005849180372,1.500834206287285,0.01610810492584111,17,0.01780410299179456
694,-0.5879910824230711,0.478631410048443,0.015805533345522482,14,0.020088450205548003
695,-0.5746027720996256,-0.49443473654522824,0.01602998794255224,19,0.02195800663500244
695,-0.56393232550181,-1.5117648330914466,0.015691767578135996,12,0.012748562533996715
695,-0.6228980072927442,1.5002667801140939,0.01599561443205126,18,0.01521883401642502
695,-0.5835250290353404,0.475220853354279,0.016044462840885284,14,0.01817484069114596
696,-0.5764442617664506,-0.4965193680714344,0.016004795405987156,18,0.020588071535459364
696,-0.5630936436660186,-1.5153267060679263,0.01610465895220998,13,0.015767305522260626
696,-0.6259166452484258,1.4992406610741913,0.016073008203818004,19,0.01723546766907891
696,-0.5819317144484767,0.47554969836523664,0.01602286005292507,14,0.012872197183868249
697,-0.5769457778809927,-0.4977743578126826,0.016357354213818773,18,0.021583086008131806
697,-0.5583683699685309,-1.5040228674255611,0.015369147150415928,10,0.002513035373168491
697,-0.6214655697623392,1.4977700701668253,0.016075757904617755,17,0.01815835972590804
697,-0.5876035214525711,0.4782124427477119,0.01593496936062607,15,0.021127991192000532
698,-0.5707879972092158,-0.48893063866735315,0.015965350331413452,17,0.018353673605587397
698,-0.5629825355730961,-1.53008511377309,0.01568992001302802,11,0.0
698,-0.6253105921965662,1.4985892482708787,0.016140544728652218,18,0.018567864973658355
698,-0.5850549563092978,0.4764641283019266,0.016111812152288348,14,0.0182588600412983
699,-0.5783117712731559,-0.49476483274102373,0.01582978251934251,19,0.01601069567315475
699,-0.5630514033313064,-1.5180893412602425,0.015910634167727623,13,0.016968685155990756
699,-0.6219023039415855,1.4973785129776385,0.015923053256826365,17,0.019099491044247897
699,-0.5937590206993537,0.4790665469367609,0.016470125312935888,14,0.02245687023153352
700,-0.5763463128474581,-0.49607663919718364,0.015912678188439784,18,0.019913557725838634
700,-0.5692398788536489,-1.513033848751119,0.015713659354078285,10,0.004064145839469029
700,-0.6201799567280122,1.49420262468755,0.01597682588969318,19,0.02088520852756471
700,-0.5907267106241817,0.47736075402030054,0.0160777101122683,15,0.020882412115019944
701,-0.5759318272407594,-0.4939720474628843,0.01604805355852675,17,0.020998530218133065
701,-0.5590543422911021,-1.5058723785322552,0.015397083119436241,10,0.002515268319589638
701,-0.6217450882828074,1.4969824879603457,0.015950974788851668,16,0.018502085570383513
701,-0.5923044403631598,0.48074596460586577,0.016614851843036002,14,0.02263005263347236
702,-0.5762239504639329,-0.4952814619510654,0.016018010945241502,17,0.020858906855220755
702,-0.5633863695414381,-1.5125693498011432,0.015855758813102895,12,0.015118168848711682
702,-0.6236859962385134,1.498314975488726,0.015965179890554605,18,0.020581671177344406
702,-0.5894964600343509,0.47838658401787576,0.016123173791730602,14,0.020673689248200608
703,-0.5730430095585152,-0.49136979493152344,0.015899977331957936,17,0.018893747103948873
703,-0.5565914761289933,-1.5128305916828326,0.016261180827903385,12,0.0171596888374827
703,-0.6224965498797427,1.5020118465638308,0.016324889262510564,18,0.017751691355216634
703,-0.5799658746239988,0.4685484280967306,0.016058282674246013,14,0.002916783816842068
704,-0.578067517021164,-0.4986312344990173,0.015896759861129598,17,0.01635280930811444
704,-0.5571561702089772,-1.5052331454317358,0.015200482653607095,11,0.003573212106290214
704,-0.6196470692252094,1.4977466813976732,0.016016327960473153,17,0.020930727994586246
704,-0.5835652871425323,0.47718224749498844,0.015740651060391478,13,0.013363272528907864
705,-0.5736968374521911,-0.4898926956508018,0.015868189241900893,17,0.016897584547187514
705,-0.5580911095336081,-1.5292802105273202,0.015684412991682373,12,0.0189962042449088
705,-0.6251425461203027,1.499933564281341,0.016069517281848394,16,0.014707510587667463
705,-0.584317691703523,0.47674416396607106,0.016040407894702503,14,0.017023490830245583
706,-0.5768238282239116,-0.49341411120196127,0.0158575516969691,18,0.017711512026847988
706,-0.573758159535746,-1.5218630127030055,0.016042277842044296,14,0.018046960372264168
706,-0.6224931303450897,1.497494538081116,0.015954348252497443,18,0.019446099920940377
706,-0.6017444055293231,0.4857219444117829,0.016162921267599842,14,0.013067300986588532
707,-0.5762880614573046,-0.4958136580277789,0.015957932346905648,19,0.019313548860523534
707,-0.5630523584829096,-1.5176275472318466,0.01603048422851981,13,0.016731635106994543
707,-0.6257446275380264,1.4997746277811053,0.01598803785558636,17,0.015673388341931476
707,-0.5920481202644023,0.47958564305508666,0.016438559122431227,14,0.022419157410716557
708,-0.5762407800469066,-0.49412064049729265,0.01596262892970562,19,0.019942368785342394
708,-0.5660637438344319,-1.520309319449135,0.016004264745570252,13,0.014663914781539987
708,-0.6222379242403074,1.4994347643685535,0.016039269111156083,16,0.016442531126103943
708,-0.6044108453514585,0.4880971792857931,0.016486509338270915,13,0.0036743009908446686
709,-0.5741136637989387,-0.4919698826120562,0.01602587975200896,17,0.020951445796067263
709,-0.5692282540225952,-1.5279980317619444,0.016238081494544813,13,0.011762368745273314
709,-0.6226514895635397,1.4995267315645655,0.0159568801993794,18,0.017506351266718196
709,-0.6007020761989422,0.4861749484830606,0.016022092478332233,14,0.015018492795009292
710,-0.5766460954810745,-0.4954148218617014,0.016217338873714134,19,0.02221577984331486
710,-0.5631478032409427,-1.5079252044696456,0.015665464775475924,10,0.004564670773702522
710,-0.6212182151315304,1.4969924903195018,0.01619958033899137,18,0.020332033439803943
710,-0.5880724167051162,0.4784224479530282,0.015869085209839675,15,0.016788598500659207
711,-0.5776474731959174,-0.4947543738350178,0.015963463252681373,18,0.017244212643131977
711,-0.5678464766406227,-1.50933343623931,0.01566310312515861,10,0.0040459941331181075
711,-0.6222812540787169,1.4983554081199568,0.01595784442616828,18,0.020246784752563685
711,-0.5850549563092978,0.4764641283019266,0.016111812152288348,14,0.0182588600412983
712,-0.5757395147822625,-0.4955124744315544,0.0159508576720496,18,0.01972095737954744
712,-0.5589540928013483,-1.518869597029448,0.01585412763388847,12,0.01821283875849097
712,-0.6148636969051806,1.4934629836626518,0.015956943887027383,16,0.02092376596885024
712,-0.5866000993349719,0.47793301507021696,0.01597627102427704,15,0.017519875989101114
713,-0.5756452905927218,-0.4955844862772208,0.01599239858135704,18,0.021133547700719933
713,-0.559582526992192,-1.5122016030694878,0.01578522229111797,11,0.017317295279463917
713,-0.6253452745985065,1.4972553490629978,0.016012168286089503,18,0.017396748710915785
713,-0.58348150120102,0.4731872396513676,0.016042944677992065,14,0.01703362370143352
714,-0.5777796192095144,-0.4966212777610319,0.015831539998831322,19,0.020318107984296226
714,-0.5568599368716437,-1.504436610260976,0.0159208047832046,11,0.0035872510390940913
714,-0.6218969909564396,1.4973292935102251,0.0158885346566191,18,0.01835581503772891
714,-0.5941701992324019,0.4824497136458424,0.015914831220704743,15,0.01950392579845272
715,-0.5750294161786638,-0.49297331760240237,0.015942458160312305,18,0.02049758525623152
715,-0.5608394279574165,-1.5172297397625645,0.01607940403776816,12,0.018297394815125878
715,-0.620319649875524,1.4976447143116538,0.01585642927532558,16,0.021294616804746924
715,-0.5836524476489232,0.47400236450492705,0.015888841760309087,13,0.014845727769165982
716,-0.5766895113513942,-0.4977501959122037,0.015920733802645158,17,0.019779204556903768
716,-0.5705937707615992,-1.5259454981024594,0.015908280672916383,15,0.014310889649723916
716,-0.6214171447531633,1.496571250038919,0.016085332728774722,17,0.019671625453043393
717,-0.5755092643661766,-0.49472920817829885,0.01589309988189688,18,0.020574090500908967
717,-0.5714210813511559,-1.5217711331088726,0.015894367046434894,14,0.018207563873653906
717,-0.6248303376020828,1.4999317321736327,0.016007866022672353,18,0.016301560676980766
717,-0.5842581533740607,0.4756389450769667,0.01590491066920743,14,0.016809380579041983
718,-0.5738521480905245,-0.48970844638299454,0.015820134901908135,17,0.019954817498584108
718,-0.5584016831591391,-1.5038844657669341,0.015963499841478265,12,0.0032898738647815936
718,-0.6208122077121115,1.4993294316743229,0.01606729329962269,16,0.01685004880346947
718,-0.5844779983758501,0.474990847911145,0.016007197379465737,14,0.01696897509128679
719,-0.577000388129194,-0.4970117802703914,0.016164467240147685,17,0.021019292805911954
719,-0.5558143955421639,-1.5038513368088993,0.015637273822093106,11,0.00391561421045649
719,-0.6230310248510067,1.5005059404294618,0.01595105790740721,17,0.016908664470750616
719,-0.5857548590915941,0.4772119408896447,0.015945574982230534,15,0.017520321609240237
720,-0.5792158692406233,-0.4975101144453485,0.015973503003115938,18,0.019708738334124527
720,-0.5571561702089772,-1.5052331454317358,0.015200482653607095,11,0.003573212106290214
720,-0.6221740825521205,1.4979979408527515,0.015992229394885326,17,0.017942966057226718
720,-0.5811895739271,0.4734459651415921,0.01598729229489247,14,0.011566031478238845
721,-0.573828234089566,-0.48970094711570367,0.015773537512693978,17,0.016769162942182926
721,-0.5728585531635209,-1.5280404163282457,0.0158653724087022,12,0.01266286642301339
721,-0.623616806151757,1.497615431102971,0.015976743758290623,17,0.019621328474742912
721,-0.5831094612218599,0.4763507898995224,0.01585053352434955,14,0.013013052641470957
722,-0.5750076955408172,-0.49012229128346485,0.01578130473974112,17,0.01756787172606655
722,-0.555497798452489,-1.5098246820057541,0.01588278251600684,11,0.015231846757518335
722,-0.6227782495630838,1.501618579583766,0.016025152069311318,17,0.016286179154300435
722,-0.5841695953010156,0.4772585808133119,0.0158399187964296,14,0.01380778471506299
723,-0.5777957543019011,-0.49343890267777457,0.01590174668680827,18,0.01682576194448936
723,-0.5571561702089772,-1.5052331454317358,0.015200482653607095,11,0.003573212106290214
723,-0.623949609423111,1.5003002693031264,0.016030214845581543,18,0.014473368929708325
723,-0.5817587188469103,0.4762344481402077,0.01599832915154524,14,0.00965008507828032
724,-0.5763419612459255,-0.49383963596258934,0.01588765071533235,17,0.020299562609535332
724,-0.6221117964672432,1.4993896317949482,0.016007388996469606,17,0.015629586142003847
724,-0.5863008753180042,0.47633944650792037,0.015970074962017137,13,0.01684310801155196
725,-0.5779658364044851,-0.4938987349785149,0.015969838406987267,18,0.01605774102430575
725,-0.5574983026366106,-1.5061554835662656,0.015216885033610385,11,0.0035750200301948912
725,-0.6260209394585129,1.4998023955382216,0.016178718597012528,17,0.017106896804935615
725,-0.5804971999736722,0.47614442272028074,0.015814442658812388,14,0.0034597386488278694
726,-0.5768277250971812,-0.49402009482535875,0.01603896472803975,18,0.018754750345681175
726,-0.5571561702089772,-1.5052331454317358,0.015200482653607095,11,0.003573212106290214
726,-0.6234262733333384,1.4993962357594381,0.015935969539275324,17,0.019388094298104733
726,-0.5871749756581279,0.4764049399105957,0.01599861105645773,14,0.01677618939456281
727,-0.5750891168592812,-0.4938756158136101,0.01602064493664949,17,0.020438780813519693
727,-0.5595922811362463,-1.5155915853422068,0.015577315035857386,12,0.018086032826160208
727,-0.6222920610890531,1.498804246778659,0.015945554955462644,17,0.01649230952661734
727,-0.5844324423975201,0.4768997368404069,0.015735667544481927,13,0.013239455383752683
728,-0.5774197170142208,-0.493497344444093,0.015826164455178496,18,0.020071019541589512
728,-0.5587111561611763,-1.5049503553063164,0.01538069395282873,10,0.0025137858199722266
728,-0.6239049007917392,1.500658447219749,0.01609210265755899,15,0.015641031486067283
728,-0.5850114137361724,0.4770995984327238,0.015889900827980096,15,0.01657915784203565
729,-0.575575280183733,-0.49761981666910526,0.01637582932886532,17,0.022486943277131424
729,-0.5645132868075321,-1.515874346948035,0.016244894671611654,13,0.015630620295901423
729,-0.621488718116032,1.4950643980333393,0.015845498528480065,19,0.021814186466877786
729,-0.5803386236834631,0.4742647012926152,0.015928167178838624,14,0.002999108391814775
730,-0.5776447485262629,-0.49634995250008357,0.0158583448768177,18,0.019700390639911428
730,-0.5650078080796549,-1.5093607808181486,0.015991725358801365,11,0.012172250374738998
730,-0.6214323678524667,1.4988783351872887,0.01610467708368192,17,0.017859857109751857
730,-0.5855962404065429,0.4768707216410852,0.015927473005736485,14,0.016698292363417362
731,-0.576278347874463,-0.4923410402356025,0.015806018327232982,18,0.0189563242457338
731,-0.6198217717797919,1.5007300961233894,0.016018701343650524,17,0.017705847570405754
731,-0.5853336579581883,0.47558986651911095,0.016051790573734966,14,0.015447661817793312
732,-0.5744583439594397,-0.4923538726472223,0.015968082192988627,17,0.020277773843576506
732,-0.5599145330995561,-1.516524226233052,0.015909579081018362,13,0.016145329046162647
732,-0.6249525169274786,1.5001612267068622,0.016057644628063802,18,0.019752950430267157
732,-0.5846544414817881,0.47651818832901793,0.015740946961261864,15,0.013771829098142119
733,-0.5760982828136828,-0.4892402037375216,0.015789964461366667,17,0.01612679968832052
733,-0.5633008751680039,-1.5144897395741963,0.01585422175472162,13,0.0153282487393886
733,-0.6243620965727741,1.4999886821524901,0.01597827454979043,16,0.01716936219930785
733,-0.5817794303811796,0.47284641912776626,0.01607848050633993,14,0.012370510615702972
734,-0.5724206857575144,-0.4887917653188257,0.015891839987369226,17,0.019685207180529192
734,-0.5584902715326184,-1.5054704593647363,0.015642532685239862,11,0.005154460055716526
734,-0.6212993651755935,1.496913859497353,0.01593152331685055,18,0.02100209091292548
734,-0.5843684741477754,0.4768008813788182,0.015962352966370413,14,0.0133976699584396
735,-0.5723440709715649,-0.4887955501417277,0.01592045994050213,17,0.015975210602421054
735,-0.5663187304424104,-1.5167066653260537,0.016277544430462622,12,0.013311693118706542
735,-0.6211823832874784,1.494194830970333,0.016183319125278494,19,0.021457442205279568
735,-0.582323997683545,0.4770171353907858,0.01584046484060368,14,0.008721558188230482
736,-0.572663070474826,-0.4906338478964533,0.015889288678262333,17,0.01831106508588033
736,-0.5721058603253504,-1.5234832328035528,0.016027341416316745,14,0.019077204172560498
736,-0.6212857093608052,1.4968920620582433,0.016000398606745653,19,0.0211731842452896
736,-0.6035039014957813,0.4873010941631581,0.01674441509012048,14,0.017268788142474085
737,-0.5745863640061928,-0.49496211393222145,0.016131180066483685,17,0.021468082706010316
737,-0.5571561702089772,-1.5052331454317358,0.015200482653607095,11,0.003573212106290214
737,-0.6186391113563887,1.4951666258875038,0.015909867651151054,17,0.020504103573841106
737,-0.5914131591588674,0.4806274797051425,0.016243687936438093,14,0.02195483643302
738,-0.5778649382587113,-0.49591907167110577,0.015958748575292583,18,0.02000453382049463
738,-0.5565167351576259,-1.5035084571328092,0.01590988978894689,10,0.0035843904247888562
738,-0.6226538501248522,1.4972877255332162,0.015928732465061088,18,0.020529658739095562
738,-0.5871107501892868,0.4782001958103843,0.0158017390673705,14,0.01582096972623418
739,-0.5761885920446107,-0.49573118526442683,0.016229859068546727,17,0.022067340335769983
739,-0.566235364556594,-1.5135114699037175,0.01629936065964822,12,0.01195183304807574
739,-0.6239512318207561,1.4988476990132051,0.015939198801460736,16,0.01859165893995691
739,-0.5897216745614468,0.477635222177709,0.015911079478728114,14,0.019305119729602714
740,-0.5735805630220041,-0.4921223305308507,0.016015486355314603,17,0.019775812330372212
740,-0.5525831701897256,-1.5018202389844053,0.015856018178818484,10,0.003574467153129832
740,-0.6208261536996774,1.5003053633302734,0.015897628250612018,16,0.01784776693382898
740,-0.5855550812221135,0.4782422337523708,0.0159814639303011,14,0.014893598105418765
741,-0.5781696446732453,-0.4939809399736917,0.015918472954045446,18,0.0159338390019069
741,-0.5595606403060339,-1.5140531908509631,0.016104392444142007,12,0.016854564561168392
741,-0.6243249416931893,1.5005772316266603,0.016153337503254303,18,0.01574114118496883
742,-0.5747184417675504,-0.4887602526274019,0.01597740716435736,17,0.01574527241381353
742,-0.561337395236365,-1.5163409332654145,0.01597553932135398,12,0.018459080448177744
742,-0.6240519483967182,1.498300192110683,0.015836114345897448,16,0.014378610180047826
742,-0.5828631681809939,0.4729295324751819,0.015940094120136767,14,0.00879350622129393
743,-0.5775212128574349,-0.4962868085678643,0.01595185920219955,18,0.01794085095015441
743,-0.5565167351576259,-1.5035084571328092,0.01590988978894689,11,0.0035843904247888562
743,-0.6257195243685212,1.4989865181188096,0.015866364311754325,18,0.015764723489881793
743,-0.5884722837654495,0.47937430917823143,0.015895021162464322,14,0.018930687059971644
744,-0.5790595801951135,-0.49456387079051906,0.01603513110654401,18,0.015800057976943668
744,-0.5558398679885138,-1.5107527533113005,0.01589562741346519,11,0.015241943814216202
744,-0.6260860741823367,1.4999101817514418,0.01606394409427088,17,0.014107550453383981
744,-0.5852951209006217,0.4775220457241736,0.015998829165522865,14,0.012910197723338748
745,-0.578645770984048,-0.4951532834213494,0.015943113623610842,18,0.01557477236751083
745,-0.5574521934668251,-1.5117702503071464,0.015479363824992001,11,0.01537412231276828
745,-0.6238516550757323,1.4998890688064515,0.015978347827650858,18,0.016902503033626826
745,-0.5817800369410434,0.4760382597987461,0.01594992558596221,14,0.009435662647490795
746,-0.5776132361013477,-0.49213666604338274,0.015816467968255796,17,0.017682843411384024
746,-0.5649457328655267,-1.5345879916216187,0.015719446661686853,12,0.0023911895924039247
746,-0.6261354835673861,1.5001534534030134,0.016030849513419602,17,0.014218378656245829
746,-0.5897709880993475,0.4793080583080015,0.015957286793503115,15,0.01864744939767365
747,-0.5770510199964984,-0.49481444899416477,0.015876058778276372,18,0.02005616573518078
747,-0.561055272544312,-1.521359206321741,0.01582203962346479,12,0.018093109806200706
747,-0.6228199722570444,1.499484621335254,0.016019958972783976,17,0.015306963398568022
747,-0.5847447079092692,0.4774403687481467,0.015946261675829018,14,0.013549146079820018
748,-0.5768502362016544,-0.49533116076746625,0.015932646775701057,18,0.01944067524967637
748,-0.5574521934668251,-1.5117702503071464,0.015479363824992001,12,0.01537412231276828
748,-0.6250066039685264,1.4984887703225922,0.016070842862720636,18,0.019255606123791957
748,-0.5878719375310664,0.47882102212279015,0.015832917991632788,14,0.015853625239640182
749,-0.5780773345865536,-0.49301197357670845,0.015814633753538088,18,0.014901437530421674
749,-0.5571561702089772,-1.5052331454317358,0.015200482653607095,11,0.003573212106290214
749,-0.6232692611055682,1.497930434930827,0.01598282631369211,18,0.018782564281079026
749,-0.5867061624951327,0.47952702946880255,0.01585418212315242,14,0.018236539032358532
750,-0.5727344886671842,-0.49023323062305835,0.015955129327885672,17,0.021095488870853264
750,-0.5564163289769426,-1.5123489988908585,0.015171993538430819,12,0.015384419310783494
750,-0.6207236524681348,1.4971865639617281,0.015995641294918678,18,0.019058984508301378
750,-0.5877175648996846,0.47685709845129565,0.016003599953097393,14,0.018220263931512166
751,-0.5724696405800936,-0.489245192029481,0.015763884133356252,17,0.017677435234132163
751,-0.6238598839574342,1.4992229801408108,0.016081412564536365,17,0.018179149299063932
751,-0.582105568611625,0.47217972558591725,0.015937865968949215,14,0.012943688633957971
752,-0.5731205980618226,-0.49035410381055317,0.015843513257423995,17,0.018691520478049253
752,-0.5639227919034463,-1.5178473748947112,0.016032558924483745,13,0.01549524530403526
752,-0.6212872467445868,1.4991151291921598,0.015951618797384368,17,0.01884549030760115
752,-0.58554511497873,0.4772598848137784,0.01605181771887022,15,0.016773808297748622
753,-0.577674142206954,-0.4993536914156559,0.016048112330397234,18,0.019468434953977418
753,-0.5571561702089772,-1.5052331454317358,0.015200482653607095,11,0.003573212106290214
753,-0.624025433956653,1.49995978766637,0.016083201576022832,16,0.014732919882892853
753,-0.5886334977045701,0.47301984982690976,0.01658029328384924,14,0.02064138188115908
754,-0.5784172266603033,-0.4971142610096028,0.01597082959037804,19,0.019906128523454487
754,-0.5665633855452793,-1.5210185919770236,0.016131396271248256,13,0.014271199772483046
754,-0.6244831463312855,1.4988443124201647,0.01591880939025933,20,0.0191386956583289
754,-0.5896246946492905,0.47638825040498645,0.016674343834440202,14,0.02208492443707192
755,-0.5765989096325201,-0.49387941762589077,0.015906871348463313,18,0.0189061110908453
755,-0.5601845473005017,-1.510110443938457,0.016186492246296622,11,0.013568942999164967
755,-0.6240065971974346,1.499284245536455,0.01607395873118228,17,0.015982652842117574
755,-0.5811109730937754,0.46798582341129924,0.016177027163879105,14,0.0031901023433685708
756,-0.5751607265285837,-0.4917224365652288,0.015843620487420825,17,0.019462310816865447
756,-0.5610920692341392,-1.5035301349780137,0.016167090470106386,10,0.005139631706060442
756,-0.6229773931052905,1.4995548482351948,0.016002687022086765,16,0.014648405849298374
756,-0.5867768886800202,0.47522871220434354,0.016303634447789265,13,0.020683357617949594
757,-0.5771670037198786,-0.4931188448850852,0.015888372882657757,18,0.02021220086034906
757,-0.5624688690652933,-1.5191595262413797,0.016203636532327273,12,0.016503993070819935
757,-0.6254424661229476,1.4999540004321776,0.016056700729211844,16,0.014894636688362838
757,-0.5840843485106549,0.47637082560194866,0.015937125820798165,14,0.01627075186290776
758,-0.5768552961590332,-0.4953945941594324,0.015845854609211226,19,0.019519387771426398
758,-0.5571561702089772,-1.5052331454317358,0.015200482653607095,11,0.003573212106290214
758,-0.6239382185121378,1.497285045472969,0.015911265818611495,17,0.017814019723639392
758,-0.6036123124286566,0.4874550388012843,0.016461352622559804,13,0.0036692813274686216
759,-0.5764814570916426,-0.4922992007067619,0.015898058088722248,18,0.018249246993349198
759,-0.5683813938976263,-1.511198389725479,0.015896251950451284,10,0.004039809617655587
759,-0.6223571667288192,1.4986440688358862,0.01600279770880745,18,0.020030876031624685
759,-0.5834046687576347,0.474126270143722,0.01635017235385059,14,0.0173560421469341
760,-0.5766194856289731,-0.4944139758263303,0.015855190550470508,19,0.01939660572956006
760,-0.5607058864262161,-1.5330756224806819,0.01571395996741741,11,0.0
760,-0.6214914490100862,1.4974749989745708,0.015888316995718306,18,0.018762782118183375
760,-0.5853967360734723,0.47326053800137224,0.0161051400327434,14,0.016991229957671154
761,-0.5769762746068534,-0.4930379225208159,0.015968912331260594,18,0.01836749804209245
761,-0.5655055277527296,-1.5091507809110996,0.016232730418450015,11,0.011839572643124303
761,-0.6259843459869202,1.4995025745734976,0.015926461152615326,16,0.013482350794631068
761,-0.5854026273381997,0.47752302038973654,0.015965085774537542,14,0.017761914393214312
762,-0.5747412504922721,-0.49119936999759417,0.01571482174005988,17,0.0188296471962175
762,-0.5635856493653427,-1.510836225945553,0.015679381861480587,12,0.01273769959191892
762,-0.6252629612308414,1.4992800414813683,0.016086678013656805,17,0.017431721669364464
762,-0.5848730853813097,0.4768810819386703,0.01585499212419309,14,0.016395744544423864
763,-0.5757792028626824,-0.4947155924006989,0.015959003535369845,17,0.021869152439704748
763,-0.5637038474871049,-1.5125615622645048,0.015851099990981513,12,0.01441559510695902
763,-0.6227194748465738,1.5005146222270085,0.016111144113608998,16,0.017610104102860836
763,-0.5883772502373272,0.476755845868151,0.015963395438278915,14,0.019708412734530455
764,-0.5775986270121439,-0.4954864098175374,0.015939460897788412,19,0.01904017376431718
764,-0.5616585363267819,-1.506416119594613,0.01625362271453306,11,0.004850739999867149
764,-0.6242738826252345,1.5008639403062867,0.015876364337016925,19,0.016486749215996833
764,-0.5835572971362903,0.4761245015736025,0.0160080301873961,14,0.01698581093988922
765,-0.5774755708203603,-0.4941485193652265,0.015736745102309643,19,0.016045813138993104
765,-0.5777929157287675,-1.5308346154078651,0.01589415067788554,13,0.01641492553578051
765,-0.6222463242228972,1.4980064261940924,0.01601840737540137,17,0.016026069229670932
765,-0.5812783406251502,0.47324109138825415,0.01601562981646332,14,0.014791153842027699
766,-0.5730930586709073,-0.48940883292302145,0.015881943095948793,17,0.01748668246792937
766,-0.6221904798593295,1.4996043637528031,0.015897492807217386,17,0.018643812228980344
766,-0.5923043723290282,0.4793200739616564,0.016103725156014315,14,0.021429301034338842
767,-0.5754860126468319,-0.494552060019679,0.015927186008734835,19,0.020778362229444743
767,-0.5665829250858468,-1.5144391486491051,0.016311254781372936,12,0.011959726213462448
767,-0.622193397301205,1.4979150839266835,0.015880502155349037,17,0.017559377335389058
767,-0.5843329625579549,0.47675094692171466,0.015903980279146187,14,0.018439828870173283
768,-0.5751472402237304,-0.4956427806924594,0.016056691517168736,18,0.02170428298385035
768,-0.563626254413248,-1.5142861721035585,0.015967567981829363,13,0.014940770931889955
768,-0.6190533053817426,1.4967173210768665,0.015977363828487225,16,0.01727935105774618
768,-0.589196032992966,0.47768114930916716,0.015955840707369634,15,0.020871742197549878
769,-0.5772306982791793,-0.4986087502150071,0.016004677387095368,17,0.01983473656402475
769,-0.5738085183519461,-1.5254606989336486,0.01591246067128348,14,0.016019559788260983
769,-0.6213537537868445,1.4972427022985373,0.015971804782663305,17,0.01623982536938863
769,-0.585429150268561,0.47591387786897305,0.016120605232155204,14,0.019341666370404298
770,-0.5788699354146294,-0.49387672620028544,0.015753896881321387,19,0.014782174821460804
770,-0.5628017727036199,-1.513258655183103,0.015992596512956724,13,0.01529304335919139
770,-0.6152750076892463,1.4919459948351361,0.016042761973204114,16,0.019459251578987632
770,-0.5822941139712612,0.47396503331469575,0.01592778654426705,13,0.01311482129980199
771,-0.5748847051026937,-0.4943060563779132,0.015949403652384602,18,0.021550030554684067
771,-0.5735717030006825,-1.5257144300253482,0.015587145263058707,12,0.014760730466058695
771,-0.6227728978920228,1.497949826324219,0.016067075999940825,18,0.014277580712591742
771,-0.5825660967254834,0.4751340993060263,0.015867495644377796,14,0.016187725066616195
772,-0.578947230604614,-0.4976068731663406,0.015949726713316067,18,0.01920169436814643
772,-0.5638105045865621,-1.513259881017622,0.015776800034478494,12,0.013976128594033518
772,-0.6245335519456616,1.4993344259277737,0.015976024603907218,17,0.015939021105620906
772,-0.5896097147253517,0.4778161367945225,0.016383762833891972,14,0.021989949072952045
773,-0.573059827589507,-0.4896515538243777,0.015927746839955355,17,0.022150279243314273
773,-0.5658766573827726,-1.5106745578092529,0.015881676760664917,11,0.00995840323273536
773,-0.6252298022737761,1.4993450301464128,0.015941950708390214,17,0.016263788662800163
773,-0.5823314223210092,0.4760941121784464,0.01607660714330561,14,0.012345733226639701
774,-0.574535915665132,-0.49010604147364883,0.015768317500519137,18,0.017685723558921194
774,-0.6217244007826508,1.4991048920067733,0.016144689181949848,17,0.016948291936185817
774,-0.5849063876044699,0.4789359708956269,0.01577394247378686,15,0.01148353463266817
775,-0.5734422674199026,-0.49169846728594646,0.015861506430222768,17,0.018928529667044457
775,-0.5633406188137502,-1.5310585046650973,0.01572657944345534,11,0.0
775,-0.6241893379034713,1.4985216361672051,0.01616291739226002,18,0.017922552989769018
775,-0.5850202589999435,0.476258519693653,0.015938185131546226,14,0.016849236073156026
776,-0.5761741871036864,-0.490177660192039,0.01586384078342094,17,0.016317240299003298
776,-0.5614902405152764,-1.5143300537880549,0.01567286347266949,12,0.015433484811789102
776,-0.6208606514150545,1.4972700267981016,0.01591367288201944,17,0.018242205393242897
776,-0.5850202589999435,0.476258519693653,0.015938185131546226,14,0.016849236073156026
777,-0.5731986719613774,-0.49151960535749356,0.015972869452498407,17,0.020109260673717915
777,-0.5654372668554996,-1.5099990911402401,0.01570714834896543,11,0.010357151596145796
777,-0.6200462814474031,1.4953281545382138,0.015940038113013016,17,0.019564409239120912
777,-0.5818590219396109,0.47631139359745517,0.0159364976910784,14,0.011514312881163008
778,-0.5754449390146843,-0.49493259235886594,0.01590799444119519,18,0.020862800139563428
778,-0.5739119806714911,-1.524547716834369,0.01596530576025667,13,0.017626772146436473
778,-0.6185086225522717,1.4935047574222564,0.015834800362400786,17,0.022186729199748473
778,-0.5881809623208362,0.47615321378183645,0.01602655412485655,14,0.02151933611841077
779,-0.5742788638511729,-0.49258733440487057,0.015832331397843576,17,0.021354353539737903
779,-0.573034817762953,-1.5210470571283001,0.01596856793134129,13,0.016281928729880546
779,-0.6231781107451074,1.4975442441994065,0.015914118116027512,15,0.017674638567532396
779,-0.603002833626732,0.4877717169593987,0.01597358502371083,14,0.0027042240037427464
780,-0.5748032863283109,-0.49083687482683414,0.015873403984140607,18,0.019304071792285733
780,-0.5634458547782791,-1.5174668861562868,0.01636883360675705,13,0.016585296459751587
780,-0.6221681512970266,1.49871556040709,0.01591381805142827,18,0.017987478503905065
780,-0.5878291277647001,0.4798343900253785,0.015828416852080574,14,0.01999010287040919
781,-0.5763830460999866,-0.4961798062260141,0.015931886071255057,18,0.020797803176632636
781,-0.558227200647934,-1.5162776548394008,0.01633704783174032,12,0.01824358541803963
781,-0.6204540734511423,1.4997412452119556,0.01599041724104804,18,0.017652647137532146
781,-0.5854026273381997,0.47752302038973654,0.015965085774537542,14,0.017761914393214312
782,-0.5795217650952109,-0.4982809362221518,0.015938609387659092,19,0.019105518599181883
782,-0.5686391478453496,-1.5106987621417305,0.01579411777871799,10,0.004156145963147154
782,-0.6243897961717377,1.4990333254327877,0.016097280807804436,17,0.016741099220063976
782,-0.58133684489965,0.47270368766497867,0.0161247598458388,14,0.011352069039444742
783,-0.5753232961748624,-0.49338269130548923,0.015989833062961048,17,0.020005080434400708
783,-0.5633868069894091,-1.5117404311536662,0.015987721806779417,12,0.01394848281377486
783,-0.620461619332673,1.4962420221382347,0.015987142243770503,19,0.02240549436856888
783,-0.5888501094297427,0.4757636278460984,0.01663981559340118,14,0.022034268315599258
784,-0.5767881498155489,-0.49557985768059554,0.015908163509777962,18,0.02052677583624756
784,-0.5608368636621592,-1.5074344423291004,0.016191031885094746,11,0.011492582994427151
784,-0.6240171486354689,1.4999852408994228,0.015907054014078572,17,0.01848668316026862
784,-0.5971245939580716,0.4844703963165697,0.015712392195967956,13,0.017535726588106797
785,-0.5802234961496693,-0.498302794548589,0.0159183696876526,18,0.017818077185227425
785,-0.6209927394925917,1.4977337506962447,0.016038831395753655,17,0.022158089068068636
785,-0.5870187053071345,0.47695215440108274,0.015882844617104572,14,0.01953467331069711
786,-0.578686376913983,-0.49719574604620137,0.01599760243491548,18,0.01977462812564076
786,-0.5696004652365187,-1.5220277655813819,0.016101425169606314,13,0.019810521179971348
786,-0.6219528289557419,1.4986684822395346,0.01599628100911294,17,0.019318762632336936
786,-0.5881761779027636,0.4778929192466147,0.015944770741066153,15,0.01940593590995339
787,-0.5779606391496733,-0.49720306624049626,0.015981470499749455,18,0.019757655417230412
787,-0.5722617646788644,-1.5214823489520721,0.01590967958708501,11,0.01665817597794101
787,-0.6226127247413729,1.498397491142817,0.01591186573774205,18,0.018162262567832644
787,-0.5874711856648986,0.4755881299172155,0.016031359457333638,14,0.020434562667283492
788,-0.5775815262227536,-0.49637053390819685,0.015912515441961338,19,0.02028003417747588
788,-0.5672672843311536,-1.5136233209805414,0.0159824692769824,11,0.006176466443597529
788,-0.6219476266681148,1.4984678396068822,0.01595174934318083,18,0.020192459382870245
788,-0.5845131971905765,0.476220866383942,0.016088718729180714,14,0.014797458309775927
789,-0.5768367137821147,-0.49373456961546286,0.015923175306411484,18,0.020952125775954178
789,-0.5637331931510587,-1.5135009777774846,0.015866521706782627,12,0.015127944514761226
789,-0.6228480659938416,1.4991704959434649,0.015828379343072255,17,0.014692903061485461
789,-0.5859121245867416,0.4754437555524378,0.01601274985826513,14,0.018194182994856478
790,-0.5799345708928367,-0.4995935088907167,0.0159333036949278,18,0.01726723148875564
790,-0.5528094466715452,-1.5024370649957326,0.015408695528904186,11,0.0
790,-0.6238933052635328,1.4978220259224466,0.015925967651353855,18,0.018483001684074817
790,-0.5979205712292855,0.48511564009760827,0.01574931286885,13,0.017577407156712417
791,-0.5760054507192802,-0.49530897667534757,0.016054852918573392,19,0.022083557992640127
791,-0.5720071295254153,-1.5249377469401226,0.01591170149645054,13,0.014703067600550096
791,-0.619109949314764,1.497392292180483,0.01579254636456214,17,0.020171634073732916
791,-0.5865874289576088,0.4771478426539355,0.016112165994518556,14,0.019847426570721863
792,-0.5742183128096943,-0.49460138353119953,0.015991651241755427,18,0.020274176214878547
792,-0.5633252590291922,-1.514287540629383,0.016298645073968103,13,0.014540469098420938
792,-0.621741636884663,1.497927108000046,0.01592226349439429,17,0.01876457706776008
792,-0.5850632242073621,0.47575114242234245,0.016262809666062236,14,0.01912571914243259
793,-0.5744866290488675,-0.49505208175167564,0.01606873346062834,17,0.022420975337081678
793,-0.5598582876009487,-1.5050533812748863,0.015904547293000258,10,0.004172450278819455
793,-0.6213221799573855,1.5011141650806354,0.01603882918397472,18,0.020378276051486777
793,-0.590077530313654,0.4768364608493479,0.016339648372990703,13,0.02225192560501106
794,-0.5752126082025496,-0.4944922286183197,0.016020483762002196,18,0.021808630590500106
794,-0.620892347479333,1.496217106098556,0.015877825386304598,19,0.021750592267567703
794,-0.5834046687576347,0.474126270143722,0.01635017235385059,14,0.0173560421469341
795,-0.5777350933558077,-0.49767088098768225,0.016063325026107408,18,0.020445815209072887
795,-0.6270714577681569,1.499332461188424,0.016025618403627435,17,0.013583659290569832
795,-0.5842581533740607,0.4756389450769667,0.01590491066920743,14,0.016809380579041983
796,-0.5746888454320547,-0.49416400533125904,0.016100779774143585,17,0.021632114487414523
796,-0.5656245265849906,-1.5118031587036742,0.016560720507175435,12,0.010979867505743772
796,-0.6217020425129312,1.4971907768679538,0.01603470171440626,19,0.02267838682661402
796,-0.5990033223702382,0.483759370153283,0.01598004764489936,14,0.018800494479479048
797,-0.5755917947683233,-0.4950199227913983,0.0158325909246815,18,0.019900771486599227
797,-0.5796999598888977,-1.5329181424071698,0.01609054594930037,14,0.01525925730248209
797,-0.6249466011005311,1.4968303549220972,0.016164632944656688,19,0.019818968241880838
797,-0.584317691703523,0.47674416396607106,0.016040407894702503,14,0.017023490830245583
798,-0.5754348777947831,-0.4935753389851864,0.015893344844986754,19,0.01979976884124626
798,-0.6256377629748349,1.4977490232253887,0.01602109376226065,17,0.01637352680509335
798,-0.5822456244296083,0.4746663127531562,0.01601859868204373,14,0.012220683289129274
799,-0.5749102327635678,-0.4916621396676921,0.015890947534132942,18,0.017237578457400055
799,-0.5599381326757835,-1.5132094426538645,0.016101538816743408,12,0.015468005034219726
799,-0.6236947606670715,1.499053424455371,0.01594269480366877,18,0.017808006782114957
799,-0.5872781681708052,0.47511269059465455,0.016286234520513244,13,0.02070363311511692
800,-0.5745461579953736,-0.4936077648677857,0.015995515474500763,18,0.021027806335736303
800,-0.5745526917904563,-1.5284921145487558,0.01603978396558429,12,0.01706681800608567
800,-0.6214728137855273,1.4970871951546318,0.01621334657375405,19,0.024171036297710998
800,-0.5920676905389818,0.47906683826661767,0.016200397028638312,14,0.023707762665771716
801,-0.5737536618913127,-0.4909504734974958,0.015944286437490334,17,0.020507626367886368
801,-0.5611301176184602,-1.514944655748509,0.015951694801719478,12,0.016470354357108
801,-0.6217355812422148,1.494787945537292,0.0161119799883352,19,0.020391911328401704
801,-0.5812549054423175,0.4753369892044156,0.016093836444678072,14,0.013930835395277421
802,-0.5759909427124679,-0.49651571988090454,0.015838059012493282,17,0.019746948679411166
802,-0.5574521934668251,-1.5117702503071464,0.015479363824992001,11,0.01537412231276828
802,-0.6237380330411021,1.5008516602019386,0.015901996116038507,18,0.01712499522923741
802,-0.584774810204502,0.4755314472454366,0.01605065030222989,14,0.01772455757401372
803,-0.5763748794240994,-0.49496744529777564,0.015980622492295076,17,0.021079264157894847
803,-0.566235364556594,-1.5135114699037175,0.01629936065964822,12,0.01195183304807574
803,-0.6248573623971067,1.4990318083734675,0.01617239127029164,16,0.016912375803604603
803,-0.5829926868851555,0.47813357223973396,0.015903120885991162,15,0.010739348687100216
804,-0.5739801391839021,-0.49087164254950333,0.0158008824678793,17,0.018838553152892484
804,-0.559713019218505,-1.5235371482120446,0.015612354452124638,12,0.017754706156199607
804,-0.6249146795871318,1.4988713446402584,0.01601132224938783,16,0.01631899046440054
804,-0.5817400796212954,0.47418431432769886,0.015939699409493677,14,0.01087627161195861
805,-0.5773071911488379,-0.4921920975931068,0.0156903426249135,18,0.01710558831490275
805,-0.5694168697988112,-1.5240992319809252,0.01602646305102076,13,0.018927732183772514
805,-0.6217590371262853,1.4970656491134804,0.015889059189948276,18,0.018495197916998347
805,-0.5838283509005063,0.4740381175042219,0.015907770581773815,14,0.014177822695304673
806,-0.5737098221010151,-0.48974827234297424,0.01585673908354234,17,0.018727954858246045
806,-0.5734569917693013,-1.5205012238608204,0.016148665162801088,13,0.01936646216783782
806,-0.62175544095488,1.4968634723241518,0.016015470373138746,17,0.018260630075766327
806,-0.582129682208204,0.47415923686625466,0.016064432035843314,14,0.012458502105588258
807,-0.5783641830635581,-0.49669544868849747,0.015862204387008846,18,0.019745769820397614
807,-0.5589540928013483,-1.518869597029448,0.01585412763388847,12,0.01821283875849097
807,-0.6253861830685032,1.499763694983025,0.0162235607976781,17,0.0182743958523773
807,-0.5880282669917231,0.47815461550318406,0.015876238698867843,14,0.01926918132693676
808,-0.5760160804103374,-0.49182055644818756,0.015916348042631954,18,0.018889632146286972
808,-0.5564731643586732,-1.5033849061711402,0.015170833818222715,11,0.0035704040344199505
808,-0.6228380816814865,1.4989839002741043,0.01604711038450632,15,0.01771737437916011
808,-0.5857355693651087,0.47536869130618287,0.015997805004469907,14,0.017501020626190886
809,-0.5777814280396042,-0.492947555956937,0.0158911028034226,18,0.015157533251372882
809,-0.5531464168681913,-1.5033506530561371,0.015434718308637881,10,0.0
809,-0.62163487100748,1.4968644476159185,0.016084586668880182,17,0.017614586311701614
809,-0.5822364361942491,0.475825523238378,0.015791911442300986,14,0.00898095894508759
810,-0.5782638597258819,-0.49685470550213584,0.01600233008110749,19,0.015883280942785093
810,-0.5565167351576259,-1.5035084571328092,0.01590988978894689,10,0.0035843904247888562
810,-0.6246382002776716,1.4996933754136201,0.01619769249528989,19,0.017612002975504082
810,-0.5830405330467887,0.47402394329611885,0.01589367935980375,14,0.014115526850083436
811,-0.5743603420575134,-0.4916950752389642,0.01586139154421471,17,0.020500583729671392
811,-0.5587111561611763,-1.5049503553063164,0.01538069395282873,10,0.0025137858199722266
811,-0.6225588589180422,1.4973618024620878,0.01592548323034873,17,0.019184370392687344
811,-0.5830374226361397,0.47515663402678776,0.015886368244954145,14,0.0143340905946418
812,-0.5753833838095203,-0.49349030358772367,0.015923411361145088,17,0.020923536151606234
812,-0.5758089084989992,-1.529387796025631,0.016015931277297113,15,0.01818779736099813
812,-0.623193750813021,1.4982405927926208,0.016130514309216987,18,0.017248625584901565
812,-0.6035657029520639,0.4891838079222543,0.015902998340334682,14,0.0033261058872602477
813,-0.5760195326480079,-0.4957157929503098,0.016022602338242202,18,0.02076829981015339
813,-0.5663148876554338,-1.519891193904762,0.016034365409225367,13,0.014343162531888203
813,-0.624015859559098,1.499237427349191,0.016112271771801533,17,0.017911535165188303
813,-0.5882794301976471,0.4777201716703162,0.015863058395163786,14,0.021069002184853178
814,-0.5760148265105852,-0.49696344254782343,0.01603119035571273,18,0.02052400488288446
814,-0.5565914761289933,-1.5128305916828326,0.016261180827903385,12,0.0171596888374827
814,-0.6224699877181912,1.4994456986567157,0.015903103013518393,17,0.01972322666283276
814,-0.5902966280446706,0.4779065982677682,0.016466645891669743,13,0.02217068361113152
815,-0.5771759699180353,-0.49216217784258504,0.015893856559276626,17,0.016998150732227577
815,-0.5569345850341069,-1.513764133504747,0.016272245872464893,12,0.017170548044454993
815,-0.6144522381273196,1.4979588278585285,0.015968912779688083,19,0.023910923336117197
815,-0.5833241772021237,0.4757516507949567,0.015906019554519302,14,0.016237751603677103
816,-0.5758966731684773,-0.49293865984794194,0.015845142150957572,18,0.018022163275233868
816,-0.5578407682719501,-1.5070833573039366,0.015228938977877705,11,0.003574666178138639
816,-0.6214941581565494,1.499002372398018,0.015934704515280278,17,0.018808892078212236
816,-0.589651150592308,0.4790960201205132,0.01596928246104081,15,0.019883032177525704
817,-0.5736526246992251,-0.49188069490173025,0.01607726641065474,17,0.02153406700009634
817,-0.5642708549149783,-1.5132656376503817,0.015749300892574106,12,0.013083661549264136
817,-0.6200635889417129,1.499207392602694,0.015725235035905488,16,0.017427568311478122
817,-0.5821204433097003,0.47596935382268557,0.015952084327136667,14,0.014160929402435978
818,-0.5770880652383115,-0.4949560915231008,0.015939234677709503,18,0.015134465523909442
818,-0.5591811782984025,-1.510792054949953,0.01601881144985426,12,0.014401100372804143
818,-0.6245003108106206,1.49602959028595,0.016024586767258917,18,0.01666267963867696
818,-0.5831763500161873,0.4781771740952427,0.015987824610461974,14,0.012060512932225981
819,-0.5731614552089398,-0.49359747874349214,0.016075490160111658,17,0.021826298065205533
819,-0.5709315912837833,-1.5360423046613785,0.01615125849734823,10,0.0037481575835084154
819,-0.6199851851745266,1.4971463873596929,0.01600880732975971,17,0.018374408409896667
819,-0.5827858445571608,0.47458306097480696,0.015971580279781662,13,0.01348828313953649
820,-0.5755877075713898,-0.49331483962063954,0.015859641413484424,18,0.019753909967716476
820,-0.5712677794651492,-1.5227211463865045,0.016175100450854456,14,0.019588622176555243
820,-0.6206744897938306,1.496966649479724,0.015969477368429824,16,0.01834589744926982
820,-0.5928307623105739,0.48021890486643887,0.016474274280121506,14,0.022473871367704124
821,-0.576438967896249,-0.49269827144536155,0.015967318870902556,18,0.018546960426899017
821,-0.5696345462539625,-1.52175725222394,0.015821110641706337,12,0.018354353069291042
821,-0.6219423441314545,1.5000604002421665,0.01595818565553608,18,0.016408426400205057
821,-0.5897694814746394,0.4771030195100997,0.015903496980422677,14,0.019131959248566716
822,-0.576369597536694,-0.49295856882965916,0.015842144774235657,18,0.019579483958911837
822,-0.5640042656279499,-1.526878512640657,0.015424454787757128,12,0.0029401773264917646
822,-0.6241383210894739,1.4982666451533035,0.01584870658269828,17,0.015346341653191863
822,-0.5859430660430982,0.4778676007586015,0.01575753481400784,14,0.017615994700286148
823,-0.5737904037062695,-0.4921923603778713,0.01601214558861774,17,0.019607490076880046
823,-0.5616276482449575,-1.515978177021026,0.01590845089069485,12,0.015705234772405516
823,-0.6230431450101338,1.4986644583920934,0.015919419971079953,18,0.01813193482505674
823,-0.5868279759374403,0.47800629573462133,0.015968342448489176,15,0.01686163965780921
824,-0.5763630138622635,-0.4954812730867111,0.016056491973210626,18,0.020656647428835224
824,-0.5581479044754869,-1.5045474019703362,0.015626904911655425,11,0.005154056287981682
824,-0.6240810595383537,1.4995658354605437,0.01618031224841022,18,0.019116471893886964
824,-0.5794043581299911,0.4730957247474149,0.01582617003881276,14,0.009550391603553561
825,-0.577121587735149,-0.4966065413929079,0.015945857362538125,18,0.02043636635275234
825,-0.568367397691614,-1.5262145767845687,0.01596134632001235,13,0.018247254017944723
825,-0.6196169870645123,1.4969606733543117,0.01602775098906052,17,0.019362727550731672
825,-0.5825262828772542,0.4769381528914055,0.015891783228433855,14,0.011329394857049941
826,-0.576546274351376,-0.4964168106296663,0.015892910762112782,18,0.02055725558912124
826,-0.6270401585734441,1.4986890717550405,0.01585561747130226,19,0.016087728319480455
826,-0.5834046687576347,0.474126270143722,0.01635017235385059,14,0.0173560421469341
827,-0.5757760726276752,-0.49520883847633024,0.016016925266166104,18,0.021144828333736362
827,-0.5708662374917935,-1.535083833250583,0.01581044699262955,10,0.004277632232574179
827,-0.6224454896153767,1.4991008754260458,0.01601218926461067,16,0.015141816654722735
827,-0.5834046687576347,0.474126270143722,0.01635017235385059,14,0.0173560421469341
828,-0.5762740820101622,-0.49391102412770405,0.0160829188684645,18,0.02161478681729704
828,-0.5603720529881298,-1.532151861650069,0.015730695009708168,11,0.0
828,-0.6207066979302344,1.4979555311007156,0.01594876675935911,18,0.018388011042913457
828,-0.5829895922115945,0.4791597728636029,0.015831146420974784,14,0.010464998011645825
829,-0.5765023667506368,-0.4958706058610372,0.015918417589044016,18,0.0199830902672673
829,-0.5566508229561908,-1.5166709400455047,0.015583814613580247,12,0.01809967170807371
829,-0.6199430008738537,1.4956220839119996,0.01598396549390103,17,0.02147480310278193
829,-0.5822275931538374,0.47368145505573017,0.01595622238236972,13,0.015264927588871628
830,-0.5758401514912261,-0.4956711516125053,0.016001605244399753,19,0.021222883538110818
830,-0.5783469834886998,-1.5323332522844086,0.016150365341501383,15,0.013806522147375764
830,-0.6249185801454437,1.4975301588326924,0.016073454053386112,17,0.017598162425540756
830,-0.5909565515414987,0.4784717178697751,0.01592097927644072,15,0.020273164848135575
831,-0.5763874089915365,-0.4964721307787659,0.01606804266976717,19,0.02072451986242695
831,-0.5611638519504847,-1.5135578012989745,0.01586071101208609,13,0.017995713514121523
831,-0.6229903556072005,1.4996059771115644,0.01620898012634804,17,0.01830921612742525
831,-0.5840514386030233,0.47651780678750516,0.015818912058200716,14,0.014041440719895085
832,-0.5756553285056993,-0.4953544361816576,0.015921840693714256,18,0.018881157324624347
832,-0.5631478032409427,-1.5079252044696456,0.015665464775475924,10,0.004564670773702522
832,-0.6234975499596532,1.4997618891077118,0.015989386614605097,16,0.013771503309255294
832,-0.5812071618741566,0.47274517038063957,0.015784731047443164,13,0.00974200413276534
833,-0.5756274666370435,-0.4961336376181341,0.0160054730356315,18,0.021304626443188708
833,-0.5578470053950445,-1.5101780833986054,0.016062224392611513,11,0.014583876409365558
833,-0.6239111183806509,1.4975710080359537,0.01594291961250726,19,0.017615561128227132
833,-0.5842415785288753,0.473803397190211,0.016078927687483115,14,0.017073482052388105
834,-0.574211473632185,-0.49404301511870446,0.01612019306339054,17,0.021727208867930278
834,-0.5587111561611763,-1.5049503553063164,0.01538069395282873,10,0.0025137858199722266
834,-0.6239257893897814,1.4995690503238988,0.01598946697058692,18,0.017111945268851094
834,-0.581104923338474,0.4747938384319532,0.01606916980443703,14,0.011139053318825455
835,-0.5744781597087618,-0.491849157963525,0.015913222829955897,18,0.019739719998018816
835,-0.5587391501598895,-1.515993705532448,0.016132694533749516,12,0.01765294222866573
835,-0.6257038243503978,1.5000076808854648,0.015875345529256665,17,0.015029670401068888
835,-0.5849159878778081,0.47643147569721767,0.0159578011430416,15,0.015514169200740465
836,-0.5762183646201577,-0.49238886941595117,0.015940259699630966,18,0.018323610633033956
836,-0.5675558558752678,-1.523978922141596,0.016070715230191875,13,0.017850487348156092
836,-0.6235044934140668,1.4991940847601095,0.015918121635256233,18,0.015749016844210255
836,-0.5880392139726506,0.477282531258273,0.0159942186351454,14,0.019484445006443512
837,-0.5745704771679895,-0.4929779654759548,0.0159935815429359,17,0.02061915559369591
837,-0.5643649422032061,-1.5161675436862048,0.016368024973880034,13,0.014644579283958202
837,-0.6210251205692204,1.4982066230796263,0.01583511964421214,16,0.01637488311653474
837,-0.5863224682740033,0.47714144002089975,0.016044831138610858,14,0.017369031930583978
838,-0.5771182696847891,-0.4943411355993296,0.01593627461302806,18,0.01965136661289444
838,-0.5581479044754869,-1.5045474019703362,0.015626904911655425,11,0.005154056287981682
838,-0.617032545540778,1.4933890018280773,0.01608378604436867,16,0.02116107274086442
838,-0.580719217959853,0.46915676134519746,0.016090546465807452,14,0.0029292787248230644
839,-0.5739864421671319,-0.4929770322036117,0.016077216067628377,17,0.021960689619819555
839,-0.5620079571684692,-1.5228298274572794,0.015619771106497813,12,0.015788067794257895
839,-0.6267667871555973,1.4994600368568622,0.01609179188101564,17,0.015942114397882446
839,-0.5877168453032996,0.47416177208075866,0.01658184437686541,14,0.020660720679127633
840,-0.5756335007961848,-0.4952475947552786,0.01594096834642933,18,0.020952449256779818
840,-0.5558398679885138,-1.5107527533113005,0.01589562741346519,11,0.015241943814216202
840,-0.6223703882356779,1.500038798926023,0.0159955506800853,17,0.016774292640775734
841,-0.5757819775924672,-0.49297938679762227,0.015985829516125327,18,0.019642826401676302
841,-0.5568599368716437,-1.504436610260976,0.0159208047832046,10,0.0035872510390940913
841,-0.6255752289130347,1.497063539144799,0.01598922545938718,18,0.020482621193394786
841,-0.6012475212377645,0.4879578121362475,0.01598765329672825,13,0.0033946813089189834
842,-0.5761939462884932,-0.4945094498136142,0.015861346169992057,18,0.01678972959916823
842,-0.5558398679885138,-1.5107527533113005,0.01589562741346519,11,0.015241943814216202
842,-0.6221143221966968,1.4984470281493647,0.016120145716446953,18,0.02064390848768647
842,-0.5793646525699498,0.47342921704957996,0.01592572230002434,14,0.012823585725420401
843,-0.5769452850864365,-0.49407827422767514,0.016016463439333353,17,0.015939054616679074
843,-0.5634572661142242,-1.515918607078132,0.016204180399883104,13,0.01589523580029525
843,-0.623156276307193,1.4969947552795173,0.01579855286394805,16,0.01741454719436059
843,-0.5853326856702616,0.4764397586317225,0.015961496563038177,14,0.018725054570392086
844,-0.5739864421671319,-0.4929770322036117,0.016077216067628377,17,0.021960689619819555
844,-0.5715970131267127,-1.5241571548059565,0.01599091641211109,13,0.016514057451741518
844,-0.6235456544111372,1.5021798054670843,0.016045046446091112,18,0.015501974499243449
844,-0.5878182788122326,0.4770138241874156,0.01591569453880109,14,0.01940675323716367
845,-0.5767384460015398,-0.4971252457191514,0.015938983138776473,18,0.01984507338805554
845,-0.5584840847442051,-1.514901492011208,0.015753235339140654,12,0.01656619250887998
845,-0.6202746601807536,1.4955773204400158,0.015819053563636536,18,0.021553140173911613
846,-0.5767544568110189,-0.49416161032622236,0.015834930650212912,18,0.018856678146599436
846,-0.5571999079003048,-1.505351953695684,0.015944131196109802,11,0.003591463745436549
846,-0.6247498196274559,1.4977063765120604,0.015821114798747562,16,0.017597436095636857
847,-0.5764677772058137,-0.4956696755689576,0.015861869263029172,18,0.019162975286355518
847,-0.5667455061414205,-1.5140004503459676,0.01605099805025141,11,0.012215778834719554
847,-0.6225064125930417,1.4987096466752952,0.01593476425425088,18,0.02022517943310608
847,-0.5832704710733183,0.47658364181334667,0.01589363207610887,14,0.013457247133774851
848,-0.5771907073304529,-0.49810464979764574,0.015957244520886822,17,0.02069132840544588
848,-0.5720166257926332,-1.5236250105721665,0.016146424189402892,16,0.020255411173303355
848,-0.6195200685689991,1.496201560162169,0.01594806524344677,17,0.01977642974175237
848,-0.5918214123250208,0.47987128490836306,0.015877884665332204,15,0.02036671657042582
849,-0.573049558361695,-0.4918147951313688,0.015739476916403854,18,0.02088243108911845
849,-0.5688917491663407,-1.5121108177714662,0.015698968444136634,10,0.004058252415502632
849,-0.6229265522094276,1.496562577704609,0.0158279173956007,16,0.0169187834544856
849,-0.6036123124286566,0.4874550388012843,0.016461352622559804,13,0.0036692813274686216
850,-0.5753959735617954,-0.4952441277313165,0.01575148697595264,18,0.02198232688317783
850,-0.565807374754045,-1.5228201635967396,0.015860161241449115,14,0.014266983694757998
850,-0.6227484238847387,1.4991101649151894,0.016056487639201433,17,0.018016285493210122
850,-0.5902677984369431,0.4792475758285581,0.015948048900491955,15,0.018630324139595717
851,-0.5744554442500583,-0.49564174602728717,0.016103277974834403,17,0.022000054920214333
851,-0.5661823497698039,-1.5147045005572308,0.016390516113205224,12,0.01278711296420056
851,-0.6187026479039136,1.4957453651338724,0.015775381337528878,16,0.022127358982492195
851,-0.5873416122318763,0.4776668274598462,0.015974645041496243,14,0.018832206209870275
852,-0.5764475223240466,-0.4958016988563023,0.015959530670559528,18,0.019827968292450524
852,-0.5633868069894091,-1.5117404311536662,0.015987721806779417,12,0.01394848281377486
852,-0.6252016470134493,1.4978916603264973,0.016052929664765018,18,0.016706421903595454
852,-0.583852851710868,0.47776113845293366,0.01592238718234657,14,0.014631614706455437
853,-0.5785185275611856,-0.4981678371272822,0.015950332240632362,17,0.016252050920187038
853,-0.5633868069894091,-1.5117404311536662,0.015987721806779417,12,0.01394848281377486
853,-0.6179836233746423,1.4958537814264445,0.015921599308878976,19,0.022720832080409325
853,-0.5880773209574955,0.47762333426064596,0.015870885700776424,14,0.019103058104848327
854,-0.5771413584263966,-0.49614818331536814,0.016069551593381963,19,0.020113578104084116
854,-0.5759816707609756,-1.5225976157499033,0.016073949107616083,13,0.013797427749670561
854,-0.6235169700142633,1.49935261181447,0.016063470496319558,17,0.018694267087900722
854,-0.5814642541706545,0.47521407207401883,0.016007433001137987,14,0.012656406434326318
855,-0.5785675877784117,-0.4982319327019576,0.015946090492428247,17,0.018681588686835674
855,-0.5736746573616353,-1.5193418418794564,0.016072242705070787,11,0.017330984192281195
855,-0.6230938022961416,1.4987181789830173,0.015970709347683992,18,0.017747503103335272
855,-0.5846685757103808,0.47715708879151675,0.015806247637862047,14,0.013915339255401024
856,-0.5754975594781139,-0.4951316822592296,0.015963000240096337,18,0.020727645290095006
856,-0.5558143955421639,-1.5038513368088993,0.015637273822093106,11,0.00391561421045649
856,-0.6227610901175216,1.497483057029956,0.015859782806815777,17,0.017824812469549537
856,-0.5833440488480451,0.4751287074077027,0.016012344905114294,14,0.0163077128221249
857,-0.5745722508206902,-0.49315535706050456,0.016060286396795968,17,0.022187360610713892
857,-0.5576134138529566,-1.5165107220464769,0.015901789104677443,12,0.017136877050122117
857,-0.6198946905373804,1.4977162693980446,0.015881300255568866,18,0.019362191023857358
857,-0.5836114709672698,0.4752157707606829,0.015919357249481802,14,0.018025640484474425
858,-0.5765131699504398,-0.4952049112781347,0.015903639723651032,17,0.019712789208177837
858,-0.5602297889084406,-1.5210437457266262,0.015628624340837245,12,0.01776168314787586
858,-0.6257074923032266,1.498270062221607,0.016264676574952435,19,0.01880676418226272
858,-0.5804348786736293,0.4739416532624219,0.016027578228944114,14,0.015081100194769034
859,-0.5745043790349695,-0.49350223742421573,0.01599220513629447,18,0.020760889836940875
859,-0.5571999079003048,-1.505351953695684,0.015944131196109802,10,0.003591463745436549
859,-0.6205062354537172,1.4971439493862093,0.01594868663206727,17,0.019737930410891353
859,-0.582912380088764,0.4738018524601928,0.015740994109983725,14,0.013957132432691265
860,-0.5786948017185141,-0.4980341333942347,0.01605959443100286,17,0.01938313218012432
860,-0.559663428896539,-1.518268420928081,0.0158118696056862,12,0.018160690771071675
860,-0.6213391732341857,1.4963190221151337,0.01586052921621403,19,0.020388354215923676
860,-0.5841896661125503,0.47628093456026704,0.01608019796907497,14,0.014903406313832971
861,-0.5759050841008069,-0.49526441325605663,0.01605251905155965,17,0.02083579726826687
861,-0.5710473239380157,-1.5217092621523862,0.01601695732743072,14,0.02085311664074277
861,-0.6254650341965103,1.499509693012328,0.01597153984311447,17,0.015090237794168978
861,-0.5833440488480451,0.4751287074077027,0.016012344905114294,14,0.0163077128221249
862,-0.5761119061616531,-0.4927111217282676,0.015927904874717725,18,0.017715282919687703
862,-0.5644749273726075,-1.5176237703676358,0.016383195588235047,13,0.015220840897335448
862,-0.6229982485663366,1.4990204414772632,0.016022770806566673,19,0.020965253269702444
862,-0.5834046687576347,0.474126270143722,0.01635017235385059,14,0.0173560421469341
863,-0.576081604608177,-0.4934396984121394,0.015943686440138632,18,0.019832462382362342
863,-0.5735498776933377,-1.5218966317810334,0.01601703100298139,13,0.01831641074430284
863,-0.6243362173187542,1.4988025316346085,0.015911772073798285,17,0.017183137067730867
863,-0.5907333882274858,0.4775992222242357,0.0160473359968166,15,0.021454594069792488
864,-0.5762849161528465,-0.4944902391123362,0.01604653336825206,17,0.021865453574295902
864,-0.5571999079003048,-1.505351953695684,0.015944131196109802,11,0.003591463745436549
864,-0.6219313358097454,1.4981514458510183,0.015839375034390736,16,0.01976096380641186
865,-0.5750534767520489,-0.4929702094094955,0.01579444937197589,18,0.01930944671259244
865,-0.5577946858183827,-1.5126981113518791,0.01549181271649329,11,0.0153837155028148
865,-0.6199733320303088,1.4962191657347674,0.016016808613694485,18,0.02073676783439332
865,-0.6039263987309532,0.4865138708100308,0.016389182040316006,14,0.004032265485012364
866,-0.5758111833193258,-0.49213695138949815,0.015847489712647253,17,0.0177876621970027
866,-0.559663428896539,-1.518268420928081,0.0158118696056862,12,0.018160690771071675
866,-0.6215632004596388,1.4985826335873755,0.016144224937625046,20,0.018663201214769956
866,-0.6036123124286566,0.4874550388012843,0.016461352622559804,13,0.0036692813274686216
867,-0.576885336857445,-0.49769351669384904,0.01606120942046738,17,0.021145975851966356
867,-0.5692417069857636,-1.5207694096581512,0.016124634696983386,13,0.017744037865320784
867,-0.6217279224852638,1.4951909830215737,0.015988469721758474,19,0.02103313325968205
867,-0.5921494789442515,0.47913878684173805,0.016402731826784502,14,0.022178388348454287
868,-0.5763401109502748,-0.49323210462442485,0.01586239025528146,18,0.02068336408076797
868,-0.5693261315658446,-1.5267306325180439,0.01603367320815139,11,0.004495150294412137
868,-0.6238662485325813,1.4986999058866894,0.016034636223935812,17,0.018084777743508862
868,-0.5888622201351681,0.47789094734409776,0.016154995995176464,14,0.021332385767329196
869,-0.5748389386311353,-0.4923614169156501,0.015841507903968776,18,0.020726450761511656
869,-0.5571561702089772,-1.5052331454317358,0.015200482653607095,11,0.003573212106290214
869,-0.6223305846361373,1.4970164080508623,0.016027753316531418,17,0.01731238680566255
869,-0.5866819084970343,0.47752064893745627,0.015956579198440537,15,0.016784845365204044
870,-0.5776742568807222,-0.49456272750460295,0.01596208171239676,18,0.01588535456640004
870,-0.5626804375432909,-1.5226792994882652,0.01598650239907065,12,0.014808071179137539
870,-0.6211950117759013,1.4981810157288793,0.015954799598170567,17,0.018463927631307418
870,-0.6022888952239457,0.48643032766447614,0.015883327466469036,14,0.011941260637521307
871,-0.5771852963187188,-0.49715408785362547,0.015918896996130888,18,0.020064523318678338
871,-0.5566508229561908,-1.5166709400455047,0.015583814613580247,12,0.01809967170807371
871,-0.6246491557673818,1.4994177348130862,0.01612513783341231,19,0.01805523011430254
871,-0.584534357845729,0.4772833106859047,0.015980565575889054,14,0.016849804417044645
872,-0.5759152223224329,-0.4926923315306206,0.015933068988536643,17,0.01950790083451159
872,-0.5578470053950445,-1.5101780833986054,0.016062224392611513,11,0.014583876409365558
872,-0.6201950912986842,1.4971207148002574,0.015896109247095915,17,0.02052745983533101
872,-0.5879735008644463,0.47602680130702396,0.016346148896892156,13,0.02199851450357111
873,-0.5763037971920308,-0.4932236472413921,0.015913772079081973,18,0.019321367948880997
873,-0.553599338544814,-1.5045820277717201,0.01591281588222263,10,0.0035845942736559395
873,-0.624974819662106,1.4985896654738882,0.016064468890816322,18,0.018075574273455096
873,-0.5859519648811078,0.4751501064066718,0.01618789718180424,13,0.020454812468400863
874,-0.5763313045456059,-0.49649120381346024,0.01598935342299696,18,0.020417128796098423
874,-0.5736873074282874,-1.533881283360371,0.01592492625677982,10,0.0040135013535744606
874,-0.6202876271204756,1.4977523791163578,0.01588337652425467,17,0.020075604632908056
874,-0.5854633633861772,0.4776547264475962,0.015996719669385935,16,0.016200671678961758
875,-0.5744665070437247,-0.49175902554308293,0.01602171956316554,16,0.02149898250908552
875,-0.5545838515556976,-1.5164146735768163,0.015532857133444659,12,0.017153651255191346
875,-0.623124086020488,1.4991723616360184,0.01607236251522002,19,0.019522847222049493
875,-0.5840532306026707,0.47588563031109493,0.015962609285808595,14,0.017471454406111322
876,-0.5758022137984032,-0.49310019916025327,0.01579507533152629,18,0.019778926554686715
876,-0.562414280316938,-1.516303434163681,0.01599887959885959,13,0.016882102527774175
876,-0.6230470253670891,1.4994132509463198,0.015936848631789142,16,0.015293036672643272
876,-0.5848069574038416,0.4771527459754554,0.015778396094880763,15,0.012789869847475294
877,-0.5753335707710416,-0.4940577523265882,0.016028784686707497,17,0.021323468114857736
877,-0.5751508924329062,-1.5310980371386012,0.01617019558593462,13,0.0161590200729427
877,-0.624195692826519,1.498007801557102,0.016201129561645097,17,0.017947719568710375
877,-0.5829699910266801,0.4763081745105047,0.01587800807709743,14,0.011197557251833376
878,-0.5763559892130873,-0.49273785606753956,0.0158876986639988,18,0.019149473280849677
878,-0.5633406188137502,-1.5310585046650973,0.01572657944345534,11,0.0
878,-0.6217686585164989,1.4987794142294693,0.015890876434019846,18,0.019544022546743527
878,-0.5843896234038222,0.47503922186710945,0.01592129319663093,14,0.013989299157121058
879,-0.5725615841269523,-0.49194238216877956,0.016073366378128978,17,0.02169253364211193
879,-0.5580261280080887,-1.5031018966970402,0.015351732037812586,10,0.0025118932362646956
879,-0.6207514990909522,1.4988221280199034,0.015839195892024534,18,0.017028215132554994
879,-0.5842581533740607,0.4756389450769667,0.01590491066920743,14,0.016809380579041983
880,-0.5734140582927754,-0.4932613429817467,0.016074261750035377,17,0.02148948990232389
880,-0.5614018556384246,-1.5222981244486686,0.015840548604273048,12,0.018117438393472
880,-0.6204203361040308,1.4987567261485708,0.015932717851123348,16,0.017614451723156968
880,-0.5810752303198249,0.4728961860276269,0.01645025671866348,14,0.015440134763290706
881,-0.5763630138622635,-0.4954812730867111,0.016056491973210626,18,0.020656647428835224
881,-0.5574450330483989,-1.519624109160711,0.015605879923801868,11,0.018184539313022798
881,-0.61940146510812,1.4974554021325404,0.01592283618058418,17,0.01730283850364599
881,-0.593103593122871,0.4802588333667322,0.016527610353589402,14,0.022648131967102268
882,-0.5748453716721409,-0.49489527705977576,0.016030876434164627,17,0.021526133723568583
882,-0.5610624194278745,-1.5340452898638977,0.0157468441210161,11,0.0
882,-0.6195680343126525,1.4950077315087589,0.015897099315684882,18,0.021121479895315185
882,-0.585178671896945,0.4745044726723074,0.01590444290473149,14,0.016790500719256807
883,-0.5775292440043581,-0.49556952057244513,0.01593817769432943,18,0.019873294379825074
883,-0.5645581198174676,-1.5136416291383055,0.0164077672475011,12,0.014807947149510448
883,-0.6260831955489702,1.499565345523095,0.015913581237306792,18,0.01621156588248459
883,-0.5890308371402727,0.47807192404112797,0.016123815018534486,14,0.021021648452937237
884,-0.5763748794240994,-0.49496744529777564,0.015980622492295076,17,0.021079264157894847
884,-0.565112498832211,-1.5301507162284145,0.01574624298757769,11,0.002709413087416331
884,-0.6144214555693605,1.4914693937782366,0.01574071493951458,16,0.021602704912577
884,-0.5912466324845046,0.47707836836095424,0.015891807550486338,14,0.021429945458534744
885,-0.575132812919835,-0.49313422970805965,0.015831995086196933,19,0.0203563396846226
885,-0.5626827651173903,-1.5132086050806852,0.015836288904395847,13,0.01500669838176472
885,-0.6236011987286166,1.4990422828876557,0.015963331945796976,17,0.016551094261189017
885,-0.5911528616709697,0.47749064884401843,0.01667765792936103,14,0.023280695814171807
886,-0.5738443580248173,-0.49184448839828815,0.015860622701873186,17,0.02003519607796668
886,-0.5645459078455157,-1.5127471084439994,0.015884410378399143,12,0.012925897931222194
886,-0.6183682088979046,1.4960700755765615,0.015752468173406243,16,0.018785701950362277
886,-0.5850549563092978,0.4764641283019266,0.016111812152288348,14,0.0182588600412983
887,-0.5759941120968953,-0.49406025872061904,0.01598103234967515,17,0.01993097946376287
887,-0.5631073041427351,-1.5115052084629632,0.016109823588145923,13,0.01388342450909312
887,-0.6219329013904881,1.4984572480328195,0.015881445633447136,16,0.017303033984227452
887,-0.59735350553095,0.48517482561565506,0.01615242607732143,14,0.019323217140290175
888,-0.5782539047928302,-0.49782877787526014,0.01610497721581181,17,0.02011848611190127
888,-0.5582603542529015,-1.5125504236108542,0.015553393986961773,12,0.016652778840316202
888,-0.6206290293928212,1.4956980069421721,0.015952123244772205,18,0.01985404892358027
888,-0.5838364354788039,0.4730251886999148,0.01598012039951951,14,0.014159772275163827
889,-0.5789697611588116,-0.49644305812092276,0.01586872004806074,19,0.015821499301938644
889,-0.5607470810083837,-1.5026095729250244,0.01614948123458397,10,0.00512689063804342
889,-0.6206504882487726,1.4969220013741662,0.015895176287666526,18,0.019350809551726172
889,-0.5839002457244523,0.47370802214704694,0.016163271762664067,14,0.01592053513344929
890,-0.5729238703443171,-0.4908071067713007,0.015872839895950012,17,0.01949446625693251
890,-0.5651987268629601,-1.5157556472969547,0.01631929314811102,12,0.014593473826319767
890,-0.6219710338047775,1.497222620851783,0.01600716131195239,19,0.02169525967223461
890,-0.5903749252221551,0.47686168395549444,0.01663679493943546,14,0.023215499750764958
891,-0.5770609963331674,-0.4969275146649877,0.01594033881755753,18,0.02032106145470022
891,-0.574354183465038,-1.5265529045217094,0.015953824470973377,16,0.01840776499269055
891,-0.6188748176273707,1.4982113887603652,0.016072718441231714,16,0.02017757870884616
891,-0.5793096427330562,0.47335592165955853,0.016067773636648148,14,0.007648073102719582
892,-0.5755125855382404,-0.49564946840115615,0.016164536592861975,17,0.02189588214382146
892,-0.5617136143988636,-1.5122318293979145,0.015773456640734693,13,0.0159548682745384
892,-0.6224439824136356,1.4995819954575542,0.01599564534625033,17,0.016754545606762716
892,-0.5815458274102899,0.47376442646374384,0.01599298924713766,14,0.014537509813889982
893,-0.5795313587516613,-0.4987204689466478,0.01588677937975047,17,0.01728709767068069
893,-0.5633406188137502,-1.5310585046650973,0.01572657944345534,11,0.0
893,-0.6212227868791936,1.4987674163982607,0.015931316585528574,17,0.01907043942154954
893,-0.5834046687576347,0.474126270143722,0.01635017235385059,14,0.0173560421469341
894,-0.5770776098437654,-0.49410949462862547,0.015946122884621505,18,0.019886602768265246
894,-0.6214602018271009,1.496666766309962,0.016108463600255512,18,0.020977958862091615
894,-0.5796997430660255,0.47287204745061406,0.016115374352007945,14,0.00843781115681647
895,-0.5741558696505878,-0.49364172510972504,0.016048781956387585,18,0.022261240621735148
895,-0.5626586539116244,-1.51667890570067,0.015772635240899183,13,0.016314271280081664
895,-0.6265944799705766,1.498822435378298,0.016060725176256296,18,0.015618290927495976
895,-0.5839716169694616,0.47770939500476794,0.015995284071665988,14,0.01620529221202274
896,-0.5757183922322424,-0.49430135032266953,0.01586480123080225,18,0.019810451644913265
896,-0.5645132868075321,-1.515874346948035,0.016244894671611654,13,0.015630620295901423
896,-0.6219578358629005,1.4947715455103134,0.01590396927819261,19,0.02076439596886183
896,-0.5828157902482912,0.4758709586530141,0.016048191587758782,14,0.015901544214312502
897,-0.5758513938312451,-0.4939639203478318,0.015914119651147016,19,0.02148327384360095
897,-0.5617136143988636,-1.5122318293979145,0.015773456640734693,13,0.0159548682745384
897,-0.6217989096434733,1.4999957596440432,0.016200880450856867,17,0.018128438545693903
897,-0.5830833970397983,0.4775502292442639,0.01579419247221179,14,0.01249693573163871
898,-0.5755889476602299,-0.493756119046111,0.015806634798475966,19,0.020956317864609993
898,-0.5753447989116146,-1.5271779667704843,0.015798633301893614,13,0.016724931748469903
898,-0.6198034014583242,1.4934296088824879,0.015912633414631942,19,0.022900613343426194
898,-0.5856323077496167,0.4756946005315611,0.015960124687496868,14,0.01678213521089815
899,-0.57550674717725,-0.4950856400993844,0.015993846041541734,17,0.02057853372598435
899,-0.5735615428564181,-1.52384435573664,0.01563378807973333,12,0.018336963033972302
899,-0.6211188886933993,1.4984523375169443,0.015998860012179542,18,0.018953731917573845
899,-0.5840532306026707,0.47588563031109493,0.015962609285808595,14,0.017471454406111322
900,-0.579309080945573,-0.5001485481053427,0.01630875118326591,17,0.018258043241406393
900,-0.5587677134954848,-1.5070852160484447,0.015998606705975794,11,0.013753203596292967
900,-0.6227825308404928,1.4966571198173837,0.015983018945313534,18,0.0170627656306243
900,-0.5821065315744443,0.47322578747254745,0.016185979524127037,14,0.015128223909170823
901,-0.5759298957660218,-0.49488925213183454,0.0160653897961685,17,0.020442251313419146
901,-0.5571561702089772,-1.5052331454317358,0.015200482653607095,11,0.003573212106290214
901,-0.6211794485847818,1.496214126013162,0.015987651812873392,17,0.01922823072543402
901,-0.5835324148244351,0.4758720512835423,0.01597285448171753,14,0.011988231870185176
902,-0.5779223424589759,-0.4947048441524403,0.01594062885869164,18,0.016868109349129967
902,-0.5712118062398235,-1.5221530382500497,0.016120931842670237,14,0.02071703477962277
902,-0.6259965297187663,1.497933266123086,0.01596491052667715,17,0.014596596712354526
902,-0.5827355520884664,0.4781648196496478,0.015942395457172683,14,0.011793957054780374
903,-0.5767963852173643,-0.4970105522468789,0.01594239408557146,18,0.020402632583959097
903,-0.5725515746197607,-1.5209201296414672,0.016101234562697183,13,0.019809443281817496
903,-0.6215716457736207,1.4965637790714805,0.016010426218531288,17,0.016404774388990722
903,-0.5907710466711691,0.47910706059616337,0.016067481236705643,14,0.02134090752496517
904,-0.5789287637800894,-0.4977383924833097,0.01602184218254351,18,0.01945205229668982
904,-0.563803876930357,-1.5183041247372913,0.015575231014600685,11,0.016591655925604434
904,-0.6251427892015492,1.4997859727161398,0.016152383331581432,18,0.0182787097859348
904,-0.598075046802833,0.4826821267712823,0.016869213688198246,14,0.021454548861502384
905,-0.5784172266603033,-0.4971142610096028,0.01597082959037804,19,0.019906128523454487
905,-0.5634592025615922,-1.5165205107377462,0.01581973164737351,13,0.016623924397668417
905,-0.622363268782654,1.500461326501662,0.016204865910890667,17,0.014907709908649064
905,-0.5850549563092978,0.4764641283019266,0.016111812152288348,14,0.0182588600412983
906,-0.5783578173974604,-0.4975155831633571,0.016011906890728348,18,0.020472137500421386
906,-0.575565746561293,-1.5263114285089572,0.01566889041571752,14,0.01721019967862324
906,-0.6245580612213009,1.4988557088033205,0.015892893497992593,17,0.01585250688616408
906,-0.5810350150034383,0.4747102575581493,0.01612369437691301,14,0.011225270583952281
907,-0.5766256694260185,-0.49526264725619235,0.016217794647643086,17,0.022148429070514102
907,-0.5728441782033066,-1.523826564936378,0.01565434244159125,14,0.019730562993814475
907,-0.6249126259144042,1.4995140048303202,0.016030720515093928,18,0.0181399941227773
907,-0.5827336181965981,0.47442024065044014,0.015974397124118887,13,0.014863883041535199
908,-0.5743773869245155,-0.49156057805229786,0.015873927514816134,17,0.019962464986858375
908,-0.5601845473005017,-1.510110443938457,0.016186492246296622,11,0.013568942999164967
908,-0.6219700608032569,1.4994597053220433,0.016007762062301867,19,0.01935186851952898
908,-0.5837986011146509,0.47519319026817225,0.0159965356051707,13,0.013173311377525263
909,-0.5750652326528168,-0.49290947166127835,0.015916621050397768,17,0.019112540254855363
909,-0.5578470053950445,-1.5101780833986054,0.016062224392611513,11,0.014583876409365558
909,-0.6231360968178513,1.4992862676144845,0.01602188457846364,18,0.018135718082696015
909,-0.5830833970397983,0.4775502292442639,0.01579419247221179,14,0.01249693573163871
910,-0.5763875932171197,-0.4928304656208106,0.015918199151332243,18,0.018945566619152455
910,-0.5576134138529566,-1.5165107220464769,0.015901789104677443,12,0.017136877050122117
910,-0.6224900384650219,1.499763454168005,0.01615040655887275,17,0.018041993710444997
910,-0.5853558227561498,0.475819838481439,0.016118567711171237,13,0.018187519768461165
911,-0.5741417915110993,-0.4929123455504381,0.01587467747347508,18,0.02062755137730144
911,-0.5565167351576259,-1.5035084571328092,0.01590988978894689,10,0.0035843904247888562
911,-0.6211341533992099,1.4984908315590821,0.015832313599264434,18,0.018598964154956304
911,-0.5813759001891572,0.47743458229150315,0.015853948823535444,14,0.007072741978456275
912,-0.5740938206880388,-0.4956199420611194,0.016199940229436355,18,0.02110422029058188
912,-0.5676959214188783,-1.5150000783364899,0.01595011219448184,11,0.011368134515050195
912,-0.6226880684281638,1.4964180611220599,0.016026763066759018,19,0.021308749885312617
912,-0.582129682208204,0.47415923686625466,0.016064432035843314,14,0.012458502105588258
913,-0.5764890425320637,-0.49181131012687834,0.015982145840205318,18,0.01799076353135636
913,-0.5594554371328412,-1.5089415978212988,0.016028409332962474,11,0.013778811537234186
913,-0.622157226799969,1.4957777419578873,0.015989258513075064,17,0.019943995174134973
913,-0.5834046687576347,0.474126270143722,0.01635017235385059,14,0.0173560421469341
914,-0.5770796173318085,-0.49370065508807776,0.015822154873582142,19,0.020107626773635198
914,-0.5578470053950445,-1.5101780833986054,0.016062224392611513,11,0.014583876409365558
914,-0.6218928350271963,1.4997632797129632,0.015981031823086748,18,0.01899678991357818
914,-0.589856593213095,0.47895489852499656,0.01628255742078046,14,0.02153545578877269
915,-0.5758467555494229,-0.49252669560591905,0.015933214722370442,18,0.020297613251000237
915,-0.558190673476863,-1.5111102231285054,0.016074104747723666,11,0.014595698390482133
915,-0.623230981454437,1.494825407836781,0.015734839826668873,18,0.019895623419840597
915,-0.5827904817716577,0.4742338270049156,0.01637407805780623,14,0.015587973869175596
916,-0.576727742373475,-0.494011920922536,0.01584295738485393,19,0.0201371298647409
916,-0.5726798991887603,-1.5220412576544868,0.016050901609488,14,0.02035955727543408
916,-0.6226916271941593,1.4981696916075058,0.01604262622260711,19,0.02064978995786165
916,-0.5826366457501844,0.47540273102850944,0.01574872224590545,13,0.011175919799126008
917,-0.5766384669502566,-0.4952923626976434,0.01588117505811966,17,0.020168577914099158
917,-0.5718789701530098,-1.5213038768892382,0.016068889452477416,12,0.017756384923566834
917,-0.619062111108467,1.497864710621928,0.015801252194070227,17,0.02180516147640708
917,-0.5838029992161181,0.4773350260109218,0.016003221865832074,14,0.01414236100343189
918,-0.5767029311504839,-0.49583753159743066,0.01587947828516483,18,0.020342087277840332
918,-0.5580911095336081,-1.5292802105273202,0.015684412991682373,12,0.0189962042449088
918,-0.6219747687885189,1.4997851933252524,0.016097753086060585,17,0.019115035418057234
918,-0.5888950563575172,0.4765386170382809,0.01600320215571652,14,0.020964689343156297
919,-0.576530147124985,-0.4955045848776352,0.016075243555907975,17,0.020856634028298852
919,-0.5561810398999788,-1.5116790024168139,0.015916083588269826,11,0.015260675387992032
919,-0.6235330144961264,1.4983020790560073,0.01607025783949732,17,0.020000971811539477
919,-0.5800361909259248,0.47478282927559645,0.016026843129731193,14,0.008901156271987341
920,-0.5768312741970977,-0.49503397120981385,0.016032976877436076,18,0.018200311194516674
920,-0.559663428896539,-1.518268420928081,0.0158118696056862,12,0.018160690771071675
920,-0.6225944825660429,1.4968845215704591,0.01598010068901635,18,0.016779275740052637
920,-0.5839777608296923,0.47261142944518414,0.01593924566951069,14,0.015305423207384917
921,-0.5765279638284574,-0.4969129809709085,0.015971912909923433,18,0.02124630191354507
921,-0.5710434813130209,-1.522716230547375,0.016012786993384362,14,0.018587557959846374
921,-0.6224328079378783,1.4965427762086587,0.015964203260621194,19,0.020697078161008676
921,-0.5849657306632816,0.47631910818459017,0.016054216750398705,15,0.016903900772752042
922,-0.5792445856050836,-0.50032627117686,0.016432410706190375,17,0.019404374755892108
922,-0.5603649945400941,-1.5190183803559925,0.015919077659392426,12,0.01601141239919167
922,-0.6209953069205769,1.4998865164631656,0.015985574921861163,16,0.017613966239265835
922,-0.5802461299587819,0.4716492245887927,0.015831750897285637,14,0.0026845708585436904
923,-0.5753509692339334,-0.49335536271266844,0.015920495950522057,18,0.02025071658788891
923,-0.5565167351576259,-1.5035084571328092,0.01590988978894689,10,0.0035843904247888562
923,-0.623184823410701,1.4996750853526974,0.01596144918903928,17,0.01809397318668817
923,-0.5873038413457196,0.4772322341064965,0.016008681418963094,15,0.017843892905493274
924,-0.5766312976764948,-0.4932104489288333,0.01594635074588197,18,0.019679526054661292
924,-0.5495561870719002,-1.5025805159934154,0.015394415391302914,10,0.0
924,-0.6231440690539156,1.5007061615769224,0.0158715985584255,17,0.01641427658014684
924,-0.5828249639053638,0.4749224309284385,0.01598621210180219,14,0.013794863813730346
925,-0.5765781783971179,-0.49341954799433285,0.01581296409303421,18,0.019609962969525087
925,-0.5639246196758423,-1.5123368577870417,0.01573699850414933,12,0.013072180298859828
925,-0.621614680696128,1.4983343224928196,0.015916922720485786,18,0.021011801999432294
925,-0.5834349531666824,0.4756644072004427,0.01604423709414674,14,0.014865363353276508
926,-0.5737256253664513,-0.49327064439705404,0.015970840475880675,17,0.02059898490291534
926,-0.5696839949388802,-1.51347469023531,0.01583098917003698,10,0.004170561416583411
926,-0.624899726134235,1.499839066433856,0.016009852851021238,17,0.017873440772691145
926,-0.5812446144533777,0.47671586366361424,0.015807950863681537,14,0.01141649135144374
927,-0.5763967176093947,-0.49505612501491986,0.016173226434595445,17,0.02159569440896462
927,-0.5584902715326184,-1.5054704593647363,0.015642532685239862,11,0.005154460055716526
927,-0.6237605156198252,1.4986029938323653,0.016044088776659863,18,0.018886439530183773
927,-0.5802819264961369,0.47370964143618094,0.015934462760344402,14,0.0122488876848693
928,-0.5765004088651913,-0.49534679611406685,0.016187267224993824,17,0.021174745432719477
928,-0.553826372146817,-1.505201272847206,0.015462837825866035,10,0.0
928,-0.6258508163227758,1.4976153960332295,0.016101302821620554,19,0.016581220088216084
928,-0.5968242591451264,0.4821563296048179,0.01612209224771652,14,0.02031219622631609
929,-0.5762022438705544,-0.49333356215264607,0.015920128670372267,18,0.018248097087891255
929,-0.5622087359032771,-1.5153327885476207,0.01605358595392421,13,0.016866298683591772
929,-0.6219431782545755,1.5010714675544163,0.01596728349580562,17,0.016234488182570946
929,-0.5904220926708262,0.4797230567213991,0.016006185809713865,15,0.019935889544813807
930,-0.5737249136262341,-0.49216109184792733,0.01584689572600054,18,0.020660856911515247
930,-0.6240934585963364,1.501301608843465,0.01605480533567989,17,0.013039798214928802
930,-0.5826339811332668,0.4766913695191305,0.01582156063725923,14,0.011008177325999055
931,-0.5800701221888631,-0.4973936313767838,0.015812862790981395,17,0.016459264129142635
931,-0.5677763497930005,-1.5109240862587725,0.01597134582737448,11,0.004120539138293434
931,-0.6187478896489866,1.4953709737989231,0.01591834610438862,17,0.02048401917602238
931,-0.5823794229285524,0.4724761848931946,0.016095418353329928,14,0.01585189153610344
932,-0.5752764185616482,-0.49452843274969566,0.016090770693019032,19,0.020588622042590085
932,-0.5620959457636485,-1.515744211775787,0.0157829158595109,13,0.016669019415922616
932,-0.6250687401758842,1.49891406168071,0.016077165862830735,17,0.015184026457195224
932,-0.5864453911838033,0.47728926350926515,0.015942693603558603,14,0.020138164347954672
933,-0.5759279551988193,-0.49370616781197013,0.015852897719516895,18,0.017717675117466556
933,-0.5710462616050649,-1.5236419396536758,0.01617094000001549,15,0.020862292708382014
933,-0.6247960245303932,1.4969851512958496,0.01603837874850363,19,0.020827102030856123
933,-0.5972502834618042,0.4860019428338662,0.015982728687800415,14,0.0152671087917495
934,-0.5766672754768906,-0.49389812562262586,0.015830451654396237,18,0.019125998581915316
934,-0.5586060914703536,-1.513487068009835,0.01556995842417452,12,0.016672806737291004
934,-0.6237466661993788,1.4962933867050539,0.015938089587138646,19,0.019296836022254633
934,-0.5887212545302503,0.47917185024220427,0.015946814660903877,14,0.0204761711856858
935,-0.5777110145285277,-0.49733916087758967,0.015858309152291118,18,0.018729541393439752
935,-0.565013882703245,-1.5196599979935352,0.015446466164795846,10,0.002649609629530705
935,-0.622541464106335,1.4998485741831387,0.015876124398117364,16,0.014594038301946659
935,-0.600778561221656,0.48822979980191406,0.01580431894666452,14,0.0029183904745502666
936,-0.5755181200052341,-0.4942949929416839,0.016018482075131048,17,0.021545679778383203
936,-0.6177350113227541,1.4950972685795674,0.016100380870008,16,0.020236063492341343
936,-0.583324007931223,0.47784834425377337,0.015787327405716305,14,0.013818273723930111
937,-0.5747393480696481,-0.4928116918948252,0.01576097209889074,18,0.020450638060788808
937,-0.5591121579082081,-1.5093406233857638,0.016063311044823548,11,0.014929400339126719
937,-0.6189066767011944,1.4985215787572257,0.016142611267327044,17,0.02001743164627721
937,-0.5940479232769854,0.4818912773371733,0.01615398664601862,14,0.02006051808430019
938,-0.5749784002825794,-0.48972217774896437,0.015932164304433685,18,0.017757561975116368
938,-0.5631524953538157,-1.5138358854430818,0.01624643978183192,13,0.01520787094512602
938,-0.6213361343356146,1.497458653808519,0.015900300667477624,18,0.018359322256357485
938,-0.5825445432231346,0.47454047051341164,0.01585766521043066,14,0.012247094410505446
939,-0.5753142263858914,-0.4927183078506944,0.015815794750901897,17,0.018742328182204167
939,-0.56603257948368,-1.5160861819387252,0.01629988186165271,14,0.016227254750465582
939,-0.6227107125094764,1.4948153202321914,0.01615963916230626,19,0.019483183464912592
939,-0.5806893559179194,0.4727145258237489,0.01592635103075953,14,0.012056140066333381
940,-0.5746471660274765,-0.49367854574543263,0.016060224617560598,17,0.021497962149458028
940,-0.5630400541592328,-1.511639683203466,0.01584258165078775,12,0.015103455578786402
940,-0.623356186705168,1.4989499789276814,0.01600096805516998,17,0.01816373977777766
940,-0.5887212545302503,0.47917185024220427,0.015946814660903877,14,0.0204761711856858
941,-0.576285138666982,-0.49552890747265066,0.01600790525905918,18,0.020928034597614244
941,-0.5638717296626765,-1.5084092712243753,0.015629924923873714,12,0.010001011385955837
941,-0.6237491871119877,1.4980015521037482,0.015805560070681433,18,0.016724391360480664
941,-0.5936551664037107,0.47899714871604016,0.01657189863698929,15,0.022689320737118532
942,-0.574527997102525,-0.4956884764827201,0.01616841187689132,18,0.022693708084577692
942,-0.5653878922594662,-1.5106120716254683,0.015650476512037576,11,0.01046177788658871
942,-0.6255598026801096,1.4964648403127794,0.015971403862286047,18,0.015085594273552976
942,-0.5920479664514945,0.48049751493263787,0.01591959061518219,15,0.02049528173934024
943,-0.5730875610648289,-0.49346167989434164,0.01619048406943413,17,0.023146505176360205
943,-0.5765757645731121,-1.523884508762944,0.01575100406413894,14,0.017461479972368958
943,-0.6237206970683673,1.4965132591508674,0.01603489492436808,18,0.017774225358227484
943,-0.6031130227197536,0.4858577455667281,0.01634418241260967,14,0.004020003534320376
944,-0.5773305190794392,-0.4967449872321582,0.015911000817661013,17,0.018769095381681256
944,-0.5713312483382837,-1.5261060927560852,0.016040662135605153,14,0.01669305144441179
944,-0.6161086640418126,1.4958801356443578,0.016186512532961658,20,0.022135015192947215
944,-0.5771626302440943,0.4712470725032722,0.01618954474700132,13,0.0027297501567711355
945,-0.5728589983239674,-0.49119658267207944,0.015805528705180087,18,0.01951435316495605
945,-0.5662034889426869,-1.5173213620130372,0.01611773239167373,12,0.014023622209779311
945,-0.6226138138223114,1.497745064055781,0.01618777561703371,17,0.015142988416985189
945,-0.5988256838176947,0.48474051681398195,0.016113523251609203,15,0.015690544005255963
946,-0.5743810187381788,-0.4926705467979651,0.01578735516842182,18,0.020558811646293067
946,-0.5739208724946023,-1.523058555732281,0.01613358445559534,14,0.017107607692394507
946,-0.620340715394358,1.4976473985599166,0.015738877933829644,16,0.016219995392701077
946,-0.5960491690950651,0.4809446930877742,0.016196284007159206,14,0.021434831125871506
947,-0.5750870618200693,-0.49596582507909726,0.016124535586226098,17,0.020865802734919836
947,-0.5628627907374565,-1.5132896587285092,0.016135043489067753,13,0.015909392054431554
947,-0.6225476237375287,1.4957987403339088,0.015888674159587647,18,0.018363482536990064
947,-0.5853084316903753,0.47627780468038255,0.015948292270646123,15,0.015476513011774542
948,-0.57408362937809,-0.4925349926825104,0.016031568447903887,17,0.020353178438209225
948,-0.5648008062970185,-1.5099553628899822,0.01629086063799505,12,0.011788517112292465
948,-0.6211133057473999,1.497077533184033,0.016047566240417577,19,0.020117489475688505
948,-0.5834046687576347,0.474126270143722,0.01635017235385059,14,0.0173560421469341
949,-0.5743762697582406,-0.4913601836066217,0.015944118727312877,18,0.01966706199924378
949,-0.5580794092335625,-1.5052289049335568,0.015967234123238222,11,0.013723686731146795
949,-0.6203321181393933,1.4969564607196955,0.01597966705245664,18,0.019254838331069408
949,-0.5913082386023668,0.4801229922119195,0.016234902765003768,15,0.022072736753028285
950,-0.5736574724862216,-0.4916594433259452,0.015965915485494926,18,0.02021949232851191
950,-0.5692371716350525,-1.5108064319405174,0.016014020928837913,10,0.004040488191859353
950,-0.6174195191047904,1.4933300696843188,0.016031471473771167,18,0.020947387525688792
950,-0.592381403954563,0.48191416088837047,0.01589414856542927,14,0.01999038624049011
951,-0.573796337830419,-0.49436852827934846,0.01593286779844224,18,0.021367602355532162
951,-0.5589116860909122,-1.5099414877206967,0.015688561316240385,12,0.014769684620651303
951,-0.6203546568335089,1.4964290269164728,0.01587741569688526,17,0.019472454128725378
951,-0.5819597708729206,0.4751009282750125,0.015910414194445045,14,0.013724852675584853
952,-0.5759515394011586,-0.49354792155036964,0.015839732587506573,19,0.016796098567514368
952,-0.5637740319610662,-1.5162490785725027,0.01622210895294241,13,0.016041838511007725
952,-0.6215632424396095,1.4997138113363415,0.015926888930542983,16,0.01611564173765142
952,-0.5857762185601534,0.4757040861287379,0.016193687119105345,14,0.02067585804213311
953,-0.5729619090481982,-0.49211643599775445,0.016026539221138874,17,0.021472828248472096
953,-0.5716094648313571,-1.5267501566436084,0.01626062442869542,14,0.010725774639314619
953,-0.6208044994972388,1.4953483246474264,0.01591692600245801,18,0.021446934951373908
953,-0.5902749666546296,0.4800511495235148,0.016538143719667137,14,0.022491256739266167
954,-0.5747916284813072,-0.4919297639170146,0.01593894371256875,18,0.01932340704706645
954,-0.5626195155682318,-1.512567092023002,0.016109269784621398,13,0.015131314081547607
954,-0.622621828860558,1.4975889492314174,0.01618197901201687,18,0.01829165304240576
954,-0.5948227281109573,0.478888206418787,0.0167469425975935,14,0.02288971239397945
955,-0.5745711651242149,-0.4931433036825502,0.015720758670390918,18,0.019202865168254677
955,-0.5700808360474838,-1.526866685693773,0.016094731726695625,13,0.01772426881868821
955,-0.6233859619774218,1.495987541684299,0.01588706274349341,15,0.016941938720691524
955,-0.5834046687576347,0.474126270143722,0.01635017235385059,14,0.0173560421469341
956,-0.5752142107003487,-0.49392092165075385,0.015856140506193692,19,0.01943163905356103
956,-0.5705611875134536,-1.5229203379139626,0.01602182753705542,14,0.019635514504557156
956,-0.6218149112842498,1.497846502111967,0.016125049310083267,17,0.017010599379500824
956,-0.5865461994180677,0.4763365818622925,0.015823298756613903,15,0.018934113950437932
957,-0.5737325940156494,-0.4917114956572572,0.01598086679765596,17,0.022761624658112753
957,-0.5655832673232691,-1.5146454701254748,0.015985885235348527,12,0.013445312129754028
957,-0.6155706969201062,1.495211786890317,0.015985022066103232,22,0.024123043957460986
957,-0.5822210865362867,0.4746620156663014,0.01594139017865377,15,0.014264404086816097
958,-0.5750604312820461,-0.4935600996736047,0.015924534563555595,17,0.021175341984849164
958,-0.559663428896539,-1.518268420928081,0.0158118696056862,12,0.018160690771071675
958,-0.6236501941902288,1.4997821749683067,0.01611239529873654,17,0.016412652598013517
958,-0.5935370078416627,0.4808207108696757,0.01610306209506141,14,0.021301100180274514
959,-0.5745722508206902,-0.49315535706050456,0.016060286396795968,17,0.022187360610713892
959,-0.5626283661012877,-1.5158071186572188,0.016066070669983952,13,0.017271872444606578
959,-0.6184947941923581,1.4947551851383583,0.015936506271396218,16,0.01968815594895272
959,-0.5895906803347951,0.4766634340075032,0.01622767699607421,14,0.02203103210190838
960,-0.5776456672903031,-0.4960748463249622,0.015924954012378117,19,0.01754860363360116
960,-0.6209493377712473,1.4982642850080536,0.01603182600012474,17,0.02140572877987971
960,-0.5906114515929165,0.4801413039405646,0.016448140909519602,13,0.022538934983835725
961,-0.5743001707354722,-0.49133756574345,0.015964287851848682,17,0.0209154357050691
961,-0.5577739846213283,-1.5086446386588506,0.01610627094149959,13,0.013360433039704456
961,-0.6227116247541352,1.4993428936242277,0.015996894139114846,18,0.015549138026822347
961,-0.5906908660905374,0.4779539066524776,0.016187455097133558,15,0.022136561985753023
962,-0.57455088077711,-0.4915575484556601,0.015816972149273932,19,0.02080192555855484
962,-0.5620079571684692,-1.5228298274572794,0.015619771106497813,12,0.015788067794257895
962,-0.6248994730403732,1.4989283990404585,0.01591821962338657,17,0.01999478851653711
963,-0.5736830682728653,-0.4929368606863694,0.015956999823687014,17,0.020808148224285845
963,-0.5640085032702798,-1.5152371602395667,0.016298156762876336,13,0.015458721335040133
963,-0.6254074424562623,1.499864888946099,0.01595139236728936,16,0.015469081719557585
963,-0.5849745555908521,0.47468631550783774,0.016245907956105105,14,0.019539720530407742
964,-0.572086273829847,-0.49158911584576154,0.0158830840981761,17,0.020937268778424077
964,-0.5581402048834607,-1.5139698075245984,0.015739137882926513,12,0.01655190608139892
964,-0.6233051442083811,1.4986354416051821,0.016225875583831713,18,0.018222121968997737
964,-0.5898258783339481,0.48012727110128295,0.015953126130979454,14,0.02116541050819159
965,-0.5746143890792752,-0.4916065350045174,0.015837784753938912,18,0.020187113694059657
965,-0.5565914761289933,-1.5128305916828326,0.016261180827903385,12,0.0171596888374827
965,-0.6232665805195088,1.497490984178548,0.015852546485199993,19,0.019962540364415398
965,-0.6026608660505282,0.48861992814217353,0.016454395007629342,13,0.003652184053578587
966,-0.5758620890019178,-0.49410868653668616,0.015832565316520414,19,0.020234029939353814
966,-0.5574638056998145,-1.502703213056318,0.015593664155164024,11,0.005142771332320774
966,-0.6229822455796846,1.501254528947839,0.016024418804176002,16,0.015789865682103475
966,-0.5907405345467311,0.47947832122052947,0.01654027828283868,14,0.02251920805515616
967,-0.5760177921003589,-0.49467314811729357,0.01589324191798344,18,0.017398008221581385
967,-0.5626731990399118,-1.514608886797577,0.016221900303148913,13,0.016342225417137944
967,-0.6230400303566237,1.5002192929776397,0.016044346787053968,17,0.014555651914823437
967,-0.5843329625579549,0.47675094692171466,0.015903980279146187,14,0.018439828870173283
968,-0.5760145056799454,-0.49025266730554856,0.015857791298879424,18,0.017143217503221765
968,-0.5635856493653427,-1.510836225945553,0.015679381861480587,12,0.01273769959191892
968,-0.6228022051642221,1.4984713582329663,0.01612278016263897,17,0.015472375896520417
968,-0.5924817822107128,0.481369931155238,0.01591303781399113,15,0.020480583964959356
969,-0.575768197445793,-0.49175666768659515,0.01581476162308915,18,0.016516254877609944
969,-0.5568599368716437,-1.504436610260976,0.0159208047832046,10,0.0035872510390940913
969,-0.6204185874673562,1.4955537423681198,0.015975069857692422,18,0.021309414502341403
969,-0.5898179342754333,0.47970401367462334,0.016112684887488418,14,0.021647841969426408
970,-0.5754469549866863,-0.49078302470506546,0.015952445315682108,19,0.017184918747169355
970,-0.5571561702089772,-1.5052331454317358,0.015200482653607095,11,0.003573212106290214
970,-0.6259996106377514,1.500308556190381,0.016143219272347367,17,0.015933100426827475
970,-0.5821085406824089,0.4734769532611855,0.015822364158354415,13,0.018210944689284247
971,-0.5736675314147549,-0.4901789134011819,0.01578585330701514,17,0.018558624578052022
971,-0.5589540928013483,-1.518869597029448,0.01585412763388847,12,0.01821283875849097
971,-0.6231290447338173,1.4981241854597465,0.015919749715280693,19,0.018669264066897524
971,-0.5802556251337854,0.4718468764853255,0.016181282697100913,14,0.013382815348037005
972,-0.5741595860889489,-0.49144402880193716,0.015853666115615513,17,0.01783798727230424
972,-0.5637615741290831,-1.5151099086288724,0.01620469212858418,13,0.015224093214679577
972,-0.6169930254775023,1.4922303976085196,0.01601751465566427,21,0.02514034013159364
972,-0.578605875466004,0.47213498773754303,0.015967877311930324,14,0.012278275877608718
973,-0.5755004472569398,-0.49400919488645556,0.01597177757758883,17,0.022003965785548574
973,-0.5721165341781121,-1.521620706706648,0.016040383588014087,13,0.019020163812133825
973,-0.6249592387188537,1.4983711188101208,0.016141104877638975,17,0.017148516200388278
973,-0.5805056892463489,0.47620537179331074,0.015850191075322515,14,0.012469520413242759
974,-0.5778936552354228,-0.497001409183285,0.0159421982144069,19,0.019085516888561905
974,-0.5748655488612413,-1.533828144258729,0.016006998207909632,15,0.01490191229075679
974,-0.6218100703618663,1.497439343736675,0.015925711146254785,17,0.019288012075888355
974,-0.5824954029357235,0.4760064287429552,0.01577596333483021,15,0.012108544715107932
975,-0.5758319973551063,-0.49179753400768544,0.015788251190773813,18,0.018305905892468107
975,-0.5611173095886219,-1.5154664280512762,0.015851343383389973,13,0.01823981902606166
975,-0.6221010492791548,1.4982983451905452,0.015864977899609334,18,0.01686325747348021
975,-0.5852127917268158,0.47470845921743016,0.01607593395310892,14,0.018201853024211654
976,-0.5736940605530839,-0.4894081137462113,0.015882014925468358,17,0.016486795720240827
976,-0.5629224301764841,-1.5098727550107138,0.015858166491110222,13,0.011972658431583134
976,-0.619406937027362,1.4957792770943255,0.016058146750860255,17,0.021809925235885118
976,-0.5906891733559897,0.4787490975300081,0.015940684787171183,15,0.0203468495553064
977,-0.5766468788011458,-0.49517530333264087,0.015899738454978635,18,0.019247898850090105
977,-0.553826372146817,-1.505201272847206,0.015462837825866035,10,0.0
977,-0.6208607734904477,1.4964096332687804,0.015981137668954027,19,0.022498189185992633
977,-0.5860372765130608,0.47623141714194817,0.016150100904299115,14,0.020341051627157717
978,-0.5741485091528753,-0.4900135614827309,0.015927003449903776,17,0.01927577752338753
978,-0.5571085799932081,-1.5108364866801034,0.01545984923685215,11,0.015347349975048509
978,-0.6224600845697579,1.500224981268026,0.01586474782553192,17,0.01667116862123726
978,-0.5994087729592003,0.4846769684126813,0.016433745609335484,14,0.019318539301549902
979,-0.5722533836252011,-0.492254917465062,0.015982211804970448,17,0.02209168586552144
979,-0.5740969315751274,-1.524018078990397,0.01600640274988019,13,0.016966380535988677
979,-0.6223379758233655,1.4988913701451698,0.015963726834443658,18,0.017908908292998217
979,-0.595161219483774,0.4817537743706955,0.016047346337255457,14,0.021810924498492285
980,-0.5743938486134131,-0.4920897678735154,0.015981183315376665,17,0.021345065387599935
980,-0.5603720529881298,-1.532151861650069,0.015730695009708168,10,0.0
980,-0.6214331754342104,1.4964114186713031,0.01608636094085587,16,0.021197904333143128
980,-0.5899652615263828,0.4807957472789763,0.015950842486877583,15,0.01975028588010971
981,-0.5720694465220068,-0.4897800356955444,0.01596237697146834,17,0.021219416828824403
981,-0.5708266218648201,-1.5224420913443724,0.01615229438580712,12,0.018578671300459513
981,-0.6221319463104666,1.498947571967403,0.01601601048374112,17,0.017024661797365667
981,-0.594751559196085,0.48149236260499384,0.01609768490227012,14,0.021093696327737603
982,-0.5740704039709189,-0.4948539490199519,0.016065184221252655,17,0.021750061485638444
982,-0.5658858008640839,-1.5217282314045468,0.016089210002036346,13,0.015732681247006282
982,-0.6233089305598005,1.4977911537452813,0.016152337564182825,18,0.018622001364745393
982,-0.6034713139245402,0.4861798296207337,0.01639368335217391,14,0.004066952840418771
983,-0.575520417166178,-0.49383445391173786,0.016009767288710515,17,0.02181405518968661
983,-0.5629224301764841,-1.5098727550107138,0.015858166491110222,13,0.011972658431583134
983,-0.623382203121405,1.501196878194542,0.01603647592086904,18,0.0167937115837631
983,-0.5861320756264845,0.4775612756096013,0.015977039658958015,15,0.01787447035847749
984,-0.5774941381762043,-0.4945416891831409,0.015839926029917493,19,0.017050555981843914
984,-0.5587111561611763,-1.5049503553063164,0.01538069395282873,10,0.0025137858199722266
984,-0.6192909517289567,1.49210505464829,0.01574204902243132,18,0.021972668839614698
984,-0.5875625532085978,0.4761507949253619,0.016125233154604898,15,0.0198994043662644
985,-0.569092229639127,-0.48995039421483005,0.01620882186473768,18,0.02182728127625902
985,-0.5622793847160733,-1.5262114263198459,0.015251806198720718,12,0.015512998515020348
985,-0.6199081690865652,1.4938357849137032,0.0160252930591453,18,0.02286423545004686
985,-0.5939364477433726,0.4812099502108295,0.016151545251516936,14,0.021705324071786762
986,-0.5749175224233642,-0.491764619012749,0.015841198452282934,17,0.018922483891755548
986,-0.561055272544312,-1.521359206321741,0.01582203962346479,12,0.018093109806200706
986,-0.6240938877517072,1.4991456451568113,0.016146118898121474,18,0.015424236075416391
986,-0.5929904544629114,0.48101646480717747,0.016046964956863367,15,0.021174139255880905
987,-0.5751550331920079,-0.4955183045548958,0.01611669938202757,18,0.021455530022329142
987,-0.6226153069178917,1.5005605148297685,0.016250219718044613,17,0.016895003719819963
987,-0.5912466324845046,0.47707836836095424,0.015891807550486338,14,0.021429945458534744
988,-0.5749146035083803,-0.49112149666452726,0.01583182803852418,17,0.015214332199356372
988,-0.5610280285096245,-1.5192685559917165,0.015997058341591087,12,0.017849652346742868
988,-0.6194709213887956,1.4947811694108304,0.015933027164483134,16,0.020418376701858823
988,-0.5878182788122326,0.4770138241874156,0.01591569453880109,14,0.01940675323716367
989,-0.5751983556379373,-0.4927502700111266,0.015945677429482056,17,0.020917684438351077
989,-0.5587111561611763,-1.5049503553063164,0.01538069395282873,10,0.0025137858199722266
989,-0.619937010557852,1.4967385203096708,0.0159894250588269,17,0.019344084189995673
989,-0.5782512323711766,0.47186157902731407,0.016034981011000597,14,0.0027739504662221567
990,-0.5718207335030748,-0.49124254459249866,0.01606799272162881,17,0.02279649280757802
990,-0.5570866189459152,-1.5091840669822272,0.01630612020955646,11,0.016747243263377305
990,-0.6219761284169802,1.498052535238213,0.015971408618797277,18,0.017006143425143477
990,-0.5816250064467667,0.47309280906449497,0.015993350215350716,14,0.011488304631313612
991,-0.5755861659092363,-0.49144420188186955,0.01580505594688967,18,0.01975258977969657
991,-0.560430534953073,-1.5081638552071073,0.016047709669111582,11,0.014567494807761778
991,-0.6222822426047457,1.498066342491751,0.01609988098568296,19,0.02080648233550598
991,-0.6043399223509042,0.48751304710798404,0.016566742377667164,15,0.004431971698646215
992,-0.5765371677022044,-0.4924066002987634,0.015837075827222047,18,0.019248800744118267
992,-0.5574983026366106,-1.5061554835662656,0.015216885033610385,11,0.0035750200301948912
992,-0.6214528691303872,1.4987049662660297,0.01580883905621798,18,0.020776745978237473
992,-0.597290460995946,0.48327515248590763,0.016624562441710043,13,0.021484757922822166
993,-0.5753999263908146,-0.4906186220578628,0.015865503409504527,18,0.01952977664846539
993,-0.5704168158842469,-1.5223718842179075,0.015957537140748625,12,0.018321557369385247
993,-0.619111137264129,1.497093097817695,0.01617454940593806,17,0.02151989332777055
993,-0.5932442747362158,0.4786728313172361,0.01630307546487273,14,0.022221574917070365
994,-0.5741916022002601,-0.492545534718445,0.015933322772501368,17,0.020481704698552282
994,-0.5627255124000465,-1.5141763793525522,0.016333472284217672,13,0.016252207408847835
994,-0.6231600433495175,1.497558099547584,0.01605586520039948,19,0.021817409324779397
994,-0.6008975778381538,0.4860637993293795,0.015851914984213768,14,0.013339249615849706
995,-0.5752137878193976,-0.49232756303652764,0.015921746370559153,17,0.02041886013781936
995,-0.5750102717053854,-1.523028733893881,0.01600642226242737,12,0.014187575794369574
995,-0.6199555238556623,1.4969724691389206,0.016007485972141588,17,0.021797127286838577
995,-0.5856327603361,0.4773414354093289,0.01571493960404325,14,0.018544430614926607
996,-0.576066034074618,-0.49370000671694253,0.015814285978229595,18,0.019164364981205093
996,-0.5547838189504751,-1.513559493962404,0.015690551256826692,12,0.020544876683933806
996,-0.6215740438456577,1.5013147558822026,0.01623586046484899,18,0.01943064625848702
996,-0.5872781681708052,0.47511269059465455,0.016286234520513244,13,0.02070363311511692
997,-0.5772981237126759,-0.4948178430384206,0.015908284646480385,18,0.020330062881433845
997,-0.5595968655522855,-1.5133858258326665,0.015777703805499237,12,0.01642541713912824
997,-0.6145598098525639,1.4935248258595923,0.01579231369221843,18,0.021408911428958368
997,-0.6017444055293231,0.4857219444117829,0.016162921267599842,14,0.013067300986588532
998,-0.573854841015552,-0.49243790066569254,0.016026128380563918,17,0.022032464914345472
998,-0.5642441824957952,-1.515309469184281,0.016378889245932227,13,0.015312408801084608
998,-0.622471579443767,1.4983825946438207,0.0159312356388217,18,0.017071804038200116
998,-0.58946279873911,0.47968430909303295,0.015688546165056078,15,0.020044718796711176
999,-0.5721885873822765,-0.4868443041459384,0.0158691546418598,16,0.01515383932725795
999,-0.5625108381080084,-1.5128084450632477,0.015920119257177668,13,0.015466950744866445
999,-0.6241459572829913,1.4978672592572024,0.01606429079576494,17,0.017374327485932036
999,-0.5872781681708052,0.47511269059465455,0.016286234520513244,13,0.02070363311511692
1000,-0.5750069361631948,-0.4900260760158482,0.015965985079781104,18,0.01710078068684993
1000,-0.6217000082891365,1.496993272248646,0.01576207441296,17,0.017071879098780166
1000,-0.5921934344702953,0.4813232481980817,0.016236364613425903,14,0.02170532966302308
1001,-0.5742133817301711,-0.49234586779280354,0.015868752516630526,17,0.019348523294758887
1001,-0.6240264727728473,1.4998440252220444,0.01585314875154557,16,0.016561459474463802
1001,-0.5862776878171272,0.47534047467431934,0.01620716273519482,13,0.02037054590614184
1002,-0.5730361904167801,-0.4901147237699511,0.015827212328198663,17,0.017263001934405903
1002,-0.559663428896539,-1.518268420928081,0.0158118696056862,12,0.018160690771071675
1002,-0.6225959336304501,1.4974778527020145,0.016048078642693527,18,0.018119962683386615
1002,-0.5946608418828523,0.48163738277576446,0.0163248042631242,15,0.020845247717081017
1003,-0.5767991657828719,-0.4929066439488651,0.015839838557181973,18,0.014196214144842515
1003,-0.5517918351509112,-1.4996727093203257,0.015353665925622876,11,0.0
1003,-0.6231883908151469,1.4995782887060123,0.015937744967702814,17,0.014496623573092018
1003,-0.5826795785897078,0.47504858084086693,0.01600672441165599,14,0.014825586290459093
1004,-0.5715587111226943,-0.49160118178289286,0.016222764191404292,17,0.021167882897282685
1004,-0.5627204131763216,-1.5138768566681475,0.01623340012670495,13,0.016244380640406182
1004,-0.6228952785307608,1.496694599861773,0.015971113483383533,19,0.01673923137246754
1004,-0.5957902100663006,0.4818183464653941,0.016359662690308117,14,0.019985704665663236
1005,-0.5778163946127676,-0.4991969232083408,0.01610773368512866,16,0.018384039108755513
1005,-0.5521294772141716,-1.5005854112338064,0.015380612679984633,11,0.0
1005,-0.6231732967485695,1.4986475385252769,0.01610921540806626,18,0.016444597653850587
1005,-0.5844177722985271,0.47524265803094207,0.015827770290526663,15,0.018227706071291573
1006,-0.5728167442572167,-0.48871364481682666,0.015856666227244885,18,0.02018533251692891
1006,-0.5607801494469727,-1.5109758024342135,0.015905935116193082,13,0.01610766799438862
1006,-0.6254882545425547,1.4978396754287213,0.01585469556794927,17,0.016967124688246713
1006,-0.6028391940236332,0.4868678759326385,0.015961664771092995,14,0.003486469939747993
1007,-0.5745461579953736,-0.4936077648677857,0.015995515474500763,18,0.021027806335736303
1007,-0.5591114148437827,-1.5080131454476573,0.016012339967284912,11,0.013763744218968532
1007,-0.6261487226129144,1.4983130962614393,0.0160314045145001,18,0.016502421944739873
1007,-0.6010329831799693,0.48753410471847475,0.01605806882159209,14,0.0033245401536069648
1008,-0.5758183129205923,-0.49600474070159106,0.015914386437170427,17,0.02003119944344579
1008,-0.6220178828252938,1.4985758743824098,0.01601928035724083,17,0.018882211676689156
1008,-0.5809739014473494,0.46939302339613787,0.016130000997502416,14,0.002882201548745792
1009,-0.5769390248065,-0.4953622914086147,0.015895820868142983,19,0.01958249261701095
1009,-0.5705884174601443,-1.5236366925925309,0.01581137042262002,14,0.020518018182606
1009,-0.6210422282605372,1.4988078948585428,0.016078352894778977,17,0.018170275952560856
1009,-0.5905455328530831,0.4752425891141438,0.016669676863077815,14,0.02205913372715907
1010,-0.5741205848989759,-0.49165698317971795,0.01594266514125798,17,0.019701666874762793
1010,-0.5571561702089772,-1.5052331454317358,0.015200482653607095,11,0.003573212106290214
1010,-0.6238930801491535,1.5000335725852123,0.016098999902690675,17,0.01789137521965646
1010,-0.5867577938578104,0.4757581971436505,0.016159268982492835,14,0.019484473033404035
1011,-0.5734411314432936,-0.49037836713813154,0.015895803196483475,17,0.0195578208689587
1011,-0.5525831701897256,-1.5018202389844053,0.015856018178818484,10,0.003574467153129832
1011,-0.6234816184112792,1.49767062210507,0.016080367797709664,18,0.015604441939895092
1011,-0.5862846578409625,0.47612616941744357,0.01600673912571795,14,0.02120241275914076
1012,-0.5759720606279775,-0.49357181354302754,0.015924458719315294,18,0.02065432768247607
1012,-0.5561760497738172,-1.5025872288801378,0.01589225212306447,10,0.0035807830058407425
1012,-0.6226902924433751,1.4996271798166472,0.015948309131295,17,0.016501617237275022
1012,-0.5808091933386791,0.4746727444601441,0.016036033489663072,14,0.007615747023388853
1013,-0.5748583842143841,-0.4935976755334988,0.016004144757496855,18,0.02151330296461931
1013,-0.5637931969041107,-1.514989365801718,0.016124797341022207,13,0.014554338834606778
1013,-0.6220395652430988,1.4968808568898724,0.0160039869879883,16,0.01737957414523195
1013,-0.5842906239658433,0.4758424852043677,0.016080395887241705,14,0.018221627427905483
1014,-0.5746575317940164,-0.49230787831625833,0.016001588910588768,17,0.02135448209915743
1014,-0.5640075797123539,-1.510452143759917,0.015920035130768725,12,0.01300026670009083
1014,-0.6189302127063465,1.4955688923582193,0.015981915391585007,20,0.022233816960836636
1014,-0.5825582028179399,0.4743161497449743,0.01604692193509354,14,0.01704641231627999
1015,-0.5739073693715212,-0.4924773896053382,0.01601224089015849,18,0.019533713331158303
1015,-0.5624281944967511,-1.5285838938358989,0.01582313190033814,12,0.004114318597907146
1015,-0.6236376465051181,1.4969454214319127,0.015986927098414486,19,0.020104199157354834
1015,-0.5857523142385095,0.47556074673878207,0.016223894520337633,14,0.019973771392350993
1016,-0.5750880776359257,-0.49441135778054734,0.01608509488817014,19,0.020504821124205996
1016,-0.5709856297586536,-1.5236744315913548,0.015944774978367028,13,0.016460175004778112
1016,-0.6241139673410186,1.4970808419808022,0.016043958430569334,18,0.02080990293270572
1016,-0.587495907247889,0.47842374481565025,0.015883955181683562,14,0.020455646526468554
1017,-0.5730875610648289,-0.49346167989434164,0.01619048406943413,17,0.023146505176360205
1017,-0.5720079895533873,-1.5209022314924951,0.016086995179437787,13,0.017957243549973818
1017,-0.623872070783784,1.4973534854405264,0.016009062883246564,17,0.018418708678769068
1017,-0.5941691702504158,0.48276816090620767,0.015888834977269763,14,0.01991604862795613
1018,-0.5765137248723907,-0.4952825403687182,0.015978582483259444,19,0.02081758018624658
1018,-0.5636278519409188,-1.5151392942162873,0.01612426177129664,13,0.01497150326977462
1018,-0.6219797116031145,1.4958886438768637,0.016089944719630746,18,0.018225932237728802
1018,-0.5812783406251502,0.47324109138825415,0.01601562981646332,14,0.014791153842027699
1019,-0.5760349753356352,-0.49419201350952974,0.015914643041439178,19,0.02065223841473791
1019,-0.5724653897182269,-1.521846223383167,0.01596656296328516,15,0.019869941321121187
1019,-0.6246250615793921,1.4967041874191052,0.0160369757121911,18,0.01854975675694392
1019,-0.5878182788122326,0.4770138241874156,0.01591569453880109,14,0.01940675323716367
1020,-0.5785207153945455,-0.4962978003520104,0.01597131929647435,17,0.020176029477599017
1020,-0.5591178023102877,-1.5102358011333727,0.015861153542265104,11,0.014331421643328152
1020,-0.6237823753400434,1.4989254031766004,0.01601711119639569,19,0.017744838220259542
1020,-0.5810752303198249,0.4728961860276269,0.01645025671866348,14,0.015440134763290706
1021,-0.5770209495281541,-0.4948059709262972,0.01598256968969569,18,0.020605517273356844
1021,-0.5584902715326184,-1.5054704593647363,0.015642532685239862,11,0.005154460055716526
1021,-0.6221992841999809,1.499019794479856,0.016000780040743897,18,0.019415361446243014
1021,-0.5825056175844503,0.4752868668729426,0.01609891847304698,15,0.013787015424110767
1022,-0.5754873947509177,-0.49451594987969644,0.016098947060679478,17,0.021485061609819892
1022,-0.5586754254549884,-1.5192431511440099,0.015319070287988493,12,0.01668100485542263
1022,-0.619166006699565,1.4952587936644395,0.016035019709467458,19,0.02230961347009854
1022,-0.5840477595426221,0.47706563217926984,0.01588379823868974,15,0.013456112455798377
1023,-0.5745820535323133,-0.4940503044084168,0.016092294835415667,18,0.022489916017143285
1023,-0.5588706755329248,-1.5121827742716079,0.016071494934945557,12,0.01681413059424645
1023,-0.6239680566086487,1.5018777233854148,0.015960198841074098,17,0.014734048859833631
1023,-0.5846927276286249,0.4770282092405074,0.015792148092215016,15,0.014419859938232018
1024,-0.5803429047134958,-0.4982698530672037,0.016001532538825133,18,0.018547496209871103
1024,-0.5679621393952948,-1.523656250009224,0.01591778416355962,13,0.017752468537955184
1024,-0.6243373250256848,1.5012550940794185,0.016228507564999384,18,0.019598116316982342
1024,-0.5824710289445106,0.47697649191949837,0.01579455196293838,14,0.011339042074031913
1025,-0.5779068566709772,-0.4952420985659,0.015909485759865873,18,0.020072000163992815
1025,-0.6248132319953232,1.5002439277897701,0.015949803939379576,17,0.01680050030758671
1025,-0.5810772867066976,0.4749869787349034,0.015736902515958655,14,0.007525993776946032
1026,-0.5765886954471413,-0.495312840019684,0.015969491053145757,17,0.020240283640527514
1026,-0.564098662418419,-1.5168953246420027,0.016212531541901446,13,0.015567077778862284
1026,-0.6248719392354631,1.5003283287563522,0.016064204448280765,17,0.016583318075029635
1026,-0.5836385365807116,0.4756030972065357,0.015832609140892104,13,0.013195219325124175
1027,-0.5745149881303828,-0.4923400302933717,0.015864721691792306,17,0.020210318301933056
1027,-0.5706103428637752,-1.5311773309785408,0.01608240020957277,11,0.0038936226311415086
1027,-0.6243506542110925,1.4982079165815727,0.01595337927787363,17,0.01695797049754769
1027,-0.588257176972685,0.4784555359144753,0.01589807128193975,15,0.019034670051156746
1028,-0.575135771815492,-0.49341438767327617,0.016107591115240846,17,0.021624679609269337
1028,-0.6229962978351137,1.500400808089662,0.016008793766950913,18,0.017600480936259502
1028,-0.5852127917268158,0.47470845921743016,0.01607593395310892,14,0.018201853024211654
1029,-0.5756504705559218,-0.49438849045418026,0.015960779912391324,17,0.020785100320570047
1029,-0.5651520729963337,-1.5165820031336907,0.015976221734353712,12,0.015498741399454152
1029,-0.6215953411282686,1.4983810854297557,0.015933969415252252,17,0.017773948448418883
1029,-0.5829053979870749,0.47349522430249,0.0159676584345676,14,0.012624377849773846
1030,-0.576655695841511,-0.4935842993623206,0.016015028057103534,18,0.018988018023030337
1030,-0.5620079571684692,-1.5228298274572794,0.015619771106497813,12,0.015788067794257895
1030,-0.620350872852091,1.4951756325744245,0.015881556628049832,19,0.021898349187978346
1030,-0.5916598995445091,0.48127825621419856,0.016122161329171682,14,0.02258331009077277
1031,-0.574425761665633,-0.49418003379401193,0.01599618998814525,17,0.021556306046442802
1031,-0.5737822897190966,-1.526396456055341,0.0159564344899728,13,0.014268332184639743
1031,-0.6255996032374652,1.498180933654775,0.015850942583721134,18,0.016125584634029234
1031,-0.5880773209574955,0.47762333426064596,0.015870885700776424,14,0.019103058104848327
1032,-0.5742447789456848,-0.4908417046917906,0.015927800220335735,17,0.0179915796728458
1032,-0.5620693218985566,-1.5220928557245523,0.016037796875018613,12,0.017900164314588105
1032,-0.6223813340758958,1.4986084388700072,0.015980075038550968,18,0.018005018050185725
1032,-0.5862959642494157,0.47571213569441634,0.015792549455811457,14,0.0156746709852452
1033,-0.5771974858987079,-0.49458020114346485,0.015888231109905882,18,0.02050441428526131
1033,-0.5770496175397354,-1.5302518852113096,0.016155175212965597,17,0.020212222322448486
1033,-0.6217613402294112,1.4976569910416826,0.01605377963932205,17,0.01753603219062553
1033,-0.5877168453032996,0.47416177208075866,0.01658184437686541,14,0.020660720679127633
1034,-0.5759475371590924,-0.49495761021282586,0.01585917673413166,18,0.020379066013824408
1034,-0.5609630337374303,-1.5159820630748373,0.01595391428747572,12,0.015988901764098937
1034,-0.6161883307579499,1.4982660739147626,0.0160501582948622,20,0.021979097150464692
1034,-0.5859036554564808,0.4746553472665251,0.016215538805784618,13,0.01748226125926743
1035,-0.5759050841008069,-0.49526441325605663,0.01605251905155965,17,0.02083579726826687
1035,-0.5625703035765716,-1.5267105142613213,0.015554032742727495,11,0.0035175344748665767
1035,-0.6230257648408578,1.4985926497234878,0.01597891718477984,18,0.02033693969931456
1035,-0.58139783927778,0.47394024711677263,0.015836723167798522,14,0.014116745002862746
1036,-0.5776473609708358,-0.4972046456109961,0.015941919266371094,18,0.019744369609515713
1036,-0.5607470810083837,-1.5026095729250244,0.01614948123458397,10,0.00512689063804342
1036,-0.6221810593118045,1.4965522299824454,0.015991156868226625,19,0.021371608256892025
1036,-0.5956244048800061,0.4831707896752385,0.01623835538152703,14,0.020177437378987008
1037,-0.5764370052242678,-0.4938965531098878,0.015919056719947526,17,0.01967576214751954
1037,-0.6212374790604307,1.498768903814691,0.01595411539569962,17,0.01809020999541342
1037,-0.5852721228759455,0.47779989312485427,0.015772623273080932,14,0.01487226790771193
1038,-0.5798164266572992,-0.4981076688895879,0.01600407338664466,18,0.01848459798607912
1038,-0.6237056651415904,1.4983065867478453,0.016133942282861618,18,0.019683311718503786
1038,-0.5878533356050695,0.47566864076833265,0.01614135074422174,14,0.020170431380952432
1039,-0.5769577216963887,-0.4950762476198959,0.016015182351776784,17,0.021408862485114925
1039,-0.5558398679885138,-1.5107527533113005,0.01589562741346519,11,0.015241943814216202
1039,-0.6249049551180654,1.4992676239198937,0.01592948700891061,17,0.01604583952035849
1039,-0.579953036751699,0.4747636761950666,0.016015914898422745,14,0.008383209719549858
1040,-0.5762608371928536,-0.4960384278711412,0.01601967250031495,18,0.02084814192625573
1040,-0.5698412938627179,-1.5255870098979352,0.015973874104538297,14,0.01795873416107017
1040,-0.6229704365247803,1.4997242408411215,0.016046247816392592,17,0.01653777025738784
1040,-0.5899548515358066,0.4767373771482898,0.01603743451466563,15,0.020826038567199508
1041,-0.5785802444136564,-0.49834200739068535,0.01609778015218281,18,0.01969316944824949
1041,-0.5568599368716437,-1.504436610260976,0.0159208047832046,11,0.0035872510390940913
1041,-0.6231938864647499,1.5001910802460516,0.015871812115508477,18,0.017803859724206877
1041,-0.5847381146972822,0.47477810449646546,0.01611501607416078,13,0.018261996631095696
1042,-0.5789166731670105,-0.49568331352685996,0.015892498622584652,19,0.018678942995663673
1042,-0.5603649945400941,-1.5190183803559925,0.015919077659392426,12,0.01601141239919167
1042,-0.6239404957678069,1.4972780888368864,0.016074317947943506,19,0.02011262954281149
1042,-0.5821494665598864,0.47455402068642333,0.015874463172362963,14,0.014149554822000966
1043,-0.5741204339204189,-0.4916902195819281,0.015965423911633882,17,0.019554834278427805
1043,-0.565604675377437,-1.5231223929270754,0.015936234049550885,14,0.013871309668254261
1043,-0.6217063989063529,1.5006499172445882,0.015910001185991483,16,0.0169162469923638
1043,-0.5875216722221621,0.4763774913600814,0.016199231491047905,14,0.019535874530266232
1044,-0.5744156857412986,-0.49284456847663255,0.015994474766605603,18,0.02093450531074729
1044,-0.5607058864262161,-1.5330756224806819,0.01571395996741741,11,0.0
1044,-0.6249984879106957,1.4982354761585122,0.015841708749981157,17,0.017429610334406456
1044,-0.5827070228844777,0.47380825939650034,0.016006078267273394,14,0.012302241299343769
1045,-0.5760219106829435,-0.49674455095249975,0.015927645328268812,18,0.021036507882732862
1045,-0.6214201245313923,1.4965741221264444,0.015989632229597196,16,0.01901633440411886
1045,-0.587003144165463,0.47747461058197677,0.015902590572076766,15,0.018620106591040523
1046,-0.5773707404556275,-0.4962359725793914,0.0159329943985181,18,0.020641050972290114
1046,-0.5646089783782282,-1.5121149033308645,0.015813146356782725,12,0.011989885718766729
1046,-0.6236752863797753,1.500506712266438,0.01595501291902768,17,0.018232784743836144
1046,-0.588257176972685,0.4784555359144753,0.01589807128193975,15,0.019034670051156746
1047,-0.5762217620135363,-0.49529727380715793,0.016213484943443695,17,0.02175643793581049
1047,-0.5633085323292697,-1.5312248354189157,0.015923375548646097,12,0.0029364673224869806
1047,-0.6195987798212109,1.496227825840047,0.01592856632635834,17,0.021036729435397215
1048,-0.5784192411399273,-0.4979795126838935,0.016070706324160255,19,0.019882606475230057
1048,-0.5567567414889192,-1.5177480188621766,0.015578641917010246,11,0.01815161403513962
1048,-0.6209331439282253,1.4981316873792092,0.01600329444457289,17,0.017548185564427436
1048,-0.5931117936905596,0.48286273915238614,0.01568378861922647,15,0.02010599569257561
1049,-0.5765883437645221,-0.49501502658185975,0.016006756344289736,18,0.021317105058649304
1049,-0.5565167351576259,-1.5035084571328092,0.01590988978894689,10,0.0035843904247888562
1049,-0.6204764593326828,1.4976259099880842,0.016093368369902404,18,0.018709133636334172
1049,-0.5960491690950651,0.4809446930877742,0.016196284007159206,14,0.021434831125871506
1050,-0.5739553461866117,-0.49568768575475897,0.01616697169543475,17,0.022535938369302677
1050,-0.5558398679885138,-1.5107527533113005,0.01589562741346519,11,0.015241943814216202
1050,-0.6183024519846124,1.4950699027105816,0.015827657570655733,16,0.0179426174844071
1050,-0.5806118835117732,0.4728437508572952,0.015900643685050606,14,0.00879316136480465
1051,-0.5741160621693598,-0.49337440394585413,0.01596149160801286,17,0.020798772752607993
1051,-0.5633406188137502,-1.5310585046650973,0.01572657944345534,11,0.0
1051,-0.6216602311699249,1.4958852689219604,0.01610396340415311,18,0.019296237122215266
1051,-0.5803600058287026,0.4753156090714859,0.015974231001494723,14,0.007292234533468372
1052,-0.5733323526510281,-0.4930949501856288,0.01607279366977615,17,0.02239142031983506
1052,-0.5660676208511981,-1.512681980081479,0.01585430984988952,12,0.010597359512215966
1052,-0.6232623272081138,1.4971535788539223,0.015775180393607917,16,0.016674731325819602
1052,-0.5862413162455101,0.47659743692574646,0.01598902844977351,14,0.018022282818597222
1053,-0.5756064313234581,-0.4951662032084848,0.01606244058872155,18,0.0218107818526224
1053,-0.5637328678981098,-1.512669522723058,0.016002117541310402,12,0.013962933909237581
1053,-0.6243596160367436,1.4985152231149135,0.01583929630151892,16,0.015318676514565255
1053,-0.5968242591451264,0.4821563296048179,0.01612209224771652,14,0.02031219622631609
1054,-0.5775422992017399,-0.4985307086490522,0.016034800335342003,17,0.019420489753182155
1054,-0.5674166604735749,-1.5184524816717966,0.01566723326372018,12,0.013900866138618092
1054,-0.6228219972477137,1.4987335111486528,0.016128761940957494,19,0.01899295391698305
1054,-0.5810359606246533,0.4743240008263267,0.01597091779471267,14,0.012286556034710933
1055,-0.575218625326128,-0.4925275225327165,0.016000349041032657,16,0.022173456843686257
1055,-0.5628790660174314,-1.5309497403620562,0.016269390134611813,12,0.003043892774389667
1055,-0.6241335099153045,1.4986195598468959,0.016187506684514824,19,0.01611162183761727
1055,-0.5871365690347967,0.47729371502544754,0.01581491620330927,14,0.016616714212816224
1056,-0.5762617073269147,-0.4929361866519562,0.015856767277874814,17,0.02124484133299771
1056,-0.6197907600247993,1.4974560761550468,0.01581317267717153,17,0.019986524424603365
1056,-0.5820487752932757,0.47464298020185614,0.016022733051291104,14,0.014352056270791091
1057,-0.5758100565734761,-0.49118472589785167,0.015819605932544212,18,0.01787463188403964
1057,-0.5571561702089772,-1.5052331454317358,0.015200482653607095,11,0.003573212106290214
1057,-0.6208772012743891,1.4976569373658204,0.015864898490382553,17,0.019303255546729327
1057,-0.5997519573983346,0.4862408039282928,0.016434270493050157,13,0.01374984561554911
1058,-0.5766893104031398,-0.49449719801215897,0.01596518026916706,17,0.02143471630427928
1058,-0.5640801143993633,-1.514430380018749,0.01587810601412313,12,0.015137976343208338
1058,-0.6214489474134705,1.4983400939364968,0.01601616264789067,18,0.019958101213255003
1058,-0.5821242618637222,0.47570908807760565,0.015962171402758567,13,0.01315554942380388
1059,-0.5754528914948283,-0.4944470089401547,0.016015687254019195,17,0.020674468179386594
1059,-0.5643774601186461,-1.5304299844737763,0.015952255478242396,12,0.0031010280679243394
1059,-0.6216029002443928,1.4994653760254777,0.01586371419505195,17,0.01602845853644389
1059,-0.5810359606246533,0.4743240008263267,0.01597091779471267,14,0.012286556034710933
1060,-0.5769684061252033,-0.49701050257347096,0.016030304732359734,18,0.020401504313863863
1060,-0.5621718219139173,-1.5256210460126776,0.01604532257411975,12,0.016319784937805
1060,-0.6196507938702157,1.4969627633018907,0.016010789874934685,16,0.016446384828458754
1060,-0.603002833626732,0.4877717169593987,0.01597358502371083,14,0.0027042240037427464
1061,-0.5750494884691512,-0.493444658556195,0.015962791435886976,18,0.020518387942609476
1061,-0.5568599368716437,-1.504436610260976,0.0159208047832046,11,0.0035872510390940913
1061,-0.6227767212796027,1.496921984619125,0.016058143826567135,18,0.019880902600329337
1061,-0.597292860941004,0.4840789593846207,0.016323463447136633,14,0.01820407209387615
1062,-0.5767801365593188,-0.4944933235845963,0.015959716760939227,17,0.0212412110896425
1062,-0.5727431442733538,-1.5243224220418317,0.01602731540889258,13,0.014137794831043594
1062,-0.622699043420757,1.4992387517998749,0.01604439352969746,18,0.019366164198574214
1062,-0.5855888433401278,0.4766202421823635,0.015803793850796565,14,0.018334666228775852
1063,-0.5784340284519754,-0.4968284706187549,0.015975729727995835,18,0.019396821350774442
1063,-0.5568599368716437,-1.504436610260976,0.0159208047832046,10,0.0035872510390940913
1063,-0.6256799061664126,1.5000476224350776,0.015906078445087287,16,0.013389268198528754
1063,-0.5841699204277256,0.4755141526499265,0.01588493743628891,14,0.014370300600379462
1064,-0.575135771815492,-0.49341438767327617,0.016107591115240846,17,0.021624679609269337
1064,-0.5585115139793192,-1.5117688357967694,0.016052053394547895,12,0.016612558436257193
1064,-0.6243808481628584,1.498631900728817,0.01604719705146136,18,0.017122257000887105
1064,-0.5826815558425658,0.47657498867295955,0.01610832386011748,14,0.01383708327551971
1065,-0.5753935508554205,-0.4959517250034343,0.016008682095626114,18,0.021523460985183443
1065,-0.5672792185394342,-1.5234034939657441,0.01601205488685133,12,0.01908089998263483
1065,-0.6229874608323166,1.496230010891793,0.01596238349835472,17,0.020040474701612097
1065,-0.5854476223173856,0.47528846441636885,0.01606181681717429,14,0.016771469901360993
1066,-0.5786310932530266,-0.4988513855214628,0.01624971791652548,17,0.019726023939699983
1066,-0.5584123641592348,-1.5166646271162585,0.0157695930381346,11,0.01891479608066143
1066,-0.6239988569747841,1.4998238164614932,0.016014355740715535,18,0.017156484461292417
1066,-0.598075046802833,0.4826821267712823,0.016869213688198246,13,0.021454548861502384
1067,-0.5799213967330776,-0.4998522923368873,0.016065597229651115,17,0.01776510823367395
1067,-0.5696663318187459,-1.5247600300314756,0.016110228888376505,14,0.01753747095521021
1067,-0.621744105860945,1.5001241122498816,0.0161260179577301,16,0.018252691206698524
1067,-0.5902505762385842,0.4776796879912793,0.015997036570309205,14,0.019681300676341922
1068,-0.5785927049190474,-0.49738873476812584,0.01607052104698642,17,0.02039186462984129
1068,-0.572012133925042,-1.52279830765589,0.015770357437514045,14,0.016677585150253492
1068,-0.6223917483664112,1.4981053056661648,0.015883708119086275,18,0.016821226742500542
1068,-0.581579201416044,0.4772411294626034,0.01582245808233228,14,0.01106913076046337
1069,-0.5761291111993916,-0.4948088195442775,0.01602632294527368,17,0.020760343424845663
1069,-0.5634618192653681,-1.5123241699631065,0.015824583194587936,11,0.015692220050665374
1069,-0.6241605809765254,1.4974191069704066,0.0160401149541807,17,0.015344381656659587
1069,-0.5833087298932209,0.4760407502975184,0.015991949338627427,14,0.014691265787905977
1070,-0.576977327787892,-0.495903276181196,0.01605254659550061,17,0.020265969478838294
1070,-0.56262877574808,-1.5291258263511833,0.015667856471813024,10,0.0
1070,-0.6212244317700988,1.4973140911908236,0.015951176851364057,17,0.01678551032159071
1070,-0.5863415975607051,0.47763338873682915,0.01583696488675851,14,0.017105168182381555
1071,-0.5762455395775306,-0.49316272845702824,0.01597458927354591,18,0.01864283288127273
1071,-0.5647355443358723,-1.5166147188199761,0.016270352694626285,13,0.014059883449459194
1071,-0.6221564764628335,1.4957863056137033,0.0161390728661363,19,0.0206750019580368
1071,-0.5874711856648986,0.4755881299172155,0.016031359457333638,14,0.020434562667283492
1072,-0.5811182102711713,-0.4999375916836188,0.015895354592770815,18,0.013680804928081916
1072,-0.5592011028433093,-1.5136353896143273,0.01608616495832102,12,0.016653725475296463
1072,-0.6201671695563603,1.496410013572408,0.015906005503951548,17,0.02037703149834646
1072,-0.581844025479132,0.4749925133949526,0.01601060940519894,14,0.014200486048939613
1073,-0.5774821417467255,-0.49456354036050226,0.01584473443024302,19,0.01765842868458259
1073,-0.5683371974051444,-1.5167788076226916,0.016255631222831374,11,0.011585642881143294
1073,-0.6217150376526793,1.4984963301526206,0.015834753410876472,16,0.018547809619532396
1073,-0.5826384137309063,0.4769220016193415,0.015937607467976893,14,0.012997049841147345
1074,-0.5807650788906905,-0.4992287206154374,0.015957200364703567,16,0.017301090027942098
1074,-0.5700068565115007,-1.5275361349242176,0.016284355942263205,13,0.012150768735731244
1074,-0.6197253671766833,1.4989243602724147,0.015974213278983955,19,0.020103593496421983
1074,-0.5825262828772542,0.4769381528914055,0.015891783228433855,14,0.011329394857049941
1075,-0.5775772076512118,-0.4958620533425256,0.016007708033710478,17,0.02122347660673617
1075,-0.5595968655522855,-1.5133858258326665,0.015777703805499237,12,0.01642541713912824
1075,-0.6259363990828345,1.4984409726090875,0.015922927765557537,17,0.013837900246600067
1075,-0.5823853264330383,0.47409988867235325,0.015804712798117453,14,0.013456912235558118
1076,-0.5757715170860938,-0.4968210800338886,0.01611955684490695,18,0.021698129450703183
1076,-0.5616276482449575,-1.515978177021026,0.01590845089069485,12,0.015705234772405516
1076,-0.6220568298371036,1.498734867962804,0.016134814637697375,17,0.01710629331323278
1076,-0.584492907587974,0.47459048490806877,0.016235568456524293,14,0.01729090252741891
1077,-0.5766962517443895,-0.49493372631089233,0.015939872365197037,18,0.017974947782965465
1077,-0.5631771255002233,-1.516953796689269,0.016257844848650106,13,0.01607150220673652
1077,-0.6230681093406427,1.4989138890358011,0.015873871687130475,18,0.017796582264665
1077,-0.5857083847700344,0.47518249941248336,0.01634493140086959,14,0.018652895716676783
1078,-0.5756278312837434,-0.4930467345259813,0.01590206251385307,18,0.018728923688323462
1078,-0.5606103884861213,-1.50483882568193,0.015719877553770835,11,0.005010907204219331
1078,-0.6213372052237756,1.494853759066596,0.01592359894219025,19,0.02104261078836056
1078,-0.5895159212189426,0.4795819430406819,0.015877233899079378,15,0.021477853973715114
1079,-0.5768345360145051,-0.49476273910203084,0.01589143384546957,18,0.020560281512336125
1079,-0.5593197316049414,-1.5166506836964704,0.015744799455697792,12,0.017994089683526636
1079,-0.6215879242017806,1.4971701456205966,0.015956844366199114,17,0.0187216386914378
1079,-0.5837569149863964,0.4769940973714556,0.015839316531329292,14,0.01289872394933914
1080,-0.5774253491768699,-0.4993437595485755,0.016527687315620047,17,0.01979704156819109
1080,-0.558860109547875,-1.5082122402964664,0.015690677019809116,12,0.013284096186168355
1080,-0.6268369779137839,1.4998856075672975,0.016113326990156236,18,0.015347093742741999
1080,-0.5840514386030233,0.47651780678750516,0.015818912058200716,14,0.014041440719895085
1081,-0.5755666434004618,-0.494645747554124,0.015833695513110806,19,0.021127207242462465
1081,-0.5733877454530577,-1.5233085522119232,0.01599398638306977,15,0.017148633867045363
1081,-0.6234573673525479,1.496343578370659,0.01573755497907007,16,0.017411536693817203
1081,-0.5853573331609498,0.4778843408424728,0.01584188807503637,15,0.01694743279876339
1082,-0.5741571962450194,-0.4924953859545924,0.015874848509838658,18,0.02109136791991904
1082,-0.5595151398657895,-1.5041302940662566,0.015889186530485957,10,0.004172579370389
1082,-0.6217335362883333,1.49768119635112,0.01591436664157688,17,0.01692374198370108
1082,-0.5822343158709058,0.47472121557114183,0.015869241304411134,14,0.014282983141883487
1083,-0.5765494573027167,-0.4974074131316916,0.016038597210333117,17,0.02081762227815292
1083,-0.5574638056998145,-1.502703213056318,0.015593664155164024,11,0.005142771332320774
1083,-0.6180789681147825,1.496417979768613,0.015823890842148566,16,0.01982049455528483
1083,-0.5792096672413994,0.47354122728298864,0.016132365507417055,14,0.008050738932039872
1084,-0.5749317967296488,-0.4916711856696986,0.016130637106006217,16,0.02231986742924605
1084,-0.5571561702089772,-1.5052331454317358,0.015200482653607095,11,0.003573212106290214
1084,-0.6201622591462088,1.4947375803768141,0.01606982356642886,18,0.02136931109284776
1084,-0.5813097967999264,0.4745603709408529,0.015924872523827262,14,0.010584625933350349
1085,-0.5739307939875093,-0.4926749978680661,0.01605561412598776,17,0.022680370727008993
1085,-0.5628030632554476,-1.5232966771728298,0.015715641035372024,12,0.014693136112560614
1085,-0.6238368748274955,1.4968911723577019,0.01602385466146132,19,0.017907290194010855
1085,-0.5861491603697464,0.477466423204818,0.015758767275852816,14,0.016228779178625335
1086,-0.5741054379382086,-0.4939114374568911,0.01610059061295585,17,0.02188129429093507
1086,-0.5565167351576259,-1.5035084571328092,0.01590988978894689,11,0.0035843904247888562
1086,-0.6203290302164245,1.4939414447563963,0.016063950281886206,18,0.020209318449274847
1086,-0.5852782750016541,0.4785551408419975,0.01593930683483035,15,0.01394383291163026
1087,-0.5752790721671449,-0.49610237926420264,0.016324021923964926,17,0.02229588177281097
1087,-0.5603720529881298,-1.532151861650069,0.015730695009708168,10,0.0
1087,-0.6227609959749292,1.4981139888524588,0.015953174475387282,18,0.017419361014015713
1087,-0.5827156554700343,0.4757177052899776,0.015945567752124495,14,0.01376157766521758
1088,-0.5739678901951917,-0.4937782365360324,0.016098549222553226,17,0.021345795834263465
1088,-0.5661730326325679,-1.5111368058906802,0.015806039969150653,11,0.009423089727472623
1088,-0.6241705085372727,1.5001300142040344,0.01588873984727056,18,0.015551214633980574
1088,-0.599275125442121,0.4851050041877245,0.016039156524956327,14,0.014695962340016121
1089,-0.5733873427585467,-0.49277686263412795,0.015994053185047267,17,0.020639932494793244
1089,-0.5574983026366106,-1.5061554835662656,0.015216885033610385,11,0.0035750200301948912
1089,-0.6236865040253781,1.5002683898842206,0.016187585991057466,18,0.01618934351874134
1089,-0.5860924036987508,0.47763666022956924,0.01597339965850155,14,0.018786070354813507
1090,-0.5728820202311263,-0.4934344994868182,0.016141682298556635,18,0.023003402014553528
1090,-0.5558143955421639,-1.5038513368088993,0.015637273822093106,12,0.00391561421045649
1090,-0.6249087922988029,1.501019102332888,0.016093889632483663,17,0.017345779141244022
1091,-0.5734430467539242,-0.49227570433380435,0.0159383664130096,17,0.020440040000731675
1091,-0.6245380901895167,1.4988536284954128,0.016034626761326994,17,0.016007807835173558
1091,-0.5800502457562966,0.4713612212949781,0.016385888781050625,13,0.012331066668074375
1092,-0.5731608910764681,-0.493552599529991,0.016160302268764862,17,0.022947863656845677
1092,-0.555497798452489,-1.5098246820057541,0.01588278251600684,11,0.015231846757518335
1092,-0.6125843410328372,1.4965494159737671,0.016006507879971158,18,0.02130884737034136
1092,-0.5857593999812345,0.47863119910248114,0.016036249168001986,14,0.015003055790823727
1093,-0.5749554648755302,-0.4946331164634047,0.016005929672558945,17,0.020537823177002586
1093,-0.5565167351576259,-1.5035084571328092,0.01590988978894689,10,0.0035843904247888562
1093,-0.6250418590066996,1.4999408038306659,0.016055559589620624,16,0.014317721635129664
1093,-0.5834048574251326,0.4757680326847516,0.01594046386669596,14,0.013704638191210955
1094,-0.5772902155777957,-0.4942196583145325,0.015964859446382852,18,0.016956123951743764
1094,-0.5710978325142245,-1.5197253233983767,0.016150209752647065,13,0.01771542964075753
1094,-0.6140288452449711,1.4948911875391002,0.015910157996888493,19,0.023356456401936825
1094,-0.5897362163135728,0.4791091012592222,0.015849561047363788,15,0.019744101960903843
1095,-0.5738836853125602,-0.4951536477362663,0.016225839408516993,18,0.023204676565363878
1095,-0.570284763482975,-1.5135862001468705,0.016047529780246907,10,0.004051903145877663
1095,-0.6196309966259155,1.4990027575908567,0.015930740495142613,17,0.019652046530300706
1095,-0.5823715936550178,0.4686282700041433,0.016135527381966257,14,0.0029216036486462305
1096,-0.576344644104779,-0.49170833280312576,0.01587623947372502,17,0.016501094519684234
1096,-0.5528094466715452,-1.5024370649957326,0.015408695528904186,11,0.0
1096,-0.6250580853351666,1.5007140003280466,0.015957554408311706,18,0.013468304967268635
1096,-0.5877052927487314,0.47827154628799184,0.015979252040551496,15,0.017149138347491606
1097,-0.5747918765908507,-0.4949208095385877,0.016047299937024178,18,0.020353041740095605
1097,-0.5637328678981098,-1.512669522723058,0.016002117541310402,12,0.013962933909237581
1097,-0.6231520472023636,1.4972991435631624,0.015930045040900977,19,0.01922822293767242
1097,-0.5924914304434135,0.47862681312615907,0.0162382650030983,14,0.022351850540892136
1098,-0.5771467088353319,-0.49718834916360066,0.01605148903036673,19,0.02042753329844397
1098,-0.5657847451589219,-1.5109280199287056,0.01571800179734415,11,0.010364889915829765
1098,-0.6200147697240863,1.497421518350987,0.015997878182031265,18,0.018218688889571438
1098,-0.5823269051863624,0.4733191888333328,0.01618891194595717,14,0.012668772293739704
1099,-0.5749202716033603,-0.495138772950832,0.016049782785052702,17,0.02182366957505251
1099,-0.5624840925921597,-1.5279014135304105,0.015594121513112692,11,0.0023706231629461254
1099,-0.6192863022684333,1.4948699218207582,0.015896264334797596,18,0.021737712874307757
1099,-0.5990098462144806,0.48152031412410906,0.01687596360450509,14,0.021468794562278487
1100,-0.576858787102617,-0.49551065129843724,0.015995057913129215,18,0.020917124089733476
1100,-0.5569251800507127,-1.5146387998796678,0.01587297255808958,12,0.017101848377259688
1100,-0.6217709319620807,1.4982385804739267,0.015839949428439064,17,0.017340012046668428
1100,-0.6033328194802364,0.4880004020091273,0.01643023828219788,14,0.0040738067256073434
1101,-0.5767800244086286,-0.4947857905870009,0.01599898633843065,17,0.0211538471687728
1101,-0.555497798452489,-1.5098246820057541,0.01588278251600684,11,0.015231846757518335
1101,-0.6230762561484915,1.4989872481102164,0.0158566361507281,18,0.016913748407643665
1101,-0.5907800579016501,0.4781695066565765,0.01629412877638451,15,0.021695343349496726
1102,-0.5778387311458,-0.49516396022487924,0.016029215958097847,18,0.018563132335691884
1102,-0.5607756072781319,-1.5090913971513296,0.01606322664293162,11,0.014580935242651416
1102,-0.6216997819086569,1.499135679772613,0.015977255218220642,18,0.018774111380419806
1102,-0.5931881202834494,0.48186144784174273,0.015812930357242173,15,0.019966747897418265
1103,-0.5777328318410334,-0.4958339089788985,0.015894273924242884,20,0.019421579386557135
1103,-0.5677763497930005,-1.5109240862587725,0.01597134582737448,11,0.004120539138293434
1103,-0.6234001767079165,1.498061844314899,0.015975603519276127,16,0.01637120627966232
1103,-0.5820128790816138,0.47664607391035263,0.01607539558923026,14,0.013051539024935476
1104,-0.5766400886176811,-0.49277144737888784,0.015764629747316503,18,0.019002888818940578
1104,-0.5707366908689961,-1.5255424825354138,0.016031982367892973,14,0.016104008078387744
1104,-0.6244928833270796,1.4999733036350686,0.015972646695846873,17,0.01821376179588366
1104,-0.581976511452011,0.47454470056738196,0.01592442241422667,14,0.013817145597820366
1105,-0.578096543122209,-0.49696206386146274,0.01593645539528455,18,0.018970011046503137
1105,-0.5598393999460034,-1.50917732624015,0.016171351775445455,11,0.013548533947555267
1105,-0.6220266171160124,1.500516231089377,0.016212528410516108,18,0.019495018209483985
1105,-0.583217682345084,0.4761018823236126,0.015911568284448688,14,0.012967559555266723
1106,-0.57254100552692,-0.4904476713577062,0.015941790821301698,17,0.018986771405480413
1106,-0.5622792084551693,-1.5281744878562635,0.015654434143117804,10,0.0
1106,-0.6225717864854291,1.4996061861165007,0.01607891849068296,18,0.016969747431902698
1106,-0.5822291447730656,0.4767710670183804,0.0158799831580487,14,0.011280993914704137
1107,-0.5759760426458556,-0.4967457805384554,0.01600588796456404,18,0.020460237865724745
1107,-0.5584005891492734,-1.507409411848517,0.01603864776953205,13,0.013158960595404352
1107,-0.6226368117183309,1.5001543891138605,0.015941517979923086,18,0.016938903882815107
1107,-0.583733224561659,0.47597462031853144,0.01601457208119062,14,0.015769032086640287
1108,-0.5767482721476658,-0.49425598838160273,0.016031894365838552,18,0.019134325137449306
1108,-0.5732494277973224,-1.517177111276248,0.015985687156897924,14,0.017533016049269066
1108,-0.6216481693269716,1.4965048861699697,0.01587196654964581,16,0.018034953398839385
1108,-0.5834349531666824,0.4756644072004427,0.01604423709414674,14,0.014865363353276508
1109,-0.5791269726960951,-0.49452453223508797,0.015986221451048853,18,0.015612824122257476
1109,-0.5601228056737136,-1.520348194190287,0.01588228432250559,13,0.016019132431012047
1109,-0.6196577323168342,1.498134300813001,0.01594580763465778,17,0.01794786944564477
1109,-0.5888788583543076,0.47846935990859246,0.015932450197785532,15,0.019831368101364825
1110,-0.574840827663478,-0.4929338605747332,0.0158743550279273,18,0.020402519294453678
1110,-0.5736657811378533,-1.5212100652865803,0.016025250305655395,14,0.018571080340392558
1110,-0.6222340912709663,1.4977104504009706,0.015950682427678723,16,0.016620392785989896
1110,-0.5904222734657636,0.4782717753718389,0.016501402277295227,14,0.022427998922039935
1111,-0.575012090276679,-0.49590134765909016,0.016053647812613484,18,0.02122134302952143
1111,-0.5648691396536482,-1.5142608838284788,0.016420435944837056,12,0.014438088966059135
1111,-0.6224066818166214,1.4972889683374488,0.0161488472638011,17,0.0160931140184743
1111,-0.5844038855976252,0.475955243865747,0.016051844248502613,14,0.018371587847053603
1112,-0.5761990733968076,-0.4928488763003402,0.01589121087337966,18,0.02015397966847834
1112,-0.5643682009205752,-1.5221543333285668,0.01623436048748098,13,0.009157099462533725
1112,-0.6211783708160519,1.4940863216514966,0.015822766723755845,19,0.01978041327764084
1112,-0.5895962869557123,0.4798170721108953,0.015670777755972157,15,0.020154545367534832
1113,-0.5753667560549566,-0.49415427712845733,0.01599238710551638,17,0.02070961077441098
1113,-0.5706315681850055,-1.518320436352822,0.016056127283528013,12,0.016966280124243567
1113,-0.6203104972813965,1.4958566499288042,0.01607156325569475,18,0.020928579143963535
1113,-0.5971891084268668,0.4841295840385598,0.015951010503438855,14,0.01635671519092615
1114,-0.5756606569093551,-0.4965534301440032,0.01604790010364437,20,0.019718809390394335
1114,-0.5575426674020713,-1.5062789661190321,0.0159569766269579,10,0.0035957156525375463
1114,-0.6242247263320951,1.496287403892801,0.016009513664745664,18,0.019789234047662335
1114,-0.5964370587639918,0.48361456118618235,0.016605208245479,14,0.018795827470780208
1115,-0.5771636419663206,-0.49636513231949575,0.01598761002684474,18,0.01949876052954528
1115,-0.5672900504326236,-1.517344437551645,0.016209198943753046,14,0.014490162601471583
1115,-0.6117747385090881,1.4955119388200706,0.015881049628155692,18,0.020356166058423334
1115,-0.5835500300381237,0.47419880869782205,0.01601504437317789,15,0.01656229743108584
1116,-0.5747736413446012,-0.4895464551055022,0.01585884790658992,18,0.01963854973192925
1116,-0.5576406540483613,-1.5164290635783464,0.015270242179719022,12,0.01661998681906054
1116,-0.6183728275973445,1.4944724767073878,0.015951089031336872,18,0.019979676970707672
1116,-0.5784742951386983,0.4673423743719319,0.01597608658592585,14,0.0029044215175377365
1117,-0.5732834504072959,-0.4955011583371824,0.016137200230983327,18,0.021886157906245665
1117,-0.5663985404784748,-1.5105799208792663,0.016307396308952223,11,0.011084714850661299
1117,-0.6267341673989687,1.4986002363258852,0.015929847947502507,18,0.01780492054131202
1117,-0.5964370587639918,0.48361456118618235,0.016605208245479,14,0.018795827470780208
1118,-0.57352896519805,-0.4914492330197597,0.016004807987481974,17,0.02041059164972619
1118,-0.5588706755329248,-1.5121827742716079,0.016071494934945557,12,0.01681413059424645
1118,-0.6226500026111909,1.4975050045875509,0.015913469876812126,18,0.01582248125833286
1118,-0.5915254088057192,0.4805156934584548,0.016062891063480474,15,0.021098185602949383
1119,-0.574862649371515,-0.493646419234531,0.015913518054352652,17,0.020589770743560328
1119,-0.5587111561611763,-1.5049503553063164,0.01538069395282873,10,0.0025137858199722266
1119,-0.623638184805797,1.4978048577089782,0.01591422861422881,18,0.01777897699098633
1119,-0.6004571183000075,0.4851501745662512,0.01601521413149481,14,0.012477954759483366
1120,-0.5768014898913765,-0.49477680940267743,0.01591511132333914,19,0.017875077224631417
1120,-0.5677152174824294,-1.5153213002714125,0.016377349154113593,11,0.012222534643223322
1120,-0.620088066220255,1.4972861584098833,0.016141020555355337,20,0.019638865298471555
1121,-0.5738647593901105,-0.4921846946245921,0.015931381459236036,17,0.021005354645208113
1121,-0.5653017772559685,-1.5030086170686112,0.01655187117208708,10,0.004604173742482514
1121,-0.6221358591143543,1.4965880549144754,0.01591099787021326,18,0.01852342167527335
1121,-0.590077530313654,0.4768364608493479,0.016339648372990703,13,0.02225192560501106
1122,-0.5756492861331475,-0.49424475527608513,0.016128252752882204,19,0.021261382696245622
1122,-0.5602150371255779,-1.5132780392201164,0.01581494679108857,12,0.015398330987604958
1122,-0.6204168040566587,1.4942450853411136,0.01603176935713136,18,0.01906132627281952
1123,-0.5748920230088128,-0.4925804394779025,0.015904795889478164,18,0.020787089676934073
1123,-0.5607470810083837,-1.5026095729250244,0.01614948123458397,10,0.00512689063804342
1123,-0.6248873421820712,1.4980777268954084,0.01605048376118441,19,0.01834785378331712
1123,-0.5809792728181581,0.47240484304324115,0.015965060769825172,14,0.01717342104159613
1124,-0.5763701627293357,-0.49342401809228287,0.015812161921691496,19,0.01879565072673075
1124,-0.5671969573489428,-1.5204424342084488,0.015923683606134928,14,0.013706052252509229
1124,-0.6211959563720518,1.4992377925967357,0.01590450720508961,17,0.017680672651468065
1124,-0.5776818586394213,0.46861641926860736,0.01615324019386418,14,0.003036516337708837
1125,-0.5753780483134777,-0.4954005189890536,0.015960855269569973,17,0.021306989640297393
1125,-0.5674855742794808,-1.5228000051943977,0.016317254265867227,13,0.015424092177460068
1125,-0.6249781822138012,1.4996286378035784,0.01605727856558358,19,0.01699376223932499
1125,-0.5970240351378232,0.48458670783061253,0.016063683858968645,14,0.01577763753864105
1126,-0.5740477300961023,-0.4925684432793954,0.015810548597070977,17,0.020916693879997485
1126,-0.5558064742017089,-1.5226057160765316,0.015777634225803795,12,0.020686621593985068
1126,-0.6222237761955008,1.5009138393077643,0.015869011917274085,17,0.01477652393908306
1126,-0.5933828569737053,0.48181095783933664,0.01587745183238572,15,0.01945340856077235
1127,-0.575374347149514,-0.49371428784928445,0.01591682044956959,15,0.021113822888496437
1127,-0.6239243245021601,1.4978843913671058,0.016024106590496648,18,0.01690311424272143
1127,-0.5811895739271,0.4734459651415921,0.01598729229489247,14,0.011566031478238845
1128,-0.5746944966205897,-0.49452950145965585,0.015969361579444636,18,0.020049960102822534
1128,-0.5684806246254702,-1.5219692598325607,0.016094498499381348,14,0.017997422244553696
1128,-0.6237081343825688,1.497615170572953,0.016158559007588745,18,0.020267776987433886
1128,-0.5842839783349361,0.475444779249726,0.01585749183051415,14,0.017651166346558597
1129,-0.5749454510516214,-0.49642684999739506,0.016337069917139315,18,0.02169921036420806
1129,-0.5594247026467601,-1.5206380792896093,0.015870384821957757,13,0.01688746118268023
1129,-0.620676750232041,1.494423549010165,0.01578817182339941,19,0.02209977575797363
1129,-0.5865750713747658,0.47704425672229794,0.015936268008107848,14,0.018779464158842133
1130,-0.5712542540164641,-0.49114384448080295,0.015978074243779724,17,0.02117008643930073
1130,-0.5721838997624128,-1.5234605639967498,0.016022584480726715,14,0.018890405541565233
1130,-0.62163761272786,1.497702530632535,0.015821632564175646,18,0.018632543769781528
1130,-0.5845332108091785,0.4760586369804562,0.016252569067238102,13,0.02072197859946366
1131,-0.5739528110190167,-0.48990383249427827,0.015977280005464056,18,0.019043225695534627
1131,-0.5592688410697304,-1.5194969793315793,0.015628149703412003,12,0.016596870679924308
1131,-0.6233099191996356,1.497563482602001,0.016043453391388338,19,0.02171853366764851
1131,-0.5874774183207427,0.4783483294141592,0.015974666176271312,14,0.020825891699906767
1132,-0.5714735289117804,-0.4913867173496855,0.016110550080285658,17,0.022976518049537015
1132,-0.5608526419876344,-1.5250657234853902,0.01587262316737593,13,0.015602365185369152
1132,-0.6226214334789952,1.496819379412011,0.015907397357002813,19,0.01875973887900439
1132,-0.5834985247168284,0.4750212073842992,0.015867988576324647,14,0.016762565191867702
1133,-0.5754575644171444,-0.49667079018194876,0.016040713643217987,18,0.02074602528556035
1133,-0.5603969834808624,-1.5010057113240713,0.016061285771688787,11,0.003888960416033554
1133,-0.6219249719454599,1.4975083822035868,0.015923588165366164,18,0.01844867418697534
1133,-0.5938913953873233,0.4800398002639087,0.016745304145607515,14,0.022882079188305884
1134,-0.5743764743691587,-0.49276347191293174,0.01607299276139756,17,0.021572389039100075
1134,-0.5661206520232795,-1.511390721498167,0.016487971912685095,11,0.012370420903205968
1134,-0.6212376362891696,1.4990580919345402,0.015864067999556215,18,0.01954718781059955
1134,-0.5834409605004507,0.4753474186438105,0.01598201749335634,14,0.017033729688716977
1135,-0.5766162321044882,-0.49544245883941007,0.015977187770034335,18,0.019439381511242814
1135,-0.6228373206760253,1.4984362981571762,0.01618507240565102,16,0.017609962220867845
1135,-0.5804348786736293,0.4739416532624219,0.016027578228944114,14,0.015081100194769034
1136,-0.5743173441337247,-0.49247581830759823,0.016181054655415715,16,0.022777995727358943
1136,-0.5675455425527222,-1.5190791848814424,0.01607292774926399,11,0.01474965224457492
1136,-0.6182120533202836,1.4954205364806574,0.015966250578804162,19,0.02114502162965666
1136,-0.58139783927778,0.47394024711677263,0.015836723167798522,14,0.014116745002862746
1137,-0.5800788629273238,-0.5004483237129371,0.01636429708684449,17,0.014966947979589557
1137,-0.5678464766406227,-1.50933343623931,0.01566310312515861,10,0.0040459941331181075
1137,-0.6217145343377601,1.497205784172555,0.015991535510621893,18,0.02024895586556498
1137,-0.5894791008990089,0.47957061666102646,0.015778225620051985,15,0.020237913738066857
1138,-0.573698241268246,-0.490983573449288,0.015816124411664623,17,0.02050520891759805
1138,-0.5678464766406227,-1.50933343623931,0.01566310312515861,10,0.0040459941331181075
1138,-0.620927309725684,1.4982010299777877,0.016005606483968773,19,0.02211695156299462
1138,-0.590590393285031,0.47896724821826997,0.015869513145522637,15,0.020168109134229915
1139,-0.5755014814746268,-0.4934859478919797,0.015883339205383908,18,0.019940616033661943
1139,-0.5600110052421079,-1.531170945794919,0.01568586497277309,11,0.0
1139,-0.6218746351405939,1.4978314434077828,0.015881100822135202,18,0.018704383728430553
1139,-0.5870507880771213,0.47639114223545803,0.015878988396167536,14,0.019356712852024182
1140,-0.5781480071446257,-0.49349477322866986,0.01584851616988715,18,0.015858148579056687
1140,-0.5595252364693634,-1.5117462155355987,0.016260497714269132,12,0.017151163665133026
1140,-0.6249082784447091,1.4972705448851171,0.016043291496502524,18,0.0194497275089017
1140,-0.5818646282330802,0.4734364157163991,0.01582208668505131,13,0.013890865243980617
1141,-0.5793934250347942,-0.4961374694620599,0.015957880117189963,19,0.01906136464099378
1141,-0.5565914761289933,-1.5128305916828326,0.016261180827903385,12,0.0171596888374827
1141,-0.6242136269039327,1.4989337005002377,0.015965379617914055,17,0.017066100628110956
1141,-0.5801327706705586,0.466824786023714,0.016010292505410497,14,0.002902641367055345
1142,-0.5746024375099849,-0.49333798907694,0.016062759525447244,17,0.021708010902545385
1142,-0.5578470053950445,-1.5101780833986054,0.016062224392611513,11,0.014583876409365558
1142,-0.6233349375329961,1.4981022214564592,0.01619798809515378,19,0.018412222401563982
1142,-0.5827982303170803,0.4755059703045227,0.015968385757132914,14,0.016931468747068926
1143,-0.5737651451931901,-0.4927352917184726,0.015918336714855083,18,0.019487447313595762
1143,-0.5564113327149047,-1.516805441204347,0.01554908312207079,11,0.018110649845140502
1143,-0.6237387898843615,1.498283681526601,0.015964799927266606,18,0.019633653401749072
1143,-0.5826160761037099,0.4740490372950797,0.01586009531818496,13,0.013920356406133856
1144,-0.574131565384419,-0.49351632702013787,0.016167213371270826,17,0.02185849726740407
1144,-0.562944212309957,-1.509560533611717,0.015788884704830013,12,0.01403115156760444
1144,-0.6163676711727849,1.4949062237449757,0.01576830421526302,16,0.02108236303241785
1145,-0.578683223408947,-0.49597121026233004,0.015861593533810378,19,0.01603576891842461
1145,-0.5580261280080887,-1.5031018966970402,0.015351732037812586,10,0.0025118932362646956
1145,-0.6210978886042152,1.4980150191137633,0.01588237827350924,17,0.01996400863553944
1145,-0.5816342429629475,0.47348732115046666,0.015766967655583716,14,0.013428184691217645
1146,-0.5749488291549307,-0.4922098322460257,0.015900648341065204,17,0.017822066913517492
1146,-0.5568147055442799,-1.5043085702294305,0.01518590674078787,11,0.00357616545021681
1146,-0.6232445327522603,1.4988238460861951,0.016034018446293683,19,0.01845497746734625
1146,-0.5851634762246595,0.4696398926955027,0.01642344420112193,14,0.017099133773736133
1147,-0.5774396797609104,-0.4946368178994167,0.01598899879489935,18,0.015940126997544216
1147,-0.5558398679885138,-1.5107527533113005,0.01589562741346519,11,0.015241943814216202
1147,-0.6194678780856333,1.495671630035726,0.01601866422871815,18,0.02032652138345356
1147,-0.5838741710645076,0.4761238326964606,0.015914932856116483,14,0.01540058181651721
1148,-0.574925526653573,-0.4929517848571762,0.01592082034037803,18,0.021840083343088724
1148,-0.5633406188137502,-1.5310585046650973,0.01572657944345534,11,0.0
1148,-0.6257891485177404,1.4994272594609745,0.01613139113142473,17,0.01590179479278581
1148,-0.5821182148257514,0.4758417371433202,0.015756798193036044,14,0.010914619629033227
1149,-0.5764538105484553,-0.49250690200843844,0.015813779657589316,18,0.018675561099318845
1149,-0.5644575054018993,-1.514720276264792,0.01595411079792536,12,0.015476393977666963
1149,-0.6246554742215807,1.500166371572331,0.016023715087459246,18,0.016157859232735258
1149,-0.5799658746239988,0.4685484280967306,0.016058282674246013,14,0.002916783816842068
1150,-0.5763394471395382,-0.49685096014471636,0.016041004628350716,18,0.02133789128383277
1150,-0.5635147365337017,-1.5108513965357349,0.016379414062709822,12,0.014783066449537098
1150,-0.6223648958688821,1.4986864506503437,0.015864396693498668,17,0.01545883224864408
1150,-0.5863356085694954,0.4771159804574636,0.01638500640609401,14,0.021297605284394797
1151,-0.5768725263111311,-0.49695898380644776,0.01594354864264454,18,0.020019185291373684
1151,-0.5572777165522682,-1.5259891615210923,0.015301861840105398,12,0.00232252422280813
1151,-0.621911702264782,1.4981347757204408,0.015913214572267197,18,0.017665749463161996
1151,-0.5816340652902626,0.4762791989114744,0.015801584294474497,14,0.008903745376649784
1152,-0.5766563570874367,-0.4930741051319489,0.01582549206072401,18,0.020154576089717213
1152,-0.5561326598119208,-1.5055350117687623,0.015978432863654482,11,0.014503661268165555
1152,-0.6240723675173799,1.499942910874422,0.016019126858250358,16,0.01719772521323375
1152,-0.5813059281923179,0.4704261779882471,0.01593417040836817,14,0.009441174252792069
1153,-0.5763814166041518,-0.4942040788279512,0.01584900909490234,18,0.017923456283330245
1153,-0.5587111561611763,-1.5049503553063164,0.01538069395282873,10,0.0025137858199722266
1153,-0.6238732434400552,1.5004640248801921,0.016136507053157393,18,0.018559971702400483
1153,-0.584289364969327,0.475827515052389,0.015968428909012275,15,0.01582210912335647
1154,-0.5762428308201418,-0.49512877563185065,0.016044223333510535,19,0.01921358870262931
1154,-0.5558143955421639,-1.5038513368088993,0.015637273822093106,11,0.00391561421045649
1154,-0.6219249440892058,1.4978973059974177,0.01602910637333576,18,0.01970506122826099
1154,-0.5949576558455598,0.4834087516173619,0.015924309787037162,14,0.019963094160751725
1155,-0.5739739703946118,-0.49372046798799246,0.016015374588248702,17,0.02140894571713483
1155,-0.5565167351576259,-1.5035084571328092,0.01590988978894689,10,0.0035843904247888562
1155,-0.6218812117903401,1.4990201970502155,0.016059386909698957,18,0.018640340576502074
1155,-0.5890266181079579,0.4796085267174188,0.016049875726518784,14,0.020934067842944933
1156,-0.5735311191582906,-0.4905384436124177,0.01580379423222955,17,0.0198289056806226
1156,-0.5708299619686017,-1.5240787779777056,0.01611838524003558,12,0.017935704648285842
1156,-0.6199823484961956,1.4962502451368338,0.015985547206577876,19,0.021708801182999622
1156,-0.5780808301200314,0.4701290189878257,0.01618424254595948,13,0.002732795689130481
1157,-0.5774302208718474,-0.4945490076645222,0.015851120538784593,19,0.020635490911707865
1157,-0.6209802385561461,1.500208421219234,0.01591990743659492,17,0.020131767747449857
1157,-0.5842581533740607,0.4756389450769667,0.01590491066920743,14,0.016809380579041983
1158,-0.5746149544935854,-0.4916390756119905,0.01593419223569872,17,0.019742622276449028
1158,-0.5712221565516905,-1.5223195483435346,0.016007228493858255,14,0.02040036020124921
1158,-0.6257454581757289,1.4991419662702825,0.01607254578790968,17,0.018088314937156805
1158,-0.5867577938578104,0.4757581971436505,0.016159268982492835,14,0.019484473033404035
1159,-0.576813315274484,-0.4961770316038706,0.01604918515292541,19,0.020625443294808078
1159,-0.562328691399893,-1.530600709361512,0.01582769356937043,11,0.0013072133179674993
1159,-0.624335290276981,1.4997148257577344,0.016009274968438483,16,0.01736896482714511
1159,-0.5872717493452978,0.4766603581172993,0.015955418319982765,14,0.019427201309574395
1160,-0.5767011171975468,-0.4953181618220338,0.016032699414525,18,0.02109298076869267
1160,-0.56393232550181,-1.5117648330914466,0.015691767578135996,12,0.012748562533996715
1160,-0.6185656026480465,1.500137133746939,0.01591007298830494,16,0.019864185274895505
1160,-0.5866639022774272,0.4770215280098139,0.015955153286926673,14,0.019026472458171337
1161,-0.5747585498668478,-0.49377388925397914,0.015923619487671483,18,0.020230684291829712
1161,-0.5715666456387151,-1.523962860331609,0.01599622601936429,13,0.015266416558509058
1161,-0.6213398952610579,1.496551129735787,0.016050755484656343,18,0.02172274652243271
1161,-0.5851634762246595,0.4696398926955027,0.01642344420112193,14,0.017099133773736133
1162,-0.5755117087199608,-0.49217078303072165,0.01597206202167779,18,0.020395270036845114
1162,-0.5591510950415554,-1.5073215117422403,0.016139576526774068,11,0.01351744096875267
1162,-0.6210302444441541,1.4971391555477973,0.016121033996474576,17,0.020200165247657834
1162,-0.5878182788122326,0.4770138241874156,0.01591569453880109,14,0.01940675323716367
1163,-0.5777950538726926,-0.4990806428489332,0.016188721320059565,17,0.019407393112800986
1163,-0.5616605466006785,-1.5218890185309013,0.015605073943385442,12,0.015772875487325623
1163,-0.6216860004149696,1.496908919221084,0.016119818070932723,18,0.01930776575921691
1163,-0.5868307651850512,0.4765200030581604,0.016356344224087917,14,0.02038117246698821
1164,-0.5709805351043741,-0.488126922497635,0.015947565277105093,16,0.018620239710940296
1164,-0.575531767443414,-1.5337088782680255,0.015958383055770922,15,0.01804044563482065
1164,-0.6178614457087355,1.4941387038000173,0.01604613871679374,17,0.01987378073094582
1164,-0.5857355693651087,0.47536869130618287,0.015997805004469907,14,0.017501020626190886
1165,-0.5768352960253632,-0.4926510060252031,0.015801999164267333,18,0.01571611517586554
1165,-0.5652977147932509,-1.5355432427562308,0.015737259560835833,12,0.0023947376476348026
1165,-0.6181918497600826,1.4948619288948264,0.01592133566512007,17,0.0213096385255884
1165,-0.5949576558455598,0.4834087516173619,0.015924309787037162,14,0.019963094160751725
1166,-0.5780749781259485,-0.4953672670715761,0.01581297390023087,19,0.019478910921758304
1166,-0.5534894110089704,-1.504287708373527,0.01543678995999682,10,0.0
1166,-0.6205152952509699,1.4951095944388066,0.015921833255507768,18,0.02088844437197861
1166,-0.5946036076790894,0.48114686538964846,0.015969616172054415,14,0.020948077119771178
1167,-0.5767007522758771,-0.49329846006310774,0.015879431528124703,18,0.018027003484286718
1167,-0.6220556743832271,1.4965263422600756,0.016029057970124314,19,0.02088018322506129
1167,-0.5833241772021237,0.4757516507949567,0.015906019554519302,14,0.016237751603677103
1168,-0.5757170614762921,-0.4942341737449396,0.015814109022363253,18,0.019776788066497387
1168,-0.6244858102663152,1.4998538415894465,0.015912317889438494,17,0.01750226377799059
1168,-0.5830483763558907,0.4765673471217628,0.0160600746587018,14,0.014014889789891592
1169,-0.5781294079213681,-0.4953665211761608,0.015863677062097296,19,0.017144895383680074
1169,-0.6224294501419136,1.4997448646986515,0.016083885781837847,18,0.016257448506807676
1169,-0.5825210299106113,0.47383037864318245,0.016175838150896977,14,0.012808485188323705
1170,-0.5740094455295682,-0.4913857134560336,0.0158033347088989,17,0.019111510169247715
1170,-0.5767973534748109,-1.5317896533646485,0.01617416976531758,17,0.01627825075689529
1170,-0.6252451844009022,1.497817271143765,0.015868778876897405,18,0.015950030659705093
1170,-0.5974208378501027,0.4847752416747871,0.016055299115612848,14,0.019814646085230904
1171,-0.5757082275342824,-0.4936543422972344,0.015851594239333282,19,0.01854580209045362
1171,-0.572093648503204,-1.5268072876802725,0.015872650669532588,15,0.019726053568068367
1171,-0.6244342526726077,1.5012813308890793,0.01597024048363885,17,0.01583043461555072
1171,-0.5828491968588196,0.47638966593455817,0.015827233900160005,14,0.012661826494267898
1172,-0.5757029076972163,-0.4938668235458431,0.015909353666520874,17,0.022074743702188607
1172,-0.5578470053950445,-1.5101780833986054,0.016062224392611513,11,0.014583876409365558
1172,-0.624861747662325,1.500178449194693,0.01608869749443854,17,0.014778029692707063
1172,-0.5817858593415713,0.47322840679548683,0.015979471387356205,14,0.01217100452202258
1173,-0.5781004704492467,-0.49719713243429914,0.015949217199263836,18,0.020037030057881586
1173,-0.5720143668246613,-1.5228130951943772,0.01620150584392173,13,0.019742242659840356
1173,-0.6227073490220387,1.4989441357686244,0.016073884296074873,18,0.018937510935016413
1173,-0.5820379333666057,0.4738579737297531,0.01604928004126749,14,0.014821266252787355
1174,-0.5739181185588739,-0.4920586741525697,0.01582772136604999,17,0.02023111696474924
1174,-0.5571561702089772,-1.5052331454317358,0.015200482653607095,11,0.003573212106290214
1174,-0.6218525303506506,1.4990940578590994,0.016000322497943014,18,0.018730925114460725
1175,-0.575109642442396,-0.49477897641469415,0.016118017323663168,17,0.020899750992988374
1175,-0.5577887956519352,-1.520560124027895,0.01562580055404851,12,0.01820678290773302
1175,-0.6212884312069278,1.498220925818189,0.016101723886746817,18,0.02060886056903459
1175,-0.5901043214986077,0.4798333412200045,0.01601646283823983,14,0.021247557906863397
1176,-0.577480341056491,-0.49406929555909396,0.015932232885456414,18,0.01638605808585031
1176,-0.5625982916515582,-1.5149228663718706,0.015826569735055265,13,0.015805122839640383
1176,-0.6222341916288706,1.4929367151492927,0.015924588353945026,18,0.021535636658578584
1176,-0.5915418765281781,0.47919574200761494,0.016252335570796125,14,0.02215024583357953
1177,-0.5763463128474581,-0.49607663919718364,0.015912678188439784,18,0.019913557725838634
1177,-0.5703770110476593,-1.5285986150457422,0.015818383976789713,13,0.01296147645109692
1177,-0.6234989334264222,1.5002792776249059,0.016005997287791507,18,0.017166371367699395
1177,-0.5827982303170803,0.4755059703045227,0.015968385757132914,14,0.016931468747068926
1178,-0.5774706785606797,-0.49624524783715285,0.015926302593965515,19,0.017817835368984822
1178,-0.5554956799980504,-1.5007497971919845,0.015852021285137272,10,0.003572859019411664
1178,-0.6233380837848889,1.498022273244152,0.01611920492779389,18,0.020954369618810014
1178,-0.5822309006482189,0.4760078911317007,0.01586721408642227,14,0.014187781561949605
1179,-0.5782227274018329,-0.4954558248786945,0.015934060869058332,19,0.016551691895376645
1179,-0.5735791771381781,-1.524576816521914,0.016122981925906738,13,0.019081253601921415
1179,-0.6213967707831985,1.498017778596129,0.01598081742060888,16,0.018081886965640236
1179,-0.5796960432674386,0.469839371794031,0.016197515408962953,14,0.0028311974872590076
1180,-0.5716632210468121,-0.49228207691826176,0.01615439987818164,16,0.02324435730941152
1180,-0.5584413198854736,-1.5119631580832673,0.01555861791074534,12,0.014662051576739018
1180,-0.6237389835887475,1.4986622949195259,0.015982112984042018,18,0.016728629714414453
1180,-0.5877869500678822,0.4775761312787766,0.015921401974788155,14,0.019589378555397153
1181,-0.5786198072660335,-0.49484306714530024,0.015958793256296587,18,0.015723035561951614
1181,-0.5692398788536489,-1.513033848751119,0.015713659354078285,10,0.004064145839469029
1181,-0.6229883032851817,1.4973809268995517,0.016016624801356138,18,0.01866187560877667
1181,-0.5833669326363056,0.47566122879978845,0.016020096522637483,15,0.014934371348224932
1182,-0.5766342812882251,-0.4964801030019257,0.015934740657189115,17,0.021093079972056793
1182,-0.6228710190055367,1.497344714356108,0.016019138932591243,19,0.01863400205902642
1182,-0.5887442794531041,0.4786064796820646,0.015878362702695572,15,0.017850901622363982
1183,-0.5762501246682958,-0.49371827226061005,0.01592491443781875,18,0.020116062941789133
1183,-0.5651040501883705,-1.521955928409569,0.016165756921062778,14,0.016439825718721688
1183,-0.6258538518318043,1.499828698514105,0.015936534227150398,18,0.015871375064471414
1183,-0.5905430988427347,0.4789045017655414,0.01611359387636291,13,0.02235332121558004
1184,-0.5756129745973252,-0.4937632549670363,0.015788096367019683,18,0.019811981255572784
1184,-0.5615931621478867,-1.5143550460936337,0.01582412639947476,13,0.017914614443552752
1184,-0.6192891448459883,1.4986297484027749,0.015950085769707842,17,0.01913957820550711
1184,-0.5838149312688582,0.47559360523366495,0.015945983425781525,14,0.015147495361424365
1185,-0.5741321027726733,-0.4939892369096945,0.01597369175465918,17,0.02186299539619754
1185,-0.558943369092722,-1.5143623666812231,0.016050592461614988,12,0.017298932650002524
1185,-0.6212019295943073,1.4951933952565013,0.01603118476885067,17,0.021722919292847816
1185,-0.5924518448522222,0.4789630158254912,0.016570545489047562,14,0.02255370007128186
1186,-0.5748185152163471,-0.4923464981634731,0.01581242954495098,18,0.019878972669297383
1186,-0.5679417303797093,-1.508847988133689,0.01576954956646022,10,0.004146477349608636
1186,-0.6253688669649947,1.4982285936949713,0.01607380733312743,18,0.017217344883179237
1186,-0.5940590186838802,0.48025015448298153,0.016615773083961838,14,0.022835242728654035
1187,-0.575230753577313,-0.48941642159844806,0.015824085652723308,17,0.018098765017901038
1187,-0.5680578526921338,-1.5222205168759524,0.016154204783440967,13,0.01836562767300447
1187,-0.6196338650849514,1.4960521999660739,0.01605331275859787,17,0.01889873159867153
1187,-0.5801950590701871,0.46910683350690974,0.016185179190642565,14,0.0031935941131227587
1188,-0.5778485938252317,-0.49644984731854436,0.015855494253364463,18,0.01860194078296515
1188,-0.5715175329010681,-1.5220574888088045,0.016047835540511608,14,0.01936538653124831
1188,-0.6242487791778338,1.5019474245225166,0.016182981262044614,16,0.012858609525535056
1188,-0.5911528616709697,0.47749064884401843,0.01667765792936103,14,0.023280695814171807
1189,-0.5756711327244173,-0.493323961530211,0.015791458954440906,18,0.019520937709460347
1189,-0.5600110052421079,-1.531170945794919,0.01568586497277309,11,0.0
1189,-0.6205233600874674,1.4975782819436787,0.01586997770239416,18,0.020351725403446753
1189,-0.585429150268561,0.47591387786897305,0.016120605232155204,14,0.019341666370404298
1190,-0.5750854571664091,-0.4916756961781989,0.015780729613897853,17,0.019116812544229447
1190,-0.5702481429753894,-1.5186495272192917,0.016104051815466654,14,0.018886245825353483
1190,-0.6241166706736072,1.5002945715385756,0.01614675921766385,16,0.016481470717343103
1190,-0.5843684741477754,0.4768008813788182,0.015962352966370413,14,0.0133976699584396
1191,-0.5771154113866527,-0.4931877843610099,0.015884222896145227,18,0.015486002669464288
1191,-0.5642353819920108,-1.512894774878058,0.016098792034565306,12,0.014882896700170675
1191,-0.6207688805186939,1.498102632570594,0.015944768500376547,17,0.019862233638310488
1191,-0.5888501094297427,0.4757636278460984,0.01663981559340118,14,0.022034268315599258
1192,-0.5749068336809804,-0.4934297105433773,0.016037082891425563,18,0.021097464952850673
1192,-0.5663366291169122,-1.5194120396202637,0.015794282970650258,13,0.013487559981794893
1192,-0.625227235487323,1.4979792168957673,0.01589680391126249,18,0.019231633984927193
1192,-0.5879910824230711,0.478631410048443,0.015805533345522482,14,0.020088450205548003
1193,-0.5731625697169856,-0.4921617584056521,0.016092560549952888,17,0.021706293559873184
1193,-0.560308582917447,-1.522322257431467,0.015675215995054996,12,0.016651715592728343
1193,-0.625908090592151,1.4984812719636764,0.016017434015941658,18,0.017160200256151305
1193,-0.5846006404217682,0.4777323094278567,0.015958978349672307,14,0.0176456087706115
1194,-0.5749015111995502,-0.49352941759966684,0.016015604663392236,18,0.022321826937145267
1194,-0.5636307709041851,-1.51843929404629,0.01585920936883114,13,0.01761416623860805
1194,-0.6222528404361946,1.4968947455366404,0.01598539019177168,17,0.019647711039945923
1194,-0.5895227020382496,0.4772800062077344,0.01643262213508295,13,0.02212449106645497
1195,-0.573617683646228,-0.4896361924275306,0.01591931651259344,17,0.02013068930075208
1195,-0.5577946858183827,-1.5126981113518791,0.01549181271649329,11,0.0153837155028148
1195,-0.6174491765525338,1.4948977030839858,0.015945885499419533,17,0.02298021014233149
1195,-0.5866608351785645,0.47893008699478146,0.015796336559462974,14,0.01933098237128438
1196,-0.5723277701609845,-0.4917531964672425,0.01611235042250927,17,0.022253981975781944
1196,-0.553854681360671,-1.5142783948377254,0.015536165223954854,12,0.019745015195708687
1196,-0.6186846138749851,1.4945290666161857,0.01590910969016864,18,0.021720579369688294
1196,-0.5948972782686363,0.4817773099793827,0.015992208844777613,15,0.02080237621375902
1197,-0.5758623826300804,-0.4918639462651613,0.015875803296192384,18,0.01911588394787994
1197,-0.5617711278783829,-1.5210945747683808,0.015678325842881893,12,0.01588633561756481
1197,-0.6211217055162662,1.4963078365013411,0.01589583923324446,18,0.0199368543015797
1197,-0.5827212790432224,0.4763732025245695,0.015923654352131212,14,0.01335699828071904
1198,-0.5745820535323133,-0.4940503044084168,0.016092294835415667,18,0.022489916017143285
1198,-0.5564226494482308,-1.5089779161976486,0.015423299836116875,11,0.015307893879418189
1198,-0.624476458097155,1.501831150449242,0.016025760334202315,16,0.013125129875959997
1198,-0.5822572077492918,0.4758636068587805,0.01599145720316611,15,0.012367340947922866
1199,-0.5759252391195558,-0.4955143035014245,0.01597488849816006,18,0.021033990600702678
1199,-0.5703296918568638,-1.5218476728527524,0.015975457814868824,12,0.01807728658737738
1199,-0.6198592588502483,1.4979350572199965,0.0158401296496616,17,0.01777902230813397
1199,-0.5837213489107674,0.47504117783981753,0.015879372075179473,14,0.014522338375020438
1200,-0.5792595408045567,-0.497580938728368,0.015986789972560266,18,0.018920434281335233
1200,-0.566512306674743,-1.513846540777977,0.016466421093592764,12,0.010968411917293622
1200,-0.6200579996456744,1.4960326696860087,0.01587670681833542,18,0.02134579045476865
1200,-0.5942905093416868,0.4822400753147507,0.015866456070573878,14,0.021195275918702208
