frame,center_x,center_y,radius,num_points,fitting_error
0,-2.0073517430112995,-1.6611555688307493,0.015031445110930682,11,0.014489565738385309
0,-1.8242106858023484,-1.6130646508527642,0.015935673480594683,7,0.01597698563017775
0,-1.8089276415823625,1.5089720889712592,0.01629910640441024,10,0.018102557566769206
0,-1.9550700588881598,1.5111724831657318,0.016104734987801538,10,0.016525894858901692
1,-2.0136031645627757,-1.6573671603354576,0.015348491653242998,10,0.015315212248317916
1,-1.802288804287552,1.511017601865846,0.016900902894725758,10,0.018787039103438777
1,-1.9652598833004595,1.5089247464736366,0.015336282438790686,11,0.016251119633734483
2,-1.814665086264424,1.510118112477009,0.016199453221221346,11,0.011816907907398444
2,-1.9577124541732538,1.5115395658546116,0.016144923864607048,10,0.018536101576562578
3,-1.9983565822946192,-1.6651750220725736,0.016211955736344666,11,0.0
3,-1.8110018816154785,1.5098623467750563,0.015982716969413408,11,0.015397221914472485
3,-1.960534465460522,1.5066675848296303,0.015717495343285887,10,0.021837130718908603
4,-2.010664573172213,-1.6532998582056195,0.01600987565443739,11,0.012223628755809433
4,-1.8139166750431475,1.5109815145940044,0.016568044058163207,11,0.011388744617574338
4,-1.9584613108180429,1.508867591576884,0.015722971714170704,11,0.016216242506337828
5,-1.9955597486421197,-1.6376102257332024,0.016289770444630945,10,0.002419054176842265
5,-1.8415338698562993,-1.6183417926179609,0.015427449785238972,6,0.0032181915277526233
5,-1.8130721301901203,1.5102550987674432,0.015822745549534643,11,0.012488444642256602
5,-1.9699545294227763,1.5110698933839777,0.015119926652863491,10,0.0
6,-2.0365292146173886,-1.6596964369265637,0.015791750562562976,10,0.0034534003057659236
6,-1.8275811878055874,-1.634370921695343,0.014793233392501492,6,0.0
6,-1.8114283139662166,1.5118507384096789,0.016658865274953874,10,0.013777736966363186
6,-1.959467492925216,1.5092369866689466,0.015331221796334801,11,0.01745743753258445
7,-2.0164578430518585,-1.6677908947663054,0.015392473508457731,13,0.016088792761818058
7,-1.8184640152721758,-1.6142403000738588,0.015266846120406642,7,0.01892277246383349
7,-1.807493145017147,1.5103787897030403,0.01584519877297342,10,0.018303375116962162
7,-1.95955890939366,1.5086729640918601,0.015634255009763596,11,0.01675817339200692
8,-2.016139924046423,-1.6591040763192757,0.01582100298199913,10,0.010075054235702706
8,-1.8092946909545502,1.5118737608672321,0.01620497318403661,10,0.0167537930862306
8,-1.957956613440846,1.5106747900913533,0.015562967650529402,11,0.017523109570762863
9,-2.027908351770523,-1.659224100842799,0.016994227583440775,12,0.0
9,-1.829045125855684,-1.6268613274115975,0.015900588465218374,9,0.0067999924314660724
9,-1.8059620706863948,1.5117374266455421,0.01631335518224766,10,0.016380966532027343
9,-1.9566708169173659,1.5086375020079965,0.01597728875457665,10,0.017307897569656425
10,-1.8260775399288471,-1.6330298592315102,0.0147785493516751,6,0.0
10,-1.8072817280884184,1.50880857587658,0.016192017805308857,12,0.01739853102248318
10,-1.9593484655868614,1.5085709678293004,0.015889376651552278,10,0.017994240397453665
11,-2.0156661887232956,-1.654962727969194,0.01598958832287148,13,0.009145559175857356
11,-1.8218748455399072,-1.6031557100092506,0.01687919326366616,7,0.0
11,-1.808623505977025,1.5123958980935248,0.016101633523643136,10,0.015594629187332534
11,-1.9655770356122304,1.509880217305751,0.01629002073465372,11,0.015068722481247614
12,-2.004658402078477,-1.6391216433709772,0.015371256317846695,10,0.00418344749201818
12,-1.8141634809914258,1.5083294296783563,0.01663912580919272,11,0.014313964828902825
12,-1.9550778920732022,1.5073724142621605,0.015663168199275337,10,0.018494945724336517
13,-2.0338270445842044,-1.6617244992530669,0.016235738293730036,12,0.008393562815839849
13,-1.8245707698958684,-1.6316822058540426,0.014757028586225775,6,0.0
13,-1.8088291704405286,1.5103566037655145,0.015332430758229395,10,0.016094583445705114
13,-1.9648672367794224,1.5071863186154664,0.015459272210331968,10,0.017442168197982003
14,-1.8223171616420402,-1.60197664831272,0.015883270824048425,7,0.0030316727785472094
14,-1.8063305093633266,1.5075971453554227,0.01621520209338615,11,0.016538143593877612
14,-1.9671395623234122,1.5059513527165103,0.015611534623926514,10,0.014999301655324718
15,-1.826375306344211,-1.6188549667269196,0.01560851656697197,9,0.01647085745973752
15,-1.8119829930677502,1.5086197432775608,0.016387063636600165,11,0.016047382899931444
15,-1.9720455098381933,1.5097573952850454,0.015519733429731161,10,0.00236394595064125
16,-2.022532174283703,-1.6548268983109917,0.016366215584139917,13,0.0057294820083079205
16,-1.8202067112169253,-1.603708897461604,0.01616275012399188,7,0.0
16,-1.8048357707321827,1.5110316564122248,0.016424151691767926,10,0.016318795214515798
16,-1.964102669560086,1.510190033809264,0.015868798403671426,10,0.01698547998627195
17,-2.0160800773014818,-1.6495484907729883,0.016362116637035337,8,0.00507105430078871
17,-1.8194869247099126,-1.6090669393619426,0.015544854380520211,7,0.014362603590192822
17,-1.8020334794538042,1.510135713156468,0.016136976471089026,12,0.02148336149019992
17,-1.9726988780905237,1.5051679185968416,0.014904674633938145,10,0.0021698436467037716
18,-2.036509214467116,-1.6585826459464494,0.015398574386726566,10,0.00392891051919717
18,-1.8057880366819525,1.5111671314102568,0.016553937743648415,10,0.018529561320626206
18,-1.9687348290318194,1.5107000227667435,0.01614393461386449,11,0.013587796108154578
19,-2.0334354244804116,-1.6571752225932137,0.01578053753511855,11,0.0034464181786114066
19,-1.8241709822949714,-1.602039428697928,0.016890343837412534,6,0.003323570448781038
19,-1.8101107498041376,1.511739607385275,0.016731372136258877,10,0.016912324355696
19,-1.968069859053513,1.510912352442671,0.016306762368671842,11,0.011595868161536814
20,-2.013985670945752,-1.6593926807854638,0.015743844298003858,13,0.015199588139031397
20,-1.8061225444512647,1.5126190146270753,0.01602775171168951,10,0.015842627014794178
20,-1.964349482852449,1.5094526729290791,0.01594209465422716,11,0.01831101267915023
21,-2.0273169538425146,-1.6587419225552331,0.0159108271167045,11,0.005339212942291565
21,-1.819378134293671,-1.612513410463987,0.016037782341255066,6,0.018599684004447118
21,-1.8103190608098692,1.5097169824397112,0.016161341643718,11,0.015151177385416478
21,-1.9591220072671063,1.5098210052088827,0.016086296963975587,11,0.018221047970811866
22,-2.016360677744045,-1.64977809484255,0.016028823769033727,11,0.005090070665037948
22,-1.822944959859608,-1.6009602323746213,0.016025207908000078,5,0.0
22,-1.8122535824050878,1.508996891658683,0.016159890170954087,11,0.015574070247237162
22,-1.9666020770630197,1.5093101372139983,0.015827274429640586,11,0.013272411028765668
23,-1.8283453311020672,-1.624883125447333,0.015490053372716691,9,0.004668190781284122
23,-1.8122016568700894,1.5116126303956994,0.01664551815597372,10,0.012938690237131345
23,-1.9635759077944874,1.50812798951391,0.016377234275076643,11,0.0243611449636239
24,-2.018834609107297,-1.6620663589842803,0.016881142007538597,12,0.0018450849263493344
24,-1.8086231746221264,1.5096707095136905,0.016187027209020103,10,0.018183714847491213
24,-1.9506827417249497,1.508337741846124,0.01613211662035436,10,0.017477187956739283
25,-2.029981670245421,-1.6568193788078343,0.016462997121417293,12,0.003841447119242802
25,-1.8194324757893723,-1.614746697616613,0.016232503808033854,7,0.017524786154122226
25,-1.8155131898624448,1.50910371854336,0.016394742383234257,11,0.012691912037978412
25,-1.9643115145797618,1.5098723041080961,0.01628252378607395,10,0.01742056281691019
26,-2.023856825716268,-1.6567306768083223,0.01588267178897678,11,0.00557145764160755
26,-1.8242106858023484,-1.6130646508527642,0.015935673480594683,7,0.01597698563017775
26,-1.8116402515520462,1.5112212210891411,0.016172740660498088,10,0.013843313822662323
26,-1.9657582356842824,1.5078649520005372,0.01617177047917491,11,0.01890994144372984
27,-2.006505454302793,-1.6514867060065395,0.015125164601389409,10,0.0
27,-1.8259978531180134,-1.6127006842960885,0.016871839751206694,7,0.01583182095751509
27,-1.808318774977183,1.5085205318895303,0.016236722648801792,12,0.01738010334925641
27,-1.9640725703323996,1.5091759333117054,0.01586947316509097,10,0.01748740651809471
28,-2.014244632510537,-1.6490787538957263,0.015745860547712816,12,0.018040605401913098
28,-1.8243701090195275,-1.6127419838636057,0.015700576525698087,7,0.01875102415198193
28,-1.809175912923853,1.5104018579445657,0.01612673298161543,10,0.016665491683088146
28,-1.944022193280468,1.5164412968407863,0.014671495310122634,10,0.0
29,-2.008953678075485,-1.661187155533722,0.015607231018353866,12,0.01839328808263058
29,-1.818610859560306,-1.6050251262038886,0.015566731574806349,7,0.0021300999277096
29,-1.808274694034106,1.50995223201215,0.016356423585309254,11,0.018347555692968687
29,-1.9611600598133099,1.5115600319268554,0.015893707376155412,10,0.018230238652154503
30,-2.025913623171934,-1.6565001503171233,0.01585611177422026,11,0.004072889946419741
30,-1.8196447254877515,-1.6043257522688024,0.01489397249176043,6,0.0
30,-1.8063642540159262,1.5118507008308,0.01610629618310056,10,0.01543754451410288
30,-1.9634040010432448,1.5089880353943332,0.016384153009261365,11,0.01677218095515661
31,-2.0213550229497548,-1.667015739695673,0.016125876241921227,13,0.01646297947087908
31,-1.8165378511857404,-1.6034153070177148,0.01622957259837993,7,0.0033688657838252716
31,-1.809069031133938,1.5100209567124194,0.01654116460018394,11,0.018199577699025835
31,-1.9627248558670025,1.510831893876088,0.016021040767678206,10,0.019691300158044114
32,-2.0298603769799874,-1.660822649898053,0.017466156387988385,11,0.0
32,-1.8263825412631007,-1.6178322443985589,0.015471691040596383,9,0.015326620389964692
32,-1.8122598618640302,1.5088870946713406,0.016094009080653598,11,0.01669897672434076
32,-1.957329422902571,1.5128110678166133,0.015331035083565953,10,0.017029470508386834
33,-2.0331365590332195,-1.656931624127384,0.016142200017761045,11,0.003403986313179225
33,-1.8274980405606602,-1.6236892197389377,0.01576059705985446,8,0.015304578311587734
33,-1.8112216814752087,1.510985893589453,0.015870647628085408,10,0.013598842999390228
33,-1.943203036523621,1.509748009929429,0.01640814800579102,10,0.0
34,-1.824431797475784,-1.6155763489211772,0.016105903213485557,8,0.019549111792994324
34,-1.8118829556365388,1.5113290711315495,0.016207445324549718,11,0.01633181655538923
34,-1.9632725784897658,1.5110955502547727,0.01657716739634671,11,0.01703071113113666
35,-2.020794931356477,-1.6501371915919911,0.015426113580141822,7,0.002692458549922232
35,-1.8425911302129698,-1.6182142080887933,0.01629697374771107,6,0.004157150323965476
35,-1.8132246618213659,1.512022481028368,0.016321355005014096,10,0.013021607621583924
35,-1.9640786566016566,1.5127519491921688,0.015622464358938775,10,0.01787050088697389
36,-2.0112948769677277,-1.6616850083029555,0.016396643557233966,13,0.01967572663212841
36,-1.82480099551122,-1.6131919236719228,0.016262679812399393,7,0.017585350276164518
36,-1.8062961852184864,1.5110095067189144,0.0160277083505883,12,0.02105169106339714
36,-1.9592676873399775,1.5089699042697522,0.01576368748451613,10,0.02194280109362774
37,-2.017000311535091,-1.656303544168291,0.015678069222069435,13,0.009531806681362848
37,-1.8425083961663236,-1.6208692823104176,0.0161839194061566,6,0.002528198700608888
37,-1.8139941682603917,1.5080823448667438,0.01599942540714684,11,0.013008317373673273
37,-1.9642015910158417,1.505219571172296,0.015883840142083057,10,0.016050586433901132
38,-2.0243711131996016,-1.65523937625895,0.015846625661828793,11,0.004070160676574873
38,-1.8227246457432162,-1.602335188472607,0.015363825607100343,7,0.0022061379927104602
38,-1.813752595262512,1.5089991276365469,0.01621475630069573,11,0.015933985085386997
38,-1.943203036523621,1.509748009929429,0.01640814800579102,10,0.0
39,-2.0334354244804116,-1.6571752225932137,0.01578053753511855,11,0.0034464181786114066
39,-1.8336987707520023,-1.624214385562715,0.016222612346474395,7,0.002637744109509217
39,-1.8099190947526351,1.5081141836116858,0.016160032472648102,11,0.016907679430835664
39,-1.9678707282588437,1.5097711742577604,0.0158611636161254,10,0.015145879637447289
40,-2.016418056243816,-1.64656314250796,0.016008534989625,10,0.003614087418430989
40,-1.825750260449832,-1.621057809783482,0.01590120774428118,9,0.016796161274153718
40,-1.808678635217812,1.5117650132715938,0.01624731399887618,10,0.015850571297068947
40,-1.9648664547590649,1.509787517727753,0.015877295480732186,10,0.017494791666057833
41,-2.0346837965068985,-1.6581916645448682,0.016147931674677818,10,0.003406646737014532
41,-1.840168369275996,-1.6224201822133228,0.016888871066427915,6,0.0016331023204135889
41,-1.8063672195747642,1.5130861050096804,0.01573084701531053,12,0.01738416416937065
41,-1.941638282974175,1.5085342272115965,0.01638799524383227,10,0.0
42,-2.013408858787064,-1.6587045521764243,0.015154212055719748,13,0.013879628113615716
42,-1.8187070417597784,-1.6193171558492052,0.014614890944689655,7,0.018370915782463613
42,-1.8049724658435333,1.5110355403672113,0.016298600001930487,10,0.016590924106622683
42,-1.9649638268293068,1.5080018699758462,0.016256485045947875,10,0.016293598626772387
43,-2.0148404735567254,-1.6539575901147328,0.01582145009583783,12,0.00858918938038356
43,-1.8033584961195535,1.510522984005522,0.016210079579614418,10,0.01717745417855662
43,-1.9610919392083435,1.5070632871984053,0.015753108294023682,10,0.019629497955556383
44,-2.0226468573046943,-1.6669663915067165,0.015869913938065864,11,0.0044985157387463165
44,-1.8234675063434023,-1.602987310951833,0.015375354947746896,7,0.0022056496644601263
44,-1.8085397736358417,1.5091098025573602,0.01593574682856401,11,0.017580568041626745
44,-1.9614025037058689,1.509723141951699,0.015915162564866497,10,0.019567209898956047
45,-2.0364164314901965,-1.6661859732422442,0.017002512744168637,12,0.0
45,-1.8427320358503447,-1.6193944666000035,0.01601565710095464,6,0.0028439749555148573
45,-1.8047891977680708,1.5095079293760907,0.016289104803923277,11,0.017519388243459718
45,-1.9657142420424125,1.5087804932110118,0.015649974422498047,10,0.015180998876599228
46,-2.0246704950627614,-1.6554842289452683,0.015510868713520004,11,0.004009407172366783
46,-1.8157923828804738,-1.6040623966788556,0.016840937920380675,7,0.0
46,-1.8006489320962618,1.5117448640338254,0.01653188377291743,10,0.016484662007125776
46,-1.9575530535224894,1.509201224287713,0.016782760719365714,10,0.01760627109761605
47,-2.0185699743541154,-1.6668627267773048,0.016115637578324436,13,0.018267082089376895
47,-1.8203890781325998,-1.6018480754989204,0.016858287279355597,7,0.0
47,-1.8067489241539287,1.512159795727348,0.016644165607836242,10,0.01689005437425092
47,-1.9658533843194121,1.5066612915890727,0.0162411607697201,11,0.015713081094967347
48,-1.8071729664973877,1.5094842930861132,0.01604196977938175,12,0.021475968062662935
48,-1.962313335189743,1.5090874158061192,0.016102512756905708,10,0.017784563894284757
49,-2.0246275731483743,-1.6573613351152883,0.015886951827796807,11,0.005575051047135943
49,-1.8343889220299143,-1.6237261652124984,0.015833664657108112,7,0.003924436477454857
49,-1.7980888956018488,1.5116329484871767,0.016648001165915038,10,0.019165662801314598
49,-1.9532216916854435,1.5104930806999075,0.01577864670346833,10,0.02177504092489972
50,-2.0204378723962177,-1.6600711296411805,0.016563428558734477,13,0.010804194876468618
50,-1.8156005386426812,1.5109054061485996,0.01679365445885244,11,0.015031875968284179
50,-1.9621034685121572,1.5089657192724746,0.01589758158684484,11,0.02200794837764916
51,-2.030040087276355,-1.6576865788099202,0.016523484298385637,12,0.0035561626108210607
51,-1.8295950187423866,-1.6162429200700104,0.015658210763549195,8,0.014984390672394543
51,-1.8094475824154572,1.5109911836880978,0.016317540396772707,11,0.016305491975171976
51,-1.9633226282007772,1.5112885889175232,0.016056770473323264,10,0.017958511428206713
52,-2.0168162983208227,-1.6509666293510934,0.01595539875517552,8,0.005525164804501585
52,-1.8151457368912896,1.5083089455963794,0.016313639653135415,11,0.013944276681832776
52,-1.9562061052103787,1.5074854213569586,0.016173806555413752,10,0.022077560898767893
53,-1.820627590538446,-1.6150871334310712,0.01587703281813721,6,0.017297337190833647
53,-1.8115714242721124,1.5111626641292313,0.01603147468525358,10,0.013992768460610289
53,-1.9672732372696473,1.5086217971946436,0.016205698499120146,11,0.014937243682184903
54,-2.014343308260216,-1.6579865235280777,0.016215640928783536,10,0.01942599486083614
54,-1.8183556800136929,-1.6031931475478358,0.015995433171077503,6,0.0
54,-1.8038325630514334,1.5109798182660474,0.016238631332413392,10,0.01827858725396027
54,-1.9656303664543626,1.5070404345577042,0.015994373058468545,10,0.01598256580503087
55,-2.019357802272345,-1.6489634690466235,0.015286276832362212,9,0.002347156334239142
55,-1.802854658620437,1.5112427985774763,0.01635718808425999,10,0.017570403159729665
55,-1.9651488071039027,1.5074730333053488,0.016391181016711512,11,0.019993699879686463
56,-2.017715442545252,-1.6476233358954473,0.015398383183960439,10,0.00267896227286152
56,-1.8454431986988578,-1.619664028502232,0.017195623162208865,6,0.002134663017295706
56,-1.8075036789434265,1.5093328522994252,0.016761052462649178,10,0.01850111094800372
56,-1.9532625600850366,1.5131602039001646,0.015674927860329344,10,0.016741336306559447
57,-2.0280892166981426,-1.6593729190534823,0.015914327439111746,11,0.005339779158388375
57,-1.82998556506986,-1.6182720094960044,0.01577063079000846,7,0.017891876563279105
57,-1.8095492424284707,1.506455127820658,0.016046727266728084,12,0.01974856615427295
57,-1.967499319005002,1.5062216513525557,0.015971665228936404,10,0.0151605845937771
58,-2.0092587067263303,-1.6578549618077059,0.01545805739311883,13,0.01969552027953194
58,-1.8001119341564322,1.5098220293565043,0.01613803187082918,10,0.016026663776683655
58,-1.951725947682844,1.5104815443952422,0.015463229482663054,10,0.015223770935280989
59,-2.0129077929948904,-1.6476045061898492,0.01621091561330284,8,0.00536635332220281
59,-1.8427207612660812,-1.61833027317737,0.01611835867759256,6,0.002743844968646566
59,-1.8076086212268485,1.511247924061174,0.016083948944736397,12,0.018389088937784414
59,-1.9627580748266185,1.5081643856510059,0.016057735013563206,10,0.01900426847574954
60,-2.018068989755024,-1.6616797327443102,0.015567183612671709,13,0.01611661059297283
60,-1.8067952119609465,1.5123146028006405,0.01611863083780743,10,0.016601930176357787
60,-1.977393941689804,1.5045847753608586,0.016836156818805154,10,0.00035676771141724024
61,-2.0213097799930915,-1.662778965801671,0.016747559398271012,11,0.01821500130837635
61,-1.807215623304442,1.5105330596228523,0.016261081014549907,10,0.015801620035441877
61,-1.9662690748747,1.5106083829225045,0.015743310775502853,10,0.015394222544830997
62,-2.0364164314901965,-1.6661859732422442,0.017002512744168637,11,0.0
62,-1.8454431986988578,-1.619664028502232,0.017195623162208865,6,0.002134663017295706
62,-1.8108742321524471,1.5084847524444331,0.016659629100654653,11,0.017004528015665862
62,-1.9685539574871158,1.506737735866602,0.015681946809880682,11,0.012998846059893586
63,-1.8439735212878978,-1.6210144813912888,0.014671548414786533,6,0.0018618563292957767
63,-1.8130924015855183,1.5093748253068908,0.016126408005600678,11,0.015651429972796612
63,-1.9632177415060161,1.508765302199101,0.015616021533274464,10,0.015619987906098462
64,-2.0129595055521285,-1.6478099002506505,0.015935714495605192,11,0.005515662526624712
64,-1.843628170906095,-1.6191260644709107,0.016317402155125657,6,0.0030879204355221766
64,-1.812450435940714,1.5103678374258505,0.015969670260059948,11,0.014823334281074161
64,-1.968901779225463,1.5099503643632324,0.016161257588555366,11,0.013030359228302889
65,-2.0185473285203286,-1.662666369507889,0.015665159043118847,13,0.01701037089023023
65,-1.8245707698958684,-1.6316822058540426,0.014757028586225775,7,0.0
65,-1.7994456573517579,1.5107132578693856,0.0163684272194894,10,0.018186936342322258
65,-1.962669188044763,1.5098688437228518,0.016256578469807593,11,0.0164256515737326
66,-1.842868236325331,-1.6184598016573577,0.016306660306815674,6,0.003089724001469148
66,-1.8191429293828159,1.5106449791231145,0.016196457386807618,11,0.0038585641111820853
66,-1.9664892250383896,1.5084147829520558,0.016182419777052173,10,0.015168862397383218
67,-2.015648691065633,-1.6491951671526628,0.015948662719723034,10,0.0050207939208722005
67,-1.80790304707491,1.510821626539703,0.01618004152022272,10,0.013354298665587303
67,-1.9681661481712713,1.5076121769291155,0.016125392088811367,10,0.011747930993303513
68,-2.0033482139849665,-1.6655342787862755,0.014525812511189425,11,0.0
68,-1.8244158560204056,-1.618858693557799,0.015620179959747252,9,0.01798761461110401
68,-1.8089285100653916,1.5109012983017396,0.016133152884016108,12,0.021172825523060632
68,-1.9615327674018828,1.508012482031776,0.01601526427296709,10,0.018645418410389913
69,-2.0101181383633424,-1.643585299629651,0.015299543961319537,10,0.0038791021021110468
69,-1.8256135185663263,-1.6188030533776288,0.015715938735210593,9,0.017000508485481285
69,-1.8127266262176494,1.5106624004144278,0.016321027103576267,11,0.015098210939446192
69,-1.9567217410332975,1.5106125077907604,0.016181522267989544,10,0.02010313332596786
70,-1.8277859368776475,-1.620584173406884,0.016054440795408808,9,0.01620759445277933
70,-1.8126862631430762,1.5104836206315277,0.016336174939997485,12,0.01672585995154119
70,-1.9615970972020136,1.5074528205968878,0.01655585630356272,10,0.017642757473160655
71,-2.0252695083680377,-1.657886853480885,0.016053424940631535,11,0.00561401601744828
71,-1.8265906057605903,-1.6187594126755558,0.014920215772829324,7,0.021151728063554764
71,-1.810557619022288,1.5122239829931212,0.016367890460594912,10,0.014686556488070003
71,-1.9608165146541825,1.5087829616512276,0.016244522833272965,11,0.018245007244122056
72,-2.0295547656390998,-1.6589318556790307,0.01627864941777854,11,0.003015392966135801
72,-1.829958111552234,-1.6201258461550674,0.01620878314255039,7,0.01742414550405056
72,-1.807262134998121,1.508927122199654,0.016271193330908654,11,0.016660014894150445
72,-1.9421027827193094,1.5171553441325554,0.01616901147956748,10,0.002266439066285956
73,-2.0348700357737153,-1.6649192960222756,0.017001125514643948,10,0.0
73,-1.8405959934973033,-1.6164638268598077,0.016281438645175145,6,0.003088008387069196
73,-1.80806689329257,1.5096794824010298,0.01597774194493492,11,0.015385977107594883
73,-1.9618514148901922,1.5078545788036424,0.01584676995785823,11,0.022096071983699016
74,-2.0061786775740993,-1.6553405169926532,0.015545819168493355,12,0.016459897895248425
74,-1.8185875105622584,-1.607053596753522,0.01663817954814948,7,0.01914234540924236
74,-1.8118685392362786,1.5095281490665,0.015973528998264607,11,0.014643744870263667
74,-1.96450061201907,1.5065056942745287,0.015900245953246392,10,0.017367742751879252
75,-2.0120601514456764,-1.6560966725802981,0.015335668541265418,13,0.01529969241444381
75,-1.819462176512512,-1.603049782806922,0.01615699710528914,7,0.0
75,-1.8150380742177283,1.5108832350729418,0.0162870659851483,11,0.012150410707181536
75,-1.9648955891939899,1.509902273672883,0.015665289835607166,11,0.013827339153533165
76,-2.0339100896202824,-1.6575615904410297,0.01614510569575521,10,0.0034052668253108562
76,-1.8250796600027581,-1.6199968646451925,0.016550455970711923,9,0.016111961946564862
76,-1.8151534596726466,1.5094759895691319,0.01629889093271487,11,0.012452290832083362
76,-1.968998593060823,1.5091994926640306,0.01577520597599104,10,0.012616282878758264
77,-2.0184213634092387,-1.6666626519939496,0.01701918486986912,11,0.01843077766563185
77,-1.8262754402757502,-1.6189527800356132,0.015500193486475553,9,0.01594668041600589
77,-1.806530923642427,1.510679245011334,0.016047152703403893,11,0.015776510106224127
77,-1.967942277042533,1.5078752479656228,0.015929398843364775,10,0.014500843654560086
78,-2.0247515575996915,-1.6574630707909968,0.015731421582706993,11,0.0055813249208358385
78,-1.8180211632490195,-1.604724517160708,0.01625125430168532,7,0.0033726133206267023
78,-1.808529212013273,1.5096413359896075,0.0162388879161117,10,0.017425765387388454
78,-1.9573033122096652,1.510558966977463,0.016060626904346086,11,0.020493757040458957
79,-2.0316003344492475,-1.6606020854807566,0.01656409796632513,11,0.0022625148424189664
79,-1.810396167248601,1.5091892170786105,0.016258642828707735,11,0.015975529534757574
79,-1.9550148468623618,1.511206114607744,0.016209316833448097,10,0.019192595617694822
80,-2.01933376184282,-1.6653457063744543,0.016120498581877873,13,0.016785952717080187
80,-1.8117510796312777,-1.6069109650843398,0.016010964182530854,7,0.0032225967769490445
80,-1.8110054316651167,1.5085705823702444,0.015636106394632962,11,0.012810853381871736
80,-1.9682123690183795,1.5069696943400201,0.015716647314322416,11,0.01833378883842584
81,-2.016139924046423,-1.6591040763192757,0.01582100298199913,13,0.010075054235702706
81,-1.8137046762270048,-1.6049896444326144,0.016087440450956194,7,0.0031062485556730126
81,-1.807609252574533,1.5090792219689804,0.015982683323857425,12,0.016459997861419877
81,-1.9661260115227983,1.508846843593037,0.01602563430416542,10,0.015060138550297421
82,-2.0331474414021136,-1.661868115725708,0.01656565065539732,11,0.0022643115586110096
82,-1.8305017391285736,-1.6271972971643103,0.01625322695766926,9,0.004314246450028914
82,-1.8051274303226619,1.512010715183829,0.016485545389219126,10,0.016429820819922863
82,-1.9604961107452208,1.5125792242462222,0.016370102284304213,10,0.018310325966764775
83,-2.014603447139693,-1.6489922656106946,0.016049040925676977,10,0.005500281766350777
83,-1.844495381180236,-1.6238717918957917,0.016080502703710222,6,0.0021539698890186056
83,-1.8136210709965759,1.5095221162100168,0.01600297363157148,12,0.015157798982831271
83,-1.9634627286308952,1.507877019133381,0.016192411209738626,10,0.018127345068346946
84,-1.812246962165188,1.508977123157419,0.01611724837242634,11,0.01628978990362873
84,-1.9616216051151802,1.507852097303134,0.015924555088289084,11,0.02159008653695542
85,-1.843786945632937,-1.6208500486465172,0.0152054839363964,6,0.0017393405947272568
85,-1.8133681580999501,1.5107903175251314,0.016118982720546165,10,0.011463752365561072
85,-1.9634183654048176,1.5082743833785233,0.016273524449853978,11,0.016194712074654033
86,-2.0316003344492475,-1.6606020854807566,0.01656409796632513,11,0.0022625148424189664
86,-1.831235723517473,-1.6203295873894732,0.01562236298856125,8,0.017631093431958386
86,-1.809079724024514,1.509441155321714,0.01643017618450784,10,0.016011403834385946
86,-1.9672001184476333,1.5084458935956495,0.0157862254961682,11,0.01588205502740403
87,-2.0152379246534933,-1.6541185269501233,0.015928127974057522,13,0.008893047151549729
87,-1.838555599727946,-1.6185514458441304,0.01584869820970758,7,0.0025649903256892764
87,-1.8112547725989305,1.5088926920728212,0.015817338032341505,12,0.0189641127954234
87,-1.9610439781406217,1.5085212861799184,0.015326523991468976,10,0.015559535698260466
88,-2.023412801030701,-1.6645827118155918,0.016868696077305862,11,0.01829705390873563
88,-1.8192556668406632,-1.6185648235982406,0.016110604586331602,7,0.018806116581642215
88,-1.8161373209201612,1.5106310850674654,0.01677202516960758,10,0.012312925668230296
88,-1.9662766530543923,1.5083701418853603,0.016206826713124938,11,0.01789495357877239
89,-2.037429789860887,-1.6653670597192765,0.017024601320922365,11,0.0022555511256859475
89,-1.8101682802588175,1.5111316749926456,0.016388682997916768,10,0.01413360727993936
89,-1.9687470890205951,1.5086958557761674,0.015609467442680063,11,0.014185468816504695
90,-2.032361420770926,-1.6595812465168382,0.016528033763001146,11,0.0035633216892179045
90,-1.828277675388729,-1.6204421809441267,0.015532279021463816,9,0.013982837040108442
90,-1.8086133885343474,1.5123288005004185,0.01637970366159135,10,0.01521996827344056
90,-1.9639883247400969,1.5121847640410595,0.01635966173103748,10,0.01737496882438067
91,-2.0254441533954637,-1.6539334252344506,0.015389056214048093,10,0.0019825662152646714
91,-1.8237083937345597,-1.6114901994299113,0.01525675539906404,7,0.018708854171052256
91,-1.8074064740479594,1.5117823888068633,0.016020583038917024,10,0.01685450545230074
91,-1.9628734021117786,1.5121575719084368,0.016196101741186276,10,0.018687248573327687
92,-2.0262940130019653,-1.6587256988489232,0.015739425959777058,11,0.005584918535694347
92,-1.8260685495569433,-1.6199798601888475,0.015385692722400132,8,0.015409768551859377
92,-1.810870072394524,1.5120794894304979,0.016218942555767023,10,0.01721014420694091
92,-1.9651798547572206,1.5119181102268366,0.01627101340638911,10,0.015340636475930439
93,-2.0231051143635628,-1.6520228289941064,0.015446517560777237,10,0.002700734560796076
93,-1.819462176512512,-1.603049782806922,0.01615699710528914,7,0.0
93,-1.8117886834116543,1.5124169713982896,0.01573221846237931,10,0.0137919709141079
93,-1.9632989225273516,1.5088928009951459,0.016041617769959014,10,0.019524658267586877
94,-2.0188740611424003,-1.658147450390741,0.015610367224468617,13,0.00932720710867083
94,-1.822083987851523,-1.6191436898741394,0.014667893562994973,7,0.014755590650297457
94,-1.808235946834022,1.5109529810658786,0.0158916675222606,10,0.015632119749126566
94,-1.9591242311585428,1.5124267319411324,0.016196030223381907,11,0.019220410094002466
95,-2.03922983761594,-1.6602521559108618,0.015989983265899715,12,0.003078711219322369
95,-1.8121778518011722,1.5105831929983113,0.016005463859353867,11,0.0161666162560648
95,-1.9669425627838848,1.508381312001199,0.015767738377759893,10,0.018228718703462755
96,-2.027712857948356,-1.6598859243069637,0.015903268726398252,11,0.005582155777111486
96,-1.8137615947923866,-1.60540732921512,0.01597255612097102,6,0.0
96,-1.8048100687327961,1.5114007298486907,0.016368957096348734,10,0.019290084179348282
96,-1.9586168007411295,1.5109725124606554,0.015856183463812568,10,0.01691056710764035
97,-2.020583486347077,-1.6663793250865064,0.016121640348131735,13,0.016457388889144588
97,-1.8184625490062427,-1.6048519596788695,0.015874751827879414,7,0.003030224619046752
97,-1.8099928024877234,1.5132912218909353,0.016186734684800568,10,0.015296425283704097
97,-1.9622022603337714,1.5076455529598896,0.016106009732332262,11,0.017040143110908096
98,-2.0253992112962216,-1.6579932909184136,0.0158905538274214,11,0.005576194954944245
98,-1.8136461156546322,1.5111404233686212,0.016192478413843508,11,0.014863666921838516
98,-1.965445625135134,1.5104543865227664,0.016097291786171565,11,0.01908783594745066
99,-2.03604880820392,-1.6658851232924814,0.017472244000410732,11,0.0
99,-1.8152224515312858,1.5097463212863451,0.016329677631011594,11,0.0115199855644606
99,-1.9733717986125416,1.5118150895386562,0.016916779200870317,10,0.0
100,-1.825390819933516,-1.6199410029733678,0.01567235418929236,9,0.0147433577611154
100,-1.8099365668033578,1.509622383651739,0.016002356295524697,12,0.01651813565487755
100,-1.965271020629976,1.5094895071724233,0.015565921711649252,10,0.014188168124590091
101,-2.0316003344492475,-1.6606020854807566,0.01656409796632513,11,0.0022625148424189664
101,-1.8163487788559263,-1.60657475889509,0.016158654079365554,8,0.0
101,-1.8164526621900623,1.5093398419152309,0.015883848167834003,11,0.01116493990681826
101,-1.9698823512147416,1.5084085855740077,0.016443819591052844,10,0.01292820999971441
102,-2.0131680467136364,-1.6478175594186104,0.01590610844129931,11,0.005396342251063639
102,-1.84170625635259,-1.6163848610748854,0.016262400387524092,6,0.0026001662538839123
102,-1.8137082915413394,1.509362372040183,0.016091735229877887,11,0.01383292179291856
102,-1.9622997789601797,1.5096969784082395,0.01595133386418923,11,0.016688362413267606
103,-2.03604880820392,-1.6658851232924814,0.017472244000410732,10,0.0
103,-1.8138995194185397,1.5130772553893772,0.01629055511215152,10,0.010504686460002716
103,-1.9588039939064252,1.509649497944511,0.01732751249415765,10,0.01900978841981049
104,-2.018842421025733,-1.6583581685618578,0.016101232293350223,12,0.0038253468881263757
104,-1.8126581008842653,-1.60565843553034,0.0165199303092323,7,0.0
104,-1.8138859391349245,1.513323057454275,0.016184937488596667,10,0.011600440973533785
104,-1.9590370211858,1.5074694562031652,0.016620861600500962,11,0.01795243002230653
105,-2.0333227804733216,-1.6636547806695456,0.01699937722194554,11,0.0
105,-1.8259469641440216,-1.621850817737139,0.01614269258499373,9,0.01777971345770799
105,-1.8142003496235157,1.5102222268270042,0.016634353885830497,11,0.015464725091181122
105,-1.9667338336378615,1.5127771033698412,0.0160497978049922,11,0.01910634273222242
106,-1.8440710895110102,-1.6211000632880719,0.01556628613659423,7,0.002066013558406731
106,-1.8078806713066962,1.5088105713534647,0.016061559293363278,11,0.02063664249074109
106,-1.9749925502878432,1.5095572369668033,0.017110102479769684,10,0.001828032462078329
107,-1.8279762301607951,-1.6239217906801484,0.015827874221486692,9,0.012743969277076111
107,-1.8116122196267124,1.5097662349077157,0.015971687700418482,11,0.01680752677785448
107,-1.9658740886360644,1.5100442186700105,0.016429895641601938,10,0.015707804124643853
108,-2.0178603003737554,-1.651006440189739,0.015736766103666904,11,0.003421776603663079
108,-1.8188861153270182,-1.6029620087364158,0.016234367700726518,7,0.0010005086543945496
108,-1.8152984549397677,1.5105847237994892,0.016613003850033278,11,0.014606030985756151
108,-1.9637780569216154,1.5121434449374833,0.015719890393031174,10,0.01688308209776331
109,-1.8416037867298538,-1.6189311318895894,0.015505537077843048,6,0.0024609090737609607
109,-1.8125773010011483,1.5106657006186293,0.016279668557629332,10,0.013311695271594422
109,-1.9599929332648187,1.510545157325912,0.015840921725408123,10,0.01673716869454335
110,-2.0293731465611797,-1.6571417099892929,0.01536743647207376,10,0.00237659942402113
110,-1.80961882204409,1.510113479661447,0.015826511292067864,10,0.013473455780216421
110,-1.9645903079584852,1.5094362457120698,0.016454291255697452,11,0.016442370805290315
111,-1.819003671311305,-1.6103904214500413,0.01602542788886507,7,0.016137462858751037
111,-1.8069883805336853,1.512010408715444,0.015829490844870408,10,0.016407416674517287
111,-1.9719863459572213,1.509656090242337,0.01631085721269825,10,0.003016438478288193
112,-2.027582412035978,-1.658959697986095,0.015883992129388284,11,0.005502596213060641
112,-1.8290403304437473,-1.6183010181487305,0.015943336823742313,7,0.018538133150451573
112,-1.807371117657768,1.5109375048932947,0.016381927281364592,10,0.017599584317969787
112,-1.9651361384820438,1.5092699586565537,0.016215941733983715,10,0.013674306559736654
113,-2.017706484335333,-1.6652531738342544,0.015947720626479346,13,0.01577818951678663
113,-1.819462176512512,-1.603049782806922,0.01615699710528914,7,0.0
113,-1.8065793939775527,1.5115350846254583,0.0163333613014873,10,0.015626691691185454
113,-1.9725800065519425,1.50908339325646,0.015995457808290914,11,0.0026618055683950226
114,-2.0334212293427822,-1.6582567253029483,0.01611753228985042,11,0.0023567543316693274
114,-1.8259215256313621,-1.6195629757092647,0.016071654940557727,9,0.01738368386038574
114,-1.8078507104203196,1.5074244134488022,0.01620898224098315,12,0.01729158210069924
114,-1.9680372063068905,1.506887395554315,0.015823003622986293,10,0.015257780749309103
115,-2.037429789860887,-1.6653670597192765,0.017024601320922365,9,0.0022555511256859475
115,-1.8128416265277354,1.5075907666141912,0.01576531516170333,12,0.015066684521289436
115,-1.9625794796319977,1.5086648517743846,0.01649982353478946,10,0.01567494715187486
116,-2.027862836972601,-1.6559077486551708,0.015309844263048634,10,0.002109983230894295
116,-1.8163849994717733,-1.603061263259876,0.015534369828621376,7,0.002132691570756154
116,-1.8088671804919043,1.5077957150045753,0.01609891182860904,11,0.015257215831963267
116,-1.9614332962760115,1.5116157046339949,0.015781801425533898,10,0.018238529038977214
117,-2.026451152943262,-1.6539360406932717,0.016038691309607854,9,0.003864616196613405
117,-1.8346208755291293,-1.6253802339083767,0.016157708013287933,7,0.004133022959185787
117,-1.8038500303410274,1.510819226337983,0.016914985674770292,10,0.017383097510017233
117,-1.9638177296818622,1.5084183476175632,0.015818795474569474,11,0.01821715985848335
118,-2.0307555413772063,-1.657450183244781,0.016465057102523543,11,0.0038427882460154847
118,-1.826465678454731,-1.6212799756042142,0.015541062941181225,8,0.016412189518677064
118,-1.804748340598912,1.5102953208359602,0.016366559088154407,10,0.017220989684901118
118,-1.9665167321308974,1.507867255376834,0.016185982238925326,11,0.012544704229289666
119,-2.032362880832316,-1.6563011982626679,0.016139444941457585,10,0.003402195429334531
119,-1.8192028545888992,-1.6055038519639513,0.01588809291837444,6,0.0030340240937300643
119,-1.8070753831002693,1.51086656720126,0.01604117485498029,10,0.014738569306712829
119,-1.9641326854657426,1.5071166380953278,0.015970772939400153,10,0.016671356234929238
120,-2.013985670945752,-1.6593926807854638,0.015743844298003858,13,0.015199588139031397
120,-1.821146888400425,-1.6087748645259319,0.015388012187714031,7,0.015699876737035687
120,-1.8131363587246354,1.508277589045736,0.016297562882680378,11,0.01326437874399472
120,-1.9603994222273273,1.5097232850396618,0.015756958833454415,11,0.0170454159841451
121,-1.8348463368332768,-1.6252423946224215,0.01635703140824836,7,0.0031743893026136725
121,-1.814030533007888,1.5102168554898074,0.016223190880303568,11,0.015031115323197855
121,-1.9550623688193434,1.509217411660187,0.015952352379526656,9,0.02044153765973009
122,-1.8207491535129425,-1.6198915148121387,0.01612649402455133,7,0.01883394898239476
122,-1.8100894044616416,1.5103137921929788,0.016226855771134925,11,0.015254641576657875
122,-1.962401520738987,1.5070418394274265,0.016104359843856143,10,0.022692592504694
123,-2.018068989755024,-1.6616797327443102,0.015567183612671709,13,0.01611661059297283
123,-1.8238229403125417,-1.6136468428808157,0.016599636717021544,7,0.015923886018962902
123,-1.81224306346518,1.5098274384661043,0.015939030021939134,11,0.01497744670736717
123,-1.969305969561218,1.5090124189161436,0.016419954579112106,10,0.01372007794664188
124,-2.025624736054675,-1.6573579966863055,0.016067819161322616,11,0.005113071400604287
124,-1.8211305126433448,-1.6056356608433322,0.014913535758470901,6,0.0
124,-1.8106537367965614,1.509605573349328,0.016239245435065892,11,0.015440356953355588
124,-1.968614561157141,1.5095572557750943,0.016273605549534286,10,0.014551900386298559
125,-1.843786945632937,-1.6208500486465172,0.0152054839363964,6,0.0017393405947272568
125,-1.8045763544612548,1.5112291894208614,0.017176918991107962,11,0.018556237084751372
125,-1.9648963325291036,1.509521984481676,0.01600824474851679,10,0.014508861019859876
126,-1.8110854952695243,-1.6045322217191627,0.017424975375489926,6,0.0
126,-1.8135950469292366,1.512025709368,0.01620589481274223,11,0.010279057427173792
126,-1.9634353645845966,1.5119492283402378,0.015834246132530105,11,0.016032255903525534
127,-2.0316003344492475,-1.6606020854807566,0.01656409796632513,10,0.0022625148424189664
127,-1.8297791380280368,-1.6248382113126663,0.01605141588244033,9,0.004771800550055853
127,-1.807158416611677,1.5116332550785014,0.016350987139833392,10,0.01675298174867698
127,-1.9572726042522934,1.5127416521079382,0.01647891367644449,10,0.01912980500245262
128,-2.038116958159538,-1.6642827246472462,0.016109378714270463,11,0.003599784324703954
128,-1.8191135896131385,-1.6126015774579316,0.015275256081156175,7,0.01823203843268148
128,-1.8109865251968948,1.5104349275185769,0.01586022340649733,11,0.013254581371575645
128,-1.965906049072533,1.507828046198577,0.01607751229660004,11,0.01933900539250912
129,-2.034394182382176,-1.6546746410084658,0.015890382344411924,9,0.0018206964381349555
129,-1.8266064604340937,-1.6220969674033465,0.016113601938827975,8,0.016529312846139805
129,-1.811977983184888,1.510156716456055,0.01677277066503085,10,0.014904993129086754
129,-1.9652164144588742,1.5113244505167154,0.01582211788695111,10,0.013125316087556054
130,-2.0261784316938063,-1.6584667078270272,0.01610276529560512,11,0.005531932577630332
130,-1.8203891272383224,-1.604982693164524,0.014901838926566708,6,0.0
130,-1.8032845460931421,1.5107879181147081,0.01604936031001514,10,0.016183800034649753
130,-1.9607754111443163,1.512232084651869,0.01585586432775435,10,0.01566838181475115
131,-2.017078769929296,-1.6563362893290463,0.016134034822434425,13,0.009119068802840599
131,-1.8234675063434023,-1.602987310951833,0.015375354947746896,7,0.0022056496644601263
131,-1.808513193307544,1.5086712314596302,0.016265496027090362,11,0.018848737383670953
131,-1.9688529689560934,1.506054732915397,0.015627282074645678,10,0.013063506224468589
132,-2.037429789860887,-1.6653670597192765,0.017024601320922365,10,0.0022555511256859475
132,-1.8090614272509045,1.510348451931585,0.016225985532555953,11,0.01662890432526717
132,-1.9662886254826772,1.509929398828954,0.015697911331491128,10,0.013979424690780664
133,-2.0377894422249856,-1.665661080897469,0.016573326609756835,10,0.0022693631243948954
133,-1.8146070805678907,1.5107790256069549,0.01663567945837615,11,0.014925723814781352
133,-1.9635196039573704,1.5068177491518233,0.015555061450132227,10,0.02133454776735903
134,-2.0101181383633424,-1.643585299629651,0.015299543961319537,11,0.0038791021021110468
134,-1.8258104370580355,-1.6198673619259296,0.016113626699059514,9,0.017558309762693666
134,-1.8117009957082069,1.5083717007294786,0.01629781001525428,11,0.015515262756752482
134,-1.955758335611211,1.5103301897722228,0.01598777371278618,10,0.01822870631402166
135,-2.0265391805099844,-1.6639033815510782,0.016356876260608336,12,0.017478952451363775
135,-1.8301860012446065,-1.6184262039555282,0.015977194983917167,7,0.01832625330284947
135,-1.8119467871685033,1.510920657723082,0.01653128346459304,11,0.013884133674974711
135,-1.9503761902761598,1.5122002231637293,0.016130419412499996,11,0.0166581225917294
136,-2.0277601340328615,-1.6591049383898522,0.015688625295491254,11,0.005615016119860843
136,-1.8087761742508617,1.508402405476934,0.016622720299631504,11,0.018504675953190657
136,-1.9742739168259307,1.5096369013958064,0.01662933831658551,10,0.0027896407590792902
137,-2.0260482840874157,-1.6609890483711582,0.016521591805919174,12,0.0035601539500526324
137,-1.8305475616886675,-1.6258771369429872,0.016024470180577004,8,0.004530199695014824
137,-1.8148069468688393,1.5115881701147997,0.01616422067533643,11,0.009356739352372105
137,-1.9677779387742775,1.5095111906787315,0.015929300245006064,11,0.012269094023910045
138,-2.027199976309708,-1.6593032837776742,0.015814702481807948,11,0.0055585238810507585
138,-1.8234675063434023,-1.602987310951833,0.015375354947746896,7,0.0022056496644601263
138,-1.8128133649830482,1.5115969196547208,0.01589941821860789,10,0.01114056946632894
138,-1.9663027841793872,1.5085801073575633,0.015763179756368647,10,0.014257202903485085
139,-2.016913796536852,-1.6502304722242638,0.016286704990892138,11,0.004998129926899168
139,-1.8245038394632598,-1.6122122856904901,0.01588717122384262,6,0.01733089676426271
139,-1.8046677511452296,1.5107387530841914,0.015901553078416834,10,0.016688436171724254
139,-1.962378465318731,1.5064782283388751,0.016043738555585826,10,0.01647735965704241
140,-2.0152231109149,-1.6494992739239074,0.01622115692454413,11,0.005371837802881733
140,-1.8438747279391827,-1.6209290380300576,0.015530480427461552,6,0.0024659777760960384
140,-1.8052036913816332,1.5085432411129585,0.01648427150956278,11,0.02296800383966829
140,-1.9743339864914962,1.5044202295106621,0.015711963719518843,10,0.004308757592190924
141,-2.0380633238639625,-1.6620415845172307,0.01613176504456879,11,0.002363904140013802
141,-1.836742089762205,-1.6262707425109213,0.016306952009837426,7,0.0026560277589123132
141,-1.8061610177048855,1.5111399225170885,0.015810792296126593,10,0.015163069132211745
141,-1.9615171083333494,1.5079209988486841,0.015933321937725148,10,0.02167893162256857
142,-1.8268238407998352,-1.6336880581384605,0.01477262096474382,6,0.0
142,-1.8120764949094441,1.5098336282287685,0.016404957637300464,11,0.015771229579816595
142,-1.9624043670559363,1.5094941974037137,0.016026215044266,10,0.01717550404506648
143,-1.8185530608570721,-1.6064974485984123,0.015467273831629078,6,0.003992977614511012
143,-1.8135129370476948,1.5123656377246244,0.01643415098248271,11,0.013747879305316233
143,-1.9573240478473166,1.5115404926228138,0.01564290214935253,10,0.02010758352242959
144,-2.017706484335333,-1.6652531738342544,0.015947720626479346,13,0.01577818951678663
144,-1.8228314122009068,-1.6198046815312104,0.014674863583457372,7,0.014763874376144124
144,-1.8066835153929721,1.5114133359696817,0.016139499671427127,10,0.015208722844930874
144,-1.9656376041113244,1.5056360182163036,0.016074026076608603,10,0.01689637200729968
145,-1.815239918845155,-1.6067122482834604,0.016000833177238084,6,0.0
145,-1.813137723760389,1.5092325801390516,0.015991488881290282,11,0.013388050309409715
145,-1.9661892302644242,1.5081974622367034,0.015563714833218181,10,0.014123369812246907
146,-2.0162614263839447,-1.664786146125974,0.015415861985824956,13,0.015690237453907532
146,-1.839542940965914,-1.615539007905673,0.014436312900135157,7,0.0
146,-1.8055129545437862,1.511215465482213,0.016169286466830527,10,0.01498510393957434
146,-1.9635818987391274,1.5074343723209231,0.01608769373102749,10,0.020318155288568694
147,-1.9954879771011027,-1.6391732974680489,0.016417635488671943,10,0.0
147,-1.8427320358503447,-1.6193944666000035,0.01601565710095464,6,0.0028439749555148573
147,-1.8132011271067623,1.5091171573549387,0.015709186350782015,11,0.015323752307816192
147,-1.9587011220161976,1.5126204938085217,0.015013148017624996,10,0.01723039399513065
148,-1.8115616730234312,1.5101532976100247,0.016406502920844005,12,0.017041933064165495
148,-1.9659888422964487,1.5094264054381292,0.01562954694807133,10,0.01630215325085987
149,-1.8074660933189552,1.5091671566964493,0.016525148530086374,12,0.017448324840354374
149,-1.9662136840884417,1.5096632274811497,0.016407955719793175,10,0.015839447839427187
150,-2.0129077929948904,-1.6476045061898492,0.01621091561330284,11,0.00536635332220281
150,-1.843118059282113,-1.6202633081351907,0.015522316959037096,6,0.0024655064212646977
150,-1.8104769570662778,1.5098400727377819,0.016240884104777153,11,0.01479073252775755
150,-1.967571565249419,1.5076777249753068,0.015670100952674106,10,0.013807477409453393
151,-2.0307437084516518,-1.6582672642827059,0.015387341701621066,12,0.0091722459224309
151,-1.8144973072279478,-1.6060543443315323,0.01599269981891309,6,0.0
151,-1.813493373397709,1.510487838541186,0.01586030524165189,11,0.011628474458466107
151,-1.9637171017975925,1.5116539335378247,0.015953503406698964,11,0.015900728890339413
152,-2.032598573417712,-1.6607195542919455,0.015875033498642506,12,0.008431084924989762
152,-1.8357635502557088,-1.6251707261505384,0.016332726051902363,7,0.0036024641406220094
152,-1.8128585598892613,1.50997010178102,0.01568955739863169,11,0.012875423439941228
152,-1.9649644940191524,1.5105619896832394,0.016151232121542555,10,0.015449122172652464
153,-2.0129077929948904,-1.6476045061898492,0.01621091561330284,10,0.00536635332220281
153,-1.843021507278616,-1.6175379188797192,0.0169800612562423,6,0.0020283349444828336
153,-1.797621175825347,1.5078081836874755,0.016368002880524115,11,0.01622384679444459
153,-1.9621341296163028,1.5106974133679127,0.016082059414824906,10,0.017676209815007376
154,-2.015226252664295,-1.6540570303652744,0.015899611452778746,12,0.008800147515768603
154,-1.8176210634969336,-1.6112763082592398,0.015257383196578066,7,0.018206314642656027
154,-1.807702832610091,1.5072570805464338,0.01626894091097414,11,0.01759050483493995
154,-1.9661359498146092,1.510390244849264,0.015710632629633268,10,0.014346347786525692
155,-2.017328027084045,-1.665893173347544,0.017211838263814734,11,0.018423712725094375
155,-1.825014400824809,-1.6191269937885535,0.016040018819205967,9,0.017449316619570106
155,-1.803827058345826,1.508263800444216,0.015929718214935273,11,0.016388359453335704
155,-1.9650420090341294,1.5084538345207552,0.015923019821451338,10,0.01989110353461434
156,-2.036229149629684,-1.662739624416384,0.01653596172275205,11,0.003572714014395336
156,-1.8316188980469985,-1.6275557701222152,0.014453699529167443,6,0.0
156,-1.8035880510854423,1.509809826453559,0.016189476502029936,10,0.01775742749864371
156,-1.9674797253474001,1.5074375579492947,0.016062402596594916,10,0.017497434824554306
157,-2.015261891829885,-1.6587269655500179,0.01523042996575008,13,0.014877467191090822
157,-1.8226266153502027,-1.6114454456871063,0.015757086167007807,7,0.018759051002791533
157,-1.8165796835854784,1.5096438528799283,0.016435907227862277,11,0.012105094209505327
157,-1.9597946833176854,1.513170748477182,0.015805794971137814,11,0.020635050154384556
158,-2.025521386233075,-1.6539964927595676,0.01531329304917596,10,0.0020435462379243116
158,-1.840546858623223,-1.621696896415096,0.016873195421620937,6,0.0020135623219342045
158,-1.813418952538321,1.5102969391533059,0.01627546945576921,11,0.015840892159570224
158,-1.9602363927814301,1.5114283943048927,0.015897883290828967,10,0.016868049563555143
159,-2.0176676851603412,-1.6559568996779797,0.015869393142299352,13,0.009085273077598748
159,-1.8165370814864932,1.5117373467181405,0.017037788981734088,12,0.01582088116346237
159,-1.9642351949679733,1.510838311698838,0.016214670532523113,10,0.01742036032528385
160,-1.9962517008731888,-1.639800280945079,0.016429708383400018,10,0.0
160,-1.8430481306860234,-1.61967303122423,0.01544396157466503,6,0.0032203808950288524
160,-1.81244859464153,1.5105056950085942,0.016178768580793326,11,0.012561113255270756
160,-1.961848950033303,1.5111070707973848,0.01584810748464763,10,0.01638011370887762
161,-2.013679965933103,-1.6482353888267531,0.01621462865190424,8,0.005365615177333666
161,-1.812278750829067,-1.6040930545625476,0.015953709612747582,7,0.0
161,-1.8087748646408703,1.5097186796610307,0.016261048183533307,10,0.01573924975517946
161,-1.9639796720601375,1.5100722331964522,0.015878151447841105,11,0.014921500602646062
162,-2.0334354244804116,-1.6571752225932137,0.01578053753511855,11,0.0034464181786114066
162,-1.813977335551986,1.507670150150103,0.015654004931488566,11,0.012778981016586166
162,-1.9707922950609174,1.5073691575740482,0.015724719455051172,10,0.013184816667281872
163,-1.8156435186623816,-1.6024064299837746,0.01552370970952155,7,0.002125349457169132
163,-1.8124211476867496,1.5097825982046664,0.01608949734964649,10,0.013483069189771409
163,-1.9587834360564855,1.5096980024006483,0.016005548256132363,10,0.021028717506773886
164,-2.034968227607436,-1.6595194088362417,0.01612175186996413,11,0.002359458026983721
164,-1.8115348052225362,-1.603431514038007,0.015949220203274758,7,0.0
164,-1.805632459157586,1.5080663359123072,0.016130941324636192,11,0.022099923725948094
164,-1.9578311700816473,1.5068089157775884,0.016165928196778215,10,0.02205155415570535
165,-1.8261096258089062,-1.6210054596466479,0.01568452699788985,8,0.015722783568090655
165,-1.8084865719684535,1.5093845658385228,0.016082643724962865,12,0.016534820419644793
165,-1.9643926270820968,1.5108534406024914,0.016432164952282034,10,0.01814934545979646
166,-1.8196063804373823,1.509534736405923,0.016160137351631604,11,0.003286459655050093
166,-1.964651404629964,1.5101040018563794,0.016069572925546713,10,0.014544227905739211
167,-2.0342090013667935,-1.6578052317595802,0.015783395397664487,10,0.0034476849349491007
167,-1.8189031964965539,-1.6036729706594277,0.014882151056976056,6,0.0
167,-1.8128769745541744,1.5101644302319763,0.016179141013421213,11,0.014132386157199466
167,-1.9567111547226967,1.509547574263343,0.015982684760783638,11,0.0188642142918207
168,-2.0342090013667935,-1.6578052317595802,0.015783395397664487,10,0.0034476849349491007
168,-1.8173478700776349,-1.6054383753032282,0.015810949320330395,6,0.0
168,-1.809066566199785,1.5093243738544029,0.016504669370700102,12,0.01843456019778846
168,-1.9637128695172241,1.508976009977338,0.016332597738755134,10,0.01593023753143794
169,-2.005614669677003,-1.6399036770527653,0.015142899418960895,10,0.00384319595499594
169,-1.8447134802507381,-1.6257205804713895,0.01650575194363385,6,0.0009610496184605365
169,-1.808976465323372,1.5101659369268616,0.01655319552419141,11,0.018185501902446905
169,-1.9597163099718478,1.5109802630429516,0.01628161508323119,11,0.02130267408510516
170,-2.029061971845928,-1.6536089690472031,0.016085942011818843,11,0.005404205896925668
170,-1.8170710163578496,-1.6051900483001673,0.01544333615533676,6,0.003987368824843129
170,-1.8079541273989281,1.508859517211557,0.015777305043390068,11,0.01678632964345985
170,-1.964266346876156,1.5073883415826843,0.015650198221148028,10,0.01736469751613882
171,-2.032548805490931,-1.6630223056777071,0.016998227718601062,12,0.0
171,-1.8281561817101453,-1.6246175896805646,0.015956420526145307,9,0.015308486030621541
171,-1.8089982581042494,1.507618840262831,0.015788346452351228,11,0.016185136536747406
171,-1.9613172975861908,1.5079938837505844,0.01611899284077045,10,0.017807851731556305
172,-2.0223137782560174,-1.6554671246694035,0.01587520518727535,11,0.00556807346462946
172,-1.8229393981951072,-1.6069769596582082,0.015633944780619958,7,0.01700697935799596
172,-1.8044570751825988,1.5111860940002886,0.01610221711238423,10,0.015976563901729683
172,-1.9598899039993103,1.5087507745297923,0.016485876422086695,11,0.01944813820024517
173,-2.032661935583305,-1.6565449462807667,0.015777544857136387,10,0.0034445210907231203
173,-1.8213314257820326,-1.6111103662747948,0.015978217316188717,8,0.01543030937641722
173,-1.8066906969996501,1.5084575823948057,0.016177860725302546,10,0.020097484035349847
173,-1.9677577041654304,1.509457475512315,0.015872836582551952,11,0.012257153188839819
174,-2.019444319786467,-1.667631379664812,0.016978192060614333,10,0.018160733083814072
174,-1.8220068537780645,-1.600136811484413,0.014887140951902071,6,0.0
174,-1.8130151213297285,1.5094955516517883,0.016233862915879766,11,0.015482345278140843
174,-1.9703023503466386,1.50730742311284,0.01604832594626151,10,0.012151431597121067
175,-2.0314067829616302,-1.6620893795287086,0.017467495950377634,12,0.0
175,-1.8329100483132301,-1.6226431787720543,0.016248680294245706,8,0.014006740419505535
175,-1.8098802894846586,1.5090524549391502,0.016194017875151342,11,0.014603213753736076
175,-1.9689202571243407,1.5090011605381692,0.015920633702359348,10,0.012426202803959351
176,-2.0316003344492475,-1.6606020854807566,0.01656409796632513,11,0.0022625148424189664
176,-1.8089288587182526,1.5088601502840344,0.016185870099557947,11,0.015265586846727325
176,-1.9644858131126686,1.5097733422324566,0.016040213770969397,11,0.0144308628814412
177,-2.0177901044414437,-1.6640723293339654,0.016111632192271286,13,0.016777502616127638
177,-1.8260775399288471,-1.6330298592315102,0.0147785493516751,7,0.0
177,-1.8135272565160485,1.5098644660108231,0.01591668460827878,11,0.012446427240857264
177,-1.9662706096291742,1.5099743992070074,0.01611057642914386,11,0.015249560429120469
178,-2.0131445409624935,-1.6569934292464386,0.015550821389770675,13,0.015861171811195257
178,-1.8156923768282012,-1.6037130619565014,0.015581322041670672,7,0.005136240532572206
178,-1.8118619028296237,1.5090340088955794,0.01593708368798159,11,0.01712791149905774
178,-1.962901298179189,1.5095262570965096,0.01611649455866066,10,0.016270774078502172
179,-2.024529431053672,-1.6572811879558622,0.015993859237106348,11,0.005550512640745721
179,-1.8363022971284975,-1.6126922283059715,0.01610160215405336,7,0.0
179,-1.814628190958022,1.5094602062750326,0.016359643717126494,11,0.01394700502828886
179,-1.965337765026389,1.509859168311124,0.01595448477775306,11,0.0148512297770666
180,-2.020018928547947,-1.6597344948695452,0.016151618972279992,12,0.010838297504229199
180,-1.8355995413840018,-1.6152300718616543,0.015261392213608657,6,0.004284649233949615
180,-1.8115673433512531,1.5112929914054032,0.016294428644914566,11,0.013950572175667846
180,-1.9608102524237938,1.5123247253456873,0.017142711770726484,10,0.016084587167193503
181,-2.0321807901001385,-1.6627211600189165,0.017468460870018458,12,0.0
181,-1.827902747567647,-1.6234747741250317,0.015554356048558725,9,0.013037742771412644
181,-1.8128932626897805,1.5111494789158324,0.016266679932768927,10,0.014699477658744464
181,-1.9618052472141525,1.5140274082635132,0.015903235679565475,10,0.018622843360223067
182,-2.030408802780155,-1.6579871952911118,0.01588605925548356,10,0.0018202989635857179
182,-1.8203891272383224,-1.604982693164524,0.014901838926566708,6,0.0
182,-1.8166422255889019,1.5103534123292521,0.01628276940582847,11,0.012760306971448927
182,-1.9652608643827427,1.5122665775828694,0.01619266990516908,11,0.017074005310116172
183,-1.8211313173659542,-1.6025006911842383,0.016869832648556814,7,0.0
183,-1.8153162884961311,1.5081558356410536,0.016067897050891587,12,0.012333169799654565
183,-1.9682787590969792,1.5080493066163057,0.016073567418190188,10,0.017506493386139535
184,-2.0122512651148856,-1.6660234606069901,0.016429697666674285,13,0.017377591688292348
184,-1.8186956886008745,-1.621299634190554,0.01538072846744284,7,0.018663260372608584
184,-1.8103534765713993,1.5092425084661338,0.01618247331944763,11,0.015698289100052523
184,-1.9667923906419282,1.5089182057609656,0.015859323351436052,10,0.015395296200854367
185,-2.0082191468247026,-1.6515340720529732,0.015982150418540998,9,0.011077998521331806
185,-1.8396177358131753,-1.6253942582076832,0.016095350610131173,7,0.002095866241433428
185,-1.8102487212879501,1.5093274860836052,0.01600498031853503,11,0.014211617622022709
185,-1.963789199798292,1.509373933431901,0.01605803125391747,10,0.017403846745791193
186,-1.8440710895110102,-1.6211000632880719,0.01556628613659423,6,0.002066013558406731
186,-1.8124183539579526,1.5111152403199057,0.015710988407971124,10,0.010025894704483333
186,-1.9681888864156607,1.5079822236739955,0.015369691977692057,10,0.013078388800805784
187,-2.0254441533954637,-1.6539334252344506,0.015389056214048093,10,0.0019825662152646714
187,-1.8097677692250733,1.5083039904813802,0.015890377853670368,11,0.018762782153078757
187,-1.960645665609161,1.5091353891628403,0.015878875660018665,10,0.01592270710194533
188,-2.033908047867696,-1.66084572545717,0.01653070935262741,6,0.0035661245705847213
188,-1.8440710895110102,-1.6211000632880719,0.01556628613659423,6,0.002066013558406731
188,-1.805787664463814,1.5101734548538566,0.016041582411599097,11,0.016726027954703324
188,-1.9437824430046504,1.5041604037166358,0.016373711171673494,10,0.0
189,-2.016167156692017,-1.6606292587946925,0.016018410396199743,13,0.012920835438496594
189,-1.8285219868632263,-1.6127842591852652,0.016058329008153405,7,0.020666106252984127
189,-1.8118759989279072,1.5092273372283074,0.01640503885063439,11,0.015208317653977396
189,-1.9671098148695865,1.5101262374174063,0.016583769221462066,10,0.01531398932666588
190,-2.0307555413772063,-1.657450183244781,0.016465057102523543,11,0.0038427882460154847
190,-1.8198993057181325,-1.6338706247534378,0.014738266797920655,8,0.0
190,-1.8053611661676316,1.5124578845101135,0.015826155989170854,10,0.01529850711538525
190,-1.9684571037896652,1.506931011017723,0.01565868245290216,10,0.01503277959088451
191,-2.012987116107189,-1.6571857306763007,0.015897616473475283,10,0.016891990479612748
191,-1.8115348052225362,-1.603431514038007,0.015949220203274758,7,0.0
191,-1.810938830230401,1.510087620714621,0.016130397058993193,11,0.01445670372174392
191,-1.9668375715635433,1.5101638772484633,0.016109676238926084,11,0.014365536129823716
192,-1.808683557637783,1.509585753683685,0.016052883417771318,12,0.01749820120946478
192,-1.9664575555300736,1.5075041844783876,0.01646289215542802,10,0.014871745338377191
193,-1.8384165654173117,-1.6192942767777232,0.016331201812429395,7,0.004074261092637204
193,-1.8115120456023368,1.5093722330566879,0.016199303198518256,11,0.015450115380268406
193,-1.963440693906016,1.5093350266979604,0.016080596740865274,10,0.014936193251632991
194,-2.007870225003112,-1.6417466717229328,0.015234278498326143,10,0.003977376752315437
194,-1.8431709822245912,-1.6171431532173743,0.016478161909208977,7,0.004243482018188995
194,-1.8086297579259096,1.5113709698260478,0.016301005324921854,11,0.017929366953402727
194,-1.969476285444902,1.5112890662221996,0.01673491854435403,10,0.003009990953961624
195,-2.032385492949772,-1.659601516137415,0.015436668462116294,10,0.0019920918094535715
195,-1.825320203447581,-1.6323470045158603,0.014757949916772808,7,0.0
195,-1.813342889859723,1.5106518905897157,0.01568844107570653,11,0.01414951531893368
195,-1.9627876943127294,1.5098748169824006,0.015899595850980438,10,0.01645977083950217
196,-1.8221450325021986,-1.6160257020976545,0.01580108351643829,8,0.017221268984317577
196,-1.80966202831695,1.508379329206197,0.016343965717101824,12,0.016428879933314093
196,-1.9675177434698696,1.5086685389886425,0.016085304641204088,10,0.016721599686132755
197,-2.0267115047264683,-1.6640048885957888,0.01629637778584654,13,0.017234177678906545
197,-1.8397420420804014,-1.6209907984261687,0.016804010755430882,6,0.002009198115778283
197,-1.8138126158438628,1.5088145868224743,0.016281888395734013,11,0.01612396414711966
197,-1.9615481643213641,1.5112769777049582,0.01596489611588213,10,0.01688273177945545
198,-2.0236287877851584,-1.6565439399850723,0.016152684789030626,11,0.005556624004506653
198,-1.8230644091811894,-1.6303351058439666,0.014736187245511755,6,0.0
198,-1.809364160229066,1.5112306056300582,0.016104568536045076,10,0.014818214320448274
198,-1.9668049151901443,1.5073685547075282,0.015522942414890767,11,0.016137059757339017
199,-2.015223150440563,-1.662627995020702,0.01617315728484877,12,0.01904192911766146
199,-1.826362071873328,-1.6202901551564117,0.01561145111218799,8,0.017220332214557
199,-1.8047055790106854,1.510232532663513,0.015945849266967044,10,0.01822640240736316
199,-1.9509130141639475,1.5086553515779833,0.016202277694255716,10,0.015985058509989998
200,-1.8109639686961727,1.5096430491166446,0.016529949866270346,11,0.015985203138709842
200,-1.9666775788107922,1.5075712085245512,0.01538900599802523,10,0.0191023033360465
201,-1.8353675843066342,-1.6170358943656133,0.016083751836405796,7,0.018337766236890592
201,-1.8109694060361257,1.5102512925731812,0.015858997160121135,11,0.015905927909767286
201,-1.9638682208021034,1.5090011445739198,0.01595444231267808,10,0.021083225262555256
202,-2.029692882865729,-1.659044446219843,0.017013011270641712,11,0.002246478757361843
202,-1.8429791617235456,-1.6225374763690812,0.016060464383468063,6,0.002150306844794004
202,-1.8082046353304235,1.5092955336046818,0.016442413453064388,11,0.018008815772212697
202,-1.9606906827737194,1.510456618069442,0.01598127830484395,10,0.0161408754286996
203,-2.015042523492884,-1.6486993277701025,0.01603772279483684,11,0.005372666144096533
203,-1.8230594437346128,-1.6026282410982837,0.01589556081560857,7,0.0030299481156522198
203,-1.8098852885073342,1.5107602720486595,0.016531799743899726,10,0.017312516635355688
203,-1.955217658834177,1.5078659825135377,0.015712991409691134,10,0.021717905165118727
204,-2.0375952131775854,-1.6671518482636956,0.017473587866725163,10,0.0
204,-1.8447012345361076,-1.623156895742099,0.01650454261263104,6,0.0016129876815008399
204,-1.807270759574729,1.513157051170319,0.016295376238718042,10,0.016384170022174155
204,-1.9537790038040543,1.5071983423084006,0.015784349905814517,10,0.017884745700613772
205,-1.819213344390483,1.510193371331138,0.016476829704225215,11,0.003977671658159894
205,-1.9649254061165677,1.5085539398151258,0.01585797073834776,10,0.014254485733285518
206,-2.0396033247590544,-1.6646716634219827,0.016069871631643237,11,0.003892901616373378
206,-1.8313972338305504,-1.622442661218752,0.01579480116804363,9,0.013344556712326369
206,-1.814402699565085,1.5097728635619896,0.01625761482626235,11,0.012806192612685757
206,-1.9635258360322019,1.5095210588182337,0.016004265314391503,10,0.015935047494041142
207,-1.8383336103460448,-1.620805814343454,0.016174687227766747,7,0.003868250165270453
207,-1.8057889118863073,1.5126630156242529,0.01628788778644794,10,0.016577096119344197
207,-1.9597818015428694,1.515289280009839,0.015950870921889453,10,0.019053814935985566
208,-2.0298792196372544,-1.6542751574377283,0.015752184691629922,11,0.005137725797023617
208,-1.8346156654684622,-1.623910082404972,0.016073635384677928,7,0.004398606476220502
208,-1.8069241690642124,1.5101032087269188,0.016216743600104562,10,0.020690669539909595
208,-1.943981675405763,1.5103544429061462,0.01642077849132731,10,0.0
209,-2.033351638232428,-1.6571048244273456,0.016245480570099096,11,0.00534089297327375
209,-1.8198780003912511,1.5080022272233318,0.01577846787041318,11,0.0038808247530286357
209,-1.970698458116369,1.509390094709097,0.015783923772680685,10,0.011158174982239779
210,-2.022504765063402,-1.6632471118297638,0.01618078701960717,13,0.016237375123186966
210,-1.8398813441298731,-1.6237553292711415,0.015195207226652862,6,0.001742135827093848
210,-1.8090510538472833,1.5115825718034668,0.01602301066413134,10,0.014867227528107877
210,-1.9542419892983611,1.5068610949383325,0.016499056671717246,10,0.01721298976072854
211,-2.0082191468247026,-1.6515340720529732,0.015982150418540998,9,0.011077998521331806
211,-1.8440637449129968,-1.6210953687116727,0.015769519904697854,6,0.00220425200666059
211,-1.8179552911823202,1.5080670103393208,0.0159452754918431,11,0.011011623038826267
211,-1.9638248923570523,1.5094824133595708,0.015495043771771686,10,0.01693338890470564
212,-2.0320135816948626,-1.6609417000431916,0.01701639709014162,11,0.002248950489687958
212,-1.826823658703183,-1.6232408085348986,0.015979108800879372,9,0.016324424210858383
212,-1.81284491107255,1.5106396439700696,0.016677495309545654,10,0.01378736294474093
212,-1.967939060532009,1.5100885914453175,0.016136792452047143,11,0.013581094889813187
213,-2.0176608692263294,-1.6606831956604573,0.015617283372706329,13,0.014984056543431068
213,-1.8162737083293787,-1.606426396249749,0.014609388446731496,7,0.0
213,-1.8050332117433154,1.509973021825349,0.016111214623804878,10,0.021027267132872927
213,-1.9612866286653527,1.5097352799334058,0.01604388380723171,10,0.01821832032265595
214,-2.02927959373938,-1.658705071158218,0.01656043538802123,11,0.002257616785476998
214,-1.8203338948827137,-1.6221504940874627,0.016226392847540672,7,0.016719695042259758
214,-1.8041100970454713,1.5114150906778208,0.016574167271209975,10,0.01714165220991472
214,-1.963327405177956,1.508175145118076,0.01655092304209408,11,0.01702619614973031
215,-2.014597216320075,-1.6483355186818671,0.016277276339813487,8,0.004991577238887411
215,-1.80518768148686,1.5110863046051066,0.0161382476705959,10,0.01797799133426802
215,-1.9636259625368961,1.5086591854659603,0.015869255815035132,10,0.017005811101275758
216,-2.019279257609626,-1.662100123906964,0.016052329300131944,12,0.018175451155332437
216,-1.8218748455399072,-1.6031557100092506,0.01687919326366616,7,0.0
216,-1.8062829918563095,1.5110302109020068,0.01589882736195135,10,0.01666494514349624
216,-1.9652254672683307,1.5067173910366585,0.01587843426526814,11,0.012678349436242279
217,-2.0157061556310656,-1.655965938303923,0.015641373773841637,13,0.008725985689405042
217,-1.8389281890918672,-1.6228949441911271,0.016112312301101026,7,0.0037669227608671104
217,-1.809567522478044,1.5114568206059589,0.016196425045151452,10,0.014594534609680751
217,-1.9613919794557106,1.5078543150576098,0.01590963489441126,10,0.016658926626849653
218,-2.015988878849006,-1.663096427789813,0.015881421252427027,13,0.01363694313856246
218,-1.811435128330121,1.5098244854507974,0.016200805296533942,11,0.017360811076530137
218,-1.963972737191668,1.509354031067536,0.01624985410266989,10,0.01773486586996211
219,-2.021668615547121,-1.6508505481045317,0.015305155264286423,10,0.002352593422190387
219,-1.812836398597073,-1.608519992662833,0.01443844906050055,7,0.0
219,-1.8107286524361044,1.5112391528169669,0.015693726524107054,10,0.011401963078273599
219,-1.9653481585151695,1.5071581309018318,0.015749197879146623,10,0.01821214532119936
220,-2.034960979968055,-1.6608830979821267,0.016058732112069422,11,0.0038834684280702847
220,-1.818367535964095,-1.6119396043922807,0.01526356791299116,7,0.018213588620859332
220,-1.8125012608304454,1.50941321238322,0.01602367841946752,11,0.01337940832153015
220,-1.9666035382729572,1.5082902586134808,0.01556920617370817,10,0.014529026026703988
221,-2.01373098311738,-1.648440281593362,0.015940214766278268,8,0.005514575748211017
221,-1.8041475299536283,1.5119907438847573,0.01581969281771273,10,0.015331874528765374
221,-1.9563831528616407,1.5108464202110692,0.016480211383569345,10,0.014807129200518479
222,-2.017954860276956,-1.6478173650253982,0.016025649807170507,10,0.0036242745674020162
222,-1.8269221142866268,-1.62232273675204,0.01624665763045819,9,0.01584045184410567
222,-1.7879598640449683,1.5113117882921858,0.016302546476480672,10,0.0035267387324228365
222,-1.9688174151170703,1.5072014340585163,0.016019411864032655,10,0.015194964368225065
223,-2.0282105248615494,-1.659472576013038,0.01575921660509636,11,0.005140615206678152
223,-1.8137615947923866,-1.60540732921512,0.01597255612097102,7,0.0
223,-1.8065846227859037,1.5106514991709834,0.01642893974440859,10,0.017198481092709134
223,-1.9697182477006314,1.5084659751072196,0.01631043150460125,11,0.012368939322917352
224,-2.0085858027459933,-1.6483019953296112,0.016443791733413086,10,0.0024279493547048198
224,-1.8270337691129808,-1.6160673873807516,0.015540595483736893,7,0.01823498861112672
224,-1.8085026489861744,1.5103666468815433,0.015897644975797293,11,0.016049037107965135
224,-1.9607395372054592,1.5090637279499017,0.016399727399894124,10,0.01768049846506017
225,-2.0160289090167383,-1.654851213261317,0.01597689356929793,10,0.009046559395478604
225,-1.8415118249839582,-1.6188513560760023,0.01517704684488401,6,0.0017387798323470179
225,-1.8092162482598142,1.5123609378916711,0.016112314400287864,10,0.018960847490876613
225,-1.957334806293933,1.5104427259847972,0.015744546016211707,10,0.018890776422875465
226,-2.02170183415843,-1.6596129444392733,0.015988934540071196,12,0.018389959502984086
226,-1.8163849994717733,-1.603061263259876,0.015534369828621376,7,0.002132691570756154
226,-1.8099389809990973,1.512265357098815,0.016242557087322817,10,0.016211320638741675
226,-1.9613063269108215,1.5119092565986543,0.016129232491023774,10,0.019182264444038137
227,-2.015588384617783,-1.6491456286161708,0.01602575591943699,11,0.005087993744303349
227,-1.8379433399107477,-1.6222093938065265,0.015430542003464649,7,0.0040854547904118745
227,-1.807219603397412,1.5090925256955177,0.016460503956047152,11,0.019218952012942585
227,-1.9608624580886527,1.508689738532539,0.015683186581460395,10,0.018076966693330435
228,-2.036463938697715,-1.6638786539660178,0.015889315210039587,11,0.008450199488129206
228,-1.8317607904451896,-1.6278812382826817,0.015861438894427333,8,0.004603263051761683
228,-1.8076376187916292,1.5100894968124359,0.016091017915079428,11,0.015804920152655576
228,-1.9628503868771934,1.5093471782265995,0.015927147436737763,10,0.018806638083027776
229,-2.0174788538423867,-1.663822238691561,0.015640011380408856,13,0.016415755633412812
229,-1.806396368436837,1.5080605740430246,0.016239463790356876,12,0.01735191765992186
229,-1.9609286353550481,1.5073442461597018,0.016217875386088224,10,0.023215273912230966
230,-2.0132698883622098,-1.6592433603870196,0.015906370014917768,13,0.01607807401040781
230,-1.818610859560306,-1.6050251262038886,0.015566731574806349,7,0.0021300999277096
230,-1.8121274633497404,1.5103227478466912,0.016267106396739967,11,0.01587205551214897
230,-1.963730631261814,1.5107070587587137,0.015999527847986517,11,0.01609469954544554
231,-2.0342090013667935,-1.6578052317595802,0.015783395397664487,10,0.0034476849349491007
231,-1.8172816177940343,-1.6155768804663477,0.015631437565278367,8,0.015992670116379993
231,-1.8131982613594926,1.5098770191409354,0.015995269239985004,11,0.016286025252415605
231,-1.961595661075877,1.5089078058890468,0.015745548851935614,10,0.015677343619204413
232,-2.028919768617441,-1.6584109056290375,0.017012014984145618,12,0.0022439218370938468
232,-1.8249062183942482,-1.6189705673680674,0.015446046540021836,9,0.015892147193530277
232,-1.8113044297624765,1.5104327607141035,0.015995633457867173,11,0.01511599520253223
232,-1.971759738230318,1.5087064108768349,0.01511557982544157,11,0.0
233,-2.017588451078546,-1.6627987726065403,0.01627423780078759,11,0.0048661711540765925
233,-1.8368640084176007,-1.6218900790840238,0.016592074299552083,7,0.001135136098534939
233,-1.8126125893171816,1.5112127096625967,0.01658364157154122,10,0.012466230599829682
233,-1.9603904226485713,1.5112891455801674,0.01605239672732034,11,0.01756334321314481
234,-1.9970441511931611,-1.6404516309210253,0.01465906391552055,10,0.0
234,-1.820579638822137,-1.6051506090270518,0.016141344946766542,8,0.003257996717866025
234,-1.806556738257992,1.5106875047659876,0.016070859467827207,10,0.015872835839103913
234,-1.9646965948873107,1.5093401468883738,0.016239333745718582,10,0.018043372478070297
235,-1.8410642757274651,-1.616874194280958,0.015050839002505785,7,0.0
235,-1.8104623351516242,1.5097056677614207,0.015650366090456856,11,0.01582038171547053
235,-1.9658721557230412,1.5105033071838954,0.01618763738372534,10,0.01798626954503194
236,-2.0158144220583396,-1.6493302680166932,0.016041263831077082,11,0.00537611374462542
236,-1.8448836093943564,-1.623400506943868,0.01711500446651303,6,0.0
236,-1.809689774304471,1.512008512547803,0.015922917220881218,10,0.013508850861977784
236,-1.967303551478663,1.5080151251847738,0.015855731295715044,10,0.014509492726074024
237,-1.9912118620370718,-1.6388980722291853,0.014931388060030627,10,0.0
237,-1.826728017934162,-1.6214992516122106,0.015865349317325663,9,0.017044077852951263
237,-1.8102247433568772,1.5095985064031479,0.01593881835558571,12,0.014644741473394642
237,-1.9625841915000994,1.50908128019659,0.01598423756115579,10,0.0169845830711841
238,-1.8357231148509712,-1.6300108591424682,0.015622516450193044,8,0.001757482156490955
238,-1.8113174519833752,1.5105437469428482,0.016154205568788445,10,0.015676916612356085
238,-1.961713136496906,1.511920285538825,0.01649099514463398,10,0.016244884721276255
239,-2.0037712601957134,-1.6663072581404543,0.015392438586173106,12,0.0
239,-1.8415118249839582,-1.6188513560760023,0.01517704684488401,6,0.0017387798323470179
239,-1.8099360883040285,1.511331632727151,0.015570815904984044,10,0.01346367525859183
239,-1.9578738950018195,1.5107243510483201,0.015990479900133102,10,0.018194859620351663
240,-2.0246350600189493,-1.65720333403926,0.01609576139188575,11,0.005528534439646804
240,-1.8120486698836344,1.509056544570189,0.01622798568470744,11,0.019139141014511134
240,-1.9743616646818687,1.5064580055220176,0.016294064017323445,10,0.002579591203485568
241,-1.8259139237846076,-1.6204338967969902,0.015481874920783973,8,0.016943768785533123
241,-1.8099360883040285,1.511331632727151,0.015570815904984044,10,0.01346367525859183
241,-1.9599262019665964,1.505204919646362,0.015274468983982057,11,0.01576563480506725
242,-2.0182680709208602,-1.6644701576314358,0.01610840991762248,13,0.016440852583736072
242,-1.8171756763560631,-1.605023433397577,0.015602161592261039,7,0.005139710351331088
242,-1.8129161526169053,1.510061196058749,0.016223024904242257,11,0.01677612918076364
242,-1.9773234031497304,1.5069201491946456,0.017147228864466863,10,0.0
243,-2.027863051018237,-1.6570062373355958,0.01628689126680166,12,0.012213155391289735
243,-1.8405931960451567,-1.6243097237302482,0.01599172362264035,6,0.0025492363938914115
243,-1.8105327519960688,1.510568375642026,0.016176316097017193,12,0.01869427117264081
243,-1.9710446318407742,1.5081738948916,0.015707787221923262,10,0.013573576478496984
244,-2.0368863586412713,-1.6567014475608421,0.015718603420444826,9,0.0018783545028562935
244,-1.8259978471813436,-1.6192779990606239,0.01607938770683578,9,0.01845836251851548
244,-1.8136992110579828,1.5096594959378833,0.01660956797247915,11,0.01604705842812431
244,-1.9625437240786356,1.51011056928787,0.017168885618860104,10,0.017352706250894245
245,-2.018068989755024,-1.6616797327443102,0.015567183612671709,13,0.01611661059297283
245,-1.824616216645051,-1.6133471554869185,0.01604851554904871,7,0.015308896781123365
245,-1.812684311607924,1.510324571194188,0.016292853986879664,11,0.020235375197497515
245,-1.9618956758413262,1.509535508755855,0.01585940159257569,10,0.017027559100852532
246,-2.0243711131996016,-1.65523937625895,0.015846625661828793,11,0.004070160676574873
246,-1.8234675063434023,-1.602987310951833,0.015375354947746896,7,0.0022056496644601263
246,-1.8051710840153297,1.5093236373248446,0.015993641417693005,11,0.017017228995171687
246,-1.968226625896419,1.5088638793213063,0.016189059196285296,10,0.01187244275283135
247,-2.031115203145217,-1.6552840111737894,0.01577219316125031,11,0.0034407074800894837
247,-1.8340131943665583,-1.624320867055932,0.016080909965552875,7,0.005192738199897743
247,-1.8101939879346787,1.5110186127953298,0.01625413342060704,10,0.013863680802677638
247,-1.963923834878586,1.50872956744829,0.01621281537799037,10,0.017704134662773378
248,-1.8075656364693584,1.510363443983881,0.0161372850076827,12,0.018924175705355234
248,-1.969683113716071,1.5081359251993436,0.016391320216044565,10,0.011653267606325983
249,-2.0168898383140106,-1.660048921372151,0.015613153879227395,13,0.014977419843209012
249,-1.8178670383182105,-1.6043676477085906,0.015559031051975824,7,0.0021273151336163795
249,-1.808076176454574,1.5089551366007592,0.015963805996071563,12,0.020716599455892923
249,-1.9653541865365778,1.5086138218897547,0.015540123772455285,10,0.01685893890215334
250,-1.8354821815325024,-1.6172541638933675,0.015593869011805919,7,0.017760181435926656
250,-1.807032138691226,1.5099948213736314,0.01616833497524731,11,0.018913836111625098
250,-1.9708623455245886,1.5062670421632873,0.01613327725993265,10,0.013596171836459815
251,-2.015226252664295,-1.6540570303652744,0.015899611452778746,13,0.008800147515768603
251,-1.8137615947923866,-1.60540732921512,0.01597255612097102,7,0.0
251,-1.802435569980844,1.5094274273696102,0.016600950047785005,11,0.02067831917697379
251,-1.9684995018618308,1.509357756175301,0.015904768710037525,11,0.01160921368878675
252,-2.019357802272345,-1.6489634690466235,0.015286276832362212,7,0.002347156334239142
252,-1.8346035263518359,-1.6178998005307683,0.016231298967691304,7,0.017461246416204845
252,-1.8174982876613075,1.5084808805140124,0.016295838590080967,11,0.01135457147382276
252,-1.961393226037477,1.5107075314707188,0.01634890432605783,10,0.017388918054204512
253,-2.0254494220125743,-1.6572129337934494,0.01650184697389879,13,0.006048946237245983
253,-1.824504428536241,-1.6230864902394255,0.01551040896780054,7,0.015070153588417958
253,-1.8076946693827132,1.5107599037823196,0.016468996510024272,11,0.017568124929770973
253,-1.9601361490334859,1.511953736862377,0.016159608211920525,10,0.018956616744399565
254,-2.0308266678999027,-1.659970076428522,0.016562871082321212,11,0.002260847414462981
254,-1.8312656131000433,-1.6269192166047866,0.016236125196129388,8,0.004361411933162612
254,-1.8122938697941213,1.5102019405040112,0.01618375103666081,12,0.014683150018588035
254,-1.9631990263625763,1.5059862584876385,0.015635757934107188,10,0.021877688540206785
255,-1.8249875701032716,-1.602755791012329,0.01492128898266033,7,0.0
255,-1.800470524795019,1.5077913657172342,0.015631242404936654,10,0.01627768356073892
255,-1.9664398820611708,1.5061270934645425,0.015439542283049478,10,0.017797684810715336
256,-2.016381885930476,-1.65714774033938,0.016257624361481017,13,0.01022389716725716
256,-1.8209472326277436,-1.60435832409657,0.01617802796921155,7,0.0
256,-1.8067849258891577,1.512998599984332,0.015917366101614743,10,0.015536529760081911
256,-1.9576099529144668,1.5108758026109472,0.01653377875142619,11,0.019102973241279873
257,-1.9951040100899897,-1.6356192338299533,0.01545811846987994,10,0.003026982906303207
257,-1.8074855489683148,1.511635776139234,0.015857900384143607,10,0.016295851377176852
257,-1.94379862487113,1.5117452213435558,0.0150946566683799,10,0.0025555634134544515
258,-2.032955094227522,-1.6633538875160212,0.017469198013909087,12,0.0
258,-1.8107822016395858,1.5108421902185414,0.016307523165737945,11,0.016692903858772194
258,-1.9608543364717559,1.510543109055447,0.015889318659294972,11,0.02298922832422605
259,-1.815602562670063,1.5104691752535122,0.01597457071811732,11,0.011559374694201477
259,-1.965811998973059,1.5105013923444968,0.01601537443573483,10,0.015015824350448573
260,-1.8113847927800335,-1.6050849961595195,0.015995610413998135,7,0.0047100596523301785
260,-1.811722812744248,1.5089588658513189,0.015808439403059753,11,0.015552271129350424
260,-1.9660497699637658,1.5123768344226103,0.0160444122891683,11,0.020351697335864446
261,-2.03100114649404,-1.6617574634871006,0.016996993321084702,12,0.0
261,-1.8253874196211695,-1.6210069248522743,0.01561723142012637,9,0.015946250335731754
261,-1.8110471014399914,1.5081890500289499,0.016104670066601476,12,0.015923965744615617
261,-1.9749850332059757,1.5084409150519524,0.016241409953610272,10,0.002089829299736352
262,-2.030040087276355,-1.6576865788099202,0.016523484298385637,12,0.0035561626108210607
262,-1.8084224143388157,-1.60694687730979,0.015945422399034424,7,0.0
262,-1.8121049748783729,1.509427506491037,0.016157761127446456,11,0.017016538115817083
262,-1.9513862222720162,1.5131991716383153,0.01612307414791338,11,0.017717287306082116
263,-2.011416743334239,-1.646546876641863,0.015928431207205596,10,0.005508382603341542
263,-1.825069365468529,-1.6202905704092196,0.015526030009310307,9,0.01615332667111466
263,-1.810711729478325,1.5100319288708057,0.0160465638853023,11,0.01771253257236896
263,-1.9554304682736254,1.5153659536364006,0.01623900956290971,10,0.02145976490108467
264,-1.8425911302129698,-1.6182142080887933,0.01629697374771107,6,0.004157150323965476
264,-1.809969532679263,1.5107576762124604,0.016734997398290267,10,0.015131158926989253
264,-1.9625482337839066,1.511057656554909,0.01597971858675234,11,0.020131271020173407
265,-2.016381885930476,-1.65714774033938,0.016257624361481017,10,0.01022389716725716
265,-1.8108996039444958,1.5113887912113146,0.016597398053163296,10,0.01649986630649799
265,-1.9597761812388095,1.509933174443435,0.01631998277614619,10,0.020034202920555355
266,-2.015291895043385,-1.6558471541558357,0.016200896455846388,10,0.009699702845824106
266,-1.8170460695046828,-1.6076914530176172,0.015486294316715925,7,0.016722703886230317
266,-1.8147924542318283,1.5090637057144118,0.016454730410770224,11,0.015439264748142813
266,-1.9663527478292944,1.5074859394983267,0.016184710946835577,10,0.018062706078719223
267,-2.018034615466283,-1.6664337924156751,0.016014020975223777,13,0.01866906946841066
267,-1.8181384641406724,-1.6182120691097843,0.015315056536027523,7,0.01732512402483523
267,-1.8037011273238102,1.5063972779037447,0.01634513965135715,12,0.018260317142579842
267,-1.9580820818965419,1.509949559331753,0.016071373737485406,10,0.02006940338346999
268,-1.828425915690083,-1.6259576904721604,0.0159705220315117,9,0.019162564955229763
268,-1.8065904562959367,1.5079553972654296,0.016654621350489472,11,0.01941341273430474
268,-1.9625541974470584,1.511228873748669,0.01634029503342021,11,0.01892715479907445
269,-2.012836436959603,-1.6436380078686388,0.016561703125690566,10,0.004264700592676239
269,-1.8348436696586294,-1.6249697587896665,0.016279648656710555,7,0.0032626612478394218
269,-1.807099948713812,1.5123732309333164,0.015880711622030783,10,0.01519168031475146
269,-1.9676543827301363,1.5078036247848654,0.016045267761853433,11,0.01589685793479638
270,-2.001947399018511,-1.6369041400301985,0.016755205119761734,11,0.00529074329022706
270,-1.827981777908433,-1.6207503651594761,0.015896831257521955,9,0.015168784274515104
270,-1.805538380497653,1.50923415594448,0.016111218175987974,12,0.022125000264292975
270,-1.9662120097070834,1.5068231940088657,0.016176135379399263,10,0.01410266696605656
271,-2.0129595055521285,-1.6478099002506505,0.015935714495605192,10,0.005515662526624712
271,-1.8434888857839937,-1.6200602111385782,0.01602359368762588,6,0.002846177089152924
271,-1.808852862251027,1.5088979977908308,0.01663409705370122,11,0.015561538276453908
271,-1.9674797253474001,1.5074375579492947,0.016062402596594916,10,0.017497434824554306
272,-2.0380633238639625,-1.6620415845172307,0.01613176504456879,11,0.002363904140013802
272,-1.82996975801827,-1.6196950861079973,0.015979545989223767,8,0.01632902882869967
272,-1.806385920291517,1.50658631517668,0.015961244509434036,10,0.017505672058692048
272,-1.962675133079512,1.5082371717486633,0.016223927300802146,10,0.01825873264541565
273,-1.815239918845155,-1.6067122482834604,0.016000833177238084,7,0.0
273,-1.8124657007357468,1.506305322559109,0.015609453734805604,11,0.014432441549436093
273,-1.9635664998857898,1.5116972599106684,0.01624303466879997,11,0.020313579534737797
274,-2.01373098311738,-1.648440281593362,0.015940214766278268,10,0.005514575748211017
274,-1.8362296648875678,-1.6252734733089726,0.015787534339779218,9,0.019159375687587552
274,-1.8166422255889019,1.5103534123292521,0.01628276940582847,11,0.012760306971448927
274,-1.9628895696814264,1.5104456815243774,0.015954837779872662,11,0.017114819234080633
275,-2.0226265703570494,-1.6614716391185125,0.016120187354326125,13,0.013746801270231224
275,-1.8230683643933163,-1.6118785008264942,0.015507856744774208,7,0.01685981670460358
275,-1.8067111972789212,1.5123773129978881,0.01602357895511347,10,0.016105831462421765
275,-1.9569531521752723,1.5079608294530882,0.015233026032132413,11,0.015364110670350772
276,-2.0243711131996016,-1.65523937625895,0.015846625661828793,11,0.004070160676574873
276,-1.8186321613597365,-1.611852400716739,0.016026786452993495,6,0.018584184541595397
276,-1.8132741379824033,1.508405333072606,0.016185032547723893,12,0.011031858121784276
276,-1.9653541865365778,1.5086138218897547,0.015540123772455285,10,0.01685893890215334
277,-1.8117496809887592,1.5074576276357867,0.015933445380324523,11,0.014758699142601072
277,-1.9655567936078804,1.5096601199565343,0.01571126082208756,10,0.014436585132510444
278,-1.8268986080037664,-1.6219724774315345,0.015467525838064024,8,0.01777723193151592
278,-1.8146422486941773,1.5090580765438093,0.01594118834574137,11,0.013461314042153335
278,-1.9676866683951857,1.5088888076295368,0.016011281711975786,10,0.01534342341227165
279,-2.0243891555514826,-1.6590132280343304,0.01629394607404116,12,0.016839242977067636
279,-1.813662472938444,1.5104324065707058,0.016231723933946028,11,0.01309201028062384
279,-1.9696628768739461,1.509827602599647,0.015866804811855203,10,0.011257681080959491
280,-2.0153340971572873,-1.653997072687843,0.01583051670464244,10,0.008975801794631411
280,-1.8440687156594064,-1.6195129356512787,0.016896673416599145,6,0.0016335357503116362
280,-1.8098624467093423,1.512677845063214,0.01642124579961526,10,0.014354723877283128
280,-1.9649414210702436,1.5090140154314429,0.015697868372033446,11,0.017703179334568338
281,-2.024751036298844,-1.6533684043337087,0.015328939066911669,10,0.002359676366547844
281,-1.8413125173891423,-1.6234948633789352,0.0158736087554206,7,0.003920334527454519
281,-1.803282616285206,1.509467468776183,0.015990320816843855,10,0.01632183981517848
281,-1.965518292737895,1.5083482497935776,0.016231395773503556,10,0.014077862909812252
282,-2.0312378838222145,-1.661950064514731,0.01584931205814568,11,0.005235297848927336
282,-1.808869599553718,1.509735923288676,0.016581749427247775,11,0.016273353302411198
282,-1.9536006740675549,1.5067505703098703,0.01613210474931854,10,0.01881339564595369
283,-2.02927959373938,-1.658705071158218,0.01656043538802123,11,0.002257616785476998
283,-1.8326756812545615,-1.6203707583154978,0.01609909898924293,8,0.016242158686180355
283,-1.8104187693570155,1.5102052934458996,0.016248610731400128,11,0.01699827647113263
283,-1.9629404790197102,1.5077566114324876,0.016335775071134942,11,0.016419825516809615
284,-2.0333227804733216,-1.6636547806695456,0.01699937722194554,12,0.0
284,-1.8438747279391827,-1.6209290380300576,0.015530480427461552,6,0.0024659777760960384
284,-1.8118909571112773,1.509570313259999,0.016354150582925827,11,0.017483351705863057
284,-1.9744585874214389,1.506578793799554,0.01560772774701214,10,0.002392932370147182
285,-2.0368863586412713,-1.6567014475608421,0.015718603420444826,9,0.0018783545028562935
285,-1.8262614744663193,-1.621775590582893,0.015763152424935443,9,0.01624071936961389
285,-1.8058268560499042,1.5134775230991337,0.01596876000821796,10,0.015787356481798902
285,-1.960531650218065,1.5100803732012043,0.016149580045629264,11,0.018314830105587997
286,-2.04028801635719,-1.660565371376757,0.01557083525587047,10,0.0030483744889685457
286,-1.8423626381638711,-1.619597266311507,0.01551549821479236,6,0.0024668203645910646
286,-1.8149713304733563,1.5107602386438774,0.01611535578792698,11,0.016551011741394863
286,-1.966068927609102,1.5101025506527535,0.015576477673967672,10,0.014195940205337976
287,-2.0131831596855116,-1.647993037406033,0.01567139792384923,10,0.00554561233693339
287,-1.8396835721213247,-1.6235616601918719,0.016120447898626895,7,0.0037677438512669446
287,-1.8126368930982355,1.5107274898146028,0.016124530795034224,11,0.014649312317975177
287,-1.964192459783953,1.5098831582586978,0.01583128494416271,10,0.015397265490205488
288,-1.8244325409535507,-1.6180603652321488,0.016096737604176507,7,0.019638078011255965
288,-1.8119576139179745,1.5103987978908877,0.01626743774301253,11,0.015396096525481861
288,-1.962645283649918,1.5082026504891015,0.015426315703617896,9,0.015904569144667046
289,-2.0203145971912777,-1.6650447033886122,0.015846325423763474,11,0.004488307167837478
289,-1.8390537632057968,-1.6244512751658968,0.01659423494418297,9,0.0176363397192023
289,-1.8048861333914046,1.5078168460511323,0.016229287339561697,11,0.01644838988385632
289,-1.9670935234186493,1.5068800999395329,0.016000748444169505,10,0.013514905797187497
290,-1.829756908620117,-1.627356381925556,0.015633747113738005,9,0.004666440795489373
290,-1.8077318728655347,1.5085867463630338,0.015960081712277162,11,0.01962444993326706
290,-1.9587495550918033,1.5079729684196943,0.016215842293723772,10,0.01772259710212368
291,-2.026038626484204,-1.657696649032052,0.01587686497610076,11,0.005497423023049315
291,-1.8224462012215703,-1.6020895316329793,0.015927314410416768,7,0.0017259513939788373
291,-1.805664963134006,1.5099227420191734,0.01621822616153317,10,0.017956211038263524
291,-1.9601286096334536,1.5090933429930184,0.016069177308831725,11,0.01911801575931175
292,-2.0219817742248454,-1.6613399933805308,0.016567210470625017,13,0.010814112012256962
292,-1.8170460695046828,-1.6076914530176172,0.015486294316715925,7,0.016722703886230317
292,-1.805547222397838,1.5111101921097994,0.016067591016317953,10,0.015569969750040944
292,-1.964934998823992,1.5086572163572207,0.016072170248167275,10,0.016456447575226036
293,-2.03186658264259,-1.658357604592017,0.01605107766849241,11,0.0038761907841014863
293,-1.8262387352606766,-1.6214532264232708,0.016074885424349997,9,0.016078221292583135
293,-1.8051842681610604,1.511716584699288,0.016215842549642787,10,0.01742206281158827
293,-1.9624298569102108,1.5096991639622261,0.016034334064893574,11,0.02002236053253205
294,-2.01568537171133,-1.6671533703183794,0.01538786345894217,13,0.016086143342194728
294,-1.824359412651221,-1.6088700513860876,0.016078718805597646,7,0.017417397687724018
294,-1.8134240564725201,1.508661467365023,0.016084239818929227,11,0.01599931390375876
294,-1.9646176610138875,1.5053712882552321,0.015801411504543197,10,0.022117557898534406
295,-2.022215409184554,-1.6553867957365551,0.015982380330253405,11,0.005543123891953768
295,-1.8310943330211,-1.6194832212339965,0.01596417762757957,8,0.018455342126892912
295,-1.8104237623518533,1.5090398624848966,0.016122360580834584,12,0.01642621481573238
295,-1.9616440655440803,1.5075474427707276,0.016125668652880124,10,0.019676965742237578
296,-1.8018915078271642,1.51230367454264,0.016334019190255483,10,0.018127173018931998
296,-1.9620026441240244,1.5124324818030213,0.01549732951945767,10,0.017231397294261982
297,-2.031589348648606,-1.655671230773679,0.016136541360395457,10,0.003400916293959074
297,-1.823986734619322,-1.6188990611177048,0.015968888275698513,8,0.01725930324666474
297,-1.803898191642779,1.5095527988328619,0.015837581136775,10,0.017299115806293532
297,-1.9671084121518005,1.5093785435537777,0.016193163557043658,10,0.016470969788351806
298,-2.033850325872378,-1.6599770384280166,0.01647176219259026,10,0.0038510267455847047
298,-1.831832331544594,-1.6238376384513826,0.014916031018487463,7,0.0
298,-1.8095566047424176,1.5106873359943678,0.015969469323945062,10,0.013663084214156464
298,-1.9537063584063803,1.511931335406113,0.016268296268665515,10,0.01815935468408071
299,-2.0333227804733216,-1.6636547806695456,0.01699937722194554,11,0.0
299,-1.817700268271306,-1.6134233321376568,0.0154758188694463,8,0.016807054609912477
299,-1.8148094507502035,1.5087141898828025,0.016277614536165972,11,0.013524068586763851
299,-1.9624413018495712,1.510609978897963,0.01551555153485138,10,0.015103833488554487
300,-2.02150018107052,-1.6548001922663238,0.01594029394722649,13,0.005666083945102384
300,-1.8223857624274635,-1.605545961569734,0.01461535894223298,7,0.0
300,-1.8136630116237311,1.51193250203504,0.01660974106542659,11,0.013591931398924777
300,-1.9637949825917917,1.508755744103502,0.015663019293334787,10,0.019381465614158135
301,-1.844245465360852,-1.6207256392938347,0.01603156721109131,6,0.002847072432687175
301,-1.8093746923607783,1.5116209136161758,0.01613007540074202,10,0.013602091255231565
301,-1.9604709839386782,1.5122039448467428,0.01622720242730676,11,0.01865811607145823
302,-2.02369856554606,-1.6546888412731153,0.015737771549284754,11,0.004154023302232602
302,-1.8230644091811894,-1.6303351058439666,0.014736187245511755,7,0.0
302,-1.8119373619202968,1.5097975525372798,0.015986521674480617,11,0.015811157723609706
302,-1.9553656139621636,1.5131387067977113,0.015691575653121015,10,0.017294457613197055
303,-1.8189589842194662,-1.6157079446850637,0.014915322181458935,8,0.015410531745880002
303,-1.8047308210795305,1.5104432178717693,0.016206317009937014,10,0.018055081208279786
303,-1.9480789412426487,1.5050005917253688,0.015596047948732625,11,0.01682716356481682
304,-2.0188657267107826,-1.6618737440677394,0.016170046626192397,12,0.01733898687297717
304,-1.8456403861090394,-1.6240671555822854,0.01712402164458186,6,0.0
304,-1.8045696350526168,1.510970464636992,0.016457823356969305,10,0.01757060132300292
304,-1.9604908428489707,1.5091244202892917,0.016036698103072775,10,0.018215195063332575
305,-1.822106336209287,-1.6154071046404255,0.016314056069017095,8,0.01784086118097572
305,-1.807094911291851,1.5108012036610703,0.015844063714437823,10,0.015373216505306092
305,-1.9673915478585846,1.5064759343255694,0.016027612521101145,10,0.015938881670218605
306,-2.0242127012230196,-1.6562019838525226,0.016102513396467573,13,0.00558608192734817
306,-1.8228395971796447,-1.615902376136333,0.015326828284583678,7,0.018301757838027413
306,-1.8089540077320796,1.5096161318334032,0.015954786786090892,10,0.013047196311834167
306,-1.9667672561536491,1.5049809385793411,0.01505953224531152,10,0.013433984990787495
307,-2.0255510278972135,-1.6540206964135165,0.015291285030673764,10,0.002106925170356092
307,-1.8087900245236719,1.5084277176419072,0.015830613421215167,10,0.014170527937809724
307,-1.962450923154931,1.5071551795848828,0.016197768781782623,10,0.015771589602297315
308,-2.0346837965068985,-1.6581916645448682,0.016147931674677818,11,0.003406646737014532
308,-1.8024078115487034,1.5093569785883731,0.01588891732603886,10,0.018042846749947862
308,-1.959890626071703,1.5085089954296995,0.015823453258146516,11,0.019221979266735825
309,-2.023856825716268,-1.6567306768083223,0.01588267178897678,11,0.00557145764160755
309,-1.8196455445702666,-1.6011930525174318,0.01684893330740123,7,0.0
309,-1.8055290513841156,1.5122362504428548,0.015920055665668276,10,0.014882445215883323
309,-1.9635765642369485,1.508486933564059,0.015737706335580533,10,0.018837543840393732
310,-1.8086223623127382,1.5089866037169213,0.01646636680976085,11,0.01742992649431753
310,-1.9614693334017583,1.508299970639299,0.016221214905414453,10,0.017584618480513816
311,-2.0342090013667935,-1.6578052317595802,0.015783395397664487,10,0.0034476849349491007
311,-1.8255538850189044,-1.6194800694654206,0.015306039946611207,9,0.015677134515663417
311,-1.8033689229429877,1.5084950305356897,0.016349006723780514,12,0.0174115291368221
311,-1.9598459374410393,1.5077784541285963,0.0158057955042319,10,0.018337993875987967
312,-1.8460059048809054,-1.6252051064737492,0.01609543047045074,6,0.0021680117858375713
312,-1.8015239391943894,1.50518240305521,0.01613717606148248,11,0.017611699496175207
312,-1.9682457275472818,1.5074658437673776,0.016291927392057832,10,0.015051767193755889
313,-2.0241124547961227,-1.6561196403897211,0.016230654008807858,13,0.005687315745643762
313,-1.810416334496542,1.508460522745852,0.016169616987062062,11,0.018649169587487042
313,-1.9536556011777797,1.5135035068533715,0.015880179565891824,10,0.017437528596354952
314,-2.0339100896202824,-1.6575615904410297,0.01614510569575521,10,0.0034052668253108562
314,-1.8130176505066133,-1.6047457891349683,0.015968065266716302,6,0.0
314,-1.8099065082213657,1.5101801363558742,0.016161457367331544,12,0.0178941519697266
314,-1.9595807203881535,1.5091243803407268,0.01570205096446442,10,0.01754783507467253
315,-2.0230425124790097,-1.6560632933124597,0.01594819739808191,13,0.005671310338600188
315,-1.8050385785184049,1.5119501228424166,0.016115789678891306,10,0.015468803179845128
315,-1.9441875929207981,1.5135395051977907,0.01649452631226959,9,0.0039673541299036314
316,-2.008123618738868,-1.6556958573976903,0.015911300676387127,13,0.02089015117840287
316,-1.825167309109609,-1.6096159198612812,0.01573743610602325,7,0.021011409761430806
316,-1.8102983589808523,1.5091800498487313,0.01562901306556747,11,0.017629615610531373
316,-1.9643315505697856,1.5106439272029917,0.016194986016927038,11,0.017784332698323285
317,-1.826499917327439,-1.621722296365327,0.01591321877164012,8,0.016815349958985953
317,-1.804495317402522,1.5124235629200653,0.01641573113952758,9,0.01644103477839658
317,-1.9579460027922462,1.5089940613117463,0.016771219686815435,10,0.019216197986331292
318,-1.8280244670456345,-1.6203136525711939,0.016015114973425695,9,0.016540789940345607
318,-1.8169965297565505,1.5094114731757309,0.015988679921938916,11,0.00393889913958691
318,-1.9568697718241155,1.5106589636405965,0.015678652857626478,10,0.019856444353276652
319,-1.8105904705589237,1.511130355451979,0.016062778016850937,10,0.012380146300750258
319,-1.9602935265440251,1.5102843571741749,0.016453931712466306,10,0.01825442474261676
320,-2.0343162296755404,-1.6562511693406852,0.01628550134391982,11,0.003018453613127683
320,-1.825963044967811,-1.620077660225806,0.01618243277441786,9,0.01878746964311241
320,-1.8134834203723578,1.509160497209006,0.016021758788552967,11,0.0137606926788528
320,-1.9595617923726467,1.5081950941778062,0.015567504760720847,11,0.02099690430126424
321,-2.0179442002511614,-1.662020195084929,0.015423275903785125,13,0.01608903931233998
321,-1.8190979003558878,-1.6038469531292534,0.0160067122934788,7,0.0
321,-1.8124598125275246,1.5098078688423349,0.016009994011057727,11,0.016029757570826243
321,-1.9615059598138065,1.5086170837631265,0.01613191616059971,10,0.020355660551768955
322,-2.030040087276355,-1.6576865788099202,0.016523484298385637,12,0.0035561626108210607
322,-1.8299760732368011,-1.626267139652466,0.01576822380278491,8,0.004300462274428844
322,-1.7973901885139794,1.5102914564040368,0.015836864843315326,10,0.019991691783216227
322,-1.9658067750308144,1.5103005361316317,0.015873694026235407,10,0.013896637957907913
323,-2.009487694034644,-1.6490421133954007,0.015392847352918834,10,0.0026557521439318733
323,-1.8135117811881176,1.508612711191251,0.015844614796956983,12,0.017017840987067778
323,-1.9690459049802282,1.5080776533007982,0.016301421178583412,10,0.015057403023937179
324,-2.028651673479133,-1.659834445548571,0.01615883023533153,11,0.005215398361562143
324,-1.8185940187283274,-1.6049694866479371,0.0159143167087196,6,0.0017188107310034863
324,-1.8097709796025576,1.5112256852434678,0.015827932400474743,12,0.01426766094356063
324,-1.961949180048102,1.509797479160829,0.015870748090920053,10,0.016954435923185365
325,-1.8146795720813302,1.5116678229331555,0.01607468973094716,10,0.01065631497743761
325,-1.9643881812316395,1.5078591624661992,0.016106075018250517,10,0.017990860668634145
326,-2.0121881210741956,-1.6471779915683393,0.01593214633073148,11,0.005510625152771448
326,-1.8416037867298538,-1.6189311318895894,0.015505537077843048,6,0.0024609090737609607
326,-1.81598630097287,1.510436723972889,0.01604355274225076,11,0.011510799580676752
326,-1.9584454445621289,1.5116552013545599,0.01583884367477223,11,0.018676616472680395
327,-2.027834047282126,-1.6558842425291704,0.01533089747129475,10,0.0020465762993433423
327,-1.8092236645410436,1.5120952274378956,0.016436232754286767,10,0.015510986150118119
327,-1.9608266723758678,1.5114929056262412,0.01592844742541227,10,0.01648091416947694
328,-2.0151515327986544,-1.6560766560200768,0.016435179245714002,10,0.009881859270360059
328,-1.8148993906548054,-1.6017469094668768,0.015517981172111221,7,0.0021283816268869334
328,-1.8096742535541317,1.5087514195925926,0.01605373703661017,12,0.016369769423533697
328,-1.9659877480201138,1.5089182678355169,0.016245810711201434,10,0.015607317995772
329,-2.037429789860887,-1.6653670597192765,0.017024601320922365,11,0.0022555511256859475
329,-1.8419744573981902,-1.6187287951884992,0.016006832591679555,6,0.0028413920628469766
329,-1.8081310393836942,1.511871844560358,0.016107016478903797,10,0.014354007122809547
329,-1.9584310576288497,1.509405557164361,0.015015957835846826,11,0.01989412559211634
330,-2.0168973510779393,-1.6592768388852657,0.01601736998842462,13,0.01295828298988334
330,-1.8086410570067086,1.5116686336507354,0.016310213116461712,10,0.016083753544472803
330,-1.9656609124396554,1.510396329988742,0.015950343328125848,10,0.017416077600245536
331,-1.807924482113266,1.511618132978964,0.016272914761554114,10,0.017346482030950718
331,-1.9629689371181869,1.5089791807562205,0.016002947366855577,10,0.018660676342118206
332,-2.01374336064096,-1.6640052786762494,0.015160220446475883,11,0.0
332,-1.8101734895184296,1.50709881147751,0.016294925257422724,12,0.02156473562165486
332,-1.9650345902642936,1.5078169667339352,0.015869972200900733,10,0.019133188335760696
333,-1.8323430033347587,-1.6210677553588102,0.016164561792328183,8,0.004973384533808985
333,-1.8144379014085041,1.5080578713255104,0.016218934651794324,11,0.015776799897066627
333,-1.9642776174369405,1.5092795909442167,0.016167264055613906,10,0.01796943803060967
334,-2.0039458547328812,-1.6461213269186115,0.014730874260069976,12,0.0
334,-1.8415118249839582,-1.6188513560760023,0.01517704684488401,6,0.0017387798323470179
334,-1.8145488069605311,1.510149648275608,0.016932236145668193,11,0.012525296076086281
334,-1.9506586587100168,1.5125427829149387,0.01540275433238201,10,0.017519601405626212
335,-2.016509333711907,-1.663837956594556,0.016031418738721923,13,0.015084631254327338
335,-1.816229797442625,-1.6122588805591433,0.015237701401298674,7,0.01887979824083091
335,-1.8146825418066328,1.509555013444858,0.01655894775450346,11,0.015242851653051656
335,-1.9661123959816347,1.509496004071475,0.01610580051697873,11,0.012339562202860489
336,-2.014051790856471,-1.6567321849848298,0.015524270860501791,13,0.014687287828944115
336,-1.8215519892133638,-1.608171346683097,0.016045803077806422,7,0.014565299424052016
336,-1.807843156677237,1.5109944231368897,0.015814373736923168,10,0.0139394536872201
336,-1.9611300836165804,1.5095870414811112,0.016075032627422478,10,0.01954669206995824
337,-1.8260775399288471,-1.6330298592315102,0.0147785493516751,6,0.0
337,-1.8118191506688777,1.5097603034151124,0.01634566991429691,11,0.015392748215139784
337,-1.9621462567358552,1.50906017942341,0.01618478265645281,11,0.01844658219546897
338,-1.8245707698958684,-1.6316822058540426,0.014757028586225775,6,0.0
338,-1.8011326515365846,1.5109441166649817,0.016188259570305813,10,0.016587163276974046
338,-1.9625856722458022,1.509934481811101,0.015972953099030057,11,0.016393785977437448
339,-1.999311941189947,-1.6423142175214898,0.016469985450444667,8,0.0
339,-1.8424929681541709,-1.6212053329919751,0.01562207068403458,6,0.0016002289155293372
339,-1.803317755068522,1.508708104068947,0.016290458811628546,10,0.018380441319488367
339,-1.951068577083727,1.5077309651836426,0.016031058478379583,10,0.01653731834015639
340,-2.027092613691795,-1.6552802131794233,0.015302880251983803,10,0.002108300602571114
340,-1.819462176512512,-1.603049782806922,0.01615699710528914,7,0.0
340,-1.8059854039831293,1.5103492997331354,0.016367622852939384,10,0.021879685240497392
340,-1.9639302816643802,1.5110812902004642,0.016187417502523803,10,0.01809998071605552
341,-1.9950381809405577,-1.642047511105442,0.014976627257553063,10,0.0
341,-1.8082861883303536,1.5093798940453462,0.015875282088974287,10,0.017932906470354195
341,-1.9573988680621026,1.5100797617200192,0.016903099240890583,10,0.02087494439008307
342,-2.0118092693963643,-1.654222252711403,0.01579725584421094,13,0.017769029871353422
342,-1.8211127798838354,-1.6044605955204783,0.01678709311208833,7,0.0034384951721799714
342,-1.8124597983909476,1.5114688350440313,0.016292743977087958,10,0.011527428197274273
342,-1.964342768713313,1.5081546034364257,0.01629054258310547,11,0.01588407016139293
343,-2.022028450525212,-1.663297672718607,0.016340194293005834,11,0.017984868936689755
343,-1.8123418778812979,1.5117689633138391,0.015792633624406423,10,0.011619756718715506
343,-1.9641126179635495,1.5063989488371108,0.015861246758238152,10,0.018171234868474093
344,-2.0044216618488115,-1.6389279901964613,0.015655638147951918,10,0.004459698029562112
344,-1.8393340244376257,-1.615357173088573,0.01613902401897086,5,0.0
344,-1.8020871241487018,1.5097340853578238,0.01733123653921415,10,0.01769188359730529
344,-1.970375001607983,1.5058987837173077,0.015872261323230226,11,0.013540438382511878
345,-2.0183944182557836,-1.6632292253064223,0.016266263204740346,13,0.013241464047988202
345,-1.8017409603557941,1.5120957024639992,0.016610858757250394,9,0.018202899787044712
345,-1.9567989294229065,1.5105604396859202,0.016088210812959976,11,0.02036849865677081
346,-2.016211768578889,-1.661135289156636,0.01568380969148682,13,0.01435447688067756
346,-1.8390906865362346,-1.6222413379340697,0.017139952593965346,7,0.002680610719270733
346,-1.8072168479391035,1.5106372878275163,0.016133754781263554,10,0.01687665307038369
346,-1.9617415769215276,1.5075458714960934,0.015958936552767432,11,0.018981338813169237
347,-1.8120066082990907,1.5103397978985953,0.016340425832018064,11,0.016386789019262354
347,-1.9722305813449692,1.5068808838956853,0.01620265374143256,10,0.002546774278066039
348,-2.0031151326801018,-1.6693370906021534,0.016569076541578374,12,0.0
348,-1.8112420924792143,1.5103298845253659,0.016433933932620718,11,0.016472286867110712
348,-1.9683161094941741,1.5089227547908144,0.01577054999989607,10,0.012288004563669507
349,-2.0339100896202824,-1.6575615904410297,0.01614510569575521,11,0.0034052668253108562
349,-1.800762104514499,1.5116450662588752,0.01728279455644248,10,0.01828374770016112
349,-1.9671015299251162,1.5107907613991935,0.016360903275669178,11,0.012447037448115702
350,-2.026347999292207,-1.6602292140309625,0.015725596610043836,12,0.016290644707907434
350,-1.8312330720570973,-1.6268682041603768,0.015627572625581548,8,0.0038306562330467646
350,-1.811964398012536,1.5113347469657192,0.016053406508074117,11,0.013783380660034941
350,-1.9613974587924692,1.507132986088382,0.015811304631190036,10,0.02044913640092746
351,-2.0219343564096635,-1.6608981790665225,0.015890230864896403,12,0.015764945908096257
351,-1.811747800170808,1.510572095752361,0.015922487490651407,11,0.01391093817141302
351,-1.962373667351266,1.5106590913897087,0.016129337568571125,10,0.01590912660723386
352,-2.0161415902802697,-1.6495990103426412,0.016283443024144584,8,0.004997033536225262
352,-1.8447012345361076,-1.623156895742099,0.01650454261263104,6,0.0016129876815008399
352,-1.8113661462108475,1.509428862744975,0.015979419436553243,11,0.014936374506328346
352,-1.969142031847043,1.5087628736567116,0.01596543784956624,10,0.013482300561782144
353,-2.015211264326936,-1.6541543097959426,0.01606898983898025,13,0.008334472377585282
353,-1.8227899322070449,-1.6086085325106076,0.01543980882938365,7,0.01748819544254135
353,-1.8121601826439608,1.5125901124432009,0.01573749720369182,11,0.011531562317542215
353,-1.9666997502225314,1.5094882217751824,0.01597612545113216,10,0.01375952857041341
354,-2.030040087276355,-1.6576865788099202,0.016523484298385637,11,0.0035561626108210607
354,-1.8178145230417386,-1.605847470723992,0.015451336051902395,6,0.003988878881387651
354,-1.8040244220384456,1.5120029869193161,0.016127730763499975,10,0.017474781791205055
354,-1.9640791080953635,1.508945234670913,0.016188910073686138,10,0.018605092603163786
355,-1.8433108744049012,-1.6204326905360573,0.015554939104479554,6,0.0020659566860512365
355,-1.8114447989208584,1.5097476927408762,0.01623931548519908,11,0.014856099152690393
355,-1.9626946312684235,1.5090712206860202,0.015651800299077517,11,0.015741463178952142
356,-2.0265275177175712,-1.658095369179529,0.016113842121255714,11,0.005591730449287409
356,-1.815239918845155,-1.6067122482834604,0.016000833177238084,6,0.0
356,-1.806446433862897,1.5127673205846333,0.016739235204653202,11,0.018389388077363556
356,-1.967311346351525,1.5095254690911546,0.01596502130192386,10,0.014966830431359882
357,-2.01685241306298,-1.6501800433876674,0.016365222906809355,11,0.005071970207763595
357,-1.8416037867298538,-1.6189311318895894,0.015505537077843048,6,0.0024609090737609607
357,-1.8085718910258335,1.5135630078112319,0.015767814686811876,10,0.0166896292230744
357,-1.9684065772964272,1.5084007872334189,0.01641997325799068,10,0.01353956685939078
358,-2.041657514894937,-1.6688235699447278,0.016578812412200043,9,0.0022750549807208677
358,-1.8033383383213841,1.5114396085503885,0.016641857709458936,10,0.018078726261671247
358,-1.9673443612281047,1.5056801138786164,0.015294815177934304,10,0.017060740332661282
359,-2.0343179992540326,-1.6611854514428983,0.015707269811507003,11,0.009137925974307029
359,-1.8037686307073668,1.5102280505080983,0.015882648530404775,10,0.0176747862749642
359,-1.9725044866665589,1.5096791956931859,0.016079005792869167,10,0.0020931874078953805
360,-2.0153313947288654,-1.6495881396299048,0.01608502160713134,10,0.0052984542172793535
360,-1.8134256825431716,1.5092134065439418,0.016361673693487462,11,0.015724143289723744
360,-1.9645914676827658,1.5105276733408364,0.016032870671790288,10,0.017081314931049987
361,-1.8259316505965693,-1.6180601512560535,0.015978609987848856,9,0.01656415136324413
361,-1.8086133885343474,1.5123288005004185,0.01637970366159135,10,0.01521996827344056
361,-1.9638348048536414,1.513037689518836,0.01583314477262346,10,0.018571236045050434
362,-2.0313537023629493,-1.6587595858257567,0.015703969280324533,10,0.001875989579966415
362,-1.8229437334936793,-1.6049077385342556,0.015863541251597803,7,0.0021957546981291594
362,-1.8066279579734015,1.5119586097143674,0.01630524914506046,11,0.01816498964154973
362,-1.9652849286260536,1.5098701453238463,0.016096655524187584,10,0.016759818594208876
363,-1.8133850467810495,1.5113950270635612,0.016575161366957046,12,0.016270391758363895
363,-1.9691937841793445,1.5087963404656832,0.01592281965186155,10,0.01431708061438172
364,-2.0152231109149,-1.6494992739239074,0.01622115692454413,8,0.005371837802881733
364,-1.8413234409447437,-1.6186855749379474,0.014938808803350525,6,0.0017626251075814753
364,-1.808678635217812,1.5117650132715938,0.01624731399887618,10,0.015850571297068947
364,-1.9666097619727636,1.5101396642050198,0.0159916126542707,11,0.018295453026623918
365,-2.015648691065633,-1.6491951671526628,0.015948662719723034,11,0.0050207939208722005
365,-1.8430272328747255,-1.620183092375124,0.015194769321090486,6,0.001739830271904677
365,-1.809596548695854,1.510053704801661,0.016255346310170393,10,0.01720710350074301
365,-1.967197248263511,1.507285863231579,0.015399069738371643,10,0.019054469981885133
366,-2.0396107910385535,-1.6633046492524597,0.016135418658035028,10,0.002366611635041694
366,-1.8269241344371057,-1.621142692443665,0.016135462277220392,9,0.018101805063305193
366,-1.814030533007888,1.5102168554898074,0.016223190880303568,11,0.015031115323197855
366,-1.9682876889457885,1.5085015571116165,0.01616723849929901,10,0.013845791203232797
367,-2.0300527647586937,-1.659338610403272,0.016561395295670165,11,0.0022601854335068984
367,-1.827790582265694,-1.6226233936753658,0.01556176696079379,9,0.013773336960537348
367,-1.8102118409913979,1.5105077221360927,0.016083295906291796,11,0.015473404523437206
367,-1.957988822950673,1.5133913328346698,0.01594933574866044,11,0.02306102201834764
368,-2.0131024476630373,-1.6455378210140061,0.015764091329743622,8,0.005960296775060022
368,-1.8441224124559956,-1.6227321452088357,0.017102163095622923,6,0.0
368,-1.8077375961488735,1.511327705580963,0.016219392313869166,10,0.016603936168160582
368,-1.9605346817675497,1.5115218019572767,0.01580094884057072,11,0.019754744329769196
369,-1.8384401695749986,-1.6272428762212314,0.017205479789334704,9,0.01660993352695198
369,-1.8071645805501158,1.5082527514102972,0.016653154596657678,12,0.019685518336728138
369,-1.9670144385388388,1.5053675410047964,0.015863071030482675,10,0.02281428694866741
370,-2.031871641623695,-1.6608249760753278,0.016289416208717523,11,0.003020154923183231
370,-1.8211567552169456,1.5108213372654737,0.016953470676392288,11,0.002024337038777891
370,-1.9689979596013927,1.5124244798000812,0.01615947081959044,11,0.01338273414942324
371,-2.017036067129582,-1.6622145887739237,0.01620011572139282,13,0.014859481476374203
371,-1.8234986808040539,-1.6014490823930663,0.01490156605402194,7,0.0
371,-1.8123797138120021,1.5142306701464405,0.016187931795465953,10,0.013852193974092599
371,-1.9656216662733963,1.5075131998087268,0.015835360104903266,11,0.01678406302842773
372,-2.02926620937878,-1.657055743681636,0.016521630886342346,11,0.0035545871451459652
372,-1.818254208032671,-1.6136289357587277,0.015662769580637243,7,0.018681230768261236
372,-1.8147654722422963,1.5102127453661198,0.016375322777235767,11,0.015427113345445456
372,-1.968975462549662,1.5093388297828298,0.016941536899905463,10,0.014055374667170465
373,-2.0270924764561045,-1.6592150735383329,0.015949825815663767,10,0.00567999714309061
373,-1.825320203447581,-1.6323470045158603,0.014757949916772808,6,0.0
373,-1.813640549632469,1.5113351873896799,0.016124052379028652,10,0.014272118204849613
373,-1.9670381479550765,1.5099914301055315,0.01594873120814998,11,0.018311397111825896
374,-2.0261784316938063,-1.6584667078270272,0.01610276529560512,11,0.005531932577630332
374,-1.8137615947923866,-1.60540732921512,0.01597255612097102,7,0.0
374,-1.8130971498651351,1.511036649947446,0.016296359519255916,11,0.0157962189610665
374,-1.9642351949679733,1.510838311698838,0.016214670532523113,10,0.01742036032528385
375,-2.0278638324400644,-1.6598451189955583,0.01595452266187452,11,0.005680523677200373
375,-1.8320828550797834,-1.6276747497131872,0.01645805801463605,8,0.005039384475635819
375,-1.8107193356891964,1.5110975438207317,0.015843616701345296,10,0.014572847648872643
375,-1.9653033248101,1.5101603625787803,0.015982310135652558,10,0.018789688054779954
376,-2.014044158168394,-1.6485337973479308,0.015779246176846982,10,0.00533189040186333
376,-1.8123741283695967,1.5111181406713967,0.015936899952018593,11,0.01981170345334331
376,-1.967808595886155,1.509815164443227,0.01524194909532504,10,0.01280214688649505
377,-2.035487146556991,-1.655563679002592,0.015553714748334686,9,0.0019325082460031834
377,-1.8146509692431791,1.5104176448547355,0.0165176324407488,11,0.014291561916612159
377,-1.9690254908410534,1.5095760633932245,0.016532750495197927,10,0.015418567173379511
378,-2.0217972189043123,-1.6648453697201726,0.015911524215965044,13,0.01402274175277126
378,-1.8188861153270182,-1.6029620087364158,0.016234367700726518,7,0.0010005086543945496
378,-1.8145277995261697,1.5103526243127454,0.01608014405522895,11,0.01253897960141507
378,-1.9635224221256042,1.5095279489273168,0.016788289239636652,10,0.015406060728076428
379,-2.0190426241248516,-1.6666068074989917,0.016023023602223994,13,0.017329124336704884
379,-1.8265472838898014,-1.6109157853239822,0.016582336269031158,7,0.01888301727031114
379,-1.8120198488316739,1.5102582384642782,0.016133585013717425,11,0.014019423187048734
379,-1.965512459664278,1.5101133605734847,0.016209149491093453,11,0.014203594318696043
380,-2.0152231109149,-1.6494992739239074,0.01622115692454413,8,0.005371837802881733
380,-1.843408879793538,-1.6178789682289596,0.016516890577724284,6,0.0022104966792060015
380,-1.8093071959194302,1.510496533240536,0.016349274254785048,11,0.016151235863133703
380,-1.9627289507347572,1.5111640184561852,0.016385660319174114,10,0.016434151878123176
381,-2.037962827411303,-1.6674526487490815,0.01700390112071051,12,0.0
381,-1.822478298729973,-1.6068229185046703,0.015314663419028717,8,0.0035948456438659425
381,-1.807796620904204,1.5105893353739448,0.01616734438368909,11,0.017131632488107024
381,-1.9585771936778955,1.5113154965023647,0.01646481352247549,10,0.016107395151042106
382,-2.019969279451438,-1.6599577206776135,0.015982036075178684,12,0.01750656066462976
382,-1.8325350546683712,-1.6216277217012447,0.016147862152140067,7,0.018353675102810562
382,-1.8142309559820085,1.510879242901211,0.016046895471445256,11,0.013125915620464997
382,-1.9615735197096609,1.5111647269338346,0.016354532742044636,10,0.01707799392937083
383,-2.035487146556991,-1.655563679002592,0.015553714748334686,9,0.0019325082460031834
383,-1.828690030817613,-1.6219934528747137,0.015771122418066094,8,0.01469362430957167
383,-1.8029042797591615,1.5124366544733467,0.01614455838815453,10,0.017842318230241502
383,-1.9624043670559363,1.5094941974037137,0.016026215044266,10,0.01717550404506648
384,-2.0058646586578632,-1.6597780705423073,0.014739947961694207,12,0.004589129047988942
384,-1.8234633312794373,-1.6124029668492905,0.015927592559443947,7,0.015965305168084656
384,-1.806893874888968,1.5104772655644216,0.01596222899051333,10,0.015711866685380476
384,-1.9686087196484925,1.5086574392620908,0.01620418002962254,11,0.014121897961017841
385,-1.8263221787322979,-1.6220900641123575,0.01592830085939432,8,0.01756434386279399
385,-1.8099326463247716,1.5086700186540598,0.016102011682982188,12,0.01880052994338295
385,-1.9686508127606726,1.508680337831644,0.016113554082168365,10,0.016032352725482184
386,-1.8228589801098127,-1.6019306698198088,0.016089801412523894,7,0.0027491770444053646
386,-1.81329174843439,1.50961122246395,0.015792379577674757,11,0.013555486273678525
386,-1.963138152247578,1.5107277715922562,0.015812755592651634,11,0.015365736872347732
387,-2.028919768617441,-1.6584109056290375,0.017012014984145618,11,0.0022439218370938468
387,-1.8102450698306427,1.5108146457887857,0.0161592106932235,10,0.017111227999167943
387,-1.955997859564034,1.508294129731531,0.015516190206750125,10,0.022769315083981237
388,-1.9976062557450682,-1.6344057653610677,0.016305536644543338,10,0.01673982522357285
388,-1.8047296444893024,1.511725131504111,0.016161542423180773,10,0.016227635974551968
388,-1.9650999912067775,1.5078266080821574,0.016127772382282007,11,0.015568155576946316
389,-2.0142706874766105,-1.6480663922345917,0.01603502501208766,11,0.005369688850352626
389,-1.843118059282113,-1.6202633081351907,0.015522316959037096,6,0.0024655064212646977
389,-1.8078419851884746,1.5103297364734376,0.015964414930358814,10,0.01511149002672557
389,-1.9458019001557274,1.5147975540546568,0.01599092473387957,10,0.003540409843179451
390,-2.00916845533576,-1.6626543434362135,0.01622917802530751,11,0.01603439737735854
390,-1.8383702101875987,-1.6224211283807195,0.015178586454116644,7,0.0017410157496337009
390,-1.8035752321511238,1.5110878906611556,0.01597332087727542,10,0.0162785633662476
390,-1.9658379315643177,1.5100796811854706,0.01610671281751675,11,0.01727144773614149
391,-2.017357382984534,-1.6407766167462352,0.014921130378748444,9,0.01651300806316302
391,-1.8422914910970336,-1.6190075954196352,0.015436385839481153,6,0.003216408886893594
391,-1.8093877448690627,1.5097719962040903,0.016079338016219854,11,0.01638280752974391
391,-1.9652463253080035,1.5073132661920754,0.01621923252813254,10,0.018449719978939797
392,-2.0116482475677384,-1.6508118983502231,0.016485891512017785,10,0.0024238284026384203
392,-1.8379622981550692,-1.620013968515765,0.015952376222952695,7,0.0019820639722952574
392,-1.8107766562237357,1.5088416957901172,0.015951445263935275,11,0.014860866755673028
392,-1.967315024441399,1.5098861673236905,0.015965608497094753,10,0.012909796415322536
393,-2.0169132950580284,-1.6597419647312506,0.015825416844120112,13,0.01008125257713156
393,-1.8057430008755146,1.5067797356885928,0.015577433763147186,12,0.021574146135890968
393,-1.9630601493078714,1.5077553173688343,0.016007006949864,10,0.01659630362814651
394,-2.0334354244804116,-1.6571752225932137,0.01578053753511855,11,0.0034464181786114066
394,-1.8256557771014237,-1.619635860551915,0.01545397482843379,9,0.01590273367122519
394,-1.8090083614979817,1.511597547941185,0.015902186881708198,10,0.015639593952176557
394,-1.9727376396466971,1.5103989710270813,0.01671864913876544,10,0.004684816047567181
395,-2.0076655909054204,-1.6529483316446083,0.015586548276613668,13,0.017974194420511
395,-1.819462176512512,-1.603049782806922,0.01615699710528914,7,0.0
395,-1.8016322600553771,1.5100287458832178,0.01573010317512282,10,0.018147244277255076
395,-1.964102669560086,1.510190033809264,0.015868798403671426,10,0.01698547998627195
396,-1.8438747279391827,-1.6209290380300576,0.015530480427461552,6,0.0024659777760960384
396,-1.802468006777068,1.5111280238789602,0.0157597513066984,10,0.015648980250822838
396,-1.9606616334970255,1.507613383956784,0.01615990597950735,10,0.01755430449796766
397,-2.015588384617783,-1.6491456286161708,0.01602575591943699,8,0.005087993744303349
397,-1.8373230953388233,-1.6242389202836531,0.015848324051515435,7,0.001673709140418633
397,-1.805458744240932,1.5133486386986919,0.01605780714521821,11,0.01821673708728358
397,-1.9636908133677444,1.5054708699380173,0.016211106242466435,10,0.01879865592800501
398,-2.0046697119153922,-1.6467151170678056,0.016538458590869422,10,0.0
398,-1.8203413603246466,-1.6164405555384522,0.015363305857836636,7,0.018659629451622313
398,-1.8053814228200662,1.5085218567164853,0.015940333972982064,12,0.015917157089016233
398,-1.962635437203458,1.5078086814546086,0.0159914967941572,10,0.016848501250252803
399,-2.030813813314482,-1.655036395153693,0.016488878081689716,11,0.005201851592925304
399,-1.8296932364720981,-1.618906101523792,0.015651143407978144,8,0.016026994996686226
399,-1.8090043291123254,1.5085795419355161,0.016108596251276534,11,0.015982834058574123
399,-1.9644578805375155,1.5107135990275506,0.01646095551952845,11,0.01655594394964772
400,-1.9939540022933187,-1.637912885892763,0.016401984763434675,10,0.0
400,-1.8427320358503447,-1.6193944666000035,0.01601565710095464,6,0.0028439749555148573
400,-1.8135388990653276,1.50972239137343,0.01619714444948467,11,0.01438590129734896
400,-1.9604895640269462,1.5085653854186436,0.015692405218179502,10,0.023314932293670015
401,-1.8100607219697369,1.5106178974882962,0.016025689815364733,11,0.014995444010128563
401,-1.967479284771248,1.509745725456173,0.016132899667723404,10,0.01518504914350009
402,-2.034968227607436,-1.6595194088362417,0.01612175186996413,10,0.002359458026983721
402,-1.8087294327285786,1.5112106028739627,0.016226631200547605,10,0.013438503653944462
402,-1.9669023830891852,1.5079492288076957,0.015692426089068182,11,0.01307457717682074
403,-2.027199976309708,-1.6593032837776742,0.015814702481807948,11,0.0055585238810507585
403,-1.8218748455399072,-1.6031557100092506,0.01687919326366616,7,0.0
403,-1.8069903711195674,1.5100295329840516,0.016030564306207622,10,0.01591715796037339
403,-1.952612633066256,1.5145929415408723,0.01556578410356213,10,0.020348170014417424
404,-1.9950381809405577,-1.642047511105442,0.014976627257553063,8,0.0
404,-1.841975448965773,-1.622477145646449,0.015116056318590455,6,0.0
404,-1.806501786347419,1.5104475723287951,0.01603781175994291,10,0.01672365005159516
404,-1.9646718038811752,1.5116272719468113,0.01688279672120687,10,0.017733033807588068
405,-2.0260482840874157,-1.6609890483711582,0.016521591805919174,12,0.0035601539500526324
405,-1.8137615947923866,-1.60540732921512,0.01597255612097102,6,0.0
405,-1.8057679660281885,1.5096069154441412,0.016276448743621268,12,0.020858783559582577
405,-1.9656933819781401,1.507857448359933,0.016024050405808468,10,0.01823071491583967
406,-2.0075545885837274,-1.6562902032354838,0.016138122170122733,10,0.02059966176629889
406,-1.8242452451514803,-1.6021052211265199,0.01490825436874125,6,0.0
406,-1.8131107465312826,1.5100413870267764,0.017320574490509808,11,0.014157950619092355
406,-1.9545951772149373,1.5139324396630205,0.016416221978046465,10,0.02021185747096471
407,-2.0173455844368497,-1.6604225347535382,0.015887320865924152,13,0.014975619391602392
407,-1.8276171224453277,-1.6223198434392103,0.015245509760505281,7,0.016569663379357773
407,-1.7997009872294243,1.512360777442775,0.016025973005774536,10,0.019231427523618862
407,-1.9600553500681146,1.5088051172445476,0.016199437853530008,10,0.01851958827515609
408,-2.031873700547395,-1.6569953922660015,0.016112579238918873,11,0.0023543302766565206
408,-1.829179319258731,-1.627759818993412,0.014583177633317219,6,0.0
408,-1.812479205814626,1.5108414566590351,0.016119349531314074,10,0.014825447837312856
408,-1.9679125044152155,1.509727210611977,0.015941393230793084,10,0.011675312682275191
409,-2.018068989755024,-1.6616797327443102,0.015567183612671709,13,0.01611661059297283
409,-1.8242112214684516,-1.6036425554397689,0.015594209979909679,7,0.0020439749564318127
409,-1.8090554813050332,1.5100224794754087,0.01588908253017995,10,0.017944579717963257
409,-1.9655512538978746,1.5091629783635994,0.015842016072462127,10,0.01580077797526281
410,-2.0383692167133445,-1.6677836294813317,0.017474555626600618,11,0.0
410,-1.8384481893221134,-1.6145785404706452,0.01561924295536262,6,0.0038567391294948017
410,-1.8113062526966912,1.5107768709896756,0.016375994711978197,11,0.016091637413215086
410,-1.9601700765003804,1.5097894611478033,0.01602669970707297,11,0.020839608426082207
411,-1.8264050276387913,-1.6203000715651015,0.015463244401132883,9,0.015915052627121385
411,-1.8123165138018387,1.5105436700139678,0.016158734946547616,11,0.013947469810262448
411,-1.9616593946425855,1.5101325840730324,0.016114857500411646,10,0.01582830094379744
412,-2.0272545214721034,-1.6586906518089044,0.01599071105764003,13,0.00547593253376339
412,-1.8163323956444701,-1.6045401499372738,0.015427353588973538,7,0.003983182661927279
412,-1.810065758195192,1.5094690169457559,0.016303245356136243,11,0.015201550910124434
412,-1.9660904529758947,1.5085504223917314,0.01617685224794317,10,0.015526444728777069
413,-1.8181431919395885,-1.6023058272114583,0.01622568202176459,7,0.000993999174089412
413,-1.8128306323391539,1.5127271032856453,0.01624955133950262,11,0.01579811909625522
413,-1.9672443897159717,1.5073107976381634,0.01610258564162916,10,0.016053932365855887
414,-2.0102350791283685,-1.6436809203744744,0.015179178566287093,11,0.0038521848002897943
414,-1.8380957567169869,-1.6210331822660802,0.01565521667074243,7,0.002977066843204715
414,-1.808355706450314,1.5118893397861706,0.016277216842522164,10,0.016848134096281192
414,-1.9659050127084094,1.5100357891318117,0.0159332586995412,10,0.015061994606403586
415,-2.0318052116808873,-1.6558446648550356,0.016238742595614968,10,0.0053370514179629305
415,-1.8281578080988032,-1.6256917383545328,0.015186853049508243,9,0.004311987995457474
415,-1.8078591765257925,1.5126536393068402,0.015756448034325545,10,0.01579705034275645
415,-1.958398401299847,1.5113260740615586,0.01605056021481293,10,0.019545137500222926
416,-2.0044216618488115,-1.6389279901964613,0.015655638147951918,11,0.004459698029562112
416,-1.8179768313232505,-1.6017402338073372,0.01613701411887885,7,0.0
416,-1.8063191356732053,1.509034084772767,0.016286876081200583,10,0.019944430292206116
416,-1.9673906139280923,1.507074066960333,0.015687224913176832,10,0.016286445500484168
417,-2.016344010332879,-1.6584165184815232,0.015950433476913935,13,0.010935154549518556
417,-1.8170710163578496,-1.6051900483001673,0.01544333615533676,7,0.003987368824843129
417,-1.820619378142755,1.5095943783873738,0.01689387909966613,10,0.0013885902969078025
417,-1.9633595718992538,1.5106447039107131,0.016137439417833983,10,0.01854843733113939
418,-2.018057066925752,-1.6614255852413966,0.016873508961884255,12,0.001843310341824866
418,-1.8103826835849854,1.5109714314381524,0.016455356612582073,10,0.014524755640196497
418,-1.964320048439272,1.5092491309495626,0.01644611034609175,11,0.01719805641508374
419,-2.0175509375744025,-1.66230906064086,0.01590502158901129,13,0.011262450502766537
419,-1.8072479288580807,1.5101561927159446,0.016041488442597302,11,0.017745762957349816
419,-1.9636876847637057,1.5106990758123213,0.016298947382209005,11,0.016864476619197533
420,-2.0146012439429892,-1.649153540412271,0.01583562004127996,10,0.005543824569920842
420,-1.8050142368888642,1.5124608525122214,0.016381331390692037,10,0.01707276028971328
420,-1.9610363741169543,1.5113183103337504,0.01603502340546447,11,0.018572020424540946
421,-2.0396033247590544,-1.6646716634219827,0.016069871631643237,9,0.003892901616373378
421,-1.813788034340076,1.5104723431249987,0.015870438242514336,11,0.011931358251087203
421,-1.9667156284571092,1.5115836818620219,0.016072785694764728,11,0.018514723733770864
422,-2.0200881327523676,-1.6594669388851568,0.015402865206093568,11,0.014751970696325951
422,-1.8363503356232715,-1.6263053885724685,0.016294537830812802,7,0.003264753313173243
422,-1.8077044016536428,1.511951712031202,0.016247381803119555,10,0.0163374313951509
422,-1.9607389584912085,1.5099994179730016,0.016338239153909646,11,0.01939659472708561
423,-1.9962517008731888,-1.639800280945079,0.016429708383400018,10,0.0
423,-1.8438747279391827,-1.6209290380300576,0.015530480427461552,6,0.0024659777760960384
423,-1.8059414611850682,1.5070224582397889,0.015755291740723966,11,0.016199281425111924
423,-1.970668366102781,1.5061021458714774,0.016397632839895905,10,0.014001697338043309
424,-1.8074897181096852,1.511825195173303,0.01605433190119824,10,0.014902802835157082
424,-1.9600085421487519,1.5079496867130489,0.016000599271696725,11,0.017272361698873015
425,-2.022967894763313,-1.6601047540525542,0.016555282992501086,12,0.002255539102807508
425,-1.8243609639632161,-1.6198661223231687,0.015716022087401013,8,0.019338578459358352
425,-1.815793617639553,1.51201378083161,0.01642510067861355,11,0.00492852182301716
425,-1.9665271384861698,1.507910680267895,0.0161325269248681,10,0.017190026178514173
426,-2.0334140921459847,-1.659619414403694,0.016055257189925808,11,0.0038797458227448752
426,-1.843628170906095,-1.6191260644709107,0.016317402155125657,6,0.0030879204355221766
426,-1.8118769918703825,1.5084013724267373,0.015628493022824614,11,0.011602915110679816
426,-1.963441229895443,1.5098486615823097,0.016230065969219186,9,0.017634492038635815
427,-2.031226015508302,-1.6586613295592707,0.015693156906284138,11,0.009121966920106717
427,-1.825320203447581,-1.6323470045158603,0.014757949916772808,6,0.0
427,-1.808036937723544,1.5116536076234737,0.015963954890285122,11,0.01437791570146584
427,-1.9660554845987364,1.507843221611252,0.015592017665105748,10,0.016438768860523693
428,-2.0116409999167013,-1.646730518661105,0.015663357720231776,11,0.005538078910935209
428,-1.8027970300353702,1.5124218519033334,0.01581535267851082,11,0.016153778604937778
428,-1.9630551504002263,1.508512796847179,0.016073111247244084,10,0.01749359426342484
429,-2.0298227247976213,-1.6607918789775094,0.01599100364068322,11,0.005606372276669726
429,-1.8178670383182105,-1.6043676477085906,0.015559031051975824,7,0.0021273151336163795
429,-1.8079937578602285,1.5089353862840507,0.016465580876170515,11,0.017483069341760773
429,-1.9573322086148377,1.5087581857525796,0.015998822473427918,11,0.020856306467177083
430,-2.0289041602079756,-1.6633309339086881,0.016399155709289754,12,0.008078858178824366
430,-1.8040492660391454,1.5081599080220254,0.01620314432547516,11,0.024840338746128877
430,-1.9619413306138116,1.5098641074917547,0.016304006894042957,9,0.016655295752106978
431,-2.0175114811149273,-1.6599642770874925,0.015716030176189034,12,0.002089155974590728
431,-1.8388569568735027,-1.6217002366617528,0.015667712515258152,7,0.002978521575161064
431,-1.8126029554914211,1.5096883055887476,0.016398911838668647,11,0.013912563963639999
431,-1.9613616589115996,1.5126112072174316,0.01643758828799149,10,0.018128990156658288
432,-2.0065781017760207,-1.6544216888044652,0.01589282236760779,13,0.02086337424896058
432,-1.8222639955042075,-1.6102325507694288,0.015860374924459207,7,0.017292953771239815
432,-1.8063087896909307,1.5094500614847968,0.015852857081514054,10,0.013636963182758205
432,-1.9603515184667457,1.5092693820988894,0.016138190694605863,10,0.015842179598733575
433,-2.0357419914899,-1.6601498194324413,0.016124324590339426,10,0.00236050781887565
433,-1.8258598722918569,-1.6191582589560276,0.01593126334860392,8,0.018223753673513247
433,-1.8130550937581875,1.5074972319761866,0.016499514271799614,11,0.014712193371210287
433,-1.9573636876606837,1.5109890298205344,0.015773741850293378,11,0.020098216874044502
434,-2.01718696064552,-1.647191832065495,0.01601594971223741,10,0.0036170918879964657
434,-1.834449854091502,-1.6239915095668038,0.016539458391935484,8,0.0036794966577358523
434,-1.8099895206172838,1.5083407248136864,0.016292148333095315,12,0.015823471864318088
434,-1.9618839849280796,1.5090481301575147,0.015580239672458302,9,0.01504102404082567
435,-2.027062237622298,-1.6552554092625456,0.015348286100108837,10,0.002368558291665765
435,-1.805830524106623,1.5083024122433883,0.015822573449823976,10,0.015752378303620078
435,-1.9630438071109322,1.5114997288648429,0.016680664423955216,10,0.01766764878525062
436,-2.0131680467136364,-1.6478175594186104,0.01590610844129931,8,0.005396342251063639
436,-1.8390519144181123,-1.6166884575773608,0.01491310510581276,6,0.0017572373109295417
436,-1.8091868382424148,1.5101489421234184,0.01648998153978879,11,0.015969591023407607
436,-1.9643454320892204,1.509726117823729,0.016342534948489456,10,0.01617700892136825
437,-1.8415118249839582,-1.6188513560760023,0.01517704684488401,6,0.0017387798323470179
437,-1.8153617870919434,1.5098422426242146,0.016434161934462434,11,0.01265906799535477
437,-1.9634405851705756,1.5102269327525926,0.016205701159414408,10,0.017413095371048373
438,-2.0216702254994736,-1.6606871967424113,0.016317180410373614,13,0.0135270687599107
438,-1.8198383669721085,-1.604498756956408,0.016020008119056454,7,0.0
438,-1.8110322452206187,1.5101927374202382,0.016114294127510045,12,0.013303601408320046
438,-1.9642613472823518,1.5068696279647877,0.016193258830624533,10,0.018005036515284345
439,-2.024751036298844,-1.6533684043337087,0.015328939066911669,10,0.002359676366547844
439,-1.8211313173659542,-1.6025006911842383,0.016869832648556814,7,0.0
439,-1.8104970548724078,1.509443014211358,0.015743053619714155,11,0.016181813919359522
439,-1.9644886115448723,1.5092577504937532,0.016086272266288365,10,0.016751566534472025
440,-2.023209471962953,-1.652108056402304,0.015318099474340607,10,0.002358967700276154
440,-1.8213892836874095,-1.602652501976749,0.016262142606735194,7,0.00155720950461357
440,-1.813271590233728,1.5071811552824463,0.016108929760149226,10,0.015467484705473348
440,-1.9681249717832934,1.5063293246106089,0.015390042025339704,10,0.013959575112462819
441,-2.0209638514447335,-1.666694417979701,0.01588374073798137,13,0.016442942971274487
441,-1.8245707698958684,-1.6316822058540426,0.014757028586225775,7,0.0
441,-1.809125229853097,1.5092741854262133,0.015808322328311513,11,0.020707734609621102
441,-1.945391960621034,1.5114500517311678,0.014656491463236348,10,0.0
442,-2.0246704950627614,-1.6554842289452683,0.015510868713520004,11,0.004009407172366783
442,-1.8144231892301015,-1.6031143788520752,0.01655026678197164,7,0.0029189824589788676
442,-1.816437727262244,1.5090077074899573,0.016271947029688517,11,0.012949857280468772
442,-1.9680620307917736,1.5103109213671289,0.016131006929413935,10,0.015444876515194259
443,-2.0313714611293405,-1.6604170324652245,0.015969598046686635,11,0.0030698855428992334
443,-1.816377191066544,1.5093169617036404,0.016177716171343493,11,0.013199348544523041
443,-1.9651020670746944,1.5119797853453296,0.01584708068227506,10,0.016851844553471794
444,-1.8122978264948055,1.5108798759786264,0.01633148338270201,10,0.014636172080773157
444,-1.9672325858433581,1.511963386226563,0.015781108604452882,11,0.018871016039215507
445,-2.0158144220583396,-1.6493302680166932,0.016041263831077082,10,0.00537611374462542
445,-1.8170285940041626,1.5106688230236012,0.016403402539419375,11,0.012094003534313022
445,-1.9500019025742874,1.5111398193704153,0.015993603378415544,10,0.020210623966912145
446,-2.034187446906695,-1.6577857188486558,0.016168985829556927,10,0.0052211101747760315
446,-1.8174161681323455,-1.602361486214853,0.014864152047980621,6,0.0
446,-1.8039277355303038,1.51442581896186,0.016500468214978473,10,0.015894175409411817
446,-1.9645458066015689,1.5100491191135819,0.015503030122810449,11,0.01865214580361825
447,-2.0148157924973944,-1.649166556927539,0.01578219545837617,8,0.005334854212445124
447,-1.8218748455399072,-1.6031557100092506,0.01687919326366616,7,0.0
447,-1.8094850582696058,1.5103686947501431,0.016301149592268034,11,0.0171416212545145
447,-1.9649533991792314,1.510127138283851,0.016162070384695162,10,0.017152565840576294
448,-2.021223555468536,-1.6609777213595582,0.01578743768513924,13,0.015311271312524929
448,-1.821837941730637,-1.617770076031848,0.015376691543925156,7,0.018677931828108712
448,-1.8066164232370272,1.508338392981808,0.016001587185534582,11,0.02066620852640865
448,-1.9602183989414517,1.5089106115927884,0.016372481260656057,10,0.019604755568279734
449,-2.014641419359686,-1.6607499160359156,0.01564893825630158,11,0.020380633059411356
449,-1.8423626381638711,-1.619597266311507,0.01551549821479236,6,0.0024668203645910646
449,-1.80615877496289,1.512048179106903,0.016660696964352635,10,0.017750368620098364
449,-1.957245475163309,1.509817751074591,0.015793224724043098,10,0.015261962028698946
450,-2.0355219509058227,-1.6601891170759806,0.01610488894835444,11,0.005159638012227557
450,-1.8020647036228656,1.5115335349366144,0.01650608606150252,10,0.019596410206289168
450,-1.9519558662260674,1.513422775469812,0.01614757201571188,11,0.016685354820903813
451,-2.0210609132010435,-1.662493850869201,0.015855293520834656,13,0.013593469381582967
451,-1.8235783927926539,-1.6204682977153264,0.014681378504675017,7,0.014771552025782966
451,-1.8136773300031752,1.5103362927446828,0.01694429306379436,10,0.013649599709922865
451,-1.9673379325314955,1.5107590388597876,0.01597152538229622,10,0.013517426692755224
452,-2.031825316812323,-1.6600886387518439,0.015872088737360925,12,0.008428156021976833
452,-1.8344523466341949,-1.6248818858008556,0.01622983992397853,7,0.002637820324127573
452,-1.7972566843152349,1.5116444256539916,0.016120871959413727,10,0.018323082699231285
452,-1.9720691815967577,1.510448776607659,0.015958970864888015,11,0.0034623829339314434
453,-2.032473503571416,-1.6596792377380347,0.016017422864162145,12,0.009081583708987827
453,-1.8203891272383224,-1.604982693164524,0.014901838926566708,6,0.0
453,-1.8157242883299496,1.508345782286876,0.016294404049704603,11,0.018350337703350244
453,-1.968555170388349,1.5106435352500394,0.016504061606523922,10,0.014768306027684688
454,-2.023493997835036,-1.6564333243056502,0.016322125036283018,13,0.005615090519447863
454,-1.8196447254877515,-1.6043257522688024,0.01489397249176043,6,0.0
454,-1.807566744983633,1.5126005898513284,0.015995893981541734,10,0.016936451148166644
454,-1.9733791663872102,1.5119877511133573,0.017518556171619404,11,0.005812081350548368
455,-2.0209260072281032,-1.650244230286506,0.015256389778040122,7,0.002100146568567869
455,-1.8305803974849357,-1.6200533007120967,0.01564871321829069,8,0.015511572174363098
455,-1.807915002103278,1.5095598220186972,0.0164038242074573,10,0.017573077799523995
455,-1.9726820612603118,1.508536224099743,0.016233494183497423,11,0.0053553711127598625
456,-2.025583481156927,-1.657325614535896,0.015763908353184208,12,0.0034382867885480476
456,-1.8172769788442684,-1.6069273099322996,0.01471302808389437,7,0.002692007328296101
456,-1.8071557370389821,1.5128477005283718,0.016735105193563325,10,0.019788626524591988
456,-1.9573206390978992,1.5133483755349257,0.01590728944950829,10,0.020184330046473815
457,-2.034982511095553,-1.6584351671969941,0.015786459863917034,10,0.003449184749207418
457,-1.827273276292133,-1.6223057274733197,0.016209926500154525,9,0.019018834361395474
457,-1.8087712831495908,1.5110039756835596,0.016468483204685937,11,0.018219825300084647
457,-1.9688353246359462,1.5074987275730458,0.015833973569111426,10,0.015266336662507476
458,-2.0243711131996016,-1.65523937625895,0.015846625661828793,11,0.004070160676574873
458,-1.8206038721884228,-1.6139217182162306,0.015298870485208916,7,0.01826177746756509
458,-1.8199883283117928,1.5089892880783047,0.016103751597877698,11,0.0038570892674465672
458,-1.9725044866665589,1.5096791956931859,0.016079005792869167,10,0.0020931874078953805
459,-2.0153313947288654,-1.6495881396299048,0.01608502160713134,8,0.0052984542172793535
459,-1.8181431919395885,-1.6023058272114583,0.01622568202176459,7,0.000993999174089412
459,-1.8160828940862743,1.5082522693511293,0.01607014395182235,11,0.011118222520688356
459,-1.9685062602886851,1.5084003826729089,0.016409189426375512,10,0.01371291522320046
460,-2.033727594138376,-1.6639882133857455,0.017469293198159867,11,0.0
460,-1.8337472293345218,-1.6188308292253994,0.01616238080824357,7,0.017815662201381487
460,-1.8130854403950682,1.5083679735941278,0.01604702854609314,11,0.01484778424859238
460,-1.968767670628305,1.5097719857573348,0.016067329618700686,10,0.013257184433065505
461,-2.038055570675196,-1.6634086399338184,0.01606640305268586,10,0.003888332725272169
461,-1.8405678594261028,-1.618020333950628,0.014931576171205075,6,0.0017618188023332884
461,-1.8154395914097603,1.5107629976027046,0.016210283771020042,11,0.011824722893599916
461,-1.970127188888042,1.5103200834158799,0.01562613868111878,11,0.011649240757747911
462,-1.8356849215129591,-1.626076243086917,0.01581635937265624,9,0.0069550907101419085
462,-1.814658746056896,1.509693887160965,0.016374504359418767,11,0.013426241631380637
462,-1.9660287714408056,1.5107978136155615,0.015572144965566737,10,0.015418743419975954
463,-2.014876768765675,-1.6485642756867342,0.01594535307915035,8,0.005017489693151966
463,-1.817236988733973,1.5109954247763207,0.015633000357616545,10,0.0018403819263710817
463,-1.9654034411036487,1.510750835912582,0.016144556051578808,10,0.016993534612578076
464,-2.0314595902824655,-1.6621319348322718,0.016504576462734535,11,0.005211805697661661
464,-1.8159756090707995,-1.6073592363534925,0.016021011904787257,6,0.0
464,-1.8064413554720329,1.5115178525160458,0.016503958330075032,11,0.016968160989618137
464,-1.964236531388238,1.5094257318707374,0.015443099544208092,10,0.015917693746502527
465,-2.0112043863652125,-1.6577759401098113,0.015694362819758785,13,0.0
465,-1.8200205466036998,-1.6046582234336488,0.015897635527195513,8,0.0035950518778551334
465,-1.8074880526841441,1.5093284388087724,0.016089819967131748,10,0.017598047441491214
465,-1.9675233164372583,1.511485112303344,0.016147383835394564,11,0.01456587848730428
466,-2.01404462408322,-1.6478823183431182,0.01601958817283345,10,0.005082506896018839
466,-1.844495381180236,-1.6238717918957917,0.016080502703710222,6,0.0021539698890186056
466,-1.802845979771613,1.5124882195510616,0.016567637865541475,10,0.018285034616620725
466,-1.9543129523493015,1.514983327812339,0.016094755067629894,10,0.01765072462974955
467,-2.021422210517481,-1.6539217812102829,0.016113047188739633,12,0.00338698034846108
467,-1.8193498530734526,-1.6056757962161492,0.015581777877439657,7,0.0021321684816603707
467,-1.8127076207028578,1.510838495829786,0.016579991352067763,12,0.01660845097154451
467,-1.965336813410339,1.507834914693379,0.016066705383363866,10,0.016728321188874577
468,-2.03186658264259,-1.658357604592017,0.01605107766849241,10,0.0038761907841014863
468,-1.842579689458107,-1.6182046860727046,0.015068300869187415,7,0.0
468,-1.8113272753649556,1.5103942065364382,0.016139958516971052,11,0.01547849825469985
468,-1.9611389784733269,1.5110111254883454,0.015977226021145232,11,0.02015332578462494
469,-1.9970441511931611,-1.6404516309210253,0.01465906391552055,10,0.0
469,-1.8220141463611998,-1.609229104749149,0.015894172277376,7,0.017064541431145566
469,-1.8077893927549007,1.5096929564003516,0.01634164315546802,10,0.017629979602357054
469,-1.9587845165152427,1.5126013824687934,0.016336306142231555,10,0.016969332987184768
470,-2.0331365590332195,-1.656931624127384,0.016142200017761045,11,0.003403986313179225
470,-1.8312932791606262,-1.6282830478823613,0.016627836935128152,9,0.0039426498273082275
470,-1.8078282483052384,1.5094222879522412,0.016456343517144898,10,0.01663747362399036
470,-1.9592455103410091,1.511010667691395,0.01604710176676761,10,0.018067234076940386
471,-2.0348700357737153,-1.6649192960222756,0.017001125514643948,11,0.0
471,-1.8338685071823315,-1.6258784339094376,0.01628790412191332,9,0.01972912943571112
471,-1.8109523536166692,1.5109383043120264,0.01676309627508369,11,0.017430069055512823
471,-1.9649438655071445,1.509888315646616,0.015591217132611678,10,0.01720101412485968
472,-2.0207270001079802,-1.6601233473602506,0.01603925173664269,13,0.014497746403818255
472,-1.824359412651221,-1.6088700513860876,0.016078718805597646,7,0.017417397687724018
472,-1.816437727262244,1.5090077074899573,0.016271947029688517,11,0.012949857280468772
472,-1.964326230788627,1.5117005663009084,0.016331288106350032,10,0.016681859430830222
473,-2.026666324503017,-1.658210067419056,0.015752125055649036,11,0.005137354186958829
473,-1.8171286665152593,-1.6037191786913434,0.015541744804437829,7,0.0021333577618820355
473,-1.8138527823238189,1.5100950534477016,0.016145454588441695,11,0.01491811131723251
473,-1.9661383354667374,1.506878237670362,0.015765547266689342,10,0.020303208192775587
474,-2.03100114649404,-1.6617574634871006,0.016996993321084702,12,0.0
474,-1.8267475690000141,-1.61994187688242,0.016091623285859263,8,0.018476248960820736
474,-1.8101658601464086,1.5102728664275509,0.016486233020539014,11,0.017445525158021922
474,-1.9668198149436644,1.5095382751083832,0.015795337001419482,10,0.014511238450361622
475,-2.034960979968055,-1.6608830979821267,0.016058732112069422,11,0.0038834684280702847
475,-1.8424929681541709,-1.6212053329919751,0.01562207068403458,6,0.0016002289155293372
475,-1.8002010902042604,1.5139426810229637,0.016428442669588088,11,0.018105224299961416
475,-1.9686080062299187,1.5087076247432119,0.015786480215798742,10,0.013218192179233253
476,-2.020727396354599,-1.6642912349392696,0.01597106302891017,13,0.012694038215049414
476,-1.8062518212608751,1.5089489813894799,0.016037460793988982,10,0.014769736197990659
476,-1.9665364484501433,1.5055584799438737,0.015906283608026362,10,0.015399230171685534
477,-1.8292878053798467,-1.6195627350427555,0.015384906406785978,8,0.017571459719763812
477,-1.805916584412847,1.5094255184823118,0.016229486045899726,11,0.01892561175535733
477,-1.9659370263053002,1.506606461647422,0.015511562333026065,10,0.015455746357917438
478,-2.022668881960709,-1.654938697943064,0.01609519938820504,11,0.005583222597684092
478,-1.8232155997225281,-1.6084151364224446,0.01621094564134158,7,0.01460049526483389
478,-1.8100527264645616,1.5105211983263302,0.016033379627253812,11,0.016756945090801507
478,-1.9613622588129318,1.5102928287076933,0.016206362844144832,10,0.017717081183683685
479,-2.015648691065633,-1.6491951671526628,0.015948662719723034,11,0.0050207939208722005
479,-1.8261866971848137,-1.6045927346141498,0.016669589615070708,7,0.0039035952365126837
479,-1.8053461447194004,1.5113399744717013,0.015652206304500652,10,0.017803157707592627
479,-1.954055936461447,1.5115242273643636,0.016065915897583792,10,0.020223353691966258
480,-2.0033482139849665,-1.6655342787862755,0.014525812511189425,11,0.0
480,-1.8266403099340967,-1.620572088581993,0.01595294326891048,9,0.013279130130272323
480,-1.8008280808483974,1.5111456400763064,0.016403416605155645,10,0.01664255224212589
480,-1.9413895773087009,1.5128163229189409,0.015929639800002577,10,0.002074288546262331
481,-2.0201270607564092,-1.6594192993042045,0.016310228940404885,13,0.013518495202743229
481,-1.8188975185263236,-1.6134429351887116,0.014982582837163876,7,0.016101056943741792
481,-1.8134437959225014,1.5101485438959035,0.016333270017168236,11,0.014705033645984002
481,-1.9680230436191117,1.5092902299482123,0.01613231337538077,10,0.012613183211976325
482,-1.803675870151592,1.5081518692957707,0.015662371803716074,12,0.021532715857655503
482,-1.9619636710148345,1.5100427748091,0.016038919551605087,10,0.014682159893765215
483,-2.0151515327986544,-1.6560766560200768,0.016435179245714002,10,0.009881859270360059
483,-1.8332216424892773,-1.6222676586254303,0.01589156438836831,8,0.004937536250636882
483,-1.808581540421921,1.510183251015064,0.015836577564157177,10,0.013190251911402008
483,-1.9586137536059418,1.5126118101771233,0.015847286635235085,10,0.01524706352168757
484,-2.031240518720218,-1.6603079256540152,0.017015644424112672,11,0.0022487904286314
484,-1.8359601516848614,-1.626218277649587,0.016245671261965893,7,0.002637470971117676
484,-1.8044089898993496,1.5117626842199654,0.015914221008008142,10,0.01511058127812143
484,-1.960838749780631,1.5080906405922818,0.016222932985219148,11,0.016549945923873433
485,-2.0303072368714945,-1.6552782083030984,0.015950560044011287,11,0.005679343851348008
485,-1.8364259882762257,-1.6268031172705655,0.015813806308834468,7,0.004916252952728696
485,-1.8111727939990208,1.5092617103007553,0.015862380997897798,11,0.016516996316234663
485,-1.965647248804455,1.50671497464743,0.015565478494529595,10,0.014398884341509089
486,-2.0278391695035998,-1.653429836603394,0.015887146927564235,11,0.005574918582312702
486,-1.829017526735535,-1.6246979285166903,0.016262600576714734,8,0.015254780597219263
486,-1.8087624078256712,1.5106465415067358,0.01608894009230986,10,0.015500722506982825
486,-1.970862048425106,1.5110565938095122,0.016488451520168264,10,0.0
487,-2.0069641269056215,-1.648599816364114,0.016569963679348355,10,0.0
487,-1.8234671937036393,-1.60298889496495,0.015584648227502633,7,0.002042729158547944
487,-1.8039901612626612,1.5091389534807715,0.0162159884774985,10,0.019959637476562306
487,-1.9681204334348699,1.5083879547685195,0.0159113589384575,10,0.012419504381517036
488,-2.0239793320613355,-1.652737088072092,0.015302481729793763,10,0.002041085902561075
488,-1.8091057372864898,1.5099068622162564,0.015888357085289313,10,0.01304086260576816
488,-1.9684274785810458,1.505745464486893,0.016075004752006565,10,0.015796644456843607
489,-2.0286722995463555,-1.6598528859012913,0.01577506502539183,11,0.0034452520503692593
489,-1.8333692882933466,-1.6223041652529322,0.015754498043958773,8,0.004968891883346205
489,-1.8093965274107369,1.5099151117680187,0.0162964031011305,10,0.013720313974086485
489,-1.9693488089660207,1.5074468261675353,0.01596713844353289,10,0.015079133544760644
490,-2.0244841332628125,-1.6570799879491172,0.016263108451427775,11,0.005398167388542964
490,-1.8219791857260927,-1.6016792825651394,0.01535631310486871,7,0.0022044423008809816
490,-1.8040091757913181,1.512564609596527,0.015648121474451174,11,0.0217030962299016
490,-1.9581392738747134,1.510682822491712,0.01586079942836837,10,0.020425245300958014
491,-1.8419744573981902,-1.6187287951884992,0.016006832591679555,6,0.0028413920628469766
491,-1.797125953712252,1.5065614550627742,0.016499638133530014,11,0.017299403214079665
491,-1.961337040732003,1.5082314693900085,0.01623287896987891,10,0.016800655707770593
492,-2.0136009216869497,-1.648333514227744,0.016103583018142888,8,0.005526971119828588
492,-1.8216426335329259,-1.6048918823482263,0.01460546475720771,7,0.0
492,-1.813158947517052,1.508237310928069,0.0158414192122112,12,0.015780355088198906
492,-1.967942277042533,1.5078752479656228,0.015929398843364775,10,0.014500843654560086
493,-2.0334354244804116,-1.6571752225932137,0.01578053753511855,12,0.0034464181786114066
493,-1.8269890572623342,-1.622118742138842,0.016084420908520157,8,0.01609219082181337
493,-1.8014126310951744,1.5095173755715368,0.0163663483633519,10,0.017277616305565825
493,-1.9647360730193189,1.5112812379245835,0.016140582275577856,10,0.014443676800438827
494,-2.009842605523479,-1.643359990811952,0.015605414406636339,11,0.0038972723859433773
494,-1.8448258506255502,-1.621763384535425,0.015782825593642084,6,0.0022093219257588595
494,-1.8077720516853906,1.509605164996761,0.015903194617680055,11,0.016173250333687175
494,-1.9625041659993374,1.5070768676152795,0.01583847953314119,10,0.022558102556096197
495,-2.0334354244804116,-1.6571752225932137,0.01578053753511855,10,0.0034464181786114066
495,-1.8342593719066311,-1.626927344614107,0.015259198231864474,7,0.0012202934395470358
495,-1.8042897276224996,1.5100335541467356,0.01634389075183186,11,0.0193809704271834
495,-1.962345365718733,1.5089791321822628,0.015990335565121118,10,0.018604789875945913
496,-2.026038626484204,-1.657696649032052,0.01587686497610076,11,0.005497423023049315
496,-1.8062861398866026,1.5084886342223636,0.016212221420030197,11,0.01691636205300237
496,-1.9641078969163257,1.5098786406702902,0.01571549295863275,11,0.016963990262882613
497,-2.0177731215685437,-1.6608028077286292,0.015593663112458345,10,0.01591542850358683
497,-1.8151899360618353,-1.6020661279529715,0.017231314820405453,7,0.004127415861250691
497,-1.8051506184325101,1.5100939037654146,0.016181965847018098,10,0.01672096484106251
497,-1.9598242881159353,1.5110245462424066,0.01622659111553742,11,0.01789378594121636
498,-2.032640382732671,-1.658988368727368,0.016053225705518412,10,0.0038776282781224337
498,-1.8203388902573308,-1.614069975711105,0.01586218588074473,8,0.017336177540263446
498,-1.8044050758182248,1.5128745454524513,0.01619948209264309,10,0.01659693670577302
498,-1.9646440896334718,1.5092131055921478,0.016053748580607707,11,0.018718798452756886
499,-1.823485150551984,-1.611988348496281,0.015687657505643434,7,0.015210564816531094
499,-1.8047977952713652,1.513343588658637,0.016725396082397526,10,0.01670788714859882
499,-1.961019901261392,1.5109680642253058,0.01652880095104467,11,0.019840336111885716
500,-2.0095832945706102,-1.6601963019486847,0.0158023757348164,12,0.020887016731956976
500,-1.8401926876753976,-1.6224421447552608,0.014484894932675178,6,0.0
500,-1.8015802088026216,1.5107361895467195,0.016132904521934006,10,0.017692385827486282
500,-1.9677394494842013,1.50889230322509,0.015696818007652387,11,0.015662990264615134
501,-2.018333550087668,-1.663362244795526,0.01633122956267793,13,0.015077848978998
501,-1.81154177722229,1.5099546901469363,0.015753069904293635,11,0.014412558635929574
501,-1.9654297344383336,1.5080704715028945,0.015539977921523541,10,0.014902585818029983
502,-2.0357419914899,-1.6601498194324413,0.016124324590339426,9,0.00236050781887565
502,-1.8097587148849887,1.511162530870545,0.016085075910965068,12,0.01603192158246719
502,-1.9512936077827119,1.5116732066594498,0.015852781697157474,10,0.017413689747995887
503,-2.030318820469195,-1.6570945747764505,0.016047621080325005,12,0.003871624718745239
503,-1.8329903956373026,-1.6252856558165603,0.015303755371593314,7,0.0021291162579796926
503,-1.8065565733173625,1.5118102601783427,0.01656390865317799,10,0.01853807906792727
503,-1.961305963549579,1.5093843455257272,0.01566526124203015,10,0.016482143906935476
504,-1.9885991140860004,-1.633514351835595,0.01633022188850473,11,0.0
504,-1.8249822288392965,-1.6017068281853186,0.01664347279078773,7,0.002545604213411925
504,-1.8027215670326509,1.509445251156672,0.016311946637688823,10,0.01754320453610185
504,-1.9576221404821768,1.508734258068605,0.016644746133531514,10,0.019303778932721796
505,-2.03152905516724,-1.6580821015336864,0.016466896211633154,12,0.003846002997722483
505,-1.8199372795317619,-1.6154118410637086,0.01551424365213574,8,0.016853516624982964
505,-1.809135743432431,1.5102178954314527,0.01588338944313542,10,0.015629435208969762
505,-1.963495817322602,1.5086913627740834,0.015851659949639673,11,0.016476251320687075
506,-2.021207670452102,-1.6587588485866753,0.016069002298092876,13,0.011713433772376757
506,-1.8063457904149238,1.5082627047110824,0.016071995594620445,10,0.018535733602034938
506,-1.9635036394779526,1.5096341221164797,0.015460062149128477,10,0.015305943094553848
507,-2.0406893219387783,-1.6696834060041845,0.01747613099113097,11,0.0
507,-1.8124278375655973,1.5098617553981344,0.01666877110935608,10,0.017320047953275453
507,-1.9651550723575777,1.5111915367558342,0.016435684699153963,10,0.015703844275583287
508,-2.037343691663995,-1.6636510157728903,0.016107649861218626,11,0.0035936283635701043
508,-1.8215064121496534,-1.6059675652714482,0.01591795054165876,8,0.003600858865146754
508,-1.8098143810431142,1.5081932712934056,0.01619138265357948,11,0.01661751380801486
508,-1.961655793205587,1.5108787372937749,0.016054368944760092,10,0.018300797685155128
509,-2.027862836972601,-1.6559077486551708,0.015309844263048634,10,0.002109983230894295
509,-1.821310839595893,-1.6055155288660685,0.01612279240612068,7,0.0044467657130940405
509,-1.8107597186455615,1.5088578542521291,0.01616167178047043,12,0.01792639298631053
509,-1.9696390230539471,1.5058505602034498,0.016182207499823933,10,0.013304659522458824
510,-1.8083784622349586,1.5114137392051545,0.01633314705916014,11,0.016365409837513775
510,-1.9644886115448723,1.5092577504937532,0.016086272266288365,10,0.016751566534472025
511,-2.0246275731483743,-1.6573613351152883,0.015886951827796807,11,0.005575051047135943
511,-1.8186959515404066,-1.602221308560194,0.01631930952880187,7,0.0
511,-1.8085226694608127,1.510365321731999,0.016588036470223527,11,0.017224095622518552
511,-1.9681360593767525,1.5074243200487352,0.016259278484169668,10,0.013958590758966993
512,-2.0343162296755404,-1.6562511693406852,0.01628550134391982,11,0.003018453613127683
512,-1.8263162621968754,-1.6178122574238973,0.016139109195695577,9,0.01781845597411687
512,-1.8164896331300813,1.508655271975514,0.016240136689028493,11,0.01211019752180315
512,-1.9599409190052852,1.5107023069419885,0.01619479929354238,10,0.018431891208501087
513,-2.0348728092577564,-1.6572503444945876,0.015486345826605573,10,0.0039380178094446305
513,-1.830182519197968,-1.6293478082433719,0.015607942137185096,9,0.0047553422130433565
513,-1.8088079443726335,1.5104526770877895,0.016006718108163145,11,0.0179904197027222
513,-1.941638282974175,1.5085342272115965,0.01638799524383227,10,0.0
514,-2.0343162296755404,-1.6562511693406852,0.01628550134391982,11,0.003018453613127683
514,-1.8268158704873951,-1.621875316093704,0.015208082470191685,8,0.01397265167703968
514,-1.8114940926359369,1.5085678153570412,0.015765993338556016,12,0.014788386806956016
514,-1.96489453068903,1.5071366480840063,0.016401150568465823,10,0.0178405390903248
515,-2.008619202548833,-1.648509681206904,0.015464845186800635,10,0.012206006176074142
515,-1.8415118249839582,-1.6188513560760023,0.01517704684488401,6,0.0017387798323470179
515,-1.8024174960548345,1.5086488333315273,0.0163447184964481,10,0.01815120150157795
515,-1.9666064994446684,1.5109152428699069,0.015884809700528236,10,0.013901242957134142
516,-2.01373098311738,-1.648440281593362,0.015940214766278268,10,0.005514575748211017
516,-1.838505809444526,-1.6213360910095738,0.015700072834667362,7,0.003364987086418164
516,-1.805160961577898,1.5086917297015674,0.016751157492173423,10,0.017519965387231964
516,-1.9652719996393333,1.5110430434463256,0.01620325400254746,11,0.017983094595840316
517,-2.014711501221254,-1.649080955160868,0.015913184588318956,10,0.005398742519944568
517,-1.8415338698562993,-1.6183417926179609,0.015427449785238972,6,0.0032181915277526233
517,-1.8035718138554313,1.5100993774247604,0.015785010679604007,10,0.017804241677907517
517,-1.9529203962665553,1.5121426129840607,0.016145077235410275,10,0.017891431786183645
518,-2.019734306108155,-1.6636563868241527,0.015880955231643814,13,0.017136063318856348
518,-1.812702837779083,-1.6058326517732042,0.014497980754619035,7,0.0027985395657814036
518,-1.8060364231337303,1.5102532076277975,0.015284310952519475,9,0.015027624332255147
518,-1.9643404848590187,1.507898989928375,0.016040274329475964,10,0.01642253756244218
519,-1.8387685553644535,-1.6215128265519578,0.01641266283567191,7,0.004052123209635111
519,-1.8115846437979877,1.5101634488348774,0.016604426011878084,10,0.016448162737050936
519,-1.9576051577546936,1.509919919290088,0.015993303170294113,10,0.02003128592029277
520,-2.0077777938255768,-1.6492686279232753,0.01477379420243593,10,0.0
520,-1.8181251145739035,-1.6045532257487798,0.015348298134111486,7,0.002201410036176483
520,-1.8085959024186247,1.510998727959037,0.01590317903365686,10,0.01846235100508828
520,-1.9604088640742978,1.5093199374729749,0.016254252247636516,11,0.018058416242178858
521,-2.0334140921459847,-1.659619414403694,0.016055257189925808,11,0.0038797458227448752
521,-1.8420811939791386,-1.6193510676825782,0.014947306673081851,6,0.0017658712849475426
521,-1.8150745316646943,1.509435201494024,0.016210888788409747,11,0.015106158773236941
521,-1.9711149425688863,1.5047416020946398,0.016158776219279858,10,0.014269531291283735
522,-2.0334354244804116,-1.6571752225932137,0.01578053753511855,10,0.0034464181786114066
522,-1.8185530608570721,-1.6064974485984123,0.015467273831629078,6,0.003992977614511012
522,-1.811293392674193,1.5118021635635317,0.016151902275228655,10,0.013762025055480048
522,-1.9424225228875829,1.5091422454390797,0.016396330673285282,10,0.0
523,-2.021119766305545,-1.6589239309609929,0.016183730940421755,13,0.012213150624083288
523,-1.8202067112169253,-1.603708897461604,0.01616275012399188,7,0.0
523,-1.8062519994033592,1.5128486764338136,0.016242597649784127,10,0.016128638750891558
523,-1.941638282974175,1.5085342272115965,0.01638799524383227,11,0.0
524,-2.005660286680301,-1.6385886012799884,0.015804085499313888,11,0.005301636326530628
524,-1.8430272328747255,-1.620183092375124,0.015194769321090486,6,0.001739830271904677
524,-1.80948561219601,1.5104373120359165,0.01616445659974646,11,0.017088946659528963
524,-1.9603798104442822,1.5075907368840276,0.015297444434288016,11,0.02113596364606073
525,-2.036242371886619,-1.664396080267869,0.01657088363944265,10,0.0022661327289053047
525,-1.8430481306860234,-1.61967303122423,0.01544396157466503,6,0.0032203808950288524
525,-1.8092173554980127,1.5112996678817374,0.016863283856890527,10,0.016916729197345087
525,-1.9568240934001508,1.510599170960374,0.015741871812225913,10,0.017619813075696947
526,-2.0072690793513277,-1.6415258552848604,0.015791790617637736,10,0.004657079645678599
526,-1.821340319613853,-1.614753212539008,0.015272572249417863,8,0.018626962333763673
526,-1.811948607172643,1.5094821921169186,0.01632891951727087,11,0.01441098104868387
526,-1.9567090851429525,1.5091543329908348,0.016026451187166273,10,0.01642613411240125
527,-2.0294448159596064,-1.660483836277376,0.015778116759538403,11,0.003446749001366519
527,-1.8346156654684622,-1.623910082404972,0.016073635384677928,7,0.004398606476220502
527,-1.8094754536364,1.5098520316357975,0.01615330108537932,11,0.020648615744266217
527,-1.9643775292716592,1.5078750504554015,0.01587395945040489,10,0.016561422538396393
528,-2.007366415864972,-1.653465923851322,0.015387114486247187,12,0.011404074575089941
528,-1.821837941730637,-1.617770076031848,0.015376691543925156,7,0.018677931828108712
528,-1.80003748488016,1.5109277689323224,0.015937166500315854,10,0.015526804618482156
528,-1.9694214919426538,1.5056530003435786,0.015742904731387265,11,0.014121177191027071
529,-2.030453256327148,-1.6580296731016393,0.015690033657538956,12,0.009117881915465047
529,-1.8245707698958684,-1.6316822058540426,0.014757028586225775,6,0.0
529,-1.8065789033643167,1.5109079928336053,0.015931432648168282,10,0.01656502338862195
529,-1.9590247718421658,1.5095962468831585,0.015913014991131756,10,0.01532562020427706
530,-2.0129077929948904,-1.6476045061898492,0.01621091561330284,11,0.00536635332220281
530,-1.813867556224681,1.5080785744791942,0.015931116493464164,12,0.012498475193390295
530,-1.96562694400406,1.5103688218962172,0.016276994381243727,10,0.015657893543320877
531,-2.009311313192309,-1.65052879945812,0.01478966958778997,10,0.0
531,-1.8313651430591225,-1.6141639247509296,0.01616789895257612,8,0.01755887746026154
531,-1.8145509367471397,1.5093244934275412,0.016164998267755044,11,0.014091550907622132
531,-1.9625533727315565,1.5057874090531407,0.01577046474478577,11,0.02037652784830908
532,-1.9924854662604161,-1.6334728767673332,0.01580140133228553,10,0.0035263810996989248
532,-1.8227246457432162,-1.602335188472607,0.015363825607100343,7,0.0022061379927104602
532,-1.8123599086035995,1.5106226147194253,0.01597384497071257,11,0.015687159979719575
532,-1.9631589663662856,1.5111072008107667,0.01618115372683948,10,0.0160005483879383
533,-2.0139986572129316,-1.6478472491854017,0.015723429492324054,11,0.0034126174312576847
533,-1.8380288643510823,-1.6142083602437844,0.015010349074395258,6,0.0
533,-1.809127833438635,1.5108658904436145,0.01603234681658229,10,0.014670461812802581
533,-1.9619474033467086,1.513028652391289,0.01587832965163065,10,0.017840876269208918
534,-1.8118730173375701,1.5094903997129747,0.01603378169319373,11,0.015535223587473106
534,-1.9664758782150922,1.5114745248470114,0.016137513849518004,11,0.0162175046309261
535,-2.0162511710133804,-1.655766994230767,0.015726352288987434,10,0.009685590721942989
535,-1.8238873755897897,-1.6163561409249398,0.016127220394159952,7,0.018854916821301547
535,-1.8099355942888802,1.510270732587116,0.01609259245455174,12,0.017401342277449446
535,-1.966871266018918,1.5086376129991956,0.01612960085160218,10,0.013411176607741685
536,-1.816435503116045,-1.6043692547490378,0.015590529395673933,7,0.0051371747463332396
536,-1.8080985445346767,1.5100936215406233,0.016358132807587834,10,0.017660041646710218
536,-1.9749052440223995,1.5058251904900886,0.01630513310936133,10,0.0030132068462511152
537,-1.9962517008731888,-1.639800280945079,0.016429708383400018,8,0.0
537,-1.8433041625997388,-1.6235977671680888,0.015091578109445322,6,0.00216644642377755
537,-1.8001860618084025,1.5123054863990772,0.01642576218884928,10,0.01652176212443804
537,-1.9516898306205583,1.511941328442301,0.015647764947166395,10,0.01672472498603458
538,-2.0230425124790097,-1.6560632933124597,0.01594819739808191,13,0.005671310338600188
538,-1.825421732169282,-1.6140567753538573,0.015539037396135075,7,0.0146422303250714
538,-1.8036922169228613,1.5119158735289016,0.0163551412270421,10,0.017632202047830156
538,-1.9645410926979374,1.509165476038112,0.015692525136412235,11,0.014332890938298655
539,-2.0247515575996915,-1.6574630707909968,0.015731421582706993,11,0.0055813249208358385
539,-1.823804424051561,-1.603283917489141,0.01590351670795942,7,0.003033462547250676
539,-1.8072125839050155,1.5108345576898103,0.01589827324593094,10,0.015333611427730412
539,-1.9599666921529837,1.5146618915762107,0.01612575066560669,11,0.019597936126236157
540,-2.020669168039402,-1.6631472652552854,0.016135726953409858,13,0.01670657443381098
540,-1.8231205680670852,-1.6058193335592796,0.01598139502858601,7,0.0034517260581796317
540,-1.8065142368759721,1.5140599924582345,0.01622498397686064,11,0.018439295452194533
540,-1.9657896854338954,1.5116120474521733,0.016153912091587758,10,0.015721898324398357
541,-2.003653254064798,-1.6382995528184934,0.015648235798256485,11,0.0044584291426868474
541,-1.812999991623491,1.510540666301693,0.01629873317191359,11,0.01595830087422935
541,-1.9602926743943847,1.5153238647156035,0.01583602176175527,10,0.019894326150454833
542,-2.032598573417712,-1.6607195542919455,0.015875033498642506,11,0.008431084924989762
542,-1.8259300420977316,-1.6225997599612716,0.015474720965874501,8,0.01507150780347932
542,-1.8111020406601332,1.5119753211812392,0.01598765796880166,10,0.013677550977658397
542,-1.9629016954727703,1.509598078241136,0.016274952607719165,11,0.019660858765579988
543,-2.0151515327986544,-1.6560766560200768,0.016435179245714002,13,0.009881859270360059
543,-1.8170071997595276,1.508897986960404,0.0162997881934037,11,0.013200927449998996
543,-1.9606400905795967,1.5102697478446123,0.01609619313511237,10,0.018772507592071247
544,-1.8113421308138686,1.5083995026211758,0.016227188399501456,11,0.01404436307011498
544,-1.9654564854137413,1.509355832368855,0.015611575941120915,10,0.014784701275060668
545,-2.0041578426307383,-1.670735006022398,0.017364721671872595,10,0.0
545,-1.8277775619283343,-1.6257959266362787,0.015195480337622625,9,0.004373114748509912
545,-1.8040424698425828,1.510942086446263,0.015923022628180194,10,0.016746554255281248
545,-1.959750608977301,1.512495826218619,0.016307140701692133,10,0.01835305070830784
546,-2.014711501221254,-1.649080955160868,0.015913184588318956,10,0.005398742519944568
546,-1.8215721126871602,-1.601321067455249,0.015875249680711585,6,0.0030282666814004907
546,-1.8128550944265565,1.5090471230099582,0.016064789463513866,11,0.013137217020769006
546,-1.9656821466308534,1.5090131360561936,0.015884931609166646,11,0.015363655102940776
547,-1.8335561419845092,-1.6263513908633833,0.015295861009163317,7,0.002539289779401497
547,-1.809140429381751,1.5091558031684646,0.016045991851804015,12,0.016197044710965555
547,-1.967022094116191,1.5096722441471413,0.01627126762625652,10,0.013188691140908647
548,-2.0341872713014553,-1.660252052824455,0.016056699599771913,10,0.003881350607161306
548,-1.8293769394056405,-1.6238987011010386,0.015968240600725343,9,0.014058970355285782
548,-1.8111691063611148,1.509833704102399,0.016270530055946985,11,0.015985874046709488
548,-1.9665114936166723,1.5104529977298677,0.01590799112596805,10,0.01476048497652203
549,-2.0126934552456857,-1.645691001907897,0.016880273149812944,11,0.005343122469601939
549,-1.8144973072279478,-1.6060543443315323,0.01599269981891309,6,0.0
549,-1.8101634515328642,1.5109543684450268,0.01619511395903565,10,0.015340427111234168
549,-1.9619942051056962,1.5117095421221758,0.01606064308599602,10,0.017655143035977604
550,-2.020404108418577,-1.6674958225819154,0.01622758563769194,13,0.01583493128117287
550,-1.8238130303056022,-1.6125344955708094,0.015516357182663316,7,0.016870432071161727
550,-1.814716872479587,1.5101189098874248,0.01624225186499528,11,0.013584858050282983
550,-1.9594085130154812,1.5122448984303158,0.016023824664856644,9,0.016242416718038086
551,-2.0261720323267944,-1.654529181679327,0.01651540132519191,13,0.0035480452124689527
551,-1.8279913713827098,-1.6224057301205448,0.015494149620424058,9,0.014292526069739079
551,-1.803914681561747,1.5123561565424344,0.01600969998042828,10,0.01582256775973121
551,-1.9631154489767526,1.508453716286589,0.015647655292979727,10,0.01533307040500002
552,-2.0070524675616026,-1.647041407393889,0.01642834658308117,10,0.002423807920264502
552,-1.830142997405332,-1.6236698382182175,0.015868939392275613,8,0.015220667965538155
552,-1.8109290981653254,1.5116607064372691,0.016473837653853563,11,0.017953643288450137
552,-1.9659435998640975,1.506623373286821,0.015794592650700198,10,0.017557311532736257
553,-2.023433628211482,-1.6605531898856467,0.016320682455674872,13,0.01529270738341162
553,-1.8137615947923866,-1.60540732921512,0.01597255612097102,6,0.0
553,-1.8102707426266298,1.513386902353602,0.016123003974484646,10,0.015222817714590308
553,-1.9520811749697669,1.5079283168854078,0.01575034761567745,10,0.014950252792298294
554,-2.0298106880447673,-1.6534012803543936,0.015829887710048757,12,0.004101112059644313
554,-1.8120629966267763,1.5116501424473003,0.016115781099486887,11,0.016545640220770125
554,-1.9599153112901129,1.5116213706200725,0.016201966570653946,11,0.022565336502414275
555,-2.0259360541672264,-1.6602787308880544,0.016297673883687597,13,0.01684756497139845
555,-1.815239918845155,-1.6067122482834604,0.016000833177238084,6,0.0
555,-1.8074147379335614,1.513146167282383,0.01666144790801183,10,0.018559415467810106
555,-1.963751035158018,1.509437986627602,0.015493074956008454,11,0.018642196172580935
556,-1.8061447328138172,1.510401816662745,0.016767342071665216,10,0.019439841619085414
556,-1.955458555282784,1.509984551952694,0.015344841765456937,10,0.01723337191700016
557,-2.029454749026993,-1.660490783025085,0.016995609878440503,12,0.0
557,-1.8415118249839582,-1.6188513560760023,0.01517704684488401,7,0.0017387798323470179
557,-1.8048113811853963,1.5115849218887534,0.015930600548912783,10,0.016751950515004426
557,-1.9574557219343225,1.5113034736651751,0.01575502631750912,10,0.016801606886190597
558,-2.0339100896202824,-1.6575615904410297,0.01614510569575521,10,0.0034052668253108562
558,-1.8296839248830925,-1.6252041026206674,0.01631617146463552,9,0.013356099002429959
558,-1.8049402671401278,1.5111013617850144,0.016403046048646175,10,0.017013601816863847
558,-1.9619749047044064,1.510296586525381,0.015835376005377898,10,0.01654619215667324
559,-1.8144973072279478,-1.6060543443315323,0.01599269981891309,6,0.0
559,-1.8105959953665958,1.5104654396442823,0.015659843190674046,11,0.016000981488414744
559,-1.9657488548508966,1.5081591249354618,0.01559799086243428,11,0.014409344615137704
560,-2.0317745231895845,-1.6623902663264347,0.016997630134863863,11,0.0
560,-1.8106089565446133,1.5076687137841394,0.015686255773850074,10,0.017476745335230325
560,-1.9627409492703485,1.507028239914158,0.015373665837329279,10,0.01610306440050315
561,-2.020709601561306,-1.6631864338409779,0.015956591734886394,13,0.01623360809947555
561,-1.8190979003558878,-1.6038469531292534,0.0160067122934788,7,0.0
561,-1.8047549470736182,1.5110828274817782,0.01608728144558299,10,0.016981784141231783
561,-1.9606188649510405,1.50801047151252,0.016377026510516375,11,0.01777656213162929
562,-1.7859596703263212,1.5111042481521961,0.01715287523301073,11,0.0
562,-1.967427353885105,1.5083522250033912,0.016512274180784,10,0.01540414787830092
563,-2.032362880832316,-1.6563011982626679,0.016139444941457585,11,0.003402195429334531
563,-1.8177185541841125,-1.604194074473829,0.015867455206070552,6,0.003031331812922297
563,-1.8086125119610748,1.5081521617583238,0.015999000848858625,11,0.016037456821233982
563,-1.9595146152757725,1.510210583762495,0.015602047985288659,10,0.016493178729682922
564,-1.9970441511931611,-1.6404516309210253,0.01465906391552055,10,0.0
564,-1.830229727909554,-1.6248111648309949,0.016435737237486668,9,0.012100794731883082
564,-1.802535103348669,1.5091358654368265,0.01601016268433648,12,0.02235034412137201
565,-2.036821308704305,-1.6665194468252107,0.017472340392185537,10,0.0
565,-1.8445427661323257,-1.6215155103889678,0.015213025719524178,6,0.0017394745838235559
565,-1.8081107585847478,1.5094472528776812,0.016020640509272897,11,0.01812705684825723
565,-1.9574186655460961,1.5071004680349362,0.015380454134623932,9,0.023152109438781158
566,-2.0396033247590544,-1.6646716634219827,0.016069871631643237,10,0.003892901616373378
566,-1.8144216472473704,1.5081211167109951,0.01602737499928742,11,0.01170475435093253
566,-1.9557500378583308,1.5092089678879306,0.015669943658848974,10,0.01688795655101867
567,-2.0326755026581353,-1.660937662873149,0.01610460141825779,12,0.012375521111757482
567,-1.8157923828804738,-1.6040623966788556,0.016840937920380675,8,0.0
567,-1.8064341082459006,1.5096298486842032,0.01577556445889733,10,0.01430158819171605
567,-1.9662484110955087,1.504329947830541,0.015697088125801693,11,0.01523082208168016
568,-1.8065147287432588,1.5104095600407306,0.016275561224329528,10,0.01655091177371577
568,-1.9401015686870575,1.5164116681184925,0.01726128061036248,11,0.0
569,-1.8429791617235456,-1.6225374763690812,0.016060464383468063,6,0.002150306844794004
569,-1.8051573818432318,1.5109799101844992,0.016070275498967803,10,0.01697523709893488
569,-1.9561802219164481,1.5124387471852967,0.01574743855318563,10,0.01851254814609895
570,-2.0362306242625965,-1.6594530543150572,0.016153038866138253,11,0.003410791202882483
570,-1.829348007250378,-1.625359200575944,0.015605827628372043,9,0.012688110867569814
570,-1.8013232000478734,1.5105871394279713,0.016656522026347126,10,0.018820434569481972
570,-1.9554040664711436,1.507517386433065,0.015939714957775346,10,0.02317972299734585
571,-2.026057961625961,-1.6626396319202486,0.01655986010203115,11,0.0022610873760628408
571,-1.8347423744096905,-1.6259287016844395,0.016224816488145746,7,0.003311027270591214
571,-1.8048280009516269,1.5088409539696301,0.01658143289729077,9,0.017627658699311297
571,-1.9588655399749206,1.5069959086841664,0.01665606030999483,11,0.02022635449043826
572,-1.823988701844159,-1.6146505077604456,0.015819770195509824,9,0.01686005225302777
572,-1.817178780741276,1.5074233184054764,0.01593608691355869,12,0.011008143696489272
572,-1.9666816655989703,1.5091340055865168,0.0161226030073394,10,0.015176210612183721
573,-2.0342090013667935,-1.6578052317595802,0.015783395397664487,10,0.0034476849349491007
573,-1.8111617012510663,1.5093409380916303,0.016049574584066237,11,0.01583903721622793
573,-1.963188355261991,1.5103807052535079,0.0160898976342137,10,0.01502125616176172
574,-2.026666324503017,-1.658210067419056,0.015752125055649036,11,0.005137354186958829
574,-1.8084071443368848,1.5072101827987798,0.01653651968450736,11,0.016921921378289354
574,-1.961935547684496,1.5093189700517315,0.01541833578831903,10,0.01636461879746503
575,-2.03100114649404,-1.6617574634871006,0.016996993321084702,12,0.0
575,-1.83588160922268,-1.6266916937834146,0.015599743679784612,8,0.0035902872241809487
575,-1.7998758105084889,1.5076492503510155,0.0169821107523594,11,0.02281818674402077
575,-1.9632951757273391,1.507166070143483,0.015711200265638527,10,0.020246785182030328
576,-2.0182680709208602,-1.6644701576314358,0.01610840991762248,13,0.016440852583736072
576,-1.8141882217545153,-1.6052805050223666,0.015167020064723308,7,0.005415710455105095
576,-1.8070060290807641,1.5117335865277148,0.01570822756639909,10,0.017528017770983565
576,-1.9599438871566328,1.5103199059230448,0.016440326797785756,11,0.02011287305236824
577,-2.0056056059206724,-1.6398963237800916,0.015144137592248063,11,0.0038637078897648027
577,-1.8217555587546157,-1.603050424693239,0.015120068166032457,7,0.0
577,-1.8115751437589247,1.5112357207697,0.01592358956371634,11,0.016246024798292704
577,-1.9722835280484718,1.5140197491040974,0.016570140954226667,11,0.0
578,-2.0200018772655066,-1.6527566312084911,0.016299555004921792,11,0.005007189669292459
578,-1.8207491535129425,-1.6198915148121387,0.01612649402455133,7,0.01883394898239476
578,-1.8036320216288793,1.5103638902939955,0.016013498666406466,10,0.017696082828247937
578,-1.969846375196504,1.5098800659163396,0.014953118225455423,10,0.0
579,-2.0150838589191964,-1.6608441854042455,0.01574985089415596,10,0.015305656942408511
579,-1.8217011406178434,-1.6154462357986166,0.015613269595247314,7,0.017401765026092614
579,-1.8105797867173998,1.509055768769837,0.016212270326777807,11,0.01948190747442649
579,-1.940854816092912,1.507926167434754,0.0163798779912721,10,0.0
580,-2.034968227607436,-1.6595194088362417,0.01612175186996413,10,0.002359458026983721
580,-1.8418203879446537,-1.6175396370380801,0.015058549011154625,5,0.0
580,-1.8051184358406522,1.5102585992905075,0.016241800524675186,10,0.01897025614564686
580,-1.9665273985845906,1.5105772019723662,0.01562794195999378,11,0.014253335324919196
581,-2.03152905516724,-1.6580821015336864,0.016466896211633154,12,0.003846002997722483
581,-1.8276440412122206,-1.6209403696121367,0.016285882256968604,9,0.014769961745833424
581,-1.8181597405536887,1.5073972647265563,0.015445025601064326,11,0.003018105296050385
581,-1.9644958111927784,1.5076968887694895,0.015538714461395438,10,0.017631925746348136
582,-2.0100022534969177,-1.6556882645289939,0.015745141023011593,12,0.017681202659364754
582,-1.826810208710502,-1.6074964284834918,0.015544844713352227,7,0.003980348007884238
582,-1.8041228848691622,1.5058710556036627,0.01618215954363933,11,0.02199269443708925
583,-2.0155268677332914,-1.6490950957703951,0.016104441452893064,8,0.005184473227335899
583,-1.8416668086966896,-1.6229488768480502,0.016018910924378467,7,0.003598398251985422
583,-1.8087573450649612,1.5123932011498713,0.016049550948109392,10,0.015379258914626055
583,-1.9555551985417663,1.5096860112391746,0.01583126531059314,10,0.022176624570944516
584,-2.018615048241659,-1.651621891534964,0.016117492516648298,11,0.005190950244545238
584,-1.8179768313232505,-1.6017402338073372,0.01613701411887885,7,0.0
584,-1.8094732831584783,1.5101049434585039,0.01594257248274583,11,0.015596457364699485
584,-1.9592501215664107,1.507798845273371,0.0156723934692612,11,0.016305784162179263
585,-2.0263534446363836,-1.6604431677729816,0.016146217072595642,13,0.017694599906301987
585,-1.7966437287148505,1.5122986884007137,0.016018055406461527,9,0.014859541122555539
585,-1.9589279827081003,1.5093266541503048,0.016226859038880857,11,0.01845881032289777
586,-2.008486219763581,-1.6572163791949712,0.015450074003572714,13,0.019684824780728243
586,-1.8173993687268912,-1.601649083175977,0.01621747145678743,7,0.000992437397799242
586,-1.8116122554245584,1.5105112333669404,0.01691410113277625,10,0.013182020798060731
586,-1.9421728097237807,1.513425379890649,0.01593723182960074,10,0.0020760608303304253
587,-2.0270924764561045,-1.6592150735383329,0.015949825815663767,10,0.00567999714309061
587,-1.8145596999395426,-1.6078625476328348,0.015195850077629696,7,0.004259894430944331
587,-1.8101902487990198,1.5110377926071503,0.01637679800908943,10,0.01596605606143052
587,-1.964373725786254,1.5121530671217882,0.016990565841000966,10,0.014988132880913522
588,-1.8346213048536428,-1.6286256791136824,0.01643784481868658,9,0.01982850815474245
588,-1.806074328478631,1.5103036995795454,0.016549860536377792,10,0.01787554228617062
588,-1.9544369641790869,1.5111946589729086,0.016144990073084925,10,0.017127988703934706
589,-2.023856825716268,-1.6567306768083223,0.01588267178897678,10,0.00557145764160755
589,-1.8202967919245332,-1.6130551525503438,0.0150915075064808,7,0.021536939786473152
589,-1.8079410883593638,1.5109529864393823,0.015774532755658936,10,0.01494703882570461
589,-1.9647843889159795,1.5098351277834416,0.016425721116948448,11,0.017364095991297717
590,-2.003055854546684,-1.6423310900194448,0.015141863814702422,11,0.015082711529800697
590,-1.842652958761521,-1.6172147487020931,0.016509839033708642,6,0.002212530286904829
590,-1.8103061679349324,1.5083195354536785,0.01639048231128559,12,0.019254325218436348
590,-1.9660526403355336,1.5081855673352882,0.01622594832067517,10,0.0169258073166254
591,-2.014876768765675,-1.6485642756867342,0.01594535307915035,8,0.005017489693151966
591,-1.8423626381638711,-1.619597266311507,0.01551549821479236,6,0.0024668203645910646
591,-1.8112433675403405,1.5104394667609717,0.016063418403336884,11,0.015556337363447095
591,-1.9655512538978746,1.5091629783635994,0.015842016072462127,10,0.01580077797526281
592,-2.0311296333550506,-1.659674297230479,0.01609801012762584,11,0.0123666596962769
592,-1.8130176505066133,-1.6047457891349683,0.015968065266716302,6,0.0
592,-1.8072351763088899,1.5082581362421512,0.015757250511123307,11,0.01591220805236862
592,-1.9592489463586964,1.5099780154180116,0.01612676946202162,10,0.016961831348056195
593,-2.0282795177419404,-1.6595285140545903,0.01598392481326917,11,0.005602011109165753
593,-1.8137615947923866,-1.60540732921512,0.01597255612097102,6,0.0
593,-1.806089125116006,1.5093378515125386,0.015930931209018936,10,0.018849003639341205
593,-1.9647428933077784,1.5113845032365452,0.01575008660298205,10,0.014432666432749375
594,-1.812510631736267,1.5112395790604656,0.016047813729912885,11,0.016497166911450013
594,-1.9662179286722148,1.5097041969588074,0.01595131411707282,10,0.013716400894051364
595,-2.0300752737505494,-1.6609985849415312,0.015699980171686473,11,0.005619928637927096
595,-1.815239918845155,-1.6067122482834604,0.016000833177238084,6,0.0
595,-1.7889793982428994,1.5136594071599554,0.01592313203108217,10,0.004084158101834755
595,-1.9665944710949064,1.510634993974875,0.015816844662603833,11,0.013560824835428016
596,-2.03100114649404,-1.6617574634871006,0.016996993321084702,12,0.0
596,-1.8255673228770402,-1.6207408514682324,0.01591449560222258,9,0.018889303666889453
596,-1.813629312426876,1.5120117042532208,0.0163258503484082,11,0.015176493422297176
596,-1.9667534228514072,1.5098758248271875,0.015525110121140311,10,0.013235908025869205
597,-2.014711501221254,-1.649080955160868,0.015913184588318956,8,0.005398742519944568
597,-1.8190979003558878,-1.6038469531292534,0.0160067122934788,7,0.0
597,-1.8127229297745124,1.512062456370803,0.015974948968495387,11,0.016118397233340933
597,-1.9604200971780665,1.5101321594884058,0.015666888543614144,10,0.01785581836985566
598,-2.034695195795356,-1.6631319249905414,0.016568531446138148,11,0.0022652254758524296
598,-1.8113120348280989,1.5117784828641059,0.016569594285443228,11,0.019160825323465594
598,-1.9606792796889922,1.5099772837712753,0.014822406391271113,10,0.0167443687238496
599,-2.0131680467136364,-1.6478175594186104,0.01590610844129931,11,0.005396342251063639
599,-1.8416037867298538,-1.6189311318895894,0.015505537077843048,6,0.0024609090737609607
599,-1.813788034340076,1.5104723431249987,0.015870438242514336,11,0.011931358251087203
599,-1.965398442935893,1.508035953074811,0.016481879638856757,12,0.023187986447174277
600,-2.007328979155775,-1.6585295893884122,0.015744463695710878,13,0.022220740383855655
600,-1.8397637201947477,-1.625485606989143,0.01626616407517721,7,0.0036217777086222057
600,-1.8144144809817662,1.509966379165803,0.016319554929205348,11,0.013994417173142397
600,-1.9652009219769178,1.5117914709716125,0.015998311665779235,10,0.01394667788686912
601,-2.03650848150291,-1.6621458051006963,0.016062762958772858,10,0.0038856276236827426
601,-1.828060414544612,-1.6218642978288724,0.015704815135593936,8,0.016410519905132624
601,-1.810300291397587,1.512564085318099,0.016054998063084098,10,0.015608179254060182
601,-1.9642838541391692,1.5113712919216917,0.015887663874379836,11,0.017050204526666234
602,-2.0343162296755404,-1.6562511693406852,0.01628550134391982,10,0.003018453613127683
602,-1.836115589996059,-1.6276848468214875,0.016214159367859714,7,0.0012705159559829957
602,-1.8148149583322333,1.5109547016937328,0.016765766625888658,11,0.014816838033804715
602,-1.9540231322734862,1.5137052847588233,0.01644868673578354,10,0.01672107559505705
603,-1.811871419436355,1.5118590414697477,0.015887129360633842,11,0.01602901450053711
603,-1.9644356215290322,1.510985666964834,0.01653929505852676,11,0.020408736972202093
604,-2.015146173608673,-1.6586370401041037,0.015361852816286607,13,0.015331386504693525
604,-1.8251078321532308,-1.6095297152658743,0.016089204142721327,7,0.017432033599516554
604,-1.811690187448664,1.5108441750116353,0.016147102699428,10,0.014460371439991567
604,-1.9579466520412137,1.515085783026692,0.015911741038849167,10,0.021079123121255885
605,-2.0179835429729533,-1.6631239881430702,0.01582418762321286,11,0.004478900592214048
605,-1.83726976828652,-1.613540701723422,0.014409722348033857,7,0.0
605,-1.8075940701759743,1.5068848250781672,0.01609590015138544,11,0.01838097848820617
605,-1.9686080062299187,1.5087076247432119,0.015786480215798742,10,0.013218192179233253
606,-1.8139837349128354,-1.60341611777909,0.01644378108617674,6,0.0
606,-1.8086231746221264,1.5096707095136905,0.016187027209020103,10,0.018183714847491213
606,-1.9574430166661594,1.5126095819252714,0.016259395639003603,11,0.023030360438067703
607,-1.8419840545266444,-1.6166285198910444,0.01661575486712707,6,0.002351864682749413
607,-1.804781576188214,1.5119887605806661,0.01737984745361407,10,0.017772394725695712
607,-1.9600527756826405,1.5095749081346856,0.0158862257565903,10,0.021913092488818304
608,-2.0278638324400644,-1.6598451189955583,0.01595452266187452,11,0.005680523677200373
608,-1.818610859560306,-1.6050251262038886,0.015566731574806349,7,0.0021300999277096
608,-1.8056832946996886,1.511191336560733,0.01600642313454331,10,0.015222524830229024
608,-1.9574708360349051,1.5111902271868838,0.01640512745109558,11,0.018016685332010677
609,-2.0371888542476486,-1.6668201743077609,0.01700274974689707,12,0.0
609,-1.8424569266351574,-1.6196825382636684,0.014652868789595822,6,0.0018625828511511329
609,-1.8079510680966457,1.511229743111021,0.016249321209694027,11,0.019802477284101828
609,-1.9645400260166122,1.5116456180982514,0.016513994350006573,10,0.016952315004266947
610,-1.8144973072279478,-1.6060543443315323,0.01599269981891309,6,0.0
610,-1.8119203939231483,1.5108378802481999,0.016310816298938335,11,0.01450664500690507
610,-1.9638877537751,1.512688781039131,0.016274172310626524,11,0.016574529174217683
611,-2.024985494783502,-1.6635781933039187,0.01575919158434952,11,0.015113433372348677
611,-1.8307246749850445,-1.6192641643239067,0.016064299015031425,7,0.01830727073321402
611,-1.8112080812157814,1.5097217390015816,0.015884956960366996,10,0.013915226216081955
611,-1.965263231685503,1.5123779458004263,0.01616074096815915,10,0.014230065107616114
612,-2.0178772998245647,-1.6641490642814867,0.01586570962561747,13,0.01641902442881838
612,-1.8238693913541368,-1.6126873418381837,0.016040226110059674,7,0.015297119761929774
612,-1.8043297972238743,1.5096071261981767,0.016058386996884298,11,0.016485424865356584
612,-1.9683408039815926,1.5081498446864263,0.015953626402776765,10,0.01347384225285318
613,-2.0144516926969085,-1.6488682562568056,0.01621743159838477,8,0.00536839653280028
613,-1.8244839677320868,-1.6104647186456709,0.01667597009542622,7,0.015423354195173341
613,-1.8121763181908712,1.5094105146069503,0.016492579461295863,11,0.015986041074488522
613,-1.9679361050843018,1.5087884876129607,0.016720817264883024,10,0.0171761550639503
614,-1.8447012345361076,-1.623156895742099,0.01650454261263104,6,0.0016129876815008399
614,-1.817857254573376,1.5118666614135172,0.016351823962484174,10,0.004602944218807957
614,-1.9705288963606087,1.5074034026700105,0.015555608318806929,10,0.014115975294407862
615,-2.0155609573765916,-1.6553087882380226,0.016237214729336046,10,0.00947476753004709
615,-1.8205249763894578,-1.6079140394725409,0.015870538469778508,7,0.017037484702367774
615,-1.8158705039658862,1.5109134874787957,0.015947331507575074,11,0.010694147376703503
615,-1.9421477974038113,1.5195315422636928,0.016288396926764204,11,0.0033895908937161285
616,-1.8198993057181325,-1.6338706247534378,0.014738266797920655,8,0.0
616,-1.8077573304204175,1.5115687301495253,0.01664462121206876,10,0.018785850312260644
616,-1.972409495377541,1.5114612445341493,0.015943883772487767,10,0.0022890436678899796
617,-2.016139924046423,-1.6591040763192757,0.01582100298199913,13,0.010075054235702706
617,-1.8242112214684516,-1.6036425554397689,0.015594209979909679,7,0.0020439749564318127
617,-1.8103212698772801,1.5110070804610873,0.01628162305152281,10,0.015756742955692557
617,-1.9602309952343557,1.511625361255091,0.0165045880623434,10,0.018339489696478636
618,-2.0176676851603412,-1.6559568996779797,0.015869393142299352,13,0.009085273077598748
618,-1.8264438346269118,-1.6056036328010772,0.015413290510511782,7,0.0022082864326076835
618,-1.8089973462191813,1.5126552695816227,0.01629301155439886,10,0.017047591210848777
618,-1.9602498559353132,1.5083277690514223,0.01628031683604975,11,0.017203683428017095
619,-1.8074064740479594,1.5117823888068633,0.016020583038917024,10,0.01685450545230074
619,-1.96586373357236,1.507349751512177,0.01611761975315206,10,0.01724739721705649
620,-1.8289618253239261,-1.623274883796685,0.016090916762524617,9,0.016757467361079935
620,-1.8117911946792904,1.512146523146264,0.015947263768745154,10,0.01447988817856285
620,-1.9607725039890083,1.5123556051375615,0.01629760914373524,10,0.01788673106971019
621,-2.0352740002239273,-1.6652549391616267,0.017470635618107903,8,0.0
621,-1.8420690488899158,-1.6198266811503024,0.01588918924317438,6,0.0024181661461166026
621,-1.8078127775523065,1.510429887378879,0.0159935515641716,10,0.01781200599551105
622,-2.0139401090240496,-1.648448383455436,0.015909940778338676,10,0.005395647451818255
622,-1.8436467698306487,-1.6180879097108025,0.016821028812998958,6,0.002572074310288038
622,-1.8122114314748723,1.5108563382832978,0.01598895314372814,11,0.016407707652097477
622,-1.967791033552995,1.5090200641140925,0.01612007930724142,10,0.012930155110238496
623,-2.0083284023454975,-1.6569282082483219,0.01614774959146578,13,0.02061203124371898
623,-1.8365129006742258,-1.6128778809684328,0.014992356465612783,7,0.0
623,-1.809070469049157,1.511274156703752,0.01695207009606945,10,0.017871944888213854
623,-1.974190083198426,1.5095236390354656,0.016407024825496656,11,0.0023652393499471406
624,-2.0131680467136364,-1.6478175594186104,0.01590610844129931,10,0.005396342251063639
624,-1.8103408089372552,1.5115650344142548,0.01583319729580019,11,0.017225012656019462
624,-1.9658866138055997,1.5097036798186352,0.015595205979851574,10,0.01339441052909335
625,-2.0167578032594067,-1.6554264713314595,0.016077390339003336,13,0.008346093353697223
625,-1.8117105942132115,1.510584245851957,0.0163332099697927,11,0.015642685581548795
625,-1.9618261205516274,1.5100553309469358,0.016104795448960985,11,0.015715494278999778
626,-2.032362880832316,-1.6563011982626679,0.016139444941457585,10,0.003402195429334531
626,-1.8302702906093153,-1.627876075457733,0.01561732348820086,8,0.004670500024141029
626,-1.8048199053191776,1.5116706757612388,0.016057274329811796,10,0.01729984116241689
626,-1.9607904039679316,1.5095856389738276,0.015888886895873595,10,0.018549006053146022
627,-2.0141048315113124,-1.6479317952785464,0.01594260786556817,8,0.005015101359691485
627,-1.843944924799453,-1.622489927484473,0.016496444580276125,6,0.0016199123312685207
627,-1.801688331110749,1.512643779374522,0.01609369453067043,10,0.017397206969534423
627,-1.9652864236792638,1.5114324565908352,0.016304374285844362,11,0.019685514407922544
628,-2.013408858787064,-1.6587045521764243,0.015154212055719748,13,0.013879628113615716
628,-1.8138866020353712,1.509218704410903,0.01630301409353468,11,0.015549108504269094
628,-1.9441281435649207,1.5088884675433754,0.016202152670720928,10,0.002979206881377556
629,-2.0202205994581512,-1.6529354377682932,0.016045404909824458,11,0.005099793010773483
629,-1.8230594437346128,-1.6026282410982837,0.01589556081560857,6,0.0030299481156522198
629,-1.8124853324661585,1.509743662741329,0.016408329113027496,11,0.016380744232810888
629,-1.966801164564055,1.508836630992854,0.016358970089406233,10,0.014620092213818095
630,-2.0182709582861413,-1.6659714748653849,0.016019515919983202,13,0.017325390310989987
630,-1.8096830698036268,1.5119831523060023,0.016077884004003264,10,0.014595419219216355
630,-1.9610072715079812,1.508598852204074,0.016578399369754124,11,0.018017856503701704
631,-2.0213973168205195,-1.6545530105045831,0.016249075910410533,11,0.005387368821311546
631,-1.820712490079445,-1.6029382571012583,0.015839911494838894,7,0.0021764364100506145
631,-1.8082337428064619,1.5123695965150683,0.016233582664581404,10,0.01692152134570356
631,-1.9617194829760685,1.5094987145696095,0.016020374805196223,10,0.01874622941334899
632,-2.036655444881064,-1.6647363094305208,0.01702289722989807,11,0.00225628264939497
632,-1.8413234409447437,-1.6186855749379474,0.014938808803350525,6,0.0017626251075814753
632,-1.8061621492024063,1.5121157623819794,0.01627025653006984,10,0.01818040381933005
632,-1.9558570633128673,1.5123110487220661,0.015691109936020953,10,0.01751389961401243
633,-2.0354569185165157,-1.6588229809728525,0.01615021141574229,10,0.0034094108268783547
633,-1.82832658985888,-1.6245766867570381,0.01599880787914789,9,0.0163437906943505
633,-1.8059017623895366,1.511682026022697,0.015772160374538338,10,0.01542796269815067
633,-1.9647423495666148,1.5061830321432035,0.016601818628082094,10,0.01624387976842724
634,-2.019203079340747,-1.6619523399442526,0.015625083998714945,13,0.014994912642193827
634,-1.8183556800136929,-1.6031931475478358,0.015995433171077503,7,0.0
634,-1.811396720263001,1.5102681600529837,0.015994169836766395,11,0.01935481627259236
634,-1.9689103974147975,1.5093794937525573,0.016229439943251975,10,0.013885270011139123
635,-1.8074591345272466,1.5097580162279167,0.016090514637454565,11,0.017918766249154856
635,-1.9635231413713548,1.5089486992637922,0.01578347391551932,10,0.01908448304337587
636,-2.031176617512975,-1.661899747467523,0.01592766176681159,11,0.005347602454637307
636,-1.8128140623795361,1.5101371313731748,0.01627298625589332,11,0.016025810357075357
636,-1.971449964739392,1.509323240949815,0.016021623513964117,10,0.010900182115532944
637,-2.0334140921459847,-1.659619414403694,0.016055257189925808,10,0.0038797458227448752
637,-1.8271230659214324,-1.620351981718381,0.015808864722978076,9,0.014997578121070462
637,-1.8074064740479594,1.5117823888068633,0.016020583038917024,10,0.01685450545230074
637,-1.9674359013863856,1.509757328601509,0.01625240311539052,10,0.01878428660472339
638,-2.014711501221254,-1.649080955160868,0.015913184588318956,8,0.005398742519944568
638,-1.8358437062060844,-1.6180092312836583,0.015688376334947136,7,0.016076581200331383
638,-1.809552522750355,1.5109148801135117,0.016069355052861337,11,0.016714345895276428
638,-1.966461836568813,1.5110120212424192,0.015898317186915232,10,0.01751196485869432
639,-2.0158144220583396,-1.6493302680166932,0.016041263831077082,8,0.00537611374462542
639,-1.8452499159425002,-1.6245387550957926,0.016087206595212043,6,0.0021663870635683256
639,-1.8098083216336078,1.5100397892266038,0.01620665645247145,11,0.01701660138283305
639,-1.9688433997296477,1.5085344444359294,0.01612398044141602,10,0.016067712202299283
640,-2.02588661745671,-1.6575713922243407,0.015967526955632413,13,0.005632378341222974
640,-1.8209472326277436,-1.60435832409657,0.01617802796921155,7,0.0
640,-1.812797267700366,1.5103339080187053,0.016165476874895064,11,0.014261074818322285
640,-1.9422551459078377,1.5120367739860305,0.017253848114454073,10,0.0
641,-2.016360677744045,-1.64977809484255,0.016028823769033727,8,0.005090070665037948
641,-1.8205249763894578,-1.6079140394725409,0.015870538469778508,7,0.017037484702367774
641,-1.811809980570713,1.511200493634712,0.01638703049784067,10,0.013936491552878153
641,-1.9415400703151664,1.5096142628949272,0.014996802507457687,10,0.0
642,-1.8311194736673861,-1.6293092492980448,0.015895988385106464,9,0.004856575828925557
642,-1.814091353107853,1.5097648462121527,0.016056079139575186,11,0.014559195857588579
643,-2.0370024771155433,-1.663372339864436,0.016536973668620798,10,0.0035692186282732636
643,-1.8440710895110102,-1.6211000632880719,0.01556628613659423,6,0.002066013558406731
643,-1.807329622703106,1.5121919435114224,0.016254186020812814,10,0.01624761577500098
643,-1.9730540941481718,1.5123381791359414,0.014994971203586114,10,0.0
644,-2.0343162296755404,-1.6562511693406852,0.01628550134391982,10,0.003018453613127683
644,-1.8273588067951176,-1.62276539489114,0.016122075798215996,9,0.01653851240297886
644,-1.8088869777958883,1.511878776570641,0.01623305378286267,10,0.015191167241947237
644,-1.973880287304092,1.5075274050819754,0.015662048387234003,10,0.00325655942229374
645,-2.0189033891354677,-1.6681908155422231,0.015986981723991347,13,0.01703268706371603
645,-1.8137615947923866,-1.60540732921512,0.01597255612097102,7,0.0
645,-1.8174369163650337,1.5096815889372943,0.015826916208175796,10,0.002648949571840984
645,-1.9424225228875829,1.5091422454390797,0.016396330673285282,10,0.0
646,-1.9947212027422134,-1.638544100188163,0.01640879918024788,11,0.0
646,-1.8126918756783912,1.5085703808523598,0.01610648702566412,11,0.013920154480639246
646,-1.9587676369286477,1.5077268638594448,0.015683237483535416,10,0.01847358881044968
647,-2.016959371970318,-1.661069832559522,0.015914017945543008,13,0.012262966454630988
647,-1.8159294446665997,1.5101207523312001,0.016309403480824426,11,0.0124572889207128
647,-1.9658936209687907,1.5116456401171434,0.01590492972947633,11,0.016139946506298245
648,-2.025522785284626,-1.6580946997765618,0.015735532787003976,11,0.00558257725842738
648,-1.83998597795932,-1.6214672771672547,0.016706727016626767,7,0.0022723085794083323
648,-1.8035085070780053,1.5117247075463416,0.016247146022214963,10,0.017982625670549153
648,-1.9581937720291973,1.5163672525671081,0.016464971497973244,10,0.019251193472468744
649,-2.017864484806297,-1.6591019650468344,0.01583793575686736,13,0.007934369706811991
649,-1.825320203447581,-1.6323470045158603,0.014757949916772808,7,0.0
649,-1.8129752172120512,1.512391567080324,0.016821600991128678,10,0.01747876870643761
649,-1.9657222654421458,1.5151061180831868,0.015817484687873414,10,0.014916217419896514
650,-2.0316003344492475,-1.6606020854807566,0.01656409796632513,12,0.0022625148424189664
650,-1.8313047655927788,-1.6285172183576468,0.015768210050534227,8,0.004942568918731256
650,-1.809003730394261,1.5125818608907846,0.01610552955584605,10,0.016435030786995052
650,-1.966461836568813,1.5110120212424192,0.015898317186915232,11,0.01751196485869432
651,-2.021481715381761,-1.6638213240524433,0.01596116485629059,13,0.016239642920895525
651,-1.8209437615849415,-1.621304517871439,0.014638872895997149,7,0.01839736755066202
651,-1.8077027833026729,1.5092417279720636,0.016687581391190753,10,0.019080234720655176
651,-1.9694992109966323,1.5099781840410516,0.01570555645149703,10,0.014102635591872028
652,-1.8325603525337382,-1.621598822031094,0.015887083582786187,8,0.01491485703694425
652,-1.8073281413380258,1.5113312623111261,0.016080492017604035,10,0.01588181612775291
652,-1.9670020904791359,1.5082848664077404,0.016136618807316795,10,0.015471659869499848
653,-2.0364164314901965,-1.6661859732422442,0.017002512744168637,12,0.0
653,-1.8060516192919354,1.507986038639668,0.016388963907486048,11,0.017457454203241643
653,-1.958219500030598,1.5088935968291677,0.016097785491056667,10,0.017518350711057305
654,-2.0150680972048653,-1.6552711760143213,0.01574055181340335,13,0.009779760038609638
654,-1.8187070417597784,-1.6193171558492052,0.014614890944689655,7,0.018370915782463613
654,-1.8085742803498626,1.5077410013386707,0.01586070572621758,12,0.015880681958477756
654,-1.9601390759198882,1.5081679259543894,0.016321067893546405,10,0.01988325462873956
655,-2.003886046612975,-1.6460578392350311,0.015111387153308528,13,0.016044967527312107
655,-1.8212962312951735,-1.6092468172227181,0.01571137878590478,7,0.0146908648210736
655,-1.805820661615935,1.5091281939349293,0.016367100739577402,11,0.01793114069178219
655,-1.9681995063843356,1.5085867591110227,0.015764948478942706,10,0.01260800339941357
656,-2.032496312401319,-1.6623270751181802,0.016151243051015,12,0.00834682375804832
656,-1.8344779940591405,-1.6242660887508447,0.016280729327696895,7,0.0026545197519746654
656,-1.8140322165759069,1.5071784698946293,0.016220491446724435,11,0.014288245094252272
656,-1.9669699602165052,1.5107502513223396,0.015620357666539764,10,0.013889788269606011
657,-2.0307555413772063,-1.657450183244781,0.016465057102523543,9,0.0038427882460154847
657,-1.8430481306860234,-1.61967303122423,0.01544396157466503,6,0.0032203808950288524
657,-1.8125570245167053,1.508365858859898,0.0159946305989556,11,0.01244847521099002
657,-1.9635065931695221,1.5103524004196058,0.016270373074166705,10,0.015749058811529992
658,-2.0341872713014553,-1.660252052824455,0.016056699599771913,10,0.003881350607161306
658,-1.827516620202625,-1.6227773535020673,0.01603678664009833,9,0.015543235600527632
658,-1.8097181599898915,1.5083990689173945,0.01560846450046384,11,0.01633451549019838
658,-1.960137809990241,1.5098378029849187,0.016104807837453324,10,0.01654408481678741
659,-1.9912118620370718,-1.6388980722291853,0.014931388060030627,10,0.0
659,-1.8295159287323841,-1.6272052661680856,0.015607623251856953,9,0.004666729964004774
659,-1.8201534725732624,1.5070099552082274,0.01522929208080215,10,0.0
659,-1.956242298002654,1.5105069205560402,0.016320798047876044,10,0.016718112703328975
660,-2.0112597112791604,-1.6445192489483806,0.015768200411605215,11,0.0040491363011331575
660,-1.8427320358503447,-1.6193944666000035,0.01601565710095464,6,0.0028439749555148573
660,-1.8057409113353355,1.5116789422980672,0.016309380928238394,10,0.016601749779875292
660,-1.961014658116508,1.5107681994910873,0.015928039614162372,11,0.0175296470014254
661,-2.027582412035978,-1.658959697986095,0.015883992129388284,11,0.005502596213060641
661,-1.8171547372565306,1.5083652056597625,0.016204824480140434,11,0.012456287078741182
661,-1.9598818636810984,1.5093639483164027,0.014811881170932451,10,0.016731396182525813
662,-2.0124098850220062,-1.6552486522393022,0.016739663532545832,11,0.011107557110506597
662,-1.8372947243113296,-1.624585885217824,0.016018502318793683,9,0.01803015116655415
662,-1.810553956847174,1.5097839334681273,0.01672228604667929,11,0.017147408421458808
662,-1.9668926378169296,1.5071011893002044,0.01542392682396001,11,0.018981083870292858
663,-2.0209339141659024,-1.6608679563745377,0.016110923510850948,13,0.014282754442282011
663,-1.8364692897762165,-1.6184505717685833,0.015812228261575564,7,0.017618245103828145
663,-1.8136723348347408,1.5091608162468724,0.016047592253473512,11,0.013583918411948826
663,-1.9629826052412855,1.5100435519029884,0.01573889359330968,10,0.0149897167580813
664,-2.0293034110500026,-1.660367730913713,0.015696187387943965,11,0.005618100904179351
664,-1.8234675063434023,-1.602987310951833,0.015375354947746896,7,0.0022056496644601263
664,-1.8023911464985518,1.5115649490758918,0.01666930597428418,10,0.01641957553522988
664,-1.9673183643943666,1.5071410786989192,0.015846015752626688,10,0.016729010945045916
665,-1.9947212027422134,-1.638544100188163,0.01640879918024788,8,0.0
665,-1.8427641388690916,-1.61942641827329,0.01611265014120513,6,0.0035110263212503783
665,-1.8003089883266092,1.510367975179309,0.016034256935058784,10,0.015939990322790698
665,-1.9569108053026918,1.5100768993567812,0.015651427502720444,10,0.019475800055010054
666,-2.030040620048183,-1.6544060024933056,0.01648570254018536,11,0.005199908636039632
666,-1.8189031964965539,-1.6036729706594277,0.014882151056976056,8,0.0
666,-1.8064869329583384,1.5095024963434895,0.016252070271644405,10,0.0182681268935458
666,-1.9600931947381097,1.5129107373415676,0.01597137036261742,10,0.017484349839525508
667,-2.0174961399374407,-1.663832859532077,0.016103616889467088,13,0.016434355787641693
667,-1.8234675063434023,-1.602987310951833,0.015375354947746896,7,0.0022056496644601263
667,-1.8044281388794303,1.5069300930069407,0.01637278832508943,11,0.023077608985753534
667,-1.9672992002421559,1.5065624631713448,0.015857113121438025,10,0.016398271502043697
668,-2.030040087276355,-1.6576865788099202,0.016523484298385637,12,0.0035561626108210607
668,-1.8261130109466028,-1.6192249132057703,0.015997717754265242,9,0.017275827902037223
668,-1.8061398086583162,1.5114291197203389,0.01627370971135629,10,0.01564106730829917
668,-1.958910573156071,1.5091563134281498,0.01646426685031097,10,0.017949564494880655
669,-2.0148811307866916,-1.6650281927761323,0.015383260707538147,13,0.0162978407773957
669,-1.8203413603246466,-1.6164405555384522,0.015363305857836636,7,0.018659629451622313
669,-1.8097518814097304,1.5100311519603635,0.016985020659647163,10,0.015687945131227333
669,-1.9626540814168827,1.5090603179322626,0.016035980549139166,10,0.01566850202359796
670,-2.013498329501507,-1.6474358586242515,0.016031032372823238,11,0.005370511076564931
670,-1.8176107440173,-1.602532620465149,0.01599092402365443,7,0.0
670,-1.8129910254903017,1.5091581575021487,0.015887031650473477,11,0.01307607994880672
670,-1.965710018614436,1.5097000965189593,0.015953401473413502,11,0.014487831096126337
671,-2.01718696064552,-1.647191832065495,0.01601594971223741,10,0.0036170918879964657
671,-1.8179768313232505,-1.6017402338073372,0.01613701411887885,7,0.0
671,-1.8108928069889139,1.510483257766336,0.01612017709333985,11,0.015980903893754582
671,-1.9700587180728732,1.5088827121179116,0.01582864260441772,10,0.01074881903799195
672,-2.0143294888008403,-1.6620478202296975,0.01593547885467037,13,0.017189702882999078
672,-1.8067786067357865,1.5109112982630892,0.015657947683219736,12,0.016696303648603975
672,-1.9642756658418035,1.5093299424966646,0.016029881672108018,10,0.016078723059305595
673,-2.0223137782560174,-1.6554671246694035,0.01587520518727535,11,0.00556807346462946
673,-1.808994145985061,1.5111012710162666,0.016592191754020352,12,0.018701489308084584
673,-1.9626844366126204,1.5096616323531125,0.01559568860298001,10,0.015055470949606483
674,-2.0077777938255768,-1.6492686279232753,0.01477379420243593,10,0.0
674,-1.8081310393836942,1.511871844560358,0.016107016478903797,10,0.014354007122809547
674,-1.9540893441275546,1.5066434278151473,0.016195073497745186,10,0.016993475647447874
675,-2.0290987180928908,-1.6580150985191604,0.01663706850617563,11,0.01222997694938103
675,-1.8032458238025926,1.5109006966565397,0.0158659474129465,10,0.015986597396578782
675,-1.965802026127716,1.5078326496808092,0.01638865911189948,10,0.014154553176484933
676,-2.0377757741103113,-1.66400409890203,0.016538642716956282,10,0.003575517817893323
676,-1.8278997691797059,-1.618951631512609,0.015993956902296012,9,0.01844664849371393
676,-1.8127075072216574,1.5086322547944253,0.016252546152182284,11,0.012961374623697675
676,-1.9689616812618889,1.5098878275481933,0.016291665521280724,10,0.01451742821202182
677,-2.0056653293642976,-1.6464468214147645,0.016835525833267376,12,0.005324980102918298
677,-1.836456873047276,-1.6159868323195627,0.014416058465223452,6,0.0033493613021602815
677,-1.8122120929229624,1.5081606700642776,0.015998632335724468,11,0.014983817225808486
677,-1.960459896041944,1.5093038782767467,0.01593721449383877,11,0.01695930680756257
678,-2.017329602933363,-1.6655395567603715,0.01644500854061555,12,0.018146832284406632
678,-1.838643228031535,-1.617913632400697,0.01602368975575054,7,0.0034592707499160277
678,-1.809599456596095,1.5101538772867003,0.0160419670354753,10,0.013402568904070128
678,-1.9499550184500898,1.508836050516175,0.015717163887639104,10,0.014976211385007708
679,-2.0193850633122237,-1.6489857318571017,0.015244356767586504,10,0.0020977793164855315
679,-1.8321531649968748,-1.619327113386434,0.016331210688106477,6,0.017729096273373057
679,-1.800093896261934,1.5109567689033299,0.016132100184444876,10,0.018684093420970632
679,-1.9594325924774392,1.5098837340215523,0.015998198900583724,10,0.017744885132351597
680,-2.0247804674374663,-1.6533924283377348,0.015284604412747486,10,0.0021044610394612044
680,-1.8223171616420402,-1.60197664831272,0.015883270824048425,7,0.0030316727785472094
680,-1.8073474673551118,1.5111027215184731,0.016230386765379946,10,0.01851074942052205
680,-1.95704790791702,1.5090487402444053,0.015595856548072717,10,0.018459673896007205
681,-2.018651202520882,-1.6662509022492555,0.015830954797482203,13,0.017229629031336662
681,-1.8165378511857404,-1.6034153070177148,0.01622957259837993,7,0.0033688657838252716
681,-1.807055784808538,1.509958986843551,0.01603934551337285,12,0.016551078324943562
681,-1.9586134291218662,1.5107293583961345,0.01604915813005001,10,0.01637079263469986
682,-2.013679965933103,-1.6482353888267531,0.01621462865190424,8,0.005365615177333666
682,-1.8427431717726537,-1.6172939689899362,0.01662541633384437,6,0.002353703907524173
682,-1.8129086873874571,1.5095266214183125,0.01586195635852249,11,0.01493944665586271
682,-1.9601605475150214,1.5117212803913431,0.016081758834536195,11,0.020828378511669573
683,-2.0377894422249856,-1.665661080897469,0.016573326609756835,11,0.0022693631243948954
683,-1.8253225261223907,-1.6204465314108174,0.016320191615099736,9,0.013378548802584019
683,-1.8070742118166276,1.5104137907464348,0.01633438439498976,10,0.015752099287428833
683,-1.9671214640081645,1.5091584896908237,0.016325964411742035,10,0.01309535324052291
684,-2.0200905613494737,-1.6639376979842921,0.015674616579386416,13,0.017020817256801768
684,-1.8185508366646008,-1.6014468588214281,0.016912123901584294,7,0.00350029204048347
684,-1.804935736651148,1.5094550042643986,0.015806669367664467,11,0.01746198810956701
684,-1.964615288639695,1.5116094955636374,0.01609906863995274,10,0.01529432827561624
685,-2.0057916105441196,-1.6574622040215268,0.01548107546508817,11,0.005662626287235788
685,-1.8142323350157077,1.509308257910636,0.01621025140911455,11,0.01453439415566119
685,-1.9659440064937417,1.5108893405513448,0.01539041881054301,10,0.01496534789615086
686,-2.018097352048831,-1.6621280481990581,0.015085610823513812,10,0.0161200018767816
686,-1.8156435186623816,-1.6024064299837746,0.01552370970952155,7,0.002125349457169132
686,-1.8107195544225403,1.5084737145745504,0.01609856208607855,11,0.017680509892274217
686,-1.9566901711344324,1.512756947685907,0.016005590704928914,10,0.022815622949067173
687,-2.0343162296755404,-1.6562511693406852,0.01628550134391982,10,0.003018453613127683
687,-1.821778038629434,-1.6148579103435736,0.01599774731866326,9,0.017731121989581752
687,-1.811543600395076,1.5098993101364555,0.0161470868066449,11,0.01393824812026575
687,-1.9634152384389334,1.5104176931041693,0.015834201307806606,10,0.014883853436480689
688,-2.0319310393797068,-1.6548540613516274,0.015323433482245718,10,0.0038839977888999095
688,-1.8337531971454986,-1.6258009265110853,0.015918514271474962,7,0.004038353898808632
688,-1.810933182221839,1.5094640062510594,0.015906034754423544,11,0.01330677403614537
688,-1.964454778943509,1.5099305779874115,0.015947676147976767,11,0.014738240990414018
689,-2.0093502366191056,-1.648927652796782,0.016456528896755418,10,0.0024249971416946646
689,-1.827607186199879,-1.6231095025567523,0.015214428868043764,8,0.016102820872949387
689,-1.811801159419355,1.5077831949624039,0.016865326352228666,11,0.016580081892787847
689,-1.9647759021486755,1.5098691475701507,0.015688065205255966,10,0.013635764374125175
690,-2.0180912669150035,-1.662393674054574,0.01601756573044077,13,0.017180936288780962
690,-1.8426671765304006,-1.6262496056861275,0.01581214332784907,6,0.0020987411290969435
690,-1.8010326073359582,1.5136917402873933,0.016575702768713438,11,0.02244343218495393
690,-1.9605908036566237,1.5101916862376012,0.015983343108896087,10,0.016600804545794563
691,-2.014603447139693,-1.6489922656106946,0.016049040925676977,8,0.005500281766350777
691,-1.8429791617235456,-1.6225374763690812,0.016060464383468063,6,0.002150306844794004
691,-1.8065160898900392,1.5111665872446725,0.01598977756553845,9,0.016579403164708954
691,-1.9627249707000367,1.5089158420321882,0.01677535119844784,11,0.015394301207292118
692,-1.843118059282113,-1.6202633081351907,0.015522316959037096,6,0.0024655064212646977
692,-1.8139428992034787,1.5102555532750965,0.016121703372975173,11,0.01868123685528065
692,-1.9659712435197054,1.5079229827221259,0.015455458455792753,10,0.013945630706480684
693,-2.0095383134407725,-1.6627202732848188,0.014847022569908337,12,0.0
693,-1.803699338166497,1.5126087278508416,0.01634674810557699,10,0.016940049212960138
693,-1.9653147523991634,1.508138586931621,0.01614461694045808,10,0.013994541934828936
694,-2.0347143928328704,-1.654935090274218,0.015548913856022365,10,0.0019313458224993396
694,-1.8191444509462098,-1.6331864554393227,0.014718499006619184,7,0.0
694,-1.8087220819199787,1.512751012491157,0.01614756591155458,10,0.01610418440389885
694,-1.9649005561813373,1.5073121710442479,0.01573037208990339,11,0.01796907987866249
695,-2.0242127012230196,-1.6562019838525226,0.016102513396467573,13,0.00558608192734817
695,-1.8198591788260332,-1.6132617872995159,0.015280479841882822,7,0.018239514572581876
695,-1.812815794547488,1.5117011648646035,0.01626549125839688,10,0.012568940012444487
695,-1.9697870101990118,1.506217986286032,0.015931534799665366,11,0.014585866108885032
696,-2.0364164314901965,-1.6661859732422442,0.017002512744168637,11,0.0
696,-1.827734949918538,-1.62814411139413,0.014761692712288733,6,0.0
696,-1.8054099619572217,1.5110520832696936,0.015734596099375033,10,0.017582173742181503
696,-1.9640786566016566,1.5127519491921688,0.015622464358938775,10,0.01787050088697389
697,-2.0318883573838487,-1.6559149361645993,0.015774688741792813,11,0.003443255670693061
697,-1.8340131943665583,-1.624320867055932,0.016080909965552875,8,0.005192738199897743
697,-1.8064499355269754,1.511107751853421,0.016302068450877522,10,0.016825453718031475
697,-1.9631211720254431,1.5115260565179574,0.015848465132479707,11,0.017158911148881302
698,-2.021119766305545,-1.6589239309609929,0.016183730940421755,13,0.012213150624083288
698,-1.8051625561906655,1.5107726401850683,0.015946351889387433,10,0.016783843215839082
698,-1.9675711369629738,1.510286368052267,0.01613057204857026,11,0.015683486828282807
699,-2.018702157131945,-1.650604232323807,0.015240565138631127,11,0.0038868324079406533
699,-1.8187214796244637,-1.6024001218489734,0.016141998914942647,7,0.0
699,-1.8038864508393795,1.51088095638466,0.01655290278855023,10,0.016272557873134315
699,-1.960062742356633,1.5107573607576619,0.016560012905879187,11,0.018128196358440027
700,-2.0204791062986076,-1.6639582663390942,0.01613670182548565,13,0.013956261350982022
700,-1.8176107440173,-1.602532620465149,0.01599092402365443,7,0.0
700,-1.8136894001319739,1.5108505505724803,0.01615571409698584,11,0.012541829219061853
700,-1.9642837059880323,1.5083181696513457,0.015864061443657238,10,0.016973048170271402
701,-2.0305836259962513,-1.654030458283677,0.015834036876453433,12,0.0041032740180481225
701,-1.8230644091811894,-1.6303351058439666,0.014736187245511755,6,0.0
701,-1.8092194056306266,1.5110545398477269,0.01645720550682574,10,0.016767207125174793
701,-1.965439954033835,1.505832703788894,0.015911035434619452,11,0.019131461902179348
702,-2.0315873194913414,-1.6589496474342562,0.01652687259279666,13,0.0035611755890037292
702,-1.8116988827392995,1.5105915050182561,0.016064296906879626,11,0.014548794376191523
702,-1.9658961511059223,1.5121887810256418,0.016297244515425184,11,0.015771705017955547
703,-2.026291199329332,-1.654625073714063,0.015342795084574916,10,0.0023670460743673337
703,-1.8144973072279478,-1.6060543443315323,0.01599269981891309,7,0.0
703,-1.8102139304735758,1.5111457533437802,0.015946357219067186,10,0.013294015440015195
703,-1.9652187646201624,1.510009921723603,0.015756670993342502,10,0.017165962731702827
704,-2.0196589815839774,-1.6623268822215793,0.01589841551234272,13,0.014992671201670917
704,-1.8245038394632598,-1.6122122856904901,0.01588717122384262,7,0.01733089676426271
704,-1.8047062600343373,1.5106084685966819,0.01659684643112876,10,0.01727022921804808
704,-1.9656404034803252,1.5088889938330186,0.015871671400308998,11,0.01506370510142311
705,-2.0304668761254483,-1.6596759568743702,0.017014381949146437,11,0.002247160521832924
705,-1.8304985324631555,-1.6254626912444163,0.015803939051248776,9,0.01344260583767003
705,-1.8040349139796061,1.509568438192914,0.016806094694844724,10,0.02055596307682681
705,-1.9601263669481597,1.511807358193874,0.01607858332547273,10,0.01932075885847278
706,-2.0243711131996016,-1.65523937625895,0.015846625661828793,11,0.004070160676574873
706,-1.8192028545888992,-1.6055038519639513,0.01588809291837444,6,0.0030340240937300643
706,-1.8118169830780417,1.5136910390165699,0.016202857646262493,11,0.01396286453263346
706,-1.9637223745604704,1.509022464148805,0.015790867873108003,10,0.01703446557454981
707,-2.017278269689489,-1.665474512771911,0.015229250066394277,13,0.015517779053734033
707,-1.8198383669721085,-1.604498756956408,0.016020008119056454,7,0.0
707,-1.7866208242472716,1.5057269116237242,0.017116526109984098,11,0.0
707,-1.9663968921890451,1.5100065646141052,0.015533400230520989,10,0.013459787547594755
708,-2.0211797420438886,-1.6545379571283976,0.0163109434236975,11,0.005608074583577657
708,-1.83702856666157,-1.6271550233453447,0.01709008625253477,8,0.004259826447178202
708,-1.8112853822123511,1.5100635827661038,0.016238023293061704,12,0.014142038816916825
708,-1.9626511968715725,1.5083018191668045,0.015821894743227972,10,0.016188900023290036
709,-2.030279074462863,-1.6588256679565103,0.015866373756687046,12,0.008421169472612264
709,-1.8320292504483415,-1.6213855667852277,0.016108928646638713,7,0.01670089262178226
709,-1.8155186815043063,1.508689191163871,0.015837882853933376,11,0.012422412379256906
709,-1.9581202452692203,1.5119101566701996,0.016398821919834227,10,0.019054203309712525
710,-2.03100114649404,-1.6617574634871006,0.016996993321084702,12,0.0
710,-1.8048766622401724,1.510804096051188,0.01636918095042495,10,0.016562867770265503
710,-1.9665934977984758,1.5089868115751266,0.01628256567594139,10,0.016674244745629164
711,-1.8242452451514803,-1.6021052211265199,0.01490825436874125,6,0.0
711,-1.802382729236545,1.5116359815751017,0.01659184006448286,10,0.018027334979308626
711,-1.96409443906409,1.5114794327842758,0.016656023283492086,10,0.018135655076532628
712,-2.021022945363364,-1.6591057589138736,0.016317482231798793,13,0.012843133858585636
712,-1.8245023449961995,-1.6153161357679828,0.015780400007293447,7,0.015518211209086044
712,-1.8123557598940006,1.5110568616779518,0.016353273381456965,12,0.01572256651115371
712,-1.9600397583646878,1.511715521191309,0.01594749010016984,9,0.01732094444901909
713,-2.016829205425484,-1.664244869664373,0.016277192233786073,13,0.012447817802157106
713,-1.819068154785385,-1.6046315822248522,0.016747190018075588,7,0.002697594006643763
713,-1.8098722262135718,1.5111242376423824,0.016232712774810785,10,0.015251845730436345
713,-1.9603515184667457,1.5092693820988894,0.016138190694605863,10,0.015842179598733575
714,-1.8203891272383224,-1.604982693164524,0.014901838926566708,6,0.0
714,-1.806384832260423,1.5092317342164652,0.016220269152446596,12,0.02281628835810589
714,-1.9568645735539842,1.5104337533808012,0.01581928618356679,10,0.018660852029638377
715,-2.0261701421272686,-1.6586240466836117,0.01589481703112193,11,0.005578413664148232
715,-1.828033515574979,-1.6173812026088603,0.01565083962016999,7,0.018401226296406174
715,-1.8148996626492364,1.5107797218107912,0.016664896160193,11,0.014707734480386134
715,-1.965277977929117,1.5102661385206722,0.01579295142510141,10,0.01467015282490494
716,-2.0286808660530258,-1.6598590722253916,0.016994501364765997,12,0.0
716,-1.8194370019299178,-1.6010059846760123,0.01543523417382248,6,0.003987118261666433
716,-1.7975889809547583,1.5123497436813576,0.016612651157168812,10,0.017606612632209598
716,-1.9670294103030856,1.509675065612677,0.01622899532155204,10,0.013068623848716375
717,-2.03100114649404,-1.6617574634871006,0.016996993321084702,12,0.0
717,-1.8085229083099703,1.509016999817792,0.015955508049027185,11,0.018167234153472253
717,-1.964093129053389,1.507316810158077,0.015870114064161087,10,0.018694082653182592
718,-1.8396227304370825,-1.6229987688068335,0.016115551658667668,6,0.0035132949423101606
718,-1.809866498147841,1.5096719038513675,0.01661351567312582,11,0.01707449009492694
718,-1.9630452241792335,1.508277200529042,0.015987476046979032,10,0.016241702035379276
719,-2.016787828493304,-1.6589878729464538,0.015502505983603032,13,0.01435674649670424
719,-1.8187070417597784,-1.6193171558492052,0.014614890944689655,7,0.018370915782463613
719,-1.8055341457612384,1.5066444551048304,0.01594285030836472,12,0.02072650643130612
719,-1.9630516243410494,1.5079899529953489,0.016035421257549046,10,0.01870664689690584
720,-2.034194994384593,-1.658887136734931,0.016120103464235307,9,0.002357803821133815
720,-1.8319481553202326,-1.6209007916630012,0.015678817641475384,8,0.016060604833447394
720,-1.8096876791764314,1.5089734635026544,0.015935635994424498,11,0.016449504189658876
720,-1.9676336236182732,1.5086585344347125,0.016612720951647154,10,0.014893901866261192
721,-1.8244340403977002,-1.616733242743505,0.015960113754878224,9,0.016537805399930203
721,-1.8092447538949348,1.5114236055724775,0.016033877498413177,10,0.01582542863500647
721,-1.9679890909154831,1.508250158826994,0.015991485518618866,11,0.014579052870913708
722,-2.0123963264567903,-1.6471854572205895,0.015902745296014147,10,0.005392009919700883
722,-1.8044605819588155,1.5089082210917095,0.01585928758715357,12,0.022461689365061883
722,-1.9626189369105138,1.5108966655600577,0.01605923178920925,10,0.016362068402683956
723,-2.0251428113447743,-1.6558706926450164,0.01585092467713344,11,0.004070972780731739
723,-1.8170710163578496,-1.6051900483001673,0.01544333615533676,6,0.003987368824843129
723,-1.807785463655037,1.506373430557292,0.015833990369049384,11,0.01767847810177597
723,-1.9579879202253447,1.5071866278700068,0.015863015351498783,11,0.021145690055898295
724,-1.8209978835493257,-1.6078343067862981,0.01541684403247298,7,0.01674460731105999
724,-1.8141786603053605,1.5078776286079214,0.01602137544082863,11,0.013299542523438452
724,-1.9675714352461717,1.5085501506758465,0.015449184511220317,10,0.011669590020695763
725,-1.8433108744049012,-1.6204326905360573,0.015554939104479554,6,0.0020659566860512365
725,-1.8132042374148547,1.5094078981138666,0.016172137079684797,10,0.015414083873128155
725,-1.9572111527106977,1.5111198316422254,0.015872262289003257,11,0.021151251641361956
726,-2.0316003344492475,-1.6606020854807566,0.01656409796632513,11,0.0022625148424189664
726,-1.82609148095934,-1.6182505096751063,0.015860665345560538,9,0.01616594454051111
726,-1.8072822097776096,1.5125834935707239,0.016284249187913307,10,0.016570376462459263
726,-1.9604193745012914,1.513634736527444,0.016311665164696718,10,0.019355011566042683
727,-2.036229149629684,-1.662739624416384,0.01653596172275205,10,0.003572714014395336
727,-1.8332124660167033,-1.6287514640017127,0.015343440031049147,8,0.00404997311975792
727,-1.8100819156045371,1.5103844414120375,0.016454846590975694,11,0.017674342124855972
727,-1.9629808803861915,1.5115314748328792,0.015710620765209442,10,0.016876028860215428
728,-2.0164007345009494,-1.6558911247091344,0.01609126216544423,13,0.008622032138878905
728,-1.8419945746811746,-1.623461596230415,0.01544855304633911,6,0.002348035154654843
728,-1.8028986042403956,1.5093535881316575,0.0165689741446596,10,0.01944199492869895
728,-1.9537213029462912,1.5094291514359044,0.015986778181548318,10,0.017411217035862726
729,-2.033246348609342,-1.6603104966434792,0.01602139338904941,11,0.009086378696136299
729,-1.819462176512512,-1.603049782806922,0.01615699710528914,7,0.0
729,-1.80764254838543,1.5112863491343622,0.0159844545274847,10,0.015091243645047681
729,-1.9610930043142278,1.5101617209356537,0.016261769880800196,10,0.018937759254553467
730,-2.021668615547121,-1.6508505481045317,0.015305155264286423,10,0.002352593422190387
730,-1.8214572190595653,-1.599652011344686,0.016006243576753537,6,0.0
730,-1.810386449467643,1.5099311884295827,0.016213193389294386,10,0.013982412504882379
730,-1.9651888455356843,1.5115686551309646,0.015855708884142096,10,0.01672094891683053
731,-2.0350896343596534,-1.6568806385939756,0.016289081979584927,10,0.0030195706052906033
731,-1.820721759420458,-1.6225264005221847,0.015199772785154471,8,0.01648546461399423
731,-1.813999523071965,1.5087422566139008,0.015980211806960284,11,0.015482483555605235
731,-1.9621845819002424,1.5107040378184733,0.016031910000029098,10,0.016917148502473632
732,-1.818445471362119,-1.6140862579003652,0.015491059070020586,8,0.016825589471058056
732,-1.8097497872258863,1.5104139796006086,0.01610473457524228,10,0.015176355921903245
732,-1.961063902592618,1.5106647641364517,0.01648552870872736,10,0.01846693390605262
733,-1.8260775399288471,-1.6330298592315102,0.0147785493516751,7,0.0
733,-1.8140081888977158,1.5105130592031502,0.01577224704057111,11,0.013261420398561943
733,-1.9690198556974183,1.5070066419562325,0.01617491916318783,10,0.015316514728730255
734,-2.0139159062529948,-1.6576282356486314,0.015558279620795113,10,0.01587079592550952
734,-1.8145509367471397,1.5093244934275412,0.016164998267755044,11,0.014091550907622132
734,-1.9649571524237959,1.5131267080997017,0.01570377772425315,11,0.018556711926520926
735,-1.8356940913701445,-1.6251426411173273,0.016509512490662664,7,0.004299881208722117
735,-1.8096570348323813,1.5111103289927115,0.015549363261569903,10,0.016351477692321353
735,-1.9579149144094585,1.509998292834548,0.015033849567553475,10,0.01607377247425865
736,-2.029454749026993,-1.660490783025085,0.016995609878440503,11,0.0
736,-1.8246360079164803,-1.6203394750361455,0.015609933826811412,8,0.015940627187167003
736,-1.8137285983263938,1.5102005220013617,0.015941318731609738,11,0.014088642541682794
736,-1.9623423822958743,1.5101156042650414,0.01580383848332327,10,0.015356594783717264
737,-2.0009139064636186,-1.642809094914012,0.015798901310277558,14,0.00514776221771427
737,-1.8281092602812803,-1.614492670979326,0.015701156810865903,8,0.015932551937188517
737,-1.8144659206303668,1.509485830531135,0.016279109938216782,11,0.015427622929538505
737,-1.9648664547590649,1.509787517727753,0.015877295480732186,9,0.017494791666057833
738,-1.8100389010607558,1.5094989776054093,0.015986021966705392,12,0.016500623484828086
738,-1.9664939168304576,1.5107483247651594,0.016028391884952756,10,0.014524207328115055
739,-1.8401019343422411,-1.6229408952076043,0.016322188541888053,6,0.00287499473680419
739,-1.8032697830818771,1.5093721532813462,0.016305871832378194,10,0.02141069238902078
739,-1.9648158023652553,1.5135824762387289,0.01693569337568328,10,0.01516136971190041
740,-2.007012081280103,-1.6486402096465658,0.014763934333157723,10,0.0
740,-1.8410291658642903,-1.6241332685919856,0.01564241817897859,7,0.0046954798638689284
740,-1.8159611897856884,1.5037166094486265,0.015544190684788519,11,0.013511199896349073
740,-1.9643038514782747,1.5109645958339413,0.016278752442107133,10,0.015755981889485675
741,-2.0251714201335633,-1.657806760001848,0.01616025912033063,11,0.005561216532067778
741,-1.8362762241999295,-1.6263259012969755,0.016106285389094324,7,0.005198693713352206
741,-1.8136829095201354,1.5094205103882496,0.016551818671837172,10,0.012443212274364578
741,-1.9631656688225532,1.5122928534818982,0.015741810839837268,11,0.01633483567579628
742,-2.0239805047945008,-1.6568321761345284,0.015727513152212214,11,0.005577522268113553
742,-1.8359601516848614,-1.626218277649587,0.016245671261965893,7,0.002637470971117676
742,-1.800588940895709,1.51032881331894,0.016447746701949966,11,0.016880579734230346
742,-1.9687938528395095,1.5079074491999847,0.01572785474283972,10,0.013058133909256631
743,-2.0186528531922567,-1.664786185114568,0.016366226892929537,13,0.01648252856395568
743,-1.8148474594807062,-1.6032272703887003,0.015408930830364102,6,0.003979271607870059
743,-1.7994401237541124,1.5103442442498698,0.016891731161965545,10,0.01711897256498611
743,-1.9720455098381933,1.5097573952850454,0.015519733429731161,10,0.00236394595064125
744,-1.9912118620370718,-1.6388980722291853,0.014931388060030627,10,0.0
744,-1.8295274108975705,-1.6216468700074214,0.01603211484115468,9,0.016563372815128513
744,-1.8135140572447264,1.5109675814042984,0.017201080160588925,11,0.01565505661343803
744,-1.9667167987172465,1.5107629318136653,0.016246413941152105,10,0.0148381969695663
745,-2.02926620937878,-1.657055743681636,0.016521630886342346,12,0.0035545871451459652
745,-1.8248434791311587,-1.61764957656612,0.01566117808311051,9,0.01625461243364068
745,-1.8068495755393945,1.5127505416643547,0.016002685362733297,10,0.015997930352246392
745,-1.9662766530543923,1.5083701418853603,0.016206826713124938,11,0.01789495357877239
746,-2.029810295567139,-1.6574985726107592,0.015694891518513117,10,0.0018740257405257177
746,-1.818181023908657,-1.6067317756418926,0.01522939143691424,7,0.0
746,-1.814693367824038,1.510050395781918,0.016156074947705726,11,0.013862085241665881
746,-1.9647849340628647,1.5099940736695348,0.015919319885072666,10,0.017549795299549593
747,-2.0361138794007,-1.6560730866078262,0.015713502597621994,10,0.001877237875724501
747,-1.8353708267171018,-1.6245784443823768,0.01608245896790039,8,0.004400549852861049
747,-1.8067777653472412,1.5102472993029334,0.015657377366521112,12,0.024786963112275975
747,-1.9603869251327213,1.5079125131200048,0.016347944383386277,10,0.01748660372083102
748,-1.9962517008731888,-1.639800280945079,0.016429708383400018,10,0.0
748,-1.7996715630974462,1.5104250691634338,0.016106126983179862,10,0.015960271264425775
748,-1.9644180731194405,1.5092598325584319,0.016514466852795732,11,0.017202113060612916
749,-2.02926620937878,-1.657055743681636,0.016521630886342346,11,0.0035545871451459652
749,-1.827012900428447,-1.6224430960078622,0.015770455692129495,8,0.016246319158668594
749,-1.8143548926143744,1.512399397239854,0.01607681719449321,9,0.004190573926551231
749,-1.9670550283670498,1.5078755630466494,0.01625537916590839,10,0.016508904568397195
750,-2.004923833280413,-1.6502316027240578,0.015936032571414266,13,0.020805954980367244
750,-1.825320203447581,-1.6323470045158603,0.014757949916772808,7,0.0
750,-1.808107020947569,1.509326237559764,0.01631833967327985,12,0.01657123399242897
750,-1.9656933819781401,1.507857448359933,0.016024050405808468,10,0.01823071491583967
751,-2.0371888542476486,-1.6668201743077609,0.01700274974689707,11,0.0
751,-1.8422914910970336,-1.6190075954196352,0.015436385839481153,6,0.003216408886893594
751,-1.805789448943046,1.5101629089218755,0.016050760016800687,10,0.01529809412282856
751,-1.9689906666833317,1.5091741650150496,0.016169746001470295,10,0.014258154674729843
752,-2.019357802272345,-1.6489634690466235,0.015286276832362212,10,0.002347156334239142
752,-1.8378496205858952,-1.6255474176467206,0.015933832766691466,8,0.004639214576034433
752,-1.8060555866767294,1.511277326892434,0.016338012376943226,10,0.017582682851830456
752,-1.9626657186906076,1.512769355303434,0.015417392209347668,10,0.016852184554624998
753,-2.0335616352060004,-1.662205522422311,0.017018505845169608,12,0.0022512546640528243
753,-1.8350131888176193,-1.6275957463066721,0.015266949459916697,8,0.0012202176557280274
753,-1.8097330906265918,1.5087830174817036,0.01614710609082979,11,0.014870700219927948
753,-1.963533130183432,1.5115034487969083,0.016186807297812737,10,0.01652000031383173
754,-2.0079046070901536,-1.6536428498055604,0.015616622950845134,13,0.01985407694197036
754,-1.8288443702442005,-1.6092733688009713,0.014950405111449436,7,0.015609832428006905
754,-1.8124465419464706,1.509055096454968,0.015989728428216558,11,0.015798038029301742
754,-1.9435376694225819,1.5130345659968656,0.014948142748637447,10,0.003571284244708312
755,-1.8288733904579146,-1.6165515698695299,0.016367952325771287,7,0.018546427111776818
755,-1.7995665887143162,1.5104756119400826,0.01675918265034068,11,0.01583572283066579
755,-1.9682908601507072,1.5055942740902293,0.016004759102527265,10,0.014227143917436798
756,-2.0309272232181006,-1.6584169532105246,0.01601088430997749,12,0.00907398000389128
756,-1.8198833862882307,-1.6144274659021702,0.015867910198812847,6,0.01728546337397763
756,-1.8130673216527826,1.5103448709229785,0.016246951253072447,11,0.014279132945217935
756,-1.9670267247061333,1.5092965639562304,0.015560347754816696,11,0.014917966571861646
757,-2.002883598270711,-1.6376698813882395,0.01564165312893245,11,0.004455782899075208
757,-1.8406972422705428,-1.6252891355485126,0.015965024348139536,9,0.01696594106627278
757,-1.8082946539037725,1.5103832675967317,0.01612483801122805,10,0.014705083919493756
757,-1.9652264702906495,1.5086630638985257,0.016451793507949945,10,0.015986470323718138
758,-2.0180140626035215,-1.6629497148491472,0.015979380117197357,13,0.011780079164337617
758,-1.8243643311529412,-1.6052730530202601,0.01629802688544623,7,0.0015515266889723194
758,-1.8094890102557222,1.5090402172352,0.015893449543376556,10,0.012816337606900053
758,-1.9576682201881064,1.5099337655338094,0.016248578129654995,10,0.01985926488254807
759,-1.8471583731538128,-1.6254021772629872,0.017145897332414207,6,0.0
759,-1.8120309268529382,1.5101193038068408,0.01655013698743601,12,0.015342637704844592
759,-1.9604157312216586,1.5090239417437885,0.015877053187472897,10,0.01868849837869235
760,-2.0208981068798626,-1.65022144508263,0.015299026403930301,9,0.002351623635499683
760,-1.8198383669721085,-1.604498756956408,0.016020008119056454,7,0.0
760,-1.810942415673686,1.5106119183486524,0.016092744345537605,11,0.015835789791727905
760,-1.9680767032629787,1.5086060544418107,0.01615207249251971,10,0.011981182156913744
761,-2.0113855504497007,-1.6446224155517697,0.015613965028165444,11,0.0038993202662162556
761,-1.8440710895110102,-1.6211000632880719,0.01556628613659423,6,0.002066013558406731
761,-1.8111295760461568,1.5102712292806937,0.015902360008461514,10,0.014906382066682633
761,-1.96286602471587,1.5099995363985197,0.016178334517681723,11,0.02046400265495511
762,-2.0339100896202824,-1.6575615904410297,0.01614510569575521,12,0.0034052668253108562
762,-1.8335021753559841,-1.6265980532899433,0.0157864184428259,8,0.005297596680644008
762,-1.80627584733118,1.5109267287126638,0.016297705215363955,10,0.015456873507838179
762,-1.9699702721698706,1.508913534086103,0.015936137641048773,10,0.005043161236241797
763,-1.8130769973972414,1.5087519166366372,0.016140860700966733,10,0.013604870661508301
763,-1.9644895362770787,1.5060825483458404,0.01621978585479166,10,0.018803757736525505
764,-2.019357802272345,-1.6489634690466235,0.015286276832362212,10,0.002347156334239142
764,-1.8427320358503447,-1.6193944666000035,0.01601565710095464,6,0.0028439749555148573
764,-1.8069829074448953,1.5119963769652567,0.016113782911511783,10,0.01600094229611959
764,-1.967138829268995,1.5081768223867318,0.016710637853167346,11,0.017167454429879908
765,-1.825320203447581,-1.6323470045158603,0.014757949916772808,6,0.0
765,-1.809015022266553,1.5112751743350998,0.016183864304163718,10,0.01702295500389605
765,-1.9551283498891667,1.5121328968827943,0.014971575747210622,11,0.017945041290100976
766,-2.0088939752387405,-1.6425842401627404,0.015800904143215323,11,0.003899655007656478
766,-1.8170710163578496,-1.6051900483001673,0.01544333615533676,6,0.003987368824843129
766,-1.8100785691487988,1.5082084796015827,0.016000962403460738,11,0.015490914406948055
766,-1.973119462078979,1.5106864041468286,0.015941165248468878,10,0.0028204989646312736
767,-2.010445004984664,-1.6637160153236528,0.015066062145792768,11,0.014526892424801225
767,-1.8456403861090394,-1.6240671555822854,0.01712402164458186,6,0.0
767,-1.8088879288787871,1.5099345292660689,0.016173114987773695,11,0.015700644053332824
767,-1.963847981986418,1.509397066769168,0.01604008456547951,10,0.01715952036242667
768,-2.0187246847334452,-1.648446478385105,0.016032660502410832,9,0.003628042828852752
768,-1.8397686204309533,-1.6198972244082273,0.016584239957460296,7,0.0023225718167523483
768,-1.8050272873049114,1.5120396647512808,0.016351172084111926,10,0.01556470809535836
768,-1.9574765582095017,1.5123558167174322,0.015518793322113355,10,0.01868115502044372
769,-2.0316003344492475,-1.6606020854807566,0.01656409796632513,13,0.0022625148424189664
769,-1.8287413481852393,-1.6225858535498625,0.015749975883905042,8,0.01636276488719164
769,-1.8130288043882943,1.5106611045154061,0.01640631722022011,11,0.015128863564385135
769,-1.96800191268542,1.509843784563012,0.016054617078556176,10,0.01424006648473192
770,-2.0199740416361025,-1.6625880078484065,0.01562915902578267,13,0.015002056446729296
770,-1.8243057702345007,-1.6037261135743868,0.01613855556859302,7,0.0031248352419520472
770,-1.8065565733173625,1.5118102601783427,0.01656390865317799,10,0.01853807906792727
770,-1.9582261363644167,1.5114778404632585,0.01576267602199205,10,0.016907275254452132
771,-2.0033482139849665,-1.6655342787862755,0.014525812511189425,12,0.0
771,-1.816867150081771,-1.6018751578676116,0.01598332739574289,7,0.0
771,-1.807831696229562,1.5102052833183397,0.01591127418618036,11,0.016498704609110543
771,-1.9663830285077266,1.5087750785812049,0.015605571819268154,10,0.014565905442555045
772,-2.025894411524383,-1.657578671038788,0.015748906554673904,11,0.005135037228426103
772,-1.805232046578986,1.5120242854855943,0.016324977342794585,10,0.016909821286378718
772,-1.9715172399083505,1.509459661073949,0.015922426765208463,10,0.0028181489737672955
773,-1.8292174457807024,-1.6246777543727433,0.016596457078771987,9,0.01618326325327977
773,-1.8085085654439008,1.5119715060666243,0.01622807800952511,10,0.016610208147633684
773,-1.9677387566433258,1.5076762470658345,0.015872637980791807,11,0.013302056577689493
774,-2.0162614263839447,-1.664786146125974,0.015415861985824956,13,0.015690237453907532
774,-1.8230111614379645,-1.610894292942808,0.015869638372589246,6,0.01730500081904972
774,-1.8054218548935017,1.5121970595163838,0.016385580678926915,10,0.01637198481186192
774,-1.9681249717832934,1.5063293246106089,0.015390042025339704,11,0.013959575112462819
775,-2.007818608674204,-1.647671789662081,0.01643635254351548,10,0.0024260482882226403
775,-1.8203890781325998,-1.6018480754989204,0.016858287279355597,7,0.0
775,-1.8087512842712379,1.5086560805823677,0.01668024498068598,10,0.018496892979657547
775,-1.9643776523496133,1.5097710961446087,0.016283943084758896,10,0.016925392359511012
776,-2.0102044274216464,-1.6436558664040168,0.015206825621008344,10,0.003865844749709729
776,-1.809400560886433,1.5101241511146737,0.016356148695772683,10,0.017115145092565922
776,-1.9536805576402598,1.507726983676177,0.016380240443181426,10,0.020453622228511128
777,-2.03468192224417,-1.6614765592752547,0.016532566713416196,10,0.0035677016817614654
777,-1.8188257390817728,-1.6146374976214382,0.01618649136303997,8,0.018384671363338816
777,-1.8131929430580336,1.5095444599947465,0.01618486645858461,11,0.013622779382929717
777,-1.9672467732068233,1.507829906750143,0.015815086240734265,10,0.01602006041935213
778,-2.0334354244804116,-1.6571752225932137,0.01578053753511855,11,0.0034464181786114066
778,-1.8175337239739875,-1.6055237534499462,0.016255445095593117,7,0.0015582038150869313
778,-1.8136353526190068,1.509358623781973,0.016243799822690523,11,0.01429131496617768
778,-1.9699399523038794,1.5093743899861265,0.015975433553675766,10,0.013489249278299252
779,-2.021207670452102,-1.6587588485866753,0.016069002298092876,13,0.011713433772376757
779,-1.8245621293439898,-1.6131992314032642,0.01552852758919798,7,0.016885134982827347
779,-1.815918152628878,1.5106169840267807,0.016348900981929905,11,0.013868396209289136
779,-1.9704261002661596,1.5104521341970143,0.01546459739176775,11,0.009666633488699197
780,-2.039750901224087,-1.6672646510304827,0.01702747226360992,10,0.0022580186995693405
780,-1.842223634205239,-1.621870764198713,0.016052770074658128,6,0.0021439297878679004
780,-1.810487801991266,1.5111251485190522,0.01645871556485167,10,0.013792413853246612
780,-1.9601795012757361,1.5131959928363492,0.016398834978660466,10,0.018384445427284672
781,-2.02927959373938,-1.658705071158218,0.01656043538802123,11,0.002257616785476998
781,-1.8415118249839582,-1.6188513560760023,0.01517704684488401,6,0.0017387798323470179
781,-1.8098761947616673,1.5089068664278293,0.016469509176037036,11,0.017976391422323948
781,-1.9679901815358711,1.508603077873077,0.01614834064041122,10,0.01533423123587316
782,-1.8440710895110102,-1.6211000632880719,0.01556628613659423,6,0.002066013558406731
782,-1.8114245294227238,1.511126733243177,0.016374936546614725,12,0.015494895918556895
782,-1.9634916718239015,1.508319538793437,0.016268409647836202,10,0.016958977886966393
783,-2.029948376209484,-1.6543312213686856,0.015976386329365024,10,0.005599919619693754
783,-1.8305249901217568,-1.6200543265872882,0.01608947594983354,7,0.01667604297601089
783,-1.8115540368464593,1.509674361568169,0.01671727679954202,11,0.0163553671385031
783,-1.9583963951321146,1.5105231510913573,0.015570695561543784,11,0.023006192504967844
784,-2.0136009216869497,-1.648333514227744,0.016103583018142888,8,0.005526971119828588
784,-1.83659241926518,-1.6187407154166362,0.0166489374148569,7,0.01705070758402534
784,-1.8069187753390337,1.5122843088571913,0.01610807699454753,9,0.016296567686833904
784,-1.967479284771248,1.509745725456173,0.016132899667723404,10,0.01518504914350009
785,-2.0354569185165157,-1.6588229809728525,0.01615021141574229,11,0.0034094108268783547
785,-1.80627584733118,1.5109267287126638,0.016297705215363955,10,0.015456873507838179
785,-1.9640034328989247,1.508910009140366,0.0161079077664684,11,0.018589163376593738
786,-1.82917602315189,-1.6243241168024536,0.01627428884274466,8,0.0158733170575849
786,-1.8063075459966997,1.5098210625841202,0.015688412875423472,12,0.019381238844948096
786,-1.9662663428533225,1.5090080050520764,0.015780250513702583,10,0.01389634318777376
787,-2.016728554918631,-1.6647008562797,0.016010920676982315,13,0.017316842853487634
787,-1.8245466795877605,-1.603936167646581,0.01591521413037735,7,0.0030338222014540776
787,-1.8103074750835255,1.510208246121342,0.016184224113614847,11,0.01759310935251234
787,-1.965254103275579,1.5105440188278243,0.015956353495973626,11,0.014743046297568292
788,-2.0157837019408595,-1.6642688243970396,0.016443664340385723,11,0.018142244241422526
788,-1.8278747135304807,-1.621018284313686,0.015817518710124177,9,0.01500831582654243
788,-1.8045818990225888,1.5107083100757526,0.016289538444742582,10,0.017160623072691266
788,-1.9645550614789242,1.5077163143953325,0.01654812322783422,10,0.012554003671642
789,-2.0343162296755404,-1.6562511693406852,0.01628550134391982,10,0.003018453613127683
789,-1.8191389976526586,-1.6137699570470347,0.01585780675635062,6,0.017268330502577398
789,-1.8100246310656547,1.509874627292262,0.01601244196371189,10,0.01397969872241938
789,-1.9733048166706468,1.5067131422152729,0.01658534520998692,11,0.003939300258836539
790,-1.8422698907203343,-1.6195171303785236,0.01518594963240974,7,0.0017398918068140343
790,-1.8109620810128568,1.5104525183814042,0.016666697418585275,11,0.016912655494036977
790,-1.9728457618620954,1.5090317945898974,0.015611748734274589,11,0.00331018152544547
791,-2.018633569245257,-1.659013965455359,0.01627042534666211,13,0.012307261653038568
791,-1.8250218949993255,-1.6097381038105576,0.015564949073497966,7,0.01700930786524092
791,-1.8167265639041865,1.5104727283507926,0.016853616602460084,11,0.011880233189601765
791,-1.969518342380313,1.5096023849902624,0.015894112277681935,10,0.011148409932672887
792,-2.0055194623488237,-1.645783066439939,0.01641060726992743,10,0.0024213351439937355
792,-1.8238155705675219,-1.6310059532092929,0.014743284319930381,7,0.0
792,-1.8111628607824093,1.5097904485661204,0.01586710417799911,10,0.011875711536061576
792,-1.9632301848118852,1.5065891350815983,0.015361965985218239,11,0.01496513681573236
793,-2.0155268677332914,-1.6490950957703951,0.016104441452893064,11,0.005184473227335899
793,-1.8431847403242059,-1.6218226543009056,0.0164846668290921,6,0.0016144906627828838
793,-1.803757765782437,1.5094426003828711,0.016491884866649525,10,0.0165781747900426
793,-1.963245801798725,1.5080744622045632,0.0159197244834833,11,0.01755381800021877
794,-2.0326441020001735,-1.661456396806643,0.016292746295518187,11,0.0030221373437206533
794,-1.8144973072279478,-1.6060543443315323,0.01599269981891309,6,0.0
794,-1.8060327766202964,1.5083263345819293,0.01577654149571267,11,0.015227586858161628
794,-1.9529056993064462,1.5108633587150928,0.015663662982335135,10,0.019490967846988092
795,-2.0078579209931964,-1.6417367895460158,0.015220967693260479,8,0.0038816621097412076
795,-1.838517668813185,-1.6210141290577829,0.016081696425083232,7,0.004402230540793849
795,-1.8151783601291989,1.5093109500981614,0.016247039396008158,11,0.012515720621629069
795,-1.9634787608551474,1.509568355628919,0.016130201188468453,10,0.017092045298080644
796,-1.9970441511931611,-1.6404516309210253,0.01465906391552055,10,0.0
796,-1.8438747279391827,-1.6209290380300576,0.015530480427461552,6,0.0024659777760960384
796,-1.8113595361882158,1.5083662231746897,0.01596109938251264,12,0.01548471202616042
796,-1.9732009108079656,1.5059267352839474,0.015954805870417182,10,0.0025145699016181646
797,-2.032578578513011,-1.6564744543243546,0.016242037446782254,11,0.00533814149485984
797,-1.8357953298791507,-1.625009086363828,0.01652233032577704,9,0.0043249663740864246
797,-1.81048336717431,1.507538261823278,0.015609669022356921,11,0.01474015314599793
797,-1.9681204334348699,1.5083879547685195,0.0159113589384575,10,0.012419504381517036
798,-2.025520637333524,-1.6539958765966285,0.015336689664955905,10,0.0023658741912770953
798,-1.8173993687268912,-1.601649083175977,0.01621747145678743,7,0.000992437397799242
798,-1.8149816013691893,1.508823043719324,0.016063908154621144,12,0.010594719997956494
798,-1.963240892386856,1.5069537943362044,0.016288752696231642,10,0.017646651688746788
799,-2.0364164314901965,-1.6661859732422442,0.017002512744168637,9,0.0
799,-1.8086292541192956,1.5109352891723744,0.016316984588287498,12,0.016797887242534986
799,-1.9688174151170703,1.5072014340585163,0.016019411864032655,10,0.015194964368225065
800,-1.842114153724765,-1.6177957478054783,0.016301276753948688,6,0.00308593375123959
800,-1.8112196743432878,1.508348664351137,0.01633997343669161,11,0.017694989636266905
800,-1.9671084121518005,1.5093785435537777,0.016193163557043658,10,0.016470969788351806
801,-2.030279074462863,-1.6588256679565103,0.015866373756687046,12,0.008421169472612264
801,-1.8188326953846388,-1.6067487385083,0.015830967438936177,6,0.0
801,-1.8053388059326188,1.5116138404096557,0.016466928004619043,10,0.01757729089716768
801,-1.964103925743942,1.509429290283669,0.016641248587104182,11,0.017375296326391343
802,-2.0348700357737153,-1.6649192960222756,0.017001125514643948,12,0.0
802,-1.8276928730064164,-1.6150710963735606,0.016067851640772145,8,0.01832541969254383
802,-1.798508482748347,1.5096453700360422,0.01591764809054677,10,0.015506060016407815
802,-1.9554578195097991,1.506947638005346,0.016155319039205265,11,0.017264137272624477
803,-1.823127315456073,-1.6034726236416468,0.016110651456370334,7,0.0047651161262066335
803,-1.8049708014566146,1.5101687075552168,0.016627123172458135,10,0.016263481026570163
803,-1.952022484280263,1.510947652794144,0.016139045317959507,10,0.01589942555845732
804,-1.8139431757634108,1.5115636756318669,0.01638545579918052,10,0.01028632922639063
804,-1.9651744323120097,1.5089905801023036,0.016045846498004876,10,0.015667003953648055
805,-1.8123403073425497,1.5099215310613257,0.01653641851780611,12,0.01578542678233824
805,-1.965204393291962,1.5088752362590474,0.01596255476047582,10,0.016127462779998162
806,-2.035882685854723,-1.6641020129052717,0.017022227440861397,12,0.002252312802063885
806,-1.8034447956173267,1.511964965101677,0.01606496643473727,10,0.016171260098204417
806,-1.9647066278456222,1.5079824048224355,0.015203144037884071,10,0.017668328707092465
807,-2.03100114649404,-1.6617574634871006,0.016996993321084702,12,0.0
807,-1.803948069741226,1.510277536206086,0.016437195376598938,10,0.015358124715386124
807,-1.9407178407112877,1.5184125811102525,0.01631569540737442,10,0.001877587531668081
808,-2.0308429864241377,-1.6583417429845344,0.015426370990222052,10,0.0019896610344177458
808,-1.8330669156575803,-1.6252057813505048,0.015106337449023018,7,0.00314862544109865
808,-1.8088830057158831,1.508223409615024,0.016218676829227518,11,0.01696246432268122
808,-1.9443172434736558,1.5136422333666326,0.01495945674947884,10,0.0035698640690855236
809,-2.0062442869165475,-1.6480086521735584,0.01475773098642136,12,0.0
809,-1.8105660260620553,1.5092737397848857,0.015948998550659683,11,0.015158409440795018
809,-1.9664214806395408,1.5109803245061757,0.016285058581097245,10,0.015666171070648684
810,-2.025521386233075,-1.6539964927595676,0.01531329304917596,10,0.0020435462379243116
810,-1.8189031964965539,-1.6036729706594277,0.014882151056976056,7,0.0
810,-1.8077611690941844,1.5114318966145484,0.01589634897420367,10,0.017490059721202805
810,-1.9748341794159614,1.506865610494073,0.015069125379250335,11,0.00357934155415531
811,-2.0172904704155576,-1.6575553017975162,0.01603117221192519,13,0.010068596050145099
811,-1.8430272328747255,-1.620183092375124,0.015194769321090486,6,0.001739830271904677
811,-1.8063324155182834,1.5107929609860022,0.01617740545968692,10,0.016098860980805943
811,-1.9658417849815633,1.509209118907708,0.016166122235823605,11,0.01696245028053228
812,-2.0177346080741954,-1.6608344377998463,0.01601709366420755,13,0.012717655714162932
812,-1.8393330088236017,-1.6208958868665098,0.016832966516185748,7,0.002531458564833288
812,-1.8027867870104946,1.509559615385208,0.01609122177011924,11,0.01642205720983077
812,-1.9625737481142438,1.5076537748025127,0.015506769975152369,10,0.021478660528698325
813,-2.030040087276355,-1.6576865788099202,0.016523484298385637,10,0.0035561626108210607
813,-1.8347416333117068,-1.6238744182570992,0.016425331186858343,8,0.005510591620536868
813,-1.8117150575281205,1.5096249849457424,0.01622704623033404,10,0.014376168262662333
813,-1.9645032079317686,1.5079374414740898,0.016131866252361106,10,0.014546489187246273
814,-1.802461098611646,1.5095894414522628,0.0163610763780629,10,0.017072456052867613
814,-1.9561457393898096,1.512931900192199,0.015505532012891642,10,0.020673879059472655
815,-1.815239918845155,-1.6067122482834604,0.016000833177238084,6,0.0
815,-1.8087909796298942,1.5099209349101577,0.015871689586940303,10,0.015032306211944556
815,-1.9410470117081982,1.514122031553847,0.016422281038539797,10,0.0
816,-2.0326474169321123,-1.6576262877416503,0.01611505669457088,11,0.0023557870374349248
816,-1.8281050161875594,-1.6222704743467706,0.015639041010209333,9,0.015069624660803084
816,-1.814458034458036,1.5098649727057287,0.016153313178803846,11,0.011941717590672835
816,-1.9607716249132106,1.5084013708670543,0.016147117400241322,10,0.022893949521676768
817,-1.8118412186406152,1.5133161301459295,0.016295502279458075,10,0.014485262764213755
817,-1.9598786772067034,1.5150100258407877,0.015967587144669896,10,0.01902668210424334
818,-2.0248631188446047,-1.6508349697107452,0.016122336641532887,7,0.017224946807073097
818,-1.8097372507220912,1.5114315658265003,0.01637690804963574,10,0.015348379140321187
818,-1.9630395158034524,1.510269434250638,0.015768478004357867,11,0.017136073086404413
819,-2.005660286680301,-1.6385886012799884,0.015804085499313888,8,0.005301636326530628
819,-1.8249537547316073,-1.604294637465759,0.015605882935479088,6,0.0020474118324260637
819,-1.8027706537390797,1.509288812785536,0.01607494558425748,10,0.021589712540626797
819,-1.9673522179210736,1.5108704699005093,0.015670270720852014,11,0.014628002828424327
820,-2.002994071293451,-1.66899655146207,0.016213475317544843,12,0.0
820,-1.8259139237846076,-1.6204338967969902,0.015481874920783973,9,0.016943768785533123
820,-1.814392871847692,1.5106979136412613,0.016356767604889872,11,0.013817656550057407
820,-1.9605069295941029,1.5091455081680332,0.01608404186480387,11,0.02239033308051395
821,-2.0223137782560174,-1.6554671246694035,0.01587520518727535,11,0.00556807346462946
821,-1.8229393981951072,-1.6069769596582082,0.015633944780619958,7,0.01700697935799596
821,-1.8105813791149656,1.5121449725099863,0.01678583715447491,10,0.014223520083981814
821,-1.966423086050032,1.50907591771387,0.0163723489863831,11,0.016714581579110828
822,-2.016774604966161,-1.6655153341861844,0.016194930776861564,13,0.015305261151847278
822,-1.8222644216355697,-1.613338129204023,0.015756425696344466,7,0.015488277174755889
822,-1.8120098401962292,1.5095741189660936,0.016231252857084995,11,0.01533304502146255
822,-1.9652027949037663,1.5093597509436614,0.015689926498471694,10,0.016904489367227635
823,-2.039750901224087,-1.6672646510304827,0.01702747226360992,10,0.0022580186995693405
823,-1.844175407187807,-1.6275844578668206,0.01582629906015004,6,0.002104020614648325
823,-1.8117888957231523,1.5103241861217827,0.016309991317808272,11,0.016353016206916222
823,-1.9605337575912998,1.5130538834149394,0.015871821582740607,10,0.018142840836539543
824,-2.027583411891996,-1.6597796803582134,0.016065824315178393,10,0.005619124180257884
824,-1.8163323956444701,-1.6045401499372738,0.015427353588973538,6,0.003983182661927279
824,-1.8148416314596576,1.5093010280559713,0.016190461119821576,11,0.012906172688222995
824,-1.9424225228875829,1.5091422454390797,0.016396330673285282,10,0.0
825,-2.01933376184282,-1.6653457063744543,0.016120498581877873,13,0.016785952717080187
825,-1.8148993906548054,-1.6017469094668768,0.015517981172111221,7,0.0021283816268869334
825,-1.8098286648792645,1.5102917874793576,0.01633716770625979,11,0.015651208572460967
825,-1.964505376503295,1.513573209027508,0.01618739141613684,11,0.018844076167375153
826,-2.0416458834683806,-1.6638652161113066,0.01617189565426461,8,0.0034219588501415705
826,-1.8070235078903116,1.5101383945433493,0.016237746976255803,11,0.018319153434913717
826,-1.9676938584181007,1.5105663935326425,0.016323979565626402,10,0.01622882479151878
827,-2.034960979968055,-1.6608830979821267,0.016058732112069422,10,0.0038834684280702847
827,-1.8269825576785998,-1.620875596628134,0.015670813321976958,9,0.014894682485724682
827,-1.8079002365946946,1.5072125133130936,0.01616309521450865,11,0.019080324701545075
827,-1.9668948068976604,1.5102091045653732,0.015756037509015424,10,0.015087302682604622
828,-2.0325549590798744,-1.6542709958813904,0.015530110669257302,9,0.0030306128522332287
828,-1.8163323956444701,-1.6045401499372738,0.015427353588973538,6,0.003983182661927279
828,-1.8100621498691307,1.5087467275091186,0.01646377400461899,11,0.01846278508902488
828,-1.9655352726123294,1.5103588746201153,0.016230537196524723,10,0.015531401197146409
829,-2.032640382732671,-1.658988368727368,0.016053225705518412,10,0.0038776282781224337
829,-1.8203891272383224,-1.604982693164524,0.014901838926566708,6,0.0
829,-1.8071789265517622,1.5103553599219037,0.01603613189032532,10,0.01609105973835481
829,-1.9556037241648294,1.5162952200133986,0.016499772927426794,10,0.01820585318003387
830,-2.0168898383140106,-1.660048921372151,0.015613153879227395,13,0.014977419843209012
830,-1.8299906999881967,-1.6301455123229358,0.014776732528189758,6,0.0
830,-1.8125364636406147,1.511308477288871,0.016499289304328108,11,0.0134356930466509
830,-1.972318096953963,1.510073125685403,0.015932000125735556,10,0.002819355931233521
831,-1.824156249358366,-1.6183056780814349,0.015436259595774585,8,0.01587932365572355
831,-1.8086667759947532,1.5088431990169007,0.015545089553682667,12,0.01448793815873432
831,-1.9632379609718882,1.5101354799132318,0.015962374674786478,10,0.01565321839198289
832,-2.0056056059206724,-1.6398963237800916,0.015144137592248063,11,0.0038637078897648027
832,-1.8203890781325998,-1.6018480754989204,0.016858287279355597,7,0.0
832,-1.8137066952753937,1.5098246093872942,0.016170722531180112,11,0.014878837010042128
832,-1.9670267247061333,1.5092965639562304,0.015560347754816696,10,0.014917966571861646
833,-2.0339213430149483,-1.6624995819754198,0.0165671279045606,11,0.002264974086982669
833,-1.8113033546626542,1.5096168688811493,0.01615843738926483,11,0.01568157107258242
833,-1.9641265830760366,1.5115988848160076,0.016398331084261992,11,0.020049547956602205
834,-2.022271310707321,-1.6554319192687603,0.015944156959656147,13,0.0056703516216112275
834,-1.8249558649142075,-1.60429620934971,0.015393568700990411,7,0.0022068694472468786
834,-1.8093884170554702,1.5116889330084098,0.01613254908384855,10,0.017908891853576026
834,-1.9647192691173851,1.5093409782295615,0.016218709419244512,10,0.0177132717157242
835,-2.018878323520303,-1.6657201352929452,0.015593661279263229,13,0.014420049638415783
835,-1.8196292958792375,-1.603617249052395,0.016244098173057706,7,0.000998485479786886
835,-1.7998362405717068,1.508987012924332,0.016000637369590908,12,0.021088648674965165
835,-1.9613473353828825,1.5099902598419948,0.01588219060413812,10,0.019069496416466162
836,-2.006539543458157,-1.6609304603532766,0.014712608839822332,12,0.013446417584485941
836,-1.8163849994717733,-1.603061263259876,0.015534369828621376,7,0.002132691570756154
836,-1.8058087400908787,1.5069300244562511,0.01590371797246123,12,0.015735328071122195
836,-1.9617503521695128,1.509509015803501,0.01537680597093693,10,0.01981376286491549
837,-2.025514537407767,-1.6579239666757453,0.015963715760006388,11,0.005430497197730951
837,-1.8296932364720981,-1.618906101523792,0.015651143407978144,7,0.016026994996686226
837,-1.8022099049928135,1.5076719143806077,0.016294980909573528,11,0.018357612579878047
837,-1.9582041890935267,1.509978259245279,0.016197643166746177,10,0.017632414984036945
838,-2.0103895919195307,-1.6538242475956768,0.016358527075155147,12,0.01033163503116192
838,-1.8437393966092408,-1.6232054434845022,0.016072284052731117,6,0.0021523464283139627
838,-1.8118909571112773,1.509570313259999,0.016354150582925827,11,0.017483351705863057
838,-1.9634212585948583,1.5109801527910989,0.0154392494173473,11,0.018263671993916687
839,-2.019824693820796,-1.649344974120024,0.01565582413121356,10,0.0031056433443262654
839,-1.831304358156669,-1.6234791095783174,0.015915450031081156,9,0.012570838088912599
839,-1.8020747303639275,1.51081320692251,0.015374372853448962,10,0.014096572074904654
839,-1.959555922795325,1.509207587239613,0.01614547048655413,11,0.017787385529077424
840,-2.0393369355056974,-1.6669264264726515,0.01657524070675906,11,0.0022725846817787873
840,-1.829983838319748,-1.6278673906222847,0.015855424941908506,9,0.006103879829381529
840,-1.816437727262244,1.5090077074899573,0.016271947029688517,11,0.012949857280468772
840,-1.9648736233520898,1.510143367084075,0.016049447426339424,10,0.016345018928098635
841,-2.033542451979189,-1.655621498313224,0.01628197345542008,10,0.003016710560228964
841,-1.8157923828804738,-1.6040623966788556,0.016840937920380675,8,0.0
841,-1.8120375365140802,1.5104925747489493,0.016005777018559403,11,0.015252855149486108
841,-1.9691821102018976,1.5072179360004183,0.016066412060331395,10,0.011859755000675197
842,-2.036373901189156,-1.656284585056495,0.015441721257305592,9,0.001992353705944673
842,-1.8347689709612396,-1.624989781606043,0.016090529550757886,8,0.005195465537963472
842,-1.8140444750479994,1.5104585727410136,0.01592695930155823,11,0.013286446641348669
842,-1.967724400997107,1.5086292612493277,0.015954684994043136,10,0.013480762588773223
843,-1.816867150081771,-1.6018751578676116,0.01598332739574289,6,0.0
843,-1.8141767976403869,1.5093517379268873,0.016041186383061925,11,0.013568186273787976
843,-1.966493933490621,1.5095051042322054,0.015800129348674547,10,0.012271447101854143
844,-2.0176608692263294,-1.6606831956604573,0.015617283372706329,13,0.014984056543431068
844,-1.8159039879018795,-1.6044228398690783,0.01657409319753414,7,0.0029216883995630636
844,-1.8059194634232365,1.511260694463293,0.016248793851366333,10,0.01663474080736054
844,-1.9605828019155123,1.50956131920296,0.016827535583696006,11,0.016856651457147733
845,-1.8116563684890827,1.5082926576566111,0.015535810555862995,11,0.015473580141634245
845,-1.9625610992598121,1.508663170821066,0.01552372574978817,10,0.018112641309993283
846,-2.0334212293427822,-1.6582567253029483,0.01611753228985042,11,0.0023567543316693274
846,-1.8253009653392276,-1.6176340715915263,0.015747828302303486,9,0.01707470269796347
846,-1.8160162700891347,1.5114245677628546,0.016481509891773747,11,0.004068839241086695
846,-1.9658729932699368,1.506612479941718,0.015930472621640854,10,0.017039554704193365
847,-2.034194994384593,-1.658887136734931,0.016120103464235307,10,0.002357803821133815
847,-1.8185342852698199,-1.6141673825348342,0.015514883096442849,7,0.015565954569618545
847,-1.8070460982207952,1.5112780570184319,0.016204410854024482,10,0.01424073877603797
847,-1.9606049149990878,1.5088328951637056,0.016680337809210945,10,0.01721387164143005
848,-2.02926620937878,-1.657055743681636,0.016521630886342346,11,0.0035545871451459652
848,-1.828784413438969,-1.6180463648928434,0.0156573910697973,7,0.018408351898838556
848,-1.8082360171512164,1.5092481761794734,0.01603048859224267,10,0.015078996924052816
848,-1.9631233130491887,1.510393284783886,0.015221524264400994,10,0.018805072049775825
849,-2.036242371886619,-1.664396080267869,0.01657088363944265,10,0.0022661327289053047
849,-1.843499294771399,-1.617958381230815,0.01663272718377584,6,0.002351327231822614
849,-1.8022763376778355,1.5098995782528581,0.01621191411358575,10,0.016975867169297585
849,-1.967213968113565,1.5064870413887181,0.015872797388463988,10,0.015518602301062435
850,-2.008520343954155,-1.6499885451231884,0.015339576375316615,11,0.014739009453035336
850,-1.8253009653392276,-1.6176340715915263,0.015747828302303486,9,0.01707470269796347
850,-1.8069437990057629,1.5117468788460517,0.015880579772182192,10,0.01792875614315592
850,-1.96933054271987,1.5086200259017202,0.015530567382722184,11,0.011535549865594892
851,-2.0194059069634087,-1.6596470861674892,0.01627338793370697,13,0.012313047875991039
851,-1.8230594437346128,-1.6026282410982837,0.01589556081560857,7,0.0030299481156522198
851,-1.8117352195830925,1.5084671767134767,0.01626015549288188,11,0.015133048493469787
851,-1.9647144778480996,1.5082883061919445,0.01655018865203687,10,0.01528308186076451
852,-2.014051790856471,-1.6567321849848298,0.015524270860501791,13,0.014687287828944115
852,-1.8205249763894578,-1.6079140394725409,0.015870538469778508,7,0.017037484702367774
852,-1.8073871698110708,1.5093961801384919,0.016579608090739453,10,0.017037641072273478
852,-1.9613894603577025,1.5080965791606316,0.016175521840638325,11,0.017623972153458553
853,-1.8348708931701017,-1.6171235720875115,0.015427640941850689,7,0.015683604124083823
853,-1.8064783664846895,1.5105565934903682,0.016737571414962953,11,0.01929933327933594
853,-1.9639171518605214,1.5076765084040835,0.016537024728235723,10,0.015269863178082831
854,-2.0357419914899,-1.6601498194324413,0.016124324590339426,11,0.00236050781887565
854,-1.8285244261101765,-1.6262555965555892,0.015792760056755204,9,0.006552157974028461
854,-1.8018961946997842,1.5120002451434467,0.015967191493868656,10,0.016091802444872388
854,-1.968157264480857,1.5084160009410885,0.015715211303396624,10,0.014717051237862584
855,-2.030327245158196,-1.6595623748289836,0.01628226678040209,11,0.003016590814572905
855,-1.8389221733213101,-1.6233971622149879,0.015887539667019748,6,0.0024120917764346803
855,-1.814716872479587,1.5101189098874248,0.01624225186499528,11,0.013584858050282983
855,-1.974230270518615,1.5096319550660877,0.01579943265398931,10,0.009188879758251566
856,-2.0370024771155433,-1.663372339864436,0.016536973668620798,7,0.0035692186282732636
856,-1.8271880742377864,-1.6211020200662343,0.01537467424328474,9,0.01340714855230189
856,-1.809575488419091,1.511095652485659,0.01629033893814992,10,0.013633398872303562
856,-1.9639456672248266,1.5055716013300995,0.016589939073296023,11,0.016234038428651346
857,-2.036229149629684,-1.662739624416384,0.01653596172275205,9,0.003572714014395336
857,-1.8287818630033403,-1.6258676920618083,0.01603939967997677,9,0.00426965546719769
857,-1.8087158708598876,1.5097059158318566,0.016407100214486086,11,0.017340820918824752
857,-1.9503636103780595,1.5103872932795925,0.016537602361072656,10,0.017595062890550735
858,-2.0221841318352167,-1.655360728468863,0.016038014800062773,13,0.005606647259298919
858,-1.8055851221037311,1.5070062654101264,0.015539653573132348,12,0.016513923789642594
858,-1.968191380610864,1.5085624027837223,0.01615885884669253,10,0.014250886828184038
859,-1.821470651132472,-1.6231940524409738,0.015208182602312275,8,0.016495424608963832
859,-1.8089281063161682,1.511462031439321,0.01595341639061475,11,0.014072935473187852
859,-1.9723016116113739,1.5073712692833938,0.016651423673869126,11,0.003367980163761413
860,-2.0135388361912647,-1.6595676601126645,0.015739647246970783,10,0.015289414489387152
860,-1.8229349192710336,-1.6167299485116424,0.016077996053896405,7,0.019608575330469037
860,-1.8062524965506943,1.5059694349188035,0.01591792769189632,11,0.016649349305152106
860,-1.9572015730031656,1.5072933143811869,0.015667155774548056,10,0.01752504232868442
861,-2.0285893607360164,-1.6597832645859802,0.016238565437048474,11,0.005336213377582332
861,-1.8309776474314816,-1.626757381531497,0.015843671765773237,8,0.0038286838047880325
861,-1.8142229163531853,1.5080540385865004,0.016084316689160733,11,0.01421502956125813
861,-1.9626844366126204,1.5096616323531125,0.01559568860298001,10,0.015055470949606483
862,-1.8209584548538484,-1.6007807470409492,0.01590865186623451,6,0.0017250916124991068
862,-1.809999363214672,1.511274155366246,0.016171722311854222,10,0.013313045779599984
862,-1.962363983354629,1.5084380783798528,0.01569220880220379,11,0.017165725532803995
863,-1.843944924799453,-1.622489927484473,0.016496444580276125,6,0.0016199123312685207
863,-1.8056353130489045,1.513015028474721,0.01666211158372258,10,0.01597893037224425
863,-1.9537232278442573,1.5168542210803846,0.01602179744306975,10,0.020461778527176427
864,-2.025514537407767,-1.6579239666757453,0.015963715760006388,11,0.005430497197730951
864,-1.8192972497450137,-1.6071567059355327,0.015473429154208646,6,0.003993790001005568
864,-1.8053505385993378,1.509585040832889,0.016229508643723013,10,0.017204695604817077
864,-1.9644281396608858,1.5113637632164552,0.016223762738463068,11,0.019036817375182407
865,-2.034968227607436,-1.6595194088362417,0.01612175186996413,11,0.002359458026983721
865,-1.8294243964993608,-1.6191230439938822,0.015585214502265443,7,0.018557892931635313
865,-1.8050398295710772,1.5102407359852847,0.016078287607247065,12,0.022341557606824797
865,-1.9627580748266185,1.5081643856510059,0.016057735013563206,10,0.01900426847574954
866,-1.816867150081771,-1.6018751578676116,0.01598332739574289,6,0.0
866,-1.8049074916851438,1.5092900643784815,0.016444094968846235,11,0.023913785373265217
866,-1.9536556011777797,1.5135035068533715,0.015880179565891824,10,0.017437528596354952
867,-2.016698795416743,-1.6573517078194513,0.01644594873801905,13,0.009897786411130349
867,-1.836021340241702,-1.6221983328028875,0.015719909683787732,7,0.00203697139811679
867,-1.8026205488486826,1.5134747102388177,0.01618334115756795,11,0.01708780290925379
867,-1.958173210460514,1.5081834937988183,0.015153772580817883,10,0.01773844675460603
868,-2.0223907022452003,-1.6615109024092194,0.015968092817974296,11,0.015305759954481678
868,-1.8198371346199014,-1.6044961841017866,0.016130624930015908,7,0.003255539415083785
868,-1.813260752828408,1.510941204495198,0.016483338532227138,11,0.01672903613096461
868,-1.9598611479000219,1.5080271451231966,0.016771719474099812,10,0.01874254765094197
869,-2.0187026880944208,-1.6590822935507727,0.016143024517459314,13,0.01090737701896491
869,-1.820369906525965,-1.6042689900164242,0.016257277631588317,7,0.0009985760063722909
869,-1.8060677138103824,1.5103160595505547,0.016423812182178484,11,0.017128113868527577
869,-1.958787401632392,1.5085129274155333,0.01568770944220979,10,0.017539886186247973
870,-1.8416727015298737,-1.6231419797974662,0.014645098012442249,6,0.0008119488978077724
870,-1.8120336993551223,1.5090331757730746,0.0162617528779316,11,0.014086932250100258
870,-1.9634573079198,1.5084166526575675,0.015678094985762666,10,0.016997453785531202
871,-2.035755706379324,-1.6590665025452278,0.01578868421374358,11,0.003451899796600191
871,-1.8264075257656698,-1.6205616214546594,0.015692631295561064,9,0.016194049083667745
871,-1.8063388320766638,1.510544355973193,0.016122725798262016,10,0.016960428580538867
871,-1.9670742273512063,1.5066958190665003,0.015397747958556092,11,0.019012465237367337
872,-2.0350896343596534,-1.6568806385939756,0.016289081979584927,11,0.0030195706052906033
872,-1.816535970774163,-1.6047212261932151,0.01684766472919212,8,0.0
872,-1.8085085654439008,1.5119715060666243,0.01622807800952511,10,0.016610208147633684
872,-1.9608626960975797,1.5103954711387528,0.016034184986423294,10,0.018589744863864756
873,-2.0171083800267926,-1.6649804043218184,0.0158226444963649,13,0.017221564730982925
873,-1.8395216235133236,-1.6221786794014652,0.0164182885159455,7,0.00405123190015288
873,-1.8069053503029848,1.5111500993312554,0.01573614005412132,10,0.016591074475375594
873,-1.9620359093418689,1.512343811762633,0.01624933805415678,10,0.01714677524943476
874,-2.022215409184554,-1.6553867957365551,0.015982380330253405,11,0.005543123891953768
874,-1.8223171616420402,-1.60197664831272,0.015883270824048425,7,0.0030316727785472094
874,-1.8121855151181963,1.5108105807283418,0.016278864281863325,10,0.014788571156836395
874,-1.9642186856652186,1.5075473067535357,0.015816576445292965,11,0.017392659515477568
875,-2.0051905287926166,-1.639556653945986,0.015663315467566802,11,0.004464029703162415
875,-1.805109726302387,1.5079426923858807,0.01619001089304535,10,0.016832777107062075
875,-1.9650878496934487,1.5078468926779136,0.015781034422847715,10,0.016619005891075456
876,-2.018984281393092,-1.6631153722473182,0.016224361692294933,13,0.013859161901957285
876,-1.8031105317559786,1.5094376653594124,0.01655474562000851,10,0.018744566960910654
876,-1.9653486301219631,1.504624819913147,0.016486342194743844,10,0.017646767758859247
877,-2.0370041517624244,-1.6600830183774107,0.016155948592559692,8,0.003412074117847889
877,-1.8359989777454278,-1.6293262724989672,0.016042802367451613,9,0.01892125077310096
877,-1.80548078095777,1.510952001246943,0.01622331787658938,10,0.017950546807309956
877,-1.9618609911584841,1.5059216750094542,0.016269698745899914,10,0.015814651374695777
878,-2.0177604450382973,-1.6634133406770617,0.015646094237568842,12,0.015466034631062097
878,-1.8173993687268912,-1.601649083175977,0.01621747145678743,7,0.000992437397799242
878,-1.8017800207877972,1.5064201106602428,0.016641362476864128,10,0.017590920273315717
878,-1.9573322848088135,1.5146054133620903,0.01617957870919843,10,0.021506300816115813
879,-1.8293996527722962,-1.6249475537010092,0.016262894811145245,9,0.015812666209813146
879,-1.813885207258021,1.5101502825922881,0.016439323611603534,11,0.016018975870682226
879,-1.9642553656195274,1.5103716785123793,0.01583278477019137,10,0.015114437492843791
880,-1.8104358392449325,1.5098950324501985,0.01598093988922912,10,0.015098964576844521
880,-1.9602125079927426,1.5115971724088153,0.01582632932059709,10,0.01568052297915682
881,-2.0341872713014553,-1.660252052824455,0.016056699599771913,11,0.003881350607161306
881,-1.8438747279391827,-1.6209290380300576,0.015530480427461552,6,0.0024659777760960384
881,-1.804482426890052,1.5136802041078743,0.016652545300651654,12,0.018419746151392094
881,-1.95934105073662,1.5061247757292584,0.016203171357318514,10,0.023195390904149522
882,-2.0287125315509593,-1.6585754508546333,0.016101390436636616,12,0.012929694644516921
882,-1.8408550897496714,-1.6261116598669239,0.015638353733281995,6,0.0016046398597351435
882,-1.8088733024541703,1.5086545498091424,0.016505586384697592,10,0.01706161744993282
882,-1.9652839803417081,1.5105130366823112,0.01618515878751494,11,0.015389692309463453
883,-1.8077685336213742,1.5110436069889916,0.01622380463281895,10,0.01580608848570865
883,-1.962257264259307,1.512731884498674,0.01614599880230854,10,0.015976016465860533
884,-2.0350896343596534,-1.6568806385939756,0.016289081979584927,11,0.0030195706052906033
884,-1.8260775399288471,-1.6330298592315102,0.0147785493516751,6,0.0
884,-1.8125606890020756,1.5103742620894969,0.01643857835411465,11,0.014612194441166855
884,-1.9672992002421559,1.5065624631713448,0.015857113121438025,10,0.016398271502043697
885,-2.036242371886619,-1.664396080267869,0.01657088363944265,10,0.0022661327289053047
885,-1.8169250224609583,1.5106969725855417,0.016192066000885637,12,0.00684682742377584
885,-1.9655479863168759,1.5080979379058037,0.015816082455016967,10,0.01747926653243024
886,-2.011365590286366,-1.65484847078094,0.016350884887649148,13,0.018191236169836457
886,-1.807042941882603,1.513739906909296,0.01630488743655532,11,0.01774305791865335
886,-1.9602946456391384,1.5070445675124648,0.015879450184097862,10,0.019309568462484068
887,-2.028798608556365,-1.6599543136938586,0.01599689769235745,11,0.00547849735000742
887,-1.8346156654684622,-1.623910082404972,0.016073635384677928,7,0.004398606476220502
887,-1.8117342035773363,1.507633282940501,0.01584023117717905,12,0.017717712161696916
887,-1.9602792619450182,1.5073467025212786,0.0159023698029831,10,0.020293732555142233
888,-2.027170245055737,-1.657316573151117,0.01610822891247779,11,0.012704733951588268
888,-1.8211305126433448,-1.6056356608433322,0.014913535758470901,6,0.0
888,-1.8077951116690096,1.5102248047607119,0.01622574811815404,10,0.015576747518175752
888,-1.9613275185070873,1.5111611630860577,0.015969491946655992,10,0.020416298935270312
889,-2.0182680709208602,-1.6644701576314358,0.01610840991762248,13,0.016440852583736072
889,-1.8190979003558878,-1.6038469531292534,0.0160067122934788,7,0.0
889,-1.805686712984846,1.5097226232288767,0.016215523297716587,11,0.016526580300766685
889,-1.963973771446022,1.5086669362000917,0.015783786032822492,10,0.021399599524722434
890,-2.0176608692263294,-1.6606831956604573,0.015617283372706329,13,0.014984056543431068
890,-1.8239342543102675,-1.6033988523524556,0.015945428572596218,7,0.001726020434616284
890,-1.8137400512281303,1.509450756757448,0.016094332962787488,11,0.011882923183000025
890,-1.9627000993386174,1.5096268699603435,0.016160375891461607,10,0.017142274124017094
891,-2.031508044161373,-1.6598290722487317,0.01622722552432923,12,0.008382006258211555
891,-1.8286845148336608,-1.6170990615857148,0.01595953060577177,7,0.01830431672959496
891,-1.8125257450614505,1.508744922046493,0.01579126999163673,11,0.011276755877397035
891,-1.9684607065454294,1.5084448740457455,0.015660694890623172,10,0.01166704094323106
892,-2.026321325781193,-1.6546496761398493,0.015297666372414524,10,0.002107376703994998
892,-1.8196292958792375,-1.603617249052395,0.016244098173057706,7,0.000998485479786886
892,-1.8087812201062754,1.509767057611709,0.016300998588635714,11,0.015035918112165113
892,-1.9679851398328858,1.5098987114008116,0.016339593756754017,10,0.014774796098689466
893,-2.016771881014216,-1.668096497163227,0.015573714932651113,13,0.016180800721485245
893,-1.7987040745796694,1.5118064474280193,0.016467666078507512,9,0.016202521296659785
893,-1.9623356008187676,1.5094969564441814,0.01610380596148493,11,0.016355868756119007
894,-2.0202117068194787,-1.6537460859151614,0.01561331105993411,11,0.005583002047763062
894,-1.8196455445702666,-1.6011930525174318,0.01684893330740123,7,0.0
894,-1.8075994726510975,1.5097235042428956,0.015964211750088397,10,0.016481908666540493
894,-1.9555048015553258,1.5147870584835927,0.016121759264683302,10,0.02102083668339625
895,-2.0246729842405715,-1.6533046502092694,0.01538309302691319,10,0.001980245821156447
895,-1.8155882201957985,-1.6038809073909068,0.015421177825133437,6,0.003982338874829615
895,-1.812008502109573,1.509658071893967,0.015927525476165057,11,0.013706391687328552
895,-1.9624760620634858,1.5093297536949275,0.01580246425866482,11,0.015745323464779016
896,-1.8243596778251823,-1.6195869520373973,0.015773817057438827,8,0.01334739615050393
896,-1.810246349768267,1.5119727455731051,0.016334866111536603,10,0.01577973446344903
896,-1.9593772789902273,1.5138579815982474,0.016222481300870412,10,0.017926479566069922
897,-2.0208986981009964,-1.6600527525225703,0.016313982557304416,13,0.013522787688038853
897,-1.8211313173659542,-1.6025006911842383,0.016869832648556814,7,0.0
897,-1.8112080812157814,1.5097217390015816,0.015884956960366996,10,0.013915226216081955
897,-1.9714471921425405,1.5111073995296425,0.01497098834410522,10,0.0
898,-2.0161744779296953,-1.6463634550770612,0.015386898790772284,10,0.0026780798787931466
898,-1.843308823867222,-1.618846804227896,0.01688604311325626,6,0.0016314945043054108
898,-1.7971394331577542,1.510483173031232,0.016977910837255427,10,0.017637860695906116
898,-1.9678707282588437,1.5097711742577604,0.0158611636161254,10,0.015145879637447289
899,-1.8258271413774032,-1.620050160976727,0.015631667583237103,8,0.016060385513411185
899,-1.8116903142168785,1.5101170574572058,0.01611230085898442,11,0.017261522285723866
899,-1.9651343917582966,1.5094131926099248,0.015912901509858145,10,0.016008865755103262
900,-2.033542451979189,-1.655621498313224,0.01628197345542008,11,0.003016710560228964
900,-1.831542729356943,-1.620582960558553,0.016070886016175553,7,0.01678844442694049
900,-1.8116985606055576,1.509971063320036,0.01606150108381479,11,0.017004481093988114
900,-1.967554574437157,1.509762055153682,0.015595996578195444,10,0.01419532079793842
901,-2.034194994384593,-1.658887136734931,0.016120103464235307,10,0.002357803821133815
901,-1.8308663391950504,-1.6291702354452593,0.01581377648066468,9,0.005293389792153627
901,-1.8144810569491288,1.5104683917194213,0.016182343885227882,11,0.01488960998161537
901,-1.9663771222009239,1.510919353806989,0.01600770270208392,10,0.014580149758602714
902,-2.0236287877851584,-1.6565439399850723,0.016152684789030626,11,0.005556624004506653
902,-1.8211720169920889,-1.6178499009423049,0.015336864366291048,7,0.019224204478566043
902,-1.809982295283163,1.5110409642720426,0.01656403411882384,10,0.015101710022177603
902,-1.96457865569928,1.5084249670180627,0.016131140765901848,10,0.016934531129962262
903,-1.8198591788260332,-1.6132617872995159,0.015280479841882822,7,0.018239514572581876
903,-1.8061544480275553,1.5106787516282392,0.016064328804838084,10,0.0154915544943844
903,-1.9636623302860279,1.507779161192058,0.016206359348458432,10,0.016283870404590842
904,-2.0334140921459847,-1.659619414403694,0.016055257189925808,11,0.0038797458227448752
904,-1.8255199585622535,-1.622189007489098,0.015453069333270819,9,0.0141699483975193
904,-1.8039619597679566,1.507611680175774,0.016107403420940154,11,0.020228661939040386
904,-1.9652626032798182,1.508578725486701,0.016160721651536723,10,0.015452504373808613
905,-2.0135388361912647,-1.6595676601126645,0.015739647246970783,10,0.015289414489387152
905,-1.8117510796312777,-1.6069109650843398,0.016010964182530854,7,0.0032225967769490445
905,-1.8111642207521845,1.509877931798258,0.016137723404177046,11,0.014474147614856943
905,-1.9660423413285164,1.5101194425519495,0.01585753465108111,10,0.014160544976060313
906,-2.036655444881064,-1.6647363094305208,0.01702289722989807,10,0.00225628264939497
906,-1.8161831899750092,1.5098295175135277,0.016854508350008686,11,0.01300241722698329
906,-1.9645689711092515,1.510098697280552,0.015946033764742098,11,0.01571836833263132
907,-2.026038626484204,-1.657696649032052,0.01587686497610076,10,0.005497423023049315
907,-1.824924348507302,-1.6188796890361365,0.015570537785450474,8,0.015880790431910333
907,-1.8140981523533906,1.5105308771363717,0.016328274378387665,11,0.012590512785612615
907,-1.9636846669396861,1.5107082001854288,0.0159941745963522,11,0.014948515330698917
908,-2.027834047282126,-1.6558842425291704,0.01533089747129475,10,0.0020465762993433423
908,-1.8307226719819074,-1.6203626535722087,0.015988173956778637,8,0.016336527933947933
908,-1.8149427138802308,1.5098057863553775,0.016243229048683683,11,0.011986048634276526
908,-1.965572861796013,1.5087047210328444,0.01625899121812079,10,0.01630890643072098
909,-2.0339100896202824,-1.6575615904410297,0.01614510569575521,10,0.0034052668253108562
909,-1.822485978946114,-1.6152584606638154,0.01579205914358348,9,0.017383980021468758
909,-1.7988526588147042,1.5122751135449597,0.01665590455466513,10,0.01917339157338796
909,-1.9615031210909317,1.5103186491453815,0.015755673247226414,11,0.018522503357025023
910,-2.035882685854723,-1.6641020129052717,0.017022227440861397,9,0.002252312802063885
910,-1.8422914910970336,-1.6190075954196352,0.015436385839481153,6,0.003216408886893594
910,-1.80563115844993,1.5119312317411382,0.0163163992664126,10,0.015968399779445967
910,-1.9679279458898955,1.5126049245339883,0.016435843977626475,10,0.012443045567817989
911,-1.8190979003558878,-1.6038469531292534,0.0160067122934788,6,0.0
911,-1.8104340926535794,1.5113382227574554,0.016386143128343775,10,0.014860010262278138
911,-1.9688174151170703,1.5072014340585163,0.016019411864032655,10,0.015194964368225065
912,-2.0111006104002196,-1.6605573475746913,0.016095115272626154,10,0.020669979911173284
912,-1.8415338698562993,-1.6183417926179609,0.015427449785238972,6,0.0032181915277526233
912,-1.8132938039880075,1.5090907955871133,0.01630036747926276,11,0.01471757998198566
912,-1.9543354178961583,1.5115207705449676,0.014962061459195411,10,0.017935947312180265
913,-2.0357347776860175,-1.6615138609775069,0.016060883081479838,11,0.003884907504312124
913,-1.8086773012942021,1.5103482417759642,0.016306320608848044,11,0.016295457566701373
913,-1.9579740357150677,1.5071172642854394,0.015674322728047974,10,0.01846638818283402
914,-2.0308134427660502,-1.6583188128817525,0.016525017792085893,13,0.0035595998122038954
914,-1.8183929374646233,-1.6131071639794516,0.015852534605348082,7,0.01726055905365598
914,-1.8173904882028644,1.5095672687014499,0.01575576477582839,11,0.0029547185802124578
914,-1.9577554834741915,1.5118889630053167,0.016489883560207884,10,0.018173231039768104
915,-2.0236000393823734,-1.6546083844394701,0.01584218325230647,11,0.004068385712845093
915,-1.8203891272383224,-1.604982693164524,0.014901838926566708,7,0.0
915,-1.803201944793209,1.5110492539734612,0.01667123316822139,10,0.016766412906617175
915,-1.9663166380238315,1.512454477725876,0.015608935367589883,10,0.016822532150072858
916,-2.0172501498442186,-1.6654764256754593,0.015652578255849772,13,0.015545002778257253
916,-1.798393976923659,1.511037237265249,0.0164805917358995,10,0.017750805151263656
916,-1.9531968039906784,1.514335442045464,0.016280639816006737,10,0.019408806492645633
917,-1.803673478810547,1.5100215866091813,0.016062452816204106,10,0.017180226809182228
917,-1.9610467306266746,1.5106503260398159,0.015614698511508351,10,0.01735578784068141
918,-2.0216934864582754,-1.6565996597957784,0.01603458424174864,12,0.003862036203339862
918,-1.8202067112169253,-1.603708897461604,0.01616275012399188,7,0.0
918,-1.8114633832708509,1.5091512850381994,0.016096557473772265,11,0.013983127356090757
918,-1.9643725466969708,1.5118843371713697,0.016009219806751847,11,0.01464925166961156
919,-1.8203890781325998,-1.6018480754989204,0.016858287279355597,7,0.0
919,-1.8102562368372728,1.5093533209102223,0.015695208798728648,10,0.01568721079447106
919,-1.968479690281982,1.5100464372524174,0.01570947019584352,10,0.011465213132262644
920,-2.0181298628862967,-1.6512263351714567,0.016051471578492325,8,0.005383861768882951
920,-1.8433108744049012,-1.6204326905360573,0.015554939104479554,6,0.0020659566860512365
920,-1.8076781046229937,1.5102849614108138,0.016486616514620977,11,0.01691745116329419
920,-1.9650518758208013,1.510865411699002,0.01609731172451379,11,0.02093612334569922
921,-2.0234408226814122,-1.655569826635485,0.01609905416554452,11,0.0055843391209398595
921,-1.8177932887598915,-1.6041715515037214,0.01594235930365442,7,0.00511981385602148
921,-1.7876694112032188,1.514039213711293,0.016395156376541944,11,0.0019931204485417534
921,-1.9668948068976604,1.5102091045653732,0.015756037509015424,10,0.015087302682604622
922,-2.015010802913845,-1.663634021265451,0.016443255429685767,12,0.018139538802268988
922,-1.8286496547953277,-1.6268411432722167,0.015519509881706557,9,0.004277176018314623
922,-1.8076858993639222,1.5112894356478537,0.017064205351453286,10,0.017360127453405455
922,-1.9580896125482248,1.5117596351942026,0.01605584188309098,11,0.01947696763023708
923,-1.8210907569565842,-1.6171074131595957,0.015373976304940102,7,0.01867175335244529
923,-1.8108063084341404,1.511517669184068,0.016073386039227623,10,0.017005524537943715
923,-1.964824873501805,1.5069025427490264,0.015823353268153154,11,0.016774390025580985
924,-2.032362880832316,-1.6563011982626679,0.016139444941457585,12,0.003402195429334531
924,-1.830079305835503,-1.6274086043422864,0.016316733596425173,9,0.01848669713765528
924,-1.8096885547536463,1.5103801166325521,0.016504246436616837,11,0.018218377798441997
924,-1.966578587655719,1.509751936309062,0.0160815096339237,11,0.012336703028876256
925,-2.023863541197851,-1.6565722203265012,0.0160921728181865,10,0.005525476214584173
925,-1.8299361483923702,-1.6168997272482337,0.016301292423603817,8,0.0162278478566168
925,-1.8102129317351952,1.5104507527577562,0.016029554075723453,11,0.016555947632440192
925,-1.9649150209080797,1.5076978078274452,0.016076178044490023,11,0.014548408258808241
926,-1.8427207612660812,-1.61833027317737,0.01611835867759256,6,0.002743844968646566
926,-1.8123842206943814,1.5082864181940046,0.01596475036389702,11,0.0138124382510315
926,-1.9675794603515964,1.5085778915027812,0.015822205465033636,10,0.01207059541160753
927,-2.0431452104449774,-1.6628906641207746,0.01584608640055322,10,0.002971467984996605
927,-1.8297664125448956,-1.6281657708792852,0.015528522887038099,9,0.004496903752746955
927,-1.8147437083220908,1.5080447258065595,0.015827468932378682,11,0.012415375232117984
927,-1.9660423413285164,1.5101194425519495,0.01585753465108111,10,0.014160544976060313
928,-2.0252666224093976,-1.657064207021338,0.015873796165508845,11,0.005496117657818371
928,-1.8245707698958684,-1.6316822058540426,0.014757028586225775,6,0.0
928,-1.8160478764178352,1.5103394181244445,0.01669633487892601,11,0.012886523273626714
928,-1.9594191632842368,1.5111382243233757,0.01614806522211063,10,0.016715971600191223
929,-1.8149845247827316,1.5094026149395308,0.016109436506933365,11,0.01252254645911822
929,-1.9647726512286325,1.5076533255034146,0.016374033260245575,10,0.021922264673027974
930,-2.0388912847345684,-1.6649143816064342,0.016110597018877796,11,0.0035986252923120203
930,-1.8223628210951601,-1.6173070778372858,0.015469795347093133,8,0.016291023739106354
930,-1.8059913574570907,1.5109260417283406,0.016191860869292283,10,0.01733393548188647
930,-1.9697443720632837,1.5087337327482133,0.01584168170513012,10,0.01315591040788199
931,-2.0213097799930915,-1.662778965801671,0.016747559398271012,12,0.01821500130837635
931,-1.8197604655440873,-1.6075653339897504,0.015776645789161877,7,0.003985227555464065
931,-1.8096667989761461,1.5080812188156585,0.016007699959320696,11,0.015885365973111767
931,-1.9665104874088357,1.5103143531653855,0.015964971171321927,10,0.014494792190348153
932,-2.017907472847422,-1.6490208226758791,0.015894628201501212,12,0.013134335621030311
932,-1.82044500255341,1.5076195753241743,0.01600726020007685,11,0.002553339494190649
932,-1.9623423822958743,1.5101156042650414,0.01580383848332327,10,0.015356594783717264
933,-2.019688938568307,-1.6511001021847242,0.015968443718523056,12,0.019393536360722993
933,-1.818610859560306,-1.6050251262038886,0.015566731574806349,6,0.0021300999277096
933,-1.8077335874103495,1.5102594259841489,0.01665199933369669,11,0.017973573736529178
933,-1.9662237106789295,1.5093606554201928,0.01582414460395675,10,0.014669441373297083
934,-1.8148661348569133,1.5100891109464474,0.016152864392340087,11,0.014099052046054621
934,-1.9659525314395623,1.5108140473014582,0.015649960652948696,10,0.014619528100333961
935,-1.8087980236356194,1.5109322854714666,0.015812540692504998,10,0.014664000944147555
935,-1.9642185064605198,1.508305164007312,0.01596182841133604,10,0.018269276405441275
936,-2.0238897190956235,-1.6625079707756105,0.01641642025010872,13,0.013873051128336226
936,-1.8095079435786332,1.5089514988151749,0.016622815400013032,10,0.019981012103284086
936,-1.9629217283073581,1.5120521352218195,0.016092471936609582,10,0.023602884959151804
937,-2.0139401090240496,-1.648448383455436,0.015909940778338676,10,0.005395647451818255
937,-1.8408331838580159,-1.6269820189465403,0.016024069841544985,9,0.014157966078132812
937,-1.8140015956822955,1.5098446825561125,0.01597065222927584,11,0.014071534105014692
937,-1.9641753524278778,1.5115629350631237,0.016100565753359938,10,0.016019671270401055
938,-1.8163323956444701,-1.6045401499372738,0.015427353588973538,6,0.003983182661927279
938,-1.8139832926441886,1.509632692337433,0.015890449854581497,11,0.016831942133441215
938,-1.9617566477883592,1.5107132911759558,0.01560402010197473,10,0.018773438510558304
939,-2.0388912847345684,-1.6649143816064342,0.016110597018877796,11,0.0035986252923120203
939,-1.8260381609587162,-1.6176925592648475,0.016026558850732293,9,0.013602188450695444
939,-1.8080993214752972,1.5093264680011773,0.016209807523039157,12,0.018485791621066058
939,-1.9625701972061278,1.5101321504767224,0.015876604644785207,10,0.020394419143043428
940,-2.017026238908297,-1.6655877302883069,0.016105112067589255,13,0.01825527461206584
940,-1.8231205680670852,-1.6058193335592796,0.01598139502858601,7,0.0034517260581796317
940,-1.8088927383059261,1.507969604050596,0.01606329416180058,11,0.014286881502534614
940,-1.9689771809570427,1.5084013387743955,0.01623229330999824,10,0.011786199856179368
941,-2.0158901578876596,-1.6564208378906982,0.016300155311113042,13,0.009539673914821427
941,-1.8209584548538484,-1.6007807470409492,0.01590865186623451,6,0.0017250916124991068
941,-1.8067827178915496,1.5107408657390646,0.015995928551945926,10,0.016771695413661858
941,-1.9650016383378486,1.5058315543452163,0.015894745033614283,10,0.016056637506859525
942,-2.0144516926969085,-1.6488682562568056,0.01621743159838477,10,0.00536839653280028
942,-1.8419744573981902,-1.6187287951884992,0.016006832591679555,6,0.0028413920628469766
942,-1.809969683913246,1.509420744431483,0.01638689497216704,10,0.014987769968448137
942,-1.9536002518095703,1.5117146431966064,0.014890279637198878,11,0.016684595228637324
943,-1.815881166732695,1.5083164593465648,0.016231156250166308,11,0.013562170011571572
943,-1.9658443370350216,1.5110009693710127,0.015624174549037273,11,0.017135711810313096
944,-2.0255654948040003,-1.6584043519171237,0.01610343459915192,12,0.0023513413506271686
944,-1.8317732403572293,-1.6280449951962819,0.01624717496471369,8,0.0036100396635367336
944,-1.8166379911040447,1.5081322238573975,0.016071284833640773,12,0.012408970291071566
944,-1.9650992484380563,1.510082255852362,0.01605279058732186,10,0.016303739371525502
945,-2.0342090013667935,-1.6578052317595802,0.015783395397664487,11,0.0034476849349491007
945,-1.8274593370168442,-1.6208208404773425,0.01569866685469785,8,0.017848981584333557
945,-1.811506240442682,1.510583449224896,0.016128909681653623,10,0.013981106533026155
945,-1.962150966511495,1.5105212477521952,0.015737671626695787,11,0.018217985224604712
946,-2.025913623171934,-1.6565001503171233,0.01585611177422026,10,0.004072889946419741
946,-1.8371019318603514,-1.6269718296345135,0.016300091057375846,7,0.003266866629705499
946,-1.8064783664846895,1.5105565934903682,0.016737571414962953,11,0.01929933327933594
946,-1.9646727077162158,1.5083293881815756,0.01591738967732125,10,0.015689659898744397
947,-1.8252520351287178,-1.6187973798662723,0.01569159110759895,8,0.01614465248711178
947,-1.807254834967569,1.511188022802204,0.016202981172596633,10,0.014527111044557743
947,-1.9621089229581958,1.5134877806259557,0.01480345234143845,10,0.01869680909961001
948,-1.8211313173659542,-1.6025006911842383,0.016869832648556814,7,0.0
948,-1.809710858436712,1.5090277315919556,0.016335329441231485,11,0.015650765638547295
948,-1.9670466037284269,1.5081246463490703,0.015414699326125145,10,0.011977557271457821
949,-2.0119662478676514,-1.6540063086579908,0.01672204009806627,12,0.010391165114044027
949,-1.843118059282113,-1.6202633081351907,0.015522316959037096,6,0.0024655064212646977
949,-1.8118950467644188,1.50960677963333,0.01652345594365667,11,0.01280096182688164
949,-1.9594504357951164,1.5108449147804826,0.01615739025621193,10,0.022990052386636334
950,-2.0276188674866833,-1.6578949591246348,0.015681732130047327,11,0.004047112024644107
950,-1.8269266057103515,-1.6107133512992577,0.01606450443801302,7,0.0185651969987878
950,-1.8103647930121491,1.510277699631202,0.016166865723803395,11,0.01517967813048684
950,-1.966901968476282,1.5109244155576809,0.01595698522429942,11,0.01287709738402564
951,-2.01857227864096,-1.6625236406056356,0.015155627603626343,13,0.016092891255429558
951,-1.8176210634969336,-1.6112763082592398,0.015257383196578066,7,0.018206314642656027
951,-1.8115600115487032,1.5105121196533204,0.016384439030572632,11,0.015664125220332392
951,-1.9664393887264426,1.5092230237948676,0.016015649818916497,10,0.01485049125962753
952,-2.0334354244804116,-1.6571752225932137,0.01578053753511855,11,0.0034464181786114066
952,-1.8333705320956835,-1.6226339873257405,0.016499816539411415,8,0.004948476875384091
952,-1.814716872479587,1.5101189098874248,0.01624225186499528,11,0.013584858050282983
952,-1.9663771222009239,1.510919353806989,0.01600770270208392,11,0.014580149758602714
953,-2.023758586633482,-1.6566504605219374,0.015989686996674916,11,0.005546744716347066
953,-1.8169041272602804,-1.6117889353978716,0.015832322349576274,6,0.017231068482287632
953,-1.813547924966272,1.5103510048657698,0.01619716791667535,11,0.013393093374580736
953,-1.962692450042919,1.510731333786477,0.01598218251449562,10,0.015258604034513398
954,-2.0128026068710305,-1.645780674216363,0.015777103154014437,11,0.004051267030555627
954,-1.824504428536241,-1.6230864902394255,0.01551040896780054,7,0.015070153588417958
954,-1.8124249879052154,1.511680760439648,0.015825967933345585,12,0.01563316073933567
954,-1.9652935656471058,1.5085033832105545,0.01598140572219684,10,0.014089005680778005
955,-2.0107667684388812,-1.6441158416658244,0.015439399194308564,11,0.003890323780161602
955,-1.8250461589724662,-1.619291762139393,0.01599108033979182,9,0.01841840252640283
955,-1.8038376740788802,1.5123714997518751,0.016498254926370005,11,0.016788719862376438
955,-1.9664569129693237,1.506657966686466,0.01613504648365425,10,0.014616408239697084
956,-2.0341872713014553,-1.660252052824455,0.016056699599771913,10,0.003881350607161306
956,-1.8274590737752854,-1.6219410525668891,0.016071624624101156,9,0.016732215211080568
956,-1.8114841500917962,1.5090592736087323,0.016045727403369108,11,0.014035950438921075
956,-1.9595492708977198,1.5083489591479464,0.016595589259092377,11,0.01910468526682489
957,-2.014597216320075,-1.6483355186818671,0.016277276339813487,11,0.004991577238887411
957,-1.8425531230861707,-1.6197663892154703,0.015545611294068926,6,0.002065579939583434
957,-1.8126885646116742,1.5101019329380097,0.016382609386984482,12,0.013652600023007942
957,-1.9754373898153603,1.5087222970586256,0.016109603634583167,10,0.002180163640820466
958,-2.0162540419878376,-1.6649524521599346,0.016099584669997224,13,0.01825155813866718
958,-1.8380370777153274,-1.615797589589109,0.015714839375236232,6,0.0029083761917493654
958,-1.7991239470675897,1.5134671541519127,0.016622313013153093,10,0.018447407648881028
958,-1.9686924909600343,1.5113919502834479,0.016074980178660755,11,0.011889349938242458
959,-1.807048197937358,1.5103841976244505,0.01639536021976144,12,0.018505830381629326
959,-1.9627571665806367,1.5084003032007929,0.015634223543676804,10,0.016450852887036033
960,-2.014931781617682,-1.6617030488762414,0.01482843389048969,11,0.0
960,-1.8253743717637247,-1.6111534931715656,0.015327519279800724,7,0.018379092557387077
960,-1.7998501586033278,1.510926372687382,0.016256622546139795,10,0.01655632641303396
960,-1.9712248577711766,1.5094934993134013,0.016195353423215177,10,0.006380906151827274
961,-2.0317745231895845,-1.6623902663264347,0.016997630134863863,12,0.0
961,-1.826678329869527,-1.6201885568643717,0.015662340583352103,9,0.015598481316497579
961,-1.809161145823598,1.5069146136833684,0.01613517191372873,12,0.015861052142474522
961,-1.9661981459112177,1.5070328949840914,0.015355378156380288,10,0.015770316299793946
962,-2.017732687279817,-1.6498115979788486,0.015465350928832125,11,0.0039985547381611985
962,-1.8425911302129698,-1.6182142080887933,0.01629697374771107,6,0.004157150323965476
962,-1.8125433463638834,1.50847648959662,0.01603364315987841,11,0.014542760096484902
962,-1.9657882029660623,1.5091425023162004,0.015896283751066016,10,0.01414569492958135
963,-2.0365292146173886,-1.6596964369265637,0.015791750562562976,11,0.0034534003057659236
963,-1.825047494472315,-1.6193165303378227,0.015602165359511144,8,0.016494584080955513
963,-1.81438111985461,1.5100816084449442,0.015792587088292433,11,0.004484014578285147
963,-1.9600152502573889,1.5075293641586147,0.015591060386491945,10,0.018220110992823016
964,-2.0308266678999027,-1.659970076428522,0.016562871082321212,11,0.002260847414462981
964,-1.8183929374646233,-1.6131071639794516,0.015852534605348082,7,0.01726055905365598
964,-1.807455205091295,1.510341767668198,0.015972945231534898,10,0.016897591684468295
964,-1.9598221899940504,1.5129791797038057,0.015831224856283705,10,0.020851513285378088
965,-2.0207716040137385,-1.6542046577326464,0.01586700656885753,11,0.005562679817710226
965,-1.8174161681323455,-1.602361486214853,0.014864152047980621,7,0.0
965,-1.811329671918242,1.5094371725523026,0.016106283951190428,11,0.012963006863250545
965,-1.9648177769775166,1.5094009424075603,0.015553674494681235,10,0.014569965652194487
966,-2.015648691065633,-1.6491951671526628,0.015948662719723034,8,0.0050207939208722005
966,-1.8415486061191886,-1.6267326979512937,0.016504480594609378,7,0.0016180254218455589
966,-1.8088874675804896,1.5066097927697883,0.016392927096497076,12,0.01775175534565608
966,-1.9685689948043532,1.5096669546719992,0.01658883253875321,10,0.0143009494985009
967,-1.8039624685074858,1.5098009773503154,0.01619459258617076,10,0.01804366541740488
967,-1.9727087003781796,1.5066807601882342,0.015899626014596813,11,0.0035925389484983325
968,-2.0178772998245647,-1.6641490642814867,0.01586570962561747,13,0.01641902442881838
968,-1.8385846572680173,-1.614695310783616,0.01613854421226227,7,0.0
968,-1.8081764049710016,1.5111878266642091,0.016119733708224043,10,0.015512448882253645
968,-1.9650893815762975,1.5077452030789544,0.015794884408022,10,0.017639752927952185
969,-2.018068989755024,-1.6616797327443102,0.015567183612671709,13,0.01611661059297283
969,-1.8207721745474614,-1.612017575694364,0.015740308587671073,7,0.015469271815983284
969,-1.807703260002428,1.5102476287632054,0.01608742450346889,12,0.022865204338447027
969,-1.956647320879187,1.5096060780204315,0.0160863721569243,9,0.021312062370353796
970,-2.0315873194913414,-1.6589496474342562,0.01652687259279666,10,0.0035611755890037292
970,-1.8181251145739035,-1.6045532257487798,0.015348298134111486,8,0.002201410036176483
970,-1.804349346980176,1.5096149969982655,0.01623451206224576,11,0.018963903348368078
970,-1.9680483692618262,1.5092821683356021,0.01594848044091253,10,0.015181617478745659
971,-2.0334212293427822,-1.6582567253029483,0.01611753228985042,11,0.0023567543316693274
971,-1.816128080948359,-1.6012270324436155,0.015966317414764217,6,0.0
971,-1.8122549910442594,1.5102994875393503,0.01603967521748607,11,0.015973425568975387
971,-1.9609956281192749,1.5091623640142084,0.016481085688704634,10,0.01813922720079953
972,-2.0177901044414437,-1.6640723293339654,0.016111632192271286,13,0.016777502616127638
972,-1.8123136247688596,1.511032898590442,0.01596341550848724,11,0.012957455002676612
972,-1.9629951603355025,1.510168882591144,0.01626202153840735,10,0.013947325902338822
973,-1.8412178968917907,-1.6180637791977925,0.015999192063050508,6,0.002841460595508995
973,-1.813496429389071,1.50964007863174,0.016058923298415864,11,0.013338100656050123
973,-1.9581050717307682,1.50955565417376,0.01599571766592248,10,0.016278785411276985
974,-2.0209260072281032,-1.650244230286506,0.015256389778040122,10,0.002100146568567869
974,-1.8245707698958684,-1.6316822058540426,0.014757028586225775,7,0.0
974,-1.7852053045639982,1.510464926313395,0.01714084023523643,9,0.0
974,-1.9611313289109855,1.5105226422290867,0.01611847639192421,11,0.019598297105631803
975,-2.004188627676834,-1.6377737054927404,0.015507465625899882,10,0.01694567099399743
975,-1.8420811939791386,-1.6193510676825782,0.014947306673081851,6,0.0017658712849475426
975,-1.8133422943099762,1.508007383467717,0.01569322303026381,11,0.013885659858491937
975,-1.9644585831713814,1.5083898761603527,0.01621617992167102,10,0.01629287162669902
976,-2.0266851899887905,-1.6571317516954933,0.01586012618895659,11,0.004073717016162951
976,-1.816534053050371,-1.6062707248653139,0.014704045011013123,7,0.0026908506116099865
976,-1.8103673268401264,1.511008540095651,0.01614686723772908,10,0.014907089801076738
976,-1.963393364329108,1.5085674407658345,0.01639833215895913,11,0.016857863403423195
977,-2.0149866866239625,-1.6470217704538619,0.015420190680860691,10,0.002655205365281778
977,-1.840344097656726,-1.623633445165274,0.016024866462767753,6,0.002842952028730654
977,-1.8101110534348381,1.5077086746732584,0.016281034271299653,11,0.017278364036539682
977,-1.9672880380889357,1.509026932647623,0.016190992802198677,10,0.015175828420406998
978,-2.019973644540307,-1.6615795589452966,0.016118827404762254,13,0.013570251520771414
978,-1.8127153421967113,1.5089430366653827,0.016339564733445677,11,0.016838977250743813
978,-1.9655696049104305,1.511903754379407,0.016393944893155068,11,0.01615783785002225
979,-2.016698795416743,-1.6573517078194513,0.01644594873801905,13,0.009897786411130349
979,-1.842868236325331,-1.6184598016573577,0.016306660306815674,6,0.003089724001469148
979,-1.8102672310710282,1.5092466754982758,0.01622230680526529,10,0.016779101419955172
979,-1.9626570719278196,1.5125166225434168,0.015764381094554476,10,0.016439624973365177
980,-2.0195263079567027,-1.663596707261057,0.015582917138558965,10,0.015803514599253974
980,-1.8414986818820982,-1.6228011248028524,0.016724217152562077,7,0.002272741428111399
980,-1.8086095533267512,1.5108620854511265,0.015815552944450764,10,0.015308813152456125
980,-1.9643215360688389,1.509561012608392,0.01579369604565085,10,0.019091840916118697
981,-1.8279748085150758,-1.6221685535845722,0.015914441827912053,9,0.01844901565507875
981,-1.8104586766069106,1.5069496336810078,0.016110608089310554,11,0.018298814405325704
982,-2.032533532563889,-1.6630123192965516,0.015788877349868263,10,0.0034535819758096716
982,-1.8188684986579786,-1.605210534233876,0.015356394123448552,7,0.002203024846577727
982,-1.8141792543506032,1.507397941332954,0.016066114653820466,12,0.016697582412364787
982,-1.9424225228875829,1.5091422454390797,0.016396330673285282,10,0.0
983,-2.004759851373449,-1.6484575145951095,0.015967392087734213,14,0.012450426223948237
983,-1.822722398002125,-1.602332567714717,0.015577076708229845,7,0.0020430283973490023
983,-1.8138028073354537,1.5077697851980232,0.016558300465572873,11,0.012450724929191222
983,-1.9654034411036487,1.510750835912582,0.016144556051578808,10,0.016993534612578076
984,-2.0187469605184685,-1.6668111341967182,0.016841732818582658,12,0.01843111481045743
984,-1.8101885365767774,1.5102231759622466,0.016090202593911744,11,0.014944747116316756
984,-1.963617340858493,1.508871833190812,0.015643482253630905,11,0.02171038433904861
985,-2.02588661745671,-1.6575713922243407,0.015967526955632413,13,0.005632378341222974
985,-1.8256340206156183,-1.6107269352830837,0.015910810472628364,8,0.015546858702234326
985,-1.8078051407278757,1.5125613821532282,0.01584518624522996,10,0.015712429012723416
985,-1.9628352494299668,1.5088109643275318,0.015915196372552235,10,0.016485459186226705
986,-1.8434888857839937,-1.6200602111385782,0.01602359368762588,6,0.002846177089152924
986,-1.8140155102270918,1.5087412383581467,0.016078887598042563,11,0.014358716417226372
986,-1.965942962175435,1.50802036561211,0.016089357195008543,10,0.015010888590584692
987,-2.0256096499244616,-1.6581656287125446,0.015642048839161104,11,0.005598582950906663
987,-1.824212897980952,-1.6036433125525953,0.015382801879517379,7,0.002207253893091317
987,-1.8068570524177399,1.5124204799857293,0.016388969545783373,10,0.015564308002256865
987,-1.9623925214317086,1.5080636112733719,0.01656475812217033,11,0.01765127348120306
988,-2.031240518720218,-1.6603079256540152,0.017015644424112672,11,0.0022487904286314
988,-1.8191915165581776,-1.6147487882903586,0.015498278257703899,7,0.016833693061087028
988,-1.8097520269590173,1.5094612888202081,0.016371672809971104,11,0.01707118657384341
988,-1.9611115636042253,1.511618305632809,0.015770382260874512,10,0.017162651202333342
989,-1.8419744573981902,-1.6187287951884992,0.016006832591679555,6,0.0028413920628469766
989,-1.812152167917893,1.507931466390517,0.01579630139099168,11,0.015888164235535924
989,-1.9620300905154742,1.5110905399830548,0.016263874600089056,11,0.019346125280993352
990,-1.8100374520218243,1.5108754968781872,0.01606624581161565,10,0.016998892686274275
990,-1.956703308797069,1.5135835774911826,0.015238513502941897,10,0.019729431033421334
991,-2.015206972395942,-1.6455744053179635,0.015612724707787106,10,0.0030871837936054195
991,-1.831197650062192,-1.6202371311334873,0.015670128287912973,7,0.016049610906857525
991,-1.8134429278957165,1.5095059664267616,0.01591537675899679,11,0.013769102734979412
991,-1.9577618498079754,1.510593060578714,0.016136436170037065,9,0.01714507208455827
992,-2.015189881079186,-1.6555170766724019,0.015604182080600236,10,0.009853023540784493
992,-1.8434210835652025,-1.626917474808029,0.01581900669019609,6,0.0021025448255523396
992,-1.8068570524177399,1.5124204799857293,0.016388969545783373,10,0.015564308002256865
992,-1.963219775236128,1.5085956446460764,0.015852825436411155,11,0.017939407260659162
993,-2.039977557619901,-1.6592155347808881,0.015738395535095127,10,0.0018826518030892565
993,-1.8203891272383224,-1.604982693164524,0.014901838926566708,6,0.0
993,-1.8140155102270918,1.5087412383581467,0.016078887598042563,11,0.014358716417226372
993,-1.964195855118362,1.5106449467711933,0.01598562584660292,10,0.015973254475454442
994,-2.0044216618488115,-1.6389279901964613,0.015655638147951918,10,0.004459698029562112
994,-1.843944924799453,-1.622489927484473,0.016496444580276125,6,0.0016199123312685207
994,-1.8039592754184661,1.5110808975156609,0.016151579161003647,10,0.016218004642960936
994,-1.9652097445485062,1.5104350303054397,0.01619572427819715,10,0.016172472065437572
995,-2.041598423922339,-1.6616318834843007,0.015837931094851123,9,0.0029676434320327523
995,-1.8268917650639083,-1.6190779541902303,0.015871696522349193,9,0.017378256186432
995,-1.8078795237372332,1.5086954185402461,0.0156456698719188,11,0.019429972537495236
995,-1.9652345525815549,1.5130032522460437,0.01626059610579444,11,0.021605725259025637
996,-2.015588384617783,-1.6491456286161708,0.01602575591943699,11,0.005087993744303349
996,-1.8014854709494073,1.5130728861237948,0.01654771115100665,11,0.021521913139932517
996,-1.958398401299847,1.5113260740615586,0.01605056021481293,10,0.019545137500222926
997,-2.0282906141658277,-1.6562583607229107,0.01573414493777716,10,0.0031404946225904147
997,-1.8244333462646478,-1.6082941326501425,0.015655090031457364,7,0.01703685657848849
997,-1.8065224578331556,1.5117223259194217,0.01613499881228425,10,0.019014763434861096
997,-1.9623529814527572,1.512675173091937,0.015351720592695078,10,0.01634374577696833
998,-2.0209260072281032,-1.650244230286506,0.015256389778040122,7,0.002100146568567869
998,-1.810614029211908,-1.6065488896295308,0.014408336119114644,7,0.0
998,-1.8109479358268021,1.5104924903264378,0.015742749136723723,11,0.015415851320228588
998,-1.964807231562707,1.507394706333004,0.015306808818285557,10,0.02002213858499168
999,-2.0372820777447944,-1.6627765140233866,0.016064908773367786,10,0.0038894857476477395
999,-1.8268965198660951,-1.6227203725711363,0.0157460627055075,9,0.013189238093863404
999,-1.8068306135360475,1.513238215238237,0.01590485211460502,11,0.018743442158043987
999,-1.9678057668871087,1.5072713425769164,0.016165208706556782,10,0.013322077903790234
1000,-1.8104303556237789,1.5102391432415094,0.01623233699124929,11,0.019063713632126056
1000,-1.9684571037896652,1.506931011017723,0.01565868245290216,10,0.01503277959088451
1001,-2.0230425124790097,-1.6560632933124597,0.01594819739808191,13,0.005671310338600188
1001,-1.8203413603246466,-1.6164405555384522,0.015363305857836636,7,0.018659629451622313
1001,-1.8122867026220846,1.5100163617044047,0.016209492374891908,11,0.015457115841699046
1001,-1.964292157278592,1.5092692499826452,0.016136303195043868,10,0.017620531320907094
1002,-2.00528807490839,-1.643890047773711,0.015402308737034954,11,0.012823317834282524
1002,-1.8425531230861707,-1.6197663892154703,0.015545611294068926,6,0.002065579939583434
1002,-1.808662240683979,1.51124114669584,0.016105977834689165,10,0.014293399173453783
1002,-1.962797880634142,1.5091671534625142,0.015958883033541853,10,0.01862852130702087
1003,-1.818610859560306,-1.6050251262038886,0.015566731574806349,7,0.0021300999277096
1003,-1.8131603632976303,1.509637674280001,0.01615043362223687,11,0.013546471479564278
1003,-1.9443172434736558,1.5136422333666326,0.01495945674947884,10,0.0035698640690855236
1004,-1.8199461457664956,-1.6111099742286512,0.01614247876908843,8,0.014469165894225913
1004,-1.8025016136028569,1.5094636510349535,0.0164465384076417,9,0.017156386690536717
1004,-1.9627442723266753,1.5104243361390968,0.0156723468418695,11,0.019037583569706043
1005,-2.0408251587770074,-1.6610022122723684,0.0158339220086818,10,0.0029666372558858787
1005,-1.8213087703083484,-1.6073628678297336,0.016260291163373186,8,0.0055152302966333415
1005,-1.8097500297431561,1.51171681033842,0.016155050780633888,12,0.022519612545964462
1005,-1.9598611479000219,1.5080271451231966,0.016771719474099812,10,0.01874254765094197
1006,-2.005806651476176,-1.6537853822300126,0.01588400051629638,13,0.020850005469556204
1006,-1.8249537547316073,-1.604294637465759,0.015605882935479088,7,0.0020474118324260637
1006,-1.7836978090821543,1.5091908969378216,0.017115041742945383,10,0.0
1006,-1.963247169245427,1.5116199744004195,0.015722987780612714,10,0.015914297432077926
1007,-2.0184213634092387,-1.6666626519939496,0.01701918486986912,12,0.01843077766563185
1007,-1.8256893051109433,-1.618750486844936,0.01607461181444747,9,0.016866819465707318
1007,-1.8157135797903388,1.5080118683493247,0.01623130001458725,12,0.012104673205007983
1007,-1.966150853079713,1.5085440822253882,0.016914828912152017,10,0.015161242284786478
1008,-1.8196447254877515,-1.6043257522688024,0.01489397249176043,6,0.0
1008,-1.806970712425476,1.5099863374553717,0.016404140165224828,11,0.016937540901703515
1008,-1.9656778471071847,1.5105113949600963,0.01589969155795887,11,0.0141766452797029
1009,-2.0334354244804116,-1.6571752225932137,0.01578053753511855,11,0.0034464181786114066
1009,-1.82760561339182,-1.621477405314976,0.015638673623598054,9,0.01478824566926823
1009,-1.8038547845057316,1.5123230380467154,0.016472728650458464,10,0.01804926016425814
1009,-1.9628352494299668,1.5088109643275318,0.015915196372552235,11,0.016485459186226705
1010,-2.026038626484204,-1.657696649032052,0.01587686497610076,11,0.005497423023049315
1010,-1.8179187029954669,-1.6056790301250796,0.015611967743700845,7,0.005141719427156917
1010,-1.8083342180459077,1.5089612993204475,0.016415789631931958,11,0.018896358722273344
1010,-1.966107539303626,1.5093993030016766,0.01568410487433739,10,0.01323598500572133
1011,-2.0339100896202824,-1.6575615904410297,0.01614510569575521,11,0.0034052668253108562
1011,-1.8359410907766127,-1.625806643967141,0.01714045156438918,7,0.0026828947271192245
1011,-1.8093423353685376,1.5097356874994492,0.015966911457047008,10,0.014781680722631568
1011,-1.9636155054865616,1.5086141906420174,0.016237597464831895,11,0.01820238466097049
1012,-1.8176107440173,-1.602532620465149,0.01599092402365443,6,0.0
1012,-1.8100817508357334,1.5092050628262024,0.01571131061169471,10,0.01632997136228028
1012,-1.9621293151731398,1.5090058345063104,0.016158040071043104,10,0.018684777997579966
1013,-2.0295547656390998,-1.6589318556790307,0.01627864941777854,11,0.003015392966135801
1013,-1.8332691902756455,-1.6222550522868384,0.016370962320948923,8,0.0043616278326282796
1013,-1.820541640478024,1.5068543193105566,0.015283249876029054,12,0.0028093709432690304
1013,-1.9612952622936697,1.5085497028317303,0.015332353152468028,10,0.019462457071390268
1014,-1.9975629393576846,-1.6385277202385815,0.01716773602495906,12,0.0
1014,-1.8105664852219066,1.50755074628802,0.016349771448291136,11,0.016724411800914628
1014,-1.9450569007558205,1.504242142523554,0.014478623461488888,11,0.0
1015,-2.0323737753721822,-1.66123610704647,0.016564423013069936,11,0.0022626439101936183
1015,-1.8156435186623816,-1.6024064299837746,0.01552370970952155,6,0.002125349457169132
1015,-1.8044119892083657,1.5113900139214824,0.015694099157780236,10,0.017218132085747226
1015,-1.9610600438822416,1.5121326670368695,0.015804083376122376,10,0.01723366271729093
1016,-2.036242371886619,-1.664396080267869,0.01657088363944265,11,0.0022661327289053047
1016,-1.810401110087197,1.5091165376822597,0.016052711572014176,11,0.014255523191784771
1016,-1.9650066636952914,1.508206962442163,0.015699163440886343,10,0.01480324122418674
1017,-2.018364837695397,-1.6490907698138766,0.016181252617272705,10,0.008321805303475094
1017,-1.8282407049044864,-1.6245776819511917,0.01597794702745089,9,0.012829778523961551
1017,-1.8147469978361792,1.5073353351083756,0.015948554789775696,12,0.013135595913898852
1017,-1.9651867768269893,1.5089218367574346,0.016143027894471446,10,0.015992747545070195
1018,-2.0144516926969085,-1.6488682562568056,0.01621743159838477,11,0.00536839653280028
1018,-1.8430272328747255,-1.620183092375124,0.015194769321090486,6,0.001739830271904677
1018,-1.811174288767174,1.507707352060271,0.016027093700520287,12,0.013314381791655014
1018,-1.9525102780026893,1.5088367055350969,0.015918289206031108,10,0.01653793301045711
1019,-2.0088537385951595,-1.6521735077874338,0.016220619453737307,12,0.011422996338132239
1019,-1.806127673965137,1.5075479959277578,0.01667161060738143,11,0.016767122546395497
1019,-1.9630284522851607,1.5076930956162335,0.015981119029560488,10,0.019178074197566498
1020,-2.0148240435607483,-1.6573668683570986,0.01553113030593328,13,0.014695897492827044
1020,-1.819781810688084,-1.6072577296356212,0.015856708832105028,7,0.0170211817672162
1020,-1.8143184281110496,1.5093117607238213,0.015885869650465158,11,0.013203253057748767
1020,-1.96219460713191,1.510333517631358,0.0159199229016126,9,0.019573006353033984
1021,-2.0326441020001735,-1.661456396806643,0.016292746295518187,11,0.0030221373437206533
1021,-1.8120545699144088,1.5102849503339644,0.016082433832125726,11,0.016197131394773127
1021,-1.9617288874503862,1.5110615426130314,0.016121503332665574,10,0.016560835881035206
1022,-2.005314935036635,-1.667582514995919,0.015394163370710643,11,0.0
1022,-1.8127035676041956,1.5106689765927885,0.016255198337946676,11,0.014484769870165271
1022,-1.960180080959357,1.5116787331664028,0.01631471599271414,10,0.016606342001397385
1023,-2.0176668456085594,-1.6599517850309682,0.01580925404812148,13,0.018135878426814644
1023,-1.817623214301701,1.509093977160491,0.016171499055444665,11,0.0036880734764930903
1023,-1.9613781750051025,1.5094896117763283,0.015867577448208485,10,0.020243002582332192
1024,-1.8085749980889123,1.508886701288102,0.0163194031317144,10,0.016891007068997026
1024,-1.9618079307809502,1.5129555833654,0.016288594363628377,10,0.019862792946279115
1025,-2.0300527647586937,-1.659338610403272,0.016561395295670165,11,0.0022601854335068984
1025,-1.8251996876131416,-1.6170636342876576,0.016167288571758278,9,0.015792770237146293
1025,-1.8194630653602766,1.5101963089501458,0.01688803822392001,11,0.0012779546118979225
1025,-1.9629899057924052,1.5101675181340584,0.016264349193283515,10,0.015856633145740668
1026,-1.825038367241407,-1.6181960189827298,0.015484818728714734,9,0.014922923425813492
1026,-1.8065936924694819,1.507170803216257,0.016232197717005757,12,0.01755055034546988
1026,-1.9631573229018395,1.508034967237205,0.015631647135604363,10,0.01746094433782545
1027,-2.0057248895050006,-1.651424163623491,0.01597648192187256,12,0.01322547233034396
1027,-1.8212703799254852,-1.6085725217552476,0.015880081312585632,7,0.017048239729770834
1027,-1.8056278759835538,1.5118518016847957,0.01639987454116977,10,0.017091787102412298
1027,-1.9627383470580402,1.51055608767086,0.01638731611461412,11,0.020006977931535646
1028,-2.018826868485987,-1.6517950571407396,0.016151553075675548,8,0.00545831327433627
1028,-1.8230111614379645,-1.610894292942808,0.015869638372589246,6,0.01730500081904972
1028,-1.8109495016409505,1.5114495507839414,0.015728357865737674,10,0.013697894605372123
1028,-1.9625157523903651,1.508221460570697,0.01609766915775252,10,0.019647449870776493
1029,-2.0302281261098423,-1.6611235861656026,0.016996246181388546,12,0.0
1029,-1.8250891315413378,-1.6206627876114668,0.015834423540530305,9,0.017123093135412628
1029,-1.8080033591143743,1.5107139881962202,0.01601250524022748,10,0.017449410647434258
1029,-1.9534497020217743,1.5132210601810179,0.015878183838093973,10,0.01856907196285838
1030,-1.9970441511931611,-1.6404516309210253,0.01465906391552055,8,0.0
1030,-1.8404753766239241,-1.6221243142016952,0.01542439279610551,6,0.002353959920257339
1030,-1.8053680945412784,1.5088773570581313,0.015613076015595067,12,0.01966827319961711
1030,-1.9645554004340637,1.511721823813379,0.016226936084456287,10,0.015757291819520396
1031,-2.0150180104620743,-1.6626303637087534,0.01584401591841482,12,0.01772791320861284
1031,-1.8288801519046967,-1.6186642291820903,0.015458552259490041,7,0.01675816258692714
1031,-1.8023911464985518,1.5115649490758918,0.01666930597428418,10,0.01641957553522988
1031,-1.9678679465481714,1.5085787364710013,0.016023438848464917,10,0.013141286888987731
1032,-2.004711253555148,-1.646749488120485,0.014741080794407016,12,0.0
1032,-1.8219240969251433,-1.6089907751464954,0.016437265537388765,7,0.01481061923084686
1032,-1.8092518132232358,1.5092301493356237,0.01600068270262857,10,0.013970399619542365
1032,-1.9663128181199252,1.5087666594834142,0.01618489250903039,11,0.016463531234489102
1033,-2.0342090013667935,-1.6578052317595802,0.015783395397664487,10,0.0034476849349491007
1033,-1.8266851239675057,-1.623615094419766,0.015486526069157827,9,0.014966589579209037
1033,-1.80555751601138,1.510635977758965,0.016171026972665207,10,0.018917951084606602
1033,-1.9611118760598085,1.5094429736558221,0.01660520991460834,11,0.017328618423341616
1034,-2.0346837965068985,-1.6581916645448682,0.016147931674677818,11,0.003406646737014532
1034,-1.832354770820817,-1.624058545180636,0.01572020384071858,7,0.016152106386028087
1034,-1.8076960570607616,1.5120519434489146,0.015764208165881543,11,0.01592485340805555
1034,-1.968047972699628,1.5074469426916923,0.016175976998042754,10,0.014601618726191198
1035,-2.0367138376795038,-1.6565611301856775,0.015903853873246183,9,0.0018241499708497996
1035,-1.8398497519656392,-1.6221408344593837,0.016195234169133866,7,0.0038727213349836146
1035,-1.8071760772672305,1.5098905491678065,0.016347894103409207,12,0.018777790334212743
1035,-1.943584961546485,1.5105663162204643,0.015564742306433597,10,0.002227886169481892
1036,-2.0054793768975987,-1.6473813154123331,0.014746919272657264,12,0.0
1036,-1.8110865942346392,1.5091148080134253,0.01577946022060098,11,0.014563125879794026
1036,-1.9733894132861025,1.5089117622111003,0.016398856300771703,10,0.0023652713694393233
1037,-2.031589348648606,-1.655671230773679,0.016136541360395457,10,0.003400916293959074
1037,-1.8261074274607314,-1.621776664516389,0.01519732944682372,9,0.016079656274314964
1037,-1.8024458808643589,1.5104407639854809,0.016522757938395655,10,0.02261097376679275
1037,-1.947956327456271,1.5079756160710822,0.015668095572607524,9,0.016385992210460637
1038,-2.0302281261098423,-1.6611235861656026,0.016996246181388546,12,0.0
1038,-1.8251088378387694,-1.618491582927276,0.015922797175659763,9,0.01821233564373302
1038,-1.8052671252820143,1.508412764169476,0.016160840082557408,10,0.016003233702169318
1038,-1.9542076936926107,1.5096584736150107,0.015939237082138236,10,0.019043873008312902
1039,-2.0142706874766105,-1.6480663922345917,0.01603502501208766,8,0.005369688850352626
1039,-1.8417086908183093,-1.62377780474458,0.014504963350183994,6,0.0
1039,-1.8031436170992843,1.5100663848600042,0.01586136290912735,11,0.016355491515318222
1039,-1.965339536688776,1.5083347852667905,0.016355982850245924,10,0.013512750476799784
1040,-2.01084480452573,-1.6517887633004915,0.014805750728278028,10,0.0
1040,-1.8069426554389607,1.5080414575905927,0.01587502767249428,10,0.01600938022839356
1040,-1.9693828292009061,1.5067150134365188,0.015870568263054854,10,0.011757910219005657
1041,-1.8169781769338542,-1.6035417704868238,0.015854478800859856,7,0.0030285474791873646
1041,-1.8092365738988174,1.5096006783895153,0.016358946277378435,11,0.017705331124684275
1041,-1.9676420683540723,1.5098187189042362,0.016090497577859058,11,0.013759350566241396
1042,-1.998406594238798,-1.6315703635884966,0.016487535500427673,12,0.01847166916575935
1042,-1.8196447254877515,-1.6043257522688024,0.01489397249176043,7,0.0
1042,-1.8128315503963672,1.5103890631182795,0.016055814319449645,11,0.014894020247782006
1042,-1.9614842338452778,1.5120368652802956,0.015849983873822086,10,0.016111514818844427
1043,-2.033727594138376,-1.6639882133857455,0.017469293198159867,11,0.0
1043,-1.8433108744049012,-1.6204326905360573,0.015554939104479554,6,0.0020659566860512365
1043,-1.801975672509537,1.5132212549075392,0.016398578565181357,12,0.022583794849128324
1043,-1.9631256382399167,1.507511184741241,0.016047353484192207,10,0.01842010071447837
1044,-2.0389768932756365,-1.6666321052451383,0.017026976818338153,10,0.0022587887461293487
1044,-1.842868236325331,-1.6184598016573577,0.016306660306815674,6,0.003089724001469148
1044,-1.8125713969574075,1.510170864474247,0.015794929729222976,10,0.013344564832966579
1044,-1.9692283432217077,1.5063577966726807,0.01608829015359996,10,0.015805592778406256
1045,-1.8258562107579324,-1.6214312648546785,0.016104049586902834,8,0.016516259538239212
1045,-1.8098409528770396,1.5109683017682365,0.016112752236546818,12,0.019966077306133583
1045,-1.9656331415487045,1.5093041619179393,0.016231570998628025,10,0.01648510239115703
1046,-2.015565811641887,-1.6637093158353569,0.015814225562681798,10,0.01721332792497659
1046,-1.8210907569565842,-1.6171074131595957,0.015373976304940102,7,0.01867175335244529
1046,-1.81634277859129,1.5099292866101495,0.01627038953383433,11,0.012764161781003518
1046,-1.9658689260793674,1.509223161461456,0.016027486572300728,11,0.01521798798303595
1047,-2.0342090013667935,-1.6578052317595802,0.015783395397664487,10,0.0034476849349491007
1047,-1.814557038240839,1.5096990157277659,0.016134214643723062,11,0.014943701162209663
1047,-1.9588569988512974,1.5121604891882294,0.016236740178438878,11,0.020360822102919448
1048,-2.0187468348592437,-1.6605884146485046,0.01584297546041429,13,0.013575583774332604
1048,-1.8230594437346128,-1.6026282410982837,0.01589556081560857,7,0.0030299481156522198
1048,-1.8090010004866164,1.5110883451708546,0.01706848157538646,10,0.016780992092300027
1048,-1.9602844945829172,1.5150729306520128,0.016128168835957576,10,0.01924980495984865
1049,-2.020121928061196,-1.6628248866146105,0.01655523281859204,13,0.016571318368609166
1049,-1.8211305126433448,-1.6056356608433322,0.014913535758470901,6,0.0
1049,-1.8123592642939221,1.5106702577590867,0.015982746815180297,11,0.018119435011563396
1049,-1.9678160044263524,1.5089443494124548,0.016263557038810526,10,0.014543553384213372
1050,-2.0240197724860307,-1.656044790016093,0.016139478794719782,11,0.005204262968466745
1050,-1.8207106333794685,-1.6036982660693697,0.01628497683304366,7,0.002039684623029331
1050,-1.8056954194115342,1.5113783589823733,0.01590320800710429,11,0.01634857439585917
1050,-1.9689202571243407,1.5090011605381692,0.015920633702359348,10,0.012426202803959351
1051,-2.0405786046918,-1.6597050705171554,0.015927462019963465,9,0.0018289954440475278
1051,-1.833188303567027,-1.6313165366122568,0.016225938392106665,9,0.01297839397459206
1051,-1.80627584733118,1.5109267287126638,0.016297705215363955,10,0.015456873507838179
1051,-1.9649730343578427,1.5093040290359212,0.016198332906108497,10,0.017043135415606852
1052,-2.015406975230181,-1.6552697438403596,0.01515430259013309,13,0.014175876654840356
1052,-1.8196292958792375,-1.603617249052395,0.016244098173057706,7,0.000998485479786886
1052,-1.80864235839693,1.5088645227556348,0.015992061666192874,12,0.02553278182140762
1052,-1.9667343229908631,1.5072178779649503,0.015519760256775665,10,0.015462107145836373
1053,-1.8086555609710615,1.5108371138199157,0.016185022723051133,10,0.017345789991905
1053,-1.9689110241465382,1.5071064178071876,0.016317469752043824,10,0.015068861027669373
1054,-2.0185655407434293,-1.6614258591649103,0.016183115097218367,13,0.014982844758169179
1054,-1.8238155705675219,-1.6310059532092929,0.014743284319930381,7,0.0
1054,-1.8084311423060888,1.5094660287319748,0.01619754148561019,11,0.01791824060325898
1054,-1.9642026373069583,1.5108384558410057,0.015824240190875773,10,0.015779925460929874
1055,-2.0383692167133445,-1.6677836294813317,0.017474555626600618,11,0.0
1055,-1.813418952538321,1.5102969391533059,0.01627546945576921,11,0.015840892159570224
1055,-1.9698980516481328,1.5087780987714614,0.015773835657095725,10,0.011151709676606007
1056,-2.019039929551609,-1.6651064523822148,0.016113106483320965,12,0.016446104258815493
1056,-1.8202067112169253,-1.603708897461604,0.01616275012399188,7,0.0
1056,-1.8110532686317469,1.5113049631901336,0.016098596661834597,11,0.016411318404193232
1056,-1.950473098423699,1.5113115610904084,0.015547130395065818,10,0.01579294228027543
1057,-1.8199016594287367,-1.6013422053371011,0.016244303946066997,7,0.0015585524098576196
1057,-1.8146096435094974,1.5092237472288608,0.01612153253933661,11,0.014232201304943074
1057,-1.9587090721481433,1.5107794624987296,0.0160756872901547,9,0.01880955481057805
1058,-2.0279411171567494,-1.659252099473504,0.016077793568850928,11,0.005118548582015411
1058,-1.810042630285037,1.5092235790405453,0.015910482785362872,11,0.021292766944041062
1058,-1.9710032589857445,1.5067605044164818,0.01630731261549526,10,0.013801381449650643
1059,-2.0139401090240496,-1.648448383455436,0.015909940778338676,11,0.005395647451818255
1059,-1.8112784743655894,1.5100937837203405,0.016327243064335438,12,0.016717926288564677
1059,-1.9651548702665385,1.5102016753788652,0.015640255366020327,10,0.01461202147074138
1060,-2.0223004147350356,-1.6612004675778764,0.01564816453040231,13,0.015670680940193554
1060,-1.8166466310640828,-1.6050790026010486,0.016583600834890716,7,0.002922858042808474
1060,-1.8029001468951642,1.5110366484156517,0.01558762178314265,10,0.017047715132444338
1060,-1.951293951717904,1.5090768114950122,0.01551097441692955,10,0.01593239254875448
1061,-2.024883862754153,-1.6567503186005392,0.016234545971716557,13,0.005689371301343101
1061,-1.8226917933986895,-1.6038745001361594,0.015837763606782077,7,0.0
1061,-1.8051481746073548,1.5111327226110298,0.01639152248023896,10,0.018653814617092153
1061,-1.9619892495850104,1.5098266227692525,0.01608074405826014,10,0.015297804543777197
1062,-2.027862836972601,-1.6559077486551708,0.015309844263048634,10,0.002109983230894295
1062,-1.816535970774163,-1.6047212261932151,0.01684766472919212,6,0.0
1062,-1.8128769745541744,1.5101644302319763,0.016179141013421213,11,0.014132386157199466
1062,-1.962842517882891,1.5073239329197186,0.01565295212055237,11,0.02067680815136909
1063,-2.018068989755024,-1.6616797327443102,0.015567183612671709,10,0.01611661059297283
1063,-1.8196307708777812,-1.6195376621152353,0.015331985696681743,7,0.017354069905055548
1063,-1.804943470948294,1.5117053003888328,0.01626210811319706,11,0.014939076421956009
1063,-1.9685895490488403,1.5079962544126444,0.015907959699539374,10,0.01391949060639897
1064,-1.8452499159425002,-1.6245387550957926,0.016087206595212043,6,0.0021663870635683256
1064,-1.820314287770436,1.5093910802667856,0.016646833178677652,11,0.0025243795240777306
1065,-2.013283990859004,-1.6652707183779951,0.016509833884916038,12,0.0021659538139928557
1065,-1.8231205680670852,-1.6058193335592796,0.01598139502858601,7,0.0034517260581796317
1065,-1.8103986205145153,1.5091613337686232,0.016675594235586514,12,0.01782532057327218
1065,-1.9647784862614328,1.5080551059027696,0.01619578486389888,10,0.016883200014401696
1066,-1.8417382102294042,-1.6205393311674436,0.015615500408485588,6,0.001601796995009376
1066,-1.8079497393128467,1.5099011685010597,0.015765123984596653,11,0.015959933634978257
1066,-1.9594697861148118,1.5074494008870372,0.015977516467455877,10,0.01738477321179855
1067,-2.0215279131400568,-1.6529138069539426,0.015563285498351643,11,0.004107747810881012
1067,-1.8128323180061838,1.5105849866732644,0.016425682421921942,11,0.01521785322830847
1067,-1.9672467732068233,1.507829906750143,0.015815086240734265,10,0.01602006041935213
1068,-2.0230425124790097,-1.6560632933124597,0.01594819739808191,13,0.005671310338600188
1068,-1.8171286665152593,-1.6037191786913434,0.015541744804437829,7,0.0021333577618820355
1068,-1.8209861967678684,1.5089961910023935,0.016239437063694986,11,0.0021265563414047586
1068,-1.94492314693999,1.5070174734063997,0.01574666315499617,11,0.004675054609947314
1069,-2.0209260072281032,-1.650244230286506,0.015256389778040122,10,0.002100146568567869
1069,-1.8074035762643932,1.5134090727924507,0.01623504786286686,9,0.016052455624487344
1069,-1.9589117689099664,1.5140342708354617,0.01535344770452689,10,0.017055204440102778
1070,-2.0275101721025655,-1.6572605890066154,0.015952023882461835,13,0.0030621179546575492
1070,-1.8191389976526586,-1.6137699570470347,0.01585780675635062,6,0.017268330502577398
1070,-1.8070060215021428,1.511065759966085,0.016147029926511635,10,0.015867875407727876
1070,-1.9545393691809827,1.5119495261421143,0.016022557895367807,11,0.019995782964321283
1071,-2.023493997835036,-1.6564333243056502,0.016322125036283018,11,0.005615090519447863
1071,-1.8183556800136929,-1.6031931475478358,0.015995433171077503,7,0.0
1071,-1.8020439002866766,1.5106427080514337,0.01598231178500683,10,0.01802643243714672
1071,-1.973255285353075,1.509747501183357,0.01609050830182858,10,0.0038454109759443623
1072,-1.8090875851813377,1.510013319845554,0.016021215513733103,11,0.018529521477939036
1072,-1.966180525949873,1.5084210120091925,0.015345864513682732,10,0.01455185408917151
1073,-2.034968227607436,-1.6595194088362417,0.01612175186996413,10,0.002359458026983721
1073,-1.8137615947923866,-1.60540732921512,0.01597255612097102,7,0.0
1073,-1.8089499323830027,1.5100660556360197,0.01602553478525188,12,0.015484327236602508
1073,-1.953304413862073,1.5124827560530043,0.016359012732401586,10,0.01833263938985083
1074,-1.8295159287323841,-1.6272052661680856,0.015607623251856953,9,0.004666729964004774
1074,-1.8092154741492632,1.5099839324292759,0.016125921489814562,10,0.01512943116594991
1074,-1.9660707243605962,1.5076934671185307,0.016065066873537485,10,0.015508205420514683
1075,-2.0315165513987443,-1.6588985849717452,0.015390271262368086,12,0.009175607938953858
1075,-1.8184625490062427,-1.6048519596788695,0.015874751827879414,6,0.003030224619046752
1075,-1.8147793193538413,1.508044607787914,0.015647892460317073,11,0.015614987461237958
1075,-1.9603712560374416,1.5097157105526189,0.016145214199066095,11,0.024307409073520417
1076,-2.0173954892557933,-1.6659070646608047,0.016268639196331796,13,0.018357680040469816
1076,-1.822499836144642,-1.603704903054813,0.015128945508459614,7,0.0
1076,-1.8131347451255626,1.5104071790255498,0.016287499108395644,10,0.013551371925714813
1076,-1.9628434093869824,1.5102530843489592,0.016282964623745677,11,0.018552948175290334
1077,-2.025521386233075,-1.6539964927595676,0.01531329304917596,10,0.0020435462379243116
1077,-1.8209218702254315,-1.604181565445816,0.016353328230514358,6,0.0
1077,-1.8145243365066754,1.5104376162705255,0.016005517342075202,11,0.01424342501714362
1077,-1.971660495687964,1.5101087847908201,0.015850396571161517,10,0.01076270069702643
1078,-1.8251994768647108,-1.6202948795634262,0.01614171591893746,9,0.018517776574562737
1078,-1.81567658743035,1.508695106023684,0.015873086540960472,11,0.011158702395139193
1078,-1.9665104968936087,1.5102250296361779,0.015920177963374447,10,0.013720298834652268
1079,-2.030040087276355,-1.6576865788099202,0.016523484298385637,11,0.0035561626108210607
1079,-1.8264185697333146,-1.6204942167108793,0.01622385208575818,8,0.01603904638422665
1079,-1.8054953272220358,1.5062495961481188,0.016182593204921356,11,0.022745594698817317
1079,-1.9637068726719005,1.508501312170977,0.01561635435861266,10,0.01946835998832561
1080,-2.0178805759087757,-1.6641488200326635,0.016361322374553545,13,0.016477076317620173
1080,-1.8201809286973576,-1.6035288602999376,0.01634129164382511,7,0.0
1080,-1.8061734934416007,1.5085147674039368,0.01604447433759477,11,0.01574688883185121
1080,-1.9589077433489013,1.5082264470993023,0.015812376191942472,10,0.018786673690717286
1081,-2.0048919263089613,-1.6668098732851966,0.014527857287101759,12,0.0
1081,-1.843168755731094,-1.6176672265485361,0.017168068381638233,6,0.0021362410639088015
1081,-1.8140550384355232,1.5089691552117652,0.016091208268084623,11,0.012851832284825799
1081,-1.9601140131323151,1.5096979707819043,0.01615698861107467,11,0.017603117597053956
1082,-2.0270924764561045,-1.6592150735383329,0.015949825815663767,11,0.00567999714309061
1082,-1.8130176505066133,-1.6047457891349683,0.015968065266716302,6,0.0
1082,-1.8064331726534235,1.5083434369237068,0.015732757018560715,11,0.015127789844496486
1082,-1.9596215879034993,1.5063929713940811,0.01566786501584904,10,0.01679451582794793
1083,-1.8171286665152593,-1.6037191786913434,0.015541744804437829,7,0.0021333577618820355
1083,-1.8083706459225632,1.5114952430430406,0.015857410028957776,10,0.0149588833732219
1083,-1.9578967670512653,1.507162632898657,0.01596954072535337,11,0.017402810500008695
1084,-2.020280477283916,-1.6628290044711054,0.015862744461843645,13,0.016584166991704292
1084,-1.816867150081771,-1.6018751578676116,0.01598332739574289,7,0.0
1084,-1.807753266190605,1.5070921206404817,0.016503394879267917,12,0.01719160738612784
1084,-1.9574999827829376,1.5093493716160238,0.015505301983522927,10,0.019399882115579904
1085,-2.0269872246312906,-1.6551941593943273,0.015399012072635925,10,0.0019840707707483958
1085,-1.823675829155036,-1.6026490649340193,0.016976818891718874,7,0.0043120620599563595
1085,-1.8054190937077201,1.5107390237103606,0.01617207384499679,10,0.01636842086044067
1085,-1.9677619072448806,1.5077453714281543,0.016406542273539115,10,0.015662968203090436
1086,-1.787378703524042,1.5063649795164387,0.0171259639875084,9,0.0
1086,-1.9608328272995423,1.5121816992800514,0.01589146739834601,10,0.01794752322621014
1087,-2.010112271878903,-1.6414149070796795,0.015211097848350067,10,0.0023157957702988384
1087,-1.8296241396913067,-1.6172147529426393,0.01637638570947766,7,0.018558039578262346
1087,-1.819119825964454,1.508095348042822,0.01603639812933505,11,0.004411051901786129
1087,-1.9686916802782344,1.5081045157699426,0.01601898945524243,10,0.013529750347550247
1088,-1.8278290488260338,-1.6207107729631933,0.015839019526331852,9,0.01565036507232965
1088,-1.8101350191383656,1.5084793611905658,0.015801600158374948,11,0.017123251950089204
1088,-1.9635293726676901,1.5108156166887612,0.015781154254608444,11,0.0149505436734423
1089,-2.028982215041186,-1.6601051200323451,0.015762083664575315,11,0.005143260863949986
1089,-1.8204511259342977,-1.6050380090658682,0.01602543478470951,6,0.004097531300091477
1089,-1.8071612642116361,1.5120146698556587,0.016200699769237277,10,0.015865356839396903
1089,-1.9624104349450542,1.5072567227286144,0.01610444830105587,11,0.01812460046914484
1090,-1.8458679759229866,-1.6226800336189937,0.0161533801481299,6,0.0018173012326639561
1090,-1.8071543683692453,1.5106587530008218,0.01600044822275511,10,0.013682956866682852
1090,-1.9642922515119714,1.5065039382570806,0.01543644606164779,10,0.01805449170136409
1091,-2.0269413321553738,-1.659255744578787,0.015898798703210152,11,0.0055817984538303516
1091,-1.8066673788199836,1.511494328296092,0.016316072133065188,10,0.018764082538668472
1091,-1.9598603785240525,1.511248321788208,0.016061224824472153,10,0.01787711648081586
1092,-2.03100114649404,-1.6617574634871006,0.016996993321084702,11,0.0
1092,-1.829375921681459,-1.6201313342972747,0.016176749864812413,9,0.01624190255466009
1092,-1.8108480811989336,1.5094456994643117,0.016192452249854505,11,0.016389525798836208
1092,-1.9666845303362055,1.507696727405504,0.01568250692410967,10,0.016393338793502646
1093,-2.0173473525414796,-1.6565773316303538,0.015911402469124092,13,0.00934395827067355
1093,-1.816658819780892,-1.6009982674065966,0.01620334473015481,7,0.000996531184942296
1093,-1.8037177976506593,1.511776152710844,0.016330689707195308,10,0.018421537244837426
1093,-1.9654848527797621,1.5109236517288085,0.015945880211945908,10,0.014060890563532068
1094,-2.0375952131775854,-1.6671518482636956,0.017473587866725163,10,0.0
1094,-1.834461727061095,-1.6253138897760144,0.015167360568494702,8,0.0017432367273519291
1094,-1.8106116711190734,1.5103451780345247,0.016141875328981748,11,0.015082130818645382
1094,-1.9682751514392827,1.5083009386859418,0.01650017562374764,10,0.013566054682676812
1095,-2.035362248759244,-1.6571026017127726,0.01597302452181355,11,0.003070543871814263
1095,-1.8061615578622825,1.5124278402433653,0.016436840883266735,10,0.01425133469637717
1095,-1.967180145977623,1.5076767940614753,0.016622182878462673,10,0.01411712897237195
1096,-2.0203492897138706,-1.664861950498406,0.015853832374086944,13,0.016932355092644267
1096,-1.8227532899712497,-1.6007931476203254,0.014893688244515667,7,0.0
1096,-1.8019486944128165,1.5120625629827218,0.01664502577000381,10,0.02025002305830997
1096,-1.9704230783279204,1.5089807145498138,0.015919707596088694,10,0.002382222409194115
1097,-1.812184200245216,1.509174534761816,0.016160380483373003,11,0.01645956077415007
1097,-1.9662552012863563,1.5091797047754083,0.015771139020840066,11,0.01841361297510431
1098,-2.0187083938395887,-1.6582668824435958,0.015668235844013605,13,0.014870950253176644
1098,-1.8196447254877515,-1.6043257522688024,0.01489397249176043,7,0.0
1098,-1.8123637201439082,1.511119727705839,0.01620927593689974,11,0.016661448747017304
1098,-1.9656255386972399,1.5103394720762888,0.01622880711181133,10,0.015203436672265121
1099,-1.8183929374646233,-1.6131071639794516,0.015852534605348082,6,0.01726055905365598
1099,-1.8050071895316744,1.511284855740297,0.016401772586425098,11,0.019321864172598638
1099,-1.955940496857383,1.5103567470952028,0.016114714287690495,10,0.018592628779382815
1100,-1.830159889563226,-1.6189456883854083,0.015957141883918766,7,0.016986819996704358
1100,-1.8113359003565468,1.5097356019042418,0.015487171929800946,11,0.015504032204264722
1100,-1.9745382720521998,1.5091157554263561,0.016377150529211612,11,0.002605140211852513
1101,-1.8287557447729579,-1.6297445616599733,0.015722819718759252,7,0.0021681892720870587
1101,-1.8132390505938747,1.510230222420397,0.01618040212127937,11,0.013112577698886808
1101,-1.967895335615391,1.5074930000050335,0.016011785220871242,10,0.0135203012994302
1102,-2.016664526729446,-1.6650055072965237,0.016140695732920814,13,0.015471072367432887
1102,-1.8183556800136929,-1.6031931475478358,0.015995433171077503,7,0.0
1102,-1.8097963244184558,1.511268007473894,0.01625500617878817,10,0.014346117532986983
1102,-1.9596903715044907,1.506546669210242,0.016228095767856963,10,0.024280164502804718
1103,-2.023238370117895,-1.6521316591654696,0.01527434331913379,10,0.0021032039793487285
1103,-1.8171286665152593,-1.6037191786913434,0.015541744804437829,7,0.0021333577618820355
1103,-1.8087560554292272,1.5112749669711751,0.016033551459592184,10,0.015585584866023655
1103,-1.9710660786809766,1.5118517505449298,0.016972190627080615,10,0.004469861548047457
1104,-2.031589348648606,-1.655671230773679,0.016136541360395457,11,0.003400916293959074
1104,-1.8051338550094145,1.5096042281416744,0.01584952080332614,11,0.01753840734015489
1104,-1.9604024248903862,1.5088931265022862,0.015878891669231916,10,0.016033279816259436
1105,-1.8305039281095872,-1.627599192380069,0.015700710965882617,9,0.0045408799968877055
1105,-1.805338736117328,1.510131918597999,0.01615681795928151,11,0.017345733200870878
1105,-1.9652997636980096,1.5070734111235489,0.01611871583258393,10,0.017380824197130933
1106,-2.0339100896202824,-1.6575615904410297,0.01614510569575521,11,0.0034052668253108562
1106,-1.8219389186291213,-1.6063503260012508,0.016042180102168912,6,0.00410178515221016
1106,-1.8122265735405028,1.507391099513427,0.016132117491700085,11,0.01407229157630199
1106,-1.9626881081878345,1.5076078928617247,0.015859294030733048,11,0.017732238986273807
1107,-2.00257595734147,-1.6648982448159255,0.01452603598380085,11,0.0
1107,-1.8156435186623816,-1.6024064299837746,0.01552370970952155,7,0.002125349457169132
1107,-1.8106767599697458,1.509444507208105,0.015989965628781536,11,0.015625594797576303
1107,-1.9624032400496634,1.5053762445307886,0.015624575128434301,10,0.021861442122392955
1108,-1.8274779000817634,-1.6221645499345627,0.01587575427477379,9,0.017059218367801575
1108,-1.8061571122806488,1.5095620302683868,0.01642862071049448,10,0.017629814727707485
1108,-1.9652971913579202,1.507116386171868,0.015909941386547458,10,0.0173773379818043
1109,-2.0134430947016724,-1.657243553664197,0.015893153475721726,13,0.016724391769075676
1109,-1.8102426143364636,1.5122380425670936,0.016575567251854863,12,0.014562934071346305
1109,-1.9661237179192774,1.5078933596329205,0.01619418487427404,10,0.0184662799733865
1110,-1.8118287643910382,1.5102148428215638,0.016916912822674053,10,0.01604413136986151
1110,-1.9670172302139248,1.5083317788114312,0.016252985632526733,10,0.014535738730771101
1111,-1.813035700692118,1.5119725581744738,0.01631051765892691,10,0.011113686438779977
1111,-1.9654106100432145,1.510102575270642,0.015691152611833504,10,0.014234454432399407
1112,-2.0228657692116565,-1.6518273825054148,0.015650944569162176,10,0.0018641573144920227
1112,-1.8093953925236603,1.5104867739132946,0.01637645529326481,10,0.014121925659235427
1112,-1.957622670407549,1.5087477016548856,0.016466119975415666,10,0.016275986608246563
1113,-2.014308067320254,-1.6595563133795481,0.01599680070406076,13,0.014328954139275313
1113,-1.8234986808040539,-1.6014490823930663,0.01490156605402194,7,0.0
1113,-1.8105676197861107,1.5088040678956378,0.015915136759319704,11,0.018381454888924325
1113,-1.9600576463839714,1.5076485576124172,0.0157832680808217,10,0.016712925043073493
1114,-1.8090221246400866,1.5102916677434206,0.0159587404973992,9,0.01496991708206166
1114,-1.9645019644618844,1.5095891251908802,0.01602369443103037,11,0.018583953265165352
1115,-1.8057816456704203,1.5079283718602274,0.015769395299555428,12,0.02334147797326004
1115,-1.9672912872857549,1.5095094077782962,0.015933403547581482,10,0.017460151848027204
1116,-2.0250060882510885,-1.6535756996820203,0.015853242656361805,10,0.001813460062606252
1116,-1.798175675420842,1.5056883279395268,0.016420371780403606,10,0.0182163764829753
1116,-1.965371377039973,1.5117227366153994,0.01631018052830639,11,0.017662095829081882
1117,-2.037962827411303,-1.6674526487490815,0.01700390112071051,12,0.0
1117,-1.842868236325331,-1.6184598016573577,0.016306660306815674,6,0.003089724001469148
1117,-1.8103527227229417,1.510006794627792,0.0165762992224202,11,0.015732470395737476
1117,-1.9658399882575093,1.5073385086690467,0.015120251214985845,10,0.013710802796321439
1118,-2.0339100896202824,-1.6575615904410297,0.01614510569575521,11,0.0034052668253108562
1118,-1.8269608431317423,-1.6229622569147848,0.016021951041193645,9,0.013992082813917301
1118,-1.8141489185297557,1.5094789488449545,0.015913809735579643,11,0.014838747461455035
1118,-1.9625442226889296,1.508773230717629,0.01585810668551441,11,0.01721644525391504
1119,-2.021365194521235,-1.6546893921197274,0.016110000025385506,13,0.005773885015682182
1119,-1.8040045641247962,1.5124149677352676,0.015779579227337366,10,0.015670237837966203
1119,-1.9558240262764894,1.5124586541292362,0.01615392247330758,11,0.020494992950749562
1120,-2.0064309638250855,-1.6392181722166563,0.0158103925525072,10,0.005304378902935128
1120,-1.8127445960944673,1.5115109365532937,0.016368318056438087,11,0.016962005027651966
1120,-1.966317815208139,1.5105337919738844,0.015806818099807517,10,0.014202032031335686
1121,-2.039977557619901,-1.6592155347808881,0.015738395535095127,9,0.0018826518030892565
1121,-1.8269623791095924,-1.6226750405956527,0.016567396894952634,9,0.016147178192347768
1121,-1.815091974637119,1.5090640158558997,0.016258679968724495,11,0.012742055201212382
1121,-1.9631431553849235,1.5115049030788925,0.016067553482040562,10,0.01549127170032645
1122,-2.015851489502641,-1.6646334754503826,0.016257460632738033,13,0.018348049633637946
1122,-1.8118186359362454,1.5084342003809945,0.016077349464664346,11,0.01621827147989197
1122,-1.9684241771676223,1.5093171249399813,0.016310379317192102,11,0.012416952355453582
1123,-2.0141048315113124,-1.6479317952785464,0.01594260786556817,10,0.005015101359691485
1123,-1.836032615705948,-1.6245740458875655,0.01653101959652582,9,0.019303605928778222
1123,-1.8050213510165272,1.5090069419227614,0.015761819423255084,12,0.01710680365383191
1123,-1.9689546599970096,1.5079171960578264,0.016381111758817308,10,0.013230527327932687
1124,-2.0334354244804116,-1.6571752225932137,0.01578053753511855,10,0.0034464181786114066
1124,-1.8100942672893021,1.508660852249658,0.016023521539139836,10,0.014705606305654111
1124,-1.9659867034678442,1.510924721276719,0.01632210111980159,10,0.015047234640272106
1125,-2.0342090013667935,-1.6578052317595802,0.015783395397664487,11,0.0034476849349491007
1125,-1.8181587898849838,-1.6030160256468453,0.014874290383550572,6,0.0
1125,-1.8119250041379082,1.5088065050952248,0.01611645259093324,11,0.013726075015312545
1125,-1.961811528729308,1.510920363792061,0.016175248091994443,10,0.01701173756036519
1126,-1.8186959515404066,-1.602221308560194,0.01631930952880187,7,0.0
1126,-1.8131575278393115,1.5108236829077604,0.016541294535901196,10,0.010609772410138142
1126,-1.9660423621306795,1.5080598648455048,0.01608941005736644,10,0.015926377980959146
1127,-2.014711501221254,-1.649080955160868,0.015913184588318956,10,0.005398742519944568
1127,-1.8400552174554916,-1.6159885737359523,0.015751298876773998,6,0.0037148868846380314
1127,-1.8135656005306713,1.5102925703618693,0.016939293846256056,10,0.013886979819732442
1127,-1.959900530653618,1.507447039776372,0.01617705640370981,11,0.018035644865798048
1128,-1.818610859560306,-1.6050251262038886,0.015566731574806349,7,0.0021300999277096
1128,-1.8107894319269398,1.510783281632412,0.01653095511768853,11,0.01705862756046737
1128,-1.9571171138180024,1.511324454068557,0.015832468164000954,11,0.020780702656614674
1129,-2.0251939444405855,-1.6553677061810304,0.015941249762530207,13,0.003056612943128888
1129,-1.805625608695084,1.5134047652976461,0.0165558904209917,11,0.021807827720528843
1129,-1.963548404343101,1.5075443197423386,0.01628052677062004,10,0.015875148474092195
1130,-2.0301754694598704,-1.6577967652230496,0.015326814533353005,10,0.0021137059934691867
1130,-1.8230853303199426,-1.6099949554446942,0.01652001436764591,7,0.014360284205333385
1130,-1.806730130423723,1.5080394045556813,0.016016685659286392,11,0.021416602267106552
1130,-1.9644199127598385,1.5094774025451705,0.015872336098474465,10,0.016375469224184317
1131,-1.8176078558552045,-1.6025293891070438,0.016103079122627897,8,0.003253767737013865
1131,-1.8015259853147636,1.511607230245436,0.016080809482141193,11,0.020944194143604253
1131,-1.9596757517091454,1.5094972121274917,0.01580660687835392,10,0.01647256009500166
1132,-2.037962827411303,-1.6674526487490815,0.01700390112071051,7,0.0
1132,-1.8223088292947718,-1.6296583322155314,0.01472180674048946,7,0.0
1132,-1.8130020570326977,1.5077250256169341,0.01580108320526981,12,0.01608429355539866
1132,-1.9668874782326573,1.508276678371699,0.016000754012055987,10,0.015336271978865066
1133,-1.8225877201423675,-1.6184384061803818,0.01539263082257695,7,0.018695354308509923
1133,-1.8108241135232686,1.5078868064062576,0.01566656153915804,11,0.016773151619856066
1133,-1.9656036054663493,1.5106658341513814,0.016157600626357512,10,0.01493726697451649
1134,-2.010445004984664,-1.6637160153236528,0.015066062145792768,11,0.014526892424801225
1134,-1.8183556800136929,-1.6031931475478358,0.015995433171077503,7,0.0
1134,-1.807485191662494,1.511169689502853,0.01624366127334864,10,0.015399581880739737
1134,-1.9629715795938045,1.5055763930187163,0.015643158220238165,10,0.022337411211445387
1135,-1.844495381180236,-1.6238717918957917,0.016080502703710222,6,0.0021539698890186056
1135,-1.8098742257600322,1.510121705605339,0.015849658495995535,10,0.01632126209458652
1135,-1.962311853906489,1.507423209919767,0.01602049435388235,10,0.019544446041601816
1136,-2.0162686004904726,-1.646440335268636,0.015247386116000686,10,0.0020302580249910345
1136,-1.8100246310656547,1.509874627292262,0.01601244196371189,10,0.01397969872241938
1136,-1.9585584494813222,1.5097156152801308,0.015971402152297802,11,0.01895129472420192
1137,-1.831044080801692,-1.627877459823423,0.016066858759664824,9,0.004277015728329644
1137,-1.8081020961853769,1.5085628648594518,0.015948953785981542,12,0.020575097530813033
1137,-1.962964363012035,1.507792077624511,0.016230956113704575,10,0.019380913850700527
1138,-2.0357419914899,-1.6601498194324413,0.016124324590339426,10,0.00236050781887565
1138,-1.8285035721118692,-1.623331307192469,0.015496036399232235,9,0.013775108457917037
1138,-1.8098324463895568,1.5066163434156299,0.016689225931369255,11,0.01750880698570328
1138,-1.9604174509303822,1.510341588553086,0.016204500437145834,10,0.017037785527804328
1139,-2.0269872246312906,-1.6551941593943273,0.015399012072635925,10,0.0019840707707483958
1139,-1.8347898069057484,-1.626429650010956,0.015679136276221556,7,0.0020930287303326553
1139,-1.8127713834443642,1.5087280762960515,0.015782958850428012,11,0.014489539699478197
1139,-1.9602504584724176,1.5095110622857424,0.016234394010169424,10,0.01940943051035699
1140,-2.0199740416361025,-1.6625880078484065,0.01562915902578267,13,0.015002056446729296
1140,-1.8174137414846805,-1.604715460175376,0.014522658135214816,6,0.0
1140,-1.8063323106266156,1.5113671062489547,0.016135854830728876,10,0.014158682855505225
1140,-1.963733252135371,1.5093859900139908,0.015850765236651174,10,0.017984317812218813
1141,-2.0048919263089613,-1.6668098732851966,0.014527857287101759,11,0.0
1141,-1.8114945066259915,1.510588443229807,0.01584357394436046,11,0.015563549742351157
1141,-1.9531790790425987,1.5128861896439119,0.015914453094847167,10,0.01994538255855911
1142,-1.9957724182224534,-1.6405227839643133,0.015067613328262569,11,0.0
1142,-1.841227205087219,-1.6159637713206,0.01660838051869984,6,0.002350525627558067
1142,-1.8099065082213657,1.5101801363558742,0.016161457367331544,11,0.0178941519697266
1142,-1.9698980516481328,1.5087780987714614,0.015773835657095725,10,0.011151709676606007
1143,-1.8345638966877793,-1.6251455217294362,0.016361855355914043,7,0.0032808756261824127
1143,-1.8021356562303594,1.511793210119945,0.01613610097657835,10,0.01783096503841751
1143,-1.9647973956293927,1.509520633291841,0.016115994756353298,11,0.018595460764366474
1144,-2.0129077929948904,-1.6476045061898492,0.01621091561330284,8,0.00536635332220281
1144,-1.806290690403738,1.5089202414046952,0.01589321884823032,11,0.016482929390112155
1144,-1.9667101473414677,1.509719542729444,0.016193361522434183,10,0.01619949461160456
1145,-2.036655444881064,-1.6647363094305208,0.01702289722989807,12,0.00225628264939497
1145,-1.843306756023309,-1.6204293708311361,0.015760959918364986,6,0.002204229416686539
1145,-1.8036060299354266,1.5117017618254496,0.016267963411595684,10,0.016938377732812468
1145,-1.959071114660209,1.5106116650782333,0.01614446601384814,11,0.01883073854940543
1146,-2.0131680467136364,-1.6478175594186104,0.01590610844129931,10,0.005396342251063639
1146,-1.843944924799453,-1.622489927484473,0.016496444580276125,6,0.0016199123312685207
1146,-1.8041161531567917,1.5120288959666863,0.016025452415281315,10,0.016129448089334825
1146,-1.9514119970787314,1.5112501522750343,0.016247312743494984,10,0.0156772813046562
1147,-2.020451448175335,-1.6603428405954515,0.015782695275634428,13,0.015307185026935895
1147,-1.8202067112169253,-1.603708897461604,0.01616275012399188,7,0.0
1147,-1.8057196713353945,1.5118311805891558,0.01631110390428617,11,0.017707975236579583
1147,-1.9573215803036803,1.5106961718889789,0.015733013154749304,10,0.018331443841423413
1148,-2.0310996772343346,-1.6601948778797646,0.016285198105319323,11,0.003018979598938768
1148,-1.8372700065415692,-1.6265071549878232,0.016347575919427763,7,0.0036020133780188352
1148,-1.8040325654563312,1.5125934252099908,0.016358885785174374,10,0.016883574624971028
1148,-1.9681449296841698,1.506857037445488,0.015602576742030957,11,0.014642079813335186
1149,-1.8313494059407551,-1.6273264117211228,0.01612608597101694,9,0.004166188847973326
1149,-1.8080870671446676,1.510591121326221,0.016331621171813995,11,0.017321825126569834
1149,-1.9653981616546332,1.5103132311293181,0.015768721882015557,10,0.016549833001681464
1150,-2.0315165513987443,-1.6588985849717452,0.015390271262368086,11,0.009175607938953858
1150,-1.8420589099083704,-1.6230303596049664,0.016889628519918553,6,0.0020196433798630037
1150,-1.8140178791883728,1.5108040523216124,0.016127915443184364,11,0.015457690676967078
1150,-1.9570098742412703,1.5114763877900812,0.015578489145413378,10,0.01775105864412979
1151,-2.010828459720978,-1.6517607142222583,0.015182596639556173,13,0.016137177218224923
1151,-1.8176107440173,-1.602532620465149,0.01599092402365443,6,0.0
1151,-1.8099206103611516,1.5118503200311817,0.016341839368916772,11,0.018494985592599298
1151,-1.9692579372847892,1.5107364365804636,0.01624024240832551,10,0.012629213345534468
1152,-1.839904633184161,-1.6215726743549956,0.016522634029560803,7,0.003071406435087217
1152,-1.8067665865224833,1.5111516110883483,0.01616538883119382,10,0.01560227691953224
1152,-1.9653519058496702,1.509421732306397,0.01600200245283104,10,0.015624557932774178
1153,-1.820021197922451,-1.610324042472945,0.015532000325374995,7,0.01678124581452055
1153,-1.8105185901122325,1.5103626506994055,0.01609595301164097,11,0.016529853142849178
1153,-1.9639798611589825,1.5111376297010573,0.016188740721612072,11,0.017157974301861077
1154,-1.8140074872694802,1.5095621427293693,0.01597637840917021,11,0.012558386370426153
1154,-1.9575565365269756,1.5115078064034608,0.01567102239324056,10,0.01759587495581015
1155,-2.0358632996578168,-1.6575102836468498,0.016292503483782222,11,0.0030207492420669226
1155,-1.8452956110847243,-1.6195343943668057,0.017007171225501383,6,0.0020309890432208175
1155,-1.810131453861058,1.5111198183526178,0.01631690841201198,10,0.015133156278651496
1155,-1.963163988829974,1.5136792918964996,0.01610924093651319,10,0.018697539250026728
1156,-2.0350896343596534,-1.6568806385939756,0.016289081979584927,11,0.0030195706052906033
1156,-1.841963443172988,-1.6240040510491804,0.01595244170360924,7,0.0039053679572489887
1156,-1.8065846227859037,1.5106514991709834,0.01642893974440859,10,0.017198481092709134
1156,-1.9668367945232639,1.5105148548016676,0.01608994539205751,11,0.016201785408398714
1157,-1.8029818049246926,1.5127486124943341,0.01662566238818885,11,0.018566684080186732
1157,-1.9560200241439325,1.513837221907124,0.01581282311941608,11,0.019015736604458232
1158,-2.0223137782560174,-1.6554671246694035,0.01587520518727535,11,0.00556807346462946
1158,-1.8344523466341949,-1.6248818858008556,0.01622983992397853,7,0.002637820324127573
1158,-1.8107994240638905,1.511236595911196,0.016217455442852125,11,0.01718585826407006
1158,-1.9629719660618588,1.5071610906581578,0.01571575585674473,10,0.017980278629068067
1159,-2.0295547656390998,-1.6589318556790307,0.01627864941777854,11,0.003015392966135801
1159,-1.8137615947923866,-1.60540732921512,0.01597255612097102,6,0.0
1159,-1.810529029878931,1.5120202105474507,0.016370508103818567,10,0.014404255659936648
1159,-1.9604127220528853,1.508965177780801,0.015965886075741984,11,0.019094461267897465
1160,-2.036945309192843,-1.662501605003075,0.01647973472424715,10,0.003859087789853604
1160,-1.8278765232566028,-1.623922180826363,0.015920116482964503,9,0.013464134412926163
1160,-1.8006620781000562,1.5121490810951224,0.015866616662913478,10,0.015376312508621941
1160,-1.9671395623234122,1.5059513527165103,0.015611534623926514,10,0.014999301655324718
1161,-2.02012790768191,-1.6495925658943156,0.015292702524656216,9,0.00234702253636498
1161,-1.8392114462343114,-1.6214152735719878,0.016124559492966803,7,0.003930043229032867
1161,-1.8082210863902708,1.5113350994392138,0.015487362733155955,11,0.020548742854555102
1161,-1.9592068863122303,1.5087189392360973,0.015743940002804,10,0.020974905156268032
1162,-2.0181905763463006,-1.6623852648011812,0.015871547816482996,13,0.01712874553986319
1162,-1.8253666146674783,-1.6203234514119302,0.015219434166220755,7,0.016534272358642046
1162,-1.812878930414178,1.5113158255923729,0.016498068808606423,10,0.015815099132773222
1162,-1.9622546172887307,1.5071357882621985,0.01609713652174161,11,0.019750629928408526
1163,-2.0316003344492475,-1.6606020854807566,0.01656409796632513,11,0.0022625148424189664
1163,-1.8327743773769491,-1.621119860663678,0.015830195650699132,8,0.015579999151214148
1163,-1.8130020570326977,1.5077250256169341,0.01580108320526981,12,0.01608429355539866
1163,-1.9683408039815926,1.5081498446864263,0.015953626402776765,10,0.01347384225285318
1164,-2.023758586633482,-1.6566504605219374,0.015989686996674916,11,0.005546744716347066
1164,-1.824212897980952,-1.6036433125525953,0.015382801879517379,7,0.002207253893091317
1164,-1.8111648518722068,1.5091537535698856,0.015974695370042525,11,0.01580167581506587
1164,-1.9649925401619603,1.509777456760123,0.016193844688667882,10,0.013775462553256056
1165,-2.0331474414021136,-1.661868115725708,0.01656565065539732,12,0.0022643115586110096
1165,-1.8140627811347332,1.5076723951927,0.015964501201031947,11,0.012000381445243473
1165,-1.9615945011130718,1.5091556145971612,0.016071424168299712,10,0.01500575421206942
1166,-2.0269872246312906,-1.6551941593943273,0.015399012072635925,9,0.0019840707707483958
1166,-1.8233311038859719,-1.6190934075474344,0.015396314541900137,7,0.018711081082045902
1166,-1.8033095232337664,1.5098645915339814,0.016253962512804702,10,0.01726802845455404
1166,-1.9678760828212514,1.5131427497244847,0.016634461767237065,10,0.004324262689091329
1167,-2.0238756730394183,-1.6526524325226792,0.015452695780809626,10,0.002703442313237497
1167,-1.8122959937862622,1.5097862058399212,0.016117190576852646,10,0.011147807630711378
1167,-1.963624242174132,1.5095954420688573,0.0162234940645667,11,0.018075578233213162
1168,-2.0176524790433303,-1.6661041396769514,0.015865092714788774,13,0.018520251132877304
1168,-1.8208272757470656,-1.600664891406959,0.015867268328720083,7,0.0030278505217549937
1168,-1.807513969881471,1.508736138788482,0.01586607415622386,10,0.017926383644888414
1168,-1.9410470117081982,1.514122031553847,0.016422281038539797,10,0.0
1169,-2.024400015116012,-1.6571749963899651,0.016156366571859745,11,0.005559930343020624
1169,-1.8178670383182105,-1.6043676477085906,0.015559031051975824,7,0.0021273151336163795
1169,-1.8051184358406522,1.5102585992905075,0.016241800524675186,11,0.01897025614564686
1169,-1.9675498572730836,1.5084029965509766,0.015827726392894353,10,0.016108687050527846
1170,-2.029632843608931,-1.6590006960895185,0.015933603747284898,12,0.01214487388286755
1170,-1.8193355311783737,-1.6056237477323538,0.015925487778996314,6,0.0017223469097409957
1170,-1.8051820563371872,1.5100171727112557,0.016336297716089326,11,0.01674245357122016
1170,-1.9601048177487732,1.511295823249232,0.01575166600992889,11,0.018636031974611868
1171,-2.0046697119153922,-1.6467151170678056,0.016538458590869422,12,0.0
1171,-1.8196455445702666,-1.6011930525174318,0.01684893330740123,7,0.0
1171,-1.8126252603443171,1.5105730192381068,0.01653770830380244,11,0.01414320750296004
1171,-1.9640955660638009,1.510378300679382,0.01581538115971015,11,0.014108860696621824
1172,-2.023758586633482,-1.6566504605219374,0.015989686996674916,11,0.005546744716347066
1172,-1.8189031964965539,-1.6036729706594277,0.014882151056976056,6,0.0
1172,-1.8139089668478647,1.5103719444543793,0.01636280788711407,10,0.011920424360090554
1172,-1.9633798368858146,1.5082495428350577,0.01590748158376787,10,0.01583855941220299
1173,-2.0364164314901965,-1.6661859732422442,0.017002512744168637,8,0.0
1173,-1.8331538358594337,-1.6152723061181689,0.01589050666361932,7,0.01854088416405356
1173,-1.8103590065724622,1.5061415104708025,0.016517355609104965,11,0.016407680598363738
1173,-1.964322595904049,1.5081026386837548,0.01585860978355969,10,0.01574033019126124
1174,-2.017026238908297,-1.6655877302883069,0.016105112067589255,13,0.01825527461206584
1174,-1.8392693395774338,-1.6209940218473942,0.015963983201021947,7,0.004681518279899301
1174,-1.8131710195503141,1.5074656586380257,0.0158587531134191,11,0.015065833912869142
1174,-1.9674973061339311,1.5101004157313553,0.015985419449121224,10,0.013766292443257467
1175,-1.8118405717292292,1.510616425694414,0.016634738945826937,10,0.015616656742701882
1176,-2.0348700357737153,-1.6649192960222756,0.017001125514643948,10,0.0
1176,-1.828324893141314,-1.6222910774677224,0.015295968604833024,9,0.0125381436329189
1176,-1.8162109309353536,1.507137881930935,0.01613158686482897,11,0.012039175730109077
1176,-1.9597843967492783,1.5105756353930873,0.015784754471581258,10,0.018204420301978597
1177,-2.022028450525212,-1.663297672718607,0.016340194293005834,11,0.017984868936689755
1177,-1.8195203302861902,-1.6152122650665293,0.015540053339942822,8,0.015712793244777166
1177,-1.7876431785707327,1.5125294810397847,0.015993861251877697,9,0.0
1177,-1.9670940034722955,1.5101243547877037,0.015897719677101442,10,0.01325409869449732
1178,-2.0196589815839774,-1.6623268822215793,0.01589841551234272,13,0.014992671201670917
1178,-1.8392022532659,-1.6197954054929524,0.01630061765524442,9,0.002876502739428585
1178,-1.8141150286842656,1.5107150118633115,0.0161273580196667,12,0.015075933450725184
1178,-1.9685853834598876,1.510035237772452,0.015593042582802757,10,0.01414372450945214
1179,-2.0217324553007368,-1.662611889462148,0.016176823871011693,13,0.016233017664955524
1179,-1.8173418515468627,-1.6038504440742876,0.016468179625549462,7,0.004724323317721723
1179,-1.8082790152226427,1.510499502420339,0.01595531069243767,10,0.0141402610384786
1179,-1.969142031847043,1.5087628736567116,0.01596543784956624,11,0.013482300561782144
1180,-1.9970441511931611,-1.6404516309210253,0.01465906391552055,10,0.0
1180,-1.8415049735300826,-1.616207200043261,0.016962276382680778,6,0.002023615913405354
1180,-1.806701425921618,1.5102531060025723,0.016055928356031774,10,0.015872043676223514
1180,-1.9665701298362182,1.5098966222113295,0.016021191889033393,10,0.015867520461482675
1181,-2.030040087276355,-1.6576865788099202,0.016523484298385637,11,0.0035561626108210607
1181,-1.8376143082411447,-1.6217536218117983,0.015169954303494871,7,0.0017402933445926898
1181,-1.8069870092175575,1.5085658659043566,0.016205832363065942,11,0.016657560992637436
1181,-1.9639873590015877,1.509335628779803,0.016209906261467795,10,0.017423929953885586
1182,-2.031500046514167,-1.6588790862957168,0.01554903176301701,10,0.001932448094543895
1182,-1.8206494516620477,-1.6345424455133366,0.014745331117352874,7,0.0
1182,-1.8111174518599473,1.509832801890185,0.016060343167577172,11,0.017246046481765562
1182,-1.9619817252242164,1.5087058887004579,0.01598436676889343,10,0.017380240597367116
1183,-2.0288609212994815,-1.660005494656449,0.015917162490640506,11,0.005342194655493013
1183,-1.8116927204162836,1.5101228037230687,0.01631791168900527,11,0.01691140763051946
1183,-1.9624047981900574,1.509388130309514,0.015092315907381193,10,0.01695530497551037
1184,-2.0198454237089165,-1.6668829187056642,0.015689668030402646,13,0.015261181987944631
1184,-1.8244333462646478,-1.6082941326501425,0.015655090031457364,7,0.01703685657848849
1184,-1.8042672475981163,1.5132614132423774,0.01653132669342909,10,0.01567729615533633
1184,-1.9626788350576383,1.5092084337688272,0.015992700612514437,10,0.017914061506659473
1185,-2.0247515575996915,-1.6574630707909968,0.015731421582706993,11,0.0055813249208358385
1185,-1.8408589244136133,-1.6166947588706497,0.01616671700323095,6,0.0
1185,-1.8041309330772475,1.5078588049267576,0.01672883124592782,10,0.023105532823357325
1185,-1.9617586359387709,1.5109576964336204,0.016189747704558343,10,0.017853857520677422
1186,-2.010883013735189,-1.6501871141711038,0.0164730920197424,10,0.002430741661890265
1186,-1.815239918845155,-1.6067122482834604,0.016000833177238084,6,0.0
1186,-1.8077239130674667,1.510311842403637,0.016171511119259567,11,0.01820447071821704
1186,-1.9634521290165676,1.510774293146843,0.016290255044265668,10,0.015968420761756343
1187,-2.0199794104776476,-1.666686318352518,0.015766892900303135,13,0.01509668636821965
1187,-1.8215721126871602,-1.601321067455249,0.015875249680711585,7,0.0030282666814004907
1187,-1.803901474138118,1.510886374199527,0.016240112479470114,10,0.01915355242964011
1187,-1.9574514453143739,1.5103436755434807,0.016033735647652765,11,0.019063237665747412
1188,-2.0065509992584465,-1.6526490930692297,0.01527005820257075,12,0.016276208224505186
1188,-1.8163323956444701,-1.6045401499372738,0.015427353588973538,6,0.003983182661927279
1188,-1.8098803441418216,1.5098381428855634,0.016402610387065062,12,0.017762305830555245
1188,-1.9659999970142341,1.5099711373996372,0.015699535090070833,10,0.01691117656549002
1189,-2.0274618516672573,-1.651455836359919,0.016296967620950537,8,0.01607037231102172
1189,-1.8437903869158945,-1.6256134667157272,0.016259677402069884,6,0.0
1189,-1.8078292358549701,1.5103125560707522,0.016472816977826366,10,0.01634208119109408
1189,-1.9623916912375474,1.508690740479823,0.015694524626506584,10,0.01670086432073227
1190,-2.0158854939116955,-1.6609318821627137,0.01583796547178931,13,0.01334728337220095
1190,-1.8231543907796697,-1.6119537563733337,0.015537219135686437,7,0.015619157817316452
1190,-1.8109040394717446,1.5080039757408459,0.016550692007881635,11,0.021360183239615152
1190,-1.9683408039815926,1.5081498446864263,0.015953626402776765,10,0.01347384225285318
1191,-2.0224681350432467,-1.6515041138355364,0.01526739283911009,10,0.002101522745336405
1191,-1.8235848445907994,-1.6134999006664075,0.014930018784886293,7,0.015402209886837704
1191,-1.8142939606192445,1.5087697835617988,0.015636675563963767,11,0.015704321714382
1191,-1.9695445231197979,1.508476446024737,0.01613099762446184,10,0.013577512821500956
1192,-2.0178436038143985,-1.6477279713898256,0.015231964613384961,10,0.0020947474139378433
1192,-1.8359317847027803,-1.6250132587532775,0.016004457216326786,9,0.019109804509664027
1192,-1.8133578301876199,1.5095847231481754,0.015943320394061974,11,0.015586074136420745
1192,-1.9694300873067547,1.5095724554890981,0.016089333301916343,10,0.012323265706427743
1193,-2.01188212861929,-1.6582128767189412,0.016127446114126306,13,0.009265910169698128
1193,-1.8121304919262167,1.509938134099314,0.016359081044173263,10,0.01670597647948685
1193,-1.957329422902571,1.5128110678166133,0.015331035083565953,10,0.017029470508386834
1194,-2.038203074047141,-1.665999788170856,0.017025537579583874,11,0.002258595735177017
1194,-1.8072488993184896,1.5138859352494303,0.01669420677175748,11,0.018170951585946064
1194,-1.967942277042533,1.5078752479656228,0.015929398843364775,10,0.014500843654560086
1195,-2.015648691065633,-1.6491951671526628,0.015948662719723034,10,0.0050207939208722005
1195,-1.8448271910206795,-1.621765786696654,0.015574195474003693,6,0.002066495757635434
1195,-1.8125707717702781,1.510008080608294,0.015677314512308256,11,0.014139909160641933
1195,-1.9617683943284132,1.5099128042284824,0.015930295840812268,11,0.01770929057866953
1196,-2.0185473285203286,-1.662666369507889,0.015665159043118847,13,0.01701037089023023
1196,-1.8141859538612266,-1.6071473579629887,0.014516461450346393,7,0.0028002023538439324
1196,-1.8088713892915418,1.5109693728410085,0.016096580704820604,10,0.016650310203689976
1196,-1.9614341426311115,1.5089990747407636,0.015821888398046643,10,0.018355666284195632
1197,-2.0239805047945008,-1.6568321761345284,0.015727513152212214,11,0.005577522268113553
1197,-1.8187372101224326,-1.6112995722942913,0.01634174550155491,7,0.02347393199261006
1197,-1.808956236504861,1.5114075907565836,0.016220801116736353,10,0.014797859573558388
1197,-1.9665001038221916,1.5059510749094729,0.01584826674202432,11,0.016392344939356252
1198,-2.0046697119153922,-1.6467151170678056,0.016538458590869422,12,0.0
1198,-1.8220709843002716,-1.6032417895031241,0.015426489228713572,7,0.0015783158162974878
1198,-1.8079164846069329,1.5120958302287122,0.016340050737350235,10,0.016715311834815418
1198,-1.9690198556974183,1.5070066419562325,0.01617491916318783,10,0.015316514728730255
1199,-2.0371888542476486,-1.6668201743077609,0.01700274974689707,12,0.0
1199,-1.8112095958336594,1.5114901968134322,0.016368563464037037,10,0.01433185979185707
1199,-1.9725611840696051,1.516478241069446,0.01512592534810585,10,0.0
1200,-1.8200785261456671,-1.608371900474048,0.016659397246193332,7,0.019170632436085123
1200,-1.809436317649609,1.5106851682607476,0.016678789933590732,11,0.02103410621137895
1200,-1.9725611840696051,1.516478241069446,0.01512592534810585,10,0.0
