frame,center_x,center_y,radius,num_points,fitting_error
0,-2.4243881696253697,-1.6382497051850002,0.017254659829922706,9,0.020170191582274236
0,-2.439169142929872,1.482304335476178,0.01648780185668982,9,0.0
0,-2.5797684423413734,1.487070056871479,0.016110472797945707,10,0.023402928414251453
1,-2.5778541800653105,-1.6423539403567184,0.015891567785901128,9,0.01909284014142823
1,-2.4248166198340497,-1.6406769606637162,0.015106787680050762,9,0.01751855632904128
1,-2.4277861513649426,1.4835072914521772,0.016317241076488808,10,0.019659466013664573
2,-2.425095949517905,-1.6404875562455927,0.016314136806404093,10,0.017769562401478915
2,-2.4212822634417632,1.4832043450976933,0.015875694917271605,10,0.01999405192497729
2,-2.5759195477788963,1.4856518293755696,0.015581457622946467,9,0.019007222241338013
3,-2.4268542048237953,-1.6586758406107744,0.014533209360676673,9,0.0
3,-2.4250084643985965,1.481675200467285,0.015648233255207658,9,0.02004399804623264
4,-2.425273697276215,-1.6462227384969368,0.016350331653548992,9,0.020145356266324157
4,-2.421435638967983,1.4818767791500946,0.016257459366311094,10,0.01964162266562148
5,-2.426004866011725,-1.6629721168714748,0.01587444340255724,9,0.0
5,-2.426907443959457,1.4797830244155075,0.01570970319955999,9,0.016777982706808626
6,-2.4317478422123977,-1.6557831932834537,0.016635599278346395,9,0.0016248380569126326
6,-2.4312447934336405,1.484110175604916,0.01633682387420008,10,0.017344107804213315
7,-2.424444451378387,-1.645660535157466,0.016337607912027194,9,0.020128165312139817
7,-2.4249900409266827,1.4833174044374657,0.015089282748249088,9,0.01947274996566268
8,-2.5834347154301884,-1.650943219771885,0.016765350854754134,10,0.001647027653281348
8,-2.4223659996868854,-1.6508806786880903,0.015965176675583562,10,0.018960483803513877
8,-2.4306295543989385,1.4815387138958485,0.015486669408002753,9,0.0182307507258914
9,-2.575980768536207,-1.6504914184131394,0.015702475349911805,9,0.01376142958009304
9,-2.4219523016662245,-1.6274452910156907,0.015152646154180925,9,0.0
9,-2.4347790621754775,1.4820617376396572,0.016093395803165666,11,0.016966735586584653
9,-2.5958811156224244,1.4767448432358883,0.01567904984710517,9,0.0
10,-2.5767981088680654,-1.6350103489063628,0.015895351165998266,10,0.02068700696076338
10,-2.4251693608819256,-1.6624002920763488,0.015862358137181242,9,0.0
10,-2.422107560027288,1.4847896951081305,0.01604520896601072,9,0.02044322055618405
10,-2.5966285659673907,1.475438059556373,0.015682418454612886,9,0.0
11,-2.421109485536106,-1.6449768515052101,0.0165770668170801,9,0.022198024596857147
11,-2.41758678131265,1.4884316303222522,0.015385893191060119,11,0.01808693833712381
11,-2.5973725646177885,1.4733949746912582,0.017174660401418677,10,0.0
12,-2.4229655816056184,-1.6626924185030885,0.015592245292147183,9,0.002529510668267989
12,-2.427962656641927,1.4828470714116702,0.016491270716938074,9,0.0185450593997895
12,-2.593239979577911,1.4760938883339367,0.015991662012455162,9,0.0027854009197284483
13,-2.4243377775418242,-1.661829330719602,0.015853435209016664,9,0.0
13,-2.4105734377372423,1.4842034493272656,0.016380574914732368,10,0.0
14,-2.5744651437622768,-1.6405430965210814,0.015899108022891364,9,0.020676353055617262
14,-2.4222824698456784,-1.6481540065563518,0.015966884324749908,9,0.018630711159858676
14,-2.4088924995556997,1.4831676816799533,0.016355360524483203,9,0.0
14,-2.59566885460931,1.4756092417089628,0.017030003166506925,9,0.0004312914911680731
15,-2.582731341349429,-1.644219062635958,0.0163110002704878,10,0.01866906044278935
15,-2.4265362698140445,-1.6490737622319926,0.01729767773583491,9,0.018599782223475796
15,-2.4070310615859545,1.4852452278771653,0.017504400032663806,9,0.0
15,-2.597163131025979,1.4747898484650974,0.016304527129982538,9,0.0
16,-2.573858680949381,-1.6435461903254083,0.016258288759884203,9,0.02140758960144684
16,-2.4256308550174284,-1.6642915137033725,0.016692023724132546,9,0.0
16,-2.410905044747653,1.4860218788603536,0.015571193914431715,9,0.0036990915368246514
16,-2.595352941417827,1.4784551559613408,0.014924801500260688,9,0.0
17,-2.42954081186514,-1.6593797478964722,0.016265703581574746,10,0.0034572881679424687
17,-2.424071645897137,1.4831296750409897,0.015744361318338434,9,0.018366581945279115
17,-2.597153006370109,1.4799368827337454,0.017217097561371193,9,0.0
18,-2.42688787416721,-1.6520318602418893,0.01668606327796376,9,0.01756860303941827
18,-2.4052631925809176,1.4938358418459072,0.01677280398482721,11,0.0
19,-2.4242462881871325,-1.6498841895273753,0.01612938201676398,9,0.018918649729471014
19,-2.4230011428521636,1.485327765440479,0.01643651068641081,10,0.0192423647038066
20,-2.4276695540898774,-1.6622301461797864,0.017441811774922048,9,0.0
20,-2.4255736401559798,1.4823180222717618,0.015964010920005003,10,0.01919952741409856
20,-2.5648506456164255,1.4846893250462292,0.01667867676490034,10,0.0
21,-2.566134973494947,-1.6307684422428173,0.014800477110217944,9,0.003770116078510126
21,-2.428856572495762,-1.6595844812485503,0.016694150465802526,9,0.0
21,-2.4319464423294037,1.48045616792044,0.015262192196001978,9,0.01766829843269705
21,-2.5681556525495153,1.4794320407962518,0.015509303166238877,11,0.003596180423487366
22,-2.425174242741874,-1.6550362650076675,0.017439880381878135,9,0.016582658264901396
22,-2.425493681183254,1.4795123739764628,0.015706008519141355,9,0.02059597578810205
22,-2.5875291815409827,1.476526835628669,0.015884582504787005,10,0.0171304139129213
23,-2.423400508098293,-1.6473154725529287,0.017015772678480923,9,0.02092418746075659
23,-2.4222878002822528,1.4823985389654706,0.01626854786350927,9,0.01965157244283423
23,-2.594782777757546,1.4798079833103364,0.01720141765177436,9,0.002263751254010203
24,-2.427209964289376,-1.6564289284922755,0.017433943196253167,9,0.01820508697097551
24,-2.431130758164666,1.4823339906533837,0.01633179160152371,10,0.01414962280458525
24,-2.594528014143261,1.480278497308281,0.016291353904186092,10,0.0034638139467950847
25,-2.4263750149079586,-1.6558611209051797,0.017417861766728732,9,0.018186040297494554
25,-2.433709430739417,1.4769776992595354,0.01594261878190686,11,0.01864385720278891
25,-2.5860961616723954,1.4805688688976464,0.01635399622399099,9,0.01853307358498437
26,-2.424208471969108,-1.6503370354665226,0.01690842023471376,9,0.019954057572192076
26,-2.4322699968899713,1.4823276649150883,0.016430575595934537,11,0.02307003537441796
26,-2.5805614571812168,1.482062215486168,0.016941110530097427,9,0.01860035489004986
27,-2.4236806444918275,-1.650659194727445,0.016655204313071215,9,0.021147717484470276
27,-2.4109757659369344,1.4876790035800986,0.016190847659199797,9,0.004261024506436999
28,-2.4274204975922666,-1.6625068687581708,0.016349130247254727,9,0.0024660092670935573
28,-2.428420244973761,1.4877885758184342,0.01650845217651088,10,0.019577677543993127
28,-2.596760240788519,1.477244408817501,0.015690146573787755,10,0.0
29,-2.4268308200662996,-1.6616554070489733,0.017425187199828093,9,0.0
29,-2.4195503156739684,1.4880245351885069,0.01541269351712538,10,0.02038558329727268
30,-2.5815124203921407,-1.656036758612968,0.017029940388290192,9,0.0
30,-2.423562156753128,-1.6377475271058908,0.016956378133942216,9,0.01889168681474138
30,-2.4221779010390545,1.4848303010971116,0.016297699118697065,9,0.020380492305446373
31,-2.4232365071414215,-1.6550232925260528,0.015805318156719757,10,0.01573352198031357
31,-2.4253068579453627,1.4827580006309342,0.015906315620368185,9,0.019277816203319652
31,-2.597153006370109,1.4799368827337454,0.017217097561371193,10,0.0
32,-2.573124566436454,-1.6224023442350874,0.016216525969239174,9,0.0
32,-2.4251926140531697,-1.6506209657254054,0.016079757155637777,11,0.01895883325478701
32,-2.4258592227486826,1.482237993565243,0.015476673534136594,10,0.019584030284757605
32,-2.5971865081066636,1.4778212687820296,0.016164970464575015,10,0.001374928782391359
33,-2.424600743105142,-1.6395389122055413,0.01710292872511933,9,0.01936122154523061
33,-2.4238140873456153,1.4835692241201022,0.015569115088452037,10,0.021379068472384907
33,-2.5964094004944736,1.4793247821910631,0.01626880169705576,11,0.0
34,-2.4285000252949724,-1.6627987347546154,0.017448251184520223,9,3.4137679371587055e-06
34,-2.4233344432312114,1.4790664266901241,0.016396928057419668,9,0.019585927156876612
34,-2.593232689761063,1.4765155179825638,0.01615922230921396,9,0.002701322947981093
35,-2.5682997168735313,-1.6263305301771567,0.01619746784583876,8,0.0
35,-2.4226640886464073,-1.6495819039551867,0.016167446487833095,9,0.01944882317332348
35,-2.4400344961088383,1.482829343397283,0.01650021588843399,11,0.0
35,-2.595009443372648,1.476249127724646,0.015675374712485732,9,0.0
36,-2.577843584300954,-1.6481431540186167,0.01629155061924578,8,0.01862924056162053
36,-2.4242815158812907,-1.6508518804081846,0.016786461509353902,9,0.01908289451280171
36,-2.4267161496817855,1.4823260617043217,0.01692542293051262,9,0.02026702333390775
36,-2.583202292294616,1.4768812656342385,0.015623864692378756,10,0.017455521540855688
37,-2.578935709736725,-1.6558606295932405,0.01649342012524418,8,0.0
37,-2.4263448531780694,-1.6604269467901753,0.015242759038254181,9,0.0
37,-2.428162960618253,1.4857813081443345,0.015989804448042103,10,0.021535222104762212
38,-2.581257096416048,-1.6503304635298346,0.01569384973857063,9,0.001866096839868275
38,-2.427098129995215,-1.6355211144337332,0.016854268561396,10,0.019599561883055863
38,-2.4398163825737353,1.4825627972223547,0.016162792284217745,10,0.0031517397857504623
38,-2.599148656591566,1.4744025563216079,0.017216208268315134,10,0.0
39,-2.579224559702765,-1.642967456866873,0.01629953491427933,9,0.018575869118778652
39,-2.425588320346609,-1.6443871431817558,0.016050979591246274,11,0.019792135636610687
39,-2.432770693113772,1.477934257424515,0.01633032560456844,9,0.0169982252371576
40,-2.5739645316986532,-1.622930313330868,0.016225172964240524,9,0.0
40,-2.424743402538664,-1.6636206087742906,0.015606977521051297,9,0.0018609284577238774
40,-2.428397926299753,1.4833095513705434,0.016668636579369237,10,0.022116825235852743
41,-2.579782702399329,-1.6542108657146997,0.01559238899835608,9,0.0
41,-2.421948387016034,-1.6431087616137712,0.01591070214587191,9,0.0204571117121556
41,-2.4278929218907437,1.4817140289450927,0.015840556156035725,9,0.020452876963867946
42,-2.433601614212938,1.4809821915211454,0.01574193357311301,9,0.015423432540874566
43,-2.582499111138297,-1.6509052679090268,0.016572029218762625,10,0.0020022876256122757
43,-2.421858730892083,-1.6505264157099901,0.016360978505679573,11,0.02551524012767035
43,-2.4286734862254664,1.482276519820837,0.016079237750848525,9,0.0185748878824492
43,-2.5938482335965722,1.476539652493172,0.01628735136084176,9,0.0
44,-2.580741999141601,-1.6564381295199473,0.01544373483864769,9,0.0023508298204775527
44,-2.4288817974261256,-1.659786579533244,0.015829550273030523,9,0.0
44,-2.430137683061292,1.4835885232393815,0.016453696317577534,11,0.022176130037068673
45,-2.5729375098416525,-1.6458780985324009,0.016605265977221173,9,0.020664729057729113
45,-2.4267983984045527,-1.6631192922785174,0.016113818552451545,9,0.003560747300020984
45,-2.422433099633265,1.483328388025625,0.01541128968324621,9,0.02039984245188088
46,-2.426110199033922,-1.6457248798439221,0.01713842862889585,9,0.019927745184549032
46,-2.4192481271015733,1.4884208801786099,0.01589025162790642,11,0.019989565799963062
46,-2.594524499859039,1.4784403246123785,0.017191820681565693,9,0.0
47,-2.579330788692289,-1.6366174349180036,0.01591767969465967,10,0.02072015921333055
47,-2.426274404226936,-1.650969914070265,0.016797725659453592,9,0.01750050471450869
47,-2.4239627341741015,1.4842992590370705,0.017005783225204185,9,0.018376258235701506
47,-2.596987781724486,1.4707134110276243,0.01566411784929194,10,0.0
48,-2.5711136340766396,-1.628616634225256,0.015485716316130101,9,0.0
48,-2.426832718454651,-1.6616559185836037,0.01742680619474412,9,9.898954647278933e-06
48,-2.4253068579453627,1.4827580006309342,0.015906315620368185,9,0.019277816203319652
49,-2.5739645316986532,-1.622930313330868,0.016225172964240524,9,0.0
49,-2.4186917001803026,-1.6286595839525755,0.017312148046712834,9,0.0
49,-2.4119458895032517,1.488278077024166,0.015165016717608344,9,0.0038624704888150134
49,-2.5950148405850357,1.4817602779358394,0.015852632886977656,9,0.0030142055450074843
50,-2.427753580778903,-1.662258804949284,0.017526854102288086,9,0.0001667141393725022
50,-2.4347517420220783,1.4839753608914468,0.01665640922436436,10,0.01472730231534757
50,-2.598918266128677,1.4757870916494897,0.016322892391795584,10,0.0
51,-2.425790615434906,-1.6556174149663136,0.017065264223322617,9,0.016827043765337422
51,-2.4323790264261334,1.4837044982564016,0.01662466546240203,10,0.020181069764918257
52,-2.4222443456814635,-1.6541568031377267,0.01533179045115409,11,0.01846876457591446
52,-2.4224809549206476,1.4844338184901662,0.015823417318399313,9,0.021052494253253565
53,-2.5722858578538697,-1.6218716894573844,0.016209298659495712,10,0.0
53,-2.4130588495898206,-1.6316785167999874,0.017292077101943228,9,0.0
53,-2.426638051863629,1.4817696147503745,0.015485165237945405,10,0.02145164934669
53,-2.5980406976320154,1.4752884694313566,0.01631370862664819,9,0.0
54,-2.4247706443900405,-1.631043949141857,0.01637051891502861,9,0.003568835608756993
54,-2.4331212744427066,1.484402598983661,0.015572191590288751,11,0.018717375479032537
55,-2.426112325306448,-1.653161718387804,0.015481684445844537,10,0.015469171050023094
55,-2.4369109520906975,1.4801218736414181,0.016546600424582183,11,0.0166900372879861
55,-2.59803342667005,1.48043799717094,0.017230047197295026,9,0.0
56,-2.4264759799641618,-1.6418010226489863,0.015121368095354491,9,0.017537195757001547
56,-2.430472076252026,1.4822527861720975,0.01552781432814522,9,0.019567801915916
56,-2.5801461247101343,1.480227067737067,0.017144579035329024,9,0.02388502497880122
57,-2.4234294576386293,-1.6393681274021448,0.016977957158772542,9,0.019438315542429207
57,-2.4422433989121144,1.4772785679258558,0.015467858353541895,9,0.0025092071564278727
58,-2.423976430471433,-1.6494755826834855,0.016846172632113725,9,0.021204989043939672
58,-2.425384635848878,1.4819278660558077,0.01700400628843115,9,0.0218619813289667
58,-2.598575640640408,1.4740778749385695,0.015663664222794013,9,0.0
59,-2.5782731641145213,-1.6581413869144854,0.0157383226797563,9,0.0019245998434162023
59,-2.4266378463361047,-1.6389849758128636,0.015983903336277527,10,0.021108375204674186
59,-2.4267170806406284,1.4827186409487543,0.015666570890190634,9,0.0200620560368965
59,-2.60177358284779,1.4758911859378443,0.017234318820647635,10,0.0
60,-2.576889473131021,-1.6401375307688602,0.016339283732799068,9,0.02024626963891856
60,-2.4173071896882528,-1.6433430848994237,0.016582655737999833,10,0.02690290190712427
60,-2.4127893863371535,1.4887996045795733,0.015173573123331128,9,0.003859881796644893
61,-2.5770430612808672,-1.642382675569823,0.01650353399368114,9,0.019911443007363895
61,-2.422902476862447,-1.6503922611949626,0.016314824819438543,10,0.02339404119534677
61,-2.425083411260463,1.4878656230870302,0.01602067471320726,11,0.023863316102198294
61,-2.596584820641496,1.478284595504282,0.015979474135421758,9,0.0015049343954378416
62,-2.5756390609223585,-1.6571473136918269,0.014779804585329442,9,0.0
62,-2.4280084127625483,-1.6633571476269566,0.015271002812973255,9,0.0
62,-2.431706480640745,1.4823820374590333,0.016318159224611026,11,0.024664094599920215
62,-2.5800719940234735,1.4822081080019944,0.01561409506331858,10,0.021337341148843385
63,-2.5786392376254983,-1.659445013878522,0.017081804335244945,9,0.0
63,-2.429340898643665,-1.6550347622366133,0.015075734722461737,9,0.0
63,-2.4317028478013927,1.485280135447932,0.016288135510432022,10,0.02068130177872619
63,-2.5942861432224964,1.4849771360669326,0.017226760035664104,9,0.0
64,-2.4189216705653815,-1.65509134681941,0.01658562753634374,10,0.024672951891640295
64,-2.4281462604803474,1.4829335393386138,0.016138334348196788,10,0.023688338174615978
65,-2.569971882497345,-1.627389614964724,0.016217458274583586,8,0.0
65,-2.427660483607907,-1.6622239351658337,0.017430965092121952,9,0.0
65,-2.4306042321721386,1.4822025887419392,0.0159738774417415,11,0.020549375015401147
65,-2.5955309657529146,1.4788247659143254,0.01625811828566591,9,0.0
66,-2.5787660119515037,-1.6488579825478897,0.01611895878697701,9,0.01833460768552512
66,-2.428618650894902,-1.6435338360316498,0.015227157580991317,10,0.018674286082598468
66,-2.424533881207969,1.481407252724769,0.016994548477807597,8,0.02185064632926674
66,-2.5811369972112144,1.4840527186009322,0.01638722333281673,9,0.020961719254635917
67,-2.5682997168735313,-1.6263305301771567,0.01619746784583876,9,0.0
67,-2.4248194944193746,-1.6523426125079268,0.016534959713571055,9,0.01894325783551486
67,-2.422036832029936,1.489596168169872,0.015468529571758372,11,0.018179937144394122
67,-2.595560164035179,1.479392144440534,0.0161758263712008,9,0.003868532510134931
68,-2.577020179762352,-1.6445355536854083,0.016556120758063134,10,0.018835439690613368
68,-2.4248439442919674,-1.6568279269310395,0.015522754324115418,10,0.014830758590047064
68,-2.43079994736834,1.4828432422656956,0.01623013502629699,9,0.018729734673513312
68,-2.597286199699046,1.477818913885513,0.01602890764301313,9,0.0034128887447869988
69,-2.5692715135144057,-1.6296392440150216,0.014936599684783737,9,0.0
69,-2.4268542048237953,-1.6586758406107744,0.014533209360676673,9,0.0
69,-2.4184417858914427,1.4868452674817192,0.01562602394666037,9,0.02135250855374073
69,-2.5967380958404087,1.4785112100640576,0.01619344464112887,10,0.002709851666166791
70,-2.424421046232632,-1.6564002859656164,0.016257584616583408,10,0.017987404190753665
70,-2.424794048310634,1.487953844703507,0.015586362356668824,10,0.021688682512785048
70,-2.575224070748167,1.4844147973826818,0.016184017802261186,9,0.018709467662799458
71,-2.423989778506907,-1.6391306750494061,0.01750117929508163,9,0.020576410019204697
71,-2.433744839179793,1.4813895590401414,0.016645715390140405,9,0.01912899056522962
71,-2.5804916168511634,1.477466423755666,0.016143059622601062,9,0.016249950723879483
72,-2.5748030540834628,-1.6234605488887515,0.016232848681872917,9,0.0
72,-2.4251795582569575,-1.650934543610197,0.016546167140793714,10,0.018118181060693277
72,-2.419501909001031,1.4821098677543973,0.01688920020140634,9,0.019483606051007223
72,-2.60177358284779,1.4758911859378443,0.017234318820647635,9,0.0
73,-2.4190754701269523,-1.6449426130924656,0.016839527164160102,10,0.022298618018366897
73,-2.430984740750777,1.481821822364049,0.015910282513314382,10,0.015427896215661627
73,-2.580663708257961,1.4834686404972692,0.015577990985447376,9,0.020191259378116097
74,-2.414198250486622,-1.6363031679639977,0.014526735059917053,9,0.0
74,-2.442477819366887,1.4745490504340497,0.015097072031028872,9,0.0012371436687630434
74,-2.6000238309766424,1.4748994111428497,0.017222610953156692,9,0.0
75,-2.422359582140082,-1.644891778556929,0.017366793635950502,9,0.022723357711624544
75,-2.4269715046444653,1.4821805884480297,0.016277700171975,11,0.024667443665283603
75,-2.5962722687460085,1.4794351059261066,0.017203544295294516,9,0.0
76,-2.4233173660195875,-1.6485703288253755,0.01683949902052537,11,0.021007364723704403
76,-2.435711311929393,1.4763026139894002,0.016452568250163817,9,0.015263870736991801
76,-2.5841920696070604,1.4743788976510102,0.01585858974858039,11,0.015552639216196176
77,-2.570272362621401,-1.6280815210925732,0.015482570500640799,9,0.0
77,-2.422855225812865,-1.650095996183757,0.016652780871938253,9,0.021145240295279692
77,-2.429090628785705,1.4834198079226317,0.01583304576245505,9,0.019563209620794924
77,-2.595177709092937,1.4803271376287228,0.01631738814438899,9,0.0
78,-2.422540409511158,-1.6432908185009727,0.01699069907759772,9,0.022906374343976927
78,-2.430523325367975,1.4828416931271418,0.015593381808287256,9,0.016736026472167362
78,-2.595223687656144,1.479424243725163,0.016529698058375026,11,0.0
79,-2.5698785522523506,-1.6238421144987627,0.017329769845461057,9,0.0
79,-2.4285014830816425,-1.6628000047493274,0.017450145972655526,10,0.0
79,-2.4178311709577156,1.4907915836851329,0.01603716421991573,10,0.01737795682718612
79,-2.5958811156224244,1.4767448432358883,0.01567904984710517,9,0.0
80,-2.5708110432711764,-1.6279200062536574,0.01622564931675037,9,0.0
80,-2.425036491817763,-1.645090144486757,0.015861944513610355,9,0.019043555174217686
80,-2.4347730515097115,1.4801834931140532,0.015995025551262133,9,0.01536476425457887
81,-2.418486749090948,1.4879501832933315,0.016038975610494534,11,0.02183831158394656
81,-2.5941093087406513,1.4770149567564734,0.016168034484661795,9,0.00270547637714166
82,-2.425243314005657,-1.6411039448260276,0.015980796189244636,9,0.01681670015466797
82,-2.4233218249857513,1.4855338332275443,0.016489145033342995,9,0.021206001998778756
83,-2.422747988685543,-1.6451432568067874,0.016869101752771336,9,0.01962421121559378
83,-2.429027530628983,1.4846156158907753,0.016055676574889384,11,0.019879773593863215
83,-2.5964094004944736,1.4793247821910631,0.01626880169705576,9,0.0
84,-2.4280626834093386,-1.6486224830245346,0.01683745040206861,10,0.018663249085201828
84,-2.440434954939331,1.479727572772932,0.017000828626703525,10,0.0006356408912705763
84,-2.597086182578437,1.476048457813659,0.01663223733957215,11,0.0021188204407722924
85,-2.570575586236019,-1.6277701046025732,0.01676080772708216,9,0.004662790833263078
85,-2.4276695540898774,-1.6622301461797864,0.017441811774922048,9,0.0
85,-2.4292469233933223,1.4799152857250073,0.016703025673792452,9,0.02007998739018301
85,-2.5966285659673907,1.475438059556373,0.015682418454612886,9,0.0
86,-2.572019440004342,-1.6271919504162027,0.016160461870148912,9,0.0
86,-2.427858096158511,-1.6607225028175996,0.016629642071453316,9,0.0025036973143035875
86,-2.4235116990922005,1.482170986279755,0.015607236178152286,9,0.01835628275900637
86,-2.5957530228216816,1.4749401735302003,0.015675047049166373,9,0.0
87,-2.5757496622657743,-1.6384994464824145,0.01618319108782265,9,0.020323042744905623
87,-2.426722241097211,-1.6494224754065185,0.016501886862350077,11,0.021053539720115064
87,-2.426010419040506,1.4834158883073831,0.015469519685705575,11,0.019972007950533863
87,-2.597163131025979,1.4747898484650974,0.016304527129982538,9,0.0
88,-2.5763718819420105,-1.646554934760328,0.016085474499876153,9,0.019431773808116212
88,-2.426876607854852,-1.6367765660298719,0.016114490002567972,9,0.017142410720165285
88,-2.4314423769669795,1.484372327424846,0.01686655699465019,10,0.018067000649788962
89,-2.4237135250639934,-1.6389414455113342,0.017499664336000628,9,0.01998387660677873
89,-2.4070310615859545,1.4852452278771653,0.017504400032663806,9,0.0
89,-2.583794985084607,1.47945955005975,0.01561349787491961,10,0.01950513397120686
90,-2.579609120586496,-1.6552269995861137,0.017243022987067914,9,0.0
90,-2.4250592438358947,-1.6295311883302146,0.01654002614101552,10,0.00495755748500527
91,-2.5805643707731316,-1.6567295483078752,0.01628604418744292,8,0.0
91,-2.425559489684167,-1.6388875449772733,0.01590712854762787,9,0.017616151739683512
91,-2.4242813412800874,1.485339379327606,0.016827511434404994,11,0.018388473037158667
91,-2.595404913956746,1.478941436140646,0.017204763466589647,9,0.0
92,-2.577862384134797,-1.6425499722064352,0.016211258896020143,10,0.02003294319911931
92,-2.417874973359904,-1.6281106655074362,0.017296304095562768,9,0.0
92,-2.443810520351239,1.4756196652602858,0.0167623937951652,9,0.0
92,-2.583660578233783,1.4834384070814906,0.015913708500874858,9,0.01896620298192466
93,-2.4260218006721637,-1.6581068577201061,0.014525100196181057,9,0.0
93,-2.432134859054496,1.4791207881626052,0.016682324484996874,11,0.02214047036337198
93,-2.564262872424523,1.4876713727681006,0.015549140279531987,10,0.0
94,-2.4251693608819256,-1.6624002920763488,0.015862358137181242,9,0.0
94,-2.4400344961088383,1.482829343397283,0.01650021588843399,10,0.0
95,-2.428856572495762,-1.6595844812485503,0.016694150465802526,10,0.0
95,-2.440460444066304,1.4787568508065576,0.015592611449507156,9,0.0032447743804371017
95,-2.5845742729774326,1.476025212083492,0.016380067076268098,10,0.024930332802327097
96,-2.4223140510093284,-1.641416479825089,0.017347602732708873,9,0.02333966352429139
96,-2.4254545473399807,1.4803518302667111,0.016632110210107173,9,0.02387982468748963
96,-2.5980406976320154,1.4752884694313566,0.01631370862664819,9,0.0
97,-2.580502296381745,-1.6545029416826085,0.016023909744547152,9,0.0025434424333911068
97,-2.4199934057810104,-1.6402842583031851,0.01623295644951016,9,0.022197419571795492
97,-2.406833362435897,1.4883512799513168,0.016385440909708462,11,0.0
98,-2.426191920290132,-1.661147989564568,0.015971754982858487,11,0.0036776601482107416
98,-2.4276092511588168,1.4856911496313843,0.016231853414338082,10,0.021877690685487512
98,-2.5921057710363353,1.4822810459880955,0.01566345550195232,9,0.0
99,-2.5780482253323367,-1.642124795665121,0.016195259913167667,9,0.020010587444681528
99,-2.4266225644116837,-1.655322475636033,0.016337090158904312,11,0.018594674855040308
99,-2.4267145502430747,1.4827604781598875,0.015485998254023615,9,0.019593778190383708
99,-2.5759232983395446,1.4844764287976604,0.015578713768550613,11,0.02027450210929362
100,-2.570272362621401,-1.6280815210925732,0.015482570500640799,9,0.0
100,-2.4247838893047127,-1.6514084244456468,0.01667417884024885,9,0.02053547313131263
100,-2.4229595769268037,1.4827951952554965,0.01661603005135409,9,0.019833224712272494
100,-2.5975196547524475,1.4732900295108289,0.016251182413466753,10,0.0
101,-2.4231268969601625,-1.6299386082357024,0.01635153305984326,9,0.003566294546156642
101,-2.421329410901284,1.4843090949108568,0.016288797413783664,9,0.02037380230061544
102,-2.577641934231983,-1.6355443576196722,0.01590006570426973,10,0.02069534979174336
102,-2.4244557620805516,-1.6308322519629117,0.015758767847921545,9,0.00279869535265215
102,-2.4259013519359005,1.4846458251768149,0.016215856892698412,9,0.021858613271345917
102,-2.6000238309766424,1.4748994111428497,0.017222610953156692,9,0.0
103,-2.5674596002822976,-1.6257979447241617,0.016191611968616265,9,0.0
103,-2.431554810826473,1.4863841158080358,0.01663417114256978,11,0.019437156658386606
103,-2.597153006370109,1.4799368827337454,0.017217097561371193,9,0.0
104,-2.4255085952272566,-1.659854938572835,0.015229782547452447,9,0.0
104,-2.431299172439124,1.4845883482342885,0.01623324372728953,11,0.01837207744191175
104,-2.594833391811632,1.4786152436171451,0.015653112763233744,10,0.0
105,-2.419114105235873,-1.6470394044381682,0.016577217619562233,10,0.02213100276661413
105,-2.4214717718318375,1.4811557745149027,0.016598266380517784,9,0.02037418473567546
106,-2.4263891462309726,-1.6450802144843668,0.01622527887188602,9,0.018621744423111576
106,-2.4287523182827155,1.4817795455990799,0.01573723852746787,9,0.017046913666333974
107,-2.5740343406054786,-1.6339471165618729,0.015741875498811935,9,0.017460952863457724
107,-2.4271968958186965,-1.659822468675419,0.015532029176576756,9,0.0017457908937059596
107,-2.41666427331402,1.4857486471047456,0.016643750138182693,10,0.021265802595650383
108,-2.4236806444918275,-1.650659194727445,0.016655204313071215,9,0.021147717484470276
108,-2.4070310615859545,1.4852452278771653,0.017504400032663806,8,0.0
109,-2.5770275123166564,-1.6359050988653354,0.0163207138644572,9,0.017514002021242498
109,-2.424522106774719,-1.6465229490786426,0.017018722938442556,10,0.021186497472287163
109,-2.425022568726048,1.48431968203701,0.01540978416294124,9,0.018580799901818067
109,-2.5927505812371336,1.476960452827616,0.014923435850893084,9,0.0
110,-2.5782291337037426,-1.6416810431494793,0.015689260475731718,9,0.01720182319560253
110,-2.4199456289444967,-1.647605521878238,0.016583629322977862,9,0.022135017980885623
110,-2.420126729379195,1.487984509658205,0.01576840627439349,10,0.01860843775997667
110,-2.566454637654826,1.4763163645436803,0.016486816675913847,10,0.0020403023311373614
111,-2.5768008676479175,-1.6442072134015877,0.01573429834693334,9,0.017340847066791145
111,-2.424390396759403,-1.6445487638728258,0.01628697951746726,9,0.020675901313599702
111,-2.4072862470778835,1.4813414015199244,0.015755425736222912,10,0.003496466955446217
111,-2.577423139405684,1.4819341562247774,0.01713536183571336,10,0.019997381858918528
112,-2.424390396759403,-1.6445487638728258,0.01628697951746726,9,0.020675901313599702
112,-2.4100610272176324,1.4855018310442258,0.015562719960581334,10,0.0036954096914280383
112,-2.6008921575230475,1.4753920833282008,0.017221370014689857,9,0.0
113,-2.4257190617923126,-1.6415751536443426,0.015195391637981528,11,0.018524642403019247
113,-2.430544401305029,1.4847255105818027,0.015573705657715096,10,0.016812679110634624
113,-2.579838511871308,1.4833041478935658,0.016372238940291536,9,0.021134104197162443
114,-2.429227734422348,-1.658263729809174,0.01587599339870258,8,0.0
114,-2.4233121148442924,1.4888122925405178,0.01622927078257444,10,0.01978292718878786
114,-2.595404913956746,1.478941436140646,0.017204763466589647,10,0.0
115,-2.4154092625768984,-1.6264527458429805,0.01726703895659523,9,0.0
115,-2.420725535796641,1.4872186504682112,0.01641514356949963,10,0.02295091542520625
115,-2.589632100182473,1.4889900581512618,0.017187421878074267,10,0.0
116,-2.5739645316986532,-1.622930313330868,0.016225172964240524,9,0.0
116,-2.4256040393100915,-1.6510950017553199,0.017068915915843214,11,0.019754850826389395
116,-2.4299092577347543,1.4840951718725612,0.01686691032962854,9,0.017476318069519207
116,-2.5838649151609014,1.4786117187021126,0.015716357023731215,9,0.01600470317171544
117,-2.5761498844851003,-1.641615505777073,0.015916284610254863,9,0.020705066464432962
117,-2.426069024737038,-1.641662955105297,0.01598938906047639,9,0.016828146370089055
117,-2.4251968660824064,1.48666851497499,0.016351313635647777,11,0.02344340935321708
117,-2.599148656591566,1.4744025563216079,0.017216208268315134,9,0.0
118,-2.4258169425931153,-1.651798786520308,0.017447363226209874,9,0.01955066781227829
118,-2.4313684800649082,1.4834315013521981,0.016047859180329895,10,0.016297468456611498
118,-2.599148656591566,1.4744025563216079,0.017216208268315134,9,0.0
119,-2.4236054652131376,-1.6457404827376638,0.01737882329857042,9,0.023442828286468743
119,-2.430219026827993,1.4822660797672267,0.01654609181752827,10,0.020907998491543765
120,-2.429339530316644,-1.6633712646272005,0.01746439198363825,9,1.8632197900928433e-05
120,-2.4058209886356137,1.4909510034490492,0.01753197275027539,11,0.0
120,-2.5955309657529146,1.4788247659143254,0.01625811828566591,9,0.0
121,-2.422306374951476,-1.6423442737663874,0.01657412331417933,8,0.022142370813128136
121,-2.4265782021811866,1.4814288264662325,0.015476042608598015,9,0.020830572403550476
122,-2.4276642320667308,-1.6622249461529286,0.0174347892306154,9,0.0
122,-2.42034558548726,1.485750333182404,0.0169377637169718,9,0.018212259077732044
122,-2.5946584612960453,1.478326914648385,0.01625279575059247,9,0.0
123,-2.577641934231983,-1.6355443576196722,0.01590006570426973,9,0.02069534979174336
123,-2.4182355085709397,-1.6450016241973948,0.016709816051787722,10,0.024968434417372894
123,-2.4283376977611035,1.481467730290816,0.01518402864224443,9,0.018503800966703003
123,-2.5976482139033594,1.474771073697039,0.017201061616518642,10,0.002262789593829726
124,-2.5800758290088197,-1.657740886245745,0.017055872361767567,9,0.0031666509895755136
124,-2.428498314418619,-1.662797834794002,0.017446356652165058,9,0.0
124,-2.436186226899433,1.4772670828519705,0.015478405920875876,10,0.017314233162720263
125,-2.419396115701786,-1.659477032498585,0.016875843009415255,10,0.022730496760085133
125,-2.432959526595783,1.481783422861911,0.015595103642219974,9,0.0174575380506526
125,-2.59803342667005,1.48043799717094,0.017230047197295026,11,0.0
126,-2.4248589889530456,-1.6500183479137094,0.017458325262482238,10,0.01964800761705451
126,-2.4371273307079004,1.4797323942786758,0.016480614614101448,9,0.015562582212462456
127,-2.576504423945828,-1.6349053271490455,0.016404330454343793,9,0.018918073335534743
127,-2.4239591249900307,-1.647134900152589,0.016315000780058826,9,0.01974610048601774
127,-2.4070310615859545,1.4852452278771653,0.017504400032663806,9,0.0
128,-2.571447643827918,-1.621343236812268,0.016200004284544052,10,0.0
128,-2.4269900129523214,-1.6602735218062057,0.01631491290629809,9,0.003668933303691595
128,-2.421376336211041,1.484854028553615,0.01619571579895548,9,0.019940202114605097
128,-2.597153006370109,1.4799368827337454,0.017217097561371193,9,0.0
129,-2.4234927808680413,-1.6250726497886652,0.017327277751416698,9,0.0
129,-2.4049795060066708,1.4904299937069252,0.01752178914035797,11,0.0
130,-2.5731117911238437,-1.6413384234083308,0.015578685109907058,9,0.01854229046631603
130,-2.430394288255718,-1.6580725345711715,0.015258614351520384,10,0.0
130,-2.4214033258928387,1.4827320671777435,0.01697425132903155,9,0.01835346118532236
130,-2.5782216295555003,1.485938979564319,0.015277381814297174,10,0.01631463662659008
131,-2.4138863918772686,-1.632238926885001,0.01729281524339849,9,0.0
131,-2.4252969170294527,1.4803461995171165,0.016767036254763647,9,0.01883678357097919
132,-2.5806675602328397,-1.655496496380196,0.017026569630321866,9,0.0
132,-2.4292927204230015,-1.6358490194042765,0.016365758605324767,10,0.019106445417689234
132,-2.4080463554122473,1.4826476021092563,0.016348464660709407,9,0.0
133,-2.4281387138440866,-1.66601228070842,0.016733389116827826,9,0.0
133,-2.409050588572236,1.4929535914805525,0.015168025373214693,10,0.003861678999815609
134,-2.5708110432711764,-1.6279200062536574,0.01622564931675037,9,0.0
134,-2.4273083300356117,-1.665441889841202,0.01672564104307619,9,0.0
134,-2.4228817076343527,1.4846829228324463,0.016083661371482778,11,0.022451243074795398
135,-2.4296899023956486,1.4791039046275445,0.016477774571865757,11,0.023538210547226684
135,-2.583075783202428,1.481083550475927,0.01653725920265843,9,0.016158726866008246
136,-2.4252564652000026,-1.6468602417450713,0.017401655830575742,9,0.02347187819921004
136,-2.4204306849323136,1.48268292754475,0.015865786632084596,9,0.01998286323223891
136,-2.5958506255040907,1.4777481352415818,0.015669736212784613,9,0.0
137,-2.5855747538036806,-1.6515730531556312,0.01704422635833045,10,0.0
137,-2.417874973359904,-1.6281106655074362,0.017296304095562768,9,0.0
137,-2.4263742325231545,1.4792961885341749,0.017000460501178236,10,0.02517257101577589
137,-2.594833952334347,1.4772880211865154,0.015964085231539103,9,0.001503095019224342
138,-2.5855747538036806,-1.6515730531556312,0.01704422635833045,9,0.0
138,-2.4222584489695356,1.4832550844085566,0.01698492973016318,9,0.01835865704485983
138,-2.5970756034224696,1.4760463702618145,0.016564552695217248,10,0.003435009142795922
139,-2.5807759454155352,-1.6535658811637988,0.0159350027054564,9,0.003101806112962552
139,-2.423969199982941,-1.6408041960865827,0.01607072358214633,10,0.026879758197478752
139,-2.425844722849175,1.4838398827050572,0.015099781006811306,9,0.019484211275827813
139,-2.5784098570759024,1.4782170577473313,0.01578049957475778,9,0.017365957134537292
140,-2.5748210033760572,-1.6338365426489305,0.016386303992849387,9,0.018892597065978393
140,-2.426555427837997,-1.6488738576707356,0.01666897042014133,9,0.020797509581168074
140,-2.4313867888645984,1.4790969728028776,0.016083391295623212,9,0.01922331344483775
141,-2.572285210357019,-1.6424270454220937,0.01644779820659165,9,0.020956100797961216
141,-2.4300491627724727,-1.6569441320722293,0.01742456039492265,9,1.4296029475595693e-07
141,-2.425884798192466,1.480627398904463,0.016426374670899795,9,0.01926834622165873
141,-2.6008921575230475,1.4753920833282008,0.017221370014689857,10,0.0
142,-2.576580880325768,-1.657053904361884,0.01572598192427029,9,0.0019206157983221424
142,-2.419114105235873,-1.6470394044381682,0.016577217619562233,9,0.02213100276661413
142,-2.432610774579876,1.4821322827334713,0.015569132980769854,10,0.020301119229194347
143,-2.579330788692289,-1.6366174349180036,0.01591767969465967,9,0.02072015921333055
143,-2.4219399196858147,-1.6455413911894556,0.016585373749060002,11,0.02220660235443244
143,-2.431894893013095,1.4815198593934664,0.01573030168164176,9,0.020780821994391317
143,-2.6008921575230475,1.4753920833282008,0.017221370014689857,9,0.0
144,-2.4285014830816425,-1.6628000047493274,0.017450145972655526,9,0.0
144,-2.4318426412892955,1.485031361100138,0.015994131936359797,10,0.019213626676447375
144,-2.5944762278794173,1.4779563642868496,0.014916211535546446,10,0.0
145,-2.4203360350768723,-1.6297687906086895,0.017328805173577495,9,0.0
145,-2.4299652192137056,1.4843921444349668,0.01611931933030026,10,0.018292599815149125
145,-2.59217998560034,1.4745560191373328,0.015786775250639987,9,0.01411227096743205
146,-2.5823646051717137,-1.6565834242935416,0.017042112518214622,8,0.0
146,-2.424863961333422,-1.6449122864125583,0.016336155995673576,9,0.019487342080225893
146,-2.4332358439696664,1.480347608833911,0.015442858161904575,9,0.017160436132479306
146,-2.5941641119393566,1.4786726137331625,0.014999227631380537,9,0.0
147,-2.42414537375328,-1.640986536599028,0.015787220676336238,9,0.017116461580759062
147,-2.42891601958739,1.4804941815235146,0.015468970788305772,9,0.018213572324859185
147,-2.5998033841036525,1.4762890921692085,0.016339974740699575,10,0.0
148,-2.4239561814110253,-1.6506744053780478,0.016677071084538867,9,0.018255590540327157
148,-2.4318431231340254,1.4819595547853155,0.016640461697224357,10,0.018643506322384033
148,-2.5955309657529146,1.4788247659143254,0.01625811828566591,9,0.0
149,-2.4271375624442655,-1.64223801008537,0.01545428882262369,10,0.01803695395732723
149,-2.4186538434509575,1.4815897047758293,0.016879551392235695,9,0.019473867887498594
150,-2.419358388900992,-1.6440656152720705,0.015936829485482674,10,0.019205622169747617
150,-2.4195814039592967,1.4821621137583512,0.015857011985313318,10,0.01997463106932505
150,-2.56512098805232,1.4881685544681191,0.015557349104262264,9,0.0
151,-2.4193537551051802,-1.654052199056695,0.016224995696118127,9,0.017990641371988237
151,-2.4216629918045918,1.483432386240513,0.016043185248770794,10,0.022024776819990474
151,-2.5956177055939285,1.4784336423817583,0.017146935162725016,9,0.0
152,-2.4261799584569888,-1.6423361664234268,0.017014764716980484,10,0.021640254554668135
152,-2.4078716511400544,1.4857645089720803,0.01751635999230156,9,0.0
152,-2.596584820641496,1.478284595504282,0.015979474135421758,9,0.0015049343954378416
153,-2.426004866011725,-1.6629721168714748,0.01587444340255724,9,0.0
153,-2.4318413623091466,1.4825585537045598,0.01626792778288399,10,0.01871480561453783
154,-2.431724455692826,-1.6580862948358646,0.017451650970703086,9,0.0
154,-2.4257856380220453,1.4755700389805082,0.01589209799438974,9,0.024876982492428194
154,-2.5930741210831836,1.4812763099170636,0.016790715675090547,10,0.0029271933000067306
155,-2.4246697261388404,-1.644777243398508,0.0164818071780748,9,0.020521162088167837
155,-2.4221779010390545,1.4848303010971116,0.016297699118697065,9,0.020380492305446373
155,-2.5625466357686686,1.4866760057467379,0.015532729021570274,9,0.0
156,-2.5789746334004797,-1.6586501737608874,0.01645266639081236,9,0.0
156,-2.426833326062552,-1.6635405327031967,0.015880051532863242,9,0.0
156,-2.4214307960654544,1.4838118285430573,0.015664588127562787,10,0.019034319141675443
157,-2.5775470156172493,-1.6379712941451756,0.016781209920684232,9,0.01972461905119588
157,-2.4301661669112704,-1.6639378174989308,0.017466815918681062,9,0.0
157,-2.429744598352419,1.4815368589385134,0.015742576878224345,9,0.01914413448650071
158,-2.4274204975922666,-1.6625068687581708,0.016349130247254727,9,0.0024660092670935573
158,-2.4250972580218635,1.4857748233867243,0.015705479928173102,10,0.017738745291509386
158,-2.5921378223136466,1.4812782436072365,0.01567246341534746,9,0.0
159,-2.424045130953749,-1.6494852540654226,0.017408342243087314,9,0.022123615139480555
159,-2.4320364960777194,1.483319332973489,0.01592896255976968,11,0.02007799325113031
159,-2.57810691701115,1.482309198184876,0.016357822155871646,9,0.021120454946080336
160,-2.4172645724196173,-1.6330345329747635,0.015930571264523703,9,0.007462802225864917
160,-2.429915960617936,1.4839206069042787,0.01662943233989267,10,0.01706691419201857
161,-2.5617204838826133,-1.6335733487359976,0.01661287374230718,9,0.004831872455831334
161,-2.4247838893047127,-1.6514084244456468,0.01667417884024885,9,0.02053547313131263
161,-2.4308592414017625,1.481578847908837,0.016927332975031437,9,0.019863483564689133
161,-2.592009540029237,1.479472598152701,0.01566505699304523,10,0.0
162,-2.5801983656462895,-1.6368803767509548,0.015627812463091945,9,0.01636397344922709
162,-2.424491105983352,-1.651316725466153,0.01595888935424747,9,0.018293695135965193
162,-2.4261971802635953,1.484108587147202,0.016226596076381525,9,0.01980282331391816
163,-2.4284289056145836,-1.6574489772947438,0.01561163474820394,9,0.004388793893561562
163,-2.4225099692628307,1.4808471253326612,0.016801532718779447,11,0.027277719768924027
163,-2.5958811156224244,1.4767448432358883,0.01567904984710517,10,0.0
164,-2.4227758968662583,-1.650351548000453,0.016894689312566765,9,0.0200126563343394
164,-2.428980954915026,1.480314122552618,0.016323964377443923,9,0.020131375796390804
164,-2.593283752568822,1.478173961383969,0.014986760284965742,11,0.0
165,-2.42300849791795,-1.6455576443583158,0.01679116437575151,9,0.01899895738853003
165,-2.420998971623987,1.4851915825014876,0.01599567708713698,9,0.01737582273146746
165,-2.599148656591566,1.4744025563216079,0.017216208268315134,9,0.0
166,-2.4236509558199812,-1.6520130175999466,0.015849982822962905,9,0.017952055450962488
166,-2.4119458895032517,1.488278077024166,0.015165016717608344,9,0.0038624704888150134
167,-2.577370942711616,-1.6358411953650336,0.016724056856342977,9,0.017180443351153422
167,-2.4248589889530456,-1.6500183479137094,0.017458325262482238,9,0.01964800761705451
167,-2.431384282403884,1.475584053289681,0.016410082739578325,11,0.022259633890512467
167,-2.596760240788519,1.477244408817501,0.015690146573787755,9,0.0
168,-2.4185056093822923,-1.643972482287604,0.016105021760968802,11,0.029694817002889715
168,-2.4283461057539735,1.4806405097773927,0.015434841219791318,10,0.01975911921047623
169,-2.563831614583501,-1.632421745414589,0.014679080942591316,9,0.0
169,-2.4229530913430244,-1.6435689460913108,0.01699296298139074,9,0.022217828825565493
169,-2.4100610272176324,1.4855018310442258,0.015562719960581334,9,0.0036954096914280383
169,-2.5992617762507804,1.4769345946391326,0.015711693922674658,9,0.0
170,-2.4233815497816367,-1.6284038110520223,0.01754566082886098,9,0.004218529273385837
170,-2.4249251305653834,1.483651586923997,0.015754285172789786,9,0.018376269731717885
170,-2.5955125002744923,1.4814720383156972,0.015699072774710363,10,0.0
171,-2.4251387272439406,-1.6461147304565822,0.01607306522707453,9,0.018861896515023884
171,-2.4204711452335363,1.483739615920274,0.015381852991919078,9,0.018099581221786325
172,-2.426004866011725,-1.6629721168714748,0.01587444340255724,10,0.0
172,-2.4354503105052694,1.482001313454329,0.015604662531393733,11,0.02240688297642858
172,-2.5948717464699333,1.4744400866432155,0.015662392785630253,9,0.0
173,-2.4147021267189057,-1.632789822803027,0.017308666724390243,9,0.0
173,-2.4306787150134768,1.4821859965975952,0.016182612107622063,9,0.02144205579848902
173,-2.594528014143261,1.480278497308281,0.016291353904186092,9,0.0034638139467950847
174,-2.5810193476521865,-1.6376881342041578,0.01593310671115076,9,0.020743620854852172
174,-2.4177675372020553,-1.6435862506574888,0.01651760813185257,9,0.021655032457932925
174,-2.4287487770746363,1.482236522746195,0.01584950856846371,11,0.020461626917101048
174,-2.5964094004944736,1.4793247821910631,0.01626880169705576,9,0.0
175,-2.4250612593283924,-1.6536448423578118,0.01600310013001576,11,0.01830154192549075
175,-2.4295945740187013,1.4829668640664746,0.01629745090188375,9,0.02010625171584571
175,-2.5936033419220434,1.477458281489128,0.014910449073132371,9,0.0
176,-2.573124566436454,-1.6224023442350874,0.016216525969239174,9,0.0
176,-2.4269511598536635,-1.6598388768495045,0.01513706506526032,10,0.001080008131475442
176,-2.4282657575899393,1.4827330082968897,0.016102469311257247,10,0.020220548780851572
177,-2.425506476507671,-1.6616429835090647,0.015238343751528929,9,0.0
177,-2.4221779010390545,1.4848303010971116,0.016297699118697065,9,0.020380492305446373
177,-2.5957060406876695,1.4777848045751067,0.01596858406638554,9,0.0015045704932538269
178,-2.4249721300576095,-1.6415455402657662,0.015797326366133443,9,0.01712816835311964
178,-2.42636623739987,1.4821202797295978,0.0158670636513407,9,0.020343847668481387
179,-2.426583480057789,-1.6619334593374493,0.01633465442182544,9,0.002463790048798968
179,-2.4298380059582536,1.480836447110792,0.016335518735216926,10,0.020141698148328724
180,-2.4243707761598707,-1.6405250755680978,0.01671042292570447,9,0.020234342563521877
180,-2.430118869653521,1.482091794791935,0.01624355750147603,11,0.02412036310670436
181,-2.4257489683007485,-1.6447157064965303,0.016257615082099632,9,0.019046325095191635
181,-2.4287884313688632,1.482478532971732,0.01642815627289,9,0.01844652606629252
182,-2.4296934877740064,-1.660154925200785,0.01670679825668828,9,0.0
182,-2.431430438047109,1.479586494003906,0.016593068868586785,9,0.018647633386862088
182,-2.566772469126576,1.4733973033953653,0.015548667931611367,10,0.0
183,-2.4264647281283405,-1.6480299692758278,0.016033536549115365,9,0.01750557362556841
183,-2.424954175985019,1.4816668932722266,0.017000528457626476,9,0.021695972079493177
183,-2.6000238309766424,1.4748994111428497,0.017222610953156692,9,0.0
184,-2.4219423650672303,-1.6446105454596145,0.017359106390757433,9,0.02340336694826041
184,-2.4292183322906573,1.487187135041453,0.016128627484170818,10,0.021663719053060488
184,-2.5980406976320154,1.4752884694313566,0.01631370862664819,10,0.0
185,-2.4255465169414028,-1.6480284400697491,0.016819612392330933,9,0.019458105537275748
185,-2.4328940589406676,1.4853121949022967,0.01674051697721702,11,0.022024037047097808
186,-2.5755928843512734,-1.6584148123327287,0.016007470822534356,9,0.002541341449191912
186,-2.4223470990188085,-1.6448568393959462,0.017534530073968817,9,0.020148300763621983
186,-2.419667272995381,1.4843225176987813,0.015786191657909076,9,0.018771719768648037
187,-2.5778867433575225,-1.6429208825306603,0.016509512946059013,9,0.01991818490742234
187,-2.42570206724677,-1.6417134819722268,0.01612370752626906,9,0.024928308417030937
187,-2.4092874155292576,1.4866373084900149,0.016174354023415417,9,0.004256805224501966
188,-2.577317312732177,-1.6250450102470078,0.01626109089420302,9,0.0
188,-2.425270181672427,-1.6675046208334923,0.017447577154503565,9,0.0
188,-2.421376336211041,1.484854028553615,0.01619571579895548,9,0.019940202114605097
189,-2.427753580778903,-1.662258804949284,0.017526854102288086,9,0.0001667141393725022
189,-2.421329410901284,1.4843090949108568,0.016288797413783664,9,0.02037380230061544
190,-2.426464981119714,-1.6648621544971678,0.016702740183384353,9,0.0
190,-2.4241065760445757,1.4851902199230755,0.01689188566904653,11,0.022579858919179255
191,-2.417874973359904,-1.6281106655074362,0.017296304095562768,9,0.0
191,-2.433909944877096,1.481809857584606,0.016029895057158287,10,0.014668824065717621
192,-2.4223482830960137,-1.645815850412025,0.016593295724635037,9,0.02153170169723861
192,-2.423585065692,1.482440151097641,0.01642604600275015,11,0.023035594475235108
193,-2.4264351577629766,-1.6516616934955712,0.017079021257089797,9,0.01976954970796606
193,-2.431026526372098,1.481312748091446,0.01593952796089128,9,0.015572130691305315
193,-2.5806227799289116,1.487018167345915,0.015388753076466269,10,0.022913631344907513
194,-2.426004866011725,-1.6629721168714748,0.01587444340255724,9,0.0
194,-2.430935311753164,1.4840853026824263,0.016424101390652868,10,0.01965187480565291
194,-2.565962752003026,1.4781273287340653,0.015509462290592968,10,0.00548229208792415
195,-2.4274204975922666,-1.6625068687581708,0.016349130247254727,9,0.0024660092670935573
195,-2.4241005309738153,1.4811451742114816,0.016988160003877463,8,0.021685763082330813
196,-2.4223482830960137,-1.645815850412025,0.016593295724635037,9,0.02153170169723861
196,-2.419870703887234,1.4823374531254017,0.015861978921301898,11,0.020157841630334766
196,-2.599148656591566,1.4744025563216079,0.017216208268315134,9,0.0
197,-2.5722858578538697,-1.6218716894573844,0.016209298659495712,9,0.0
197,-2.4256308550174284,-1.6642915137033725,0.016692023724132546,9,0.0
197,-2.4216443644506627,1.4823486970641964,0.015257740260418443,10,0.02086289207854577
198,-2.4232600687599652,-1.640391838010438,0.01618116031387971,9,0.0187379788602761
198,-2.411750021230409,1.486542348967956,0.015578962154749191,9,0.0036991136911356222
198,-2.572849695122696,1.4890697206974512,0.016008887640705412,11,0.021148021888395686
199,-2.425222382178801,-1.6451133031504275,0.01629832389671867,9,0.02069824453429473
199,-2.421926945888144,1.4895205720071325,0.017019344725391468,10,0.018359305996232374
200,-2.4261162890208827,-1.6545158721469857,0.016945598232677783,9,0.01809335054185363
200,-2.4109757659369344,1.4876790035800986,0.016190847659199797,9,0.004261024506436999
201,-2.4221612775988657,-1.6464755488279739,0.01700208588542269,9,0.021595604455251546
201,-2.411818041279731,1.4881998400759,0.016200722385765226,10,0.004258327724178641
202,-2.415589680423414,-1.6447790190529161,0.017365083790066866,11,0.026077686239801317
202,-2.4221623712839815,1.4854351368028766,0.016327319185704355,11,0.021230226680861813
202,-2.5811420595391494,1.4814792014666083,0.0159309381171224,10,0.023084013501200623
203,-2.5801983656462895,-1.6368803767509548,0.015627812463091945,9,0.01636397344922709
203,-2.426464981119714,-1.6648621544971678,0.016702740183384353,9,0.0
203,-2.4100610272176324,1.4855018310442258,0.015562719960581334,9,0.0036954096914280383
204,-2.4296934877740064,-1.660154925200785,0.01670679825668828,9,0.0
204,-2.4226821447293827,1.483532196247096,0.01642314649011424,11,0.023571598459397526
204,-2.5797276775959275,1.4826995444483164,0.015821534886999465,9,0.019003211716282057
205,-2.428856572495762,-1.6595844812485503,0.016694150465802526,9,0.0
205,-2.4072059499733807,1.4821297579478125,0.016335783669120977,9,0.0
205,-2.5957530228216816,1.4749401735302003,0.015675047049166373,9,0.0
206,-2.425790615434906,-1.6556174149663136,0.017065264223322617,10,0.016827043765337422
206,-2.429937284748117,1.4845622534294327,0.016098761623275077,10,0.018837587967585924
207,-2.4170496101902863,-1.6275534109340715,0.017291775496978957,9,0.0
207,-2.4194969423976938,1.4852287713953443,0.0169295771309767,9,0.018206268269355712
207,-2.5946584612960453,1.478326914648385,0.01625279575059247,9,0.0
208,-2.5798939765970816,-1.640970730725229,0.016314746687486902,9,0.01937335260529337
208,-2.4256308550174284,-1.6642915137033725,0.016692023724132546,10,0.0
208,-2.4282006267280356,1.4852447933614839,0.016393501352907538,11,0.019088187590889875
209,-2.5789310182135807,-1.6422089970123535,0.01697878208539329,9,0.019646956109225948
209,-2.4238619290463057,-1.6568502451411704,0.015951343051556537,10,0.01634499070439082
209,-2.4273696049855076,1.4764104037104637,0.016325458788872305,10,0.02533309252488409
210,-2.572017497221047,-1.6440549624851692,0.016323674675475637,9,0.02019424136233557
210,-2.425246111305182,-1.6296571995580365,0.015185861536371907,9,0.0
210,-2.4207065785495177,1.4871667830741313,0.01505939448246079,11,0.01774105781772965
210,-2.5648161512066263,1.4879932604104786,0.016156670215917678,9,0.004005028718186733
211,-2.5774166376165755,-1.6597584103240561,0.01560130350154052,9,0.0
211,-2.4245611818389863,-1.644213269008247,0.015200711001842115,9,0.01803939715742332
211,-2.4270248921475956,1.4888061030790933,0.016869087751122124,11,0.017462716338395665
211,-2.563993057668109,1.4841924568984934,0.016669700777762312,9,0.0
212,-2.5748030540834628,-1.6234605488887515,0.016232848681872917,9,0.0
212,-2.4250072604169834,-1.6446654361024533,0.016486110760240064,11,0.02070128037217753
212,-2.4322156805684116,1.4843274354204123,0.0159771828289963,10,0.013740594160191445
213,-2.5795271441330656,-1.6391197497973518,0.016850467447517826,9,0.020104320452524062
213,-2.419958622229994,-1.6433709262205862,0.01691915264823871,11,0.02949519055947729
213,-2.4439042599152283,1.475462125963631,0.01576020794867585,9,0.0
214,-2.426192315477177,-1.65958316250228,0.016610991645545754,9,0.0025028539592143895
214,-2.405347974670641,1.4842059178874718,0.0174822789972132,10,0.0
215,-2.4285014830816425,-1.6628000047493274,0.017450145972655526,9,0.0
215,-2.4401656621015304,1.4796720952179239,0.015741102319521843,9,0.0
216,-2.4203360350768723,-1.6297687906086895,0.017328805173577495,9,0.0
216,-2.4246014289086735,1.4830193031083223,0.01600457802672093,11,0.020060558516058764
216,-2.570945779869831,1.4728243932705731,0.016744309876579835,10,0.0
217,-2.5818834105806605,-1.6436782664434206,0.016301578436602807,9,0.018660260204960238
217,-2.4191602223898228,-1.6495552281495036,0.014478101660425563,9,0.01693766731547639
217,-2.436701225775023,1.4872845882733068,0.016492156454973244,9,0.015390263786862701
217,-2.5947393276181168,1.4808856664493295,0.016357569832207697,9,0.0034076594149317885
218,-2.422855225812865,-1.650095996183757,0.016652780871938253,9,0.021145240295279692
218,-2.4265160160241352,1.4769168833129398,0.015702306629012626,9,0.017307281599979456
218,-2.593523496073329,1.4796282471083477,0.015875968404252053,9,0.003526172441742876
219,-2.5801741346088316,-1.6371503473885884,0.015923563037056464,9,0.02073124689508296
219,-2.428755693167559,1.4833907415629273,0.016539838540007845,10,0.019347399672476
219,-2.595854356085071,1.4764052326545045,0.016505288611807747,11,0.004359443835299901
220,-2.5762459756006577,-1.6243682075658912,0.016784745830683248,9,0.004667853995549363
220,-2.427245559176278,-1.641309985359965,0.017386151030745325,9,0.024046898945651513
220,-2.430428252428449,1.4790967528680168,0.01673980388697432,9,0.01745243366294902
220,-2.6008921575230475,1.4753920833282008,0.017221370014689857,9,0.0
221,-2.578869669671721,-1.6565474007105152,0.015308278208281872,9,0.002667473440307388
221,-2.428856572495762,-1.6595844812485503,0.016694150465802526,9,0.0
221,-2.4239324146001717,1.4842736785091466,0.01606944181949737,11,0.021492652696656032
221,-2.5970210728108447,1.473637321828182,0.014992988218988125,9,0.0
222,-2.424148661015367,-1.6474307560242722,0.017168754650128046,9,0.020536900923226603
222,-2.4244804279774104,1.4843183986301742,0.015977230942875887,10,0.019074986745198103
223,-2.575029694384183,-1.6411583511449845,0.01621169268920035,9,0.019782089747804953
223,-2.42439025156243,-1.6476320347781084,0.016115254092664653,9,0.021254244377248887
223,-2.4276386573469386,1.4720428447718763,0.015668797314821417,9,0.018374156095524632
223,-2.5961789040318077,1.4799561763527282,0.016496300271788333,9,0.0030827743416696135
224,-2.4252909231685633,-1.6404551397321858,0.016269549944061094,10,0.020945969348671555
224,-2.4312958078295646,1.4827930292365827,0.015948061659682194,9,0.013249657630158921
224,-2.5845485059590634,1.483208388910925,0.015761439757369097,9,0.018107252758255983
225,-2.4255085952272566,-1.659854938572835,0.015229782547452447,9,0.0
225,-2.42174206225394,1.4845480325769902,0.01641779258995053,10,0.019740889651390946
225,-2.591426102154454,1.4848574491228062,0.01630904419042421,9,0.0
226,-2.5779564980821124,-1.6369305249185429,0.016297676262668457,10,0.020488402159841084
226,-2.427753580778903,-1.662258804949284,0.017526854102288086,9,0.0001667141393725022
226,-2.4190879963854472,1.486431939188655,0.016533410713680828,9,0.02219740874296795
226,-2.5787230555228438,1.4801025828450438,0.016694239893241446,10,0.01705606010262458
227,-2.4240378843522086,-1.6575763231409162,0.01545550967399086,10,0.013060397753085809
227,-2.423764902422924,1.4793273986928042,0.01640040488617993,9,0.01975889117466952
227,-2.6008921575230475,1.4753920833282008,0.017221370014689857,9,0.0
228,-2.4266878068244235,-1.6553811267598806,0.01698084277821935,9,0.01655701538149592
228,-2.4281571835526186,1.484225625563998,0.016183734853474536,10,0.01768175839560528
228,-2.5989150453204073,1.4809410962265985,0.017244525480726188,10,0.0
229,-2.428384003281065,-1.650941765786884,0.016763207905194318,9,0.020119697380462286
229,-2.4254719879849747,1.4803694126243958,0.016420058622635073,9,0.01977541601951347
230,-2.4231460844981827,-1.6579091742539096,0.015837743031082603,11,0.015301580262150751
230,-2.4326037947238537,1.4844012390903516,0.01607726907931945,10,0.016057112817210874
231,-2.4180372662039398,-1.641794114138694,0.016524452121713433,9,0.018816918622482897
231,-2.429604377914076,1.4825528128450687,0.016346770896299583,10,0.01805855163124708
231,-2.565513904549735,1.4775736344731503,0.015557924742188655,9,0.0
232,-2.4230214246208637,-1.6509928757318486,0.016262802986704832,10,0.01931849009540347
232,-2.443077835240839,1.4789708849734162,0.01673401133261438,10,0.0012962178299547999
232,-2.57972029075873,1.4839992551984116,0.015933264211960486,9,0.01951365983632427
233,-2.5764797573835954,-1.6245169728516993,0.016251070892839035,9,0.0
233,-2.422809131521805,-1.6486462397035133,0.017393976350870873,9,0.022802862999749596
233,-2.4254646001928415,1.4803684796261631,0.016420028723717298,9,0.019435970890165997
234,-2.424913709579064,-1.6518030057562278,0.016352812280771404,11,0.020460947218686673
234,-2.411750021230409,1.486542348967956,0.015578962154749191,9,0.0036991136911356222
234,-2.598164830982474,1.4783186783037419,0.01603972433164449,9,0.0034132455769943755
235,-2.5803424041633938,-1.6605417472759236,0.017107048562623607,9,0.0
235,-2.4258061928262356,1.4821875710139008,0.0170087431595193,9,0.021704866180790303
235,-2.596760240788519,1.477244408817501,0.015690146573787755,9,0.0
236,-2.426583480057789,-1.6619334593374493,0.01633465442182544,9,0.002463790048798968
236,-2.408924312982594,1.492874712765107,0.016202819767139984,11,0.004261386615544405
237,-2.579330788692289,-1.6366174349180036,0.01591767969465967,10,0.02072015921333055
237,-2.4248555877051015,-1.648802073086964,0.016439677070963596,10,0.01906392658111448
237,-2.429744598352419,1.4815368589385134,0.015742576878224345,9,0.01914413448650071
237,-2.6008921575230475,1.4753920833282008,0.017221370014689857,11,0.0
238,-2.4254742960827405,-1.6500859375657808,0.01585902134930876,9,0.017326631132200978
238,-2.430762272494549,1.4787419721373016,0.016027976566171945,11,0.019154108250906663
238,-2.5989150453204073,1.4809410962265985,0.017244525480726188,9,0.0
239,-2.429240263600773,-1.6495850263922962,0.015906609204441046,9,0.016128814484259846
239,-2.424125788531651,1.4796648129915277,0.015908350243858158,11,0.026154431153990545
240,-2.5716483875788896,-1.6284508141071443,0.01623377057705733,9,0.0
240,-2.425030315931633,-1.6421238536569516,0.016488140044669003,9,0.019607476627193282
240,-2.4305521041934446,1.478893566829363,0.015758719127289825,9,0.019361531386585085
240,-2.5980406976320154,1.4752884694313566,0.01631370862664819,10,0.0
241,-2.4285000252949724,-1.6627987347546154,0.017448251184520223,9,3.4137679371587055e-06
241,-2.4215848364241257,1.4828079752174281,0.01540062964297763,9,0.020388043647625947
242,-2.5765949576676257,-1.6623454540135958,0.016453184748882205,9,0.0
242,-2.424182832827972,-1.6457161609542366,0.016522882414103886,9,0.019849213665358863
242,-2.4244225144501406,1.4861996629249195,0.016621514405180032,10,0.0193135804936441
242,-2.5989150453204073,1.4809410962265985,0.017244525480726188,10,0.0
243,-2.4251795582569575,-1.650934543610197,0.016546167140793714,9,0.018118181060693277
243,-2.433096912466685,1.4797121546644858,0.01666507460145875,9,0.019186433367963523
244,-2.422340016805765,-1.6458059139484735,0.01659331708170917,9,0.02015468114856392
244,-2.4257776083969107,1.4841734536207127,0.015762404180922243,10,0.018384032637243475
245,-2.426464981119714,-1.6648621544971678,0.016702740183384353,9,0.0
245,-2.4250205841695145,1.4800898535671951,0.01662520835070216,9,0.023714740075944575
246,-2.4245108984549453,-1.6512244404896392,0.016670136180407427,9,0.021169718029439986
246,-2.421922230684849,1.484553181666186,0.015501824737263354,10,0.02327875102205726
247,-2.4147021267189057,-1.632789822803027,0.017308666724390243,9,0.0
247,-2.4268054406385744,1.4795713004443036,0.01606421767132258,11,0.021180509027703694
247,-2.5955309657529146,1.4788247659143254,0.01625811828566591,9,0.0
248,-2.430576562912071,1.4814146743695213,0.016293349837203236,9,0.01702467364502262
248,-2.591815703487807,1.4752802780886958,0.016064770190797727,10,0.016128416556214525
249,-2.424089588332432,-1.6492518676194248,0.016120120816238762,9,0.020270930732166233
249,-2.43034224601864,1.4831408325819913,0.01625477518381238,9,0.01676487343629634
250,-2.4133738335213466,-1.6357418383467537,0.014523897759237863,10,0.0
250,-2.428800736742,1.4813459905469262,0.016465678891352555,9,0.020125034849364065
250,-2.598918266128677,1.4757870916494897,0.016322892391795584,9,0.0
251,-2.427858096158511,-1.6607225028175996,0.016629642071453316,9,0.0025036973143035875
251,-2.4300012979083916,1.483762838523083,0.016010197813053302,10,0.018972424666044107
251,-2.56678694585204,1.4774868157275338,0.015953192735937077,10,0.0
252,-2.4237406870243556,-1.6499416495018153,0.01635764392017652,11,0.020813280536498818
252,-2.4329264504836594,1.481732408369936,0.016117533683054193,10,0.017215099846101516
252,-2.5673435982449866,1.4803525351222462,0.01558531041554714,11,0.0
253,-2.581007023926024,-1.6538980297860055,0.0170762625589088,9,0.0
253,-2.415463270463487,-1.6540734756543731,0.016767133189662185,11,0.020690689815280335
253,-2.4302362801068558,1.482280283466897,0.016680349659809357,9,0.019019414110507525
253,-2.595009443372648,1.476249127724646,0.015675374712485732,9,0.0
254,-2.424828908226498,-1.6549618246704079,0.017022513405143533,9,0.01724246773919864
254,-2.4253068579453627,1.4827580006309342,0.015906315620368185,9,0.019277816203319652
255,-2.422359582140082,-1.644891778556929,0.017366793635950502,9,0.022723357711624544
255,-2.4234635252080414,1.4872250708742956,0.01614653896606348,11,0.022795004732316607
255,-2.597153006370109,1.4799368827337454,0.017217097561371193,9,0.0
256,-2.4248004719932874,-1.6637211239387573,0.016684276920959445,9,0.0
256,-2.4109757659369344,1.4876790035800986,0.016190847659199797,9,0.004261024506436999
257,-2.4219399196858147,-1.6455413911894556,0.016585373749060002,9,0.02220660235443244
257,-2.426073964275504,1.4811124864879555,0.01652581700723975,9,0.02136234088151964
258,-2.425790615434906,-1.6556174149663136,0.017065264223322617,9,0.016827043765337422
258,-2.4278401283000712,1.4849223378153684,0.016503852162768198,10,0.021439403276245675
258,-2.596032440961637,1.4859778264924421,0.017239517640949463,9,0.0
259,-2.573632238706671,-1.6424831946461849,0.016329728862420324,9,0.02024326919591956
259,-2.4257430643600264,-1.6299897503287721,0.015830341767964752,9,0.0044731316375290365
259,-2.418453004904011,1.4796060134821702,0.016086116485940893,11,0.024683219973250733
259,-2.596032440961637,1.4859778264924421,0.017239517640949463,9,0.0
260,-2.4259236383956115,-1.6410474612537402,0.016323087127030577,10,0.017778200453704828
260,-2.4189115396502356,1.4823988191375126,0.015430534379579702,10,0.016635798565971575
260,-2.5613611296512815,1.4844803666403528,0.016175946386639037,11,0.0
261,-2.4238297001488185,-1.6555975545623327,0.016453665409176206,11,0.017091735501178283
261,-2.4070310615859545,1.4852452278771653,0.017504400032663806,9,0.0
261,-2.5843175921992843,1.476210931840626,0.015626934305574266,9,0.016804869341239165
262,-2.4257554169481303,-1.6265876051906765,0.01757411707440735,9,0.0
262,-2.4316458554733313,1.482451636464083,0.016027366255112738,9,0.016538853125142864
262,-2.595009443372648,1.476249127724646,0.015675374712485732,10,0.0
263,-2.576111801303352,-1.6401991371237177,0.017186275523799817,10,0.02001282407944386
263,-2.4256738012184496,-1.642544559745268,0.0160791318492472,9,0.017857557865770562
263,-2.4309677279101805,1.4816390478902381,0.016427937708261783,11,0.026621332379017704
263,-2.5939559476360423,1.4767883993904454,0.015953990363035395,9,0.0015025215570811257
264,-2.42401163732857,-1.6460119604233174,0.017383100534865102,9,0.022743266107161833
264,-2.4306295543989385,1.4815387138958485,0.015486669408002753,9,0.0182307507258914
264,-2.581401442382403,1.4742349494645373,0.016452466984669643,9,0.017533290425413378
265,-2.5742075894432648,-1.6625944713839966,0.015732520175255837,10,0.0019209674749886456
265,-2.423244751286628,-1.6641654596069457,0.015312466712283973,9,0.0
265,-2.420733279568473,1.4822869225271023,0.015392045288695963,9,0.0203798084179011
265,-2.595404913956746,1.478941436140646,0.017204763466589647,9,0.0
266,-2.5789680183321444,-1.6567997787070172,0.016446064467371867,9,0.0
266,-2.4269135495023684,-1.6615495313918431,0.016683671642129097,11,0.003306695484254032
266,-2.4243635648779422,1.4826923758988748,0.015615535755787885,9,0.018364637223339142
266,-2.579192238840847,1.481593265408308,0.016007126635095865,11,0.023956169298550278
267,-2.4256809607590277,-1.6613464981079422,0.016253523577925526,9,0.0
267,-2.435038023451684,1.479105574827692,0.016691269809537796,11,0.01747987871294153
267,-2.5803259769026172,1.4834966601912223,0.015907733694964087,9,0.02022726771789609
268,-2.5801430292823695,-1.6536317805823044,0.014410970572166878,9,0.0
268,-2.42414537375328,-1.640986536599028,0.015787220676336238,9,0.017116461580759062
268,-2.404503591612807,1.4836861527534666,0.01747389265859873,9,0.0
268,-2.5964094004944736,1.4793247821910631,0.01626880169705576,9,0.0
269,-2.579490218586236,-1.6599923613042544,0.01709326469438064,9,0.0
269,-2.427112295998098,-1.661953790731883,0.016832460381271182,9,0.0009163209099451103
269,-2.409050588572236,1.4929535914805525,0.015168025373214693,11,0.003861678999815609
269,-2.596584820641496,1.478284595504282,0.015979474135421758,9,0.0015049343954378416
270,-2.5821855024302227,-1.6536431715654643,0.01645071281709304,9,0.0
270,-2.4299189748160526,-1.6574205323689022,0.016349907014884594,10,0.0040505260375526125
270,-2.421985785810236,1.4879595361088316,0.01489341064246924,10,0.014760811369242798
270,-2.599148656591566,1.4744025563216079,0.017216208268315134,9,0.0
271,-2.429210338933451,-1.6508930787377174,0.01744598788076062,10,0.016608091905063526
271,-2.433733041738954,1.483530301117711,0.01639164710218509,10,0.015300483709431281
271,-2.597153006370109,1.4799368827337454,0.017217097561371193,10,0.0
272,-2.4256308550174284,-1.6642915137033725,0.016692023724132546,9,0.0
272,-2.425031249958688,1.4801064011128755,0.016413640249787163,9,0.0192583106953698
272,-2.594638158706859,1.4809723717531715,0.015691993953479994,9,0.0
273,-2.5801676445148782,-1.6554622013529467,0.015592577447863503,9,0.0
273,-2.4226749809934827,-1.6590550894525997,0.016324084580448234,11,0.020462879319656017
273,-2.424343210495258,1.4861453525093766,0.016342122973044562,11,0.02343252066457093
274,-2.57686747257558,-1.6599071982575222,0.016329857395306596,8,0.0
274,-2.4229091290206006,-1.6524175548004478,0.01666369191263598,9,0.021711119837274664
274,-2.4312190766195267,1.481184542544957,0.015803642789191916,9,0.0182999174123996
274,-2.5942861432224964,1.4849771360669326,0.017226760035664104,10,0.0
275,-2.430345477932047,-1.6588017653523226,0.016596141403323876,9,0.003266805370781018
275,-2.4328190096747924,1.4801163961325585,0.015660972455560397,10,0.021564905882136894
275,-2.5642880922328275,1.4744176457086535,0.017048112518728634,10,0.0
276,-2.422987826924659,-1.6470368451588833,0.017013508104810726,9,0.02161323145476613
276,-2.4321933759006122,1.4832772262987002,0.0155698798912108,9,0.01609357715417823
276,-2.5809396856285023,1.4807126964924873,0.01667753391543863,10,0.017528698146281232
277,-2.578130890665578,-1.6581085345711841,0.016449006174433317,9,0.0
277,-2.423976430471433,-1.6494755826834855,0.016846172632113725,9,0.021204989043939672
277,-2.4080463554122473,1.4826476021092563,0.016348464660709407,11,0.0
277,-2.5860568436719347,1.4802972337817248,0.015880400133544612,9,0.020513081366669357
278,-2.573124566436454,-1.6224023442350874,0.016216525969239174,9,0.0
278,-2.425896674658317,-1.6391116131882175,0.015246146999357042,10,0.01612916322729868
278,-2.438890625685596,1.4793195073563759,0.016340106957325736,10,0.0021593829874555596
278,-2.564262872424523,1.4876713727681006,0.015549140279531987,10,0.0
279,-2.4230855814858163,-1.6453713271338137,0.016960671268762738,9,0.01915011760428541
279,-2.4326712132637534,1.4797480720626828,0.01580530201210054,9,0.01710588072604325
279,-2.597153006370109,1.4799368827337454,0.017217097561371193,10,0.0
280,-2.5823646051717137,-1.6565834242935416,0.017042112518214622,9,0.0
280,-2.4199456289444967,-1.647605521878238,0.016583629322977862,9,0.022135017980885623
280,-2.432300203668356,1.4799134878526745,0.01592319819257343,10,0.017262533897265276
280,-2.580257166057777,1.4874378026479051,0.01624698780447971,10,0.01901904570382287
281,-2.4270231346117903,-1.660151899006215,0.016618570184287453,9,0.002502439603789935
281,-2.597638157895973,1.477743749329344,0.01570003815053266,9,0.0
282,-2.4276695540898774,-1.6622301461797864,0.017441811774922048,9,0.0
282,-2.4260298236771494,1.4779250976647669,0.016398960510176537,11,0.027495302865584124
283,-2.4219390510214334,-1.6446028238320163,0.01735654418886628,9,0.02200362242097942
283,-2.4285736112513585,1.4826078251545725,0.016257473254236793,9,0.018837375695857896
283,-2.593584832193574,1.481097558623121,0.015750780635577596,10,0.004315090907974286
284,-2.419114105235873,-1.6470394044381682,0.016577217619562233,10,0.02213100276661413
284,-2.422540098261763,1.4861927113619227,0.016434991316102855,11,0.024789634421390327
284,-2.5955309657529146,1.4788247659143254,0.01625811828566591,9,0.0
285,-2.4283144030409014,-1.6588896520650387,0.01603293139814754,9,0.004297016947861707
285,-2.428106820522746,1.480818785296443,0.015434385430088701,11,0.02861890411912083
286,-2.42529687573429,-1.6457194276894433,0.017129388683179907,9,0.023480533457792087
286,-2.433437582168802,1.483150497710164,0.01565833534718996,10,0.013690871126323358
286,-2.574205141389181,1.485932765125849,0.016242498660744214,10,0.017939057228075764
287,-2.4239630444018543,-1.6631471777817899,0.016669533885477945,9,0.0
287,-2.4348487716584115,1.475780234844344,0.01644104465442215,10,0.015251105483940049
287,-2.581314819285602,1.485467913505914,0.016219039199261494,9,0.01918285173548114
288,-2.423797653543076,-1.649439971824334,0.01648082150880778,9,0.0199522252711838
288,-2.4184434767945993,1.4890028923017253,0.016292404593935297,10,0.020357136708835027
288,-2.593355050406204,1.4839887401297596,0.014933187296304492,10,0.0
289,-2.4251133892544248,-1.6514182553390842,0.016795609088508634,9,0.019091657796441352
289,-2.423494739971309,1.4852758707568943,0.015529377214832864,10,0.019947316321413115
289,-2.5939875612140524,1.4807421163388084,0.0161685943336048,9,0.003104738711717986
290,-2.4227577693706643,-1.6460918263460367,0.01659935971439717,9,0.020852303478338576
290,-2.434459852960708,1.4815047346417083,0.015749450965481634,9,0.015429542822821165
290,-2.594638158706859,1.4809723717531715,0.015691993953479994,10,0.0
291,-2.5740384087932426,-1.6264687754364318,0.01642502651308965,10,0.0
291,-2.424215034553726,-1.6540687954644437,0.015760587122485424,10,0.016891811410729825
291,-2.4347023203725056,1.482946997246515,0.01636932273849117,11,0.020257109203550585
291,-2.5949804795570746,1.4776302732419282,0.01602037532473668,9,0.0018299236383949801
292,-2.4240512471959543,-1.647384548348369,0.017272106643259344,9,0.018563291273727824
292,-2.425202369664904,1.4839518544116483,0.015254602296079035,9,0.018501568709212938
292,-2.599148656591566,1.4744025563216079,0.017216208268315134,10,0.0
293,-2.4271007012715122,-1.641000518177326,0.014910812173975743,9,0.01894546074712835
293,-2.4326687886398832,1.4825747927030677,0.01599056393838181,11,0.02290058472107018
293,-2.597287925484527,1.4798244430978214,0.016279391154434893,9,0.0
294,-2.4300026138149526,-1.6587623797704516,0.016258278110642854,9,0.0033420828748623576
294,-2.428980954915026,1.480314122552618,0.016323964377443923,9,0.020131375796390804
294,-2.5989150453204073,1.4809410962265985,0.017244525480726188,9,0.0
295,-2.5799752338408735,-1.659236366844992,0.015761604625670826,10,0.0019286288321061513
295,-2.426962694533459,-1.6514474437286395,0.017280094027990633,9,0.018962887320290625
295,-2.433768183413354,1.4820032989340173,0.016342300151367926,10,0.014015759293753203
295,-2.5949999753639434,1.482452566433968,0.016000017797702912,10,0.004138991082814401
296,-2.4256832038769782,-1.639118152613621,0.01610668322342092,9,0.01793020727760685
296,-2.4322539006249912,1.4787590390714387,0.016100231759344594,11,0.018163592153601797
296,-2.5975041096197913,1.4759359459874983,0.01568979052506396,10,0.0
297,-2.5683928450205293,-1.6328739275245383,0.015501255574222491,9,0.0
297,-2.427670777359239,-1.6433296735127103,0.016313765627700344,9,0.02137845180799784
297,-2.426102228088279,1.4800126849534645,0.015618323725089334,9,0.021948070126988288
297,-2.5823007921819965,1.4830601329240065,0.016962377062524726,9,0.018622440375890167
298,-2.5782736442830325,-1.648827408150454,0.0170013100621244,9,0.01966505344120024
298,-2.425482763046881,-1.6504373773472754,0.016679027007978815,10,0.021302517873101876
298,-2.410905044747653,1.4860218788603536,0.015571193914431715,9,0.0036990915368246514
299,-2.5806021792692886,-1.6422128974349997,0.015986282820904446,10,0.019445425995360817
299,-2.4245709462803164,-1.6388941008590254,0.016985185547454828,10,0.019907083882039274
299,-2.4285476107764414,1.4822532407717193,0.015894676575712138,10,0.016997044250179585
300,-2.5754942621304524,-1.6416984901290967,0.01590936287926015,9,0.02013935019280337
300,-2.424339125968933,-1.6443272263274178,0.015933000730636523,9,0.01972392808998079
300,-2.4061885736611788,1.484725204237955,0.017494228412785022,9,0.0
301,-2.428219730364332,-1.659935485689702,0.01567662730996591,9,0.0016242391932067045
301,-2.4096998170435153,1.4917390422489336,0.015592167926957045,11,0.0037004460026665836
302,-2.5806658120991406,-1.6578909825471877,0.016464592809410216,9,0.0
302,-2.4186917001803026,-1.6286595839525755,0.017312148046712834,8,0.0
302,-2.4323730692025567,1.4836926171787905,0.015905685434602725,9,0.01569943689820423
302,-2.5622684019527506,1.4798780280613648,0.0170710916420939,10,0.0
303,-2.4261162890208827,-1.6545158721469857,0.016945598232677783,9,0.01809335054185363
303,-2.4328441010589326,1.4843184203379864,0.016842058643193547,9,0.018060639228057285
303,-2.575648241392268,1.4915286684579412,0.01578474672750016,11,0.021149778966601536
304,-2.5744651437622768,-1.6405430965210814,0.015899108022891364,9,0.020676353055617262
304,-2.4212780433489787,-1.6445981972215682,0.016265059624253942,9,0.022299935318914
304,-2.429141899420448,1.4832437244245362,0.015393120935893031,9,0.019187183472177974
304,-2.565700151446218,1.4758130496299577,0.016373680197362836,9,0.0
305,-2.431360025977108,-1.6612929580103353,0.016725287744696237,9,0.0
305,-2.4325114065380697,1.4841825734230951,0.015680189103999338,10,0.015673218913470965
306,-2.427748229569771,-1.6595318007221815,0.016218249751171292,10,0.0060394919903681895
306,-2.4330652304596136,1.479694861851091,0.01565707623588909,9,0.021845198388024744
306,-2.59803342667005,1.48043799717094,0.017230047197295026,9,0.0
307,-2.4256308550174284,-1.6642915137033725,0.016692023724132546,9,0.0
307,-2.4238156942584514,1.4878253906348644,0.015910957829313305,11,0.022204688874071763
307,-2.597153006370109,1.4799368827337454,0.017217097561371193,10,0.0
308,-2.575753264061403,-1.6618021530761407,0.016450403011953205,9,0.0
308,-2.4271007012715122,-1.641000518177326,0.014910812173975743,9,0.01894546074712835
308,-2.4225384911680967,1.4850561622438399,0.015610614389871215,9,0.020218987194081026
309,-2.4300466654238257,-1.6320664881327551,0.016114143069827183,10,0.017157554618938864
309,-2.4339187478451594,1.4817675425840666,0.01579832332666855,9,0.014530330097720378
309,-2.6008921575230475,1.4753920833282008,0.017221370014689857,11,0.0
310,-2.42796496343901,-1.647385320518479,0.015509474201546589,9,0.019530913881203964
310,-2.427135436299111,1.4765123579637913,0.015980753411111766,10,0.02556878999538948
310,-2.597163131025979,1.4747898484650974,0.016304527129982538,9,0.0
311,-2.4296210734677923,1.4847649358207364,0.01602328162351301,10,0.02051431486938626
312,-2.4285000252949724,-1.6627987347546154,0.017448251184520223,9,3.4137679371587055e-06
312,-2.4291937816605373,1.4823927469051779,0.016517908196852088,9,0.020376874767869414
313,-2.4244557620805516,-1.6308322519629117,0.015758767847921545,9,0.00279869535265215
313,-2.4249900409266827,1.4833174044374657,0.015089282748249088,9,0.01947274996566268
313,-2.5962722687460085,1.4794351059261066,0.017203544295294516,9,0.0
314,-2.581189285704808,-1.661086919512633,0.017114157738960144,9,0.0
314,-2.419510672729604,-1.6292115358205985,0.017324276026237102,9,0.0
314,-2.4285204546416077,1.4812342849668454,0.016656055133539117,10,0.019002644413908514
315,-2.4201438053394666,-1.6472728529670668,0.016919971670746447,11,0.027594962512988555
315,-2.430413120012371,1.4800513016449575,0.015965123039419948,11,0.026380208211699403
315,-2.5660045294917264,1.4754037817219086,0.017068753182551254,10,0.0
316,-2.5708110432711764,-1.6279200062536574,0.01622564931675037,9,0.0
316,-2.4254707666930844,-1.6511240749098477,0.015985994646833267,9,0.015927359097329712
316,-2.423617925041624,1.4857181161063615,0.016173168443487807,9,0.020414584019713907
316,-2.59803342667005,1.48043799717094,0.017230047197295026,9,0.0
317,-2.5789746334004797,-1.6586501737608874,0.01645266639081236,9,0.0
317,-2.4276695540898774,-1.6622301461797864,0.017441811774922048,9,0.0
317,-2.423464828822396,1.4847338864158952,0.015723137421401617,10,0.020594242184660605
317,-2.5790885267548287,1.4864389015752537,0.015285975759120267,10,0.016321290043564165
318,-2.4147021267189057,-1.632789822803027,0.017308666724390243,9,0.0
318,-2.4231115348850087,1.4837772738176191,0.016997222150609507,9,0.01836789790634129
318,-2.5614148592401498,1.479385094993496,0.017056769867012937,10,0.0
319,-2.426583480057789,-1.6619334593374493,0.01633465442182544,9,0.002463790048798968
319,-2.4199865009425445,1.4802625941748957,0.016782058526011178,11,0.024875268079425524
319,-2.580267570585266,1.4835532393471036,0.01637634228741325,9,0.02095003358962093
320,-2.427858096158511,-1.6607225028175996,0.016629642071453316,9,0.0025036973143035875
320,-2.4258879555276414,1.4806133174678555,0.016638283970488707,9,0.024045571913624518
320,-2.5976163583483207,1.4790107201360467,0.016203739536129406,9,0.0027108391345530766
321,-2.5745726981008312,-1.6639000833530586,0.01707775482260424,9,0.0
321,-2.4221555723614454,-1.646466329879678,0.017004276473598274,9,0.020219693243559978
321,-2.4266632997291255,1.4827100339734698,0.01702341818983585,9,0.02171350119157742
321,-2.5955309657529146,1.4788247659143254,0.01625811828566591,9,0.0
322,-2.423696856576852,-1.656738794183552,0.01595043722208846,9,0.01688566808703067
322,-2.5805614571812168,1.482062215486168,0.016941110530097427,9,0.01860035489004986
323,-2.4250721092520613,-1.6408469035259567,0.016193472927663,9,0.018514658458550902
323,-2.4333615935955772,1.4798696734590369,0.015662569809231825,11,0.022168490225289588
323,-2.5779444351692122,1.4853307081833764,0.015234699174630169,9,0.01668839626091104
324,-2.5815124203921407,-1.656036758612968,0.017029940388290192,9,0.0
324,-2.424160196237017,-1.6570506706857846,0.015991489091316154,9,0.01544093043355283
324,-2.429484187160888,1.479668972665051,0.01651897245561229,9,0.018008896773218794
325,-2.424600743105142,-1.6395389122055413,0.01710292872511933,9,0.01936122154523061
325,-2.4290534307578024,1.4835722923140287,0.01685741226033479,9,0.0174695240883823
325,-2.5937178810077266,1.4825586479992392,0.01676217703934327,10,0.003192506249868779
326,-2.5810193476521865,-1.6376881342041578,0.01593310671115076,9,0.020743620854852172
326,-2.425863404270239,-1.645650558752925,0.01587215074943383,11,0.019059272321810233
326,-2.4320111132938607,1.482235277360005,0.015510603889615799,9,0.018609403051312617
327,-2.5749070399618286,-1.6270173422930745,0.017383140446490936,9,0.0
327,-2.4280440543923185,-1.6461117527094342,0.01629340077746316,10,0.018763945854895613
327,-2.420072923432644,1.4900086628335518,0.016057108029244548,10,0.020439800288424837
328,-2.572485142988307,-1.628981272045581,0.01624332916095819,9,0.0
328,-2.4260574596417577,-1.65146591435688,0.016675789536805045,9,0.0175543673978422
328,-2.4278126914874303,1.481056251449779,0.01563990408825735,9,0.0219715966740317
328,-2.597153006370109,1.4799368827337454,0.017217097561371193,9,0.0
329,-2.4253737083277587,-1.6469651296838266,0.015734789223385455,9,0.017256782169305006
329,-2.42703874976064,1.4816594773334273,0.016032029668740157,9,0.01851818655968455
329,-2.583703917371458,1.4884731171228551,0.015627196617841163,10,0.023781482759175
330,-2.423786748803214,-1.6442230817429098,0.016570849159871677,9,0.021399845300086984
330,-2.4317140829812924,1.4829274155111907,0.016229298240580465,10,0.02035478683978352
330,-2.60177358284779,1.4758911859378443,0.017234318820647635,9,0.0
331,-2.4224813746615146,-1.6524301720258376,0.016340331267529415,10,0.02098158629304004
331,-2.428743543672354,1.4824334515056208,0.016425609277004406,10,0.024421132753061375
331,-2.5989150453204073,1.4809410962265985,0.017244525480726188,9,0.0
332,-2.423850089608276,-1.6515578910924222,0.016268975139291323,9,0.019324916387028157
332,-2.4301231650245247,1.4829877545391483,0.016360531681369177,9,0.021522105638852148
332,-2.5996248225820118,1.4722064558074182,0.01569406589442407,10,0.0
333,-2.5795192470515884,-1.6372354414272947,0.015917440020058213,9,0.02016757639354407
333,-2.423700010539714,-1.6459159229779312,0.017075784863583715,10,0.019764128142077543
333,-2.4393615381915197,1.479019880086977,0.015933916068769913,10,0.016762231823793595
334,-2.4261813312513323,-1.651609186823123,0.016130463965057344,9,0.016241209130379367
334,-2.4302362801068558,1.482280283466897,0.016680349659809357,9,0.019019414110507525
334,-2.596760240788519,1.477244408817501,0.015690146573787755,10,0.0
335,-2.4261741664340835,-1.6383123795218781,0.017518829896713464,9,0.02036749833686089
335,-2.420129599809413,1.488965899283393,0.015526228942520032,11,0.01945831011238416
335,-2.585511023142553,1.4812460545394444,0.015831505745677783,9,0.01969241496628127
336,-2.569971882497345,-1.627389614964724,0.016217458274583586,9,0.0
336,-2.426206656917811,-1.640620793803252,0.016843399418228856,9,0.018801806381703645
336,-2.4221040077694704,1.4855114385710175,0.016287420032254453,9,0.022967136729909028
337,-2.424401698380962,-1.6462675191052925,0.01688909061003817,9,0.019654353559446502
337,-2.4092874155292576,1.4866373084900149,0.016174354023415417,9,0.004256805224501966
337,-2.5803771952769394,1.4817385892593622,0.01602415968173032,9,0.02040123204864769
338,-2.4274204975922666,-1.6625068687581708,0.016349130247254727,9,0.0024660092670935573
338,-2.4100610272176324,1.4855018310442258,0.015562719960581334,9,0.0036954096914280383
339,-2.423998307275137,-1.6538992353263728,0.01629085505128276,10,0.01787378283616786
339,-2.4338106545263356,1.4836299318749884,0.016307728027849626,10,0.016503642505305026
340,-2.581867190528316,-1.6565553678625038,0.015612837220688805,9,0.0
340,-2.414198250486622,-1.6363031679639977,0.014526735059917053,9,0.0
340,-2.4339432831519487,1.4807783021308751,0.016197458818833072,9,0.014790161631968658
340,-2.5978701787011524,1.477415177418517,0.01599911796750937,11,0.004138068092627447
341,-2.4170496101902863,-1.6275534109340715,0.017291775496978957,9,0.0
341,-2.430423394641809,1.4821588438822928,0.016306800516362508,9,0.016665441659558588
341,-2.584175047326234,1.4777876504921752,0.016182964435773255,11,0.02330663844970996
342,-2.5801792616062444,-1.655288514806466,0.015623167178198942,9,0.003251307766400857
342,-2.42401163732857,-1.6460119604233174,0.017383100534865102,10,0.022743266107161833
342,-2.427660077561009,1.484626062987136,0.01651502728058087,10,0.02323187143535511
342,-2.5846244163227143,1.473368815284199,0.016974977865048,10,0.017177643600687388
343,-2.4260205802564747,-1.6416393802375593,0.0167305705381422,10,0.02025936770312861
343,-2.431987143056238,1.4837461672515677,0.016522292061667804,10,0.02038172907150749
344,-2.426571742011354,-1.6476824917752324,0.015940411931377064,9,0.023893474608999415
344,-2.4289293800924923,1.4829273315064715,0.016838734714753667,9,0.01861129303387516
345,-2.578638723999873,-1.6554479730176257,0.016016378126890257,10,0.002672815133642437
345,-2.427665380905553,-1.6622265106432712,0.017436387731416675,10,9.771825272502432e-06
345,-2.4259403901144196,1.4790351216327933,0.01699408405930983,9,0.02500617195029112
345,-2.599148656591566,1.4744025563216079,0.017216208268315134,9,0.0
346,-2.5806675602328397,-1.655496496380196,0.017026569630321866,9,0.0
346,-2.419283759545494,-1.6498645254543856,0.014894404385729015,11,0.019014535875071806
346,-2.4260663755392073,1.4811208160573053,0.01500493430739185,9,0.020003191763493543
346,-2.595177709092937,1.4803271376287228,0.01631738814438899,9,0.0
347,-2.4331643480032277,1.4800672176091392,0.015612177485165793,9,0.01488043962351683
347,-2.5761294260120415,1.4763126015324317,0.016497873543806916,10,0.018524247897677877
348,-2.4288817974261256,-1.659786579533244,0.015829550273030523,9,0.0
348,-2.433330882176131,1.481712067593851,0.015887301311530908,10,0.016328459382205653
348,-2.5954112760541355,1.4737955793808564,0.01628908331843625,9,0.0
349,-2.4256348709925506,-1.6531311551610282,0.016893656730889203,10,0.0199867895784947
349,-2.430285512859217,1.4839151670347113,0.016076127686159097,11,0.020302248875431052
349,-2.5625466357686686,1.4866760057467379,0.015532729021570274,9,0.0
350,-2.4251693608819256,-1.6624002920763488,0.015862358137181242,9,0.0
350,-2.4250435950973146,1.482503296596391,0.01595826629910042,9,0.02068678129103803
350,-2.5938633487370173,1.4774340142037945,0.01712797498128656,9,0.0
351,-2.424876096801778,-1.6548354170536972,0.017399800055191088,9,0.017608381356104968
351,-2.4221040077694704,1.4855114385710175,0.016287420032254453,10,0.022967136729909028
352,-2.4255926460282202,-1.6401953425338716,0.017367359943774967,9,0.02402630112939288
352,-2.4212822634417632,1.4832043450976933,0.015875694917271605,9,0.01999405192497729
352,-2.593518788352302,1.4784509927717728,0.01609622763716204,9,0.0023531304101864397
353,-2.4259970892793277,-1.6472216474214239,0.01610085478494399,9,0.018588702801290907
353,-2.4278695769281873,1.4824216914011044,0.01662839900725877,9,0.01874383461274732
353,-2.5922053897524786,1.478502174285928,0.015377552610627248,10,0.003485846068186515
354,-2.417820288785101,-1.6545972672937463,0.015492955717217349,11,0.02387535712421209
354,-2.430056002520634,1.4816833334316333,0.015453244530216754,10,0.019778418677064556
355,-2.574650615631321,-1.6411600280370662,0.01590151449913542,8,0.020128139250709918
355,-2.4241723438443485,-1.65164030583649,0.01600900903282352,9,0.018469454792422513
355,-2.433374140215482,1.4814304869390635,0.01620059433118653,9,0.01962104648815636
355,-2.585616403351475,1.4792901295285024,0.015816347203328484,9,0.01811645484534739
356,-2.5733770849994158,-1.632549209456578,0.016111883502640895,9,0.01811811685305135
356,-2.4266573085774557,-1.6603179752377886,0.016676066603119623,9,0.002857339913224239
356,-2.4267161496817855,1.4823260617043217,0.01692542293051262,9,0.02026702333390775
356,-2.582213463620402,1.4749147254193693,0.016245690324411657,10,0.019000270057552747
357,-2.4236198771458586,-1.6377278152743544,0.016842045798723157,9,0.019148517312200363
357,-2.4299071162790287,1.4788119260650638,0.016112148710557994,11,0.022722785638356564
357,-2.5788288126697267,1.4810678504202661,0.016927238398435053,10,0.01858779528033072
358,-2.564547929840274,-1.6283542342655297,0.016311151876375992,9,0.0
358,-2.4213402326038573,-1.645922462318722,0.01699189961055575,9,0.02295954968464474
358,-2.4222878002822528,1.4823985389654706,0.01626854786350927,10,0.01965157244283423
358,-2.5907314794198713,1.4824865697245664,0.014910186469281654,9,0.0
359,-2.57562596581047,-1.6381377340558851,0.016606861028172083,10,0.02000371492377738
359,-2.426473799525898,-1.6499015951200797,0.01635654480864792,9,0.018698660863069642
359,-2.4254928921781036,1.4883435814569428,0.015690508385165614,10,0.018952546251277087
359,-2.571568213067843,1.4804800311277027,0.01594114529887965,10,0.014755732787037068
360,-2.4213377226765957,-1.6459158947230967,0.016990290508261105,9,0.021573992119653843
360,-2.4315584415355618,1.4854397023934953,0.016114629746590975,10,0.018611655397845518
361,-2.5810370606740523,-1.6431401895015163,0.016294029630701076,10,0.01864881082049033
361,-2.421322414540875,-1.6512204516767468,0.017024741303223127,10,0.021184407788599494
361,-2.4243795829026196,1.484492860962011,0.016956906307332306,11,0.023829820123775682
362,-2.577751044145422,-1.6479298300876164,0.016518661019572674,9,0.01925880645899129
362,-2.4215348730924027,-1.6443383405044072,0.01734900202435859,9,0.024093168244694256
362,-2.4241307001750836,1.4802907594163401,0.016275054014763007,9,0.022974104568308038
362,-2.5964094004944736,1.4793247821910631,0.01626880169705576,9,0.0
363,-2.5757496622657743,-1.6384994464824145,0.01618319108782265,9,0.020323042744905623
363,-2.425066092809707,-1.6545049721423544,0.016852586087800884,11,0.01963640612663954
363,-2.4212487905951234,1.4821005428105989,0.01666050982824484,9,0.02129753657455816
363,-2.5625466357686686,1.4866760057467379,0.015532729021570274,9,0.0
364,-2.5786373190240646,-1.6364273990015432,0.016278379136621564,9,0.020976251191479736
364,-2.431668139607442,-1.6571631251447219,0.016569436061702966,11,0.003276985784430173
364,-2.4280588568368024,1.4835711445061985,0.015485545816174173,9,0.021690324906137586
364,-2.594861807456836,1.4793715025373717,0.016010396402800088,9,0.0023192986954025025
365,-2.5756413697020775,-1.623988107643226,0.016242211112970438,9,0.0
365,-2.4257476838144685,1.4873930073435222,0.015030319703741739,11,0.02001609614183929
365,-2.597153006370109,1.4799368827337454,0.017217097561371193,9,0.0
366,-2.4154092625768984,-1.6264527458429805,0.01726703895659523,9,0.0
366,-2.4225134474915637,1.4839539353718105,0.016053884240068768,9,0.022033709041946202
366,-2.5928879563875897,1.4799735396446752,0.015676143792845328,9,0.0
367,-2.425996504357606,-1.653400933669633,0.01602215244384248,9,0.016579934391011828
367,-2.416431528759604,1.4813051738259813,0.01650931717214679,10,0.02254200230332997
368,-2.4278400336734705,-1.6490707113648295,0.015242327361382904,9,0.019706190639836696
368,-2.4250734831836294,1.479253454698163,0.01569966257195886,9,0.02075090856224432
369,-2.5792962649603157,-1.6530893048942197,0.014405126877725268,9,0.0
369,-2.431136638989735,-1.6396609380408014,0.0155504926321561,10,0.018984748113029613
369,-2.409435183589743,1.4785010555828197,0.01588018108641459,9,0.004543067921394569
370,-2.576882370009346,-1.6497456942011197,0.016564621649034012,9,0.018051055002396163
370,-2.4273036866839512,-1.650893220453085,0.017033924154635074,9,0.017510441058418792
370,-2.423072695838025,1.4757098084260707,0.015641394326622836,9,0.01836408983892565
370,-2.597343108673147,1.4729222784194256,0.01492064090398983,10,0.0
371,-2.423319268816286,-1.6472557653083704,0.01710461415372358,9,0.01975992502573594
371,-2.4229595769268037,1.4827951952554965,0.01661603005135409,10,0.019833224712272494
371,-2.597163131025979,1.4747898484650974,0.016304527129982538,9,0.0
372,-2.4256928537665776,-1.6539969876671128,0.017476209583275337,9,0.01798619215906526
372,-2.43490158960187,1.4790298614357145,0.01606793459127525,10,0.017325250653300886
372,-2.597163131025979,1.4747898484650974,0.016304527129982538,9,0.0
373,-2.4244324036105023,-1.651480091096201,0.016917777564578688,10,0.020047654060005648
373,-2.4233790314842976,1.4819396420832223,0.01617770557559959,9,0.020486298536520394
374,-2.4243907995065856,-1.641822484969805,0.015757710385207863,9,0.018345820370789235
374,-2.4311575322830223,1.4840033405462119,0.01630350670830241,10,0.016682226426210818
375,-2.4249729865550256,-1.640927833533062,0.016588109734330163,9,0.018337295663376114
375,-2.4299257130919734,1.4843993040952175,0.01588094349365812,10,0.018646699715786696
375,-2.5773547329776703,1.4854400576591826,0.015268790603665029,10,0.016307983714462362
376,-2.4229567290168315,-1.6382689165689281,0.015365504364909514,9,0.017197019749043137
376,-2.4293128537934785,1.4775083018765642,0.015968483456725423,11,0.0165121455436359
376,-2.5928879563875897,1.4799735396446752,0.015676143792845328,9,0.0
377,-2.577269232984348,-1.6557095799842987,0.01642754592051871,9,0.0
377,-2.422241122496414,-1.6276375612593468,0.016927749571358862,10,0.004651970237219277
377,-2.4216138632234188,1.4804735843334655,0.016187403526687107,9,0.020983734352827535
378,-2.5715560423738646,-1.6249017778672392,0.017345981417277764,9,0.0
378,-2.4211234718633365,-1.6440556368534371,0.01734966994665415,9,0.02339973128695352
378,-2.4278478782323205,1.481174796241279,0.016002496206486097,9,0.019495865910711396
378,-2.597153006370109,1.4799368827337454,0.017217097561371193,9,0.0
379,-2.5716483875788896,-1.6284508141071443,0.01623377057705733,8,0.0
379,-2.425190881057094,-1.6575387163491393,0.014517876559136516,9,0.0
379,-2.428362389427366,1.4860738660114137,0.015804423290539462,10,0.02151456294378672
379,-2.593406729114881,1.4844740101797815,0.017213810766997,9,0.0
380,-2.42518512815288,-1.6509317147331155,0.016325183661863554,9,0.016925143540260902
380,-2.4393706462683857,1.4820098078907948,0.01546427577788119,10,0.0025016595151267215
381,-2.424037850919143,-1.640444065615022,0.015913753038220155,9,0.016334810314140427
381,-2.432028832080689,1.4792063762624246,0.01647651482132879,9,0.01901162708003624
381,-2.6000238309766424,1.4748994111428497,0.017222610953156692,9,0.0
382,-2.4296934877740064,-1.660154925200785,0.01670679825668828,9,0.0
382,-2.4258061928262356,1.4821875710139008,0.0170087431595193,9,0.021704866180790303
383,-2.42174573583525,-1.6493449048230673,0.01663009800952459,9,0.021753541609414423
383,-2.4216186247098226,1.4844844327108868,0.016293698146092248,10,0.0205574631662909
383,-2.5864101604033287,1.47997004017898,0.015827863437078163,9,0.015275090698032423
384,-2.5693287126074194,-1.6335551924624991,0.016014860865520293,9,0.017366542582608367
384,-2.4253669110232443,1.4846316291012456,0.015739315947105127,9,0.018604102244776533
384,-2.593759737896373,1.480471428030755,0.01568090219634503,10,0.0
385,-2.4228955991841645,-1.6463114879706713,0.01687112385429255,10,0.021175881869501343
385,-2.432756492937144,1.4798429173412886,0.01583583078318352,10,0.01983456648711783
385,-2.594524499859039,1.4784403246123785,0.017191820681565693,9,0.0
386,-2.5771132256596743,-1.665541463727879,0.01710305243813942,9,0.0
386,-2.42410792114125,-1.6254820262415959,0.017557386145991054,9,0.0
386,-2.4252503655262223,1.486707601186649,0.01583224145402847,11,0.023329703810581283
386,-2.595404913956746,1.478941436140646,0.017204763466589647,9,0.0
387,-2.580820062294451,-1.6417203209308577,0.016949671591432153,9,0.020439164239885396
387,-2.423967655702631,-1.6434716821285642,0.016590619456466477,9,0.022159383602951475
387,-2.431888430648271,1.4824255143317449,0.015936241374684277,9,0.017647670130614874
387,-2.5964936397578433,1.4789319265687857,0.017155484579350604,9,0.0
388,-2.5716483875788896,-1.6284508141071443,0.01623377057705733,9,0.0
388,-2.4242386561814793,-1.6510414676745926,0.016664854863357406,9,0.021802300126991168
388,-2.430948501872871,1.482897192539166,0.015884199946463118,9,0.017781869221578837
388,-2.5954997712008736,1.4797726476067543,0.016577059060229268,9,0.0012428889829958685
389,-2.423307502195233,-1.64253061661605,0.0162732923781621,9,0.02225358080574208
389,-2.426161819668955,1.4832800247873297,0.015916769203997483,9,0.01928897109587308
389,-2.597153006370109,1.4799368827337454,0.017217097561371193,9,0.0
390,-2.430804029508272,1.4835860167884845,0.015771037232601558,9,0.018456553065365887
391,-2.576646440889947,-1.6378848596216948,0.016642780609202254,9,0.020807235150094243
391,-2.4277059518575674,-1.661260013652976,0.01717432537789142,11,0.0024823938042555283
391,-2.4292491457126943,1.4800112360337276,0.016385501834199914,9,0.018027958965338948
392,-2.576504423945828,-1.6349053271490455,0.016404330454343793,9,0.018918073335534743
392,-2.42362027656747,-1.65671985519947,0.0173997411056356,9,0.01917690076622009
392,-2.4322155062451745,1.4809120427842537,0.016379547456080543,10,0.017466419438475062
392,-2.5859383616104044,1.4805943896158473,0.01603999817330357,10,0.02068032888135535
393,-2.569971882497345,-1.627389614964724,0.016217458274583586,8,0.0
393,-2.428498314418619,-1.662797834794002,0.017446356652165058,9,0.0
393,-2.4276520061908515,1.4825828864813169,0.015736155452374893,9,0.01966384574851289
393,-2.584146105739844,1.4814986479890906,0.01562565902382776,9,0.01630365921548174
394,-2.422443885042309,-1.637780450573559,0.01675750311445647,9,0.019665649531848132
394,-2.4267553106835837,1.4851684900770605,0.016223847620760776,9,0.02186815152770822
394,-2.5957841428631756,1.4770489485442786,0.015928800100809645,9,0.0013586458128053737
395,-2.579894779449387,-1.655894541965254,0.015437120484356642,8,0.0023535213694517356
395,-2.4269900129523214,-1.6602735218062057,0.01631491290629809,9,0.003668933303691595
395,-2.4267008663972574,1.4843632898646781,0.01511014958794571,9,0.019495889162311417
395,-2.5729360521033406,1.4804013679418204,0.015334811201554046,10,0.019765266103982042
396,-2.577898320915825,-1.639469685008819,0.017423246561824784,10,0.020987450828087215
396,-2.4268376811497743,-1.6616585278638938,0.01743230093671307,9,0.0
396,-2.4201497364422195,1.4846702755427783,0.015987798664565695,9,0.017368335008566948
396,-2.584478436630425,1.470127481210917,0.016683726450951272,10,0.020856208780355448
397,-2.5801741346088316,-1.6371503473885884,0.015923563037056464,9,0.02073124689508296
397,-2.427194814499343,-1.6584478234543494,0.016680383589000296,9,0.0
397,-2.425341988644081,1.48358609676004,0.016216348664260943,10,0.01979230378140962
397,-2.5980406976320154,1.4752884694313566,0.01631370862664819,9,0.0
398,-2.4186917001803026,-1.6286595839525755,0.017312148046712834,9,0.0
398,-2.428002486342552,1.4844388137726285,0.016161359101547732,9,0.020537087876589078
398,-2.5975196547524475,1.4732900295108289,0.016251182413466753,11,0.0
399,-2.5748030540834628,-1.6234605488887515,0.016232848681872917,9,0.0
399,-2.424774787368212,-1.650530152710776,0.017059677479136785,9,0.019742480037331395
399,-2.4304965094512307,1.4861486768097227,0.016202488679352787,10,0.01960261617564844
400,-2.5771378568633128,-1.6357894138996603,0.016724878177182732,9,0.02203866283074092
400,-2.4260218006721637,-1.6581068577201061,0.014525100196181057,9,0.0
400,-2.422281921332319,1.484333324357565,0.015672548458168567,9,0.019042203133902934
401,-2.4229619559096136,-1.6436643280340495,0.016558801705231052,9,0.021378147466654736
401,-2.432842908250708,1.4798593703239038,0.016817018327132904,9,0.018644575970386677
401,-2.5935516976748816,1.4782366891987746,0.015697260850007094,9,0.002038841347993956
402,-2.5801011733858323,-1.6417313663352815,0.01633809886797762,9,0.019739267421120702
402,-2.4250171539169805,-1.6409613033384947,0.016866616698814285,11,0.01870618762455321
402,-2.4332376729137004,1.4836770358882412,0.01610563238328708,10,0.016492811042659403
403,-2.4310015495047548,-1.6575444406552031,0.017554488765827513,10,0.0
403,-2.4289684870581807,1.4770881053486562,0.01611781159720863,11,0.025169384706728814
403,-2.583660578233783,1.4834384070814906,0.015913708500874858,9,0.01896620298192466
404,-2.5790717860207053,-1.6437162742670501,0.0160375322438364,10,0.019381977070031052
404,-2.421514738861063,-1.6452444573360887,0.01658279162786475,9,0.020137268483122143
404,-2.4273742448291746,1.4812823133295285,0.01644087061373269,9,0.018406012236454633
404,-2.5788601471183386,1.482201569718763,0.01581336703154439,9,0.018995527344816434
405,-2.4255422267625,-1.6552918907014313,0.01740746528452913,9,0.01817350473116635
405,-2.4302842654144583,1.481662262528455,0.015385188481120653,9,0.01688996676740232
405,-2.580038041279001,1.488653375991131,0.01543121198137289,10,0.0177314861575214
406,-2.578224461361094,-1.647506528750246,0.016339417215507655,9,0.01667242455911777
406,-2.4277857025389715,-1.6346822808327488,0.015381940582179133,10,0.017235341015884666
406,-2.428951821278907,1.4845782141789228,0.016357933716139007,11,0.02383897431998266
406,-2.594729279980726,1.4837828005714986,0.01568624739788331,10,0.0
407,-2.570272362621401,-1.6280815210925732,0.015482570500640799,9,0.0
407,-2.4285014830816425,-1.6628000047493274,0.017450145972655526,9,0.0
407,-2.423164369950888,1.4830457201303857,0.01675839636089315,10,0.019416390695246605
408,-2.424818581585466,-1.6528730849865796,0.016222322366980544,11,0.017827348145172735
408,-2.419617673561295,1.4815949233583094,0.016312195336100215,10,0.023729423743856955
408,-2.599148656591566,1.4744025563216079,0.017216208268315134,9,0.0
409,-2.5805697762179127,-1.6576409891077135,0.015329220719843469,8,0.0026666520564587026
409,-2.4231303468694043,-1.6502817477082117,0.016654290404799526,9,0.02050400502319712
409,-2.4324521397122565,1.4831964883544824,0.016674440512860267,10,0.016934402667425758
410,-2.5789656111267005,-1.640193136006517,0.016488160532116033,9,0.020388185513647114
410,-2.425895978213264,-1.6611903842241733,0.015196529318636551,11,0.002766821688573334
410,-2.4200729736135993,1.4909621353277895,0.015715861025424268,10,0.022706340329575227
410,-2.582144707759867,1.474723809338938,0.017127876512304442,10,0.023857897707053502
411,-2.574655770529259,-1.643044996388262,0.0168346206219633,8,0.02006136064936686
411,-2.426583480057789,-1.6619334593374493,0.01633465442182544,9,0.002463790048798968
411,-2.4241232403402706,1.4811805863587886,0.01605351367390909,11,0.018006715021587
411,-2.5942861432224964,1.4849771360669326,0.017226760035664104,9,0.0
412,-2.4211202456236904,-1.6425460636416054,0.015904826028057737,9,0.020450237609859048
412,-2.4375233032653254,1.4795476404127175,0.015032639735408991,9,0.0
413,-2.574650615631321,-1.6411600280370662,0.01590151449913542,8,0.020128139250709918
413,-2.424596871133113,-1.6369483765683828,0.01590747008038676,8,0.017911074348742704
413,-2.4192998522284075,1.484148942156991,0.015978192653040072,9,0.01735854038523296
413,-2.5944099361884025,1.4848605639510764,0.01627738100040167,9,0.0
414,-2.5821855024302227,-1.6536431715654643,0.01645071281709304,9,0.0
414,-2.42373112344183,-1.646797460345002,0.01563413145162709,9,0.018148645710013706
414,-2.4238632179305606,1.4838097022294163,0.015774398977363074,10,0.018632351070678146
415,-2.5821855024302227,-1.6536431715654643,0.01645071281709304,9,0.0
415,-2.4198364687291987,-1.6277260144578958,0.016316255895326072,9,0.0035601661203762307
415,-2.4250435950973146,1.482503296596391,0.01595826629910042,9,0.02068678129103803
415,-2.5671467514117494,1.4826948268796636,0.01554687063579551,10,0.0
416,-2.583376305500982,-1.6504571786738556,0.01559564412248021,9,0.0
416,-2.426903804045425,-1.6573239043472823,0.015913122333591694,9,0.002748533824075983
416,-2.4386775494687374,1.4830807996822084,0.01580521999431133,10,0.004437011645272887
417,-2.579298086730541,-1.6426289701629757,0.016281368963402338,9,0.019151402527000747
417,-2.4241928876933185,-1.6497147224321587,0.016707522583741332,11,0.02082273389304183
417,-2.4304792157981256,1.4842200409233688,0.0160906906563941,9,0.02214235874704873
418,-2.422956529433569,-1.650226676921182,0.016106829857460488,9,0.019104077486561784
418,-2.4255883552797695,1.476389550651441,0.01581527565081813,10,0.02551915437655241
418,-2.6000238309766424,1.4748994111428497,0.017222610953156692,9,0.0
419,-2.5859132298685394,-1.6499740984378632,0.017095778593090645,9,0.0
419,-2.421650874073516,-1.641409889102945,0.01624871710075329,9,0.022217076612423777
419,-2.4229431907829007,1.4813175141661736,0.01626849139047457,10,0.02138804421581399
419,-2.57845286575469,1.4771286990453263,0.015457837742933103,10,0.014630373696303628
420,-2.4248004719932874,-1.6637211239387573,0.016684276920959445,9,0.0
420,-2.430531123276279,1.4826646445109182,0.015809993121210574,9,0.018420714573730238
420,-2.574498028314808,1.4820511825921059,0.015754140552690647,9,0.017888238935491976
421,-2.422358432023992,-1.644890213004304,0.017364880162493126,9,0.022718728569452486
421,-2.4285629917206037,1.4838443957656022,0.016532135920995707,11,0.024071357943305383
422,-2.422587728077209,-1.640461697299197,0.016450740496784005,9,0.01974686171504346
422,-2.4212021829343886,1.4831512333366632,0.016908440547127493,9,0.019500362793734634
422,-2.6000238309766424,1.4748994111428497,0.017222610953156692,9,0.0
423,-2.4236446371048888,-1.6400899326513259,0.01656206667434338,9,0.01844968352287303
423,-2.4263455555732034,1.4800321069179367,0.015716688066563345,9,0.020607347093458947
423,-2.598918266128677,1.4757870916494897,0.016322892391795584,9,0.0
424,-2.423782802853667,-1.638827976533596,0.015375191433118841,9,0.01720997777129491
424,-2.434080284025588,1.4816449259961761,0.015865582453828204,11,0.022480451118624577
425,-2.423557644020864,-1.6449144609729602,0.015506049087223356,9,0.018042389389395293
425,-2.4253226992750383,1.4851238582364108,0.015470530142241243,10,0.025282748999692687
426,-2.4249729865550256,-1.640927833533062,0.016588109734330163,9,0.018337295663376114
426,-2.4175919585833285,1.488478685349239,0.016280848736203026,10,0.02034590623618674
427,-2.4241904786529322,1.4819816686265612,0.015949733560808334,9,0.020677649852322826
428,-2.442175766451837,1.4777384875730777,0.016700787359506364,10,0.0010332716578782919
428,-2.5962722687460085,1.4794351059261066,0.017203544295294516,9,0.0
429,-2.582930555179081,-1.6520879195130898,0.01532010918149698,9,0.0026667818780126556
429,-2.4317239104694073,-1.6580855552415725,0.017450894224772997,9,4.628195723701533e-06
429,-2.4217679742475355,1.4837818605010917,0.01575568180139285,11,0.024326610761065782
430,-2.4297484153190885,-1.6444626069124837,0.01637574059504512,10,0.019897147101725493
430,-2.4204711452335363,1.483739615920274,0.015381852991919078,9,0.018099581221786325
431,-2.5802284537184264,-1.6374075585602355,0.016044053875080688,10,0.018299798142630025
431,-2.4263332407848655,-1.6602802113780328,0.016355751132180303,10,0.0024759905059007874
431,-2.4222258639170846,1.4853758288002172,0.016204880583866415,9,0.0199480402174638
431,-2.5956491739688983,1.4781595858631615,0.015933782870256433,9,0.0020018620067908588
432,-2.577131380044113,-1.6399440029657208,0.01722023266475308,10,0.020743311521254963
432,-2.421522167120915,-1.6452554787918925,0.016579331116372005,9,0.021508980024657783
432,-2.4314736996006916,1.481672515110081,0.015514209653562986,9,0.016792540261836766
433,-2.5756413697020775,-1.623988107643226,0.016242211112970438,9,0.0
433,-2.420579807866049,-1.653802391973489,0.017401317522303013,11,0.02599716421486474
433,-2.431900027217796,1.4808442480766864,0.016339227689292787,10,0.018502195528205555
433,-2.5998033841036525,1.4762890921692085,0.016339974740699575,10,0.0
434,-2.5789207197448953,-1.634263906082486,0.016706421043448702,10,0.01860339581310169
434,-2.423970022849059,-1.6567884557357575,0.01616211770379843,10,0.01607345100505366
434,-2.438682313916014,1.4813452539852812,0.0162894084922114,10,0.002815208482960057
435,-2.5791119118663675,-1.660849220309784,0.01561670347719861,9,0.0
435,-2.4236806444918275,-1.650659194727445,0.016655204313071215,9,0.021147717484470276
435,-2.4049795060066708,1.4904299937069252,0.01752178914035797,11,0.0
435,-2.597153006370109,1.4799368827337454,0.017217097561371193,9,0.0
436,-2.425010083005557,-1.6462764884848522,0.01653303069679637,9,0.01986041764849321
436,-2.4109757659369344,1.4876790035800986,0.016190847659199797,9,0.004261024506436999
436,-2.56512098805232,1.4881685544681191,0.015557349104262264,9,0.0
437,-2.4293315744768376,-1.6633643368940596,0.017454053023017373,9,0.0
437,-2.437121258507176,1.4784096916918175,0.01632222906998602,10,0.01376815426615325
437,-2.599148656591566,1.4744025563216079,0.017216208268315134,9,0.0
438,-2.426547240595543,-1.6465768531582847,0.01624582178401723,9,0.019017648455798786
438,-2.4261971802635953,1.484108587147202,0.016226596076381525,10,0.01980282331391816
439,-2.424451978302842,-1.6418600571280983,0.015352571953677561,9,0.017327937617448115
439,-2.4286822941022614,1.4824709327501595,0.016201704304676677,10,0.01955776294614458
439,-2.5998033841036525,1.4762890921692085,0.016339974740699575,9,0.0
440,-2.4303895422866275,-1.6495067409341508,0.01701942145583077,11,0.023438473703541615
440,-2.4272558238748436,1.4820941839828867,0.015296765900965077,10,0.020558023569802644
440,-2.5660045294917264,1.4754037817219086,0.017068753182551254,9,0.0
441,-2.4240727852265285,-1.6647331669685874,0.015317175102379756,9,0.0
441,-2.4302380923584037,1.48111325058543,0.016638930789933195,10,0.020393310132400894
442,-2.424690623192429,-1.6574151657665364,0.01596075196844888,9,0.016362718411242497
442,-2.419394075495672,1.4890283142783431,0.0156766057216824,11,0.01902466631893073
443,-2.425543282201709,-1.643602546379221,0.01564285002905415,10,0.021604016463193522
443,-2.4271579517514192,1.481391574969392,0.016648430057765572,9,0.02390160035001908
444,-2.4255330400053916,-1.6298494416282332,0.016962531546141225,9,0.004658766397478862
444,-2.431029469201277,1.4819024654500084,0.015926260081767306,9,0.017638499775162023
444,-2.5956380705119497,1.475666409383896,0.016383809565917683,11,0.003723495738802768
445,-2.4278420348040095,-1.662989253198234,0.01720354609871524,11,0.0026640625435493392
445,-2.432758678602099,1.479814817335552,0.016211632392909618,9,0.01862952758137347
445,-2.5949865502460203,1.477513967575911,0.016177187387347164,9,0.0027056327249746336
446,-2.4293315744768376,-1.6633643368940596,0.017454053023017373,9,0.0
446,-2.425133309697579,1.4833147618295908,0.016820002375825614,9,0.020753694108170156
446,-2.5966285659673907,1.475438059556373,0.015682418454612886,9,0.0
447,-2.4281387138440866,-1.66601228070842,0.016733389116827826,9,0.0
447,-2.4078716511400544,1.4857645089720803,0.01751635999230156,9,0.0
448,-2.4259963732444723,-1.653725873248077,0.016664090638134673,9,0.017224666553599464
448,-2.4429043422555994,1.4780952909724634,0.016499399119877155,11,0.0
449,-2.575307527544357,-1.641079387472852,0.015910767052503216,9,0.020695158046164553
449,-2.422868728235973,-1.6561720946161702,0.01594179577296075,9,0.01687258176746116
449,-2.4072059499733807,1.4821297579478125,0.016335783669120977,10,0.0
450,-2.4252235322948907,-1.6451148687030526,0.016300237370176048,9,0.02070287367646679
450,-2.4078716511400544,1.4857645089720803,0.01751635999230156,9,0.0
450,-2.5955309657529146,1.4788247659143254,0.01625811828566591,9,0.0
451,-2.4314718212774884,-1.6583611363330357,0.01635496935145664,9,0.002462489783570598
451,-2.424452149201036,1.4822352685573685,0.015895171997820333,9,0.019267481352085763
452,-2.426823468628348,1.4862616276599894,0.016217673634174097,10,0.020098007761389362
452,-2.5645374551291518,1.4911570759487538,0.01670398176923198,10,0.0
453,-2.428856572495762,-1.6595844812485503,0.016694150465802526,9,0.0
453,-2.433262565179859,1.4832072683874051,0.01669606566334783,9,0.014695053821919156
453,-2.5802342313884674,1.4804373848977062,0.015268236607331304,10,0.01633175291831495
454,-2.5722858578538697,-1.6218716894573844,0.016209298659495712,9,0.0
454,-2.4300242588605805,-1.6380576186691558,0.016305424776475785,10,0.021385206195496005
454,-2.4369592222714416,1.4796288084605334,0.016478110114924612,9,0.015696628548579197
454,-2.594638158706859,1.4809723717531715,0.015691993953479994,9,0.0
455,-2.4243844865797057,-1.645476047961281,0.015515253809742516,9,0.018056222744726343
455,-2.4310948553619967,1.4828036548845038,0.01669214568744463,9,0.019025741825623665
455,-2.5964936397578433,1.4789319265687857,0.017155484579350604,9,0.0
456,-2.5744651437622768,-1.6405430965210814,0.015899108022891364,9,0.020676353055617262
456,-2.426893269050951,-1.662614368734002,0.016714528333749482,9,0.002086236107891149
456,-2.4293788129773803,1.4817578561041502,0.016668074197657954,9,0.01900982844744399
456,-2.597153006370109,1.4799368827337454,0.017217097561371193,9,0.0
457,-2.5659686291928425,-1.6290255934275426,0.016919531904283032,9,0.003140933783043068
457,-2.428856572495762,-1.6595844812485503,0.016694150465802526,9,0.0
457,-2.4250575173726907,1.4779293368432525,0.016189109133430097,11,0.02689125206250233
458,-2.426893269050951,-1.662614368734002,0.016714528333749482,11,0.002086236107891149
458,-2.4271719861276124,1.4814564490995974,0.015846482004570873,9,0.01871917656069035
458,-2.56512098805232,1.4881685544681191,0.015557349104262264,10,0.0
459,-2.5803867999666954,-1.6541937217236553,0.015005859386055424,9,0.0014006006395654485
459,-2.427925592030833,-1.6564766902585595,0.015266580393220536,10,0.004801114712530716
459,-2.4241668865224018,1.4795687286693633,0.016613060646634065,9,0.023703663530278793
459,-2.596760240788519,1.477244408817501,0.015690146573787755,9,0.0
460,-2.4249283070677876,-1.6549503771442915,0.01692598750342541,9,0.015988230001145944
460,-2.427882749004432,1.4770480896999518,0.016344763883791108,10,0.024633795717762204
461,-2.4256308550174284,-1.6642915137033725,0.016692023724132546,9,0.0
461,-2.430178288763469,1.479970838013416,0.015948518912610805,9,0.01810835458664314
462,-2.424089588332432,-1.6492518676194248,0.016120120816238762,9,0.020270930732166233
462,-2.4316502192924085,1.4829490047834704,0.016402697616107312,10,0.01852389337717125
463,-2.4246697261388404,-1.644777243398508,0.0164818071780748,9,0.020521162088167837
463,-2.4306408168270206,1.479367617428763,0.01679153306125158,9,0.018621266744639233
463,-2.6000238309766424,1.4748994111428497,0.017222610953156692,10,0.0
464,-2.424743402538664,-1.6636206087742906,0.015606977521051297,9,0.0018609284577238774
464,-2.429586609000017,1.4839585459395985,0.016843862586195513,11,0.02264090436747713
465,-2.42330649467575,-1.6398084046896144,0.01725193008669861,9,0.019583053342475006
465,-2.4304147834636343,1.483712638229209,0.015306198747747303,10,0.021017807575722743
466,-2.5722858578538697,-1.6218716894573844,0.016209298659495712,9,0.0
466,-2.42414537375328,-1.640986536599028,0.015787220676336238,9,0.017116461580759062
466,-2.410354464122732,1.4856812384352271,0.017116834528410868,9,0.0023400447848517525
467,-2.42213291753633,-1.6430186135457654,0.01698059471119888,9,0.023575966907613086
467,-2.4224681007920155,1.4828489412998476,0.01563937741939141,10,0.021550891480217157
468,-2.569971882497345,-1.627389614964724,0.016217458274583586,9,0.0
468,-2.4248004719932874,-1.6637211239387573,0.016684276920959445,9,0.0
468,-2.4300682932495454,1.4821774435129798,0.01621088446447505,9,0.019028118877120765
469,-2.5761498844851003,-1.641615505777073,0.015916284610254863,9,0.020705066464432962
469,-2.423495134168836,1.4829074387638734,0.015239515477023357,9,0.018483985476847393
470,-2.4199456289444967,-1.647605521878238,0.016583629322977862,9,0.022135017980885623
470,-2.405347974670641,1.4842059178874718,0.0174822789972132,9,0.0
471,-2.4274204975922666,-1.6625068687581708,0.016349130247254727,9,0.0024660092670935573
471,-2.4297053403576125,1.4845187085163194,0.01631533957078676,10,0.017708196440653527
472,-2.4260602429569595,-1.6620447109309904,0.016705203425978823,9,0.002089308509189928
472,-2.4324602512167184,1.4798276953742993,0.016714211209199685,10,0.019067180195932412
473,-2.579894779449387,-1.655894541965254,0.015437120484356642,9,0.0023535213694517356
473,-2.4248004719932874,-1.6637211239387573,0.016684276920959445,9,0.0
473,-2.4061885736611788,1.484725204237955,0.017494228412785022,9,0.0
474,-2.5818834105806605,-1.6436782664434206,0.016301578436602807,9,0.018660260204960238
474,-2.423137105797086,-1.6408321152979077,0.016455133241805777,9,0.019245469923467318
474,-2.432935472589105,1.4832269267528728,0.01635336067310672,9,0.015913695527775072
475,-2.578780399948206,-1.6416963248013887,0.015277588498572236,9,0.018426047019182486
475,-2.426786773076193,-1.6601705794199102,0.01580467611928042,11,0.004294168225056514
475,-2.431655703739223,1.4833655367821734,0.0162389717926727,9,0.01873846194568086
475,-2.5818639977477758,1.4872567460147312,0.01584031203932242,11,0.023800845939172456
476,-2.5748030540834628,-1.6234605488887515,0.016232848681872917,9,0.0
476,-2.4274398406120063,-1.6604366685581926,0.01662337119968111,9,0.0028240870803949176
476,-2.4261971802635953,1.484108587147202,0.016226596076381525,9,0.01980282331391816
477,-2.579179659013424,-1.6394961761104985,0.01666863225483501,9,0.020848015724670495
477,-2.4221134667300417,-1.644275543525793,0.01627192454085897,10,0.022805840087596656
477,-2.4205236785574615,1.4881213664213835,0.01630241524489373,10,0.023486203069087826
477,-2.5753330392933034,1.4909380639431706,0.015273458366736747,9,0.016286076540199527
478,-2.5802122350102925,-1.6569401469455034,0.01640541986236848,9,0.002660886955579197
478,-2.4313293990409703,1.4825927084892745,0.015590770464077842,9,0.017472146143629498
478,-2.5921628301866724,1.4842041095716274,0.015004852185759783,10,0.0
479,-2.579131265753938,-1.6406476400346808,0.016935191964258724,9,0.02041528455754553
479,-2.427667253857698,-1.6622270150745364,0.017437984828007295,10,0.0
479,-2.4292469233933223,1.4799152857250073,0.016703025673792452,9,0.02007998739018301
479,-2.597153006370109,1.4799368827337454,0.017217097561371193,9,0.0
480,-2.569971882497345,-1.627389614964724,0.016217458274583586,9,0.0
480,-2.423976430471433,-1.6494755826834855,0.016846172632113725,9,0.021204989043939672
480,-2.4253068579453627,1.4827580006309342,0.015906315620368185,9,0.019277816203319652
481,-2.427665380905553,-1.6622265106432712,0.017436387731416675,9,9.771825272502432e-06
481,-2.426161819668955,1.4832800247873297,0.015916769203997483,9,0.01928897109587308
482,-2.4216972316841776,-1.6439901788621234,0.01626726726761657,9,0.02210889765130585
482,-2.4078716511400544,1.4857645089720803,0.01751635999230156,9,0.0
483,-2.4229619559096136,-1.6436643280340495,0.016558801705231052,9,0.021378147466654736
483,-2.4301137122951753,1.4843567867220298,0.01669234547652289,10,0.022134715384775655
484,-2.4269248182845513,-1.6616911632153863,0.01752205093229403,10,0.0001560288041136828
484,-2.4195501678116274,1.48644030770478,0.01691856518905185,11,0.02271160266706124
485,-2.4279934053761334,-1.649700723906727,0.015518426288325277,9,0.02062476108531612
485,-2.410905044747653,1.4860218788603536,0.015571193914431715,9,0.0036990915368246514
485,-2.5963364105522175,1.4752519506477477,0.016046638322707408,10,0.004589740028839214
486,-2.4239477869290766,-1.6304901616068737,0.01636244784787277,9,0.0035682601480400413
486,-2.435107754529064,1.483657104540259,0.016330564729636888,9,0.013755501984074327
487,-2.424623569088713,-1.6532505823221586,0.01622767913216675,9,0.017963548647067316
487,-2.4306023244717316,1.4820598139011274,0.0157522332436991,9,0.019153245302097718
487,-2.5957060406876695,1.4777848045751067,0.01596858406638554,9,0.0015045704932538269
488,-2.424002389383341,-1.6469412241990744,0.016610944628941565,11,0.02155664844148938
488,-2.406660553376125,1.4914722583995412,0.017543965036750018,11,0.0
488,-2.596760240788519,1.477244408817501,0.015690146573787755,9,0.0
489,-2.4256040393100915,-1.6510950017553199,0.017068915915843214,9,0.019754850826389395
489,-2.435038023451684,1.479105574827692,0.016691269809537796,9,0.01747987871294153
489,-2.593759737896373,1.480471428030755,0.01568090219634503,9,0.0
490,-2.426429367447833,-1.6511839034929627,0.015622047866696825,9,0.018833271921225046
490,-2.4393014602753125,1.4815793233356815,0.015961383306145188,10,0.003960791110265584
490,-2.59648100403175,1.4780383551611143,0.01631665089304003,10,0.0
491,-2.4274398406120063,-1.6604366685581926,0.01662337119968111,9,0.0028240870803949176
491,-2.4078716511400544,1.4857645089720803,0.01751635999230156,10,0.0
491,-2.5958811156224244,1.4767448432358883,0.01567904984710517,9,0.0
492,-2.4259236383956115,-1.6410474612537402,0.016323087127030577,10,0.017778200453704828
492,-2.4288875094590545,1.4855439887522717,0.016459371990487345,10,0.023121870790434613
492,-2.5939573939305807,1.478116162897325,0.01564487991708732,10,0.0
493,-2.4266304309164033,-1.6505657636055708,0.0160492192336752,10,0.016065597740691006
493,-2.4119458895032517,1.488278077024166,0.015165016717608344,10,0.0038624704888150134
494,-2.5739645316986532,-1.622930313330868,0.016225172964240524,10,0.0
494,-2.4249247655706627,-1.6456976774724166,0.01598581470281718,9,0.019063896379076725
494,-2.4232069463365677,1.4859037769816168,0.016448428544702975,10,0.019628108859340722
494,-2.5954112760541355,1.4737955793808564,0.01628908331843625,10,0.0
495,-2.421522167120915,-1.6452554787918925,0.016579331116372005,9,0.021508980024657783
495,-2.442897620557702,1.4780912231395353,0.01649165258456074,9,0.0
496,-2.582706717714362,-1.6549862280642023,0.017094483912228398,9,0.0
496,-2.4251023406952394,-1.6436524571784439,0.01576176956948919,10,0.024840699638124533
496,-2.4226462832101383,1.4834887451452143,0.01605009987891725,11,0.021317884554219693
496,-2.6008921575230475,1.4753920833282008,0.017221370014689857,9,0.0
497,-2.4285000252949724,-1.6627987347546154,0.017448251184520223,9,3.4137679371587055e-06
497,-2.4237104053980336,1.4800311188688826,0.016269074034944132,9,0.023128778818081598
497,-2.5679994137246065,1.4831890489569188,0.015560610641230776,10,0.0
498,-2.5815124203921407,-1.656036758612968,0.017029940388290192,8,0.0
498,-2.420866420876905,-1.643426047163115,0.016258515118422683,9,0.022099798331041573
498,-2.441461180196687,1.4791309802529478,0.015631880580153124,9,0.003488482048722034
498,-2.5949865502460203,1.477513967575911,0.016177187387347164,9,0.0027056327249746336
499,-2.4293871939065923,-1.6605948606391818,0.016710680724957124,10,0.0
499,-2.4285499317985533,1.4866492531324311,0.01631244438306155,11,0.017012371315277133
500,-2.424963188182608,-1.655052340702417,0.017060042813218722,9,0.016819132650480326
500,-2.432693124911348,1.4787094663942306,0.016394474362286627,9,0.017221022680771143
500,-2.592839027037602,1.4828192446280997,0.015973139896424488,10,0.0015059213157661271
501,-2.425758033624154,-1.6613672888085993,0.016333283559417905,9,0.002469903958209718
501,-2.4282973960606604,1.4812408238513848,0.016602821030907215,11,0.028459142373337347
501,-2.59803342667005,1.48043799717094,0.017230047197295026,9,0.0
502,-2.5756413697020775,-1.623988107643226,0.016242211112970438,9,0.0
502,-2.4212387041364294,-1.6485635557953893,0.016013814608737808,11,0.019668095448658336
502,-2.429825407627859,1.4839016708677895,0.01644405358312865,9,0.016827809140467248
502,-2.579635841618152,1.4814538366196288,0.015838114950426488,10,0.02316416644494811
503,-2.425808896398653,-1.6639744751701677,0.014663503683363131,9,0.0
503,-2.433737052279541,1.4831737606370403,0.016823227849817685,10,0.01452538593598559
503,-2.56796885789765,1.4781151693779788,0.01572494013361472,10,0.0
504,-2.4243691687576057,-1.6549134971766877,0.015858238081848507,11,0.01988078949870569
504,-2.4266208849114888,1.485594148496694,0.01566969946301677,10,0.023383301788821993
504,-2.5954112760541355,1.4737955793808564,0.01628908331843625,10,0.0
505,-2.419510672729604,-1.6292115358205985,0.017324276026237102,9,0.0
505,-2.432473800542796,1.4782540887162978,0.016296943045936787,9,0.020123489566518344
505,-2.5961529668703704,1.4760333365629026,0.01675747430993616,11,0.0030176627393359587
506,-2.5823646051717137,-1.6565834242935416,0.017042112518214622,9,0.0
506,-2.429884163620937,1.4832319713250426,0.016194254243788484,10,0.021707948290578014
507,-2.4219399196858147,-1.6455413911894556,0.016585373749060002,9,0.02220660235443244
507,-2.423863884599073,1.485852285074146,0.016446303663726514,9,0.019590379794364385
507,-2.59803342667005,1.48043799717094,0.017230047197295026,9,0.0
508,-2.5764723163846757,-1.646786283223542,0.01583977425375935,9,0.019037377293381685
508,-2.4299999234581953,1.482060380827389,0.015468775186783931,9,0.017347335614386644
509,-2.579697164694338,-1.6526908727249996,0.0147869857524904,9,0.0
509,-2.424016122358789,-1.6416295950085145,0.016584158553845145,10,0.02312740422290198
509,-2.4260231060399913,1.4814682652307596,0.016674987549432408,10,0.02569904292190705
509,-2.594299647217934,1.4798264461513664,0.01630673510499882,9,0.0
510,-2.577427969929639,-1.6575986643728355,0.015733172307066355,9,0.001928624801654795
510,-2.423820342218986,-1.640153934250945,0.016704767073852544,9,0.020832761781601004
510,-2.4259549968532474,1.4820495427751086,0.017309632028447076,10,0.019939801711915107
510,-2.5795420501824173,1.4846766845557513,0.016406079073564436,9,0.01913080476427617
511,-2.422305422698985,-1.6293876109774827,0.016340561402228945,9,0.0035664835219938037
511,-2.4430374435399065,1.474939151561342,0.01574786042791279,9,0.0
511,-2.595860163661621,1.478012169007933,0.016183640872109276,9,0.0027071698398501536
512,-2.573124566436454,-1.6224023442350874,0.016216525969239174,9,0.0
512,-2.4241025743709614,-1.653914463965214,0.015223454525090269,11,0.01824201584169107
512,-2.4318998652228583,1.480057151430489,0.017041582459926864,9,0.02101057376744017
512,-2.59803342667005,1.48043799717094,0.017230047197295026,9,0.0
513,-2.428617048109888,-1.6479709762434218,0.017165863268728963,9,0.0235283012039243
513,-2.4286961635519746,1.4836061093641633,0.016549061371075282,10,0.02072896272080253
513,-2.5964936397578433,1.4789319265687857,0.017155484579350604,10,0.0
514,-2.576992325367513,-1.6421506237578298,0.015921932805162194,8,0.020715616112096998
514,-2.4256040393100915,-1.6510950017553199,0.017068915915843214,9,0.019754850826389395
514,-2.426915934875489,1.4824193154204268,0.015950223504171728,9,0.02042242141258523
514,-2.597153006370109,1.4799368827337454,0.017217097561371193,10,0.0
515,-2.4239925639067343,-1.6517797774295202,0.01652403833443114,9,0.01892322153917984
515,-2.431508466485246,1.4782575196299461,0.016304957172316663,11,0.023936598800180342
515,-2.599148656591566,1.4744025563216079,0.017216208268315134,9,0.0
516,-2.579330788692289,-1.6366174349180036,0.01591767969465967,10,0.02072015921333055
516,-2.4262525916401563,-1.6466519730414957,0.016934545050199416,9,0.019918001643333287
516,-2.440552688673093,1.4800141702176428,0.01624991128015503,11,0.0012379105319148872
517,-2.4243386854770637,-1.6517520521356115,0.016057977291536376,9,0.018048919880346848
517,-2.4244930353284517,1.481501923663309,0.016553592450748812,9,0.01779748615219119
518,-2.579811239661791,-1.640731917535268,0.01649618936730338,9,0.020399279571965002
518,-2.4269402578147825,-1.6547769383406898,0.016203619230775852,11,0.01916096550241686
518,-2.4283260250779546,1.4776982509184973,0.016067710713804337,10,0.024665117012824634
518,-2.5827480620578034,1.4756067285840495,0.01697715149945961,10,0.017038081111309566
519,-2.5708110432711764,-1.6279200062536574,0.01622564931675037,9,0.0
519,-2.4293315744768376,-1.6633643368940596,0.017454053023017373,9,0.0
519,-2.4098144197518345,1.4869627136570078,0.014437463176976334,9,0.0
519,-2.5958811156224244,1.4767448432358883,0.01567904984710517,9,0.0
520,-2.424438956055969,-1.6669333427304582,0.01743873814202935,9,0.0
520,-2.419032483542394,1.4869509402306598,0.01632574049960074,9,0.019788899534640372
521,-2.5806658120991406,-1.6578909825471877,0.016464592809410216,9,0.0
521,-2.4207089976864915,-1.6603764462347042,0.01597353710702889,11,0.01572583165653126
521,-2.4286856819516838,1.482394567958888,0.016201090988805473,9,0.02168706920679393
522,-2.57926474038566,-1.6561356807557057,0.016792121509241253,9,0.0
522,-2.428272465521866,-1.6616024337936004,0.014927073935030073,10,0.0032468530245788494
522,-2.431511571110934,1.4825442215804543,0.01682599765903904,11,0.020348556077677927
522,-2.597638157895973,1.477743749329344,0.01570003815053266,10,0.0
523,-2.4271773232697966,-1.6609976761175145,0.015252073584738983,9,0.0
523,-2.4254646001928415,1.4803684796261631,0.016420028723717298,9,0.019435970890165997
523,-2.596525974241024,1.478658490681268,0.015942584020271964,9,0.002002102446420713
524,-2.4250022378305616,-1.6522056777783471,0.016021026808437786,9,0.01848837329718676
524,-2.424046639915979,1.4863377188973868,0.016539029556694913,10,0.021356046295060223
524,-2.566146235202681,1.4835542635658956,0.015545390948414029,9,0.0
525,-2.5787035223070474,-1.625917885407775,0.015976512124592213,9,0.004583203265953042
525,-2.4263750149079586,-1.6558611209051797,0.017417861766728732,9,0.018186040297494554
525,-2.4321065974890885,1.4807246990414282,0.015939424916204373,11,0.02269190457209363
525,-2.5779133450856793,1.4774254649030503,0.016072940167743927,9,0.018530483069995426
526,-2.5769107024278877,-1.6435243021850365,0.015264105056413233,10,0.01842707553029166
526,-2.426577814516005,-1.6374372934281762,0.016299379601437167,11,0.018103479971365563
526,-2.433040632765599,1.481462158707974,0.015636168333447633,10,0.013382951819189075
527,-2.4252119552127063,-1.6463675264652382,0.015966317964658663,9,0.017294646205850684
527,-2.4246081778869617,1.4798463613275272,0.016410192317900266,9,0.019424790913634405
527,-2.566772469126576,1.4733973033953653,0.015548667931611367,9,0.0
528,-2.425350758761376,-1.6413339352809864,0.01633353392469448,9,0.017424350533151268
528,-2.424225939108882,1.4859998205948401,0.015590856323315304,10,0.021599006370584144
528,-2.59302931681984,1.4824154586571998,0.016275586229732908,10,0.0012410450313964337
529,-2.4257647340575605,-1.6556470516383164,0.016019369930228282,9,0.013929581250956448
529,-2.438318636970016,1.4810400287364707,0.016228542558751058,10,0.003161801649424579
530,-2.576209709559011,-1.63839533772196,0.01740567696778946,9,0.020960287652186375
530,-2.4252828243488214,-1.6525962004394767,0.015475000289907998,10,0.015460072134239992
530,-2.4058384931111614,1.4829038073992078,0.016912564488115817,9,0.009611028581100323
530,-2.5642880922328275,1.4744176457086535,0.017048112518728634,9,0.0
531,-2.4260096642304783,-1.6471177976443125,0.01579780154935534,9,0.01673694801126022
531,-2.431994682340823,1.4823169208840017,0.015738851187496454,9,0.015765488175604726
531,-2.579279717820585,1.4796712475948535,0.01624019787246679,10,0.016631071578143572
532,-2.5722858578538697,-1.6218716894573844,0.016209298659495712,10,0.0
532,-2.423112299697713,-1.651128926343134,0.01607666707679116,9,0.018397294536728323
532,-2.420733279568473,1.4822869225271023,0.015392045288695963,9,0.0203798084179011
532,-2.564524926693921,1.4730512205269484,0.016147399263288335,9,0.0
533,-2.579817789282492,-1.6561481375436067,0.016736317048846865,9,0.0017916646952333155
533,-2.4175992297150133,-1.6446452215040057,0.016101045765805743,11,0.028471776912138255
533,-2.420580135555,1.4832905484274104,0.015656339125300123,9,0.019025908457983756
533,-2.59803342667005,1.48043799717094,0.017230047197295026,9,0.0
534,-2.4257880282918145,-1.6490746800712892,0.016182063212585324,9,0.01812443826441661
534,-2.4051544506888876,1.487311552631727,0.01636018528383194,11,0.0
534,-2.5968292180944115,1.4803823686687176,0.01716505703417661,9,0.0
535,-2.580129259173083,-1.641737387419435,0.01647394212809523,9,0.019646057783216993
535,-2.428901875968708,-1.6252835799431105,0.015828116326986417,10,0.004473426373722368
535,-2.4204306849323136,1.48268292754475,0.015865786632084596,9,0.01998286323223891
535,-2.597153006370109,1.4799368827337454,0.017217097561371193,10,0.0
536,-2.421522167120915,-1.6452554787918925,0.016579331116372005,9,0.021508980024657783
536,-2.418820640161971,1.491406922067058,0.015103687195055974,10,0.016599350515755017
536,-2.594299647217934,1.4798264461513664,0.01630673510499882,9,0.0
537,-2.4282177781615744,-1.6419919004718317,0.01593510774028815,10,0.018990417836420376
537,-2.4296711005926483,1.4821773987195874,0.016535498596736736,11,0.02085309965657503
537,-2.5966285659673907,1.475438059556373,0.015682418454612886,9,0.0
538,-2.573124566436454,-1.6224023442350874,0.016216525969239174,9,0.0
538,-2.4192054164822956,-1.649586401226658,0.017361895498793398,9,0.02399625118616777
538,-2.433768183413354,1.4820032989340173,0.016342300151367926,10,0.014015759293753203
539,-2.5823646051717137,-1.6565834242935416,0.017042112518214622,9,0.0
539,-2.420481206455946,-1.6514818756647613,0.01622587120396696,11,0.02320270494099292
539,-2.4420367008299833,1.477569277572373,0.016484696922951392,9,0.0
540,-2.423613132511313,-1.647955947698396,0.016381533889846794,9,0.01906918171640092
540,-2.424687733586177,1.4782724780550611,0.01603492018911187,9,0.021639926985557258
541,-2.4255759197329567,-1.647675032812071,0.016240102437729057,11,0.018573530656734026
541,-2.4098950636196124,1.4934767103423119,0.015175053621314182,11,0.003863058396429978
542,-2.573124566436454,-1.6224023442350874,0.016216525969239174,9,0.0
542,-2.430895751379975,-1.6594028945405606,0.01589584408135822,10,0.0
542,-2.4274708316153233,1.482595456110912,0.015878225807293332,11,0.019728018521674
543,-2.5691335867477636,-1.6268578547211854,0.016210451550407335,9,0.0
543,-2.424711253054217,-1.6522328077315134,0.016560260703614257,9,0.019183165736673374
543,-2.4271391685871126,1.473342353748722,0.016035205335555094,9,0.017782417673055925
544,-2.5823646051717137,-1.6565834242935416,0.017042112518214622,9,0.0
544,-2.43087928626299,-1.657508365805122,0.01742839697262915,9,0.0
544,-2.4241879751675284,1.4795874392468051,0.01640385182210605,10,0.01959241204814008
544,-2.5944762278794173,1.4779563642868496,0.014916211535546446,9,0.0
545,-2.5787035223070474,-1.625917885407775,0.015976512124592213,9,0.004583203265953042
545,-2.4296934877740064,-1.660154925200785,0.01670679825668828,9,0.0
545,-2.4396863951318224,1.4794888253312903,0.016236968493916162,11,0.0012400313823016425
545,-2.593779428844199,1.4778268338325495,0.01624155868616892,9,0.0
546,-2.574650615631321,-1.6411600280370662,0.01590151449913542,9,0.020128139250709918
546,-2.4235431044088545,-1.640224817018261,0.016689823625451863,9,0.02248312833837969
546,-2.4430374435399065,1.474939151561342,0.01574786042791279,9,0.0
547,-2.5756413697020775,-1.623988107643226,0.016242211112970438,9,0.0
547,-2.4217529141886662,-1.6462010896054045,0.016994163909847655,9,0.022270505112445375
547,-2.425863039631137,1.4818051438426878,0.016916482083843096,9,0.020257341672623226
548,-2.5835562639433856,-1.6555318033322455,0.017104415827797106,9,0.0
548,-2.4205871427983987,-1.6496573506451633,0.015790886371306094,9,0.020218530483743717
548,-2.4221325543395067,1.483725307025149,0.015883192298019707,9,0.020000848634003185
548,-2.5955309657529146,1.4788247659143254,0.01625811828566591,9,0.0
549,-2.5826155158188575,-1.6524490341382267,0.0163393318904513,9,0.003496332914466961
549,-2.421900030863246,-1.6610169211785333,0.017410461783600274,11,0.016839205260603493
549,-2.4291450617234873,1.4805341214284315,0.016905120703500306,9,0.019844297524793615
550,-2.423961549645918,-1.6413895767249258,0.016465029947939688,9,0.019255548145800234
550,-2.419021948272972,1.485055645074893,0.016018242865072925,9,0.017377851268776365
551,-2.577641934231983,-1.6355443576196722,0.01590006570426973,9,0.02069534979174336
551,-2.421963713595207,-1.6523026444677433,0.016541595195919252,11,0.026733450702613484
551,-2.424664122323653,1.4838396023509892,0.016632458428112985,9,0.019846855963655565
551,-2.595177709092937,1.4803271376287228,0.01631738814438899,9,0.0
552,-2.426047672035295,-1.6513939608058006,0.016870355798570692,9,0.018658065113693237
552,-2.430386765569832,1.4838075769567016,0.01637356267547402,10,0.0201870205541469
552,-2.6000238309766424,1.4748994111428497,0.017222610953156692,11,0.0
553,-2.5802122350102925,-1.6569401469455034,0.01640541986236848,9,0.002660886955579197
553,-2.4236919421725616,-1.6412124588173775,0.01646128766261408,9,0.020307654405213624
553,-2.430720525988763,1.4803487771128438,0.016032974623700767,10,0.018718886831791806
553,-2.5966285659673907,1.475438059556373,0.015682418454612886,9,0.0
554,-2.4221695771492544,-1.638031986093127,0.01572290555166025,9,0.017822236603892885
554,-2.429017044991187,1.4826166341422395,0.016288822377724502,10,0.01994684990156417
555,-2.4261632722089077,-1.6459616048331107,0.016082498094895096,9,0.018664218178191385
555,-2.423357697698931,1.4871521468230124,0.017019569584009978,11,0.021847968855619654
556,-2.4258982073081157,-1.6457665095524603,0.015969466951683033,9,0.018312908938151642
556,-2.419580450653443,1.4875431247351745,0.01564132724152385,10,0.021535093196187353
556,-2.564262872424523,1.4876713727681006,0.015549140279531987,10,0.0
557,-2.4127987540085445,-1.6453866045960315,0.016866765342046213,11,0.023567628218937556
557,-2.419667272995381,1.4843225176987813,0.015786191657909076,9,0.018771719768648037
557,-2.596077922083933,1.4793871196283845,0.01603870983211849,9,0.001927644118353866
558,-2.5859132298685394,-1.6499740984378632,0.017095778593090645,9,0.0
558,-2.427555125186472,-1.6571231287163037,0.015852239038724004,9,0.0
558,-2.4305978697816717,1.481834327595404,0.015451451314578977,9,0.017575735274601663
558,-2.5731926938824072,1.482156452803925,0.015351622372575376,11,0.01876587449052426
559,-2.5767981088680654,-1.6350103489063628,0.015895351165998266,10,0.02068700696076338
559,-2.423544088776072,-1.6399647047128731,0.01670325211477154,9,0.020222769108459715
559,-2.4323664419004367,1.4803322198266766,0.016313250698192776,11,0.02369792942703206
560,-2.5777791573156317,-1.6472870269438955,0.016418435575764997,9,0.01601483749132385
560,-2.4227351362687553,-1.637133213661423,0.017235579012674043,9,0.02014406514343245
560,-2.4234064629114793,1.4858533013519288,0.01592390071819974,10,0.020976592799702008
561,-2.424432271895958,-1.6504878955198705,0.01697096924817241,9,0.019470979374782857
561,-2.408924312982594,1.492874712765107,0.016202819767139984,11,0.004261386615544405
561,-2.5962903844476943,1.4742938550980456,0.01629968043413005,9,0.0
562,-2.426004866011725,-1.6629721168714748,0.01587444340255724,9,0.0
562,-2.4222258639170846,1.4853758288002172,0.016204880583866415,9,0.0199480402174638
562,-2.5962903844476943,1.4742938550980456,0.01629968043413005,9,0.0
563,-2.421522167120915,-1.6452554787918925,0.016579331116372005,9,0.021508980024657783
563,-2.4348934833628513,1.480978692412162,0.015975421153955626,9,0.016397949018034375
563,-2.575094225683683,1.4789878873227975,0.016588857944795508,11,0.017696294593408067
564,-2.5806658120991406,-1.6578909825471877,0.016464592809410216,9,0.0
564,-2.4213111921715633,1.4832253378586924,0.015503694682414563,9,0.01945143995725048
564,-2.595009443372648,1.476249127724646,0.015675374712485732,9,0.0
565,-2.426610752520151,-1.648764183352675,0.015504549357361343,9,0.02071285303549556
565,-2.4305764264832628,1.4830626868729992,0.016258146608113668,10,0.018681227075427218
565,-2.595710141115798,1.47911473318738,0.015662242917790208,9,0.0
566,-2.4252235322948907,-1.6451148687030526,0.016300237370176048,10,0.02070287367646679
566,-2.5964081456476777,1.4773200946677882,0.016019024089760837,9,0.0034107055582276616
567,-2.416685287420194,-1.6305307594893979,0.015696467622997305,10,0.0
567,-2.442897620557702,1.4780912231395353,0.01649165258456074,9,0.0
567,-2.5817253820257786,1.4784942419364806,0.01592159824298494,10,0.0195250713585809
568,-2.423393118683344,-1.6575271567863112,0.01563902807774894,9,0.015617768549632663
568,-2.426161819668955,1.4832800247873297,0.015916769203997483,10,0.01928897109587308
568,-2.5934744357191124,1.4767506202347829,0.016322171055142345,10,0.004764352162272674
569,-2.422735147374712,-1.6574544515800376,0.015947315361719085,9,0.017345644693848174
569,-2.434451728660027,1.4813063942685873,0.016458327690315855,10,0.019327642841419707
569,-2.5803415023239538,1.4820043539158878,0.015872757624305456,9,0.02015168828632023
570,-2.4276642320667308,-1.6622249461529286,0.0174347892306154,9,0.0
570,-2.4328869027876556,1.4805993439219236,0.01584446948196498,11,0.020344396709315003
571,-2.425616573487428,-1.6482619181345384,0.0163316031608738,9,0.019770210321229068
571,-2.436063933609747,1.4797310656974478,0.016701587057411104,10,0.017363142579729582
572,-2.427753580778903,-1.662258804949284,0.017526854102288086,10,0.0001667141393725022
572,-2.42533260070259,1.4826119973536058,0.01622859918947166,9,0.018833778132661468
572,-2.598268074256465,1.4739037566694846,0.01720414217999421,9,0.0
573,-2.422714609366712,-1.6592782932532275,0.01705049592967282,11,0.021049939913584014
573,-2.426742455553716,1.4822726591191573,0.01627579911650153,10,0.018215613558114685
573,-2.5913888915616656,1.4899993191086183,0.01721329163556325,9,0.0
574,-2.428753821804256,-1.6600090594748247,0.01653806562787382,11,0.0072215237380465775
574,-2.4309138031045805,1.482956080748585,0.01594686780044323,10,0.015483031370672033
575,-2.4261162890208827,-1.6545158721469857,0.016945598232677783,11,0.01809335054185363
575,-2.4278168593101563,1.482038164334893,0.015569530261624259,9,0.018782354034764557
575,-2.5616893341632614,1.4861780717573736,0.015523823630177602,9,0.0
576,-2.572565840042036,-1.6434924186333797,0.01618253362969902,9,0.02030459088223012
576,-2.4256308550174284,-1.6642915137033725,0.016692023724132546,9,0.0
576,-2.4300032657866715,1.4810570718049023,0.016916715113302477,9,0.019852552133671545
576,-2.595099572005462,1.4747093725304725,0.016149159575720835,11,0.0031019564946611414
577,-2.417739124146324,-1.648128282088811,0.016765794207087695,11,0.028294452649401336
577,-2.4232171681892045,1.4826070633038562,0.01573563046925975,9,0.018358772984686324
578,-2.578120622596892,-1.656255809532193,0.016438735026936147,10,0.0
578,-2.4239561814110253,-1.6506744053780478,0.016677071084538867,9,0.018255590540327157
578,-2.4253934697529287,1.4836226819242775,0.01569744697069647,9,0.019563294103031446
579,-2.569220585814329,-1.6288072846539792,0.01595979423066582,9,0.006432102774527403
579,-2.422868728235973,-1.6561720946161702,0.01594179577296075,9,0.01687258176746116
579,-2.4279624840640235,1.4834436582775086,0.0161861880567938,10,0.01905405342637193
579,-2.593759737896373,1.480471428030755,0.01568090219634503,11,0.0
580,-2.4221612775988657,-1.6464755488279739,0.01700208588542269,9,0.021595604455251546
580,-2.4266492569509652,1.4829331995202486,0.01679012162970331,9,0.023896858135416196
581,-2.4229619559096136,-1.6436643280340495,0.016558801705231052,9,0.021378147466654736
581,-2.4070310615859545,1.4852452278771653,0.017504400032663806,9,0.0
582,-2.424557667629311,-1.6473590915923668,0.015641198902952354,9,0.018159533850587096
582,-2.432893974310101,1.4824003617848762,0.01631690006683859,10,0.01465223995501973
582,-2.5966285659673907,1.475438059556373,0.015682418454612886,10,0.0
583,-2.4276642320667308,-1.6622249461529286,0.0174347892306154,9,0.0
583,-2.4337332780074075,1.482183538423652,0.016188682772824772,10,0.016435632082300845
584,-2.4198364687291987,-1.6277260144578958,0.016316255895326072,8,0.0035601661203762307
584,-2.425975307663738,1.4790548640364436,0.016054336304692628,9,0.021815818680319954
584,-2.565717630711091,1.4752396696342511,0.015506428131515655,9,0.0
585,-2.4243778282674784,-1.6424818008511413,0.016326838511599998,9,0.020445922146337992
585,-2.42250380222142,1.4866277249210533,0.017007312010597957,10,0.02184104213038126
585,-2.5808415220527507,1.478433385893858,0.016101048008867684,9,0.0157559970182329
586,-2.4252626900006184,-1.651054485172554,0.016981132252861564,9,0.01948440828879727
586,-2.4298243615884845,1.4835045198248216,0.016087309148222033,10,0.018121595881224525
586,-2.5773735750228743,1.4802463923899893,0.016099475065981233,9,0.017818041976228778
587,-2.427944958152115,-1.6461405515998533,0.01680997480884746,9,0.019893408923016023
587,-2.4250104512511275,1.484128370787103,0.01566416953033077,10,0.0215924478399654
587,-2.5686356493778715,1.4773739668850627,0.014810874309006477,10,0.0
588,-2.4258436870434994,-1.641520345917878,0.01687593442522227,9,0.01871618717209127
588,-2.4288128904789557,1.4806207491998051,0.015192473966413137,9,0.01944742095158069
589,-2.4296934877740064,-1.660154925200785,0.01670679825668828,9,0.0
589,-2.415892027066945,1.4886837660148449,0.015345098396713695,9,0.014972134210888964
589,-2.5681109078367976,1.47617119816938,0.014865192050396334,9,0.0
590,-2.5740679080673226,-1.6264866059147756,0.01737592841745188,9,0.0
590,-2.4126937374066197,-1.6487569071768062,0.016893355028827158,10,0.024095189016329534
590,-2.4279396608793973,1.4800318018009329,0.015742938667094895,11,0.018308105446734932
590,-2.5803259769026172,1.4834966601912223,0.015907733694964087,9,0.02022726771789609
591,-2.5748030540834628,-1.6234605488887515,0.016232848681872917,9,0.0
591,-2.421830460237502,-1.6460266815710014,0.015989815858471826,9,0.02046939342606601
591,-2.6020017945431153,1.4693555972873205,0.017213263516740684,10,0.0
592,-2.4251693608819256,-1.6624002920763488,0.015862358137181242,9,0.0
592,-2.424954175985019,1.4816668932722266,0.017000528457626476,9,0.021695972079493177
592,-2.5955309657529146,1.4788247659143254,0.01625811828566591,9,0.0
593,-2.426480951086028,-1.6512469625028912,0.01681649305673737,9,0.018001581139084954
593,-2.4310337252188816,1.4804917953652195,0.01595880389003745,11,0.018116341875361194
594,-2.5613782342821954,-1.631494703043075,0.016300646664024233,9,0.0
594,-2.4246697261388404,-1.644777243398508,0.0164818071780748,9,0.020521162088167837
594,-2.412347727487696,1.4885257687316447,0.014460974484589278,9,0.0
595,-2.4297126427088713,-1.6475076111210747,0.016126189431523993,10,0.01665989280943939
595,-2.426631657155631,1.4859414540643976,0.015486419194117348,9,0.01822478532713759
596,-2.4270447045287,-1.6496027477128639,0.0166720012651862,9,0.01864513349402102
596,-2.431949147436169,1.483325040098365,0.016700394452772983,10,0.019035265919688488
596,-2.5962903844476943,1.4742938550980456,0.01629968043413005,9,0.0
597,-2.4267060642881075,-1.6562357416237545,0.016324243908657547,9,0.014353682235865708
597,-2.5811369972112144,1.4840527186009322,0.01638722333281673,11,0.020961719254635917
598,-2.4235052612255745,-1.653732472686612,0.016185252253553495,9,0.018425121337886208
598,-2.4204306849323136,1.48268292754475,0.015865786632084596,9,0.01998286323223891
598,-2.596760240788519,1.477244408817501,0.015690146573787755,9,0.0
599,-2.419988014675426,-1.6508758120681228,0.01648704737931502,10,0.02103093976408194
599,-2.4111366902807103,1.49101014245416,0.015486222553887676,8,0.0
599,-2.597153006370109,1.4799368827337454,0.017217097561371193,9,0.0
600,-2.426004866011725,-1.6629721168714748,0.01587444340255724,9,0.0
600,-2.428626943205466,1.48236064993408,0.016049120339155086,10,0.022912657475955167
600,-2.5779444351692122,1.4853307081833764,0.015234699174630169,9,0.01668839626091104
601,-2.4246039917047795,-1.6459857710402577,0.01574323173800692,10,0.019392456035094728
601,-2.4292553102407703,1.4838335329449421,0.01668126253235336,9,0.02212669237521984
601,-2.59803342667005,1.48043799717094,0.017230047197295026,10,0.0
602,-2.4236502311853996,-1.6457585478271874,0.01559517813386398,9,0.01761142187113452
602,-2.4252079407573195,1.4813760728465772,0.01593252922746906,9,0.020404052716727933
603,-2.4238917909835997,-1.6541142955132022,0.01657871986719954,9,0.0171580802009313
603,-2.4117884065756465,1.4914136453461355,0.01571603602022017,9,0.00398692980477011
604,-2.4238619290463057,-1.6568502451411704,0.015951343051556537,10,0.01634499070439082
604,-2.427103990463705,1.4846688876469394,0.015717958808447192,9,0.01958594942225537
605,-2.4262707610993015,-1.6600795342582513,0.015582764413269265,9,0.0032523533127547834
605,-2.4125908127453153,1.4870621997841336,0.015590533915672153,9,0.0037033304520262206
605,-2.5946584612960453,1.478326914648385,0.01625279575059247,9,0.0
606,-2.4213422066431907,-1.6460061769049417,0.01656135604443134,9,0.0207478914175359
606,-2.4058209886356137,1.4909510034490492,0.01753197275027539,11,0.0
607,-2.423559001130704,-1.647736814459081,0.015890651665062042,9,0.017943303918438534
607,-2.432654163937313,1.4830904698758471,0.01600891185154599,10,0.015590781971826334
608,-2.4251769100405167,-1.6372259593357874,0.015688872025490287,10,0.020496302150858584
608,-2.4215848364241257,1.4828079752174281,0.01540062964297763,9,0.020388043647625947
609,-2.4244121856184644,-1.644780292013509,0.016633385379817938,9,0.019636998854418754
609,-2.431512294346122,1.4831962657011855,0.015856336827896493,10,0.01623608750120377
609,-2.577561586392463,1.489972082187356,0.01621108763846759,9,0.019155993016573118
610,-2.424492332747484,-1.6531358989943423,0.015996335525426304,11,0.01764344593600569
610,-2.4250435950973146,1.482503296596391,0.01595826629910042,9,0.02068678129103803
611,-2.4285573963512364,-1.6628137844761173,0.01750664225252606,9,0.0001353172150937703
611,-2.4117884065756465,1.4914136453461355,0.01571603602022017,9,0.00398692980477011
611,-2.580817718521156,1.4805331737296794,0.016361900340475334,10,0.024505805195997224
612,-2.5789746334004797,-1.6586501737608874,0.01645266639081236,9,0.0
612,-2.421264189908527,-1.6483891578441858,0.01548188972896752,9,0.020107083971143885
612,-2.426161819668955,1.4832800247873297,0.015916769203997483,9,0.01928897109587308
613,-2.4285000252949724,-1.6627987347546154,0.017448251184520223,9,3.4137679371587055e-06
613,-2.4222258639170846,1.4853758288002172,0.016204880583866415,9,0.0199480402174638
614,-2.5769986497394473,-1.6476031400852962,0.016285689739207472,9,0.018624050794306145
614,-2.427009169045,-1.6578495943012475,0.016383113835225577,9,0.004922750464524987
614,-2.43358106669548,1.4823678642069535,0.015651753131231586,9,0.016504991474755693
614,-2.5671467514117494,1.4826948268796636,0.01554687063579551,10,0.0
615,-2.5751506309287064,-1.6439561837789558,0.016659457005565505,9,0.02080957287164349
615,-2.4264593084450183,-1.6475132938813655,0.015747078852556166,9,0.020328275683226402
615,-2.433260045217226,1.4802215262714862,0.015793686204428795,10,0.017323564793858662
615,-2.5969308451717885,1.4813274012611206,0.016335765243916802,9,0.0
616,-2.5708110432711764,-1.6279200062536574,0.01622564931675037,9,0.0
616,-2.427377472408112,-1.648868653570472,0.015963454766036455,9,0.01752121105704358
616,-2.4311070059229425,1.4799480733435033,0.01668350136257283,9,0.01613467557158253
616,-2.5958811156224244,1.4767448432358883,0.01567904984710517,9,0.0
617,-2.4260585460610655,-1.6446301974132764,0.01567647242444774,9,0.017625044799827277
617,-2.4235993942455325,1.4817139485800368,0.015888324525144003,9,0.019260490884719095
617,-2.578975774862707,1.482808720943692,0.01636874624407996,9,0.021132441119594322
618,-2.4268318101965667,-1.6553068945013123,0.015715864396429496,10,0.015338363799997087
618,-2.427129910626008,1.486491882445301,0.01609621826478162,10,0.01824375357123703
618,-2.566568157693943,1.4856822686770728,0.016694706927754425,10,0.0
619,-2.568215705657816,-1.6278572174642028,0.0169623113263411,8,0.0
619,-2.426837191902008,-1.6561725230986226,0.017460083959260162,9,0.01660178878540856
619,-2.4250766723608916,1.4877877544229468,0.016662373316605437,10,0.019549370790100228
619,-2.5814082169783603,1.4808733849092408,0.015604640668861566,10,0.023629690049518245
620,-2.4293315744768376,-1.6633643368940596,0.017454053023017373,9,0.0
620,-2.426521707065903,1.4855872750198231,0.016029466522840846,11,0.021431448793015364
620,-2.5790885267548287,1.4864389015752537,0.015285975759120267,9,0.016321290043564165
621,-2.580079605794518,-1.6395808803949259,0.016805919739535803,9,0.019762735275494284
621,-2.424409360227662,-1.6405565922004042,0.01726468728036877,10,0.020071250391954856
621,-2.4312664991812634,1.4828483787122657,0.016142802216304594,10,0.018680666501851705
621,-2.6000238309766424,1.4748994111428497,0.017222610953156692,10,0.0
622,-2.4257880282918145,-1.6490746800712892,0.016182063212585324,9,0.01812443826441661
622,-2.4300836881516,1.483141090420248,0.015315519858293436,10,0.022851258177694907
622,-2.5958811156224244,1.4767448432358883,0.01567904984710517,9,0.0
623,-2.425256081153186,-1.6411197741566876,0.016316483288160998,9,0.018908851952380946
623,-2.4281355496245767,1.4804869411039645,0.015890279140321515,9,0.018251792972637973
624,-2.43180087458255,-1.6579761309080212,0.016703252115409142,10,0.003308066532654047
624,-2.410905044747653,1.4860218788603536,0.015571193914431715,9,0.0036990915368246514
624,-2.5987809822828662,1.47386533866879,0.01651660225183863,10,0.0035226541411758966
625,-2.4199456289444967,-1.647605521878238,0.016583629322977862,9,0.022135017980885623
625,-2.431614133319669,1.4830943495799336,0.015642248000820386,9,0.015929056024428758
625,-2.5639436885973184,1.494141025368031,0.015573407707872569,10,0.0
626,-2.4273083300356117,-1.665441889841202,0.01672564104307619,9,0.0
626,-2.428318648732149,1.482096021714066,0.015064189794314325,9,0.017973546312776176
627,-2.4247656212144464,-1.6522545977802405,0.016095767101213843,9,0.018432331128552217
627,-2.422927742372226,1.486890173423166,0.01701609431935469,11,0.02168346219341609
627,-2.5766229338805275,1.484506072965362,0.015994301505837336,9,0.021616025666684118
628,-2.584622881005218,-1.6522637754411738,0.016294504366484205,9,0.0
628,-2.428516718233976,-1.6330442049444518,0.017507963024186977,9,0.020371917403625282
628,-2.410354464122732,1.4856812384352271,0.017116834528410868,9,0.0023400447848517525
628,-2.5691601333342007,1.4905128161371484,0.015230981637125168,9,0.0040415380286719215
629,-2.418667515241855,-1.6407951859191099,0.016662679540065988,11,0.02555054663500861
629,-2.4258061928262356,1.4821875710139008,0.0170087431595193,9,0.021704866180790303
629,-2.5634047549966077,1.4871731898610248,0.015540933585288557,9,0.0
630,-2.5722858578538697,-1.6218716894573844,0.016209298659495712,10,0.0
630,-2.424299205131781,-1.641616943808036,0.01606377587198667,9,0.018299945627013852
630,-2.4273067728114293,1.4814970458935068,0.016610376198149708,9,0.019336575870609184
630,-2.564262872424523,1.4876713727681006,0.015549140279531987,9,0.0
631,-2.424665992360757,-1.650249792253042,0.01653482305576566,9,0.019386744417558
631,-2.42342622770003,1.4855735402580126,0.016642707739780833,10,0.023871967265947404
631,-2.5785822464464903,1.4838223089458897,0.015610917890816794,10,0.018598356670545713
632,-2.579976782094287,-1.641185969413296,0.01694282100565317,9,0.020424851659916077
632,-2.4186145238688694,-1.655077594104804,0.016420856951896465,11,0.01765666900474948
632,-2.4098144197518345,1.4869627136570078,0.014437463176976334,9,0.0
632,-2.5765580033340996,1.4864109257869604,0.016363848332624057,10,0.019153926529278168
633,-2.5708110432711764,-1.6279200062536574,0.01622564931675037,9,0.0
633,-2.4256308550174284,-1.6642915137033725,0.016692023724132546,9,0.0
633,-2.4295711615240054,1.4840212666913557,0.01621099134888614,11,0.027064576048359455
633,-2.595177709092937,1.4803271376287228,0.01631738814438899,9,0.0
634,-2.4260853260931556,-1.6611169640728605,0.01750506593585292,9,0.00017574354420592426
634,-2.43788568012558,1.4867105348972718,0.016496771218078687,10,0.012058748637059087
635,-2.575753264061403,-1.6618021530761407,0.016450403011953205,10,0.0
635,-2.424192822511235,-1.6618141920718852,0.015748136299472075,9,0.0021891017391941275
635,-2.4250987187239565,1.483368955130294,0.01662916312661567,9,0.022881652675721717
636,-2.425256081153186,-1.6411197741566876,0.016316483288160998,9,0.018908851952380946
636,-2.4363461983637418,1.484439362598766,0.01647014581674538,10,0.015782311182115965
637,-2.4239330977844995,-1.6390714368744839,0.017350973630739057,9,0.023998534630660713
637,-2.4301737067233806,1.4814414308304453,0.016240889549012077,9,0.020411919015103055
638,-2.5821855024302227,-1.6536431715654643,0.01645071281709304,8,0.0
638,-2.426528771571123,-1.645559249513025,0.015695411137600025,9,0.01933111973143275
638,-2.4268701618907764,1.4816926403114312,0.016033738547588616,10,0.023887876767733022
638,-2.597153006370109,1.4799368827337454,0.017217097561371193,9,0.0
639,-2.4289317078951256,-1.651387129357606,0.01697608892179458,9,0.017065802274167163
639,-2.4220806030133932,1.4828988519948945,0.01663542248724971,10,0.020764837506673767
639,-2.5759235344391875,1.4908302397733437,0.015241629057950653,9,0.016670297761207563
640,-2.4198364687291987,-1.6277260144578958,0.016316255895326072,9,0.0035601661203762307
640,-2.429706570124415,1.4836317797314273,0.015509459207692667,10,0.0174273666495645
641,-2.4235772264663704,-1.6457080605804744,0.01687682902273415,9,0.019632437512126386
641,-2.4283382829392197,1.4818705477182714,0.01650939439134099,9,0.020367788708392114
642,-2.424424987067819,-1.6291075454803143,0.015173707746237981,9,0.0
642,-2.4219895072948066,1.4841387396732486,0.01512696476129557,9,0.02025560343057742
643,-2.419510672729604,-1.6292115358205985,0.017324276026237102,9,0.0
643,-2.4280890086692253,1.48194839375452,0.015905973239356573,9,0.0189947977164479
643,-2.5966285659673907,1.475438059556373,0.015682418454612886,11,0.0
644,-2.5829239924996137,-1.6511785659060096,0.01627875661777511,10,0.0
644,-2.4214898718319695,-1.6640366127447466,0.015283001734724999,9,0.0
644,-2.434344917968694,1.4786863642797456,0.01668132196241274,9,0.017347906414333886
645,-2.579269133557174,-1.6460343453861106,0.016577593073576202,9,0.01851944892118032
645,-2.429648304604409,-1.639520654428857,0.01738991653744961,10,0.023429718941924214
645,-2.426161819668955,1.4832800247873297,0.015916769203997483,9,0.01928897109587308
645,-2.5614148592401498,1.479385094993496,0.017056769867012937,10,0.0
646,-2.422587728077209,-1.640461697299197,0.016450740496784005,10,0.01974686171504346
646,-2.411100544374036,1.4877565385172646,0.015157925447476784,9,0.003859204328677374
646,-2.6008921575230475,1.4753920833282008,0.017221370014689857,9,0.0
647,-2.4296934877740064,-1.660154925200785,0.01670679825668828,9,0.0
647,-2.4181400626812524,1.4807846386271655,0.016293932575534176,11,0.027794886208879994
647,-2.5939559476360423,1.4767883993904454,0.015953990363035395,9,0.0015025215570811257
648,-2.4227351362687553,-1.637133213661423,0.017235579012674043,9,0.02014406514343245
648,-2.4237783621391173,1.4834115846817917,0.016275190918436898,10,0.020660878025196262
648,-2.5634047549966077,1.4871731898610248,0.015540933585288557,9,0.0
649,-2.4274398406120063,-1.6604366685581926,0.01662337119968111,9,0.0028240870803949176
649,-2.4352308502756848,1.4785560893749732,0.016657942657454645,11,0.020945558316893723
649,-2.564262872424523,1.4876713727681006,0.015549140279531987,9,0.0
650,-2.4292449452787626,-1.6577735954421966,0.017117783915525486,9,0.0021489255092267245
650,-2.434869881610948,1.4747002914287133,0.0158657841026376,11,0.021291468426915552
650,-2.5962722687460085,1.4794351059261066,0.017203544295294516,9,0.0
651,-2.5708110432711764,-1.6279200062536574,0.01622564931675037,9,0.0
651,-2.4244836310689464,-1.6431618896328515,0.01639819669444007,9,0.01988921371121707
651,-2.4192481271015733,1.4884208801786099,0.01589025162790642,11,0.019989565799963062
652,-2.428343561089693,-1.6592332266713414,0.01567718384112197,11,0.005995069862375208
652,-2.4196436532574834,1.4864949898377207,0.015883392482355797,11,0.023623516233212405
653,-2.426962694533459,-1.6514474437286395,0.017280094027990633,9,0.018962887320290625
653,-2.4290961908279156,1.485171038285237,0.016014142342397567,10,0.021039893314167966
653,-2.596104151291208,1.478575988526388,0.016066782152785494,11,0.0020121316314200216
654,-2.578991719740518,-1.6467536520806672,0.01517937822584551,9,0.01893679376546574
654,-2.425722340595346,-1.651829359985006,0.01631855060908976,9,0.016944706086032126
654,-2.433504112796061,1.4830393860150282,0.016832721826329406,10,0.018903158264690727
654,-2.5663845175730327,1.4751810904444427,0.014855106406316704,9,0.0
655,-2.42205879464505,-1.6480028975676753,0.01590418761158582,9,0.019074720692611014
655,-2.4241343774583086,1.4827937934492494,0.01507840989357744,9,0.01946091586317132
656,-2.4296934877740064,-1.660154925200785,0.01670679825668828,9,0.0
656,-2.4240694690137854,1.4843728569618402,0.015458553368738581,9,0.018197087381218387
657,-2.4244462724961964,-1.6382865345890814,0.016849883202840085,9,0.019159291036379908
657,-2.434711786540352,1.486009919308899,0.016116416949142294,10,0.01819908449215593
657,-2.5975041096197913,1.4759359459874983,0.01568979052506396,10,0.0
658,-2.4317478422123977,-1.6557831932834537,0.016635599278346395,9,0.0016248380569126326
658,-2.596760240788519,1.477244408817501,0.015690146573787755,10,0.0
659,-2.4179411340952703,1.4782201831856758,0.015693723731117094,11,0.022852132280288075
659,-2.5962722687460085,1.4794351059261066,0.017203544295294516,9,0.0
660,-2.4317252107847596,-1.6599693089510017,0.01590145038627016,9,0.0
660,-2.4244703304577153,1.4846022756661403,0.015464313187762585,11,0.025274187093006696
661,-2.4271773232697966,-1.6609976761175145,0.015252073584738983,9,0.0
661,-2.420352742108584,1.4826308106581034,0.01689996280511663,9,0.019491517709938448
661,-2.594740351276298,1.4779336286387865,0.01713720628065998,9,0.0
662,-2.425819495101188,-1.6420672201310318,0.017015045656635742,9,0.023560423948205234
662,-2.590903823154918,1.4828549616235873,0.01623852776088952,9,0.0
663,-2.423784087688798,-1.644136930932753,0.016999749218962017,9,0.023610023775210036
663,-2.4098144197518345,1.4869627136570078,0.014437463176976334,9,0.0
664,-2.4203657452064324,-1.6389181270545299,0.017334824193571,8,0.023549443247295493
664,-2.429019628465158,1.476587734756082,0.01610719926622352,11,0.0258105781598026
665,-2.573124566436454,-1.6224023442350874,0.016216525969239174,10,0.0
665,-2.427055747272222,-1.6591379145975877,0.01610519205497409,11,0.0053860529694933785
665,-2.4313734385367605,1.4805631781991309,0.016337502971945948,9,0.01855122579346873
665,-2.5802281736830985,1.48154180723891,0.015821601711577683,10,0.018194001412382914
666,-2.5749073261047606,-1.6379649543416939,0.01617418350157366,9,0.02030720003922864
666,-2.418748155267218,-1.653534842819954,0.016474135657561256,11,0.02372583221715898
666,-2.4241005309738153,1.4811451742114816,0.016988160003877463,9,0.021685763082330813
666,-2.5665631175578563,1.474377685476789,0.015885260569139026,8,0.004166498137589325
667,-2.4268376811497743,-1.6616585278638938,0.01743230093671307,9,0.0
667,-2.4049795060066708,1.4904299937069252,0.01752178914035797,10,0.0
667,-2.5846052745762633,1.481757644606632,0.015909808010004342,10,0.022013550440867648
668,-2.5810370606740523,-1.6431401895015163,0.016294029630701076,9,0.01864881082049033
668,-2.4285014830816425,-1.6628000047493274,0.017450145972655526,11,0.0
668,-2.431387842861242,1.4801943137351221,0.016606263087274024,10,0.018141274900009975
668,-2.5760555635994966,1.4857350299872225,0.015140494682737107,9,0.018375135953653088
669,-2.423961549645918,-1.6413895767249258,0.016465029947939688,9,0.019255548145800234
669,-2.4338244234033874,1.478428034129107,0.016569510371104264,10,0.020616872766718336
669,-2.593962830914281,1.4765839956664302,0.015611570820113599,9,0.0013569404963873644
670,-2.5744651437622768,-1.6405430965210814,0.015899108022891364,9,0.020676353055617262
670,-2.422994837636834,-1.6385902752263128,0.015731014921857876,9,0.017832009308664028
670,-2.426958513868964,1.4805346959613324,0.015628477706366457,9,0.02195941568928314
670,-2.5853636492326224,1.4808610708237546,0.016357135762344883,9,0.020304055035635617
671,-2.5738102698401444,-1.6406257113164786,0.015892247942592568,9,0.020110954009181083
671,-2.4243377775418242,-1.661829330719602,0.015853435209016664,9,0.0
671,-2.4291134858791095,1.4801631524619154,0.015871700894062816,10,0.02088255854105601
671,-2.5659782778111437,1.4886664818487851,0.015566267464530312,10,0.0
672,-2.569971882497345,-1.627389614964724,0.016217458274583586,9,0.0
672,-2.427753580778903,-1.662258804949284,0.017526854102288086,9,0.0001667141393725022
672,-2.421329410901284,1.4843090949108568,0.016288797413783664,9,0.02037380230061544
672,-2.596962337961293,1.4746961460730907,0.016563148523895822,10,0.002289754368335067
673,-2.5823646051717137,-1.6565834242935416,0.017042112518214622,9,0.0
673,-2.4244536469846567,-1.657291021433822,0.017408504234780988,9,0.019187687071208822
673,-2.421376336211041,1.484854028553615,0.01619571579895548,9,0.019940202114605097
673,-2.587348375780041,1.477261602889817,0.0164521367412649,10,0.01893444227274043
674,-2.4206095669557026,-1.6488314907813206,0.0170067225387096,9,0.023702184118181917
674,-2.4284259994090696,1.481293658319583,0.016017660661023312,9,0.01778963528024235
674,-2.5825937245218826,1.47899164815551,0.015930289631221853,10,0.01953357082971282
675,-2.5798510144722333,-1.6572782800796437,0.01606083759981998,9,0.0032990278876170167
675,-2.4309495499688833,-1.65847480969538,0.016726580991468138,9,0.002088747151934932
675,-2.4061885736611788,1.484725204237955,0.017494228412785022,10,0.0
675,-2.5625466357686686,1.4866760057467379,0.015532729021570274,9,0.0
676,-2.5754811977189687,-1.6612938608867127,0.01602476529044351,10,0.0037692554920040764
676,-2.426004866011725,-1.6629721168714748,0.01587444340255724,9,0.0
676,-2.424533881207969,1.481407252724769,0.016994548477807597,9,0.02185064632926674
676,-2.587483116779668,1.4813762635811276,0.015417370012094176,9,0.013683809729595316
677,-2.5799543356986274,-1.655993799901643,0.016722833122342563,9,0.0
677,-2.421608983177053,-1.6478016318895303,0.01737343413320793,10,0.023365915194123194
677,-2.4184891227079945,1.4895478731490748,0.016198043647189932,10,0.019922544835811323
677,-2.592427464292191,1.4844888882057217,0.016487316835748438,10,0.0030824990043180896
678,-2.580699571669712,-1.657823428537197,0.016069258614671674,9,0.003300258598334502
678,-2.4111742241794567,-1.6479706265526435,0.01722725166402021,11,0.024126046612655
678,-2.42132653556476,1.482152985294339,0.015625481512655397,9,0.021368403130722587
678,-2.5634047549966077,1.4871731898610248,0.015540933585288557,9,0.0
679,-2.4243844865797057,-1.645476047961281,0.015515253809742516,10,0.018056222744726343
679,-2.4175204239202506,1.479412713516445,0.01568242624646882,10,0.015061000809386355
680,-2.5769466700346455,-1.6583559904684995,0.017067955832925107,9,0.0
680,-2.4186110561327836,-1.644566819338327,0.01694670468945428,10,0.031612634481290536
680,-2.4278992805227846,1.4842536800891823,0.01552383893752739,9,0.017742499785292555
681,-2.5762843034777223,-1.6419487395226757,0.014700799078719632,9,0.01677827256573676
681,-2.4251174045317954,-1.6375926950389388,0.016762421606478676,9,0.01909691352108459
681,-2.4350264276328555,1.484314305791288,0.016729472551698495,10,0.015310510195227068
682,-2.5761897277596093,-1.6467454410264437,0.015958347112270656,9,0.01913166605435425
682,-2.4243778282674784,-1.6424818008511413,0.016326838511599998,9,0.020445922146337992
682,-2.426925031640101,1.4816330995849571,0.01653629242333629,9,0.021373343542711323
683,-2.424873166483014,-1.6415539692001713,0.015978173468878344,9,0.019241974272044323
683,-2.4221325543395067,1.483725307025149,0.015883192298019707,9,0.020000848634003185
683,-2.5962722687460085,1.4794351059261066,0.017203544295294516,9,0.0
684,-2.428318520578881,-1.6590285558609488,0.016345404196101417,9,0.004322808158088586
684,-2.4226462832101383,1.4834887451452143,0.01605009987891725,9,0.021317884554219693
684,-2.5659782778111437,1.4886664818487851,0.015566267464530312,10,0.0
685,-2.5761498844851003,-1.641615505777073,0.015916284610254863,9,0.020705066464432962
685,-2.427373758799236,-1.6565393188658804,0.01743636879215802,9,0.017651899056880895
685,-2.4420367008299833,1.477569277572373,0.016484696922951392,9,0.0
686,-2.580118278459911,-1.6465768541356676,0.016587489876132122,9,0.01852700332030042
686,-2.4272014786300424,-1.6539303918028936,0.01659043386116878,10,0.019228001164200044
686,-2.410905044747653,1.4860218788603536,0.015571193914431715,9,0.0036990915368246514
686,-2.5957060406876695,1.4777848045751067,0.01596858406638554,9,0.0015045704932538269
687,-2.4282635322854995,-1.6630829079326739,0.016369749413873824,9,0.002483595502121773
687,-2.4310678962440124,1.4847351237318862,0.016282819988570302,10,0.019128714153903416
687,-2.5790885267548287,1.4864389015752537,0.015285975759120267,10,0.016321290043564165
688,-2.4274204975922666,-1.6625068687581708,0.016349130247254727,9,0.0024660092670935573
688,-2.426751440870429,1.4811510202586526,0.016439084783303633,9,0.019624077657835744
689,-2.4276695540898774,-1.6622301461797864,0.017441811774922048,9,0.0
689,-2.424815818178505,1.4848214474469197,0.01701808415479673,9,0.018385504401116075
689,-2.595404913956746,1.478941436140646,0.017204763466589647,10,0.0
690,-2.4248068272044305,-1.6431065833665868,0.0173803218934748,9,0.023398935843155593
690,-2.4229373747067804,1.4868918961619093,0.017014960422109725,10,0.022002794963373533
691,-2.424134630807811,-1.6430916000393039,0.016277459223541575,9,0.022259436851795874
691,-2.431683227124746,1.482563876411872,0.01609791168642489,9,0.015858202133943154
692,-2.421126513643095,-1.6268892720412516,0.015147549195672886,9,0.0
692,-2.4331434100016636,1.4806407409231033,0.015807633684899403,10,0.015355120380260804
693,-2.4268261168872,-1.6473707181744206,0.015484194961089881,11,0.017870947154527483
693,-2.434251553466054,1.4844572456249214,0.016484625273508764,10,0.015540156119915481
693,-2.5955125002744923,1.4814720383156972,0.015699072774710363,9,0.0
694,-2.567641224307207,-1.630087338647853,0.016938422749877405,9,0.0031392657176750483
694,-2.427801315609138,-1.6593732034740885,0.016630220285685195,9,0.0017218147353771464
694,-2.435330923550791,1.4804091750659805,0.016335979167712615,10,0.02105425249799849
694,-2.5961144694698963,1.479604030660907,0.016235506173226232,9,0.0022836289610890692
695,-2.420984075154592,1.483037461537476,0.016992382331778827,9,0.019281544992021143
695,-2.59803342667005,1.48043799717094,0.017230047197295026,9,0.0
696,-2.428092548341381,-1.6368027800494298,0.016201097077909926,10,0.018776826697208596
696,-2.426880600524866,1.48570153242322,0.01618083147667601,10,0.02021493287601099
697,-2.429907243443082,-1.6472121307476106,0.01672718223887824,10,0.017877774722294657
697,-2.4222258639170846,1.4853758288002172,0.016204880583866415,9,0.0199480402174638
697,-2.6026616149050765,1.4763942096984028,0.01725445552072889,10,0.0
698,-2.4216972316841776,-1.6439901788621234,0.01626726726761657,9,0.02210889765130585
698,-2.434777379008851,1.4837468170775057,0.015463288210640507,10,0.017654492112406127
699,-2.4285573963512364,-1.6628137844761173,0.01750664225252606,9,0.0001353172150937703
699,-2.409732895554949,1.4836855202365529,0.0163680524188482,9,0.0
699,-2.5975041096197913,1.4759359459874983,0.01568979052506396,9,0.0
700,-2.4257072993964237,-1.6554033416161045,0.017408371004245894,9,0.017618649851358498
700,-2.430576562912071,1.4814146743695213,0.016293349837203236,9,0.01702467364502262
701,-2.4249673396577536,-1.6563490967510575,0.016723729659165472,9,0.01590942214527671
701,-2.4248980090595413,1.4823665081363728,0.015722665681867753,10,0.024395272440861857
701,-2.5956177055939285,1.4784336423817583,0.017146935162725016,9,0.0
702,-2.414886858822242,-1.6404260983368668,0.015309467728346479,9,0.015927728382186424
702,-2.4222258639170846,1.4853758288002172,0.016204880583866415,9,0.0199480402174638
702,-2.594638158706859,1.4809723717531715,0.015691993953479994,9,0.0
703,-2.4147021267189057,-1.632789822803027,0.017308666724390243,9,0.0
703,-2.4266251093580973,1.4828140017161506,0.016078860567474065,9,0.019899614959694993
703,-2.579676180964366,1.4863290632950652,0.015249841020064119,9,0.016702192169297955
704,-2.4275569565343496,-1.6620291514629058,0.015631538929007954,9,0.001506026903896061
704,-2.427431795324122,1.484811949093254,0.01599234598755455,9,0.022339927962139183
705,-2.426464981119714,-1.6648621544971678,0.016702740183384353,9,0.0
705,-2.421331502069456,1.4821053793239345,0.01642002959168665,9,0.023768711031317627
705,-2.5951929470063373,1.4806615132366796,0.016284419915111616,9,0.0014580727776020777
706,-2.4245122333720066,-1.649844502549281,0.016658549741649754,9,0.01985595388586195
706,-2.428643699681901,1.4840304762624779,0.01633003999625976,10,0.019672017200795328
707,-2.4170496101902863,-1.6275534109340715,0.017291775496978957,9,0.0
707,-2.4244869053305402,1.4830630669106526,0.016205661258665786,9,0.019783386070941607
708,-2.42214185971371,-1.6465597213098584,0.017506948231836253,10,0.022656709066582487
708,-2.431683227124746,1.482563876411872,0.01609791168642489,9,0.015858202133943154
709,-2.4247096192305957,1.4782956583254423,0.016982654113814902,10,0.01854709356319275
710,-2.4278185866386233,-1.6622958590854888,0.017594983949800573,9,0.0
710,-2.4238548204265835,1.4777747413913254,0.01697152702097866,10,0.018539631537151303
711,-2.4242970356254334,-1.6446895717035837,0.01563057922786163,9,0.017398731681899805
711,-2.4337575005347234,1.4841878088445364,0.015888768616390204,10,0.017125827392267305
711,-2.5955309657529146,1.4788247659143254,0.01625811828566591,10,0.0
712,-2.4204408833396807,-1.6498870224410094,0.016003930369492728,11,0.027652959014180946
712,-2.428720488598924,1.4815736728582969,0.015601647070556477,9,0.019736720890673094
712,-2.5936542557407627,1.4797806161534426,0.016284954608786078,9,0.0034623626392037577
713,-2.578967986425301,-1.655602158410569,0.016725918152475115,9,0.0017881980755723743
713,-2.4249342116190324,-1.6520439548627255,0.016266520645352948,9,0.015806418981692334
713,-2.42952391507674,1.485084281341166,0.016566330809700946,10,0.020131635844263224
713,-2.5784944523457574,1.482315420419701,0.01522523177294179,10,0.01991144077622381
714,-2.5816254131817313,-1.6541092547351408,0.015943711883634335,9,0.003109049890286511
714,-2.426970195089084,-1.6498696794969303,0.015966591968828693,10,0.016474828743545052
714,-2.4310337252188816,1.4804917953652195,0.01595880389003745,9,0.018116341875361194
714,-2.5784268419932923,1.4835500944471849,0.01619870506960277,10,0.019174298552638247
715,-2.426702538861251,-1.6513309049695464,0.016737443250603206,9,0.016861873723751645
715,-2.4338759592382715,1.4841200049314485,0.01626658556341838,10,0.016419634148778256
715,-2.5951530253357515,1.4854746994631736,0.017226566519237978,10,0.0
716,-2.4242624073877326,-1.6531875456740661,0.015572472884208698,9,0.016186197734414896
716,-2.442897620557702,1.4780912231395353,0.01649165258456074,9,0.0
716,-2.5925261202045142,1.48396989527109,0.017199333242937275,9,0.0
717,-2.5813517709824243,-1.6550483766624775,0.016033366582261864,9,0.0025416301068425648
717,-2.4253068579453627,1.4827580006309342,0.015906315620368185,9,0.019277816203319652
717,-2.5918670696879262,1.4829638832305878,0.017136509391499424,9,0.0
718,-2.4293796482091516,1.483288316216073,0.01642296434171764,10,0.01813671529687728
718,-2.5925261202045142,1.48396989527109,0.017199333242937275,10,0.0
719,-2.422838674426095,-1.6451927079746045,0.017448975596052727,9,0.02081692581716125
719,-2.4306874213317573,1.4876637580888838,0.015585533457929911,10,0.012553169601909036
719,-2.5962722687460085,1.4794351059261066,0.017203544295294516,9,0.0
720,-2.5806658120991406,-1.6578909825471877,0.016464592809410216,9,0.0
720,-2.4296934877740064,-1.660154925200785,0.01670679825668828,10,0.0
720,-2.421712171044841,1.4822599331769173,0.016286415410950276,10,0.01882287380453236
721,-2.4258061928262356,1.4821875710139008,0.0170087431595193,9,0.021704866180790303
722,-2.577446903726721,-1.662895646909833,0.016466829642506564,10,0.0
722,-2.423171999396078,-1.6463760342618976,0.01660216377955017,9,0.02154793735446002
722,-2.420763857211413,1.4818062867502537,0.015619832210088476,9,0.021530273822318882
722,-2.596760240788519,1.477244408817501,0.015690146573787755,9,0.0
723,-2.4253459124335346,-1.651792450561982,0.01668792495132825,9,0.02119734120287629
723,-2.4232836758456036,1.4822732337612936,0.015071242642701932,8,0.0194555111499543
724,-2.582706717714362,-1.6549862280642023,0.017094483912228398,9,0.0
724,-2.4246907935196496,-1.6407243585189644,0.016766016689829032,9,0.019181003808907242
724,-2.4176396583263844,1.4890242052355236,0.016189705406095857,11,0.019914121915505734
725,-2.582731341349429,-1.644219062635958,0.0163110002704878,9,0.01866906044278935
725,-2.425690723163949,-1.6525703866748362,0.015810750622729776,11,0.01669865901283417
725,-2.4278401283000712,1.4849223378153684,0.016503852162768198,10,0.021439403276245675
726,-2.426082967687056,-1.652844250864791,0.01598648529645481,9,0.01696593019441404
726,-2.427443222947677,1.4848861471889954,0.01618167359141528,10,0.022889117908961202
726,-2.5962722687460085,1.4794351059261066,0.017203544295294516,11,0.0
727,-2.5823646051717137,-1.6565834242935416,0.017042112518214622,8,0.0
727,-2.428274281267309,-1.6610080894538761,0.016634496083013164,9,0.002828638469312769
727,-2.4237417823348184,1.4797405592500628,0.01633975821025726,9,0.024491543939869975
728,-2.426583480057789,-1.6619334593374493,0.01633465442182544,9,0.002463790048798968
728,-2.428643699681901,1.4840304762624779,0.01633003999625976,10,0.019672017200795328
728,-2.5811452971263327,1.4807360539585561,0.016487379334211565,10,0.017536598695746433
729,-2.4264351577629766,-1.6516616934955712,0.017079021257089797,9,0.01976954970796606
729,-2.4319306139442873,1.4823076619445694,0.01576387782003479,10,0.016711420458285182
729,-2.595177709092937,1.4803271376287228,0.01631738814438899,9,0.0
730,-2.4223482830960137,-1.645815850412025,0.016593295724635037,9,0.02153170169723861
730,-2.4357634069212737,1.4795532669208866,0.016079613659872306,10,0.017334675095538123
730,-2.5949865502460203,1.477513967575911,0.016177187387347164,9,0.0027056327249746336
731,-2.575307527544357,-1.641079387472852,0.015910767052503216,9,0.020695158046164553
731,-2.4263750149079586,-1.6558611209051797,0.017417861766728732,9,0.018186040297494554
731,-2.4285629917206037,1.4838443957656022,0.016532135920995707,11,0.024071357943305383
731,-2.5958811156224244,1.4767448432358883,0.01567904984710517,9,0.0
732,-2.5708110432711764,-1.6279200062536574,0.01622564931675037,8,0.0
732,-2.4253319061479153,-1.6438959875725716,0.016028209476182942,9,0.01886922898258404
732,-2.4252200456807333,1.4805915414607016,0.016516357082200832,10,0.021353369356949238
733,-2.4262684701171198,-1.648090399279118,0.015859407458982587,9,0.018799768112593894
733,-2.4252821051663807,1.4859666947585137,0.016702340518498362,10,0.022281409033850497
734,-2.4247865502190606,-1.6476969066754896,0.016322536657657365,9,0.019756072322570598
734,-2.42535238147361,1.4842700197992849,0.014755015520663623,9,0.02512182651963193
734,-2.5948717464699333,1.4744400866432155,0.015662392785630253,9,0.0
735,-2.4285000252949724,-1.6627987347546154,0.017448251184520223,9,3.4137679371587055e-06
735,-2.4349241026676935,1.481106661746769,0.016173167333515977,10,0.017409645984755473
735,-2.597515659548754,1.4696626556336305,0.01664313626578365,10,0.0
736,-2.4269517784256713,-1.655085240257046,0.01696242514269784,9,0.018115695060411077
736,-2.427864817331769,1.4810515520418082,0.015592529720921516,9,0.019727727700440616
737,-2.5722858578538697,-1.6218716894573844,0.016209298659495712,10,0.0
737,-2.421597621925341,-1.6487308740900077,0.016603131032077646,9,0.022163952411692465
737,-2.4268384084480203,1.4799164962501716,0.01652589721443208,9,0.01968485627941288
738,-2.5784115725108707,-1.659114055220325,0.015943505240122443,9,0.0031067116135526764
738,-2.4265012037373617,-1.6441776884433967,0.016091494627205247,9,0.01759532229320296
738,-2.4303703698514205,1.4822257819401374,0.01564606927419086,10,0.01884392685002811
739,-2.4305185651873096,-1.6607204509314344,0.01670772294094508,9,0.0
739,-2.435345492942898,1.4809036824820008,0.01621504525102716,10,0.01706565518366482
740,-2.420925041091787,-1.6456372674364144,0.0169880262089692,9,0.022263036691853207
740,-2.4236858060374553,1.4809009265828683,0.01603844299432141,9,0.018006028103818777
740,-2.5935154866656926,1.479847169240472,0.01572085284564898,9,0.0034282777670527594
741,-2.425404437080993,-1.6435148861321205,0.015923398309991725,9,0.020292482687009346
741,-2.424664122323653,1.4838396023509892,0.016632458428112985,9,0.019846855963655565
741,-2.5965127532557015,1.4761640008758625,0.01639091846592934,10,0.0037244177373751525
742,-2.421999435416699,-1.6514207374329033,0.016245920059228158,11,0.021691606801471773
742,-2.4109757659369344,1.4876790035800986,0.016190847659199797,9,0.004261024506436999
742,-2.598918266128677,1.4757870916494897,0.016322892391795584,9,0.0
743,-2.4274204975922666,-1.6625068687581708,0.016349130247254727,9,0.0024660092670935573
743,-2.4266211047658284,1.484227029980184,0.01683265298261894,9,0.02073828435302362
744,-2.42510826516242,-1.6548439675906845,0.017084249538784003,9,0.018194086217635255
744,-2.417512549529949,1.4862694556645863,0.016651227076241802,11,0.021275620956984865
744,-2.597638157895973,1.477743749329344,0.01570003815053266,10,0.0
745,-2.4274204975922666,-1.6625068687581708,0.016349130247254727,9,0.0024660092670935573
745,-2.422237374240348,1.4832183279806337,0.01698940816263038,11,0.02561854545434673
745,-2.5964094004944736,1.4793247821910631,0.01626880169705576,9,0.0
746,-2.4197586234473487,-1.6482652202941868,0.016992419483765515,9,0.022198920738898557
746,-2.422144860159655,1.4855159499424113,0.01576784471793924,10,0.021311585577516973
747,-2.582706717714362,-1.6549862280642023,0.017094483912228398,9,0.0
747,-2.4223482830960137,-1.645815850412025,0.016593295724635037,9,0.02153170169723861
747,-2.426347339881943,1.4825264829577556,0.015465408103643863,9,0.02166585515273041
747,-2.5938633487370173,1.4774340142037945,0.01712797498128656,9,0.0
748,-2.423400508098293,-1.6473154725529287,0.017015772678480923,9,0.02092418746075659
748,-2.422927742372226,1.486890173423166,0.01701609431935469,11,0.02168346219341609
749,-2.577792078070335,-1.6589007778525346,0.01707454413997241,9,0.0
749,-2.426458265704361,-1.6442241581809363,0.017394698023859935,11,0.023413689729566506
749,-2.4219956065578216,1.4807115619571352,0.01665044519472029,11,0.0196190654173944
749,-2.5908594681177552,1.4775336493891167,0.015345419282910095,10,0.012056154061721957
750,-2.429636352184931,-1.6469523523775702,0.017080705848074345,10,0.019793031433436786
750,-2.429662146367217,1.4861767605382141,0.016398623239705687,10,0.020006077922502617
750,-2.58589051494549,1.4763153548830668,0.01559677353717402,10,0.0158163131774033
751,-2.5788010182661476,-1.6374676703153839,0.016305174036710716,9,0.02049872864969894
751,-2.426504862283939,-1.648284037224652,0.0162107445184703,9,0.017502958359604807
751,-2.42687276460521,1.483569755686208,0.016649791823647717,9,0.02222801837406424
751,-2.5962722687460085,1.4794351059261066,0.017203544295294516,9,0.0
752,-2.4267280609612834,1.4905275375962834,0.01656312818903111,11,0.020465610578769066
752,-2.5962722687460085,1.4794351059261066,0.017203544295294516,9,0.0
753,-2.43141830404539,-1.6452943486785043,0.016693335336952733,10,0.020856260717421634
753,-2.4314969776546898,1.4847172677640779,0.015937484804133064,10,0.019209871390812042
753,-2.579009942627546,1.4799938646570778,0.015927500777012295,9,0.01684222999893909
754,-2.424339125968933,-1.6443272263274178,0.015933000730636523,9,0.01972392808998079
754,-2.427566697354882,1.4797412966399701,0.016369899609707275,11,0.02779960246355529
755,-2.5762459756006577,-1.6243682075658912,0.016784745830683248,9,0.004667853995549363
755,-2.421930530531114,-1.6455299380144621,0.016587253091947037,9,0.020834079367463954
755,-2.4212822634417632,1.4832043450976933,0.015875694917271605,9,0.01999405192497729
755,-2.5634047549966077,1.4871731898610248,0.015540933585288557,9,0.0
756,-2.426583480057789,-1.6619334593374493,0.01633465442182544,9,0.002463790048798968
756,-2.426575904842747,1.4842887540505134,0.015982507453038437,9,0.022327141545696802
756,-2.5870455006423496,1.4803824550480056,0.016364958221745256,10,0.018566962299722937
757,-2.581481468340951,-1.6553009202245188,0.0156110825545991,9,0.0
757,-2.410419002059259,-1.6315970886649116,0.016898964017971863,9,0.01023992280566546
757,-2.41045535924228,1.4873575785940472,0.01580853013210977,8,0.004756034221848369
757,-2.5971671291244047,1.473219936725075,0.015890299971759312,10,0.0030294392707518316
758,-2.5786392376254983,-1.659445013878522,0.017081804335244945,9,0.0
758,-2.4299784640740447,-1.6565494512300598,0.016362311520331314,9,0.0029079031331566627
758,-2.4328651495815983,1.4802655282660946,0.016055947097705896,11,0.01942026812617269
758,-2.59519988524914,1.4737813064546281,0.015313276570195638,10,0.002973218027539886
759,-2.577199706535449,-1.6433755156622656,0.01612273309873484,9,0.01930139823096491
759,-2.424743402538664,-1.6636206087742906,0.015606977521051297,10,0.0018609284577238774
759,-2.4344748405233867,1.4808594874617715,0.016231033187110225,9,0.018646604673027284
759,-2.596054276188399,1.4808267688203967,0.016326575561548932,9,0.0
760,-2.421007682615143,-1.630220016913368,0.017517204583314613,8,0.0
760,-2.4289884491138896,1.479185358258856,0.016695530910719326,10,0.02276799707641663
760,-2.5878250043284865,1.4774063722931325,0.01637704889422757,10,0.018126494417506824
761,-2.5806675602328397,-1.655496496380196,0.017026569630321866,10,0.0
761,-2.422340016805765,-1.6458059139484735,0.01659331708170917,9,0.02015468114856392
761,-2.429148986299435,1.483750102110687,0.015611023320988234,10,0.016917447418198412
761,-2.56512098805232,1.4881685544681191,0.015557349104262264,10,0.0
762,-2.4293315744768376,-1.6633643368940596,0.017454053023017373,10,0.0
762,-2.427588081603163,1.4827713542157392,0.016329550795327785,11,0.019431076908994933
762,-2.564262872424523,1.4876713727681006,0.015549140279531987,9,0.0
763,-2.582725600464849,-1.65650492373906,0.016343157144462297,9,0.0014852809319973093
763,-2.4221699772398093,-1.646486410002302,0.01699952213947356,9,0.022967530330859996
763,-2.419533433601434,1.4885989283143946,0.016297438081597244,11,0.019372921664394596
764,-2.426167202483495,-1.6427229771580238,0.01671456300428348,10,0.025085753104754232
764,-2.4221325543395067,1.483725307025149,0.015883192298019707,9,0.020000848634003185
765,-2.4231268969601625,-1.6299386082357024,0.01635153305984326,9,0.003566294546156642
765,-2.4308217499798426,1.4850978081772053,0.016827766115855364,10,0.018635247256673333
765,-2.599148656591566,1.4744025563216079,0.017216208268315134,11,0.0
766,-2.5786392376254983,-1.659445013878522,0.017081804335244945,9,0.0
766,-2.420472250803937,-1.6503953224298118,0.016646632838619287,9,0.02177993154975263
766,-2.410905044747653,1.4860218788603536,0.015571193914431715,9,0.0036990915368246514
766,-2.5899520286171276,1.4755898236828553,0.01697519885951875,10,0.014328407440576554
767,-2.5816254131817313,-1.6541092547351408,0.015943711883634335,9,0.003109049890286511
767,-2.421417415098242,-1.649394990115879,0.017019409511462923,11,0.022231583131079688
767,-2.4316151266684383,1.4838867263589646,0.015792537243550314,10,0.01936358996523944
767,-2.597163131025979,1.4747898484650974,0.016304527129982538,10,0.0
768,-2.5803424041633938,-1.6605417472759236,0.017107048562623607,9,0.0
768,-2.4247500993754927,-1.6482206138881659,0.016413496668715298,11,0.0187613519689381
768,-2.4323516714565927,1.4832285219463166,0.016831468848265117,11,0.02149431857698011
768,-2.565353262541034,1.4749669973667157,0.01587915707709015,9,0.0019144828456772215
769,-2.4261089180377144,-1.6416714595141029,0.014813607082265229,9,0.020172296324562695
769,-2.4351991114582234,1.4804330569041184,0.015755628855352494,9,0.016981029813169984
769,-2.593283752568822,1.478173961383969,0.014986760284965742,11,0.0
770,-2.425025473127615,-1.6295076284007726,0.017565722778991204,9,0.004221328814944563
770,-2.433791276224915,1.4826347688212245,0.015970595435623545,10,0.014999146142078456
771,-2.426386202627208,-1.639446971319486,0.015919304987751817,9,0.01763211861870818
771,-2.4334899172367113,1.4818003097760872,0.015939091209862748,10,0.014331192835280261
772,-2.4256928537665776,-1.6539969876671128,0.017476209583275337,9,0.01798619215906526
772,-2.4325174909024643,1.4809093512558142,0.016190004310346007,9,0.01961008449019373
772,-2.598918266128677,1.4757870916494897,0.016322892391795584,9,0.0
773,-2.584724460095733,-1.6510303213476814,0.017035532266694436,9,0.0
773,-2.4173272841815714,-1.6509028053373431,0.016529842316964333,11,0.026562988395228037
773,-2.42982841866581,1.4811108698804656,0.01623708780613868,11,0.0248746053808466
774,-2.5765919657864136,-1.6474134885725247,0.01628118373475124,9,0.018586963817921485
774,-2.426115321927799,-1.6639714816648217,0.016346895513436526,11,0.006658557328252063
774,-2.4305618317196815,1.4820237407644516,0.01586544381523849,11,0.023384688722906388
775,-2.4263706244338192,-1.6372953712746223,0.016298243382126414,9,0.017694408036878845
775,-2.43046789517525,1.4802603683448077,0.016168875302751483,9,0.017947288477640926
775,-2.599148656591566,1.4744025563216079,0.017216208268315134,10,0.0
776,-2.5635273158819127,-1.6304990040080813,0.016876982061425808,9,0.0
776,-2.425896674658317,-1.6391116131882175,0.015246146999357042,9,0.01612916322729868
776,-2.428940608689063,1.478514588679099,0.015851145589479504,9,0.018478831298810543
776,-2.5962722687460085,1.4794351059261066,0.017203544295294516,9,0.0
777,-2.5928488003558274,-1.634836745509098,0.01633236352602198,9,0.0
777,-2.4238880330104315,-1.6287448616766875,0.016943779714931453,9,0.004654977783185655
777,-2.433664909091677,1.4801237504439493,0.015561689692891956,9,0.01395241667402152
777,-2.598918266128677,1.4757870916494897,0.016322892391795584,9,0.0
778,-2.429076893923033,1.4828570648238244,0.016276712420614972,10,0.016453723999965846
778,-2.575287398609691,1.4801819187167558,0.01652768792731536,9,0.01649722855629501
779,-2.5752144335703653,-1.6408649476127724,0.014947753360374507,9,0.019618188448232567
779,-2.419510672729604,-1.6292115358205985,0.017324276026237102,9,0.0
779,-2.4313352902286858,1.4775599470066716,0.016279913071513868,9,0.020265925662301197
779,-2.5845994465076587,1.479388264862775,0.01619539794867639,10,0.01911379533199734
780,-2.4227577693706643,-1.6460918263460367,0.01659935971439717,9,0.020852303478338576
780,-2.427626216201533,1.48292133523396,0.01644663270745967,9,0.0191462385598096
781,-2.565885378630047,-1.6312819635536746,0.015471658993186728,9,0.0
781,-2.4253459124335346,-1.651792450561982,0.01668792495132825,9,0.02119734120287629
781,-2.4293788129773803,1.4817578561041502,0.016668074197657954,9,0.01900982844744399
781,-2.584764027559908,1.4829839158752953,0.01617776429893347,9,0.01599877532840975
782,-2.5708110432711764,-1.6279200062536574,0.01622564931675037,9,0.0
782,-2.429335957066371,-1.6633702999678914,0.01746134250157807,9,0.0
782,-2.434406249246737,1.480073209923068,0.016508082258304836,9,0.019621471326964016
782,-2.596054276188399,1.4808267688203967,0.016326575561548932,9,0.0
783,-2.5741324455162857,-1.6442111722893333,0.016627748747533658,9,0.02001466771156868
783,-2.422508839490006,-1.6458226476940885,0.017186195054861107,9,0.025732515037278896
783,-2.4331890481747456,1.4844524282296239,0.016703614530845907,10,0.01734750407227399
783,-2.5830636850651394,1.4764173797441096,0.01639319933071994,10,0.017396811488709356
784,-2.4295653942001794,-1.6575078222980288,0.01525480925934524,10,0.0
784,-2.4253068579453627,1.4827580006309342,0.015906315620368185,9,0.019277816203319652
785,-2.424196769273607,-1.6444155582194353,0.017002013518253922,9,0.022920979203010672
785,-2.425863039631137,1.4818051438426878,0.016916482083843096,9,0.020257341672623226
786,-2.426583480057789,-1.6619334593374493,0.01633465442182544,9,0.002463790048798968
786,-2.430472076252026,1.4822527861720975,0.01552781432814522,9,0.019567801915916
786,-2.593759737896373,1.480471428030755,0.01568090219634503,9,0.0
787,-2.5770034656437,-1.6405555026956042,0.01641197018941335,9,0.019706046199391286
787,-2.4262336978757486,-1.6614956010621769,0.01681646045500693,10,0.0
787,-2.4301266851148946,1.4798632320658966,0.015929644001443345,10,0.019908299717530754
787,-2.5853460525730654,1.4827763085536951,0.016460823125413776,9,0.018921633106456736
788,-2.5808204216244817,-1.6597801136855725,0.01576677998972392,9,0.0019252013047700882
788,-2.425437259317311,-1.65450959791085,0.015324679631140451,11,0.013381508786677725
788,-2.4305334066346513,1.4760010360266316,0.016648057226759674,9,0.019018745412252708
788,-2.59571513058708,1.4775808647374844,0.015628101356605147,9,0.0013598446108805968
789,-2.42579896806418,-1.641487260197706,0.01659561390088901,9,0.018345553162472127
789,-2.429099879456855,1.4833973238474456,0.016006179810992293,9,0.017730493016399392
789,-2.5848743987112055,1.481231024194276,0.015321327608931934,10,0.015371881141033996
790,-2.5778769123715963,-1.6492280090283562,0.016566451670521152,9,0.016465336266327853
790,-2.427882191401996,-1.64541105027893,0.01606146076853653,9,0.01856479806229754
790,-2.432124439433892,1.4830489601961787,0.01568150611171383,9,0.0137220728754117
790,-2.5955125002744923,1.4814720383156972,0.015699072774710363,9,0.0
791,-2.577078198957667,-1.6492077463932506,0.01651680396973672,9,0.016343845460132143
791,-2.428856572495762,-1.6595844812485503,0.016694150465802526,9,0.0
791,-2.4337860891147365,1.4823514285753396,0.015852617003692948,9,0.016644929628744927
792,-2.578158349910423,-1.6470973837943905,0.01610511064395222,9,0.01478526917537138
792,-2.428826145517635,-1.6436525613184543,0.015233738018856514,10,0.022183054713517805
792,-2.434833458811717,1.4809979315039659,0.015997342888353812,9,0.0166923562969692
792,-2.596054276188399,1.4808267688203967,0.016326575561548932,10,0.0
793,-2.5722858578538697,-1.6218716894573844,0.016209298659495712,9,0.0
793,-2.4273946388040395,-1.6566272259210806,0.016577084614543314,9,0.013571943250610022
793,-2.4296919318633288,1.4764171367231032,0.016512555084664177,11,0.026076705195466864
793,-2.596359816202022,1.4777058054614391,0.01676447852494858,9,0.0019330431931037124
794,-2.5724370060080743,-1.6319111555026056,0.01599986167847953,9,0.017160290389830496
794,-2.4261162890208827,-1.6545158721469857,0.016945598232677783,9,0.01809335054185363
794,-2.4261971802635953,1.484108587147202,0.016226596076381525,9,0.01980282331391816
794,-2.5790885267548287,1.4864389015752537,0.015285975759120267,10,0.016321290043564165
795,-2.425135514144616,-1.6619803100492012,0.016097860596823433,9,0.0035569792688997792
795,-2.421645269521689,1.4838663372973069,0.01678368829187367,10,0.02399377497155564
796,-2.4212845498523112,-1.6437120512717853,0.016265003363823548,9,0.022797443169717282
796,-2.4058209886356137,1.4909510034490492,0.01753197275027539,10,0.0
796,-2.597163131025979,1.4747898484650974,0.016304527129982538,9,0.0
797,-2.424239591680013,-1.6415797903228573,0.016468602101023622,9,0.019769631409298466
797,-2.4178499735940586,1.4869791063178053,0.015394472687533077,10,0.02036723249222934
798,-2.5789680183321444,-1.6567997787070172,0.016446064467371867,9,0.0
798,-2.4223057268210337,-1.6493235625181222,0.01620880112067568,11,0.020370139026037983
798,-2.429655747848285,1.4800537679074572,0.015844562519907904,10,0.0185532938412321
798,-2.582563467201355,1.4815345190851965,0.01639123786642272,9,0.02454212255569218
799,-2.573124566436454,-1.6224023442350874,0.016216525969239174,9,0.0
799,-2.4230200688008456,-1.65175491119155,0.016060477978242834,11,0.02469151040230621
799,-2.431888387928193,1.4766479865496227,0.016161814088028442,10,0.022223679417917395
799,-2.567942323430033,1.4881418463279188,0.01570850076778152,9,0.0018934835384263934
800,-2.5764217709767854,-1.6488102278261498,0.016809479945134622,9,0.017972039866769436
800,-2.4278547073183807,-1.6471959296214655,0.015968465140710573,9,0.01815751131213472
800,-2.4245715976445963,1.4813260117216225,0.016673543289107425,9,0.02049516956708335
800,-2.582005852240597,1.4845522395098625,0.01639815733091267,9,0.020973706634758033
801,-2.4247865502190606,-1.6476969066754896,0.016322536657657365,9,0.019756072322570598
801,-2.4439992759765907,1.475306185936019,0.016761963492195,11,0.0
801,-2.5809406144204194,1.48270648164281,0.01562374783902501,9,0.021348097928171467
802,-2.5682997168735313,-1.6263305301771567,0.01619746784583876,9,0.0
802,-2.423510473693802,-1.6437651428666331,0.015923143953010876,9,0.019711466239004247
802,-2.406660553376125,1.4914722583995412,0.017543965036750018,11,0.0
803,-2.4234963034206594,-1.641328632418614,0.01648009481701497,9,0.02103359539487962
803,-2.429848195367738,1.4782478422341987,0.016617915552150076,11,0.02521625532517205
804,-2.424743402538664,-1.6636206087742906,0.015606977521051297,9,0.0018609284577238774
804,-2.419917432264372,1.486668676756959,0.015887272368552547,11,0.023293678560990856
804,-2.595292740582208,1.4780996721667574,0.0165683969658319,9,0.0012574237022733646
805,-2.423598424914156,-1.6442277709917605,0.01593238293500581,9,0.02049588044694535
805,-2.41673645317381,1.4873860958510408,0.017054623423106253,11,0.018732172626548294
805,-2.5946584612960453,1.478326914648385,0.01625279575059247,9,0.0
806,-2.5748030540834628,-1.6234605488887515,0.016232848681872917,9,0.0
806,-2.434493707029533,-1.6554132780924982,0.016958026480257363,10,0.0038170195236303106
806,-2.4284101941258553,1.4835838142738897,0.016474426920781084,10,0.019098823830804013
806,-2.5780056692685593,1.4868080682085216,0.015620020636591132,10,0.0225401592105386
807,-2.5700339415069267,-1.6323733550657256,0.01598684601154666,9,0.006462309092273321
807,-2.4285000252949724,-1.6627987347546154,0.017448251184520223,8,3.4137679371587055e-06
807,-2.4249846159531643,1.4808115733023197,0.016284899176956188,9,0.022983131001863288
807,-2.5969308451717885,1.4813274012611206,0.016335765243916802,9,0.0
808,-2.5732810105801835,-1.6488319260534254,0.01588758041378921,9,0.019901944849388075
808,-2.422305422698985,-1.6293876109774827,0.016340561402228945,9,0.0035664835219938037
808,-2.4078716511400544,1.4857645089720803,0.01751635999230156,9,0.0
809,-2.574262892479555,-1.6434056387961833,0.01664957530741124,9,0.020901978136877497
809,-2.422243141411136,-1.6463053089650468,0.015992080432142022,9,0.01978034943205647
809,-2.4328386991407465,1.4832266583644107,0.016796287295600728,10,0.01809252293295251
809,-2.5768238958552203,1.4849125316501142,0.01493366306188288,9,0.01573808636356085
810,-2.5738102698401444,-1.6406257113164786,0.015892247942592568,9,0.020110954009181083
810,-2.426522866304251,-1.6445591096088534,0.017072972769070518,10,0.02140487750509321
810,-2.433549588676531,1.4795516823251238,0.01649965459359269,9,0.01961285808035489
811,-2.4268371160230418,-1.6427645641922504,0.016300485642070983,8,0.02135192702126683
811,-2.428939344713195,1.4804793210097602,0.015916169243595672,9,0.020766076455570617
812,-2.4247865502190606,-1.6476969066754896,0.016322536657657365,9,0.019756072322570598
812,-2.4224809549206476,1.4844338184901662,0.015823417318399313,9,0.021052494253253565
812,-2.594595352449167,1.475811206606703,0.016265321002302584,10,0.002855313146948542
813,-2.428975333440869,-1.651186958267455,0.016549204047098663,10,0.018570989165083644
813,-2.4258806927928434,1.481669063795219,0.016506273956281032,10,0.022621381761371226
813,-2.5811420595391494,1.4814792014666083,0.0159309381171224,9,0.023084013501200623
814,-2.4255888574643545,-1.6508062408403703,0.01594581944198489,9,0.01844746486057943
814,-2.428216390315748,1.480920433603098,0.016172168049154292,10,0.02110138077192617
814,-2.5966285659673907,1.475438059556373,0.015682418454612886,9,0.0
815,-2.5757028410646567,-1.6510626717478896,0.01571367005989429,9,0.01691303505459365
815,-2.4186917001803026,-1.6286595839525755,0.017312148046712834,10,0.0
815,-2.430205910688367,1.483611889556672,0.015824194256228122,10,0.016536510587397225
815,-2.5861233328498794,1.4788429615922472,0.016681556451326962,10,0.017904884060143778
816,-2.5779832414488895,-1.658965552519178,0.016777146740024944,9,0.0023188809316169925
816,-2.4295653942001794,-1.6575078222980288,0.01525480925934524,10,0.0
816,-2.431522169574693,1.4792134624832107,0.01582009422288381,11,0.018659818331632275
816,-2.5966285659673907,1.475438059556373,0.015682418454612886,9,0.0
817,-2.578130890665578,-1.6581085345711841,0.016449006174433317,9,0.0
817,-2.4239477869290766,-1.6304901616068737,0.01636244784787277,9,0.0035682601480400413
817,-2.4293301648998766,1.4848175316720196,0.016087398189101355,10,0.018117898128657536
818,-2.4239379934452967,-1.6516911441713262,0.016086529679245735,9,0.018415396364005385
818,-2.4276490591378144,1.4780909665630935,0.01629647159967203,11,0.024159190640580752
818,-2.577717296078129,1.4833247726957066,0.015604436407207802,10,0.01859360074612945
819,-2.5754145753794093,-1.664442823367947,0.017080302326486656,9,0.0
819,-2.4255422267625,-1.6552918907014313,0.01740746528452913,9,0.01817350473116635
819,-2.4320253438407193,1.481407521573699,0.0155926599693957,11,0.018364758009039417
819,-2.593518788352302,1.4784509927717728,0.01609622763716204,9,0.0023531304101864397
820,-2.5749014076943304,-1.6612520702491531,0.01643689780054394,9,0.0
820,-2.4256040393100915,-1.6510950017553199,0.017068915915843214,9,0.019754850826389395
820,-2.434151502286789,1.477955542362538,0.01660263035602618,9,0.015404799003658246
820,-2.5962722687460085,1.4794351059261066,0.017203544295294516,9,0.0
821,-2.577280882574699,-1.6575617014495132,0.016438798386032197,9,0.0
821,-2.423557644020864,-1.6449144609729602,0.015506049087223356,9,0.018042389389395293
821,-2.43257755687705,1.4813041919701835,0.01581773006543615,10,0.01986047430898314
822,-2.575286250545723,-1.6434951995552736,0.016019572995431986,9,0.017583499064429377
822,-2.4268159725617124,-1.6505697463119244,0.01627383363030839,11,0.019114112564508737
822,-2.4216353712103715,1.487734737179963,0.015525420657017822,10,0.022310763961429152
823,-2.5774538477613955,-1.660502338325009,0.01702984817831694,9,0.0
823,-2.4260650541815982,-1.6465333476929684,0.0155065676909724,9,0.01832251150649745
823,-2.4058209886356137,1.4909510034490492,0.01753197275027539,11,0.0
824,-2.5815124203921407,-1.656036758612968,0.017029940388290192,9,0.0
824,-2.4251316167157357,-1.6440078819469188,0.016232758188397364,9,0.01927315628509507
824,-2.4283382829392197,1.4818705477182714,0.01650939439134099,9,0.020367788708392114
824,-2.5980660696559563,1.4738515322004004,0.016030750486048365,10,0.001938123117694388
825,-2.4256040393100915,-1.6510950017553199,0.017068915915843214,10,0.019754850826389395
825,-2.434697203187136,1.4785537842285095,0.01646713235254896,9,0.016851310241065082
825,-2.56512098805232,1.4881685544681191,0.015557349104262264,9,0.0
826,-2.424711253054217,-1.6522328077315134,0.016560260703614257,9,0.019183165736673374
826,-2.427247687712804,1.483376475745894,0.01645266049133805,10,0.0180958479931767
826,-2.582356831313243,1.4830017875906587,0.016491541843242728,10,0.018320589352928875
827,-2.4105371965369544,1.4857950686913803,0.015011763072195611,8,0.0023750458365655557
827,-2.583533159958783,1.4834309185262498,0.01629649750471259,10,0.017506630595242125
828,-2.575719892226523,-1.6586653478128979,0.015582622527756648,9,0.0
828,-2.4309495499688833,-1.65847480969538,0.016726580991468138,9,0.002088747151934932
828,-2.4174692772336,1.4873221646729802,0.016904656059682565,10,0.019473482100589416
828,-2.594310439030669,1.48248003218311,0.0165385540667198,10,0.004311661205918265
829,-2.5769509937275807,-1.660465002111098,0.015592529000904652,9,0.0
829,-2.4231882282207735,-1.6454553351283818,0.017373225034109145,9,0.022734845420361187
829,-2.432758678602099,1.479814817335552,0.016211632392909618,9,0.01862952758137347
829,-2.597163131025979,1.4747898484650974,0.016304527129982538,10,0.0
830,-2.5782731641145213,-1.6581413869144854,0.0157383226797563,9,0.0019245998434162023
830,-2.430555272251268,-1.6586402339227797,0.016082291398777024,10,0.0042767856482287606
830,-2.4346525345071877,1.479898452954787,0.015756624807518025,11,0.013735765638297811
830,-2.5956177055939285,1.4784336423817583,0.017146935162725016,9,0.0
831,-2.569971882497345,-1.627389614964724,0.016217458274583586,9,0.0
831,-2.417874973359904,-1.6281106655074362,0.017296304095562768,9,0.0
831,-2.430922500114524,1.4819845014516053,0.016477910409251884,9,0.016668306296445577
831,-2.5827480620578034,1.4756067285840495,0.01697715149945961,10,0.017038081111309566
832,-2.424444451378387,-1.645660535157466,0.016337607912027194,9,0.020128165312139817
832,-2.4245679793465134,1.4833650689142952,0.016186888041875618,9,0.021117219286788547
832,-2.568156813737831,1.47807803486415,0.015539153384276172,10,0.0
833,-2.4285573963512364,-1.6628137844761173,0.01750664225252606,9,0.0001353172150937703
833,-2.4322699739680904,1.4798582795128623,0.015892553892788677,10,0.020514282777951285
833,-2.593283752568822,1.478173961383969,0.014986760284965742,9,0.0
834,-2.4168923561966036,-1.6475600901072198,0.016247956820382742,9,0.023324551446549845
834,-2.4327934770887243,1.477360988224147,0.016325015817603476,9,0.017456237055044486
834,-2.6000238309766424,1.4748994111428497,0.017222610953156692,9,0.0
835,-2.581876385910085,-1.6559600100269105,0.016334161445283702,9,0.0014750265548305003
835,-2.4277524754286963,-1.6575516351869044,0.01674423581997799,9,0.0022648746441562666
835,-2.4257683447934593,1.4874219145414687,0.015187810333834002,11,0.02226295356461555
836,-2.575995395871142,-1.644496280691534,0.01667040956984047,9,0.02082911386942489
836,-2.422097228182161,-1.6517297848456642,0.016173161821449237,9,0.020054825975498375
836,-2.4314033961237245,1.480764720704406,0.01628455968962748,11,0.024059212297190772
836,-2.594729279980726,1.4837828005714986,0.01568624739788331,9,0.0
837,-2.577564071566364,-1.6585694583447315,0.015935785738477027,10,0.003096740189692672
837,-2.429335957066371,-1.6633702999678914,0.01746134250157807,9,0.0
837,-2.4263152580563254,1.480888371688044,0.01642985250170447,9,0.019441311132741605
837,-2.5989150453204073,1.4809410962265985,0.017244525480726188,9,0.0
838,-2.417105889797817,-1.6552006801503891,0.016794382103464726,11,0.020736394781470883
838,-2.42980549394432,1.4806427949229093,0.016319338772123777,9,0.019741189820470073
838,-2.5679994137246065,1.4831890489569188,0.015560610641230776,10,0.0
839,-2.5739645316986532,-1.622930313330868,0.016225172964240524,9,0.0
839,-2.4281400819277654,-1.6604429048901548,0.014698705672378668,10,0.0022354623627684777
839,-2.41842780330394,1.4879191070941253,0.015506879210349845,10,0.019436380028147907
839,-2.5877664816445254,1.4825230113560637,0.01599436079647247,9,0.01734051696894947
840,-2.5765949576676257,-1.6623454540135958,0.016453184748882205,9,0.0
840,-2.4273530981419467,-1.6517095526131484,0.017145509503351992,9,0.018327006174598565
840,-2.42503962103374,1.4869092667116686,0.015290653182984691,10,0.020390508024196084
840,-2.595710141115798,1.47911473318738,0.015662242917790208,10,0.0
841,-2.5815124203921407,-1.656036758612968,0.017029940388290192,9,0.0
841,-2.4279659811347982,-1.649697397574397,0.016250302371755922,9,0.01756080103889154
841,-2.429805912804778,1.482352707519669,0.016540104815241468,11,0.02258064977440184
842,-2.5833273029327524,-1.6552005391659126,0.015965167686924818,9,0.003108287707499528
842,-2.4227447036171648,-1.6537540050185309,0.01614214408972141,11,0.018458973895198124
842,-2.431467418144728,1.4826264049304003,0.016316434558836076,10,0.016205884559718095
842,-2.592492649965198,1.4772818607120626,0.015853013841004116,10,0.0
843,-2.579852585207583,-1.656298584299852,0.015826439004449067,9,0.0
843,-2.4233507734023587,-1.6451127703583421,0.016286333353678083,9,0.022138074320857678
843,-2.4340346502746333,1.478908087467107,0.015967262057900746,11,0.014633488978884269
843,-2.594727176613653,1.477040544516705,0.016298535187372034,9,0.0
844,-2.4240044935741114,-1.6460046853073003,0.017385316339201082,9,0.021348010644173278
844,-2.431416946227345,1.4848942401226348,0.01628050479367458,10,0.01913592917408829
844,-2.594299647217934,1.4798264461513664,0.01630673510499882,9,0.0
845,-2.4258230050200997,-1.655281162044349,0.01620414817870893,9,0.017604513735155
845,-2.409732895554949,1.4836855202365529,0.0163680524188482,9,0.0
846,-2.4205871427983987,-1.6496573506451633,0.015790886371306094,9,0.020218530483743717
846,-2.4283741345654737,1.481116886673937,0.015856448739901625,9,0.018301450650456578
846,-2.5975041096197913,1.4759359459874983,0.01568979052506396,9,0.0
847,-2.562885901552741,-1.629661108130225,0.016867502294816844,9,0.0
847,-2.4251693608819256,-1.6624002920763488,0.015862358137181242,9,0.0
847,-2.4295250870691443,1.4851581438618993,0.016466874035012343,10,0.019865345666573477
847,-2.5836325834444502,1.4767302878041368,0.016394083754456786,11,0.019425064814766333
848,-2.57730585108661,-1.6556431958112912,0.016035345088987015,9,0.003291403050142515
848,-2.4243491515358575,-1.642824826955943,0.01736828574374666,10,0.02279924780903886
848,-2.4209197410609833,1.4861189640985764,0.016038107909004135,10,0.022913150632583135
848,-2.59803342667005,1.48043799717094,0.017230047197295026,10,0.0
849,-2.4292171256915984,-1.649710963857194,0.01664659651276253,11,0.018437821102652466
849,-2.430923194500422,1.4789563841928637,0.014979501649044656,10,0.016094215189678292
849,-2.59803342667005,1.48043799717094,0.017230047197295026,9,0.0
850,-2.5738102698401444,-1.6406257113164786,0.015892247942592568,9,0.020110954009181083
850,-2.4259930015683615,-1.6399488418074688,0.01620150550198556,9,0.019540772763446443
850,-2.4299923671441417,1.4792734459976093,0.015234133834288002,9,0.01853390932140017
851,-2.569971882497345,-1.627389614964724,0.016217458274583586,9,0.0
851,-2.431360025977108,-1.6612929580103353,0.016725287744696237,9,0.0
851,-2.429417947799927,1.4793914621752036,0.016099682668613047,11,0.02456900298287209
851,-2.5964094004944736,1.4793247821910631,0.01626880169705576,9,0.0
852,-2.567559985255508,-1.6293522371986762,0.017341088290697797,9,0.0
852,-2.423850089608276,-1.6515578910924222,0.016268975139291323,9,0.019324916387028157
852,-2.4287808239917767,1.4805362874385768,0.01586225243915015,10,0.018028867309199347
852,-2.598918266128677,1.4757870916494897,0.016322892391795584,9,0.0
853,-2.5744096514271164,-1.6588273769785815,0.01556887197124642,9,0.0
853,-2.4285014830816425,-1.6628000047493274,0.017450145972655526,9,0.0
853,-2.4331516282272196,1.478649981177794,0.01566154227359988,10,0.01740920184974316
853,-2.5980406976320154,1.4752884694313566,0.01631370862664819,9,0.0
854,-2.4264424435543104,-1.659388833631322,0.015563910827845319,11,0.0038982801523774267
854,-2.4259452238659422,1.4832322829029507,0.015052519018587826,9,0.020940337217428967
855,-2.5716483875788896,-1.6284508141071443,0.01623377057705733,9,0.0
855,-2.427858096158511,-1.6607225028175996,0.016629642071453316,9,0.0025036973143035875
855,-2.4292733914443874,1.4836702621221987,0.01621745879405473,11,0.01822046209899868
855,-2.5966285659673907,1.475438059556373,0.015682418454612886,10,0.0
856,-2.579490218586236,-1.6599923613042544,0.01709326469438064,9,0.0
856,-2.4262809211853074,-1.6430240918148584,0.016108847407141275,9,0.01938322801393184
856,-2.4305535454106355,1.4774448088013201,0.015945311606617555,11,0.024199885189070146
857,-2.4302892297033507,-1.6477934367392224,0.01641169974559325,10,0.01687432870015895
857,-2.4307262005147847,1.4798266288026614,0.015899453245236794,10,0.01789033450780545
857,-2.597163131025979,1.4747898484650974,0.016304527129982538,10,0.0
858,-2.425790615434906,-1.6556174149663136,0.017065264223322617,9,0.016827043765337422
858,-2.4310283211780495,1.5033087923002402,0.016525141085232842,11,0.0
858,-2.567332469297777,1.486124732725698,0.015825653824421693,9,0.0
859,-2.579225188125643,-1.6550595356226327,0.014588196781270366,9,0.0
859,-2.430383536280777,-1.6576904954714262,0.01619300264293725,10,0.0029281822731908203
859,-2.4221779010390545,1.4848303010971116,0.016297699118697065,9,0.020380492305446373
860,-2.422041609995472,-1.6569783923322994,0.015975880235094452,9,0.016938739452351567
860,-2.423163653519846,1.4915471745706577,0.015550242049242912,11,0.019951179234541587
860,-2.5930741210831836,1.4812763099170636,0.016790715675090547,9,0.0029271933000067306
861,-2.5789746334004797,-1.6586501737608874,0.01645266639081236,9,0.0
861,-2.425758033624154,-1.6613672888085993,0.016333283559417905,9,0.002469903958209718
861,-2.4312295373749855,1.483396610502895,0.01567042620618229,10,0.018469056829672186
861,-2.5956020548566516,1.477538459470129,0.01630545998417821,9,0.0
862,-2.427665380905553,-1.6622265106432712,0.017436387731416675,9,9.771825272502432e-06
862,-2.4322792848723545,1.4824599906692995,0.015701236061114864,9,0.016054778343621588
862,-2.596760240788519,1.477244408817501,0.015690146573787755,9,0.0
863,-2.42379999218309,-1.6632648852922085,0.015603668708817436,9,0.002537326668888007
863,-2.4249056051768214,1.483879114256127,0.015235197175101807,10,0.018971216527963082
863,-2.5848395167617064,1.4797551224730867,0.016202282409326182,9,0.018136785486329868
864,-2.4231268969601625,-1.6299386082357024,0.01635153305984326,9,0.003566294546156642
864,-2.4306023244717316,1.4820598139011274,0.0157522332436991,9,0.019153245302097718
864,-2.58850717687714,1.4810741218904677,0.01671818162821474,9,0.013215397198058674
865,-2.580741999141601,-1.6564381295199473,0.01544373483864769,9,0.0023508298204775527
865,-2.424739011352953,-1.6464941294545088,0.016981523594723748,9,0.019182863222924385
865,-2.4193208912283644,1.487389743199568,0.015264244517516817,11,0.0206836882808971
865,-2.5803259769026172,1.4834966601912223,0.015907733694964087,10,0.02022726771789609
866,-2.5743779392634574,-1.6416592550783091,0.016924913072742895,9,0.02041081287796989
866,-2.4244542128286266,-1.6548668718452682,0.0175157831660614,9,0.018581600220895604
866,-2.4092874155292576,1.4866373084900149,0.016174354023415417,9,0.004256805224501966
866,-2.56512098805232,1.4881685544681191,0.015557349104262264,9,0.0
867,-2.4271773232697966,-1.6609976761175145,0.015252073584738983,9,0.0
867,-2.4345975036403624,1.4769553846465573,0.016483799796093733,10,0.01602251446330421
867,-2.5786763024588852,1.4841777570499697,0.016398416863056132,9,0.019124463551100306
868,-2.428498314418619,-1.662797834794002,0.017446356652165058,9,0.0
868,-2.438338353958978,1.4790316129401424,0.01577119480261659,10,0.0016599999309024494
868,-2.5970242811093702,1.4762394113307848,0.016513275535556166,11,0.0031378157448747196
869,-2.4210533508530556,-1.6419290914499018,0.016359703625838756,11,0.027707186103350438
869,-2.4101312886150685,1.487158023302437,0.016182786048366857,9,0.004257262969990076
869,-2.563420977617308,1.4739205653822258,0.017047255022490382,9,0.0
870,-2.425616573487428,-1.6482619181345384,0.0163316031608738,9,0.019770210321229068
870,-2.4212822634417632,1.4832043450976933,0.015875694917271605,9,0.01999405192497729
870,-2.6000238309766424,1.4748994111428497,0.017222610953156692,10,0.0
871,-2.575417473068552,-1.6398930859214491,0.015991964762962677,9,0.017950769948010436
871,-2.4122408570455764,-1.6311245651245578,0.017279967203814625,11,0.0
871,-2.4411763051212003,1.4770489358093128,0.01647918576045668,10,0.0
871,-2.59803342667005,1.48043799717094,0.017230047197295026,9,0.0
872,-2.5740624761669904,-1.6381918107540263,0.0166911908626879,8,0.018564812809096994
872,-2.4231478420942194,1.4852893435612202,0.015839455934612556,10,0.018989988208925213
872,-2.589080945545024,1.4776181823088355,0.015116037021129727,10,0.014921071399603483
873,-2.4317239104694073,-1.6580855552415725,0.017450894224772997,9,4.628195723701533e-06
873,-2.4250205841695145,1.4800898535671951,0.01662520835070216,9,0.023714740075944575
873,-2.595883548325603,1.475819797941217,0.01642936056413214,10,0.0029737682445247163
874,-2.5761498844851003,-1.641615505777073,0.015916284610254863,9,0.020705066464432962
874,-2.4216564490864307,-1.6500980019276976,0.01576099393265632,9,0.02105019066693058
874,-2.4272307319995576,1.4827327468683071,0.015664141521509474,9,0.020477640246322062
875,-2.424883350447419,-1.6525568482766007,0.016841187487037577,9,0.019970161653406492
875,-2.4196282910785745,1.477615316667964,0.01664007629119589,10,0.024498738404459087
875,-2.5970756034224696,1.4760463702618145,0.016564552695217248,10,0.003435009142795922
876,-2.426362022192269,-1.6592516647681457,0.01552086785809963,9,0.0017477860803487974
876,-2.426347339881943,1.4825264829577556,0.015465408103643863,9,0.02166585515273041
876,-2.589782941049665,1.477258562127317,0.016950917173895137,9,0.014590665061301907
877,-2.43070955704172,-1.6563252308206795,0.015508141479730874,9,0.0025335248705832003
877,-2.4212822634417632,1.4832043450976933,0.015875694917271605,9,0.01999405192497729
877,-2.5829914893071315,1.476473225421637,0.01591658762369344,9,0.01564657597931496
878,-2.4274204975922666,-1.6625068687581708,0.016349130247254727,9,0.0024660092670935573
878,-2.4282697982556534,1.4842231749880168,0.01620083412192415,10,0.020339676983683632
878,-2.5741064878368896,1.4743138646241394,0.016184134144127043,9,0.016032010275513233
879,-2.5738102698401444,-1.6406257113164786,0.015892247942592568,9,0.020110954009181083
879,-2.4196364301630524,-1.6420254796733413,0.016417055648974194,9,0.021922100930026577
879,-2.4288458864347238,1.4819136328271263,0.015688091354996266,9,0.015115649661423283
879,-2.5738700068227116,1.482328396825404,0.016461499803388218,10,0.02343125563010992
880,-2.4240233159515374,-1.646026121452838,0.017384843456999796,9,0.024152337898472022
880,-2.4271580440688263,1.482290861488312,0.01531334713436153,10,0.017498668048401597
880,-2.5957530228216816,1.4749401735302003,0.015675047049166373,10,0.0
881,-2.4259587966791964,-1.6445684947510335,0.016242295821908104,9,0.019287363362118243
881,-2.4399068039055436,1.4808723733211657,0.01626758958340822,10,0.0026139451486227767
881,-2.594524499859039,1.4784403246123785,0.017191820681565693,10,0.0
882,-2.4250633441878966,-1.6550416052751022,0.016962615309821967,9,0.015579315760118487
882,-2.4305521041934446,1.478893566829363,0.015758719127289825,9,0.019361531386585085
882,-2.593759737896373,1.480471428030755,0.01568090219634503,9,0.0
883,-2.578869669671721,-1.6565474007105152,0.015308278208281872,9,0.002667473440307388
883,-2.430884030453744,-1.6575129836378442,0.017434645180930654,9,0.0
883,-2.4289051526077214,1.4845381150859784,0.016290617638700315,9,0.020945272589666393
884,-2.422772952502049,-1.643667712281675,0.015922678703694754,9,0.020478849993863946
884,-2.424210091669288,1.4830817455102228,0.016232583338574916,9,0.021720444456192766
885,-2.426583480057789,-1.6619334593374493,0.01633465442182544,9,0.002463790048798968
885,-2.429539279011312,1.4756838892826016,0.016399525515477475,10,0.024413155507992827
885,-2.581100962823532,1.4809349089303105,0.015276376769225938,9,0.016339348862267775
886,-2.5781851388419947,-1.6587852946965427,0.01480714264797347,9,0.0
886,-2.4221133919487454,-1.6504876584410806,0.016304926746409088,11,0.025594146257014824
886,-2.4092874155292576,1.4866373084900149,0.016174354023415417,9,0.004256805224501966
886,-2.595009443372648,1.476249127724646,0.015675374712485732,10,0.0
887,-2.430895751379975,-1.6594028945405606,0.01589584408135822,11,0.0
887,-2.431565703084395,1.4808141492728237,0.015406816132604534,9,0.01767762190606901
887,-2.599148656591566,1.4744025563216079,0.017216208268315134,9,0.0
888,-2.5834227718358513,-1.6519327898681777,0.016406741571893806,9,0.0026579769671365807
888,-2.4058209886356137,1.4909510034490492,0.01753197275027539,11,0.0
889,-2.5755060702421293,-1.6478907962645648,0.01589803454469873,9,0.019082894295359934
889,-2.4270231346117903,-1.660151899006215,0.016618570184287453,9,0.002502439603789935
889,-2.4254119586804337,1.479504349908185,0.015679534628506984,9,0.01774285352237432
889,-2.5947732877905487,1.4776608778325278,0.015925347104922834,9,0.0019964468888829384
890,-2.4308223795989825,1.4848840592405512,0.015408974090394323,10,0.018141384341828732
891,-2.57844910664238,-1.6433012981676505,0.016658291614877054,9,0.019516685233660375
891,-2.4187258714965374,-1.6465181812574639,0.015953462454322186,9,0.020336117931536238
891,-2.4216186247098226,1.4844844327108868,0.016293698146092248,10,0.0205574631662909
892,-2.577843584300954,-1.6481431540186167,0.01629155061924578,9,0.01862924056162053
892,-2.426004866011725,-1.6629721168714748,0.01587444340255724,9,0.0
892,-2.4212822634417632,1.4832043450976933,0.015875694917271605,9,0.01999405192497729
892,-2.5946584612960453,1.478326914648385,0.01625279575059247,9,0.0
893,-2.4280489384593236,-1.6592179905606628,0.015821299314899333,9,0.0
893,-2.4321558966183012,1.4833169569909153,0.0159582813323968,11,0.013256673129915294
894,-2.573124566436454,-1.6224023442350874,0.016216525969239174,10,0.0
894,-2.427673780591485,-1.6517134533827147,0.016104908236934314,11,0.015991780547403904
894,-2.4319832715290137,1.4793367587194257,0.01680542047247752,9,0.018636709259247267
894,-2.593759737896373,1.480471428030755,0.01568090219634503,9,0.0
895,-2.420393235041287,-1.6475325791511692,0.016185276263226557,10,0.027819076382918435
895,-2.4262438698377835,1.4840699817217693,0.015106963424902763,10,0.026565300865560155
895,-2.5942598900602487,1.477880231235668,0.01668938248341445,9,0.0009816824164136338
896,-2.4219399196858147,-1.6455413911894556,0.016585373749060002,9,0.02220660235443244
896,-2.4347011486108876,1.482449688488927,0.016076399621052923,9,0.016941014350423854
897,-2.4219390510214334,-1.6446028238320163,0.01735654418886628,9,0.02200362242097942
897,-2.4221636174425223,1.4837471906654782,0.015512876840312878,9,0.019461961442388803
897,-2.5955309657529146,1.4788247659143254,0.01625811828566591,9,0.0
898,-2.4170496101902863,-1.6275534109340715,0.017291775496978957,9,0.0
898,-2.419476287636731,1.4788770781007248,0.016389220275744538,10,0.022965903797018312
898,-2.5980406976320154,1.4752884694313566,0.01631370862664819,9,0.0
899,-2.427665380905553,-1.6622265106432712,0.017436387731416675,9,9.771825272502432e-06
899,-2.407168858839375,1.4901730834269702,0.01556813089341088,10,0.003696719329195526
899,-2.587943306355569,1.4853724063775373,0.015945753874128905,10,0.013992695528963043
900,-2.430887371778171,-1.6575138780295604,0.01743805225002498,10,0.0
900,-2.4183713122222055,1.488961286178007,0.016037826994608886,10,0.020418466362017638
900,-2.587943306355569,1.4853724063775373,0.015945753874128905,9,0.013992695528963043
901,-2.5683955188559358,-1.62988099400444,0.017352225354731795,9,0.0
901,-2.426192315477177,-1.65958316250228,0.016610991645545754,9,0.0025028539592143895
901,-2.429206683407777,1.4861667707583976,0.01626149886490898,10,0.020043770580727354
901,-2.5785575330696493,1.485910999602912,0.015605495903849539,9,0.01647953064971528
902,-2.5739645316986532,-1.622930313330868,0.016225172964240524,9,0.0
902,-2.4231268969601625,-1.6299386082357024,0.01635153305984326,10,0.003566294546156642
902,-2.4397340107411942,1.47808469937353,0.015612402894481639,9,0.0034865406882900536
902,-2.581577207361185,1.4843032758195296,0.016393698150778645,9,0.02115784700397102
903,-2.425711886365291,-1.623149557703702,0.017535995911684837,10,0.004222817598142673
903,-2.429951586907014,1.4830288442607837,0.016931384043634794,11,0.023965955436420126
903,-2.5858995350447955,1.4815636066215505,0.015977849736249623,9,0.020229400074499974
904,-2.42802443163387,-1.6590154093193619,0.016686218788061608,9,0.0
904,-2.4258061928262356,1.4821875710139008,0.0170087431595193,9,0.021704866180790303
904,-2.584390382804553,1.4820193741581928,0.015922560023027384,9,0.01841644902603925
905,-2.4231743743163703,-1.6454189980546268,0.017542799116240702,9,0.02016111232667595
905,-2.4212021829343886,1.4831512333366632,0.016908440547127493,10,0.019500362793734634
905,-2.5946584612960453,1.478326914648385,0.01625279575059247,9,0.0
906,-2.5641858767397716,-1.634531294599852,0.015854829240182354,9,0.004709725483884748
906,-2.426832718454651,-1.6616559185836037,0.01742680619474412,9,9.898954647278933e-06
906,-2.422927742372226,1.486890173423166,0.01701609431935469,10,0.02168346219341609
906,-2.5950237175414808,1.4768841611103767,0.01626677517548152,10,0.0012407080175596136
907,-2.426159258186495,-1.6597057529442345,0.0163080546014833,9,0.003669683787756268
907,-2.424944234929001,1.4833971202075644,0.01559205332600889,9,0.019849998775642454
907,-2.5949865502460203,1.477513967575911,0.016177187387347164,9,0.0027056327249746336
908,-2.5814845254657914,-1.6531368078145352,0.015737872488393395,9,0.0019201810440603049
908,-2.427481254009516,-1.6517596011929068,0.01706403916428363,9,0.01793105595096344
908,-2.4235993942455325,1.4817139485800368,0.015888324525144003,9,0.019260490884719095
909,-2.4226841293437325,-1.6432049301669096,0.015915304291745484,9,0.0196961221156582
909,-2.4070310615859545,1.4852452278771653,0.017504400032663806,10,0.0
910,-2.580492179445189,-1.6525594656605305,0.016439368213122075,9,0.0
910,-2.427640244505151,-1.641874163645804,0.01652840722309932,11,0.019970163643575223
910,-2.4336775938653106,1.4816431587574375,0.01577651409513423,10,0.016811570700110773
911,-2.5698584765930317,-1.6323356744199988,0.016055604392790728,9,0.017258723066708254
911,-2.425256081153186,-1.6411197741566876,0.016316483288160998,9,0.018908851952380946
911,-2.426161819668955,1.4832800247873297,0.015916769203997483,9,0.01928897109587308
911,-2.5951210132783817,1.478779131799759,0.01587851931230818,9,0.0
912,-2.426828491852581,-1.661652236729961,0.017421312880753596,9,0.0
912,-2.4286369702767194,1.4816844154612845,0.01622997691312764,10,0.02032541687091067
912,-2.597153006370109,1.4799368827337454,0.017217097561371193,9,0.0
913,-2.4233207620437938,-1.6404290176604397,0.015776673024924703,9,0.017105339299024303
913,-2.427521112489241,1.4825286800178472,0.015539883058080208,11,0.0235147455431811
914,-2.4251795582569575,-1.650934543610197,0.016546167140793714,9,0.018118181060693277
914,-2.432758678602099,1.479814817335552,0.016211632392909618,9,0.01862952758137347
914,-2.5877094420459903,1.4805640917973808,0.01578500993738682,10,0.017948941165248145
915,-2.410657978933903,1.4874836883431384,0.014446119284336333,9,0.0
916,-2.4261162890208827,-1.6545158721469857,0.016945598232677783,9,0.01809335054185363
916,-2.4305828768561266,1.4858822998587693,0.01653509983857793,10,0.020321197963658562
916,-2.593759737896373,1.480471428030755,0.01568090219634503,11,0.0
917,-2.417874973359904,-1.6281106655074362,0.017296304095562768,9,0.0
917,-2.4263152580563254,1.480888371688044,0.01642985250170447,9,0.019441311132741605
917,-2.5947880992990844,1.4806806346397912,0.016760467886354925,9,0.0033368578223494367
918,-2.425743281713204,-1.6545711932961589,0.01647004279084174,10,0.018941933270330568
918,-2.4314669377559914,1.4849048866959313,0.015965841146454884,10,0.017253209809652385
919,-2.426833326062552,-1.6635405327031967,0.015880051532863242,9,0.0
919,-2.421195599501871,1.486272298927067,0.016946319781971673,9,0.0182205514811733
919,-2.5955309657529146,1.4788247659143254,0.01625811828566591,9,0.0
920,-2.4293315744768376,-1.6633643368940596,0.017454053023017373,9,0.0
920,-2.4238659826707267,1.4847902542759812,0.015533377997693679,10,0.01948423633141401
921,-2.573124566436454,-1.6224023442350874,0.016216525969239174,9,0.0
921,-2.424885027420131,1.4832432832472002,0.016641814548625088,9,0.02040914744863318
922,-2.426004866011725,-1.6629721168714748,0.01587444340255724,9,0.0
922,-2.430352501702064,1.4802043200290793,0.016669627813308982,10,0.01691180313558834
923,-2.579490218586236,-1.6599923613042544,0.01709326469438064,9,0.0
923,-2.4267160582707015,-1.6501893275846553,0.016145713882776705,9,0.01853949822233604
923,-2.42174206225394,1.4845480325769902,0.01641779258995053,10,0.019740889651390946
923,-2.598268074256465,1.4739037566694846,0.01720414217999421,9,0.0
924,-2.4264351577629766,-1.6516616934955712,0.017079021257089797,10,0.01976954970796606
924,-2.4341476555334056,1.4811558692204856,0.016806235979054934,10,0.01623467610995164
924,-2.597163131025979,1.4747898484650974,0.016304527129982538,9,0.0
925,-2.4269248182845513,-1.6616911632153863,0.01752205093229403,9,0.0001560288041136828
925,-2.4330207516489573,1.4843482262811991,0.016701577808862424,10,0.01747161986886821
925,-2.5964094004944736,1.4793247821910631,0.01626880169705576,10,0.0
926,-2.5795078291194398,-1.661512697859563,0.016343850731495246,9,0.0014830779514781395
926,-2.4295653942001794,-1.6575078222980288,0.01525480925934524,10,0.0
926,-2.429669030473462,1.4811428855467572,0.015200693022942082,9,0.01945519419712155
927,-2.5766925102986304,-1.6624666685372171,0.015751292732005165,10,0.0018989087112077797
927,-2.426206656917811,-1.640620793803252,0.016843399418228856,9,0.018801806381703645
927,-2.4306826942251267,1.4883990597196834,0.016329489420220823,10,0.02097529080849736
928,-2.576580880325768,-1.657053904361884,0.01572598192427029,9,0.0019206157983221424
928,-2.4248439442919674,-1.6568279269310395,0.015522754324115418,10,0.014830758590047064
928,-2.4238659826707267,1.4847902542759812,0.015533377997693679,9,0.01948423633141401
928,-2.5835040338593744,1.4835194575897421,0.016420017797030513,9,0.019522743980673607
929,-2.4279934053761334,-1.649700723906727,0.015518426288325277,9,0.02062476108531612
929,-2.4290863003882284,1.4823267599195606,0.016461044652877045,9,0.01842476344781946
929,-2.579766940469908,1.4752400355151882,0.016402624664023015,11,0.0192736526651547
930,-2.4282635322854995,-1.6630829079326739,0.016369749413873824,9,0.002483595502121773
930,-2.433997171308675,1.4779039379728454,0.016316489691194848,10,0.01378593210547739
931,-2.4305185651873096,-1.6607204509314344,0.01670772294094508,9,0.0
931,-2.4283125808647577,1.4837242566848683,0.01585439056315897,10,0.021062185356753135
932,-2.4269900129523214,-1.6602735218062057,0.01631491290629809,9,0.003668933303691595
932,-2.433812918833193,1.4832368010743322,0.016506252707045293,10,0.01954163173881247
933,-2.4281598400442355,-1.6557883109695934,0.015200897398720886,10,0.0030957247438477263
933,-2.43714546210417,1.4802635754857913,0.015648474535099828,11,0.01696790413915638
933,-2.594833520695131,1.4786152823283778,0.01565322357332731,9,0.0
934,-2.4248665387584896,-1.6534332683996837,0.01746957521089873,9,0.01797562920593116
934,-2.4325174909024643,1.4809093512558142,0.016190004310346007,9,0.01961008449019373
935,-2.5740159017482664,-1.624707530611309,0.01680095440421614,9,0.002903634213139529
935,-2.424182832827972,-1.6457161609542366,0.016522882414103886,9,0.019849213665358863
935,-2.422602815124356,1.4775326525842876,0.016937534049940733,10,0.016384970516292004
936,-2.428516718233976,-1.6330442049444518,0.017507963024186977,10,0.020371917403625282
936,-2.424134147671419,1.47871906053534,0.016632659575102657,11,0.020048114664356357
936,-2.5634047549966077,1.4871731898610248,0.015540933585288557,9,0.0
937,-2.4261866897846582,-1.6438112083663194,0.01661335994061385,11,0.01974778613238883
937,-2.4316956014879754,1.4822177747103964,0.01595226930481624,10,0.018639241695076005
937,-2.5788288126697267,1.4810678504202661,0.016927238398435053,10,0.01858779528033072
938,-2.4197444112244666,-1.6441710560150853,0.016518879152279606,9,0.0260169068726518
938,-2.421148876941009,1.4874195039785705,0.01663285687005413,10,0.02037512518773153
938,-2.5934215298398624,1.4793261533091635,0.016296123660868824,10,0.0
939,-2.578130890665578,-1.6581085345711841,0.016449006174433317,9,0.0
939,-2.4243377775418242,-1.661829330719602,0.015853435209016664,9,0.0
939,-2.4236361869437366,1.4824646278949272,0.015100070332123109,9,0.01785588708416507
939,-2.5766795914759903,1.4772249183748356,0.01576252234179309,10,0.017349514869883575
940,-2.575753264061403,-1.6618021530761407,0.016450403011953205,9,0.0
940,-2.426052857344251,-1.6473833698706712,0.016082696520711592,9,0.019483001058612465
940,-2.4230165335310065,1.4859585381767062,0.01633979584747109,11,0.021240932887687216
940,-2.593406729114881,1.4844740101797815,0.017213810766997,9,0.0
941,-2.4256040393100915,-1.6510950017553199,0.017068915915843214,9,0.019754850826389395
941,-2.431845150376196,1.4841220995097901,0.016068091304698145,11,0.024025093233594846
941,-2.584753936485924,1.4832268355800753,0.016376515430505955,9,0.01838210181999326
942,-2.5760196466538585,-1.6593605703332361,0.0163204840573893,10,0.0
942,-2.426837191902008,-1.6561725230986226,0.017460083959260162,9,0.01660178878540856
942,-2.4204587555039705,1.4839061641487599,0.017253857473847094,9,0.017370634746618065
943,-2.5701110682229364,-1.6301715932870988,0.014943033137968019,9,0.0
943,-2.4293315744768376,-1.6633643368940596,0.017454053023017373,9,0.0
943,-2.431827558412689,1.4819530831456997,0.016049165347711416,11,0.01678569002804652
943,-2.5964094004944736,1.4793247821910631,0.01626880169705576,9,0.0
944,-2.428498314418619,-1.662797834794002,0.017446356652165058,10,0.0
944,-2.4214033258928387,1.4827320671777435,0.01697425132903155,11,0.01835346118532236
944,-2.5964094004944736,1.4793247821910631,0.01626880169705576,9,0.0
945,-2.5764889055072295,-1.6576939028109412,0.014789767141709109,9,0.0
945,-2.4304478712292843,-1.6450720128460152,0.016557631345105534,10,0.018095133570648677
945,-2.4231927298710985,1.4858150050632395,0.016529782970011817,10,0.021347967863009593
946,-2.577792078070335,-1.6589007778525346,0.01707454413997241,9,0.0
946,-2.4288336304738394,-1.650215679885136,0.016302361051984068,10,0.0175520072830997
946,-2.4070310615859545,1.4852452278771653,0.017504400032663806,9,0.0
946,-2.5708211527177696,1.4856737910154818,0.015574151812913722,10,0.01966290990625812
947,-2.4257489683007485,-1.6447157064965303,0.016257615082099632,9,0.019046325095191635
947,-2.4100610272176324,1.4855018310442258,0.015562719960581334,9,0.0036954096914280383
948,-2.428882136149043,-1.632360433327747,0.01588876140270553,10,0.01721347763254866
948,-2.4233836416148167,1.483616478275953,0.016242271184958218,10,0.01872546142469708
948,-2.5957530228216816,1.4749401735302003,0.015675047049166373,11,0.0
949,-2.5780055154025825,-1.640289456048557,0.016401830287775466,9,0.018467379513459836
949,-2.418900226025358,-1.6572797522785754,0.015899851134706742,11,0.017406139929832885
949,-2.427460850470173,1.4798613065431638,0.016442747585059866,11,0.01867412128605476
949,-2.581105905055964,1.4840567699956158,0.016113131824174183,10,0.02134235010509764
950,-2.5651246925347824,-1.62844952711817,0.01696527427335417,8,0.0037818068388511816
950,-2.4225470327789576,-1.639580005904046,0.015967403583838437,9,0.018579671989526512
950,-2.424588991268691,1.4838411336707658,0.016148782358976908,10,0.02287076296285793
950,-2.578851463144306,1.489413686230718,0.016765095198937992,9,0.01648522754318142
951,-2.426828491852581,-1.661652236729961,0.017421312880753596,9,0.0
951,-2.4396863951318224,1.4794888253312903,0.016236968493916162,10,0.0012400313823016425
951,-2.5795870002194947,1.474430369456213,0.01636115103582838,10,0.01736193066283618
952,-2.5739645316986532,-1.622930313330868,0.016225172964240524,10,0.0
952,-2.4214813561191693,-1.6288319839794165,0.016333972284696286,9,0.00356425909391253
952,-2.4421025193821215,1.4747912139777104,0.01598227047530075,11,0.0025040995912632303
952,-2.597163131025979,1.4747898484650974,0.016304527129982538,9,0.0
953,-2.4227651765150955,-1.6657807266137845,0.017406586878610516,9,0.0
953,-2.4403897492101128,1.4748170098605997,0.015033748037224457,9,0.0
953,-2.584949344984425,1.480832521361223,0.015887479792555597,9,0.020715311242621156
954,-2.5715661306958464,-1.639293986924087,0.016748398930416603,9,0.021180975816125585
954,-2.4193448523036247,-1.64798501525168,0.016992050413037887,9,0.022892527854401722
954,-2.4293788129773803,1.4817578561041502,0.016668074197657954,9,0.01900982844744399
954,-2.576564853412315,1.4783656319387977,0.015731714234907015,11,0.019242987468370068
955,-2.5757496622657743,-1.6384994464824145,0.01618319108782265,10,0.020323042744905623
955,-2.428498314418619,-1.662797834794002,0.017446356652165058,11,0.0
955,-2.4249152068886892,1.4831828586829576,0.016815162842005304,9,0.020722524398492648
955,-2.583400999002458,1.4841164623864642,0.015411888608313126,9,0.017197184177027373
956,-2.5651341159812144,-1.628496488945573,0.0169078569613655,9,0.003140339889012092
956,-2.421930530531114,-1.6455299380144621,0.016587253091947037,9,0.020834079367463954
956,-2.4304528556698175,1.483370398467991,0.01601170227372112,10,0.018139960878184248
956,-2.5622302962102017,1.4931429388567452,0.015556259569041074,9,0.0
957,-2.4233652398758014,-1.639844589406209,0.016845502761971293,9,0.018682753098179457
957,-2.4227280950767325,1.4802894692771615,0.01632957785205049,11,0.027074658862831596
957,-2.58299252273315,1.4817831085448412,0.01639534486739372,9,0.0243575494825708
958,-2.4217195382946506,-1.6390196647333906,0.015956703003636108,9,0.018567420835308882
958,-2.425863039631137,1.4818051438426878,0.016916482083843096,9,0.020257341672623226
959,-2.5801741346088316,-1.6371503473885884,0.015923563037056464,9,0.02073124689508296
959,-2.4255085952272566,-1.659854938572835,0.015229782547452447,9,0.0
959,-2.4350822905652594,1.4796483293249991,0.016258377879250982,11,0.017180684993962893
960,-2.422855225812865,-1.650095996183757,0.016652780871938253,9,0.021145240295279692
960,-2.429403170143672,1.4812082541940457,0.015429445859266297,10,0.020647271977359234
961,-2.425279454531767,-1.6471488547251572,0.01665503110571752,9,0.021717445413069143
961,-2.4184434767945993,1.4890028923017253,0.016292404593935297,10,0.020357136708835027
961,-2.5875073296602396,1.485297041495068,0.015651774159576373,9,0.0
962,-2.57896607376707,-1.654403778654386,0.01700442339684845,9,0.0
962,-2.4267707115008723,-1.638589726174895,0.016520472897121982,10,0.019084431793958766
962,-2.432011112855578,1.4836167998772802,0.015247617490065552,11,0.022485704629594247
963,-2.4303050732676423,-1.6390870088138545,0.0164949749940644,9,0.017063346721848262
963,-2.4283231544193264,1.4801784350509624,0.016105937274013486,10,0.022133049196039364
964,-2.578297711291334,-1.6610435973066797,0.017033216210950223,9,0.0
964,-2.4248474597261773,-1.641985339209732,0.016069853139991878,9,0.017845913876906098
964,-2.4231870680686685,1.476645413267815,0.0156744818219828,10,0.01703106879134872
964,-2.5802452252753163,1.4785452895708142,0.016918981005820708,9,0.022148615162945223
965,-2.5623361255897317,-1.6369631768439423,0.01480751389540449,9,0.0
965,-2.4217529141886662,-1.6462010896054045,0.016994163909847655,9,0.022270505112445375
965,-2.4280732343391542,1.4810398251224797,0.01703433020475877,9,0.01704547094003723
965,-2.5788522011072708,1.4834998180061956,0.01592383434514369,9,0.019503718725347386
966,-2.575946759264311,-1.6377909025213948,0.01680858166295015,9,0.02053818321710333
966,-2.4170496101902863,-1.6275534109340715,0.017291775496978957,10,0.0
966,-2.4250679878976964,1.482027765317413,0.01566837130719207,10,0.019738600308244404
966,-2.579169754529405,1.4810451799970363,0.015356329418490995,9,0.018096995815460606
967,-2.57816346391347,-1.644766957964682,0.015960785409099343,9,0.017441826709979617
967,-2.429772765350298,1.4836726748335847,0.01626058092986626,10,0.01909619205722164
967,-2.5632180077413294,1.4866199701272824,0.01487723517981746,10,0.0
968,-2.5774799111766766,-1.659905020882835,0.0157591193692581,9,0.0027476154687575104
968,-2.4276695540898774,-1.6622301461797864,0.017441811774922048,9,0.0
968,-2.4254384709510584,1.4825105796858946,0.01600725224616207,10,0.017250055601742007
968,-2.595177709092937,1.4803271376287228,0.01631738814438899,9,0.0
969,-2.5708110432711764,-1.6279200062536574,0.01622564931675037,8,0.0
969,-2.423575864699456,-1.6492909767588386,0.016415530497190637,9,0.020429061761430133
969,-2.433171846034496,1.4812483768496219,0.016123364987039306,10,0.016483560882537784
970,-2.575307527544357,-1.641079387472852,0.015910767052503216,9,0.020695158046164553
970,-2.428500679604333,-1.6627989111280428,0.017448809262133328,9,0.0
970,-2.4293950857466395,1.4789990347199966,0.016621223125938587,10,0.021769697094758865
970,-2.596970670257896,1.476610321908122,0.016044199560693403,9,0.0015622243181485657
971,-2.426421333272181,-1.6492181449871368,0.016548752091687293,9,0.018063947732534086
971,-2.430036739052037,1.4827352351189653,0.01563235657070051,11,0.020793771956423516
972,-2.5716483875788896,-1.6284508141071443,0.01623377057705733,8,0.0
972,-2.428000873809861,-1.6589435548756042,0.01602183937277367,9,0.003925346157638109
972,-2.428320382295449,1.4808468130543828,0.016543569335204535,9,0.018885019424711873
973,-2.5753657356223068,-1.6413657881917447,0.016364064383433533,9,0.019609539175664038
973,-2.429760994663179,-1.649324523806915,0.01646686936050453,10,0.017189864418216204
973,-2.4242828266728376,1.4820035049002902,0.015890171962892392,9,0.020224453732323466
974,-2.57028018575435,-1.6382709214643199,0.016001912527506473,9,0.01722820871174524
974,-2.4210058017187706,-1.6454655371326732,0.01597991026279165,8,0.02045229250248678
974,-2.433603610608635,1.4818696008876397,0.015875161111222585,10,0.016716143041440718
974,-2.5936033419220434,1.477458281489128,0.014910449073132371,9,0.0
975,-2.429339530316644,-1.6633712646272005,0.01746439198363825,9,1.8632197900928433e-05
975,-2.4356678566770986,1.479519606740435,0.016855883365475575,9,0.017056345948838376
976,-2.5721840968789764,-1.642851506637681,0.017400468345314907,8,0.020936848430506853
976,-2.4255085952272566,-1.659854938572835,0.015229782547452447,9,0.0
976,-2.43050814761466,1.4780814494734589,0.01574546859281594,11,0.02206354759380431
976,-2.595404913956746,1.478941436140646,0.017204763466589647,10,0.0
977,-2.428906807676884,-1.663339935226521,0.01634590687778104,11,0.00818171387101077
977,-2.42995626136416,1.4775877663803008,0.015575215104275354,10,0.02384594130744057
977,-2.5658444264214806,1.48692594269968,0.016125996198809764,9,0.0024341192730480427
978,-2.4279280212186043,-1.6415569703925463,0.0149136508178188,9,0.018952902032540023
978,-2.4280698958707227,1.4828952087023048,0.015522131161143754,9,0.01623904104196714
978,-2.5980406976320154,1.4752884694313566,0.01631370862664819,10,0.0
979,-2.5736575663052617,-1.6434649680507247,0.016364730616395075,9,0.020910258411523632
979,-2.4312310050128736,-1.6586444781403415,0.01527174461909673,9,0.0
979,-2.4335356552939245,1.4787247032547945,0.015520002538393484,9,0.017546052654941455
979,-2.6008921575230475,1.4753920833282008,0.017221370014689857,9,0.0
980,-2.566134973494947,-1.6307684422428173,0.014800477110217944,9,0.003770116078510126
980,-2.4254353493533563,-1.645252246915467,0.017024781885466668,9,0.02226488185939099
980,-2.436648393671708,1.480147635823041,0.016487349273331276,9,0.01590222006312398
980,-2.564033526031917,1.4807056922038837,0.01612947623228675,10,0.0
981,-2.4201858583301505,-1.6296676764746514,0.01750741505821991,10,0.0
981,-2.4287475215779466,1.480827764205951,0.0162713857934824,9,0.022152104002802913
981,-2.5989150453204073,1.4809410962265985,0.017244525480726188,9,0.0
982,-2.5762459756006577,-1.6243682075658912,0.016784745830683248,9,0.004667853995549363
982,-2.4244289335457863,-1.6462987007257532,0.01738948198269695,9,0.023453684074645688
982,-2.4339081819304287,1.4791056106053344,0.016420059733696375,9,0.017819547515262872
982,-2.59803342667005,1.48043799717094,0.017230047197295026,9,0.0
983,-2.575539279089803,-1.66102267277269,0.014795058114653223,9,0.0
983,-2.4285014830816425,-1.6628000047493274,0.017450145972655526,9,0.0
983,-2.425015998476421,1.485012809937103,0.016264306572122196,9,0.022132332075795562
983,-2.595352941417827,1.4784551559613408,0.014924801500260688,10,0.0
984,-2.5746959421426423,-1.6604775154257376,0.014789844277620229,9,0.0
984,-2.428274281267309,-1.6610080894538761,0.016634496083013164,9,0.002828638469312769
984,-2.4181208881572545,1.4855679493542662,0.016900262976066574,10,0.022385157345057215
984,-2.5956991997476893,1.4791083902853361,0.015691070263633873,9,0.0029259461985114508
985,-2.580802613702468,-1.6528964053584179,0.016481818502800855,9,0.003641581405752708
985,-2.4323892777761555,-1.6420049431802348,0.016142108782551214,10,0.020229969860614153
985,-2.4232424581780485,1.4805962684539447,0.01632882582261384,9,0.019755159767745476
985,-2.56512098805232,1.4881685544681191,0.015557349104262264,9,0.0
986,-2.575937399302637,-1.6610942498129833,0.015935546563805185,9,0.003003893833425161
986,-2.4243707761598707,-1.6405250755680978,0.01671042292570447,9,0.020234342563521877
986,-2.4249483846629825,1.4823946359118985,0.016627613163383605,9,0.022197863582516852
986,-2.598745852413175,1.471709081421783,0.015684113886802114,10,0.0
987,-2.5823646051717137,-1.6565834242935416,0.017042112518214622,9,0.0
987,-2.4232297671551217,-1.6576118831523985,0.01691788138607244,10,0.01572362914504245
987,-2.4306023244717316,1.4820598139011274,0.0157522332436991,9,0.019153245302097718
987,-2.5766795914759903,1.4772249183748356,0.01576252234179309,11,0.017349514869883575
988,-2.573868161963543,-1.6439258026871941,0.01741491800532473,8,0.02095557191118019
988,-2.4269248182845513,-1.6616911632153863,0.01752205093229403,9,0.0001560288041136828
988,-2.425346556073621,1.4780996968264994,0.015412695878695025,10,0.02210396085612021
988,-2.596054276188399,1.4808267688203967,0.016326575561548932,9,0.0
989,-2.572862573279374,-1.6445958840204322,0.016333930643268393,9,0.020213432206422105
989,-2.423331924722941,-1.6564841812083286,0.015982807080281103,9,0.015427810988396806
989,-2.431455694591148,1.482357244771974,0.015460402909070293,9,0.017583673140262143
989,-2.5830341548654787,1.4750682689256815,0.016670152435920745,11,0.017710992411231523
990,-2.424743402538664,-1.6636206087742906,0.015606977521051297,9,0.0018609284577238774
990,-2.431788612633344,1.4799836593771944,0.01630510898696788,11,0.02353670712996213
991,-2.5748030540834628,-1.6234605488887515,0.016232848681872917,9,0.0
991,-2.4252626900006184,-1.651054485172554,0.016981132252861564,9,0.01948440828879727
991,-2.425473353030707,1.4803696862510258,0.016421428667830966,9,0.019777877483811684
991,-2.5868556604591695,1.4771149967062598,0.016237654521205,10,0.017448293798470845
992,-2.579490218586236,-1.6599923613042544,0.01709326469438064,9,0.0
992,-2.4273083300356117,-1.665441889841202,0.01672564104307619,9,0.0
992,-2.426245605867873,1.4824646494959617,0.016070725767715257,9,0.018030907704648134
992,-2.589557566305996,1.4760916156431991,0.01634122702462571,11,0.015916076692481688
993,-2.5806675602328397,-1.655496496380196,0.017026569630321866,9,0.0
993,-2.419161944834441,-1.6461031085310542,0.017343899891720978,9,0.02322270601530259
993,-2.4269263158432084,1.4876825013047137,0.015752251511791666,11,0.019643155130790308
994,-2.577427969929639,-1.6575986643728355,0.015733172307066355,9,0.001928624801654795
994,-2.424430544316584,-1.6463002740276815,0.01739160729298768,9,0.023458993457662232
994,-2.430216299216858,1.481836888147728,0.01532436372936199,10,0.01934171365593922
994,-2.5949941812882296,1.4770923542921561,0.016009916495726684,9,0.0027884134083516737
995,-2.4239130502355057,-1.6459336737328139,0.016971028727602713,9,0.01916520029552035
995,-2.409732895554949,1.4836855202365529,0.0163680524188482,10,0.0
995,-2.5983991033170137,1.4737880353014499,0.016261873223429334,9,0.0
996,-2.4293619810113105,1.4852069538496206,0.016223331671638315,11,0.02437575081517901
997,-2.4239630444018543,-1.6631471777817899,0.016669533885477945,9,0.0
997,-2.4332492719690535,1.4812247288757492,0.015987074224718578,10,0.019841357489310995
998,-2.5656392996538133,-1.6362367987566915,0.01551008549365985,9,0.0
998,-2.4243536422230587,1.4808542134480924,0.01592213504300308,9,0.02039335799118874
998,-2.5958811156224244,1.4767448432358883,0.01567904984710517,9,0.0
999,-2.57847209936822,-1.6543746724589372,0.015577407652108357,9,0.0
999,-2.421152745086445,-1.630317697633329,0.017344669403004432,10,0.0
999,-2.4312638389596777,1.4803896568966555,0.015414446171894237,10,0.016545061481911944
999,-2.5838797187193787,1.479384801314284,0.01575393787854433,9,0.01641242877891443
1000,-2.5750524029968735,-1.6631407695654716,0.015739423077230395,9,0.0019250485366984942
1000,-2.4256308550174284,-1.6642915137033725,0.016692023724132546,9,0.0
1000,-2.4336608118823126,1.482150492562171,0.016510330339092744,10,0.016817554953177192
1000,-2.5978028818957886,1.4732537130438783,0.016358322187486826,11,0.0033844018806227496
1001,-2.5802529949671618,-1.653602812329332,0.016728147598345112,9,0.0015713105320514509
1001,-2.4283885033763983,-1.6576913917793796,0.01586099893896575,9,0.0
1001,-2.4225869051054363,1.4800103553111452,0.017194628030406632,9,0.02399441478342527
1001,-2.5980406976320154,1.4752884694313566,0.01631370862664819,9,0.0
1002,-2.575592423824936,-1.6590857091183393,0.014789805709664669,9,0.0022883265576473886
1002,-2.4250284490055125,-1.6409517256020745,0.016364762613876014,9,0.01845732248215955
1002,-2.429234424104853,1.4826021418323936,0.01679569938770517,10,0.020266273732266173
1003,-2.5786963047132696,-1.6562926452773414,0.01602195403501063,9,0.0037720200120268717
1003,-2.426833326062552,-1.6635405327031967,0.015880051532863242,11,0.0
1003,-2.409732895554949,1.4836855202365529,0.0163680524188482,9,0.0
1003,-2.597153006370109,1.4799368827337454,0.017217097561371193,9,0.0
1004,-2.5694348900757604,-1.627551900110827,0.015473350812056934,9,0.0
1004,-2.427667253857698,-1.6622270150745364,0.017437984828007295,9,0.0
1004,-2.4274163360989833,1.4832031749411443,0.01642549459052666,9,0.01774673049770726
1005,-2.560550796654314,-1.6327935374837979,0.016300395405655817,9,0.0
1005,-2.4162242465265535,-1.6269971557533953,0.017287247689392916,9,0.0
1005,-2.428081941990375,1.479956807163362,0.015905280138010545,9,0.02075519108211426
1006,-2.428856572495762,-1.6595844812485503,0.016694150465802526,9,0.0
1006,-2.4286789761134466,1.4842858030942074,0.015842987537138566,10,0.020030993931452773
1006,-2.5980406976320154,1.4752884694313566,0.01631370862664819,10,0.0
1007,-2.5782731641145213,-1.6581413869144854,0.0157383226797563,9,0.0019245998434162023
1007,-2.4229243517717065,-1.6516658744299066,0.016332269639662084,10,0.020975635575450628
1007,-2.431812096908957,1.4792254250574615,0.015796418336038582,9,0.017099617061714364
1007,-2.6000238309766424,1.4748994111428497,0.017222610953156692,9,0.0
1008,-2.4293490754542004,-1.6603803164634776,0.014555001184396829,9,0.0
1008,-2.429585354668754,1.4790494104690375,0.01631771388314099,9,0.017938742268394044
1009,-2.422987826924659,-1.6470368451588833,0.017013508104810726,9,0.02161323145476613
1009,-2.4299664938084238,1.4778929626130284,0.016282754990354992,9,0.01695083598939195
1010,-2.425758033624154,-1.6613672888085993,0.016333283559417905,9,0.002469903958209718
1010,-2.4226446312203884,1.4798106226504175,0.015902577065125247,9,0.02037406462770943
1011,-2.5708110432711764,-1.6279200062536574,0.01622564931675037,9,0.0
1011,-2.4237702456151364,-1.6389757864162184,0.01709227067449044,9,0.019340966802991372
1011,-2.4307874044947972,1.4804013408058254,0.015998776840133757,10,0.019559831394446874
1011,-2.5980406976320154,1.4752884694313566,0.01631370862664819,9,0.0
1012,-2.4193630999608526,-1.62911216411262,0.017499795087088783,9,0.0
1012,-2.4294711003757716,1.4826433650471074,0.015536734492142741,10,0.01582271911152685
1012,-2.56894024568664,1.4783017781146293,0.016755701678633904,10,0.0
1013,-2.572485142988307,-1.628981272045581,0.01624332916095819,9,0.0
1013,-2.4235772264663704,-1.6457080605804744,0.01687682902273415,9,0.019632437512126386
1013,-2.4290266540562704,1.4786848298720099,0.015350054676471098,10,0.018586796612491813
1013,-2.5817411937154677,1.4823012139181417,0.015628028994797136,9,0.022189945365234
1014,-2.576765526107545,-1.6481230783432832,0.016746768917818008,9,0.017934448643854458
1014,-2.4243377775418242,-1.661829330719602,0.015853435209016664,9,0.0
1014,-2.4229490400577394,1.4804837498572971,0.01653572677544612,9,0.01957807573753263
1014,-2.5851287501336926,1.4814009412360534,0.01605835660913848,9,0.01870045579977654
1015,-2.5715560423738646,-1.6249017778672392,0.017345981417277764,9,0.0
1015,-2.4216232533200466,-1.6631812433737265,0.015453315619758618,11,0.0
1015,-2.424499818899921,1.480700346051565,0.016268695467520602,9,0.020933670632111996
1015,-2.584753936485924,1.4832268355800753,0.016376515430505955,9,0.01838210181999326
1016,-2.4197640647178447,-1.6480447098569697,0.016072764180651143,9,0.02060070898193406
1016,-2.4230011428521636,1.485327765440479,0.01643651068641081,10,0.0192423647038066
1016,-2.5958811156224244,1.4767448432358883,0.01567904984710517,9,0.0
1017,-2.571801073819638,-1.661923835012903,0.01590996453283792,9,0.0031002300407883916
1017,-2.4250279210426235,-1.6466995295918434,0.015932865735185264,9,0.01895407607528095
1017,-2.4314155791265657,1.4827450715135302,0.015850698498896504,10,0.015831557025926903
1018,-2.4233914742954767,-1.6387139077262638,0.01644833018721559,9,0.019961764659388086
1018,-2.422933893938488,1.477951510410125,0.015675246600220634,9,0.020566728571695055
1018,-2.5957060406876695,1.4777848045751067,0.01596858406638554,9,0.0015045704932538269
1019,-2.5691335867477636,-1.6268578547211854,0.016210451550407335,9,0.0
1019,-2.426362022192269,-1.6592516647681457,0.01552086785809963,9,0.0017477860803487974
1019,-2.4299131020742237,1.479351341325879,0.01610626704316424,9,0.019207734826173675
1019,-2.5964094004944736,1.4793247821910631,0.01626880169705576,9,0.0
1020,-2.569971882497345,-1.627389614964724,0.016217458274583586,9,0.0
1020,-2.425216807479875,-1.6488642381530294,0.0159084327747977,9,0.01796740439379387
1020,-2.4326317519104026,1.48226646555312,0.0160292421478781,10,0.016669972492230775
1020,-2.5957530228216816,1.4749401735302003,0.015675047049166373,9,0.0
1021,-2.583041038008624,-1.6541916890853163,0.016466579971057556,9,0.0
1021,-2.429728759753851,-1.6557845053788758,0.01679373869924145,10,0.0025367959842342094
1021,-2.4354703554094725,1.4787966612045669,0.0165794732301889,11,0.01783610907319736
1022,-2.4251693608819256,-1.6624002920763488,0.015862358137181242,9,0.0
1022,-2.4277357604237784,1.4823806985392893,0.01637053983827388,9,0.018785469544748502
1022,-2.5900283408389293,1.4741041037665144,0.01586299648256085,10,0.015480418444018804
1023,-2.4162242465265535,-1.6269971557533953,0.017287247689392916,9,0.0
1023,-2.433755100780021,1.4794314929244285,0.016279083390341103,11,0.016881490631435823
1023,-2.5735283222421885,1.4747570305111855,0.015790732605817464,9,0.015787238005979927
1024,-2.4170496101902863,-1.6275534109340715,0.017291775496978957,9,0.0
1024,-2.4260267565907525,1.4854285940248322,0.016115267251355685,11,0.026207973020685137
1024,-2.597163131025979,1.4747898484650974,0.016304527129982538,9,0.0
1025,-2.5786392376254983,-1.659445013878522,0.017081804335244945,9,0.0
1025,-2.421481257014592,-1.6470322813893605,0.01628222723035308,11,0.028534036344949432
1025,-2.434430459557416,1.482764965407131,0.015842706861127192,11,0.022677053878771194
1025,-2.578975774862707,1.482808720943692,0.01636874624407996,9,0.021132441119594322
1026,-2.424208471969108,-1.6503370354665226,0.01690842023471376,9,0.019954057572192076
1026,-2.4362342627109728,1.479832004904252,0.015626483210518374,10,0.018641181790181163
1026,-2.593779428844199,1.4778268338325495,0.01624155868616892,9,0.0
1027,-2.5791554503026224,-1.656095272033681,0.0159367642742164,9,0.003008617415117559
1027,-2.4155991290911882,-1.6464670169531175,0.01682045299067531,11,0.027928536432395578
1027,-2.4322040826250078,1.4820928194318936,0.016879376656737544,11,0.025397563279254295
1028,-2.42802443163387,-1.6590154093193619,0.016686218788061608,9,0.0
1028,-2.4298700784580802,1.4795759710720893,0.015890767548071855,10,0.022978460524005002
1029,-2.579330788692289,-1.6366174349180036,0.01591767969465967,9,0.02072015921333055
1029,-2.4270492775196795,-1.6594491593691951,0.015256430104955842,11,0.0027095471154493745
1029,-2.4258631140575035,1.4821971475202507,0.01565814601055316,9,0.020054588524300865
1029,-2.5989150453204073,1.4809410962265985,0.017244525480726188,9,0.0
1030,-2.575307527544357,-1.641079387472852,0.015910767052503216,9,0.020695158046164553
1030,-2.42782400734639,-1.660844789572576,0.016325630999970375,9,0.0036738193880330137
1030,-2.4240312641752,1.4827206524720706,0.01662892138097504,9,0.020400256646029256
1030,-2.5806227799289116,1.487018167345915,0.015388753076466269,10,0.022913631344907513
1031,-2.5795436997289096,-1.6264478643075342,0.015983412650159963,9,0.004585513581312628
1031,-2.4274204975922666,-1.6625068687581708,0.016349130247254727,9,0.0024660092670935573
1031,-2.4272211961315904,1.4826424288482187,0.01587616761024028,9,0.02035332739844078
1031,-2.5991153397404654,1.4795376930055595,0.016347489463623098,9,0.0
1032,-2.4231303468694043,-1.6502817477082117,0.016654290404799526,11,0.02050400502319712
1032,-2.4243386783032994,1.4815683717538097,0.015386081463712903,9,0.019322794593601336
1033,-2.575037757653463,-1.6532668074390826,0.01611443667321077,9,0.017832550900936363
1033,-2.4294768157074174,-1.640309595969351,0.016792643213024032,10,0.0198878904112933
1033,-2.430433000127335,1.4826225927232837,0.0158917956351236,11,0.020848477895066574
1033,-2.596012302755379,1.4788783462415556,0.01670680143250826,9,0.0009836004765368094
1034,-2.572390433794456,-1.6254269535793922,0.01735969769546184,8,0.0
1034,-2.4248004719932874,-1.6637211239387573,0.016684276920959445,9,0.0
1034,-2.4275417988725136,1.480894865870135,0.01544617502349998,9,0.021773099780800362
1034,-2.5654293224215827,1.4817026893940621,0.01552977606240581,9,0.0
1035,-2.5673801859143883,-1.6273281189072546,0.016951434445492176,9,0.0
1035,-2.4271007012715122,-1.641000518177326,0.014910812173975743,9,0.01894546074712835
1035,-2.429885822975999,1.4798721779601012,0.016371856063135622,9,0.019922744451321757
1035,-2.5928879563875897,1.4799735396446752,0.015676143792845328,9,0.0
1036,-2.4301661669112704,-1.6639378174989308,0.017466815918681062,9,0.0
1036,-2.434869168838684,1.484178082204167,0.0168828652530683,11,0.01596879489638012
1036,-2.5928879563875897,1.4799735396446752,0.015676143792845328,10,0.0
1037,-2.418384406673864,-1.6490295396393453,0.017349162848978687,9,0.02398529083232138
1037,-2.4320835027322145,1.4778569939594037,0.016187356357399867,9,0.017926073082197003
1037,-2.5928879563875897,1.4799735396446752,0.015676143792845328,9,0.0
1038,-2.4251928137926977,1.4828578849147034,0.016773109264364892,9,0.019141254190212557
1039,-2.579490218586236,-1.6599923613042544,0.01709326469438064,9,0.0
1039,-2.4170496101902863,-1.6275534109340715,0.017291775496978957,9,0.0
1039,-2.4344672834434284,1.480386372075151,0.016007455180669188,10,0.01586380973707426
1040,-2.427082051181102,-1.6468876436424522,0.015955570665810197,10,0.01791965501051091
1040,-2.42922999501141,1.4816391215566185,0.015866421958662055,9,0.01831041708448952
1040,-2.5822310685577046,1.4749336147375143,0.015256193055168184,11,0.01634950199865262
1041,-2.577427969929639,-1.6575986643728355,0.015733172307066355,9,0.001928624801654795
1041,-2.4271219447053047,-1.6415641321038144,0.01669849600643917,9,0.018582111724350654
1041,-2.422103495171891,1.4838156591722969,0.016148276474251582,9,0.018708851011650558
1041,-2.5966285659673907,1.475438059556373,0.015682418454612886,9,0.0
1042,-2.424597292625663,-1.653944110884345,0.015829543165486543,11,0.01616376199711009
1042,-2.4362763753864525,1.4796635683828872,0.01603021859186764,11,0.02081148962387302
1043,-2.4301675590127694,-1.6639397114911865,0.017469131289138844,9,0.0
1043,-2.431069367041503,1.4759032925394593,0.01655040922167928,11,0.025639328796906682
1044,-2.4339040638811924,1.4791213764437943,0.016307860083016847,10,0.02029165713334736
1044,-2.5955309657529146,1.4788247659143254,0.01625811828566591,9,0.0
1045,-2.4263005261926627,1.4813610925280423,0.015855666865606154,10,0.024224862443543462
1046,-2.4155265001608717,-1.6333480903905562,0.017313177979849655,9,0.0
1046,-2.4196277454653017,1.4832658448960636,0.016270997666440593,10,0.020355174570934838
1046,-2.597163131025979,1.4747898484650974,0.016304527129982538,9,0.0
1047,-2.4235653742073144,-1.658021244317982,0.01595445368381792,10,0.01735333125126212
1047,-2.407238310599941,1.4918297693815168,0.016185885675059575,10,0.004258431425529755
1048,-2.4263448531780694,-1.6604269467901753,0.015242759038254181,9,0.0
1048,-2.4327221066343414,1.4818444982885624,0.01564294005639126,10,0.01649624866929084
1048,-2.5634047549966077,1.4871731898610248,0.015540933585288557,9,0.0
1049,-2.4249881848426242,-1.648317613393955,0.01587786795258724,9,0.017591613226933027
1049,-2.4296895169131423,1.4842025087544608,0.015566707826546509,9,0.016806220227603946
1049,-2.5938094795916324,1.475789501490881,0.016374604896307134,9,0.0
1050,-2.4275388386998973,-1.6574938662899545,0.016559991215637934,9,0.00386047541792263
1050,-2.4249251305653834,1.483651586923997,0.015754285172789786,9,0.018376269731717885
1050,-2.574072327466991,1.4818092819759414,0.01656003504460075,10,0.018657639851697414
1051,-2.5773160459657465,-1.639213404855532,0.016625871297281193,10,0.020035304124797912
1051,-2.4235880776658942,1.482468429689042,0.015056535422681238,9,0.017754926802458163
1052,-2.576150916514567,-1.647060587776592,0.01627375361805484,9,0.018608615986491158
1052,-2.433388713931768,1.4778926235902707,0.015943818915132704,11,0.01838454574726187
1052,-2.596584820641496,1.478284595504282,0.015979474135421758,9,0.0015049343954378416
1053,-2.5808370916291152,-1.6498680301130897,0.01596135409991916,9,0.0024839168931478756
1053,-2.428009846624415,-1.661565956764109,0.015260518660643334,11,0.0
1053,-2.432294797659528,1.4812698061923053,0.015883377428228596,9,0.016899929202477845
1053,-2.5957282756651003,1.4785386511834329,0.016529614934062378,10,0.0
1054,-2.5682997168735313,-1.6263305301771567,0.01619746784583876,8,0.0
1054,-2.426583480057789,-1.6619334593374493,0.01633465442182544,9,0.002463790048798968
1054,-2.425535437342491,1.476755111926882,0.01593269249534913,11,0.025785919053179163
1054,-2.5749477933795597,1.4824326553858544,0.01596613955159762,9,0.020421812748777052
1055,-2.5791943945312163,-1.6558022728911037,0.01577877116557023,9,0.0020393089472444392
1055,-2.425199275160905,-1.649536201708243,0.01659871902732434,11,0.02107052027101418
1055,-2.432940308346079,1.4797798995558906,0.015933263759979367,11,0.016744578300331908
1055,-2.5846435923644058,1.480749138380377,0.01582577024753673,9,0.019686091980024446
1056,-2.425383833916867,-1.645661724101327,0.015212805794291188,9,0.017552123518113714
1056,-2.4275127058157366,1.4797218946389161,0.015865993514188114,11,0.021616238815926142
1057,-2.5769509937275807,-1.660465002111098,0.015592529000904652,9,0.0
1057,-2.4252084395234954,-1.641943575220065,0.01677640598292313,9,0.02083238958688255
1057,-2.4258631140575035,1.4821971475202507,0.01565814601055316,9,0.020054588524300865
1057,-2.5782216295555003,1.485938979564319,0.015277381814297174,9,0.01631463662659008
1058,-2.4266075356294228,-1.6468176783144042,0.016745371220888854,9,0.0197975702015212
1058,-2.410905044747653,1.4860218788603536,0.015571193914431715,9,0.0036990915368246514
1058,-2.595351171781368,1.4792134197896452,0.01647103385735103,9,0.0037905044050589344
1059,-2.424208471969108,-1.6503370354665226,0.01690842023471376,9,0.019954057572192076
1059,-2.432770693113772,1.477934257424515,0.01633032560456844,11,0.0169982252371576
1059,-2.5910435710681803,1.4779430402029075,0.016387921804904754,10,0.014336453021677706
1060,-2.424571493037385,-1.644892752201246,0.016935205545696816,9,0.020799639798621976
1060,-2.4420367008299833,1.477569277572373,0.016484696922951392,10,0.0
1061,-2.424438956055969,-1.6669333427304582,0.01743873814202935,9,0.0
1061,-2.4210748712313253,1.4889963880702344,0.017007031818216334,10,0.01835006043822124
1061,-2.5975041096197913,1.4759359459874983,0.01568979052506396,10,0.0
1062,-2.4233914742954767,-1.6387139077262638,0.01644833018721559,9,0.019961764659388086
1062,-2.4270931541035274,1.4838153583534335,0.01681938233025908,11,0.02428487465004766
1063,-2.5786392376254983,-1.659445013878522,0.017081804335244945,9,0.0
1063,-2.4333594771088674,1.4769207364635615,0.016389441973226313,11,0.02312349586646048
1064,-2.4227755466359646,-1.6451767078416994,0.01737096073481724,9,0.023428418591144362
1064,-2.4273539049438972,1.482393876089642,0.016028134422757846,9,0.02198931356561484
1065,-2.4214813561191693,-1.6288319839794165,0.016333972284696286,9,0.00356425909391253
1065,-2.4336849176774886,1.4793902290657095,0.016597286070141378,10,0.021026877913417296
1065,-2.597153006370109,1.4799368827337454,0.017217097561371193,9,0.0
1066,-2.4130588495898206,-1.6316785167999874,0.017292077101943228,9,0.0
1066,-2.4291111599315047,1.4813959125157967,0.016282304487061104,10,0.023475726092001898
1066,-2.5946584612960453,1.478326914648385,0.01625279575059247,9,0.0
1067,-2.4236646296841133,-1.6457536974530438,0.017459629988018838,9,0.020831472548736595
1067,-2.4070310615859545,1.4852452278771653,0.017504400032663806,9,0.0
1067,-2.5717846798231685,1.4863864836568303,0.01535385074845646,10,0.019780797857902332
1068,-2.425214926539772,-1.6460398311758946,0.015524075574397611,9,0.018072592995692707
1068,-2.4365447257334516,1.4800754623475347,0.01663897253475854,10,0.015007128820230205
1068,-2.597163131025979,1.4747898484650974,0.016304527129982538,9,0.0
1069,-2.5786392376254983,-1.659445013878522,0.017081804335244945,8,0.0
1069,-2.4356056518006306,1.4817686042037714,0.016319856633633525,11,0.021180270847625297
1069,-2.594524499859039,1.4784403246123785,0.017191820681565693,9,0.0
1070,-2.4235598774651446,-1.6376902981321306,0.017245625753906493,9,0.02015906953279586
1070,-2.4255044086523583,1.4789585956061577,0.017134022433464798,10,0.019411786731089044
1071,-2.424963188182608,-1.655052340702417,0.017060042813218722,9,0.016819132650480326
1071,-2.439729549920811,1.4767203625762688,0.01600735951217693,9,0.001696028960753741
1071,-2.597153006370109,1.4799368827337454,0.017217097561371193,9,0.0
1072,-2.5739645316986532,-1.622930313330868,0.016225172964240524,10,0.0
1072,-2.4317545819415227,1.4812375476104391,0.01573750489814452,11,0.020423546227943623
1072,-2.581148992681309,1.478227311168819,0.015837580409903823,9,0.016977885088884568
1073,-2.42544672325123,-1.6531593068939072,0.01699158763931846,10,0.018884710973864127
1073,-2.4338041212915753,1.4789020826621955,0.016210209264685277,9,0.017943493529722743
1073,-2.56714495044548,1.4694413143363865,0.017046481721862662,10,0.0
1074,-2.567467723272246,-1.6298340997993082,0.016222797600242367,9,0.0034643784467745242
1074,-2.427660483607907,-1.6622239351658337,0.017430965092121952,9,0.0
1074,-2.4298380059582536,1.480836447110792,0.016335518735216926,9,0.020141698148328724
1075,-2.4252235322948907,-1.6451148687030526,0.016300237370176048,9,0.02070287367646679
1075,-2.4267335557848795,1.4847640370678876,0.0163337110855691,9,0.020918335592341224
1075,-2.583278839969014,1.4755776548032062,0.016462640915678943,11,0.01998082002714477
1076,-2.425531789958266,-1.6586838458759234,0.015514352688164895,9,0.0017423586560535902
1076,-2.428082983234835,1.4823378772773177,0.016355121722670073,11,0.022881577872422527
1076,-2.5692250016687863,1.4718382194255484,0.016727344776939306,9,0.0
1077,-2.5752569967956895,-1.6593726763590688,0.015576536661538796,9,0.0
1077,-2.423804957689515,-1.6433335903770654,0.01676547547479984,9,0.01982787477095551
1077,-2.428999020903954,1.480994416895346,0.015135707042474375,9,0.017374180491227787
1078,-2.4227775104999036,-1.6279995912263185,0.015158662965430048,9,0.0
1078,-2.4096998170435153,1.4917390422489336,0.015592167926957045,11,0.0037004460026665836
1078,-2.599148656591566,1.4744025563216079,0.017216208268315134,9,0.0
1079,-2.4221555723614454,-1.646466329879678,0.017004276473598274,9,0.020219693243559978
1079,-2.430904890130453,1.4835489123745782,0.01694447143387066,11,0.023391212206151684
1080,-2.415520932406752,-1.6363018096533475,0.0144331428241757,9,0.0
1080,-2.43074159145236,1.4806890080492885,0.016130254716142104,9,0.019090575370829012
1081,-2.4295487807080822,-1.6580720022820612,0.015669334152631553,11,0.0037257917309361207
1081,-2.429734498372574,1.482704198500387,0.016310395766164033,9,0.017775598669670187
1082,-2.4240109413481137,-1.6552645513866002,0.015394174405896322,11,0.014589310473047665
1082,-2.4304439065859818,1.479571629400107,0.01632726526464594,9,0.01794692045891244
1082,-2.5811369972112144,1.4840527186009322,0.01638722333281673,9,0.020961719254635917
1083,-2.42231344170166,-1.6467897824887108,0.016026297934525507,9,0.018008172266031686
1083,-2.4336131952674225,1.4793647720105068,0.016316714717149915,10,0.021034377611782864
1083,-2.597153006370109,1.4799368827337454,0.017217097561371193,9,0.0
1084,-2.423413900138466,-1.641022245219446,0.016457715509530145,9,0.019757531812169125
1084,-2.4298380059582536,1.480836447110792,0.016335518735216926,9,0.020141698148328724
1084,-2.594638158706859,1.4809723717531715,0.015691993953479994,9,0.0
1085,-2.4221612775988657,-1.6464755488279739,0.01700208588542269,9,0.021595604455251546
1085,-2.4291746636115303,1.4814996271709386,0.015531137560043817,9,0.01919161814800969
1086,-2.423137105797086,-1.6408321152979077,0.016455133241805777,9,0.019245469923467318
1086,-2.4249846159531643,1.4808115733023197,0.016284899176956188,9,0.022983131001863288
1086,-2.5975041096197913,1.4759359459874983,0.01568979052506396,9,0.0
1087,-2.5774538477613955,-1.660502338325009,0.01702984817831694,9,0.0
1087,-2.423195850997137,-1.6408683000145023,0.016048705917078465,9,0.017822438050814682
1087,-2.428678620109444,1.478425186697173,0.016278530283334484,11,0.02503631442523446
1088,-2.4274204975922666,-1.6625068687581708,0.016349130247254727,9,0.0024660092670935573
1088,-2.4432000472276925,1.4815116101949477,0.017289658422797824,9,0.0
1088,-2.5625684559388224,1.4824496201828805,0.01686582163809519,10,0.0035439869254484425
1089,-2.575753264061403,-1.6618021530761407,0.016450403011953205,9,0.0
1089,-2.421106375450864,-1.644969998113519,0.016574869652289714,9,0.020812169140315973
1089,-2.424885027420131,1.4832432832472002,0.016641814548625088,9,0.02040914744863318
1089,-2.59803342667005,1.48043799717094,0.017230047197295026,9,0.0
1090,-2.4227755466359646,-1.6451767078416994,0.01737096073481724,9,0.023428418591144362
1090,-2.428880932993939,1.4862943828925128,0.016567836963239387,10,0.021424055812675577
1090,-2.5971870408580657,1.4733535010810932,0.01602039626548241,10,0.0019353985952006675
1091,-2.42391298524989,-1.663050222282069,0.015599207704522725,9,0.0018608623239334623
1091,-2.434406249246737,1.480073209923068,0.016508082258304836,9,0.019621471326964016
1091,-2.6012539887417434,1.468744941479566,0.01626267045196482,10,0.0
1092,-2.577793778982214,-1.635892479115654,0.016270229566057233,10,0.020965602739194955
1092,-2.4231230904632217,-1.6504494010935886,0.01625657490018047,10,0.018760691995265887
1092,-2.4260268305615345,1.4833720667353996,0.015465875259546631,9,0.018561687091300117
1092,-2.589476611515731,1.4777856770438114,0.015987663043653077,10,0.019297951003489678
1093,-2.427749748670076,-1.6496209621497444,0.016260728489534165,9,0.01691966211084536
1093,-2.4321544426738613,1.483691877718707,0.016351503040219012,11,0.02159094120486943
1093,-2.598382407416321,1.4764343215284232,0.015699833646781652,10,0.0
1094,-2.4239976212938297,-1.6529040149349044,0.016480906717574437,11,0.01754210037975924
1094,-2.4328049215095193,1.4796848248370138,0.015882049407841468,9,0.018662369693202195
1095,-2.421415287993421,-1.6457415130666846,0.015985974252553783,9,0.019772894283586744
1095,-2.4319902017368933,1.4830388371476941,0.016503352038062847,11,0.021627615701596985
1096,-2.4201769601812115,-1.6576397013156554,0.016203275912100752,10,0.018684501632259994
1096,-2.434958246753354,1.4774454636811605,0.01623701290751175,9,0.015140538959267836
1097,-2.576889473131021,-1.6401375307688602,0.016339283732799068,9,0.02024626963891856
1097,-2.4290477779157715,-1.642552728818611,0.01594618180144526,11,0.019008522695651973
1097,-2.4319279722004175,1.4796149273534422,0.01594279484048351,10,0.015683575704225534
1097,-2.5962722687460085,1.4794351059261066,0.017203544295294516,10,0.0
1098,-2.4256308550174284,-1.6642915137033725,0.016692023724132546,9,0.0
1098,-2.419188735225119,1.4815774720229198,0.016504783038749433,9,0.022083734696657604
1098,-2.5637531570027843,1.4803261641563852,0.016565984343503495,9,0.0010964051878480253
1099,-2.5691335867477636,-1.6268578547211854,0.016210451550407335,9,0.0
1099,-2.424424987067819,-1.6291075454803143,0.015173707746237981,9,0.0
1099,-2.4072059499733807,1.4821297579478125,0.016335783669120977,9,0.0
1099,-2.6020017945431153,1.4693555972873205,0.017213263516740684,10,0.0
1100,-2.574568326904149,-1.6233113762758946,0.01676733466449861,9,0.004666416034012797
1100,-2.4243151423009297,-1.6399633384765746,0.016583305855681383,10,0.018327204304711072
1100,-2.4241879751675284,1.4795874392468051,0.01640385182210605,9,0.01959241204814008
1101,-2.424743402538664,-1.6636206087742906,0.015606977521051297,9,0.0018609284577238774
1101,-2.4212567323171506,1.4842675378692503,0.016034822353807255,9,0.02043351495558679
1101,-2.5942861432224964,1.4849771360669326,0.017226760035664104,9,0.0
1102,-2.417874973359904,-1.6281106655074362,0.017296304095562768,9,0.0
1102,-2.4320698007198467,1.4823255189871556,0.015906223001245185,9,0.01975722154135762
1102,-2.5822145413640105,1.4893132590340434,0.016331651617445448,10,0.025242280931756126
1103,-2.4279280212186043,-1.6415569703925463,0.0149136508178188,9,0.018952902032540023
1103,-2.4323311672881274,1.483929457370584,0.016694559244333367,10,0.01733971377327097
1103,-2.585161997166084,1.4849821118183042,0.015997918129498738,11,0.016431975870437408
1104,-2.4224024506320756,-1.64489216046183,0.017374417746892634,11,0.024023639466849503
1104,-2.429720551035634,1.4798239155891875,0.01545938621836269,9,0.01894929394826645
1104,-2.595404913956746,1.478941436140646,0.017204763466589647,9,0.0
1105,-2.4266508460291405,-1.6617457741316939,0.016493167558231443,11,0.003678439996239815
1105,-2.4315901227576076,1.47943838757491,0.01532554490973244,10,0.016650527863340828
1105,-2.5962903844476943,1.4742938550980456,0.01629968043413005,10,0.0
1106,-2.5754811977189687,-1.6612938608867127,0.01602476529044351,9,0.0037692554920040764
1106,-2.4276695540898774,-1.6622301461797864,0.017441811774922048,9,0.0
1106,-2.4339160428473203,1.4797783393282413,0.01621538322369621,11,0.016458672116674566
1106,-2.5957530228216816,1.4749401735302003,0.015675047049166373,9,0.0
1107,-2.4227775104999036,-1.6279995912263185,0.015158662965430048,9,0.0
1107,-2.429796726414434,1.481001501669628,0.015926141789878258,9,0.0207758613873603
1107,-2.5795017612238826,1.4755584958911439,0.016629601145083144,11,0.017147444903947203
1108,-2.417874973359904,-1.6281106655074362,0.017296304095562768,9,0.0
1108,-2.4261400320301933,1.4840019824397486,0.016453102886338784,11,0.02306036704002652
1108,-2.5962722687460085,1.4794351059261066,0.017203544295294516,9,0.0
1109,-2.4251693608819256,-1.6624002920763488,0.015862358137181242,9,0.0
1109,-2.4259503024448263,1.4835804125202785,0.016495882948769098,10,0.023204119057463255
1109,-2.5947678887447267,1.4827811602688703,0.015701467737997337,10,0.0
1110,-2.5744651437622768,-1.6405430965210814,0.015899108022891364,8,0.020676353055617262
1110,-2.417874973359904,-1.6281106655074362,0.017296304095562768,9,0.0
1110,-2.412227075748792,1.4868361472120308,0.01502696679899362,9,0.002376265572922357
1111,-2.5781987920282505,-1.6548058135854684,0.01542116084987901,9,0.0023477699573505595
1111,-2.423599612277486,-1.6285518038462132,0.015168149482303791,9,0.0
1111,-2.4241005309738153,1.4811451742114816,0.016988160003877463,9,0.021685763082330813
1111,-2.5975196547524475,1.4732900295108289,0.016251182413466753,10,0.0
1112,-2.581481468340951,-1.6553009202245188,0.0156110825545991,9,0.0
1112,-2.427660483607907,-1.6622239351658337,0.017430965092121952,9,0.0
1112,-2.4287302802907784,1.4834356592562992,0.016833549237947835,11,0.022631489159127417
1112,-2.5941093087406513,1.4770149567564734,0.016168034484661795,9,0.00270547637714166
1113,-2.584622881005218,-1.6522637754411738,0.016294504366484205,9,0.0
1113,-2.4231882282207735,-1.6454553351283818,0.017373225034109145,9,0.022734845420361187
1113,-2.411750021230409,1.486542348967956,0.015578962154749191,9,0.0036991136911356222
1114,-2.57294781725411,-1.6425050452859051,0.016357985365979082,9,0.02022365888743578
1114,-2.4284259994090696,1.481293658319583,0.016017660661023312,9,0.01778963528024235
1114,-2.5741463769803605,1.4826447805905116,0.01600851897751961,10,0.016741856609976763
1115,-2.428856572495762,-1.6595844812485503,0.016694150465802526,9,0.0
1115,-2.430513989528596,1.4805758217330698,0.01585388972640596,9,0.01856212400662784
1115,-2.583035193952501,1.4831766452245827,0.01662683779416874,11,0.025680373771456377
1116,-2.579490218586236,-1.6599923613042544,0.01709326469438064,9,0.0
1116,-2.4278239418437377,-1.6360072104646763,0.016710660846915654,10,0.02086000495891269
1116,-2.421577282925753,1.479681068362999,0.016722712938493454,10,0.020702240248452033
1116,-2.5966285659673907,1.475438059556373,0.015682418454612886,9,0.0
1117,-2.4288784708896696,-1.6355762031885528,0.017113220532143397,10,0.019986608579749172
1117,-2.43156235364566,1.4802823356384653,0.015687892726539844,9,0.01878942160572905
1118,-2.4260410418467937,-1.6393668600381266,0.017272203134139397,9,0.02019342452349777
1118,-2.4351880885830326,1.4816892542757085,0.015742619198006798,9,0.014212631947820272
1118,-2.5981658532308347,1.4744189599051385,0.016485677012813515,11,0.0030859357731102526
1119,-2.5800782576995833,-1.6447450254525233,0.01656418829139798,9,0.018066617408720762
1119,-2.424747015713526,-1.6407839592835145,0.016863433204415756,11,0.019593260946367774
1119,-2.4259007009782514,1.4807274935166073,0.016231183690916792,9,0.021517277124798485
1119,-2.5996248225820118,1.4722064558074182,0.01569406589442407,9,0.0
1120,-2.423599612277486,-1.6285518038462132,0.015168149482303791,9,0.0
1120,-2.434476192714951,1.478902148310919,0.016189313575038427,11,0.017129959729209596
1120,-2.5955309657529146,1.4788247659143254,0.01625811828566591,9,0.0
1121,-2.4122408570455764,-1.6311245651245578,0.017279967203814625,9,0.0
1121,-2.4215679353008626,1.481243861025374,0.01627850711439997,9,0.018219771634512386
1121,-2.59260590601475,1.482375748733109,0.01607914321548996,10,0.0
1122,-2.4256308550174284,-1.6642915137033725,0.016692023724132546,9,0.0
1122,-2.4343577047783023,1.4776768130422897,0.016042189233479973,11,0.014206421613866399
1122,-2.5807190908333286,1.4838055935159824,0.016385490391291793,10,0.02152648898776674
1123,-2.42300849791795,-1.6455576443583158,0.01679116437575151,9,0.01899895738853003
1123,-2.4263754386323146,1.4791279603007101,0.01595430300096966,9,0.019597207946740518
1123,-2.5790885267548287,1.4864389015752537,0.015285975759120267,9,0.016321290043564165
1124,-2.424600743105142,-1.6395389122055413,0.01710292872511933,9,0.01936122154523061
1124,-2.4269113581249546,1.4796394002960875,0.016348502944767012,9,0.01831547655847431
1125,-2.422587728077209,-1.640461697299197,0.016450740496784005,9,0.01974686171504346
1125,-2.423718799093899,1.4808049260275888,0.0166630672389122,9,0.020485012926166737
1125,-2.5950237175414808,1.4768841611103767,0.01626677517548152,10,0.0012407080175596136
1126,-2.4226343721282553,-1.6581571206122319,0.01539092902882445,9,0.01598377177604702
1126,-2.429014376593526,1.4825205254951843,0.01647329278542133,10,0.015949598653206606
1126,-2.5966285659673907,1.475438059556373,0.015682418454612886,10,0.0
1127,-2.5674596002822976,-1.6257979447241617,0.016191611968616265,9,0.0
1127,-2.423821683407255,-1.63915035418858,0.01573811072171152,9,0.017842181087064663
1127,-2.4316803684779402,1.4807294051489057,0.01636235718880802,10,0.016617073919660597
1127,-2.594833520695131,1.4786152823283778,0.01565322357332731,9,0.0
1128,-2.425174242741874,-1.6550362650076675,0.017439880381878135,9,0.016582658264901396
1128,-2.425918176743542,1.4791323214288523,0.01655284125271942,9,0.021258518167179382
1128,-2.5962722687460085,1.4794351059261066,0.017203544295294516,9,0.0
1129,-2.426472478312214,-1.6359420558536202,0.016777976425059234,10,0.020400309754533198
1129,-2.425202369664904,1.4839518544116483,0.015254602296079035,9,0.018501568709212938
1129,-2.5950667608747944,1.472086807464577,0.015628579202449967,10,0.0
1130,-2.426837191902008,-1.6561725230986226,0.017460083959260162,9,0.01660178878540856
1130,-2.4311797052721844,1.4825007016740452,0.016023041482498508,9,0.015798302580364847
1131,-2.572445303167506,-1.6367970256539068,0.016805834999287398,9,0.01944386945327138
1131,-2.426832718454651,-1.6616559185836037,0.01742680619474412,9,9.898954647278933e-06
1131,-2.43357178372365,1.4803847008536124,0.01664381619758361,9,0.01750637831703127
1131,-2.597153006370109,1.4799368827337454,0.017217097561371193,9,0.0
1132,-2.4174670228905377,-1.645919360831136,0.016553313957342455,9,0.02208840138516879
1132,-2.432940572043838,1.4818918626840485,0.01571285172111871,10,0.016823849928875284
1132,-2.5950066958910605,1.4785572936297813,0.015697191748563013,11,0.0011483693393577086
1133,-2.4235066864489467,-1.6612610124833322,0.01584622778277871,9,0.0
1133,-2.4276626389555704,1.4824230022603544,0.015974358189209236,9,0.01681996256393305
1133,-2.593891884589671,1.4822809606485376,0.015692474268919687,10,0.0
1134,-2.5769466700346455,-1.6583559904684995,0.017067955832925107,8,0.0
1134,-2.4276695540898774,-1.6622301461797864,0.017441811774922048,9,0.0
1134,-2.4381393958830673,1.4755976271260753,0.016059172329758314,10,0.003105398613145607
1134,-2.581323378417561,1.475422276515332,0.016376100138670403,9,0.01738071028800287
1135,-2.5736415941607524,-1.6333992780737576,0.015295962887947422,9,0.017051071509896973
1135,-2.4242815158812907,-1.6508518804081846,0.016786461509353902,9,0.01908289451280171
1135,-2.424452149201036,1.4822352685573685,0.015895171997820333,9,0.019267481352085763
1135,-2.5985906766919014,1.473499751456812,0.01652893033983433,10,0.0
1136,-2.424774787368212,-1.650530152710776,0.017059677479136785,9,0.019742480037331395
1136,-2.425642884086769,1.480266225645199,0.015495328332083362,11,0.020234836858010054
1137,-2.5791934280511715,-1.6356970338167658,0.015935030531401988,9,0.019457101913486128
1137,-2.426050547679564,-1.6456759042977702,0.01630914772747966,9,0.02071603409881127
1137,-2.429506368603989,1.4805073708033412,0.01564764403602266,11,0.021164935864417398
1137,-2.581323378417561,1.475422276515332,0.016376100138670403,9,0.01738071028800287
1138,-2.562156992307679,-1.6313566656107847,0.014663584398374343,9,0.0
1138,-2.4295653942001794,-1.6575078222980288,0.01525480925934524,9,0.0
1138,-2.4325428948714873,1.4807703050369603,0.015925010974662698,10,0.015379877561366542
1138,-2.5948334677127742,1.4786152868660278,0.01565317175099519,10,0.0
1139,-2.427667253857698,-1.6622270150745364,0.017437984828007295,9,0.0
1139,-2.4289432497434236,1.478680798913053,0.01636145129911273,9,0.019232525681846097
1140,-2.427753580778903,-1.662258804949284,0.017526854102288086,9,0.0001667141393725022
1140,-2.430185416862365,1.4790141496205376,0.0170211549262863,9,0.02099271070161176
1141,-2.576091145134515,-1.6594068858493332,0.01643784809328807,9,0.003035872132748441
1141,-2.426828491852581,-1.661652236729961,0.017421312880753596,9,0.0
1141,-2.443219107800151,1.4800104365371196,0.016645135864969064,9,0.0020804605728822097
1141,-2.5659995571662724,1.4807593402330153,0.015771605235630086,10,0.004614977081523565
1142,-2.4252626900006184,-1.651054485172554,0.016981132252861564,9,0.01948440828879727
1142,-2.431184135503608,1.4771338867069321,0.016403217146976068,11,0.024420897463589178
1143,-2.574256588022709,-1.644570444090951,0.016920492144239845,8,0.020374294797824374
1143,-2.425758033624154,-1.6613672888085993,0.016333283559417905,9,0.002469903958209718
1143,-2.430894383090063,1.481689287527642,0.01628162285241425,11,0.022853296926347
1144,-2.5812315181189476,-1.6510013353688255,0.0153032776246321,9,0.0026665574445217
1144,-2.4271773232697966,-1.6609976761175145,0.015252073584738983,10,0.0
1144,-2.435968346267401,1.4841819378443268,0.01634133247114811,9,0.013762302556794115
1144,-2.5659131264213064,1.4729037559844977,0.015539275209489164,9,0.0
1145,-2.4201180864298086,-1.6463380964587508,0.016272075343341106,10,0.022738818257353636
1145,-2.4268185777350886,1.479573823100092,0.016064130183762026,9,0.02150130155168688
1145,-2.597163131025979,1.4747898484650974,0.016304527129982538,9,0.0
1146,-2.425222382178801,-1.6451133031504275,0.01629832389671867,9,0.02069824453429473
1146,-2.423343402402966,1.4811120282941115,0.0158678672471141,9,0.01984667706077216
1147,-2.422570763873516,-1.6467515247619855,0.017008149875184824,9,0.02091620623635151
1147,-2.4240538073391242,1.483357261271688,0.01522845648674357,10,0.01896266797071728
1147,-2.593779428844199,1.4778268338325495,0.01624155868616892,9,0.0
1148,-2.419510672729604,-1.6292115358205985,0.017324276026237102,9,0.0
1148,-2.428276144858664,1.4846639697252726,0.01592086037487917,10,0.01795564254076008
1148,-2.5928879563875897,1.4799735396446752,0.015676143792845328,9,0.0
1149,-2.4274398406120063,-1.6604366685581926,0.01662337119968111,9,0.0028240870803949176
1149,-2.430834811102354,1.4788877444952402,0.016431219402470113,10,0.022923485079349534
1149,-2.597163131025979,1.4747898484650974,0.016304527129982538,9,0.0
1150,-2.578120622596892,-1.656255809532193,0.016438735026936147,9,0.0
1150,-2.4292783254994537,-1.657333691032742,0.016703450431939566,10,0.0020899743626666897
1150,-2.4234444259154757,1.485592447417745,0.016440348206994547,10,0.019756960582851334
1150,-2.565710575031817,1.4851854035505747,0.01668572493308922,10,0.0
1151,-2.5682997168735313,-1.6263305301771567,0.01619746784583876,9,0.0
1151,-2.420866420876905,-1.643426047163115,0.016258515118422683,9,0.022099798331041573
1151,-2.4058209886356137,1.4909510034490492,0.01753197275027539,10,0.0
1151,-2.5842368917067984,1.4826702755010608,0.015131022990958698,11,0.017615875552102
1152,-2.5691335867477636,-1.6268578547211854,0.016210451550407335,9,0.0
1152,-2.4267358629588873,-1.6477028032536525,0.01574900481665412,9,0.020554313837466025
1152,-2.422281921332319,1.484333324357565,0.015672548458168567,9,0.019042203133902934
1152,-2.595860163661621,1.478012169007933,0.016183640872109276,9,0.0027071698398501536
1153,-2.571447643827918,-1.621343236812268,0.016200004284544052,9,0.0
1153,-2.417874973359904,-1.6281106655074362,0.017296304095562768,9,0.0
1153,-2.4255695428271187,1.484854088568429,0.015791492752437995,9,0.018648244391787132
1153,-2.5782422889875805,1.4865833101185189,0.015483112062078447,10,0.02281981170208372
1154,-2.578967986425301,-1.655602158410569,0.016725918152475115,9,0.0017881980755723743
1154,-2.4293871939065923,-1.6605948606391818,0.016710680724957124,11,0.0
1154,-2.439961825687724,1.478329039075949,0.016071444032058842,10,0.00273488501787101
1154,-2.5696270022595864,1.4684150129477127,0.015547992393990939,9,0.0
1155,-2.579416287528796,-1.6545198968936752,0.016299383847913105,9,0.0035615279019223633
1155,-2.4208679695523063,-1.6402807543084839,0.01676251190402482,10,0.022974771027245124
1155,-2.4290960382151217,1.4850874374544023,0.01622049122022018,10,0.019837907158704697
1155,-2.5966285659673907,1.475438059556373,0.015682418454612886,10,0.0
1156,-2.5763817113476897,-1.641530437785926,0.01647183873817974,9,0.019543484641361058
1156,-2.431642931564637,-1.647099407301727,0.016555842132323337,10,0.02356491708104507
1156,-2.4262974983683954,1.4801275617854939,0.015900591264085502,9,0.022393122536917127
1156,-2.5813912300752335,1.4772507924564424,0.015557213661372322,9,0.016414613759858056
1157,-2.4223482830960137,-1.645815850412025,0.016593295724635037,9,0.02153170169723861
1157,-2.40897001475914,1.486441462994039,0.014429526274364005,9,0.0
1158,-2.423961549645918,-1.6413895767249258,0.016465029947939688,9,0.019255548145800234
1158,-2.435439104819523,1.479134500621523,0.01684608876981274,10,0.015693240332451747
1158,-2.5654265119072246,1.4684581528634197,0.017025856176492302,9,0.0
1159,-2.568346873241123,-1.6281045624497623,0.016775661103462982,8,0.0028981595701398147
1159,-2.4243377775418242,-1.661829330719602,0.015853435209016664,9,0.0
1159,-2.430560293179731,1.4829585084605006,0.015703686043211,9,0.015129111864659527
1159,-2.584659893921978,1.4787355317049662,0.015310903438722474,11,0.02043107914699709
1160,-2.5760828980227837,-1.6580882605748533,0.014403437138180465,9,0.0
1160,-2.423307502195233,-1.64253061661605,0.0162732923781621,9,0.02225358080574208
1160,-2.432169740658469,1.4808957793025261,0.015955035204951902,10,0.01689977021744826
1161,-2.573190743188523,-1.6592199163506132,0.01553069324076703,9,0.0024124228612325944
1161,-2.424438956055969,-1.6669333427304582,0.01743873814202935,9,0.0
1162,-2.578493361425495,-1.6607390370793844,0.017032768138140964,9,0.0
1162,-2.4265674690220673,-1.6305441126963243,0.015837069618954123,9,0.004474722001575722
1162,-2.4312668785311087,1.480184249791392,0.015858857658314088,10,0.016004711983025794
1162,-2.5796745034434547,1.479878880004784,0.015589152050134607,10,0.023612276767933548
1163,-2.5786906861195042,-1.6486844712004793,0.01630323397156461,9,0.018645551123831147
1163,-2.4257880282918145,-1.6490746800712892,0.016182063212585324,9,0.01812443826441661
1163,-2.4275580745957357,1.4807218428810938,0.015877174125411068,9,0.016759232518525995
1163,-2.594833952334347,1.4772880211865154,0.015964085231539103,9,0.001503095019224342
1164,-2.5747044686342493,-1.6419998791602675,0.01617650552732353,9,0.01938380307970748
1164,-2.424781998778991,-1.6512368851244668,0.016685000402050974,9,0.018267662871806995
1164,-2.43819819484872,1.478033129214978,0.01537071377370268,10,0.0024871262943920776
1164,-2.5634047549966077,1.4871731898610248,0.015540933585288557,9,0.0
1165,-2.4280393867184396,1.4820165694610106,0.0172641033646569,9,0.01785054416512582
1165,-2.595177709092937,1.4803271376287228,0.01631738814438899,9,0.0
1166,-2.5782731641145213,-1.6581413869144854,0.0157383226797563,9,0.0019245998434162023
1166,-2.4296289016936377,-1.6462886798376075,0.015973679523035998,10,0.02354023802295167
1166,-2.4249846159531643,1.4808115733023197,0.016284899176956188,9,0.022983131001863288
1167,-2.5639676422603754,-1.6351723871693875,0.015492536708376184,9,0.0
1167,-2.4274204975922666,-1.6625068687581708,0.016349130247254727,9,0.0024660092670935573
1167,-2.4325526852253723,1.4767667621323473,0.016380462441656432,11,0.023196475827444458
1167,-2.596584820641496,1.478284595504282,0.015979474135421758,9,0.0015049343954378416
1168,-2.575937399302637,-1.6610942498129833,0.015935546563805185,9,0.003003893833425161
1168,-2.4274204975922666,-1.6625068687581708,0.016349130247254727,9,0.0024660092670935573
1168,-2.4198826747779383,1.4898933493358175,0.016166311718323622,11,0.02039269792775743
1168,-2.5962722687460085,1.4794351059261066,0.017203544295294516,9,0.0
1169,-2.5806675602328397,-1.655496496380196,0.017026569630321866,9,0.0
1169,-2.426691109189651,-1.6559319691246799,0.016113267279703254,10,0.01774470243409023
1169,-2.4258061928262356,1.4821875710139008,0.0170087431595193,9,0.021704866180790303
1169,-2.587182857162245,1.4774682445156069,0.016499056279877817,10,0.017874632236709376
1170,-2.5776125477601584,-1.6399936493741059,0.016756224587969833,9,0.019324049378698308
1170,-2.430895751379975,-1.6594028945405606,0.01589584408135822,10,0.0
1170,-2.432758678602099,1.479814817335552,0.016211632392909618,9,0.01862952758137347
1170,-2.5975041096197913,1.4759359459874983,0.01568979052506396,9,0.0
1171,-2.5739645316986532,-1.622930313330868,0.016225172964240524,10,0.0
1171,-2.4293315744768376,-1.6633643368940596,0.017454053023017373,9,0.0
1171,-2.4263868168456595,1.4813129926348165,0.016101189964798528,9,0.0186103247216835
1171,-2.594820426759399,1.4786081356333216,0.0156799760217251,10,0.0029249074350790483
1172,-2.5762524337418347,-1.6509505219953364,0.01586314901587878,9,0.015552297775392238
1172,-2.428108399070955,-1.6498794566456594,0.0159309861358205,9,0.017794359134298093
1172,-2.4257776083969107,1.4841734536207127,0.015762404180922243,10,0.018384032637243475
1173,-2.4274204975922666,-1.6625068687581708,0.016349130247254727,9,0.0024660092670935573
1173,-2.4334242030414015,1.4839294694874927,0.0166718696308802,10,0.020798630247765605
1174,-2.5743519193938775,-1.6626305786503581,0.015025049058641089,9,0.0
1174,-2.4263891462309726,-1.6450802144843668,0.01622527887188602,9,0.018621744423111576
1174,-2.4327353386644934,1.480261474482934,0.0164392585377922,10,0.019310442660702264
1174,-2.5958811156224244,1.4767448432358883,0.01567904984710517,9,0.0
1175,-2.423416738022992,-1.6547856954263946,0.015935137977065552,10,0.016651578121523125
1175,-2.4257864718086797,1.486285208811924,0.01564874984298806,11,0.0219647787714068
1175,-2.5958811156224244,1.4767448432358883,0.01567904984710517,9,0.0
1176,-2.424478197335468,-1.6525771263851514,0.015858800963325124,9,0.01796390146553586
1176,-2.4289868038131712,1.4833640409026472,0.015182736318906051,9,0.01727699672905563
1176,-2.5679994137246065,1.4831890489569188,0.015560610641230776,9,0.0
1177,-2.426004866011725,-1.6629721168714748,0.01587444340255724,9,0.0
1177,-2.4361290288450452,1.4791031372714563,0.015242234801716426,9,0.014699500934006765
1177,-2.597153006370109,1.4799368827337454,0.017217097561371193,10,0.0
1178,-2.5769986497394473,-1.6476031400852962,0.016285689739207472,9,0.018624050794306145
1178,-2.4240138286233366,-1.6460149419602335,0.01738674527414545,9,0.022752083678124847
1178,-2.4316524711987553,1.4856097119919245,0.016116973098874277,10,0.01885506779355948
1178,-2.577172358401991,1.4779285663173336,0.015752712668903306,11,0.01711155604186684
1179,-2.429227734422348,-1.658263729809174,0.01587599339870258,9,0.0
1179,-2.4349395459203067,1.4809569769986903,0.015875515898438174,11,0.02311063609081649
1180,-2.4256308550174284,-1.6642915137033725,0.016692023724132546,9,0.0
1180,-2.4250084643985965,1.481675200467285,0.015648233255207658,9,0.02004399804623264
1181,-2.427665380905553,-1.6622265106432712,0.017436387731416675,9,9.771825272502432e-06
1181,-2.419917045393239,1.483441184263114,0.01627596460242917,9,0.020538919570098804
1181,-2.598268074256465,1.4739037566694846,0.01720414217999421,9,0.0
1182,-2.4237304484467406,-1.6436501147942628,0.015191214350816686,9,0.01802153875572391
1182,-2.421132970021207,1.486261423477962,0.015982099782036362,11,0.025158274827674958
1183,-2.424391560866262,-1.644550349032332,0.01628891667700451,9,0.020680587739502404
1183,-2.4193208912283644,1.487389743199568,0.015264244517516817,11,0.0206836882808971
1183,-2.5946584612960453,1.478326914648385,0.01625279575059247,10,0.0
1184,-2.4234294576386293,-1.6393681274021448,0.016977957158772542,9,0.019438315542429207
1184,-2.4258764687297276,1.4848422822856482,0.015418231558579475,10,0.018590586511323785
1184,-2.5957530228216816,1.4749401735302003,0.015675047049166373,9,0.0
1185,-2.4227667713433507,-1.6484445949420727,0.01549420547372524,11,0.019845993629806685
1185,-2.421557112537215,1.4876902369937517,0.015067214085231529,11,0.017747844190437276
1185,-2.5803259769026172,1.4834966601912223,0.015907733694964087,9,0.02022726771789609
1186,-2.421292698109669,-1.6440373683783747,0.01564193796302948,9,0.024002732455957562
1186,-2.4259985935760717,1.4854059423708017,0.015738511509074998,11,0.018775545256481715
1186,-2.581303421889267,1.482052270702579,0.015624342959571599,9,0.021997430719370836
1187,-2.4285014830816425,-1.6628000047493274,0.017450145972655526,9,0.0
1187,-2.4272776011511246,1.4849256732368539,0.016089886354350845,11,0.024177260569077513
1188,-2.421746086086795,-1.6461903539456664,0.01699821248383614,9,0.020899091462460013
1188,-2.429952288452408,1.4827936433846107,0.01557252903165218,11,0.021891113137338988
1188,-2.5980406976320154,1.4752884694313566,0.01631370862664819,9,0.0
1189,-2.579330788692289,-1.6366174349180036,0.01591767969465967,9,0.02072015921333055
1189,-2.4238880330104315,-1.6287448616766875,0.016943779714931453,11,0.004654977783185655
1189,-2.430848800937602,1.479794826430452,0.015243379529261136,9,0.0185443527480605
1190,-2.5823382360039973,-1.6536840232625163,0.015751733190439456,9,0.0019253146080448315
1190,-2.427333095295487,-1.6459541638242217,0.015543761565185684,10,0.019718232023891634
1190,-2.4216301831236735,1.483912969289391,0.015815136463654986,9,0.02104365489559427
1190,-2.5957530228216816,1.4749401735302003,0.015675047049166373,9,0.0
1191,-2.579552988591077,-1.6561657812427688,0.01707632279263078,9,0.0
1191,-2.4262896357628305,-1.6450188035036655,0.01679147974125669,9,0.01986526983892063
1191,-2.43284675708785,1.4810145858450898,0.01598883397211938,11,0.02239176692175319
1192,-2.427263335309579,-1.6632897680740646,0.017041682518543027,10,0.0031633749350753375
1193,-2.575458179208356,-1.6414264101676728,0.015542216683328017,9,0.01996666506071232
1193,-2.4283093572695162,-1.6557181466339257,0.016603384395619748,9,0.016898735978634404
1193,-2.425964971547803,1.4790534166206477,0.016051610476198,9,0.021490487099694262
1193,-2.594833952334347,1.4772880211865154,0.015964085231539103,10,0.001503095019224342
1194,-2.4276695540898774,-1.6622301461797864,0.017441811774922048,9,0.0
1194,-2.4308592414017625,1.481578847908837,0.016927332975031437,9,0.019863483564689133
1194,-2.5649858168343727,1.4864289397571742,0.016118012934581302,11,0.0024354497592111585
1195,-2.4272154491572815,-1.6586483909634566,0.015811953168746815,9,0.0
1195,-2.428074746401543,1.4816755556994985,0.015871212615154326,10,0.016087933456302942
1195,-2.5941322585458204,1.4780585200087837,0.015689838160728543,11,0.0011523813241520688
1196,-2.4236646296841133,-1.6457536974530438,0.017459629988018838,9,0.020831472548736595
1196,-2.429982224473501,1.4815892008976637,0.01569316280080401,10,0.015322937926312638
1197,-2.4272498106798426,-1.6404024579421719,0.01659583136634637,10,0.022525893647651823
1197,-2.429082861117231,1.4688850527185928,0.01568489029031737,11,0.02251006575955833
1197,-2.5966285659673907,1.475438059556373,0.015682418454612886,9,0.0
1198,-2.4293315744768376,-1.6633643368940596,0.017454053023017373,9,0.0
1198,-2.4249783724301888,1.4801848128155795,0.015921667081708737,11,0.026175854433634075
1199,-2.5801792616062444,-1.655288514806466,0.015623167178198942,9,0.003251307766400857
1199,-2.426893269050951,-1.662614368734002,0.016714528333749482,11,0.002086236107891149
1199,-2.4266211047658284,1.484227029980184,0.01683265298261894,9,0.02073828435302362
1199,-2.597153006370109,1.4799368827337454,0.017217097561371193,9,0.0
1200,-2.5722858578538697,-1.6218716894573844,0.016209298659495712,10,0.0
1200,-2.4252235322948907,-1.6451148687030526,0.016300237370176048,10,0.02070287367646679
1200,-2.417843822078744,1.4926885890753387,0.01634315126953944,10,0.019795566479038594
