frame,center_x,center_y,radius,num_points,fitting_error
0,-3.63875306877081,0.4540888333164178,0.014792801303240283,8,0.0
1,-3.6331457437092576,0.4462327724059938,0.015200163802597151,8,0.0
2,-3.6514563545587695,-0.5817223064024344,0.01668845864107129,7,0.011479476742679618
2,-3.6249928085001057,1.4365364694544254,0.01669036174664195,8,0.0
2,-3.632255909217369,0.44612346780599815,0.014412695800679706,8,0.0
3,-3.6509221708425628,-0.5869398526250549,0.01625056284864152,7,0.011346027878374156
3,-3.634595963771848,0.446411158847705,0.014727790123495043,8,0.0
4,-3.5638713657563446,-1.5914348278431982,0.016494411705111307,4,0.0
4,-3.6392221698696665,0.44697838249124827,0.014436033029804929,8,0.0
5,-3.5633657055378447,-1.5912136221252622,0.01526936794604105,4,0.008851095554343862
5,-3.6375383455953108,0.4539374800800427,0.014595274802041687,8,0.0
6,-3.635647294663986,0.44653987393017525,0.014780256649381497,8,0.0
7,-3.659648203520433,-0.5761742544600089,0.016666917417586948,7,0.0
7,-3.5643977053201747,-1.5916682848641013,0.01608192211545377,4,0.0
8,-3.65172653590175,-0.5788819290810129,0.01598028949660641,7,0.009550718647443012
8,-3.563350112727463,-1.5911988942346729,0.016910837676520497,4,0.0
9,-3.651201562740214,-0.5870183055865917,0.017135308302148773,4,0.0
9,-3.6383491200263594,0.45403840792404954,0.014436809869941213,8,0.0
10,-3.65384003914259,-0.5752603888328652,0.017525746271777262,7,0.0
10,-3.6396258087109263,0.4470279516702428,0.014791652229339945,8,0.0
11,-3.637759024350493,0.45396503550167217,0.014790091753477709,8,0.0
12,-3.653250133214353,-0.5823269826038174,0.016093281868909494,7,0.011447441257268555
12,-3.6421557568017118,0.44018194345319284,0.014617712620823581,8,0.016219422368179522
13,-3.6414866644798956,0.44009815089450904,0.014464896453110894,8,0.015313721319966816
14,-3.655700045569972,-0.5755521945290566,0.016662831272666507,7,0.0
14,-3.632662529720079,0.44617341584893433,0.014770996189075396,8,0.0
15,-3.6528171963649068,-0.5884635171565303,0.016600053188361937,7,0.012973399423594226
15,-3.5788108565769323,-1.5981058966265957,0.01490773695070943,3,0.0
15,-3.6332516142363596,0.4462463129259641,0.014416561400323437,8,0.0
16,-3.6597613889263005,-0.5761923616467964,0.017532590734896148,7,0.0
16,-3.581383843983852,-1.5992549164506653,0.01570106651206453,3,0.0
17,-3.651527947694889,-0.5823666339595119,0.0168294091757605,6,0.011356697589118397
17,-3.6412729985279455,0.44723060154667826,0.017172048038926878,8,0.0
18,-3.6547138580714855,-0.5753979469033735,0.01666106877712973,7,0.0
18,-3.56978518328555,-1.60238769648551,0.017346998534767063,4,0.0
18,-3.632798669237931,1.4173622503146004,0.015608123417956303,8,0.0
18,-3.6382275177235868,0.44685649258033316,0.014432776833079572,9,0.0
19,-3.5642637823219836,-1.5916100901438175,0.016913095315456955,4,0.0
19,-3.6376371711802373,0.4467844049136236,0.0147866294513548,8,0.0
20,-3.6698146848081254,0.42907204843961494,0.017355412166929356,8,0.0
21,-3.6345373358926905,0.4478018387562942,0.016389890318154673,9,0.0016541233896182183
22,-3.6578222739499364,0.4372343242154235,0.015323594350313205,9,0.02802669050206794
23,-3.652738461401155,-0.5866942504750713,0.01599187735618651,7,0.011345661179446156
23,-3.6192164353166936,1.4261027557760326,0.01666809130696216,8,0.01787065451167963
24,-3.6513783357246306,-0.5817080051558305,0.016559346929892978,7,0.010624957494048196
24,-3.5638713657563446,-1.5914348278431982,0.016494411705111307,4,0.0
24,-3.658743529778459,0.43496903585862046,0.015148161271413765,8,0.022114099408411143
25,-3.6537269550315474,-0.5752424089887154,0.016659878821255653,6,0.0
25,-3.5662258553413975,-1.592483818146573,0.01608376899880889,4,0.0
25,-3.6421557568017118,0.44018194345319284,0.014617712620823581,8,0.016219422368179522
26,-3.6346522459870254,0.4464180724556431,0.014777542079392924,8,0.0
27,-3.6366967956379948,0.44308872887359985,0.015014923432105901,8,0.0
28,-3.651425161684376,-0.5781595588830503,0.016734081610850163,7,0.008827460119306399
28,-3.564553136446486,-1.5917383983317615,0.015276703261286035,4,0.0
29,-3.56740291588382,-1.593009309906939,0.017339476991412587,4,0.0
29,-3.6625695727984073,0.42822553772213834,0.015735938251549432,9,0.016015509980849663
30,-3.6505408201132252,-0.5822095598596886,0.016827577180634795,7,0.011352634596151476
30,-3.5646175136946594,-1.5834846765758617,0.016902317962853915,7,0.008990138339674244
31,-3.6442433182838063,0.45477330248052233,0.015266808105813936,8,0.0
32,-3.650566107467718,-0.5822869164128572,0.01610211418067118,7,0.011675956109822892
33,-3.6520699844214874,-0.5797839364270589,0.016405120391836614,8,0.011841852029919518
35,-3.6527679425902915,-0.5789479756395998,0.01672735113080887,7,0.009279056698735265
35,-3.604130480583646,1.4282697052683855,0.016615336477730575,8,0.0
35,-3.631445686158071,0.4460243621783738,0.014572501450144116,8,0.0
36,-3.643066582625197,0.440272324207037,0.015007768330765633,8,0.017927946951005733
37,-3.656687446077758,-0.5757079554322097,0.01666347667720142,7,0.0
38,-3.652610512809531,-0.5750674725012606,0.015811352141330927,6,0.0
38,-3.6055388767094247,1.4186141740860367,0.015521810638170937,8,0.0
38,-3.6549504996809894,0.4345156531790442,0.015323715133197519,8,0.021654534277051767
39,-3.569643852624094,-1.585717266042332,0.017333122200562136,7,0.009038444461434944
39,-3.6361385345957533,0.44660019980158583,0.015216550881436816,8,0.0
40,-3.6571180785423962,-0.5757757782320264,0.01623813935395968,7,0.0
40,-3.6335999612425907,0.4462891154412423,0.014723347672607748,8,0.0
41,-3.6545104407472238,0.43684376896238236,0.015310556109241731,9,0.02630866734247552
42,-3.6531870841440366,-0.5873396652279936,0.017146551993762135,4,0.0
42,-3.5618105743865396,-1.5905116482552584,0.015271910415669563,4,0.0
42,-3.6376371711802373,0.4467844049136236,0.0147866294513548,8,0.0
43,-3.660634823832931,-0.5763298921291767,0.016668334025354406,7,0.0
43,-3.569643852624094,-1.585717266042332,0.017333122200562136,7,0.009038444461434944
44,-3.5621314687627583,-1.5927297758945798,0.01610640029636039,4,0.003419747210361288
44,-3.658412022127234,0.4349285638125389,0.015274964599167317,8,0.02216120001031916
45,-3.654024845436334,-0.5942938404335638,0.01641748977401862,4,0.0034117717104971603
45,-3.643351724246593,0.45466203519024184,0.014477347309867994,8,0.0
46,-3.6492994297374652,-0.5816942440078625,0.01608516118366199,7,0.011431128206801524
46,-3.568730047621445,-1.585310127839904,0.017331642272094758,6,0.009034148523977844
46,-3.631445686158071,0.4460243621783738,0.014572501450144116,8,0.0
47,-3.563746866962169,-1.591376004310657,0.01733466769150722,4,0.0
47,-3.6336138285592345,0.4534468526035503,0.01551272179511671,8,0.0
48,-3.6492552511478062,-0.5925292797419158,0.01504752184080457,8,0.0
48,-3.565988343272104,-1.5840932906645375,0.017328520130778558,7,0.009030208028507663
50,-3.601366227203799,1.427173655613068,0.016589835567631463,8,0.0
50,-3.6386322218499036,0.4469062067148126,0.014789345877083474,8,0.0
52,-3.6568007107766345,-0.5757268117008323,0.017529193962515188,7,0.0
52,-3.657297716739146,0.42760928218005867,0.015201877920113339,9,0.015078990418019252
53,-3.6597613889263005,-0.5761923616467964,0.017532590734896148,7,0.0
53,-3.631445686158071,0.4460243621783738,0.014572501450144116,8,0.0
54,-3.6482448040470636,-0.5846015345208591,0.016467858981705642,7,0.012405961396575533
55,-3.5639596102864326,-1.593547469337126,0.016109928180348485,4,0.0034235055500167607
55,-3.6386322218499036,0.4469062067148126,0.014789345877083474,9,0.0
56,-3.653170511549654,-0.5751536725371044,0.016233506596873965,7,0.0
56,-3.561082518553746,-1.5901942113186651,0.014874041671147385,4,0.008797210914666759
57,-3.5659881619394924,-1.584094279660523,0.01648613408094008,7,0.008958686525837303
57,-3.630607213053966,0.4459212119766564,0.014707571952132483,8,0.0
58,-3.562569362911514,-1.5908503695129232,0.016078468876406547,4,0.0
58,-3.6390919000967115,0.4380333410706261,0.01490185998441303,8,0.019136731575863507
59,-3.5646175136946594,-1.5834846765758617,0.016902317962853915,7,0.008990138339674244
59,-3.645564210592982,0.4262375866596237,0.014480582863770079,8,0.0
60,-3.6496514923587746,-0.5814316323455403,0.016527860298904455,7,0.011425643205598397
60,-3.56310079440101,-1.5910906728805467,0.015674008222819284,4,0.0
60,-3.638471248600356,0.4468873147686558,0.01642471818622744,8,0.0
61,-3.6494920781966895,-0.5814986328461275,0.016059928863738335,7,0.011924071226896184
61,-3.641962310666772,0.44014632176420254,0.014456954557199014,8,0.015777775214329354
62,-3.641212344072353,0.447222972079037,0.014442116604043539,8,0.0
63,-3.635647294663986,0.44653987393017525,0.014780256649381497,8,0.0
64,-3.6331457437092576,0.4462327724059938,0.015200163802597151,8,0.0
65,-3.6362975421615458,0.45378183159871827,0.015253486132763658,8,0.0
66,-3.6580805915552332,0.434888156876916,0.01542065878784904,8,0.022209345405691985
67,-3.649149847238448,-0.5872722510142496,0.015151570733628014,7,0.012176599856883604
67,-3.6345529599895343,0.4535643689027249,0.014585115962110172,8,0.0
68,-3.649175360025915,-0.579079723030993,0.0160907665397659,6,0.011044882213177957
68,-3.6319198114654427,0.4460826189028728,0.01499195740414461,8,0.0
69,-3.6505719963349095,-0.5892703321743918,0.015251378101788152,4,0.0
69,-3.6354261038386446,0.4465127109729704,0.014585028672356202,9,0.0
71,-3.6357997054186315,0.44655902434360284,0.015802081401594455,8,0.0
72,-3.6490580625982227,-0.5929695923732148,0.015545732317627781,4,0.0018490603645258527
72,-3.6409377187973337,0.43285089444031644,0.014996520549792263,9,0.017905273870477065
73,-3.6474876048199665,-0.584441404501428,0.015644249118534327,7,0.011934342607103559
73,-3.6372921094952004,0.4539061862268039,0.015256116624587871,8,0.0
74,-3.6349041713596266,0.44644901852298785,0.01500084208110313,8,0.0
75,-3.6471305593233563,-0.5863555565096049,0.01559586598333369,7,0.011584637924297389
75,-3.632255909217369,0.44612346780599815,0.014412695800679706,8,0.0
76,-3.6052838593232646,1.4138426791517675,0.017590294913530567,8,0.0
77,-3.568730047621445,-1.585310127839904,0.017331642272094758,7,0.009034148523977844
77,-3.6077643699337707,1.4207060307359431,0.014870782821168748,8,0.0
77,-3.6346522459870254,0.4464180724556431,0.014777542079392924,8,0.0
79,-3.634308344759249,0.45353324379717347,0.015247421678072252,8,0.0
80,-3.6487643529735827,-0.5784099540595108,0.01597450620965608,7,0.009536775294707337
81,-3.555246089239083,-1.5958605842861338,0.014491741224909599,3,0.0
81,-3.6356028086734136,0.45369541320898465,0.015518578668362619,8,0.0
82,-3.6312700566053793,0.44600278222409945,0.014418042771555643,8,0.0
83,-3.637788471636656,0.44680344281366396,0.01580683126975933,7,0.0
84,-3.5654502015775638,-1.5942144933407278,0.01576787463880281,4,0.0034482466320937526
84,-3.6384645972980634,0.44688607542005765,0.015523509289774412,9,0.0
85,-3.6590767766414616,0.4350070265514759,0.01542576837023177,8,0.022219568323925742
86,-3.6488549250519555,-0.5918480151435129,0.016559825134484115,4,0.0
86,-3.6312700566053793,0.44600278222409945,0.014418042771555643,8,0.0
87,-3.65085140113776,-0.5729752491637847,0.01644345831341675,7,0.003101318628532159
87,-3.557073085122217,-1.5966811940635952,0.014494795857392917,3,0.0
88,-3.634144337165827,0.44635600465910885,0.01520660212893852,8,0.0
89,-3.6495812257645692,-0.5891083988683321,0.01524768970182503,4,0.0
89,-3.632255909217369,0.44612346780599815,0.014412695800679706,8,0.0
90,-3.6426946872291626,0.4545794424101383,0.014771887686615366,8,0.0
91,-3.658774694739623,-0.5760366930574568,0.017531252423310942,7,0.0
91,-3.5621871058333325,-1.5906797309303708,0.01567182793225083,4,0.0
91,-3.633744925177929,1.4177309064756225,0.015623095081394688,7,0.0
92,-3.6489218764402738,-0.5872460396274666,0.015677873893168173,7,0.011814683897902054
92,-3.639527049688526,0.4541851682718544,0.01460124895848427,8,0.0
93,-3.652610512809531,-0.5750674725012606,0.015811352141330927,6,0.0
93,-3.5590678982320303,-1.5892905273870293,0.015269116176841409,4,0.0
93,-3.6334363936165133,0.4462690173617755,0.01457904681106619,8,0.0
95,-3.5691870221650586,-1.5855146642404017,0.01690932597320938,7,0.009003832893748911
95,-3.654432202766414,0.43445561437422836,0.015258153220376769,8,0.022130883864480408
96,-3.646308475740759,-0.5805218102063221,0.01528883014410829,8,0.012702028227044021
96,-3.6327515025071446,0.4471579916167542,0.015434888440371304,9,0.0
97,-3.569355398041506,-1.5938839840441308,0.016501765398145112,4,0.0
98,-3.6523046057234816,-0.5750172835486809,0.017089339465705865,7,0.0
98,-3.6378887024908355,0.44681531198215263,0.015009564233536908,7,0.0
99,-3.6467335411871327,-0.592492199030543,0.014552950276292397,6,0.0
99,-3.6396258087109263,0.4470279516702428,0.014791652229339945,9,0.0
100,-3.633264154596946,0.446247853800377,0.01442757064034151,8,0.0
101,-3.6535966061370972,-0.5752207867751863,0.015813203207308234,7,0.0
101,-3.638641054401811,0.42542837921558196,0.0144481980447579,8,0.0
102,-3.648251086627047,-0.5792861458335439,0.016484675211830845,7,0.013387637738098507
102,-3.6332516142363596,0.4462463129259641,0.014416561400323437,8,0.0
103,-3.5627245577213245,-1.5909226368908642,0.01527437220563477,4,0.0
103,-3.655092986947768,0.435726944765209,0.015431200879578668,9,0.024208892547329254
104,-3.6328370065447775,0.44977342715394397,0.014998560509936608,9,0.0
105,-3.6491575251109376,-0.581305018650969,0.016851255908315523,7,0.011213399787851451
105,-3.6396297218660654,0.4255433451289167,0.014453486097216698,8,0.0
106,-3.6537269550315474,-0.5752424089887154,0.016659878821255653,6,0.0
106,-3.568833958188111,-1.5936499267087993,0.016918540702928947,4,0.0
106,-3.6386322218499036,0.4469062067148126,0.014789345877083474,9,0.0
107,-3.6481231832225687,-0.5928386770457517,0.01498238933625516,4,0.0
107,-3.571014843859161,-1.5863272650938745,0.01691170049562246,7,0.009007894016020224
107,-3.6408723246556813,0.4471816212666963,0.015017794310303204,8,0.0
108,-3.567920044271233,-1.5932429942349107,0.01691785097862371,4,0.0
108,-3.661177021163443,0.43525727956978105,0.01556060627787264,8,0.023281947926078125
109,-3.650729211775197,-0.5852364833867088,0.016339486841521974,7,0.012320698860496259
109,-3.6346522459870254,0.4464180724556431,0.014777542079392924,8,0.0
110,-3.634430901845125,0.44639088293250434,0.014582172590426387,8,0.0
111,-3.6481701616643294,-0.5811473584335727,0.0168486860003337,7,0.011207386362937005
111,-3.5664451995467097,-1.5842955599803665,0.016905574062999126,7,0.008996450503060345
112,-3.6362373470739313,0.4466129035064193,0.014426696521532325,7,0.0
113,-3.6521841925149103,-0.5750003637550358,0.01623187613809529,7,0.0
113,-3.6386322218499036,0.4469062067148126,0.014789345877083474,7,0.0
114,-3.634144337165827,0.44635600465910885,0.01520660212893852,8,0.0
115,-3.567006299714406,-1.5928322429494093,0.016915800127681936,4,0.0
115,-3.640970289392815,0.44002627234758546,0.014453673953744858,8,0.015776158487491355
116,-3.562569362911514,-1.5908503695129232,0.016078468876406547,4,0.0
117,-3.615495558890859,1.4246362221274578,0.01664355729792411,8,0.017848304461533897
117,-3.6316048375466865,0.4460439174276871,0.014712905851226827,8,0.0
118,-3.6410244509487635,0.4328650454704305,0.014627851027136679,9,0.016594885193188972
119,-3.6476051882680642,-0.5832848294267663,0.01602234772248492,7,0.01084785939433315
119,-3.5636383843631236,-1.5913292530733532,0.015274782265978698,4,0.0
119,-3.634430901845125,0.44639088293250434,0.014582172590426387,8,0.0
120,-3.646599834070309,-0.5886272880837823,0.015227442472559085,4,0.0
120,-3.6316674830659053,0.44605161480787914,0.014768283540106874,8,0.0
121,-3.658774694739623,-0.5760366930574568,0.017531252423310942,7,0.0
121,-3.571928564661098,-1.5867319253221583,0.016912810221591433,7,0.009008830458970229
121,-3.6360101792890673,0.4394266809236165,0.01443381878729975,8,0.015766686802989704
122,-3.566613957187673,-1.5926570839345293,0.01649723450645385,4,0.0
122,-3.635345572537366,0.4393492938468292,0.01458075336420439,8,0.015326401704980303
123,-3.6373292218283604,0.43958907280021087,0.014588901079641503,8,0.01533025724147363
124,-3.567920044271233,-1.5932429942349107,0.01691785097862371,4,0.0
124,-3.6022869724516697,1.4275387419677767,0.016599418678207536,8,0.0
124,-3.6342462634106663,0.4463682022736328,0.014419814877786354,8,0.0
125,-3.6312605354590026,0.4460016123418232,0.0144096841122118,8,0.0
126,-3.6483472513812756,-0.5929422902629263,0.015221694989490582,4,0.0
126,-3.5755229321598723,-1.5966374559544563,0.015293404206197438,3,0.0
126,-3.6382996709768665,0.42538846880598297,0.014748105178381345,8,0.0
127,-3.5651777684539483,-1.592016577899796,0.016913575553868382,4,0.0
127,-3.636642631227072,0.44666268839381384,0.01478379528540102,8,0.0
128,-3.650973839457477,-0.593214357870411,0.015569307076869245,4,0.0031108416381634488
128,-3.5651777684539483,-1.592016577899796,0.016913575553868382,4,0.0
128,-3.6022754939324635,1.41945557713023,0.016579660723901844,7,0.0
128,-3.6405648313466545,0.4399757962874158,0.014532842223512785,8,0.01618308207456447
129,-3.6500696745037695,-0.5843659674327697,0.016190279206898545,7,0.011952287408695673
129,-3.639405986998736,0.4470009562954955,0.014597651427173139,8,0.0
130,-3.6541576923041537,-0.575310235436594,0.016234429531007077,7,0.0
130,-3.6419303038901827,0.4365616853826384,0.01620325006294534,7,0.008235560105769113
131,-3.5643977053201747,-1.5916682848641013,0.01608192211545377,4,0.0
131,-3.6390042747744005,0.45412019165458384,0.015015493277609208,8,0.0
132,-3.651519226854946,-0.5787987342882344,0.016102029173883082,7,0.009535362504515817
132,-3.634677326609887,1.4180959184675024,0.015624708048871564,8,0.0
132,-3.640338279253978,0.4542859907388336,0.014442879730294466,8,0.0
133,-3.6477668053946313,-0.5853499521987593,0.01617157474858008,7,0.012716920795760086
133,-3.560358486279661,-1.5898657721110494,0.015669961286813805,4,0.0
133,-3.635647294663986,0.44653987393017525,0.014780256649381497,8,0.0
134,-3.601366227203799,1.427173655613068,0.016589835567631463,8,0.0
134,-3.635768479159057,0.45371581164240105,0.014783351182569392,8,0.0
135,-3.6434297198540255,-0.5700000977074335,0.015066100386647553,7,0.0
135,-3.6316048375466865,0.4460439174276871,0.014712905851226827,8,0.0
136,-3.650792832377133,-0.5786328264799665,0.01672412989123556,7,0.009273205726010347
136,-3.543777389242314,-1.5783402093813081,0.016458121677690722,9,0.0
136,-3.6032056910074566,1.4279043653925785,0.01660979072106571,8,0.0
136,-3.638260094059596,0.4540276024084895,0.015235244209257535,8,0.0
137,-3.6481198061059645,-0.5865160297693621,0.015599207684873112,7,0.011589721473254256
137,-3.6354261038386446,0.4465127109729704,0.014585028672356202,8,0.0
138,-3.6568007107766345,-0.5757268117008323,0.017529193962515188,7,0.0
138,-3.5651777684539483,-1.592016577899796,0.016913575553868382,4,0.0
138,-3.634430901845125,0.44639088293250434,0.014582172590426387,8,0.0
139,-3.561655679975216,-1.5904453423287404,0.016078521691186287,4,0.0
140,-3.6505719963349095,-0.5892703321743918,0.015251378101788152,4,0.0
140,-3.5627245577213245,-1.5909226368908642,0.01527437220563477,4,0.0
141,-3.635593207757359,0.4465332318810923,0.014732445925105676,8,0.0
142,-3.6478348442600685,-0.5839069297308805,0.016177029444745604,7,0.01302411468872917
142,-3.5603758584118763,-1.594015662038934,0.016721170168793563,4,0.0
142,-3.6365428427356927,0.4538126544562672,0.014591586802689077,8,0.0
143,-3.562332637975339,-1.5824709523974423,0.01732356921965518,7,0.009021570205238829
144,-3.5629576227106234,-1.5910236876945665,0.016492108791887873,4,0.0
145,-3.6495812257645692,-0.5891083988683321,0.01524768970182503,4,0.0
145,-3.5673594826547363,-1.5847028894537436,0.01690669298958311,7,0.008998660462424765
145,-3.635768479159057,0.45371581164240105,0.014783351182569392,8,0.0
146,-3.649112183191861,-0.5929967920667346,0.014984013018570323,4,0.0
146,-3.563350112727463,-1.5911988942346729,0.016910837676520497,4,0.0
146,-3.6316674830659053,0.44605161480787914,0.014768283540106874,8,0.0
147,-3.5638713657563446,-1.5914348278431982,0.016494411705111307,4,0.0
147,-3.6339099030469724,0.44632719898610373,0.014997939833973307,8,0.0
149,-3.6475410407591378,-0.5864093430935041,0.015913109932366776,7,0.011452360958354973
149,-3.5627245577213245,-1.5909226368908642,0.01527437220563477,4,0.0
150,-3.6475783748782877,-0.5856265856576397,0.015260688154500802,7,0.01077342603536393
150,-3.5660923134525033,-1.592425754381487,0.016915319322031424,4,0.0
150,-3.6558446598271734,0.4274395554140298,0.014791760375775464,9,0.014584604768124553
151,-3.656252125263718,-0.575639394237264,0.01709398771299007,8,0.0
151,-3.6385808892382867,0.43973598451742535,0.014524663495386433,8,0.016181639748738673
152,-3.6437331101825716,0.43859007850031084,0.014778803981004878,8,0.018584361001736632
153,-3.6528251334165667,-0.5732864042631631,0.01644636729069447,7,0.003103306741570229
153,-3.565988343272104,-1.5840932906645375,0.017328520130778558,7,0.009030208028507663
153,-3.637310662484035,0.4252721179969572,0.014743899380048518,8,0.0
154,-3.651569647366024,-0.5894303816230685,0.015261994392894407,4,0.0
154,-3.565988343272104,-1.5840932906645375,0.017328520130778558,7,0.009030208028507663
154,-3.6362675957867325,0.449559735074178,0.01717150226740108,9,0.0
155,-3.5651777684539483,-1.592016577899796,0.016913575553868382,4,0.0
155,-3.6488097508095407,0.4361596163470988,0.01477730977642043,9,0.02657606328244082
156,-3.6480915923260975,-0.5908721227244673,0.014720231020548074,4,0.0
156,-3.562043231708487,-1.5906184198576048,0.01649144523346569,4,0.0
157,-3.648938482116236,-0.583024699392988,0.016214117430520876,6,0.010386062439214486
157,-3.6291579659055158,1.4259838507699174,0.015258221651459031,8,0.0
158,-3.6521841925149103,-0.5750003637550358,0.01623187613809529,7,0.0
158,-3.5599819078409674,-1.5896976010157928,0.015269953661500999,4,0.0
158,-3.6302649683336496,0.44587917507881586,0.014406171551630332,8,0.0
159,-3.6484332856102824,-0.5813495410888897,0.015818155415111217,6,0.010928237950517363
159,-3.560047994183696,-1.5814546439857176,0.016065521750493982,7,0.008907561286685284
159,-3.6362373470739313,0.4466129035064193,0.014426696521532325,8,0.0
160,-3.5654880063377616,-1.600457572074844,0.015681575288706638,4,0.0
160,-3.6530386554305623,0.43665391154641703,0.015615403006418676,9,0.030152967183486565
161,-3.571973082077624,-1.5950520934745127,0.017346456503029285,4,0.0
161,-3.6368942669956934,0.4466935991963848,0.01500682831067752,8,0.0
162,-3.64980570321795,-0.5784758662624054,0.016721954802609785,6,0.009268438768451421
162,-3.6388828685403847,0.4469369963274018,0.015011487608559776,8,0.0
163,-3.6422080564836223,0.4473458178099183,0.014445988694288096,8,0.0
164,-3.6452435393486797,0.44056084352874564,0.015029002652244106,8,0.017960836073510785
165,-3.5621871058333325,-1.5906797309303708,0.01567182793225083,4,0.0
166,-3.6511970114896313,-0.574843800698426,0.01623095352846602,7,0.0
166,-3.5751540049135895,-1.596472693366601,0.014902254985301193,3,0.0
166,-3.6416081484248375,0.42577528390639025,0.014461995336834909,8,0.0
168,-3.6382871482129993,0.4540309805704892,0.015259385194849472,8,0.0
169,-3.6485866530251774,-0.5889488464523595,0.015240104889305307,4,0.0
169,-3.658211545301589,0.437285953669378,0.014916771585851167,9,0.02616886003965607
170,-3.657239812742418,-0.5757959393007379,0.017094443212327427,7,0.0
171,-3.6547138580714855,-0.5753979469033735,0.01666106877712973,7,0.0
171,-3.5669021675377692,-1.5845002144180924,0.015668349317358297,7,0.008880280790401566
171,-3.661712282907299,0.42812542581907115,0.015610300093542105,9,0.015979418080183293
172,-3.648475739743258,-0.5914990353294377,0.015536441932597678,4,0.002459001692245162
172,-3.637274702231629,0.4467402103445694,0.017143666666921225,8,0.0
173,-3.6465527512822886,-0.5862509720245365,0.015911030544151578,7,0.011449982361409386
173,-3.561273232211438,-1.5902745441922421,0.01567163969258437,4,0.0
173,-3.6312700566053793,0.44600278222409945,0.014418042771555643,8,0.0
174,-3.6384114759381445,0.4468790901344709,0.014594523005289824,7,0.0
175,-3.5608961938298007,-1.5901061618425654,0.015271146341692656,4,0.0
175,-3.632440886001968,0.4461461897993923,0.014575355534189986,8,0.0
176,-3.6577874797375043,-0.5758801934968276,0.01753034077682102,7,0.0
177,-3.6461425515167996,-0.5861973370809435,0.015593986876858323,7,0.01158246903016799
177,-3.5655312952210303,-1.5838920143789252,0.016903945051851048,7,0.008994738927544857
177,-3.621227046016661,1.4157943035759817,0.01611314741306188,8,0.02086801720582057
177,-3.6368942669956934,0.4466935991963848,0.01500682831067752,8,0.0
178,-3.656252125263718,-0.575639394237264,0.01709398771299007,8,0.0
179,-3.652610512809531,-0.5750674725012606,0.015811352141330927,7,0.0
180,-3.6471327455758655,-0.5926767665625275,0.014978661457321607,7,0.0
180,-3.660678926003046,0.42800457770124334,0.014933371353979923,9,0.014875140248578483
181,-3.5637037909624034,-1.5830805275881241,0.01690159228107805,7,0.008990120644485334
181,-3.6376371711802373,0.4467844049136236,0.0147866294513548,8,0.0
182,-3.6349041713596266,0.44644901852298785,0.01500084208110313,8,0.0
183,-3.650414226237257,-0.5965125882392678,0.01525738285782574,7,0.0
183,-3.5630455255001072,-1.5931382279498978,0.01610828062870183,4,0.003422622810733785
183,-3.6519431295981044,0.4365193715320655,0.015532244704818413,9,0.029605003528622262
184,-3.5621314687627583,-1.5927297758945798,0.01610640029636039,4,0.003419747210361288
184,-3.6354261038386446,0.4465127109729704,0.014585028672356202,8,0.0
185,-3.652739566239986,-0.575085794260901,0.016659169081511528,7,0.0
185,-3.637310662484035,0.4252721179969572,0.014743899380048518,8,0.0
186,-3.5612166593793426,-1.5923191438543531,0.016103351505635653,4,0.0034205307610711225
186,-3.637274702231629,0.4467402103445694,0.017143666666921225,8,0.0
187,-3.5692309973015854,-1.5938272205416961,0.01734267805942478,4,0.0
187,-3.6312700566053793,0.44600278222409945,0.014418042771555643,8,0.0
188,-3.5576324720061825,-1.5927886660124018,0.01671360491652182,4,0.0
190,-3.650648411524573,-0.5729445372518363,0.015695239234111903,7,0.003211183505204304
190,-3.6535586444490114,0.4367348762077729,0.015477467768063809,9,0.025998620243303284
191,-3.648536174549676,-0.5871790537813288,0.015402670468354644,7,0.011982373919903264
191,-3.633202010228078,0.44807879907815035,0.01636585797113373,9,0.0
192,-3.650181741655414,-0.5851092996476442,0.01666036237767562,7,0.01216069015940581
192,-3.6209316306823527,0.4472212172694098,0.01537093566978999,9,0.012835846008539736
193,-3.647384066977416,-0.5903045075185831,0.014760202513160457,4,0.0009313380027958281
193,-3.632662529720079,0.44617341584893433,0.014770996189075396,8,0.0
194,-3.6644992401644876,0.428451350071401,0.01612927536341056,8,0.0
195,-3.6478402406352113,-0.5851361627998326,0.015345965626716775,7,0.010467361741822648
195,-3.657459218909434,0.4348139006315279,0.015322178907718058,8,0.021505827260851134
196,-3.6490623663779083,-0.5869734978946677,0.015050273487837728,4,0.0
196,-3.6412714946303364,0.44008088564325265,0.015007456642097641,8,0.01792359195445591
197,-3.6521841925149103,-0.5750003637550358,0.01623187613809529,7,0.0
197,-3.5608961938298007,-1.5901061618425654,0.015271146341692656,4,0.0
197,-3.6379942472729603,0.43966651096167775,0.01444159153905918,8,0.015770534984023907
198,-3.6501844734239026,-0.5819639508021166,0.01619938071652118,6,0.011125235447570127
198,-3.5671704846509997,-1.6012137847955052,0.016502570994929744,4,0.0
200,-3.651569647366024,-0.5894303816230685,0.015261994392894407,4,0.0
200,-3.5664451995467097,-1.5842955599803665,0.016905574062999126,7,0.008996450503060345
200,-3.6323814796118845,0.4490738020853078,0.017230051941640335,9,0.0
202,-3.6364216138777516,0.44663553874151646,0.014588722087880155,8,0.0
203,-3.6532334376668585,-0.5822237493896185,0.01683206383302577,6,0.011182001220834481
203,-3.6332516142363596,0.4462463129259641,0.014416561400323437,8,0.0
204,-3.648625149557581,-0.5840407864758401,0.016111538538751476,7,0.013431157981624496
204,-3.5618105743865396,-1.5905116482552584,0.015271910415669563,4,0.0
204,-3.6312605354590026,0.4460016123418232,0.0144096841122118,8,0.0
205,-3.6490623663779083,-0.5869734978946677,0.015050273487837728,4,0.0
205,-3.5662258553413975,-1.592483818146573,0.01608376899880889,4,0.0
205,-3.635363208026881,0.4536652392486615,0.014426185332539317,8,0.0
206,-3.563483690300607,-1.5912616830318382,0.016081361258476756,4,0.0
206,-3.6022869724516697,1.4275387419677767,0.016599418678207536,8,0.0
206,-3.6560912959975655,0.4346520668065426,0.015412912551444197,8,0.022195322408454086
207,-3.656252125263718,-0.575639394237264,0.01709398771299007,7,0.0
207,-3.6611016669381478,0.4280539186868957,0.015272542676186548,9,0.015802955718138438
208,-3.6506363462206215,-0.5747554146064285,0.015809298955285735,6,0.0
208,-3.564015336535364,-1.5914975597278784,0.015675154081754978,4,0.0
208,-3.636322306662581,0.4251572012308705,0.014738328328011073,8,0.0
209,-3.5651777684539483,-1.592016577899796,0.016913575553868382,4,0.0
209,-3.6312605354590026,0.4460016123418232,0.0144096841122118,8,0.0
210,-3.6523046057234816,-0.5750172835486809,0.017089339465705865,7,0.0
210,-3.6343454398715194,0.42492638597506976,0.014727883741542918,8,0.0
211,-3.6496499307230663,-0.5746010505667977,0.015807765424789663,7,0.0
211,-3.570557816395886,-1.5861234845437817,0.017334219408377184,6,0.009039013743262549
211,-3.655365830808584,0.4369425050034808,0.015073719210751681,9,0.026974718718587375
212,-3.568833958188111,-1.5936499267087993,0.016918540702928947,4,0.0
212,-3.6424799363357154,0.44021865954831607,0.014469671323351451,8,0.01532283953932006
213,-3.573299666173825,-1.5873418764745937,0.017337584481441595,6,0.00904567311770773
213,-3.6316048375466865,0.4460439174276871,0.014712905851226827,8,0.0
214,-3.6485866530251774,-0.5889488464523595,0.015240104889305307,4,0.0
214,-3.5557427384053564,-1.587804287081505,0.01676999020856649,4,0.021732188086022394
214,-3.6525149275158024,0.4366078585573116,0.015476506707656231,9,0.02632094064402539
215,-3.647117925419328,-0.5908970572949453,0.015472077796629432,4,0.0035649692980166668
215,-3.5714717059622334,-1.586529543857024,0.01649413300366817,7,0.008971708623211163
216,-3.6537269550315474,-0.5752424089887154,0.016659878821255653,8,0.0
217,-3.6411874940574958,-0.5696497872430951,0.015301732816115526,7,0.0
217,-3.5598270238802794,-1.5896295843792114,0.016076136861310878,4,0.0
219,-3.657239812742418,-0.5757959393007379,0.017094443212327427,7,0.0
219,-3.639405986998736,0.4470009562954955,0.014597651427173139,8,0.0
220,-3.6354261038386446,0.4465127109729704,0.014585028672356202,8,0.0
221,-3.648601106997277,-0.5930596777453772,0.015493100366232936,4,0.0
221,-3.5621314687627583,-1.5927297758945798,0.01610640029636039,4,0.003419747210361288
222,-3.656252125263718,-0.575639394237264,0.01709398771299007,7,0.0
222,-3.5738005864193556,-1.5958692437971933,0.01734874155357776,4,0.0
222,-3.6382275177235868,0.44685649258033316,0.014432776833079572,7,0.0
223,-3.571973082077624,-1.5950520934745127,0.017346456503029285,4,0.0
223,-3.6385808892382867,0.43973598451742535,0.014524663495386433,8,0.016181639748738673
224,-3.561290550391293,-1.594425569857019,0.01672386351319282,4,0.0
224,-3.6312700566053793,0.44600278222409945,0.014418042771555643,8,0.0
225,-3.6558137644790176,-0.5755703542597053,0.01752801621628611,7,0.0
225,-3.6376371711802373,0.4467844049136236,0.0147866294513548,7,0.0
226,-3.655700045569972,-0.5755521945290566,0.016662831272666507,7,0.0
226,-3.5379869150504746,-1.5839927746004774,0.01643989083282242,8,0.0
226,-3.6429293131287865,0.4402783437000612,0.014864659933564388,8,0.017336326254863667
227,-3.648529446121054,-0.5865695760779522,0.015915722154826367,7,0.011457171357860068
227,-3.6392877809583664,0.42550335669754846,0.014753892985763815,8,0.0
228,-3.6384114759381445,0.4468790901344709,0.014594523005289824,8,0.0
229,-3.5608961938298007,-1.5901061618425654,0.015271146341692656,4,0.0
229,-3.63214791772078,0.4461106467745233,0.015194986791413425,8,0.0
230,-3.650601252705522,-0.5857628067807306,0.016787232461837713,6,0.01236382209125059
230,-3.568273168941639,-1.58510776181067,0.01690770174071815,7,0.008999448752936212
230,-3.6411697054251877,0.44004774305299466,0.014631915343671921,8,0.01661861287736937
231,-3.6483648057154174,-0.5844930842038197,0.01627123002780366,7,0.011564540145923985
231,-3.643351724246593,0.45466203519024184,0.014477347309867994,8,0.0
232,-3.634430901845125,0.44639088293250434,0.014582172590426387,8,0.0
233,-3.6495812257645692,-0.5891083988683321,0.01524768970182503,4,0.0
233,-3.5608961938298007,-1.5901061618425654,0.015271146341692656,4,0.0
233,-3.6368942669956934,0.4466935991963848,0.01500682831067752,8,0.0
234,-3.630272960978841,0.44588015679167187,0.014413188136088837,8,0.0
236,-3.6383491200263594,0.45403840792404954,0.014436809869941213,8,0.0
237,-3.6334363936165133,0.4462690173617755,0.01457904681106619,8,0.0
238,-3.6532202515088263,-0.5733484125295278,0.016069601697681114,7,0.0031574117630025775
239,-3.649589932775055,-0.5932176466035968,0.015494506531793845,4,0.0
239,-3.5714716998155387,-1.5865296650778298,0.017335530373338903,7,0.009042674852004275
239,-3.6399786342255984,0.4399068459152199,0.014449402603388062,8,0.01577366894151556
240,-3.6476867750859188,-0.5917146041380037,0.015202133825362424,4,0.002295357866934516
240,-3.5578869092002874,-1.588766059866253,0.016898278000150087,4,0.00899690586458983
240,-3.606462357099691,1.418979193417939,0.015529330149121435,8,0.0
240,-3.636253950556391,0.44661494306917154,0.014441272625246531,8,0.0
241,-3.656252125263718,-0.575639394237264,0.01709398771299007,7,0.0
241,-3.6363587726798547,0.4537896767944388,0.01442969698090166,8,0.0
242,-3.6577874797375043,-0.5758801934968276,0.01753034077682102,7,0.0
242,-3.562569362911514,-1.5908503695129232,0.016078468876406547,4,0.0
242,-3.643692577862542,0.45470457232780215,0.014777685053563375,8,0.0
243,-3.65085140113776,-0.5729752491637847,0.01644345831341675,6,0.003101318628532159
243,-3.632662529720079,0.44617341584893433,0.014770996189075396,8,0.0
244,-3.6541576923041537,-0.575310235436594,0.016234429531007077,7,0.0
244,-3.571014843859161,-1.5863272650938745,0.01691170049562246,7,0.009007894016020224
244,-3.6349041713596266,0.44644901852298785,0.01500084208110313,8,0.0
245,-3.6541576923041537,-0.575310235436594,0.016234429531007077,7,0.0
245,-3.5535304885173193,-1.5868163158502453,0.01634776949702215,4,0.021269674470346625
245,-3.6564222064107206,0.4346917938798265,0.015266703334653584,8,0.022146766538942292
246,-3.636763695070467,0.4538402236893151,0.014786558680941383,8,0.0
247,-3.568273168941639,-1.58510776181067,0.01690770174071815,7,0.008999448752936212
247,-3.636763695070467,0.4538402236893151,0.014786558680941383,8,0.0
248,-3.6507733601983694,-0.5927222054057117,0.014577693426148964,4,0.0
248,-3.570557816395886,-1.5861234845437817,0.017334219408377184,7,0.009039013743262549
248,-3.6412652702593604,0.4257352084940293,0.014763228409198324,8,0.0
249,-3.647716884154848,-0.5864627605905885,0.015298104220734033,7,0.01174085355644713
249,-3.568730047621445,-1.585310127839904,0.017331642272094758,7,0.009034148523977844
249,-3.6338299527385014,0.4498939113985244,0.014998909840601605,9,0.0
250,-3.5664451995467097,-1.5842955599803665,0.016905574062999126,7,0.008996450503060345
250,-3.638010009313159,0.4539963751585788,0.015012594725898049,8,0.0
251,-3.6576746295769156,-0.5758643922947,0.01666444255069595,7,0.0
251,-3.648398551527559,0.42656842322651073,0.014611115340534211,9,0.0
252,-3.6490316785368697,-0.5908888286781027,0.014643372857083906,4,0.00022287106724452066
252,-3.566902332192793,-1.584499190802236,0.01648789792492824,7,0.008962279047797197
252,-3.660992787928021,0.4280412829506508,0.01496714211470439,9,0.014641791472448804
253,-3.6551678865956716,-0.5926303188505566,0.016124454352358927,9,0.0
253,-3.6032056910074566,1.4279043653925785,0.01660979072106571,8,0.0
253,-3.6400322069867848,0.4327469473705421,0.014624580644628961,8,0.01659454215635474
254,-3.654852815742558,-0.5928139853125967,0.016635671996279723,7,0.0
254,-3.5579869879686057,-1.5970920136483695,0.01449664617012738,3,0.0
254,-3.641490179410454,0.4401039645126753,0.014765789019663595,8,0.016814902301114428
255,-3.6489218764402738,-0.5872460396274666,0.015677873893168173,7,0.011814683897902054
255,-3.565219293006616,-1.6003385396725838,0.01734180015861962,4,0.0
256,-3.63751655455221,0.43961902789844,0.014447272840471847,8,0.015283822641951396
257,-3.5643977053201747,-1.5916682848641013,0.01608192211545377,4,0.0
258,-3.604130480583646,1.4282697052683855,0.016615336477730575,8,0.0
258,-3.6342462634106663,0.4463682022736328,0.014419814877786354,8,0.0
259,-3.619363952154201,1.4150666616472711,0.016099006311492203,8,0.020853987750210315
260,-3.651043498462759,-0.5872944933127787,0.015057233259944035,4,0.0
261,-3.64753869874502,-0.5786223234202478,0.015745078578664338,8,0.011143238071545124
261,-3.5638713657563446,-1.5914348278431982,0.016494411705111307,4,0.0
262,-3.6055388767094247,1.4186141740860367,0.015521810638170937,8,0.0
262,-3.6450049211434106,0.44053732398364615,0.01584694576603454,8,0.020653200385542584
263,-3.652044040391226,-0.5788314955764339,0.016474387504450138,6,0.00949498597088615
263,-3.567527767834148,-1.5930678017111954,0.016499335914394245,4,0.0
263,-3.6316048375466865,0.4460439174276871,0.014712905851226827,8,0.0
264,-3.654583448448474,-0.5753772775264503,0.015814467442852195,7,0.0
264,-3.5701251766450524,-1.585928147470285,0.016903989568375077,4,0.0
264,-3.606462357099691,1.418979193417939,0.015529330149121435,8,0.0
264,-3.6437405950588753,0.4260244117602668,0.016103096381215605,9,0.0
265,-3.562332637975339,-1.5824709523974423,0.01732356921965518,7,0.009021570205238829
265,-3.6364216138777516,0.44663553874151646,0.014588722087880155,8,0.0
266,-3.5629576227106234,-1.5910236876945665,0.016492108791887873,4,0.0
266,-3.632255909217369,0.44612346780599815,0.014412695800679706,8,0.0
267,-3.6510574661229973,-0.5845238962191635,0.016191629686965386,7,0.011953930128317152
267,-3.5621314687627583,-1.5927297758945798,0.01610640029636039,4,0.003419747210361288
267,-3.6376515201659836,0.42531197538444504,0.014444459174201795,8,0.0
268,-3.6581914954968906,0.43490244147977797,0.015547473547892834,8,0.023257658554726304
269,-3.651569647366024,-0.5894303816230685,0.015261994392894407,4,0.0
269,-3.567140243190373,-1.5928947313608577,0.01608646538094486,4,0.0
269,-3.6391859217476523,0.43980775379785264,0.014624277008888145,8,0.01661697824070083
271,-3.569643852624094,-1.585717266042332,0.017333122200562136,7,0.009038444461434944
271,-3.633314184910331,0.4534094504875601,0.015244624764492894,8,0.0
273,-3.5629576227106234,-1.5910236876945665,0.016492108791887873,4,0.0
273,-3.6389564497103604,0.4397984086078927,0.014844583673612126,8,0.017300409342694445
274,-3.6445761320786314,0.44046230637084083,0.015913643121580674,9,0.015750758012807786
275,-3.6517803257114836,-0.5787900976388721,0.016725858145718513,6,0.009276312322170844
275,-3.571014843859161,-1.5863272650938745,0.01691170049562246,7,0.009007894016020224
275,-3.6564222064107206,0.4346917938798265,0.015266703334653584,8,0.022146766538942292
276,-3.6541576923041537,-0.575310235436594,0.016234429531007077,7,0.0
276,-3.660839842944587,0.4280230478372327,0.015494571728534945,9,0.015940482511856494
277,-3.651759847893815,-0.5820381333546146,0.016454977250730387,7,0.011301474310256772
277,-3.5663812213197783,-1.5925557485812436,0.01527963317705916,4,0.0
277,-3.621060284757428,1.4268241726397575,0.01651281107628285,8,0.020756683860962317
277,-3.6402178807400234,0.4471012281207276,0.01443990376255733,9,0.0
278,-3.6541576923041537,-0.575310235436594,0.016234429531007077,7,0.0
279,-3.5714716998155387,-1.5865296650778298,0.017335530373338903,6,0.009042674852004275
279,-3.637354473240061,0.4539145205511239,0.014433559600571801,8,0.0
280,-3.568730047621445,-1.585310127839904,0.017331642272094758,7,0.009034148523977844
280,-3.636763695070467,0.4538402236893151,0.014786558680941383,8,0.0
282,-3.567816309328803,-1.5849055026160097,0.01733057075359508,7,0.009033206050698007
282,-3.632255909217369,0.44612346780599815,0.014412695800679706,8,0.0
283,-3.6541008079322452,0.43441534190848063,0.015404295888657521,8,0.02217912129233756
284,-3.561273232211438,-1.5902745441922421,0.01567163969258437,4,0.0
284,-3.6050545499333957,1.4286360615782754,0.016622286257228874,8,0.0
284,-3.630672263965284,0.44592920198602687,0.01476507443981771,8,0.0
285,-3.649579932273244,-0.5827033906514109,0.016169633196459608,7,0.012660815580902634
285,-3.566613957187673,-1.5926570839345293,0.01649723450645385,4,0.0
285,-3.6259293638485053,1.436906711476358,0.016697029006549076,8,0.0
285,-3.6335999612425907,0.4462891154412423,0.014723347672607748,8,0.0
286,-3.635363208026881,0.4536652392486615,0.014426185332539317,8,0.0
287,-3.563483690300607,-1.5912616830318382,0.016081361258476756,4,0.0
288,-3.6507396207076206,-0.5787255977889987,0.015978175003133657,7,0.0095457765040758
288,-3.6022869724516697,1.4275387419677767,0.016599418678207536,8,0.0
288,-3.640970289392815,0.44002627234758546,0.014453673953744858,8,0.015776158487491355
289,-3.6495812257645692,-0.5891083988683321,0.01524768970182503,4,0.0
289,-3.58027752678581,-1.598760822178268,0.014528200119705091,3,0.0
289,-3.631913501932109,1.4189390946449643,0.015254382285448011,8,0.0
289,-3.634347921129357,0.4487324616887678,0.01682860282135877,9,0.0
290,-3.6478139006877264,-0.5830598814241038,0.01604101135579862,7,0.012921505454459538
290,-3.5630455255001072,-1.5931382279498978,0.01610828062870183,4,0.003422622810733785
290,-3.636642631227072,0.44666268839381384,0.01478379528540102,9,0.0
291,-3.634774101654673,0.4535919722674958,0.014780347028496763,8,0.0
292,-3.6505719963349095,-0.5892703321743918,0.015251378101788152,4,0.0
292,-3.639660754894513,0.4327015445119227,0.01473468007429032,9,0.017030690819668664
293,-3.562043231708487,-1.5906184198576048,0.01649144523346569,4,0.0
293,-3.6591855258205555,0.43502070581845603,0.015550771229662239,8,0.023262506033579263
294,-3.654688635766535,-0.5793535871796968,0.015986484701465145,7,0.009565802538042012
294,-3.6354261038386446,0.4465127109729704,0.014585028672356202,8,0.0
295,-3.653170511549654,-0.5751536725371044,0.016233506596873965,7,0.0
295,-3.5544674161944503,-1.5975837962729906,0.016096331053043384,4,0.003418906100370555
295,-3.63214791772078,0.4461106467745233,0.015194986791413425,8,0.0
296,-3.6547980580712145,-0.5735951623277041,0.01645024262653602,6,0.003105978915495527
296,-3.555065027987039,-1.5957803767557635,0.015267278579051215,4,0.0
296,-3.6382435254119,0.45402495249294056,0.016111436100443452,8,0.0
297,-3.6521841925149103,-0.5750003637550358,0.01623187613809529,6,0.0
297,-3.6404533551037606,0.44712957914290186,0.015528586124014086,8,0.0
298,-3.6516231892833635,-0.57491090587625,0.015810562294268245,6,0.0
298,-3.559444504769455,-1.5894587354829208,0.0156691650444328,4,0.0
298,-3.6249928085001057,1.4365364694544254,0.01669036174664195,8,0.0
298,-3.6381228136123487,0.44684451320217383,0.016108688715150556,8,0.0
300,-3.646321540514849,-0.583576350896495,0.015225099577214114,7,0.011738490234338721
300,-3.604068834382452,1.414213931506152,0.015499475004589107,8,0.0
300,-3.635673631612308,0.4250810391986193,0.014434923408946183,8,0.0
301,-3.633938844106962,0.42487819383186015,0.0159771963467745,8,0.0
302,-3.6509352450819854,-0.5927041889370231,0.014735269113245164,4,0.0
302,-3.6383491200263594,0.45403840792404954,0.014436809869941213,8,0.0
303,-3.651275188020983,-0.582010839592116,0.016088810782866385,7,0.01143848594386282
303,-3.653587167182936,0.43672133652628436,0.015533635247246255,9,0.02979297216051972
304,-3.656687446077758,-0.5757079554322097,0.01666347667720142,7,0.0
304,-3.5659881619394924,-1.584094279660523,0.01648613408094008,7,0.008958686525837303
304,-3.6379942472729603,0.43966651096167775,0.01444159153905918,8,0.015770534984023907
305,-3.5701446045671603,-1.5942364718774111,0.017344303177383447,4,0.0
305,-3.6342462634106663,0.4463682022736328,0.014419814877786354,8,0.0
306,-3.655570771158771,-0.5755328436272447,0.01581525826483005,7,0.0
306,-3.5651777684539483,-1.592016577899796,0.016913575553868382,4,0.0
306,-3.619200214393119,1.426090958231867,0.016502172499618415,8,0.02074464507446656
307,-3.655570771158771,-0.5755328436272447,0.01581525826483005,7,0.0
307,-3.563350112727463,-1.5911988942346729,0.016910837676520497,4,0.0
307,-3.6332516142363596,0.4462463129259641,0.014416561400323437,8,0.0
308,-3.5638713657563446,-1.5914348278431982,0.016494411705111307,4,0.0
308,-3.632255909217369,0.44612346780599815,0.014412695800679706,8,0.0
309,-3.5638713657563446,-1.5914348278431982,0.016494411705111307,4,0.0
310,-3.567816309328803,-1.5849055026160097,0.01733057075359508,7,0.009033206050698007
310,-3.637354473240061,0.4539145205511239,0.014433559600571801,8,0.0
311,-3.6508932461293844,-0.581687465222354,0.016185893655299793,7,0.01077232308736892
311,-3.6613668103072925,0.42808491771108015,0.015210304418075355,9,0.015492395205454016
312,-3.631149617922781,0.445987833948397,0.015189028861086465,8,0.0
313,-3.6525414093152544,-0.5826026262424665,0.016106342119466745,7,0.01168560982037001
313,-3.632027270111715,0.44847564143886814,0.016566309902681348,9,0.0
314,-3.654583448448474,-0.5753772775264503,0.015814467442852195,7,0.0
314,-3.560215328781235,-1.589803017449281,0.016489877414253663,4,0.0
314,-3.640448291142878,0.4184825433087315,0.014453051671715974,8,0.0
315,-3.65115084510497,-0.5793953653194868,0.01609478036420911,6,0.011055350882728276
315,-3.5654671914513214,-1.5921451171123358,0.015277356043327521,4,0.0
316,-3.648151592645998,-0.5857481572199292,0.014947495515414834,7,0.010958587205612375
316,-3.582836522970995,-1.5999027991084034,0.015304210240681055,3,0.0
317,-3.6500696745037695,-0.5843659674327697,0.016190279206898545,7,0.011952287408695673
317,-3.567816309328803,-1.5849055026160097,0.01733057075359508,7,0.009033206050698007
317,-3.636322306662581,0.4251572012308705,0.014738328328011073,8,0.0
318,-3.6500696745037695,-0.5843659674327697,0.016190279206898545,7,0.011952287408695673
318,-3.56740291588382,-1.593009309906939,0.017339476991412587,4,0.0
318,-3.637274702231629,0.4467402103445694,0.017143666666921225,8,0.0
319,-3.6505107705316404,-0.5838561571816072,0.016668241273856375,7,0.009776626722342521
319,-3.5621314687627583,-1.5927297758945798,0.01610640029636039,4,0.003419747210361288
319,-3.63875306877081,0.4540888333164178,0.014792801303240283,8,0.0
320,-3.5664451995467097,-1.5842955599803665,0.016905574062999126,7,0.008996450503060345
320,-3.635851738185714,1.4223168555409083,0.016241959849472177,8,0.0
320,-3.6470902099280758,0.45512855348110276,0.01604291138127851,8,0.0
321,-3.5642637823219836,-1.5916100901438175,0.016913095315456955,4,0.0
321,-3.6446885846197206,0.45482861658228807,0.014782130364070504,8,0.0
322,-3.656131190713425,-0.5756201076063862,0.01623698436399453,8,0.0
322,-3.6349262021905115,0.4536103440304401,0.015801551945724628,8,0.0
323,-3.6388141337840074,0.4397612484193517,0.014734216425217609,8,0.017052200242174263
324,-3.657195516034379,0.4347839154418605,0.015542124803859867,8,0.023247607205643405
325,-3.6568007107766345,-0.5757268117008323,0.017529193962515188,7,0.0
325,-3.5673594826547363,-1.5847028894537436,0.01690669298958311,7,0.008998660462424765
325,-3.6022869724516697,1.4275387419677767,0.016599418678207536,8,0.0
325,-3.637310662484035,0.4252721179969572,0.014743899380048518,8,0.0
326,-3.649517736131344,-0.586727947071455,0.01591780268710134,7,0.011459551734143952
326,-3.5611292621626545,-1.5902099825358054,0.01649059904906573,4,0.0
326,-3.652628698778159,0.4342438068229892,0.014591504098603617,8,0.020806313529657585
327,-3.6370151908679302,0.45387161817857136,0.015009517899424892,8,0.0
328,-3.6490443189618036,-0.5812050900988838,0.015944903921154115,7,0.010462491706387108
328,-3.560358486279661,-1.5898657721110494,0.015669961286813805,4,0.0
328,-3.6462380082139716,0.45502219454716325,0.015277556505398247,8,0.0
329,-3.6501632614202246,-0.5792380940309091,0.016092791064388073,6,0.011050365186491044
329,-3.6346522459870254,0.4464180724556431,0.014777542079392924,8,0.0
330,-3.5599819078409674,-1.5896976010157928,0.015269953661500999,4,0.0
330,-3.636176635374163,0.44660487870191523,0.015250539667049723,8,0.0
331,-3.6582260532349378,-0.5759492897423487,0.017096106890056858,7,0.0
332,-3.6511172272620183,-0.5876127044016143,0.01660876082450151,7,0.011425050677696585
332,-3.640276526271719,0.4256192826523337,0.014758560104224917,8,0.0
333,-3.657195516034379,0.4347839154418605,0.015542124803859867,8,0.023247607205643405
334,-3.6738174995015345,0.42954030694572565,0.017385915253707678,9,0.0
335,-3.647968892243461,-0.583583716909135,0.015980042258457387,7,0.011682083595769754
335,-3.572842530712894,-1.5871381401243725,0.01691391256043922,7,0.009011593639921763
335,-3.657195516034379,0.4347839154418605,0.015542124803859867,8,0.023247607205643405
336,-3.640618935740881,0.4256593145785835,0.01445774018808379,8,0.0
337,-3.6501716278732346,-0.5934865531734543,0.016117445005478785,4,0.0
337,-3.641212344072353,0.447222972079037,0.014442116604043539,8,0.0
338,-3.6478139006877264,-0.5830598814241038,0.01604101135579862,7,0.012921505454459538
338,-3.5642637823219836,-1.5916100901438175,0.016913095315456955,4,0.0
338,-3.635832459929913,0.4501431811583142,0.015017149692633245,9,0.0
339,-3.6411697054251877,0.44004774305299466,0.014631915343671921,8,0.01661861287736937
340,-3.6513766675818196,-0.5879382782050319,0.01665882648567932,7,0.011871673537185577
340,-3.5611292621626545,-1.5902099825358054,0.01649059904906573,4,0.0
340,-3.6388828685403847,0.4469369963274018,0.015011487608559776,8,0.0
341,-3.5679028976401552,-1.5849415285592432,0.017323920605085457,4,0.0
341,-3.6580805915552332,0.434888156876916,0.01542065878784904,8,0.022209345405691985
342,-3.650455308509859,-0.585525303901655,0.016636520089936838,7,0.009089929155628692
342,-3.561655679975216,-1.5904453423287404,0.016078521691186287,4,0.0
342,-3.6564222064107206,0.4346917938798265,0.015266703334653584,8,0.022146766538942292
344,-3.5664889406595948,-1.5926028776811727,0.017339033069921964,4,0.0
345,-3.6481198061059645,-0.5865160297693621,0.015599207684873112,7,0.011589721473254256
345,-3.567816309328803,-1.5849055026160097,0.01733057075359508,7,0.009033206050698007
345,-3.632662529720079,0.44617341584893433,0.014770996189075396,8,0.0
346,-3.6491367784880544,-0.579548102241545,0.01655521265290432,8,0.012319381783678883
346,-3.5627245577213245,-1.5909226368908642,0.01527437220563477,4,0.0
346,-3.636642631227072,0.44666268839381384,0.01478379528540102,9,0.0
347,-3.566757510006721,-1.5927238008997329,0.015679304836449682,4,0.0
347,-3.6346522459870254,0.4464180724556431,0.014777542079392924,8,0.0
348,-3.5630455255001072,-1.5931382279498978,0.01610828062870183,4,0.003422622810733785
348,-3.638193707449969,0.4396875631104923,0.014620545685326591,8,0.016616282320063635
349,-3.6513553567343977,-0.5828298993022505,0.01654850212219428,6,0.012072245294077927
349,-3.656929857827132,0.4371370993212053,0.01540925245445931,9,0.026083010336328816
350,-3.565843557153534,-1.5923131433677344,0.01567709077388301,4,0.0
350,-3.6392221698696665,0.44697838249124827,0.014436033029804929,8,0.0
352,-3.649352378762061,-0.586179846024532,0.015649249592109275,7,0.011451647747515014
352,-3.5680542006635556,-1.5933017338085476,0.01608722513121417,4,0.0
352,-3.640618935740881,0.4256593145785835,0.01445774018808379,8,0.0
353,-3.6396297218660654,0.4255433451289167,0.014453486097216698,8,0.0
354,-3.639405986998736,0.4470009562954955,0.014597651427173139,8,0.0
355,-3.6473093312975444,-0.5837340088548035,0.015227097506318787,7,0.011741597962518547
355,-3.6414342308949252,0.43650230667990636,0.016629683960958423,7,0.008165148711616011
356,-3.649403520123893,-0.5813928308308711,0.016555755638682692,7,0.010617337627049568
356,-3.6349041713596266,0.44644901852298785,0.01500084208110313,8,0.0
357,-3.571973082077624,-1.5950520934745127,0.017346456503029285,4,0.0
357,-3.6378887024908355,0.44681531198215263,0.015009564233536908,8,0.0
358,-3.6505719963349095,-0.5892703321743918,0.015251378101788152,4,0.0
358,-3.5603028400414822,-1.5919125854917024,0.016102290860768847,4,0.003418451658043553
358,-3.6383491200263594,0.45403840792404954,0.014436809869941213,8,0.0
359,-3.560358486279661,-1.5898657721110494,0.015669961286813805,4,0.0
359,-3.6316048375466865,0.4460439174276871,0.014712905851226827,9,0.0
360,-3.6547138580714855,-0.5753979469033735,0.01666106877712973,7,0.0
360,-3.5607414879414976,-1.590036811666772,0.016077435302860824,4,0.0
361,-3.6568007107766345,-0.5757268117008323,0.017529193962515188,8,0.0
361,-3.635593207757359,0.4465332318810923,0.014732445925105676,8,0.0
362,-3.65742215976689,0.4276238332783776,0.015091921435460849,9,0.015049952776608911
363,-3.651554189799893,-0.5824452213869841,0.01610425422454992,6,0.011680990318364488
363,-3.5608779616719475,-1.5921677540298695,0.015756526366753815,4,0.003443931957697389
363,-3.600436856167549,1.4268068956074529,0.016588041711109447,8,0.0
364,-3.548625129196239,-1.5928890705761707,0.01634179590820621,4,0.021274352295600985
364,-3.6352566208342285,0.4464918979052661,0.014435980543247545,8,0.0
365,-3.6476763695249614,-0.5811162056321193,0.016522676422175288,7,0.011415057050333641
365,-3.6482386140438834,0.43372697449262043,0.015409031266543449,8,0.023003534925114807
366,-3.6511970114896313,-0.574843800698426,0.01623095352846602,6,0.0
367,-3.655265465642268,-0.5754837404116111,0.017092612659691774,8,0.0
367,-3.561655679975216,-1.5904453423287404,0.016078521691186287,4,0.0
367,-3.6354813985486985,0.4465199240904755,0.015516019963242663,9,0.0
368,-3.652610512809531,-0.5750674725012606,0.015811352141330927,7,0.0
368,-3.6316048375466865,0.4460439174276871,0.014712905851226827,8,0.0
369,-3.6396258087109263,0.4470279516702428,0.014791652229339945,9,0.0
370,-3.6383491200263594,0.45403840792404954,0.014436809869941213,8,0.0
371,-3.567920044271233,-1.5932429942349107,0.01691785097862371,4,0.0
371,-3.633657864007455,0.44629623013993447,0.014774532792654196,8,0.0
372,-3.567816309328803,-1.5849055026160097,0.01733057075359508,7,0.009033206050698007
372,-3.634430901845125,0.44639088293250434,0.014582172590426387,9,0.0
373,-3.5590678982320303,-1.5892905273870293,0.015269116176841409,4,0.0
374,-3.651569647366024,-0.5894303816230685,0.015261994392894407,7,0.0
374,-3.6392877809583664,0.42550335669754846,0.014753892985763815,8,0.0
375,-3.5599819078409674,-1.5896976010157928,0.015269953661500999,4,0.0
375,-3.6388828685403847,0.4469369963274018,0.015011487608559776,8,0.0
376,-3.636763695070467,0.4538402236893151,0.014786558680941383,8,0.0
377,-3.6500694977910317,-0.5785172629259963,0.01647040080195121,7,0.00948825259446533
377,-3.6334363936165133,0.4462690173617755,0.01457904681106619,8,0.0
378,-3.561655679975216,-1.5904453423287404,0.016078521691186287,4,0.0
378,-3.6376515201659836,0.42531197538444504,0.014444459174201795,8,0.0
379,-3.6491938826042216,-0.5849502545189841,0.016657681254646218,7,0.012155942107039098
379,-3.6384114759381445,0.4468790901344709,0.014594523005289824,8,0.0
380,-3.65115084510497,-0.5793953653194868,0.01609478036420911,7,0.011055350882728276
380,-3.6326020777742944,0.44616599011329483,0.014717558302652927,8,0.0
381,-3.6547138580714855,-0.5753979469033735,0.01666106877712973,7,0.0
381,-3.6718184395356737,0.4293067668323146,0.01737272277018489,8,0.0
382,-3.6378887024908355,0.44681531198215263,0.015009564233536908,8,0.0
383,-3.6532202515088263,-0.5733484125295278,0.016069601697681114,7,0.0031574117630025775
384,-3.636793659641058,0.446680651301385,0.015803776766412498,8,0.0
385,-3.6541576923041537,-0.575310235436594,0.016234429531007077,7,0.0
385,-3.634430901845125,0.44639088293250434,0.014582172590426387,8,0.0
386,-3.56896794386666,-1.5937109331656625,0.01608897548948077,4,0.0
387,-3.5692309973015854,-1.5938272205416961,0.01734267805942478,4,0.0
387,-3.640276526271719,0.4256192826523337,0.014758560104224917,8,0.0
388,-3.6435863420795656,0.4260066527895715,0.01447102938410356,8,0.0
389,-3.639696847237848,0.4434541581238898,0.015036891631101687,8,0.0
390,-3.637759024350493,0.45396503550167217,0.014790091753477709,8,0.0
392,-3.64903159112327,-0.5847316235448374,0.015358229653338154,7,0.012156522438319363
392,-3.6352566208342285,0.4464918979052661,0.014435980543247545,8,0.0
393,-3.5701446045671603,-1.5942364718774111,0.017344303177383447,4,0.0
394,-3.6590037811970295,0.42780849061616544,0.014959236152603375,9,0.014636008154084227
395,-3.6032056910074566,1.4279043653925785,0.01660979072106571,8,0.0
395,-3.651303341390971,0.4340854412922277,0.014693814648842849,8,0.02084170587939795
396,-3.6481198061059645,-0.5865160297693621,0.015599207684873112,7,0.011589721473254256
397,-3.652446830532431,0.4342198887325858,0.014814433800183935,8,0.02105916195301988
398,-3.649741180055623,-0.5850777794147695,0.016336866445979144,7,0.012314992022396014
398,-3.5714716998155387,-1.5865296650778298,0.017335530373338903,7,0.009042674852004275
399,-3.654583448448474,-0.5753772775264503,0.015814467442852195,6,0.0
399,-3.567816309328803,-1.5849055026160097,0.01733057075359508,7,0.009033206050698007
400,-3.5669023471274164,-1.5844992764711945,0.017329509501651907,6,0.009030396505080472
400,-3.6557589909001247,0.4346139102027524,0.015135772323827767,8,0.022093014526354825
401,-3.563350112727463,-1.5911988942346729,0.016910837676520497,4,0.0
402,-3.5612166593793426,-1.5923191438543531,0.016103351505635653,4,0.0034205307610711225
402,-3.634430901845125,0.44639088293250434,0.014582172590426387,8,0.0
403,-3.6364216138777516,0.44663553874151646,0.014588722087880155,8,0.0
404,-3.6568007107766345,-0.5757268117008323,0.017529193962515188,8,0.0
405,-3.6493348976327593,-0.593099748712785,0.015221857625802271,4,0.0
405,-3.6580805915552332,0.434888156876916,0.01542065878784904,8,0.022209345405691985
406,-3.6489602684596147,-0.5790131866325584,0.016202584920919177,7,0.01075845431556156
406,-3.5621871058333325,-1.5906797309303708,0.01567182793225083,4,0.0
406,-3.6375873738682256,0.4467782860375325,0.014742610404896146,8,0.0
407,-3.6541576923041537,-0.575310235436594,0.016234429531007077,7,0.0
407,-3.6362373470739313,0.4466129035064193,0.014426696521532325,8,0.0
408,-3.6525966593884664,0.4366022415865814,0.015212793048170201,9,0.029027918488390536
409,-3.6499454567847223,-0.5925430715903861,0.014732349513127279,4,0.0
409,-3.6342462634106663,0.4463682022736328,0.014419814877786354,8,0.0
410,-3.5660923134525033,-1.592425754381487,0.016915319322031424,4,0.0
410,-3.6363521338798908,0.44981267433450867,0.0174056557216568,9,0.00035705108083039505
411,-3.632440886001968,0.4461461897993923,0.014575355534189986,8,0.0
412,-3.6505719963349095,-0.5892703321743918,0.015251378101788152,4,0.0
412,-3.5629576227106234,-1.5910236876945665,0.016492108791887873,4,0.0
412,-3.626862851232288,1.437276384118854,0.016701417440319152,8,0.0
412,-3.6312605354590026,0.4460016123418232,0.0144096841122118,8,0.0
413,-3.564015336535364,-1.5914975597278784,0.015675154081754978,4,0.0
414,-3.64759961096841,-0.5823856763569415,0.016161187125146022,7,0.012650008812473062
414,-3.632094526582577,1.423072698451281,0.014431476478704094,8,0.0
414,-3.630607213053966,0.4459212119766564,0.014707571952132483,9,0.0
416,-3.5660923134525033,-1.592425754381487,0.016915319322031424,4,0.0
416,-3.6391601120502974,0.4469710531117045,0.015258302630246317,9,0.0
417,-3.6378887024908355,0.44681531198215263,0.015009564233536908,8,0.0
418,-3.657239812742418,-0.5757959393007379,0.017094443212327427,7,0.0
418,-3.569643838545765,-1.5857171748278889,0.016491786645644723,7,0.0089680030297343
419,-3.632440886001968,0.4461461897993923,0.014575355534189986,8,0.0
420,-3.6521979649697305,-0.5871778565184634,0.017144814631806976,4,0.0
420,-3.5678163355868784,-1.5849051778537424,0.01648896444548246,7,0.008962554540963862
420,-3.6318398712907527,0.44730888054094603,0.015676292676651528,9,0.0019235993783656615
421,-3.6487857458912796,-0.5860586823866891,0.015983900659255174,7,0.011334987201547764
421,-3.6032056910074566,1.4279043653925785,0.01660979072106571,8,0.0
421,-3.6547637094714482,0.43449608461840333,0.01513096982325817,8,0.022083771128362052
422,-3.6480072279485065,-0.5829597774694946,0.015470250662728838,7,0.010682856907983637
422,-3.6382275177235868,0.44685649258033316,0.014432776833079572,9,0.0
423,-3.6448602110876496,-0.5922215993302052,0.014660907097721351,3,0.0
423,-3.569643852624094,-1.585717266042332,0.017333122200562136,7,0.009038444461434944
424,-3.654571213486116,0.43684951955516677,0.015654271972754732,9,0.02823075561834432
425,-3.6505719963349095,-0.5892703321743918,0.015251378101788152,4,0.0
425,-3.6442265866787906,0.44759362271398073,0.014477611068295551,7,0.0
426,-3.6463144595036585,-0.5722638581355097,0.016056766546767437,8,0.003148971760023726
426,-3.564553136446486,-1.5917383983317615,0.015276703261286035,4,0.0
426,-3.6376371711802373,0.4467844049136236,0.0147866294513548,8,0.0
427,-3.648957178316773,-0.5837427759111047,0.015982146543735424,6,0.011686817623312952
427,-3.5612166593793426,-1.5923191438543531,0.016103351505635653,4,0.0034205307610711225
427,-3.6554920933369757,0.43696397941051507,0.015757007947581187,9,0.027617529887417766
428,-3.5608961938298007,-1.5901061618425654,0.015271146341692656,4,0.0
428,-3.634430901845125,0.44639088293250434,0.014582172590426387,8,0.0
429,-3.5638713657563446,-1.5914348278431982,0.016494411705111307,4,0.0
429,-3.604614742335142,1.418251491230044,0.015514580319896026,8,0.0
429,-3.6389867044904713,0.4397869175648537,0.014445649894327795,8,0.015771924530436198
430,-3.562043231708487,-1.5906184198576048,0.01649144523346569,4,0.0
430,-3.6064194741883155,1.4170483462564254,0.015172509667785546,8,0.0
430,-3.6332516142363596,0.4462463129259641,0.014416561400323437,8,0.0
431,-3.651201562740214,-0.5870183055865917,0.017135308302148773,4,0.0
431,-3.562569362911514,-1.5908503695129232,0.016078468876406547,4,0.0
432,-3.5653118401428365,-1.592077215487548,0.016083207525123367,4,0.0
433,-3.6521841925149103,-0.5750003637550358,0.01623187613809529,7,0.0
433,-3.567816309328803,-1.5849055026160097,0.01733057075359508,7,0.009033206050698007
433,-3.6316674830659053,0.44605161480787914,0.014768283540106874,8,0.0
434,-3.656687446077758,-0.5757079554322097,0.01666347667720142,7,0.0
434,-3.5692309973015854,-1.5938272205416961,0.01734267805942478,4,0.0
434,-3.62095043732325,1.4430693447106973,0.014416557000066882,8,0.0
434,-3.632255909217369,0.44612346780599815,0.014412695800679706,8,0.0
435,-3.6521979649697305,-0.5871778565184634,0.017144814631806976,4,0.0
435,-3.638641054401811,0.42542837921558196,0.0144481980447579,8,0.0
437,-3.6507021830420827,-0.5854309347213886,0.01644439562967126,8,0.012453247536065921
437,-3.6654988725217987,0.4285682695656572,0.016135886715314136,8,0.0
438,-3.645684377016304,-0.5996144614386549,0.01466682470622248,8,0.0
438,-3.5671215578066957,-1.6011920589429884,0.014511395415137776,3,0.0
438,-3.6050545499333957,1.4286360615782754,0.016622286257228874,8,0.0
440,-3.6372321393921467,0.44673463637708155,0.014429761010166554,8,0.0
441,-3.6577874797375043,-0.5758801934968276,0.01753034077682102,8,0.0
441,-3.6022869724516697,1.4275387419677767,0.016599418678207536,8,0.0
441,-3.6371716814352912,0.4467276766369749,0.01525381395381093,9,0.0
442,-3.647044937372592,-0.5813274944939866,0.015021532399345634,7,0.01440527939474815
442,-3.563350112727463,-1.5911988942346729,0.016910837676520497,4,0.0
442,-3.6463403072730167,0.4550347117316272,0.014490630551254881,8,0.0
443,-3.637591312477828,0.45394353605504223,0.015523795579198774,8,0.0
445,-3.570557816395886,-1.5861234845437817,0.017334219408377184,7,0.009039013743262549
445,-3.6527898289782446,0.4366353078807254,0.014794038280162696,9,0.026596696506259555
446,-3.658774694739623,-0.5760366930574568,0.017531252423310942,8,0.0
446,-3.565699450746369,-1.5922503122090166,0.01649617411952097,4,0.0
446,-3.6300447378632987,1.4244074767458894,0.015610114280198057,8,0.0
446,-3.6384114759381445,0.4468790901344709,0.014594523005289824,8,0.0
447,-3.656687446077758,-0.5757079554322097,0.01666347667720142,7,0.0
447,-3.559049624773827,-1.591351897551699,0.015753455172039348,4,0.003440689105872215
447,-3.6378887024908355,0.44681531198215263,0.015009564233536908,8,0.0
448,-3.656131190713425,-0.5756201076063862,0.01623698436399453,7,0.0
448,-3.568273168941639,-1.58510776181067,0.01690770174071815,6,0.008999448752936212
448,-3.6374703387977636,0.44676436354669535,0.015520945314320073,9,0.0
449,-3.656131190713425,-0.5756201076063862,0.01623698436399453,7,0.0
449,-3.5621314687627583,-1.5927297758945798,0.01610640029636039,4,0.003419747210361288
449,-3.636642631227072,0.44666268839381384,0.01478379528540102,8,0.0
450,-3.602769461152103,1.4175251306346663,0.015497940849113994,8,0.0
450,-3.6412852090623593,0.4328933633922778,0.0148639637669556,9,0.017467695774576616
451,-3.6494104295273506,-0.5927674097745549,0.015176406662603732,4,0.000769292122193889
451,-3.6334363936165133,0.4462690173617755,0.01457904681106619,8,0.0
452,-3.650059173241125,-0.5821697224427691,0.01645912485793413,7,0.011505004739841337
452,-3.5608961938298007,-1.5901061618425654,0.015271146341692656,4,0.0
452,-3.6521378951508083,0.43656015852877766,0.015241937697643301,9,0.027054235082440672
453,-3.658291035249534,0.42772531228709193,0.015204757789098602,9,0.015081330149025303
454,-3.6504755929391095,-0.5858411310260949,0.015395689293623437,7,0.013434690913458483
455,-3.6571180785423962,-0.5757757782320264,0.01623813935395968,7,0.0
455,-3.560358486279661,-1.5898657721110494,0.015669961286813805,4,0.0
455,-3.6413587006402977,0.45441297002808917,0.01446788429630328,8,0.0
456,-3.653031354651798,-0.5789893144838429,0.016476174068799965,6,0.009497214935474943
456,-3.56283223251784,-1.5951170705253972,0.016449529755255116,4,0.0
456,-3.6045692209449207,1.4163214833445306,0.01516006365177151,8,0.0
456,-3.6368942669956934,0.4466935991963848,0.01500682831067752,8,0.0
457,-3.571014545181697,-1.5863258879817712,0.016081182750105845,7,0.008932590516751724
457,-3.6022754939324635,1.41945557713023,0.016579660723901844,8,0.0
458,-3.562569362911514,-1.5908503695129232,0.016078468876406547,4,0.0
458,-3.635647294663986,0.44653987393017525,0.014780256649381497,8,0.0
460,-3.6528359380491335,-0.5819421268530215,0.016182707011499573,7,0.014408641124120804
461,-3.6378887024908355,0.44681531198215263,0.015009564233536908,8,0.0
462,-3.6406211478212276,0.4471507662225511,0.014795193175203957,7,0.0
463,-3.6346522459870254,0.4464180724556431,0.014777542079392924,8,0.0
464,-3.6577874797375043,-0.5758801934968276,0.01753034077682102,7,0.0
465,-3.649934448919433,-0.5867820175672284,0.016248829508936385,7,0.011343288351394119
465,-3.5660923134525033,-1.592425754381487,0.016915319322031424,4,0.0
465,-3.634430901845125,0.44639088293250434,0.014582172590426387,8,0.0
466,-3.6540346881540415,-0.594747430751456,0.017166871583523428,4,0.0
466,-3.6366541535291104,0.44785952076065305,0.015528929982711201,9,0.0020257272941943587
467,-3.638641054401811,0.42542837921558196,0.0144481980447579,8,0.0
468,-3.6473093312975444,-0.5837340088548035,0.015227097506318787,7,0.011741597962518547
468,-3.6396297218660654,0.4255433451289167,0.014453486097216698,8,0.0
469,-3.6495812257645692,-0.5891083988683321,0.01524768970182503,4,0.0
469,-3.6560912959975655,0.4346520668065426,0.015412912551444197,8,0.022195322408454086
470,-3.5621871058333325,-1.5906797309303708,0.01567182793225083,4,0.0
470,-3.6346078949846756,0.45357062360539063,0.015515426641180144,8,0.0
471,-3.5603028400414822,-1.5919125854917024,0.016102290860768847,4,0.003418451658043553
471,-3.638010009313159,0.4539963751585788,0.015012594725898049,8,0.0
472,-3.6352416394610683,0.44649005814364834,0.014422828656164208,8,0.0
474,-3.651910548125419,-0.5904493547152257,0.016545556208381218,4,0.0
475,-3.5684417024032236,-1.5934747688229638,0.016500059537762717,4,0.0
475,-3.632440886001968,0.4461461897993923,0.014575355534189986,8,0.0
476,-3.637416271817804,0.4467572617650336,0.014591664982562863,9,0.0
477,-3.6296093348971175,0.4457980875519456,0.014701787455585135,9,0.0
478,-3.6448375266990167,-0.5702203439692569,0.015576399266049848,7,0.0
478,-3.631513448952221,0.43887754091806064,0.014830072999967855,8,0.01748341071594317
479,-3.6362373470739313,0.4466129035064193,0.014426696521532325,8,0.0
480,-3.6473093312975444,-0.5837340088548035,0.015227097506318787,7,0.011741597962518547
480,-3.6363587726798547,0.4537896767944388,0.01442969698090166,8,0.0
481,-3.6547259187965087,-0.5881055916849689,0.01476123543988642,7,0.0
481,-3.639405986998736,0.4470009562954955,0.014597651427173139,8,0.0
482,-3.6565571851733596,-0.575687209359107,0.015816793196969,7,0.0
483,-3.6551442590668866,-0.5754657013642195,0.01623595862602071,7,0.0
483,-3.687086743134172,1.4481605307917829,0.016522775020589103,7,0.013966187164422283
484,-3.6316674830659053,0.44605161480787914,0.014768283540106874,8,0.0
485,-3.665090756765788,1.4401071735697983,0.015378491304207383,8,0.01913997055018473
485,-3.637354473240061,0.4539145205511239,0.014433559600571801,8,0.0
486,-3.5714717059622334,-1.586529543857024,0.01649413300366817,7,0.008971708623211163
486,-3.6375383455953108,0.4539374800800427,0.014595274802041687,8,0.0
487,-3.648601106997277,-0.5930596777453772,0.015493100366232936,4,0.0
487,-3.6582231303597386,1.4353346418299133,0.015331628042389588,8,0.020672068481537076
488,-3.6595380945968863,1.4358484884313218,0.015737804041600596,8,0.02135287980033727
489,-3.6547138580714855,-0.5753979469033735,0.01666106877712973,7,0.0
490,-3.6481198061059645,-0.5865160297693621,0.015599207684873112,7,0.011589721473254256
490,-3.658850468178475,0.42779070823055904,0.015485729458956439,9,0.015929166365249735
491,-3.654708807003778,-0.5905788108252151,0.017370680390371873,8,0.0
491,-3.6557589909001247,0.4346139102027524,0.015135772323827767,8,0.022093014526354825
492,-3.5662258553413975,-1.592483818146573,0.01608376899880889,4,0.0
493,-3.6496618388626967,-0.5727893589041007,0.015693575415547938,7,0.0032099822448635124
493,-3.5662076515087078,-1.600781238106499,0.014509541286320012,3,0.0
493,-3.6228035203728717,1.4356689448858735,0.014406004158974691,8,0.0
493,-3.6404006463606864,0.4471236794001058,0.014600595639980705,7,0.0
494,-3.6541576923041537,-0.575310235436594,0.016234429531007077,6,0.0
494,-3.64141133352318,0.4329124202607719,0.01453200380218151,9,0.016159530184159037
495,-3.65034063784019,-0.584810576993429,0.016276126442205736,6,0.011573085512238427
495,-3.6406211478212276,0.4471507662225511,0.014795193175203957,8,0.0
496,-3.571014545181697,-1.5863258879817712,0.016081182750105845,7,0.008932590516751724
496,-3.639527049688526,0.4541851682718544,0.01460124895848427,8,0.0
497,-3.653170511549654,-0.5751536725371044,0.016233506596873965,6,0.0
498,-3.654583448448474,-0.5753772775264503,0.015814467442852195,7,0.0
498,-3.567359165394893,-1.5847015314169293,0.016075843634644402,7,0.008923522147304068
498,-3.6389867044904713,0.4397869175648537,0.014445649894327795,8,0.015771924530436198
499,-3.6577874797375043,-0.5758801934968276,0.01753034077682102,7,0.0
499,-3.6399786342255984,0.4399068459152199,0.014449402603388062,8,0.01577366894151556
500,-3.639405986998736,0.4470009562954955,0.014597651427173139,11,0.0
502,-3.5621871058333325,-1.5906797309303708,0.01567182793225083,4,0.0
502,-3.652722514252374,0.4424313980975804,0.015675098583313674,8,0.0
503,-3.5673594826547363,-1.5847028894537436,0.01690669298958311,7,0.008998660462424765
503,-3.6334363936165133,0.4462690173617755,0.01457904681106619,10,0.0
504,-3.64944380779732,-0.5911454964271416,0.01509110866006044,4,0.0
504,-3.5664451995467097,-1.5842955599803665,0.016905574062999126,7,0.008996450503060345
504,-3.6045692209449207,1.4163214833445306,0.01516006365177151,8,0.0
506,-3.557073085122217,-1.5966811940635952,0.014494795857392917,3,0.0
507,-3.6366628501613216,0.42519700907732577,0.014439173410523358,8,0.0
508,-3.651569647366024,-0.5894303816230685,0.015261994392894407,8,0.0
508,-3.636591095711661,0.4466563577988373,0.014738239319389232,8,0.0
509,-3.6495812257645692,-0.5891083988683321,0.01524768970182503,4,0.0
509,-3.6352566208342285,0.4464918979052661,0.014435980543247545,10,0.0
510,-3.6514427862461574,-0.5856838678484515,0.01663795023052207,7,0.009093089013506328
510,-3.6372498476102284,0.44673681228549594,0.014445306811084737,9,0.0
511,-3.666413808930401,0.43588943445118006,0.01484602017070706,9,0.021350400963935076
512,-3.637354473240061,0.4539145205511239,0.014433559600571801,8,0.0
513,-3.658774694739623,-0.5760366930574568,0.017531252423310942,7,0.0
513,-3.636411618264729,0.44971937022316477,0.017385590506927256,9,0.0
514,-3.652426929829519,-0.5954692383312754,0.016798246018102845,8,0.0
514,-3.566902332192793,-1.584499190802236,0.01648789792492824,7,0.008962279047797197
514,-3.6396297218660654,0.4255433451289167,0.014453486097216698,8,0.0
515,-3.5643977053201747,-1.5916682848641013,0.01608192211545377,4,0.0
515,-3.653328950341321,0.4366889177293752,0.015597396540212824,9,0.029961869104698842
516,-3.638455764859418,0.4397166609820943,0.014856341782892569,8,0.017488107087181133
517,-3.6391859217476523,0.43980775379785264,0.014624277008888145,8,0.01661697824070083
518,-3.648989296483491,-0.5919126587440131,0.015512322416361607,4,0.0024214636352036354
518,-3.652593144076643,0.4366024066220912,0.015530343655462553,9,0.029788105602475932
519,-3.569123644101345,-1.593778944887305,0.015283516707694676,4,0.0
520,-3.6537269550315474,-0.5752424089887154,0.016659878821255653,7,0.0
520,-3.569355398041506,-1.5938839840441308,0.016501765398145112,4,0.0
520,-3.6558692169407188,0.43462569344201984,0.015665093349397658,8,0.023290261520151227
521,-3.570557816395886,-1.5861234845437817,0.017334219408377184,6,0.009039013743262549
521,-3.6342462634106663,0.4463682022736328,0.014419814877786354,8,0.0
522,-3.6491967026988874,-0.5818056921325871,0.01619770770207317,7,0.011122036695607112
522,-3.6516774658210807,0.4365028849507208,0.014686238124145134,9,0.026433369952316085
523,-3.6494204125172645,-0.5815066306840113,0.015820178253038098,7,0.01093276325641101
523,-3.6351759541733317,1.4161501323217802,0.016711913229239504,8,0.0
523,-3.6372498476102284,0.44673681228549594,0.014445306811084737,8,0.0
524,-3.5662258553413975,-1.592483818146573,0.01608376899880889,4,0.0
524,-3.633264154596946,0.446247853800377,0.01442757064034151,8,0.0
525,-3.6571180785423962,-0.5757757782320264,0.01623813935395968,6,0.0
525,-3.5578048826451028,-1.5970096780135263,0.015270784033717405,3,0.0
525,-3.6514530168130706,0.4364633267544004,0.01511959177184981,9,0.029062504078620533
526,-3.5678163355868784,-1.5849051778537424,0.01648896444548246,7,0.008962554540963862
527,-3.6354813985486985,0.4465199240904755,0.015516019963242663,9,0.0
529,-3.568316597209885,-1.5934200966645298,0.017341480625589985,4,0.0
529,-3.634487326469011,0.4463981488563692,0.015513308653701513,7,0.0
530,-3.65020962691637,-0.5868564384070076,0.01713081704526452,4,0.0
531,-3.648917790980996,-0.5813712082325064,0.016182437808300948,6,0.010765929935991883
531,-3.6328370065447775,0.44977342715394397,0.014998560509936608,9,0.0
532,-3.65020962691637,-0.5868564384070076,0.01713081704526452,4,0.0
532,-3.600436856167549,1.4268068956074529,0.016588041711109447,8,0.0
533,-3.6402080847552725,0.43995560264000266,0.015380608027002647,8,0.019326459200815486
534,-3.643840719590589,-0.5920493394271874,0.014626761897698149,7,0.0
534,-3.6373292218283604,0.43958907280021087,0.014588901079641503,8,0.01533025724147363
535,-3.651201562740214,-0.5870183055865917,0.017135308302148773,4,0.0
535,-3.5701008865429635,-1.5859209697834604,0.01608008593179072,7,0.008931795616195372
535,-3.6326020777742944,0.44616599011329483,0.014717558302652927,8,0.0
536,-3.652298441315468,0.4342012284495846,0.015137209270146694,8,0.02134785039137603
537,-3.657239812742418,-0.5757959393007379,0.017094443212327427,7,0.0
537,-3.652123916396724,0.4365524393031402,0.015127926595049308,9,0.027686571048724032
538,-3.647702556984176,-0.5815234842173567,0.01655968868492053,6,0.010934876515903184
538,-3.5660923134525033,-1.592425754381487,0.016915319322031424,4,0.0
538,-3.6190268445856573,1.426526525258841,0.016761775740697493,8,0.021269811186490996
538,-3.6338307396347167,0.4475530595736379,0.01568272054427161,9,0.0019265357149423172
539,-3.6554280231068916,0.4345741047353487,0.0152632317719012,8,0.022140517824455128
540,-3.5678163355868784,-1.5849051778537424,0.01648896444548246,7,0.008962554540963862
540,-3.6192164353166936,1.4261027557760326,0.01666809130696216,8,0.01787065451167963
540,-3.6363587726798547,0.4537896767944388,0.01442969698090166,8,0.0
541,-3.5673594826547363,-1.5847028894537436,0.01690669298958311,7,0.008998660462424765
541,-3.6173596251688336,1.4253693786057835,0.016651238502562508,8,0.017859077907250144
542,-3.658774694739623,-0.5760366930574568,0.017531252423310942,8,0.0
542,-3.565988343272104,-1.5840932906645375,0.017328520130778558,7,0.009030208028507663
542,-3.600436856167549,1.4268068956074529,0.016588041711109447,8,0.0
544,-3.6342321520786345,1.4157842177256565,0.016699958539279223,8,0.0
545,-3.5715761424524843,-1.5948748256119492,0.016922432452374393,4,0.0
546,-3.6342598451646086,0.44636987063227707,0.014431738223426641,8,0.0
548,-3.6363587726798547,0.4537896767944388,0.01442969698090166,8,0.0
549,-3.646732015128325,-0.5924914934750541,0.014551324497397844,6,0.0
549,-3.6597207297179812,0.4278923265237956,0.015600065183412861,9,0.015964019295481198
551,-3.650300181562445,-0.5900380963279335,0.016909343064052087,4,0.0
551,-3.567527767834148,-1.5930678017111954,0.016499335914394245,4,0.0
551,-3.634487326469011,0.4463981488563692,0.015513308653701513,9,0.0
552,-3.569643852624094,-1.585717266042332,0.017333122200562136,7,0.009038444461434944
553,-3.6507795565630796,-0.5918094310916902,0.015851168689622747,4,0.0025136056247229204
553,-3.6357997054186315,0.44655902434360284,0.015802081401594455,8,0.0
554,-3.648376924523408,-0.5907438692917785,0.014961889427257983,4,0.00036143169698194547
556,-3.6582260532349378,-0.5759492897423487,0.017096106890056858,8,0.0
556,-3.6495532419113963,0.43625278543454593,0.01470369016168154,9,0.025681805787811127
557,-3.565988343272104,-1.5840932906645375,0.017328520130778558,7,0.009030208028507663
557,-3.667819230760653,0.4288399797705974,0.017345211738451063,8,0.0
558,-3.6478337658276363,-0.5927048451456796,0.0146736611211731,6,0.0
558,-3.562569362911514,-1.5908503695129232,0.016078468876406547,4,0.0
558,-3.638641054401811,0.42542837921558196,0.0144481980447579,8,0.0
559,-3.647483391500237,-0.5706348515602444,0.015864762041694985,7,0.0
559,-3.6316674830659053,0.44605161480787914,0.014768283540106874,8,0.0
560,-3.657239812742418,-0.5757959393007379,0.017094443212327427,8,0.0
561,-3.5590678982320303,-1.5892905273870293,0.015269116176841409,4,0.0
561,-3.632440886001968,0.4461461897993923,0.014575355534189986,8,0.0
562,-3.6577874797375043,-0.5758801934968276,0.01753034077682102,7,0.0
562,-3.654807203117501,0.4344998607590145,0.015149377977041615,8,0.02143938326626831
563,-3.5791798403721415,-1.598270677737308,0.015298926639707423,3,0.0
563,-3.621924854100972,0.44734296150805675,0.015373995322112408,9,0.012840577469639763
564,-3.6486213791697066,-0.5836808560977084,0.01610189888277208,7,0.011266888585241655
565,-3.648308750034703,-0.5832700246860871,0.016177580646675377,7,0.012602337954707768
565,-3.5629576227106234,-1.5910236876945665,0.016492108791887873,4,0.0
566,-3.6485866530251774,-0.5889488464523595,0.015240104889305307,4,0.0
566,-3.5598270238802794,-1.5896295843792114,0.016076136861310878,4,0.0
566,-3.636642631227072,0.44666268839381384,0.01478379528540102,8,0.0
567,-3.6032056910074566,1.4279043653925785,0.01660979072106571,8,0.0
567,-3.6365428427356927,0.4538126544562672,0.014591586802689077,8,0.0
568,-3.646852752764053,-0.584977750236252,0.015344457079362987,7,0.01046397800249412
568,-3.635363208026881,0.4536652392486615,0.014426185332539317,8,0.0
569,-3.6483726339748532,-0.5904636459045937,0.01476210409136355,4,0.0009297417708906313
569,-3.565988343272104,-1.5840932906645375,0.017328520130778558,6,0.009030208028507663
569,-3.632440886001968,0.4461461897993923,0.014575355534189986,8,0.0
570,-3.632255909217369,0.44612346780599815,0.014412695800679706,8,0.0
571,-3.6480683913948497,-0.5928092482612408,0.015542751407934648,4,0.001850481698061096
571,-3.5612166593793426,-1.5923191438543531,0.016103351505635653,4,0.0034205307610711225
571,-3.6375885928559515,0.4396157885144232,0.014520861424862608,8,0.016180947723266302
572,-3.632798669237931,1.4173622503146004,0.015608123417956303,8,0.0
572,-3.6375383455953108,0.4539374800800427,0.014595274802041687,8,0.0
573,-3.651838104395533,-0.5731303830005365,0.016445021296533746,7,0.0031023177445763574
573,-3.6544958309881035,0.43684503954338183,0.01575130382046183,9,0.02760777316350302
574,-3.642596811469827,0.4258902492714489,0.014467287288087702,8,0.0
575,-3.650935647582708,-0.5793287791165826,0.01620651863994976,6,0.01076859488352545
575,-3.6470902099280758,0.45512855348110276,0.01604291138127851,8,0.0
576,-3.6558137644790176,-0.5755703542597053,0.01752801621628611,7,0.0
576,-3.6392221698696665,0.44697838249124827,0.014436033029804929,8,0.0
577,-3.650059173241125,-0.5821697224427691,0.01645912485793413,6,0.011505004739841337
577,-3.633657864007455,0.44629623013993447,0.014774532792654196,8,0.0
578,-3.655700045569972,-0.5755521945290566,0.016662831272666507,7,0.0
578,-3.5621314687627583,-1.5927297758945798,0.01610640029636039,4,0.003419747210361288
578,-3.634430901845125,0.44639088293250434,0.014582172590426387,8,0.0
579,-3.6577874797375043,-0.5758801934968276,0.01753034077682102,8,0.0
579,-3.6644992401644876,0.428451350071401,0.01612927536341056,8,0.0
580,-3.55838708211981,-1.5889851068520062,0.016486517315728675,4,0.0
580,-3.6602805978994457,0.4279576713037766,0.015213803218829144,9,0.015093081829803671
581,-3.6396297218660654,0.4255433451289167,0.014453486097216698,8,0.0
582,-3.6568007107766345,-0.5757268117008323,0.017529193962515188,6,0.0
582,-3.600436856167549,1.4268068956074529,0.016588041711109447,8,0.0
582,-3.6334363936165133,0.4462690173617755,0.01457904681106619,8,0.0
583,-3.6506657196981074,-0.5819978640298771,0.016565565937027852,6,0.010948391851569594
583,-3.624055356727393,1.436164870741956,0.01668161703521796,8,0.0
583,-3.637416271817804,0.4467572617650336,0.014591664982562863,8,0.0
584,-3.6490623663779083,-0.5869734978946677,0.015050273487837728,7,0.0
584,-3.56896794386666,-1.5937109331656625,0.01608897548948077,4,0.0
584,-3.6376371711802373,0.4467844049136236,0.0147866294513548,8,0.0
585,-3.654583448448474,-0.5753772775264503,0.015814467442852195,6,0.0
585,-3.5664451995467097,-1.5842955599803665,0.016905574062999126,7,0.008996450503060345
585,-3.6022869724516697,1.4275387419677767,0.016599418678207536,8,0.0
585,-3.659712419559344,0.4278914676260796,0.015914372074742833,9,0.01722546244080135
586,-3.5673594826547363,-1.5847028894537436,0.01690669298958311,7,0.008998660462424765
586,-3.6606182947471178,0.42799728270500315,0.015999722081849285,9,0.017256573810840073
587,-3.6568007107766345,-0.5757268117008323,0.017529193962515188,7,0.0
587,-3.541031166550207,-1.577117237375357,0.01735618117196231,9,0.0
588,-3.649175360025915,-0.579079723030993,0.0160907665397659,7,0.011044882213177957
588,-3.5590678982320303,-1.5892905273870293,0.015269116176841409,4,0.0
588,-3.636763695070467,0.4538402236893151,0.014786558680941383,8,0.0
589,-3.654474910384136,0.43446232623665426,0.014871714788998977,8,0.02134022079458786
590,-3.653810559712533,-0.5734390674518924,0.01644934420798395,7,0.003104958319847046
590,-3.5655749456604933,-1.5921939148985766,0.017337866112427325,4,0.0
590,-3.640745230379939,0.4328355223025855,0.014680628920783246,8,0.015587654867722843
591,-3.649463619237224,-0.5847591893087131,0.015649223607221263,7,0.011942531836422987
592,-3.6537269550315474,-0.5752424089887154,0.016659878821255653,6,0.0
592,-3.560358486279661,-1.5898657721110494,0.015669961286813805,4,0.0
592,-3.656465166527457,0.4346962304170375,0.01531896687300881,8,0.021500068382616637
593,-3.6342462634106663,0.4463682022736328,0.014419814877786354,8,0.0
594,-3.6495812257645692,-0.5891083988683321,0.01524768970182503,4,0.0
594,-3.561273232211438,-1.5902745441922421,0.01567163969258437,4,0.0
594,-3.635768479159057,0.45371581164240105,0.014783351182569392,8,0.0
595,-3.636176635374163,0.44660487870191523,0.015250539667049723,8,0.0
596,-3.6370151908679302,0.45387161817857136,0.015009517899424892,8,0.0
597,-3.6571180785423962,-0.5757757782320264,0.01623813935395968,7,0.0
597,-3.6331457437092576,0.4462327724059938,0.015200163802597151,9,0.0
598,-3.650601252705522,-0.5857628067807306,0.016787232461837713,7,0.01236382209125059
598,-3.5705659709511446,-1.5861242227488044,0.014495226263519727,3,0.0
598,-3.638010009313159,0.4539963751585788,0.015012594725898049,8,0.0
599,-3.600436856167549,1.4268068956074529,0.016588041711109447,8,0.0
601,-3.6527911199127,-0.5818372904134579,0.01703386524217811,7,0.010989472812697978
601,-3.5714717059622334,-1.586529543857024,0.01649413300366817,7,0.008971708623211163
601,-3.656132056799144,0.43465787630613223,0.015006224933761204,8,0.02139733178782321
602,-3.6458236133113284,-0.5703749961374764,0.015578739207043984,7,0.0
602,-3.5607414879414976,-1.590036811666772,0.016077435302860824,4,0.0
602,-3.632437796450816,1.4210677759373793,0.01561994110870844,7,0.0
602,-3.6365428427356927,0.4538126544562672,0.014591586802689077,8,0.0
603,-3.654583448448474,-0.5753772775264503,0.015814467442852195,7,0.0
603,-3.640970289392815,0.44002627234758546,0.014453673953744858,8,0.015776158487491355
604,-3.5627245577213245,-1.5909226368908642,0.01527437220563477,4,0.0
605,-3.648070048090337,-0.5818592420219284,0.016421731373491195,7,0.01296689231679435
605,-3.635768479159057,0.45371581164240105,0.014783351182569392,8,0.0
606,-3.6494920781966895,-0.5814986328461275,0.016059928863738335,7,0.011924071226896184
607,-3.651922635228322,-0.5794850852085963,0.016208721927168112,6,0.0107738367727293
607,-3.5723853991091383,-1.5869345151778267,0.01733650076572347,7,0.009043457128988406
608,-3.657239812742418,-0.5757959393007379,0.017094443212327427,7,0.0
608,-3.6516505014964404,0.43650575683363196,0.014863631780675577,9,0.02588241753817998
609,-3.6568007107766345,-0.5757268117008323,0.017529193962515188,8,0.0
609,-3.6310307835953,1.426720017600653,0.015270744550512895,8,0.0
609,-3.6588276537840185,0.42778789527201505,0.014804123628424428,9,0.014594397921101582
610,-3.6493215370548957,-0.5856196021132535,0.015895058151419655,7,0.012934641127320491
610,-3.560358486279661,-1.5898657721110494,0.015669961286813805,4,0.0
610,-3.647891369077895,0.4372862262214281,0.014616941200647084,8,0.014654982161434963
611,-3.601366227203799,1.427173655613068,0.016589835567631463,8,0.0
611,-3.6414866644798956,0.44009815089450904,0.014464896453110894,8,0.015313721319966816
612,-3.650304524202786,-0.5874725164385326,0.015973435887350895,7,0.011669280812015003
612,-3.6296769321506894,0.44580638787020754,0.014761540066216943,8,0.0
613,-3.6541576923041537,-0.575310235436594,0.016234429531007077,7,0.0
614,-3.5701446045671603,-1.5942364718774111,0.017344303177383447,4,0.0
614,-3.604130480583646,1.4282697052683855,0.016615336477730575,8,0.0
615,-3.657239812742418,-0.5757959393007379,0.017094443212327427,6,0.0
615,-3.634430901845125,0.44639088293250434,0.014582172590426387,8,0.0
616,-3.633295907461098,1.4154175512890501,0.01669438570074654,8,0.0
616,-3.6391317319781837,0.4469675668841278,0.015232985781934322,8,0.0
617,-3.649175360025915,-0.579079723030993,0.0160907665397659,7,0.011044882213177957
617,-3.605046100207579,1.4205479272780963,0.01660249259127495,8,0.0
617,-3.6416081484248375,0.42577528390639025,0.014461995336834909,8,0.0
618,-3.651838104395533,-0.5731303830005365,0.016445021296533746,7,0.0031023177445763574
618,-3.640618935740881,0.4256593145785835,0.01445774018808379,8,0.0
619,-3.6577874797375043,-0.5758801934968276,0.01753034077682102,8,0.0
619,-3.640618935740881,0.4256593145785835,0.01445774018808379,8,0.0
620,-3.5608779616719475,-1.5921677540298695,0.015756526366753815,4,0.003443931957697389
620,-3.6484946835649783,0.4409493560501817,0.015845706931662047,9,0.017887636819474206
621,-3.648917790980996,-0.5813712082325064,0.016182437808300948,7,0.010765929935991883
621,-3.5684417024032236,-1.5934747688229638,0.016500059537762717,4,0.0
621,-3.630272960978841,0.44588015679167187,0.014413188136088837,8,0.0
622,-3.567140243190373,-1.5928947313608577,0.01608646538094486,4,0.0
622,-3.6318398712907527,0.44730888054094603,0.015676292676651528,9,0.0019235993783656615
623,-3.6577874797375043,-0.5758801934968276,0.01753034077682102,7,0.0
623,-3.560358486279661,-1.5898657721110494,0.015669961286813805,4,0.0
623,-3.6339099030469724,0.44632719898610373,0.014997939833973307,8,0.0
624,-3.5669023471274164,-1.5844992764711945,0.017329509501651907,7,0.009030396505080472
624,-3.637002131214346,0.43954680923212175,0.014437191688648609,8,0.015768359560113996
625,-3.5638713657563446,-1.5914348278431982,0.016494411705111307,4,0.0
626,-3.6498651775211175,-0.5728216251100754,0.016441148331743136,7,0.0030996465975637096
626,-3.561995922753451,-1.590602550456534,0.014875117445702439,4,0.00879881590638553
626,-3.638641054401811,0.42542837921558196,0.0144481980447579,8,0.0
627,-3.64860186485323,-0.5866356186148599,0.0169435606232067,7,0.012621300341972876
627,-3.5578048826451028,-1.5970096780135263,0.015270784033717405,4,0.0
627,-3.632440886001968,0.4461461897993923,0.014575355534189986,8,0.0
628,-3.6485866530251774,-0.5889488464523595,0.015240104889305307,4,0.0
629,-3.6446885846197206,0.45482861658228807,0.014782130364070504,8,0.0
630,-3.6488475840273344,-0.5934696022869667,0.016815617190854785,4,0.0
630,-3.566613957187673,-1.5926570839345293,0.01649723450645385,4,0.0
630,-3.6371716814352912,0.4467276766369749,0.01525381395381093,8,0.0
631,-3.635768479159057,0.45371581164240105,0.014783351182569392,8,0.0
632,-3.637759024350493,0.45396503550167217,0.014790091753477709,7,0.0
633,-3.6558137644790176,-0.5755703542597053,0.01752801621628611,7,0.0
633,-3.6375383455953108,0.4539374800800427,0.014595274802041687,8,0.0
634,-3.6500696745037695,-0.5843659674327697,0.016190279206898545,7,0.011952287408695673
634,-3.5599819078409674,-1.5896976010157928,0.015269953661500999,4,0.0
634,-3.66881635709484,0.42895594388659053,0.017349760665842245,8,0.0
635,-3.5599819078409674,-1.5896976010157928,0.015269953661500999,4,0.0
635,-3.6357602397025874,0.44759991967387486,0.015509930704596785,9,0.0
636,-3.6483282971244018,-0.5871555297951448,0.01596925764100672,7,0.01166458573055551
636,-3.562569362911514,-1.5908503695129232,0.016078468876406547,4,0.0
637,-3.650481805605337,-0.5916239781919661,0.016508756793563298,4,0.002642370241563675
637,-3.6032056910074566,1.4279043653925785,0.01660979072106571,8,0.0
637,-3.652879223019696,0.43663551522907745,0.015037222206732198,9,0.02868252079348059
638,-3.6445870204352193,-0.5994039442004173,0.014549608262979902,7,0.0
638,-3.6607156027427723,0.42800852398265277,0.015604341081804472,9,0.015969477214981563
640,-3.563483690300607,-1.5912616830318382,0.016081361258476756,4,0.0
640,-3.633657864007455,0.44629623013993447,0.014774532792654196,8,0.0
641,-3.6506079782063496,-0.5843597489283652,0.016122781529804175,7,0.013445370654967152
641,-3.567816309328803,-1.5849055026160097,0.01733057075359508,7,0.009033206050698007
641,-3.641867624789112,0.4401539338266198,0.015239562651008058,8,0.018743489604589113
642,-3.652739566239986,-0.575085794260901,0.016659169081511528,7,0.0
642,-3.567958684968077,-1.6015675656080957,0.017344725867624696,4,0.0
643,-3.6568007107766345,-0.5757268117008323,0.017529193962515188,7,0.0
643,-3.5630455255001072,-1.5931382279498978,0.01610828062870183,4,0.003422622810733785
643,-3.6370151908679302,0.45387161817857136,0.015009517899424892,8,0.0
644,-3.64980570321795,-0.5784758662624054,0.016721954802609785,6,0.009268438768451421
644,-3.560961866791075,-1.5818615244546548,0.01606723655526482,7,0.008911803141398283
644,-3.6405648313466545,0.4399757962874158,0.014532842223512785,8,0.01618308207456447
645,-3.5627898430715073,-1.5826737060956406,0.016069529234690298,7,0.008914791785887052
645,-3.6577485366933744,0.43485064438102733,0.015143985242113342,8,0.022106731895260596
646,-3.6576746295769156,-0.5758643922947,0.01666444255069595,6,0.0
646,-3.6537133804916153,0.43674668377487674,0.015322524710508373,9,0.027300303592911235
647,-3.5643977053201747,-1.5916682848641013,0.01608192211545377,4,0.0
649,-3.5778960009190457,-1.5976970878290762,0.014905936981915165,3,0.0
649,-3.637759024350493,0.45396503550167217,0.014790091753477709,8,0.0
650,-3.561917435400547,-1.594707129561919,0.01644673366688411,4,0.0
650,-3.63875306877081,0.4540888333164178,0.014792801303240283,8,0.0
651,-3.6495812257645692,-0.5891083988683321,0.01524768970182503,4,0.0
651,-3.639343767315803,0.454162295423722,0.014440060619402013,8,0.0
652,-3.6502739734413088,-0.5786018455129521,0.016345659241854212,7,0.00937842793980264
652,-3.5601752552003685,-1.5980749189526562,0.014883281598445423,3,0.0
652,-3.6241665934821032,0.44902209602376575,0.016191188615553062,9,0.014304629718569651
653,-3.660749092888373,-0.5763489371147956,0.017533018390123178,7,0.0
654,-3.634430901845125,0.44639088293250434,0.014582172590426387,8,0.0
655,-3.624937361746733,0.4491790545349109,0.016044233074172805,9,0.01421114181763677
656,-3.632440886001968,0.4461461897993923,0.014575355534189986,8,0.0
657,-3.635768479159057,0.45371581164240105,0.014783351182569392,8,0.0
658,-3.5716884870999186,-1.6032421465848588,0.01451892389723916,3,0.0
658,-3.6674960031101946,0.42880157808174624,0.016147276145528335,8,0.0
659,-3.651922635228322,-0.5794850852085963,0.016208721927168112,6,0.0107738367727293
659,-3.645239690516692,0.45489737282153886,0.015271579679044984,8,0.0
660,-3.651569647366024,-0.5894303816230685,0.015261994392894407,4,0.0
660,-3.6375383455953108,0.4539374800800427,0.014595274802041687,8,0.0
661,-3.6488599533654766,-0.5825600536584056,0.01631805540654905,7,0.012395474702048109
661,-3.5621314687627583,-1.5927297758945798,0.01610640029636039,4,0.003419747210361288
661,-3.6557973138052873,0.43699577227010505,0.014987510345220932,9,0.026554560326538364
662,-3.567816309328803,-1.5849055026160097,0.01733057075359508,7,0.009033206050698007
662,-3.6612766780179786,0.4280744830801295,0.015219190686848606,9,0.01510176104522801
663,-3.6500543054670342,-0.5871329740193484,0.015055426482861768,7,0.0
663,-3.640618935740881,0.4256593145785835,0.01445774018808379,8,0.0
664,-3.565699450746369,-1.5922503122090166,0.01649617411952097,4,0.0
664,-3.621869420303077,1.4352987390974623,0.014400800816411718,8,0.0
664,-3.6412652702593604,0.4257352084940293,0.014763228409198324,8,0.0
665,-3.6489218764402738,-0.5872460396274666,0.015677873893168173,7,0.011814683897902054
665,-3.563350112727463,-1.5911988942346729,0.016910837676520497,4,0.0
665,-3.640276526271719,0.4256192826523337,0.014758560104224917,8,0.0
666,-3.5664451995467097,-1.5842955599803665,0.016905574062999126,7,0.008996450503060345
666,-3.6384114759381445,0.4468790901344709,0.014594523005289824,8,0.0
667,-3.6478656183603726,-0.5831917086543076,0.015829649762937062,7,0.011528483197203024
667,-3.6231090072597305,0.4474538263491703,0.01552043149641464,9,0.013166000001902215
668,-3.647796887366525,-0.5858988057391941,0.01598123486347826,7,0.01133020719901349
668,-3.5583431318161023,-1.5889696726940419,0.01566054798777962,4,0.008881968805168786
668,-3.6424799363357154,0.44021865954831607,0.014469671323351451,8,0.01532283953932006
669,-3.6507396207076206,-0.5787255977889987,0.015978175003133657,6,0.0095457765040758
669,-3.5678163355868784,-1.5849051778537424,0.01648896444548246,7,0.008962554540963862
669,-3.616425358306029,1.425002745560764,0.01664626681867347,8,0.017850877292732478
669,-3.6585230935772763,0.4349429976141946,0.015442886794960616,8,0.023208887969995144
670,-3.5638713657563446,-1.5914348278431982,0.016494411705111307,4,0.0
670,-3.6022869724516697,1.4275387419677767,0.016599418678207536,8,0.0
670,-3.628882628185405,0.4437374902296059,0.01536442827620329,8,0.01788729857540273
671,-3.6331457437092576,0.4462327724059938,0.015200163802597151,8,0.0
672,-3.5662258553413975,-1.592483818146573,0.01608376899880889,4,0.0
673,-3.648989296483491,-0.5919126587440131,0.015512322416361607,4,0.0024214636352036354
673,-3.659286353125977,0.42784153298035194,0.015210096075424465,9,0.015088880052044834
674,-3.6491367784880544,-0.579548102241545,0.01655521265290432,8,0.012319381783678883
675,-3.6331457437092576,0.4462327724059938,0.015200163802597151,9,0.0
676,-3.568316597209885,-1.5934200966645298,0.017341480625589985,4,0.0
676,-3.638010009313159,0.4539963751585788,0.015012594725898049,8,0.0
677,-3.5627245577213245,-1.5909226368908642,0.01527437220563477,4,0.0
677,-3.601366227203799,1.427173655613068,0.016589835567631463,8,0.0
678,-3.6568007107766345,-0.5757268117008323,0.017529193962515188,6,0.0
679,-3.64905994651984,-0.581797839687594,0.01653047381937504,7,0.011952624848495148
679,-3.6339322209671048,0.453486594976893,0.015798933049503576,8,0.0
680,-3.651554189799893,-0.5824452213869841,0.01610425422454992,6,0.011680990318364488
680,-3.634096740934973,1.4208956590937916,0.01728039850143463,8,0.0
680,-3.642596811469827,0.4258902492714489,0.014467287288087702,8,0.0
681,-3.6349108434354864,1.4219504392629292,0.016232063063860467,8,0.0
681,-3.638274295032012,0.44686247817319447,0.017150475870210593,8,0.0
682,-3.5647853651113164,-1.5918413723997853,0.016494931039339245,4,0.0
683,-3.651043498462759,-0.5872944933127787,0.015057233259944035,7,0.0
683,-3.568730047621445,-1.585310127839904,0.017331642272094758,7,0.009034148523977844
683,-3.6515523038818234,0.43647282739826543,0.015102196308020779,9,0.0294225814263715
684,-3.6519208832652508,-0.5842177380108811,0.015987794819140793,7,0.01169712355185664
684,-3.569643852624094,-1.585717266042332,0.017333122200562136,7,0.009038444461434944
684,-3.652448478678563,0.4365824712095943,0.015124228913260929,9,0.029070360296561844
685,-3.6592129718912734,-0.5761057135653235,0.017097323250233457,7,0.0
685,-3.6376371711802373,0.4467844049136236,0.0147866294513548,9,0.0
686,-3.64883018952818,-0.5794129986548198,0.01629004126102171,7,0.013822571647570676
686,-3.6339099030469724,0.44632719898610373,0.014997939833973307,8,0.0
687,-3.5706621012199142,-1.594465875580804,0.016921226980731927,4,0.0
687,-3.6332516142363596,0.4462463129259641,0.014416561400323437,8,0.0
688,-3.559444504769455,-1.5894587354829208,0.0156691650444328,4,0.0
688,-3.601366227203799,1.427173655613068,0.016589835567631463,8,0.0
689,-3.648590410491689,-0.5825439480847799,0.016166023375701794,7,0.012654292290500647
689,-3.636476080580285,0.44664165155329516,0.015518381657719089,10,0.0
690,-3.6521841925149103,-0.5750003637550358,0.01623187613809529,7,0.0
690,-3.6374703387977636,0.44676436354669535,0.015520945314320073,9,0.0
691,-3.6505719963349095,-0.5892703321743918,0.015251378101788152,4,0.0
692,-3.639343767315803,0.454162295423722,0.014440060619402013,8,0.0
693,-3.6192164353166936,1.4261027557760326,0.01666809130696216,8,0.01787065451167963
693,-3.6441415174790883,0.4404217891956595,0.01462738332037546,8,0.01623634196575938
694,-3.6384645972980634,0.44688607542005765,0.015523509289774412,9,0.0
695,-3.6540346881540415,-0.594747430751456,0.017166871583523428,7,0.0
695,-3.6718184395356737,0.4293067668323146,0.01737272277018489,8,0.0
696,-3.6539752431771575,-0.5819643195108648,0.016891377275905207,7,0.011205931572956133
696,-3.6402941807414573,0.43277578043151166,0.014860085065500406,9,0.01746812439994003
697,-3.570557816395886,-1.5861234845437817,0.017334219408377184,7,0.009039013743262549
697,-3.631445686158071,0.4460243621783738,0.014572501450144116,8,0.0
698,-3.635768479159057,0.45371581164240105,0.014783351182569392,8,0.0
699,-3.6531870841440366,-0.5873396652279936,0.017146551993762135,4,0.0
699,-3.5627245577213245,-1.5909226368908642,0.01527437220563477,4,0.0
699,-3.6316048375466865,0.4460439174276871,0.014712905851226827,8,0.0
700,-3.5618758408587605,-1.5822677122621194,0.016068441943069483,7,0.008912445681706925
701,-3.654181906531275,-0.587498732126644,0.01715440934030635,4,0.0
702,-3.648825759390333,-0.5836914538962866,0.016210840567669936,7,0.010879171836894876
702,-3.5788108565769323,-1.5981058966265957,0.01490773695070943,3,0.0
703,-3.6173596251688336,1.4253693786057835,0.016651238502562508,8,0.017859077907250144
703,-3.6350283359892934,0.4477453960720227,0.015888144144563517,8,0.0018336088975460067
704,-3.6386322218499036,0.4469062067148126,0.014789345877083474,9,0.0
705,-3.633744925177929,1.4177309064756225,0.015623095081394688,7,0.0
705,-3.648884524300801,0.437405719689928,0.01462022957893596,8,0.014661101084933598
706,-3.6511701392340608,-0.5852687111620947,0.016662548139078272,7,0.012164703993183455
706,-3.564015336535364,-1.5914975597278784,0.015675154081754978,4,0.0
706,-3.639343767315803,0.454162295423722,0.014440060619402013,8,0.0
707,-3.564015336535364,-1.5914975597278784,0.015675154081754978,4,0.0
707,-3.6044410520876804,1.4092997975499886,0.017124860777698297,8,0.0
707,-3.6528419321328425,0.43665724403998146,0.015936440019182315,9,0.026085162932677482
708,-3.6577874797375043,-0.5758801934968276,0.01753034077682102,7,0.0
708,-3.564929523555271,-1.5919064829350225,0.015676485105812744,4,0.0
708,-3.6475554229736424,0.4425812351539778,0.014951905008126667,8,0.02318034396438782
709,-3.5685857950421904,-1.593540251846065,0.015682441981881366,4,0.0
709,-3.633985093555434,1.4215836058609435,0.016236308813156408,8,0.0
709,-3.635593207757359,0.4465332318810923,0.014732445925105676,8,0.0
710,-3.6490443189618036,-0.5812050900988838,0.015944903921154115,6,0.010462491706387108
710,-3.633264154596946,0.446247853800377,0.01442757064034151,8,0.0
711,-3.5627245577213245,-1.5909226368908642,0.01527437220563477,4,0.0
711,-3.6032056910074566,1.4279043653925785,0.01660979072106571,8,0.0
711,-3.6342598451646086,0.44636987063227707,0.014431738223426641,8,0.0
712,-3.5607414879414976,-1.590036811666772,0.016077435302860824,4,0.0
712,-3.635363208026881,0.4536652392486615,0.014426185332539317,8,0.0
713,-3.6477148714541947,-0.5788163133901987,0.016446103567250504,6,0.010821678739859078
713,-3.561273232211438,-1.5902745441922421,0.01567163969258437,4,0.0
714,-3.6496499307230663,-0.5746010505667977,0.015807765424789663,6,0.0
714,-3.632440886001968,0.4461461897993923,0.014575355534189986,8,0.0
716,-3.563621456885727,-1.5933962736020355,0.015763649895483376,4,0.0034469658181382574
716,-3.658850468178475,0.42779070823055904,0.015485729458956439,9,0.015929166365249735
717,-3.652610512809531,-0.5750674725012606,0.015811352141330927,7,0.0
717,-3.633657864007455,0.44629623013993447,0.014774532792654196,8,0.0
718,-3.6364216138777516,0.44663553874151646,0.014588722087880155,8,0.0
719,-3.642596811469827,0.4258902492714489,0.014467287288087702,8,0.0
720,-3.6499444940283965,-0.5838999415431079,0.015983873017455748,7,0.011690190615230354
720,-3.568273168941639,-1.58510776181067,0.01690770174071815,7,0.008999448752936212
720,-3.6346078949846756,0.45357062360539063,0.015515426641180144,8,0.0
721,-3.569643852624094,-1.585717266042332,0.017333122200562136,6,0.009038444461434944
721,-3.64017791791016,0.43992764238656057,0.014628689520782705,8,0.016617688907473584
722,-3.649139164804966,-0.5859064667784801,0.014949184504871378,7,0.0109624768518957
723,-3.655700045569972,-0.5755521945290566,0.016662831272666507,6,0.0
723,-3.570269905023374,-1.5942907575343837,0.01650282701066049,4,0.0
724,-3.564015336535364,-1.5914975597278784,0.015675154081754978,4,0.0
724,-3.6339099030469724,0.44632719898610373,0.014997939833973307,8,0.0
725,-3.6535966061370972,-0.5752207867751863,0.015813203207308234,7,0.0
725,-3.6560656226318486,0.42746498228785085,0.015296813892991788,9,0.0158636145791666
726,-3.6511970114896313,-0.574843800698426,0.01623095352846602,6,0.0
726,-3.603649305124314,1.4159591439015573,0.015149339321813312,8,0.0
726,-3.649629896117639,0.4362608542061368,0.014643058541887357,9,0.02595122176289547
727,-3.650260869380741,-0.5728837201054615,0.016063817330755275,7,0.003153543435107189
727,-3.637310662484035,0.4252721179969572,0.014743899380048518,8,0.0
730,-3.6375873738682256,0.4467782860375325,0.014742610404896146,8,0.0
731,-3.6396297218660654,0.4255433451289167,0.014453486097216698,8,0.0
732,-3.649613264247241,-0.585603761193164,0.016784309436864746,7,0.012358568291557135
732,-3.6392221698696665,0.44697838249124827,0.014436033029804929,8,0.0
733,-3.641936520074936,0.44015832380471953,0.014860147101515318,8,0.017328437888971926
734,-3.569748114505788,-1.59405938524928,0.01692074500286397,4,0.0
734,-3.634430901845125,0.44639088293250434,0.014582172590426387,8,0.0
735,-3.649724386681166,-0.5819551959188889,0.016340097995227235,7,0.012340166302472812
735,-3.5646175136946594,-1.5834846765758617,0.016902317962853915,7,0.008990138339674244
735,-3.6376371711802373,0.4467844049136236,0.0147866294513548,8,0.0
736,-3.658774694739623,-0.5760366930574568,0.017531252423310942,7,0.0
736,-3.637759024350493,0.45396503550167217,0.014790091753477709,8,0.0
737,-3.651569647366024,-0.5894303816230685,0.015261994392894407,4,0.0
737,-3.559444504769455,-1.5894587354829208,0.0156691650444328,4,0.0
737,-3.639573247010074,0.43985638199321647,0.014528635069438297,8,0.016182639234192983
738,-3.65033539826718,-0.5835913467996198,0.015711328998871375,7,0.010508502489678467
738,-3.5664451995467097,-1.5842955599803665,0.016905574062999126,7,0.008996450503060345
738,-3.66881635709484,0.42895594388659053,0.017349760665842245,11,0.0
739,-3.6576746295769156,-0.5758643922947,0.01666444255069595,6,0.0
739,-3.5638713657563446,-1.5914348278431982,0.016494411705111307,4,0.0
739,-3.6022869724516697,1.4275387419677767,0.016599418678207536,8,0.0
739,-3.6388828685403847,0.4469369963274018,0.015011487608559776,8,0.0
740,-3.6604139144137697,-0.5762996907490219,0.017538831006102734,7,0.007896172470357518
740,-3.632662529720079,0.44617341584893433,0.014770996189075396,8,0.0
741,-3.6493658439096675,-0.5909052539633775,0.014963870435167165,4,0.0003614250549854143
741,-3.5638713657563446,-1.5914348278431982,0.016494411705111307,4,0.0
741,-3.6337694346042606,0.4473534423765732,0.015501353797256357,9,0.0
742,-3.6513183738131416,-0.5748640718441906,0.017087618436567458,7,0.0
742,-3.6392877809583664,0.42550335669754846,0.014753892985763815,9,0.0
743,-3.636021897403061,0.44845129948504986,0.01625304525675869,9,0.0
744,-3.567816192974815,-1.584906036053853,0.015670650040963817,7,0.008885102609459987
744,-3.6405020597209385,0.4399905618714397,0.015248822837163667,8,0.01854198444060065
745,-3.651569647366024,-0.5894303816230685,0.015261994392894407,4,0.0
745,-3.6360201191431774,0.45374721293231324,0.015006437513600309,8,0.0
746,-3.6499444940283965,-0.5838999415431079,0.015983873017455748,7,0.011690190615230354
746,-3.5714716998155387,-1.5865296650778298,0.017335530373338903,6,0.009042674852004275
746,-3.630607213053966,0.4459212119766564,0.014707571952132483,8,0.0
747,-3.650888181924632,-0.5849442476053729,0.015958272494780202,7,0.011754254663909454
747,-3.63592060006932,0.45373508059502354,0.01580423403373947,8,0.0
748,-3.6577874797375043,-0.5758801934968276,0.01753034077682102,8,0.0
748,-3.563130171637407,-1.5994020116257834,0.016085427103386323,4,0.0
748,-3.6374703387977636,0.44676436354669535,0.015520945314320073,8,0.0
749,-3.568833958188111,-1.5936499267087993,0.016918540702928947,4,0.0
750,-3.569748114505788,-1.59405938524928,0.01692074500286397,4,0.0
750,-3.6319198114654427,0.4460826189028728,0.01499195740414461,8,0.0
751,-3.6496928099340167,-0.5867791382303655,0.01530188455237722,7,0.011745662277873846
751,-3.6372498476102284,0.44673681228549594,0.014445306811084737,8,0.0
752,-3.657239812742418,-0.5757959393007379,0.017094443212327427,7,0.0
752,-3.6584140811331776,0.43492635713774613,0.015763388795973467,8,0.02231509540089541
753,-3.5627245577213245,-1.5909226368908642,0.01527437220563477,4,0.0
753,-3.6353033812939985,0.45365803805779825,0.015250688228950229,8,0.0
754,-3.648676669973458,-0.5918768994643657,0.015205339205628762,4,0.0022947656792778152
755,-3.6480938533610563,-0.5840492957972826,0.016186061204112263,7,0.011943563423723684
755,-3.6412652702593604,0.4257352084940293,0.014763228409198324,8,0.0
756,-3.6540198465179556,0.4416030663825424,0.014483388436970134,8,0.0
757,-3.7006482968361056,0.4435972560979319,0.01626770202798924,7,0.0
759,-3.562569362911514,-1.5908503695129232,0.016078468876406547,4,0.0
760,-3.6505719963349095,-0.5892703321743918,0.015251378101788152,4,0.0
760,-3.567006299714406,-1.5928322429494093,0.016915800127681936,4,0.0
760,-3.604614742335142,1.418251491230044,0.015514580319896026,8,0.0
761,-3.567816309328803,-1.5849055026160097,0.01733057075359508,7,0.009033206050698007
761,-3.6442265866787906,0.44759362271398073,0.014477611068295551,9,0.0
763,-3.6744892240237985,0.4296186797099054,0.0161900412885072,8,0.0
764,-3.6577874797375043,-0.5758801934968276,0.01753034077682102,7,0.0
764,-3.5608961938298007,-1.5901061618425654,0.015271146341692656,4,0.0
764,-3.6748194319515903,0.4296578834206563,0.01739455797256362,9,0.0
765,-3.658776313059868,0.4421783299126319,0.014493969505392976,8,0.0
767,-3.6480938533610563,-0.5840492957972826,0.016186061204112263,7,0.011943563423723684
768,-3.6489121782283127,-0.5846271171339205,0.01595341759820541,7,0.011744797657032863
769,-3.6541576923041537,-0.575310235436594,0.016234429531007077,7,0.0
769,-3.70163971903461,0.44371682869870394,0.016269331488714487,9,0.0
774,-3.656131190713425,-0.5756201076063862,0.01623698436399453,7,0.0
774,-3.6470228697430893,0.4299924674566822,0.015142806125872358,8,0.0
775,-3.6483472513812756,-0.5929422902629263,0.015221694989490582,4,0.0
775,-3.569355398041506,-1.5938839840441308,0.016501765398145112,4,0.0
776,-3.665752065619117,0.43217276959902845,0.016515190145708403,9,0.012851083029425602
777,-3.5590678982320303,-1.5892905273870293,0.015269116176841409,4,0.0
777,-3.6628239364760224,0.43790601284830366,0.015598327347834872,8,0.012188892656370326
778,-3.5630455255001072,-1.5931382279498978,0.01610828062870183,4,0.003422622810733785
779,-3.6506539388367156,-0.5921958435474436,0.015208692527476834,4,0.0022884893053031004
779,-3.5653118401428365,-1.592077215487548,0.016083207525123367,4,0.0
780,-3.561419012179576,-1.5820652070343597,0.016480641318571534,7,0.008950729908944275
781,-3.655265465642268,-0.5754837404116111,0.017092612659691774,8,0.0
781,-3.5614188341901687,-1.5820633136391375,0.01732225618727215,7,0.009017685603581653
781,-3.631913501932109,1.4189390946449643,0.015254382285448011,8,0.0
782,-3.6491967026988874,-0.5818056921325871,0.01619770770207317,7,0.011122036695607112
782,-3.5650743440858674,-1.5836872790018455,0.017326314407352626,6,0.009024555716665038
782,-3.601366227203799,1.427173655613068,0.016589835567631463,8,0.0
782,-3.6530238463171183,0.44148218544056383,0.01447926477169708,8,0.0
783,-3.5629576227106234,-1.5910236876945665,0.016492108791887873,4,0.0
783,-3.638736660073997,0.42543890562090864,0.015241977097321207,8,0.0
784,-3.6577874797375043,-0.5758801934968276,0.01753034077682102,7,0.0
784,-3.635832459929913,0.4501431811583142,0.015017149692633245,9,0.0
785,-3.5757065483539776,-1.5967180596383044,0.014520355706102826,3,0.0
785,-3.640276526271719,0.4256192826523337,0.014758560104224917,11,0.0
786,-3.641212344072353,0.447222972079037,0.014442116604043539,8,0.0
788,-3.6475974741494026,-0.5887873353587347,0.015238047790191453,4,0.0
788,-3.568833958188111,-1.5936499267087993,0.016918540702928947,4,0.0
788,-3.6331457437092576,0.4462327724059938,0.015200163802597151,8,0.0
789,-3.6475974741494026,-0.5887873353587347,0.015238047790191453,4,0.0
789,-3.6567288424735542,0.427542763826003,0.015205284059904893,9,0.015203818955179579
791,-3.7001256590800127,1.4580111127837052,0.017409596930798577,8,0.0
791,-3.633192634695606,0.44623853235413596,0.015241994648733836,7,0.0
792,-3.7027014694266307,1.4384594243471378,0.015300609626862947,3,0.0
792,-3.6312605354590026,0.4460016123418232,0.0144096841122118,8,0.0
793,-3.6940793215367815,1.4576995250351432,0.015888672105072207,8,0.0041552604251787
793,-3.6368942669956934,0.4466935991963848,0.01500682831067752,8,0.0
794,-3.6597613889263005,-0.5761923616467964,0.017532590734896148,7,0.0
794,-3.560358486279661,-1.5898657721110494,0.015669961286813805,4,0.0
794,-3.641556695884046,0.44009591053071295,0.014536139171293915,8,0.01618401372385162
795,-3.568273168941639,-1.58510776181067,0.01690770174071815,7,0.008999448752936212
795,-3.642253620541452,0.425850124417106,0.014768804497600489,8,0.0
796,-3.6523046057234816,-0.5750172835486809,0.017089339465705865,7,0.0
796,-3.6877966115160525,1.457288297216017,0.01572612693864467,8,0.0
796,-3.661611577976748,0.4281132647494052,0.016002815469848542,9,0.017259114706748666
797,-3.655700045569972,-0.5755521945290566,0.016662831272666507,7,0.0
797,-3.6598450384093186,0.42790686247955506,0.015490231657155172,9,0.015935008174642037
798,-3.6396297218660654,0.4255433451289167,0.014453486097216698,8,0.0
799,-3.6468118282914297,-0.5705298030949632,0.016473581413622075,6,0.0
799,-3.5655312952210303,-1.5838920143789252,0.016903945051851048,7,0.008994738927544857
799,-3.637416271817804,0.4467572617650336,0.014591664982562863,8,0.0
800,-3.646441543002036,-0.5922855564663129,0.015167775896501506,4,0.0007763619644177934
800,-3.5646175136946594,-1.5834846765758617,0.016902317962853915,7,0.008990138339674244
800,-3.630559614203814,1.4203317688043682,0.015602776800181664,8,0.0
800,-3.6365428427356927,0.4538126544562672,0.014591586802689077,8,0.0
802,-3.65085140113776,-0.5729752491637847,0.01644345831341675,6,0.003101318628532159
802,-3.634308344759249,0.45353324379717347,0.015247421678072252,8,0.0
803,-3.6480938533610563,-0.5840492957972826,0.016186061204112263,7,0.011943563423723684
803,-3.5618105743865396,-1.5905116482552584,0.015271910415669563,4,0.0
803,-3.645117853409076,0.447703117583395,0.01526660125601535,7,0.0
804,-3.6558137644790176,-0.5755703542597053,0.01752801621628611,7,0.0
804,-3.6286654422400617,1.421729167950525,0.016678409364161418,8,0.0
804,-3.6239983341716377,0.4490478504716856,0.016073949328038444,9,0.014227855247699199
805,-3.6481198061059645,-0.5865160297693621,0.015599207684873112,7,0.011589721473254256
805,-3.565531349635605,-1.5838916810412025,0.016072938610377265,7,0.008919231643405584
805,-3.6372321393921467,0.44673463637708155,0.014429761010166554,7,0.0
806,-3.6507396207076206,-0.5787255977889987,0.015978175003133657,6,0.0095457765040758
806,-3.5673594826547363,-1.5847028894537436,0.01690669298958311,6,0.008998660462424765
806,-3.637769502163774,0.43248221495772443,0.014668930656501048,9,0.015581420638435397
807,-3.6517171663349446,-0.5985028064698887,0.014553922396178063,4,0.0
807,-3.5638713657563446,-1.5914348278431982,0.016494411705111307,4,0.0
807,-3.6382996709768665,0.42538846880598297,0.014748105178381345,8,0.0
808,-3.5666491537628224,-1.6009786559410826,0.016919614050591388,4,0.0
808,-3.6032452419084766,1.4319638658258973,0.017363297419900316,8,0.0
809,-3.649223510049406,-0.5745339293495205,0.016228401900431448,7,0.0
810,-3.6404337956656123,0.43998626237590227,0.015627666775144818,8,0.01995688605466931
811,-3.558800235313339,-1.5891751789469704,0.014487159285427445,4,0.008739568930832615
811,-3.653170423562051,0.43668726865242374,0.014983253510937272,9,0.02563403809982913
812,-3.64905994651984,-0.581797839687594,0.01653047381937504,7,0.011952624848495148
812,-3.5630455255001072,-1.5931382279498978,0.01610828062870183,4,0.003422622810733785
812,-3.6312700566053793,0.44600278222409945,0.014418042771555643,8,0.0
813,-3.5621871058333325,-1.5906797309303708,0.01567182793225083,4,0.0
814,-3.655700045569972,-0.5755521945290566,0.016662831272666507,7,0.0
814,-3.601366227203799,1.427173655613068,0.016589835567631463,8,0.0
815,-3.650648411524573,-0.5729445372518363,0.015695239234111903,7,0.003211183505204304
815,-3.6376515201659836,0.42531197538444504,0.014444459174201795,8,0.0
816,-3.6421953332718062,0.4401960254294082,0.015392096316580901,8,0.019347210056564573
817,-3.6354261038386446,0.4465127109729704,0.014585028672356202,8,0.0
818,-3.652233676415146,-0.5731924799068793,0.01606781533463118,6,0.0031562664096802745
819,-3.568833958188111,-1.5936499267087993,0.016918540702928947,4,0.0
819,-3.661611577976748,0.4281132647494052,0.016002815469848542,9,0.017259114706748666
820,-3.6422637357375294,0.44020036475954366,0.0150127363324044,8,0.017931806187798577
821,-3.6439850239802642,-0.5809679234415546,0.015077448253550205,7,0.013819651116903385
821,-3.562043231708487,-1.5906184198576048,0.01649144523346569,4,0.0
821,-3.634430901845125,0.44639088293250434,0.014582172590426387,8,0.0
822,-3.649126659250557,-0.5708910508459426,0.01616763170112146,7,0.0
822,-3.634308344759249,0.45353324379717347,0.015247421678072252,8,0.0
823,-3.6495812257645692,-0.5891083988683321,0.01524768970182503,4,0.0
823,-3.6567537067836953,0.4347322693351239,0.01513969700537079,8,0.02209966569714308
824,-3.6506363462206215,-0.5747554146064285,0.015809298955285735,6,0.0
824,-3.638641054401811,0.42542837921558196,0.0144481980447579,8,0.0
825,-3.647938315634519,-0.592753190889855,0.014785137182012319,4,0.0
825,-3.636591095711661,0.4466563577988373,0.014738239319389232,8,0.0
826,-3.6560888751330984,0.43584547694421033,0.015436513428025858,9,0.024214688899709583
827,-3.6380699650180257,0.4440367824056494,0.016554189072064223,8,0.007009413591705375
828,-3.648802952940015,-0.5832189799506559,0.01604419697003095,7,0.012927255146299076
828,-3.565699450746369,-1.5922503122090166,0.01649617411952097,4,0.0
828,-3.6032056910074566,1.4279043653925785,0.01660979072106571,8,0.0
828,-3.653253437038862,0.4366991984249912,0.015207354488910819,9,0.025773817394902514
829,-3.6482971963741893,-0.5838929332243427,0.015229285426750313,7,0.011746859112656393
829,-3.5643056579500674,-1.5999298193237375,0.017340657298602676,4,0.0
829,-3.636642631227072,0.44666268839381384,0.01478379528540102,8,0.0
830,-3.6555366464844483,0.43458763051329435,0.015428136567242587,8,0.023182764708700634
831,-3.6498199669170353,-0.5814348175891528,0.015252518087746768,7,0.013107375271845965
831,-3.6565317742908854,0.43470605737105616,0.015432818979700301,8,0.023190595498999652
832,-3.649240039411384,-0.5794443465359542,0.016488198602113518,7,0.013395235893603086
832,-3.636109799091394,1.4165145231083662,0.016714784781308462,8,0.0
832,-3.638532851223482,0.45406134330338266,0.014598397158937869,8,0.0
833,-3.655700045569972,-0.5755521945290566,0.016662831272666507,7,0.0
833,-3.5714716998155387,-1.5865296650778298,0.017335530373338903,7,0.009042674852004275
833,-3.638736660073997,0.42543890562090864,0.015241977097321207,8,0.0
834,-3.6352416394610683,0.44649005814364834,0.014422828656164208,8,0.0
835,-3.653170511549654,-0.5751536725371044,0.016233506596873965,7,0.0
835,-3.6542095060223674,0.43442889062993184,0.015528477928618695,8,0.023222068419031495
836,-3.654583448448474,-0.5753772775264503,0.015814467442852195,6,0.0
836,-3.5643977053201747,-1.5916682848641013,0.01608192211545377,4,0.0
836,-3.6032056910074566,1.4279043653925785,0.01660979072106571,8,0.0
836,-3.6384114759381445,0.4468790901344709,0.014594523005289824,8,0.0
837,-3.650304524202786,-0.5874725164385326,0.015973435887350895,7,0.011669280812015003
837,-3.5642637823219836,-1.5916100901438175,0.016913095315456955,4,0.0
837,-3.6332516142363596,0.4462463129259641,0.014416561400323437,8,0.0
838,-3.600436856167549,1.4268068956074529,0.016588041711109447,8,0.0
838,-3.638291802705147,0.4397205414837445,0.014991829877833034,8,0.017895677267835145
839,-3.5661322120840175,-1.600747956992565,0.017342583250263704,4,0.0
840,-3.6535966061370972,-0.5752207867751863,0.015813203207308234,7,0.0
840,-3.5655749456604933,-1.5921939148985766,0.017337866112427325,4,0.0
841,-3.5655749456604933,-1.5921939148985766,0.017337866112427325,4,0.0
842,-3.563483690300607,-1.5912616830318382,0.016081361258476756,4,0.0
842,-3.604130480583646,1.4282697052683855,0.016615336477730575,8,0.0
842,-3.6329674682101007,0.44531050929611665,0.014542932220472572,9,0.0
844,-3.652516005628031,-0.5825249317921403,0.01683141067872488,6,0.011361456853889654
844,-3.5608961938298007,-1.5901061618425654,0.015271146341692656,4,0.0
844,-3.653253859292148,0.4366792497982477,0.014959655642180445,9,0.028788109537728583
845,-3.647796887366525,-0.5858988057391941,0.01598123486347826,7,0.01133020719901349
845,-3.571058580189185,-1.5946429059122316,0.017344748240353876,4,0.0
846,-3.634430901845125,0.44639088293250434,0.014582172590426387,8,0.0
847,-3.6358990840008723,0.44657079448490145,0.01500342845679657,9,0.0
849,-3.6552597147049086,0.427370757949428,0.014736901677620868,9,0.01444711286428044
850,-3.6339099030469724,0.44632719898610373,0.014997939833973307,8,0.0
851,-3.650601252705522,-0.5857628067807306,0.016787232461837713,6,0.01236382209125059
851,-3.6383491200263594,0.45403840792404954,0.014436809869941213,8,0.0
852,-3.642442965653666,0.4473741010451955,0.01553411294991974,8,0.0
853,-3.6507123505574843,-0.5846604575291341,0.016708036244270464,7,0.008181112910875326
853,-3.603201284454419,1.4198189240241377,0.016585200677716315,7,0.0
854,-3.568730047621445,-1.585310127839904,0.017331642272094758,7,0.009034148523977844
854,-3.6316048375466865,0.4460439174276871,0.014712905851226827,8,0.0
855,-3.6487857458912796,-0.5860586823866891,0.015983900659255174,7,0.011334987201547764
855,-3.5651777684539483,-1.592016577899796,0.016913575553868382,4,0.0
856,-3.6506560205382494,-0.5823516978593793,0.016547386001079453,7,0.008354044616372477
857,-3.5608961938298007,-1.5901061618425654,0.015271146341692656,4,0.0
857,-3.638641054401811,0.42542837921558196,0.0144481980447579,8,0.0
858,-3.6385808892382867,0.43973598451742535,0.014524663495386433,8,0.016181639748738673
860,-3.636476080580285,0.44664165155329516,0.015518381657719089,8,0.0
861,-3.6319198114654427,0.4460826189028728,0.01499195740414461,8,0.0
862,-3.656252125263718,-0.575639394237264,0.01709398771299007,6,0.0
862,-3.5714716998155387,-1.5865296650778298,0.017335530373338903,6,0.009042674852004275
862,-3.632619003009796,0.45332245215963,0.015509861771726044,8,0.0
863,-3.568730047621445,-1.585310127839904,0.017331642272094758,7,0.009034148523977844
863,-3.6442433182838063,0.45477330248052233,0.015266808105813936,8,0.0
864,-3.6485866530251774,-0.5889488464523595,0.015240104889305307,4,0.0
864,-3.6345529599895343,0.4535643689027249,0.014585115962110172,8,0.0
865,-3.649779084365017,-0.5746203937544111,0.016655509700715183,6,0.0
866,-3.6492141096619606,-0.5790219743511772,0.01681696966876527,6,0.010625273235599659
866,-3.6351818442199297,0.4464831273662531,0.015248070353138273,8,0.0
867,-3.648601106997277,-0.5930596777453772,0.015493100366232936,4,0.0
867,-3.567252915996413,-1.5846522922804327,0.01606931306682414,4,0.0
867,-3.6383491200263594,0.45403840792404954,0.014436809869941213,8,0.0
868,-3.648490217036516,-0.5789054329768591,0.0165636466510931,7,0.010554899290905612
869,-3.6060187062127405,1.4330656511558053,0.017380772830155256,8,0.0
870,-3.652440179388447,-0.579534779049291,0.016571605460377354,7,0.010574947944570923
870,-3.6032056910074566,1.4279043653925785,0.01660979072106571,8,0.0
870,-3.656686862308858,0.43710597333412854,0.015662856198487993,9,0.026407193638523136
871,-3.6524048682416868,-0.5968367901902015,0.015273963945352166,4,0.0
871,-3.5596941175888936,-1.5895675842056758,0.01690665313828438,4,0.0
871,-3.6426946872291626,0.4545794424101383,0.014771887686615366,8,0.0
872,-3.6532202515088263,-0.5733484125295278,0.016069601697681114,7,0.0031574117630025775
872,-3.633657864007455,0.44629623013993447,0.014774532792654196,8,0.0
873,-3.634430901845125,0.44639088293250434,0.014582172590426387,8,0.0
874,-3.5694998292690387,-1.5939469139097235,0.015683048922442343,4,0.0
874,-3.631445686158071,0.4460243621783738,0.014572501450144116,8,0.0
875,-3.6520992333940825,-0.5817236329204888,0.016562508083500495,6,0.00791859577684606
875,-3.567006299714406,-1.5928322429494093,0.016915800127681936,4,0.0
875,-3.655469772080602,0.434577801448877,0.015314460299931248,8,0.021491563867964726
876,-3.653129429549892,0.4366750990637245,0.015547461616220481,9,0.028598282807189828
877,-3.6332516142363596,0.4462463129259641,0.014416561400323437,8,0.0
878,-3.623099416232115,0.4488069289094438,0.015369176505487723,9,0.012865615680944003
879,-3.6364216138777516,0.44663553874151646,0.014588722087880155,8,0.0
880,-3.656131190713425,-0.5756201076063862,0.01623698436399453,7,0.0
881,-3.5691870221650586,-1.5855146642404017,0.01690932597320938,7,0.009003832893748911
881,-3.636763695070467,0.4538402236893151,0.014786558680941383,8,0.0
882,-3.6505719963349095,-0.5892703321743918,0.015251378101788152,4,0.0
882,-3.5671215578066957,-1.6011920589429884,0.014511395415137776,3,0.0
882,-3.6550018162124047,0.43689148757090884,0.015149727650289435,9,0.02875695479585667
883,-3.6485260307754572,-0.5828274467207936,0.015828787720475194,7,0.0121419453017424
883,-3.56896794386666,-1.5937109331656625,0.01608897548948077,4,0.0
883,-3.6022869724516697,1.4275387419677767,0.016599418678207536,8,0.0
883,-3.642596811469827,0.4258902492714489,0.014467287288087702,8,0.0
884,-3.652610512809531,-0.5750674725012606,0.015811352141330927,7,0.0
884,-3.568273168941639,-1.58510776181067,0.01690770174071815,7,0.008999448752936212
884,-3.626862851232288,1.437276384118854,0.016701417440319152,8,0.0
884,-3.647588234648255,0.4264739161630997,0.014449733007798489,9,0.0
885,-3.647989846407624,-0.5818416988424102,0.015283254397071665,7,0.01433242196463589
885,-3.6354261038386446,0.4465127109729704,0.014585028672356202,8,0.0
886,-3.649517736131344,-0.586727947071455,0.01591780268710134,7,0.011459551734143952
886,-3.6396297218660654,0.4255433451289167,0.014453486097216698,8,0.0
887,-3.5627245577213245,-1.5909226368908642,0.01527437220563477,4,0.0
887,-3.6328370065447775,0.44977342715394397,0.014998560509936608,9,0.0
888,-3.6571180785423962,-0.5757757782320264,0.01623813935395968,6,0.0
888,-3.6446885846197206,0.45482861658228807,0.014782130364070504,8,0.0
889,-3.6531870841440366,-0.5873396652279936,0.017146551993762135,4,0.0
889,-3.5655749456604933,-1.5921939148985766,0.017337866112427325,4,0.0
889,-3.6392877809583664,0.42550335669754846,0.014753892985763815,8,0.0
890,-3.5618105743865396,-1.5905116482552584,0.015271910415669563,4,0.0
892,-3.655700045569972,-0.5755521945290566,0.016662831272666507,7,0.0
892,-3.60684039770993,1.4203423328926172,0.01486444353712617,8,0.0
892,-3.6429293131287865,0.4402783437000612,0.014864659933564388,8,0.017336326254863667
893,-3.65422872488594,0.4368109057140786,0.015486829842637462,9,0.026849042213337466
894,-3.656131190713425,-0.5756201076063862,0.01623698436399453,6,0.0
894,-3.6358990840008723,0.44657079448490145,0.01500342845679657,8,0.0
895,-3.6547980580712145,-0.5735951623277041,0.01645024262653602,6,0.003105978915495527
895,-3.560358486279661,-1.5898657721110494,0.015669961286813805,4,0.0
895,-3.6345176184846864,0.449331574482872,0.017353099268781036,9,0.0
896,-3.6562001847339514,0.4346654989094236,0.015537633901324224,8,0.023239362777485707
897,-3.565699450746369,-1.5922503122090166,0.01649617411952097,4,0.0
897,-3.6404971791030145,0.43998395560806064,0.014759996432498356,8,0.016804886182342736
898,-3.604130480583646,1.4282697052683855,0.016615336477730575,8,0.0
898,-3.6554959389758395,0.43458247145006673,0.014882320871398824,8,0.021077604344172957
899,-3.654590317001372,0.4416185560329693,0.01590747539931326,9,0.029218812167723873
900,-3.568316597209885,-1.5934200966645298,0.017341480625589985,4,0.0
901,-3.652317304893385,-0.5851289788190238,0.016280792842461624,7,0.011580710065823941
902,-3.6582260532349378,-0.5759492897423487,0.017096106890056858,8,0.0
902,-3.569643852624094,-1.585717266042332,0.017333122200562136,7,0.009038444461434944
902,-3.6531888815998435,0.43853634679270287,0.015505946282125448,9,0.02168308689350342
903,-3.654181906531275,-0.587498732126644,0.01715440934030635,4,0.0
903,-3.665816839001293,0.42860542037749205,0.01732915276786332,8,0.0
904,-3.6497736900219073,-0.586216966804095,0.015985619083712176,7,0.011336933930077307
905,-3.561918891760744,-1.5905626125874714,0.017333651299725018,4,0.0
905,-3.6396258087109263,0.4470279516702428,0.014791652229339945,9,0.0
906,-3.661187317232929,-0.576417910617084,0.017099156127815787,7,0.0
906,-3.6405785221147897,0.4471455299990056,0.014757514335141136,8,0.0
907,-3.568740947190699,-1.5853132111442538,0.014492438291283063,3,0.0
907,-3.6334363936165133,0.4462690173617755,0.01457904681106619,8,0.0
908,-3.5611292621626545,-1.5902099825358054,0.01649059904906573,4,0.0
908,-3.631445686158071,0.4460243621783738,0.014572501450144116,8,0.0
909,-3.6363587726798547,0.4537896767944388,0.01442969698090166,8,0.0
910,-3.649944715718643,-0.5833253672618856,0.01561220774795255,7,0.010834332225005757
911,-3.649352378762061,-0.586179846024532,0.015649249592109275,7,0.011451647747515014
911,-3.562043231708487,-1.5906184198576048,0.01649144523346569,4,0.0
912,-3.6419305221819998,0.436560729107516,0.01706251440640011,7,0.008102435141648238
913,-3.651500916513079,-0.5840160199044243,0.016671831343478338,7,0.00978135572744694
914,-3.64997649371268,-0.585982105599262,0.015594432669614359,7,0.01061653103606819
915,-3.6378480989474147,0.43249052606993704,0.014437963288094921,8,0.015744396076527993
916,-3.6316674830659053,0.44605161480787914,0.014768283540106874,8,0.0
917,-3.6528251334165667,-0.5732864042631631,0.01644636729069447,6,0.003103306741570229
917,-3.6376515201659836,0.42531197538444504,0.014444459174201795,8,0.0
918,-3.649233677400145,-0.5839980460540867,0.015253820451647719,7,0.011510551573025817
918,-3.5637035306037785,-1.5830784216765175,0.01607011080729378,7,0.008914473597783032
918,-3.6342462634106663,0.4463682022736328,0.014419814877786354,8,0.0
919,-3.6547980580712145,-0.5735951623277041,0.01645024262653602,7,0.003105978915495527
919,-3.5577833104025434,-1.5990747826458769,0.015757633336143037,4,0.0034474337295856885
920,-3.652876787445956,-0.5858547581913262,0.017027904760800606,7,0.008968624203338693
920,-3.5642637823219836,-1.5916100901438175,0.016913095315456955,4,0.0
920,-3.6384114759381445,0.4468790901344709,0.014594523005289824,8,0.0
921,-3.6568007107766345,-0.5757268117008323,0.017529193962515188,7,0.0
921,-3.633791478020589,1.4196735590271405,0.015270683984100033,8,0.0
921,-3.6580805915552332,0.434888156876916,0.01542065878784904,8,0.022209345405691985
922,-3.658774694739623,-0.5760366930574568,0.017531252423310942,7,0.0
923,-3.632255909217369,0.44612346780599815,0.014412695800679706,8,0.0
924,-3.632255909217369,0.44612346780599815,0.014412695800679706,8,0.0
925,-3.655430495527668,0.4345722743313609,0.015354492612203674,8,0.021953376161447248
926,-3.6560905804570587,0.4346544686643851,0.015030957402203842,8,0.022048506727567852
927,-3.6508727761012976,-0.5931839874369713,0.01633280056179206,4,0.0019854103944203314
928,-3.56310079440101,-1.5910906728805467,0.015674008222819284,4,0.0
928,-3.6391317319781837,0.4469675668841278,0.015232985781934322,8,0.0
929,-3.639405986998736,0.4470009562954955,0.014597651427173139,7,0.0
931,-3.632440886001968,0.4461461897993923,0.014575355534189986,8,0.0
933,-3.6448375266990167,-0.5702203439692569,0.015576399266049848,7,0.0
933,-3.6382996709768665,0.42538846880598297,0.014748105178381345,8,0.0
934,-3.6505719963349095,-0.5892703321743918,0.015251378101788152,4,0.0
934,-3.568316597209885,-1.5934200966645298,0.017341480625589985,4,0.0
934,-3.636642631227072,0.44666268839381384,0.01478379528540102,8,0.0
935,-3.5660923134525033,-1.592425754381487,0.016915319322031424,4,0.0
936,-3.655700045569972,-0.5755521945290566,0.016662831272666507,8,0.0
936,-3.5618105743865396,-1.5905116482552584,0.015271910415669563,4,0.0
936,-3.6356028086734136,0.45369541320898465,0.015518578668362619,8,0.0
937,-3.649352378762061,-0.586179846024532,0.015649249592109275,7,0.011451647747515014
937,-3.5669023471274164,-1.5844992764711945,0.017329509501651907,7,0.009030396505080472
937,-3.636176635374163,0.44660487870191523,0.015250539667049723,8,0.0
938,-3.5606078583955028,-1.58997833745138,0.016908701199547484,4,0.0
938,-3.6353033812939985,0.45365803805779825,0.015250688228950229,8,0.0
939,-3.6496618388626967,-0.5727893589041007,0.015693575415547938,8,0.0032099822448635124
939,-3.5651777684539483,-1.592016577899796,0.016913575553868382,4,0.0
939,-3.633657864007455,0.44629623013993447,0.014774532792654196,8,0.0
940,-3.639829185808582,0.43990071941703607,0.014607994737342313,8,0.016181875883807727
941,-3.651569647366024,-0.5894303816230685,0.015261994392894407,4,0.0
941,-3.5651777684539483,-1.592016577899796,0.016913575553868382,4,0.0
941,-3.6376371711802373,0.4467844049136236,0.0147866294513548,8,0.0
942,-3.650036504715635,-0.5859595686230309,0.016150122269955686,7,0.010643029692946627
943,-3.567006299714406,-1.5928322429494093,0.016915800127681936,4,0.0
943,-3.6173596251688336,1.4253693786057835,0.016651238502562508,9,0.017859077907250144
943,-3.633657864007455,0.44629623013993447,0.014774532792654196,8,0.0
944,-3.637759024350493,0.45396503550167217,0.014790091753477709,8,0.0
945,-3.6532202515088263,-0.5733484125295278,0.016069601697681114,7,0.0031574117630025775
945,-3.5642637823219836,-1.5916100901438175,0.016913095315456955,4,0.0
946,-3.5647853651113164,-1.5918413723997853,0.016494931039339245,4,0.0
946,-3.644915596721602,0.4405182571152021,0.014874808369717671,8,0.01735431417715832
947,-3.6576746295769156,-0.5758643922947,0.01666444255069595,8,0.0
947,-3.571014843859161,-1.5863272650938745,0.01691170049562246,6,0.009007894016020224
947,-3.6550491345334595,0.4369121823117644,0.015353519641801693,9,0.026479172446281708
948,-3.632440886001968,0.4461461897993923,0.014575355534189986,8,0.0
949,-3.6472924536385776,-0.5847157296541022,0.014961705843367389,7,0.012842274596660277
950,-3.649353028699986,-0.5846524719539354,0.016273892919024816,7,0.011568588701158044
950,-3.604614742335142,1.418251491230044,0.015514580319896026,8,0.0
951,-3.6537269550315474,-0.5752424089887154,0.016659878821255653,7,0.0
951,-3.5646604657804954,-1.5917872581371724,0.01733688319504259,4,0.0
951,-3.6345529599895343,0.4535643689027249,0.014585115962110172,8,0.0
952,-3.567816309328803,-1.5849055026160097,0.01733057075359508,7,0.009033206050698007
952,-3.632440886001968,0.4461461897993923,0.014575355534189986,8,0.0
953,-3.563746866962169,-1.591376004310657,0.01733466769150722,4,0.0
953,-3.639949700828092,0.4399179557218612,0.014849817520353078,8,0.01730951934567597
954,-3.6493348976327593,-0.593099748712785,0.015221857625802271,4,0.0
954,-3.638641054401811,0.42542837921558196,0.0144481980447579,8,0.0
955,-3.6568007107766345,-0.5757268117008323,0.017529193962515188,7,0.0
955,-3.562569362911514,-1.5908503695129232,0.016078468876406547,4,0.0
955,-3.6328370065447775,0.44977342715394397,0.014998560509936608,8,0.0
956,-3.648676669973458,-0.5918768994643657,0.015205339205628762,4,0.0022947656792778152
956,-3.6032056910074566,1.4279043653925785,0.01660979072106571,8,0.0
956,-3.6390397893380495,0.4326290994290611,0.014621071752193841,8,0.016593470608937122
957,-3.6492863270075095,-0.5784439256852778,0.016343671043064598,6,0.009373792439912673
957,-3.6352416394610683,0.44649005814364834,0.014422828656164208,8,0.0
958,-3.6473285117278014,-0.5847277494006857,0.01602246265883076,7,0.012482964302764585
958,-3.6381228136123487,0.44684451320217383,0.016108688715150556,8,0.0
959,-3.5714716998155387,-1.5865296650778298,0.017335530373338903,7,0.009042674852004275
959,-3.6304503044099414,0.44590193935611333,0.01456915011407826,8,0.0
960,-3.5664889406595948,-1.5926028776811727,0.017339033069921964,4,0.0
961,-3.6535966061370972,-0.5752207867751863,0.015813203207308234,7,0.0
961,-3.5643977053201747,-1.5916682848641013,0.01608192211545377,4,0.0
961,-3.63219784534917,0.44611678148214756,0.015239527135496502,7,0.0
962,-3.569643852624094,-1.585717266042332,0.017333122200562136,6,0.009038444461434944
962,-3.6351818442199297,0.4464831273662531,0.015248070353138273,8,0.0
963,-3.561290550391293,-1.594425569857019,0.01672386351319282,4,0.0
963,-3.6439230783194043,0.44039873922677675,0.014869775921116577,8,0.017346165799235223
964,-3.6371716814352912,0.4467276766369749,0.01525381395381093,9,0.0
965,-3.6386322218499036,0.4469062067148126,0.014789345877083474,7,0.0
966,-3.6582260532349378,-0.5759492897423487,0.017096106890056858,7,0.0
966,-3.6406211478212276,0.4471507662225511,0.014795193175203957,7,0.0
967,-3.651435581295067,-0.5834684109556797,0.01584296733109707,6,0.010539414320339398
967,-3.570775377022367,-1.6028333114883277,0.014518169059512694,3,0.0
967,-3.604130480583646,1.4282697052683855,0.016615336477730575,8,0.0
967,-3.6388828685403847,0.4469369963274018,0.015011487608559776,7,0.0
968,-3.649352378762061,-0.586179846024532,0.015649249592109275,7,0.011451647747515014
969,-3.651201562740214,-0.5870183055865917,0.017135308302148773,4,0.0
970,-3.6358990840008723,0.44657079448490145,0.01500342845679657,8,0.0
971,-3.6500849110820806,-0.5913786449712343,0.015478344941981541,4,0.0035593637797497494
971,-3.561273232211438,-1.5902745441922421,0.01567163969258437,4,0.0
971,-3.6022869724516697,1.4275387419677767,0.016599418678207536,8,0.0
971,-3.6339099030469724,0.44632719898610373,0.014997939833973307,8,0.0
972,-3.6365428427356927,0.4538126544562672,0.014591586802689077,8,0.0
974,-3.5594620047823433,-1.5936077822008343,0.016719172859858026,4,0.0
974,-3.641936520074936,0.44015832380471953,0.014860147101515318,8,0.017328437888971926
975,-3.6577874797375043,-0.5758801934968276,0.01753034077682102,7,0.0
975,-3.5608961938298007,-1.5901061618425654,0.015271146341692656,4,0.0
975,-3.640276526271719,0.4256192826523337,0.014758560104224917,8,0.0
976,-3.647194722993055,-0.592400512933911,0.014939048284888632,4,0.0006644121972217617
976,-3.6682232982766623,0.4252811958066303,0.015219785730362522,8,0.0
977,-3.6495812257645692,-0.5891083988683321,0.01524768970182503,4,0.0
977,-3.619653217378489,1.4222099187950827,0.01666362485348504,8,0.021630811643900044
977,-3.6353033812939985,0.45365803805779825,0.015250688228950229,8,0.0
978,-3.562043231708487,-1.5906184198576048,0.01649144523346569,4,0.0
979,-3.6518807184212116,-0.5818454312975807,0.016187958590441587,6,0.010777998698996046
979,-3.6378887024908355,0.44681531198215263,0.015009564233536908,8,0.0
980,-3.6517979306223,-0.5841689681800777,0.0162242223877724,7,0.010897338206456232
980,-3.563483690300607,-1.5912616830318382,0.016081361258476756,4,0.0
980,-3.6050545499333957,1.4286360615782754,0.016622286257228874,8,0.0
980,-3.6396258087109263,0.4470279516702428,0.014791652229339945,9,0.0
981,-3.637591312477828,0.45394353605504223,0.015523795579198774,8,0.0
982,-3.650640413070272,-0.583723364355466,0.015909744348635273,7,0.009770919252884425
982,-3.65376906609243,0.4343773957139418,0.015127333240402871,8,0.02207770111716921
983,-3.654583448448474,-0.5753772775264503,0.015814467442852195,6,0.0
983,-3.665222226376934,0.42493232326391045,0.015197981339290277,9,0.0
984,-3.6509221708425628,-0.5869398526250549,0.01625056284864152,7,0.011346027878374156
984,-3.5715761424524843,-1.5948748256119492,0.016922432452374393,4,0.0
984,-3.631156861291615,1.422704659218204,0.014424519860510925,8,0.0
985,-3.6558011463859885,0.4346181492328484,0.015152434150551815,8,0.021444097761558756
987,-3.6499057453074193,-0.5808562929376528,0.015763493305109472,6,0.00999192273395339
987,-3.638641054401811,0.42542837921558196,0.0144481980447579,8,0.0
988,-3.649352378762061,-0.586179846024532,0.015649249592109275,7,0.011451647747515014
988,-3.637416271817804,0.4467572617650336,0.014591664982562863,8,0.0
990,-3.65013919756496,-0.5874320735982841,0.015155096195853618,7,0.012182268910235224
991,-3.564160604159371,-1.5832831642713885,0.01732561763030497,7,0.009024568653839367
992,-3.6565571851733596,-0.575687209359107,0.015816793196969,7,0.0
992,-3.5669023471274164,-1.5844992764711945,0.017329509501651907,6,0.009030396505080472
992,-3.634308344759249,0.45353324379717347,0.015247421678072252,8,0.0
993,-3.6533026097586725,0.4366878289037943,0.014957313658089671,9,0.028331920016222385
994,-3.6483648057154174,-0.5844930842038197,0.01627123002780366,6,0.011564540145923985
994,-3.634430901845125,0.44639088293250434,0.014582172590426387,8,0.0
995,-3.569643852624094,-1.585717266042332,0.017333122200562136,7,0.009038444461434944
995,-3.6344698757023544,0.44734844730808104,0.015195685581318437,9,0.0
996,-3.5655749456604933,-1.5921939148985766,0.017337866112427325,4,0.0
996,-3.643434298397417,0.43313726096206706,0.014987701851008447,8,0.020124305647593595
997,-3.6547980580712145,-0.5735951623277041,0.01645024262653602,6,0.003105978915495527
997,-3.637310662484035,0.4252721179969572,0.014743899380048518,8,0.0
998,-3.5608961938298007,-1.5901061618425654,0.015271146341692656,4,0.0
998,-3.640448291142878,0.4184825433087315,0.014453051671715974,9,0.0
999,-3.6521979649697305,-0.5871778565184634,0.017144814631806976,7,0.0
999,-3.636526026418101,0.44804316138261036,0.01639363680055729,9,0.0016573916919228483
1000,-3.64908161545773,-0.591033769654898,0.01472333523809237,4,0.0
1002,-3.6527679425902915,-0.5789479756395998,0.01672735113080887,7,0.009279056698735265
1002,-3.638641054401811,0.42542837921558196,0.0144481980447579,8,0.0
1003,-3.632255909217369,0.44612346780599815,0.014412695800679706,8,0.0
1004,-3.658660534842476,-0.5760177413199143,0.016666430968509994,7,0.0
1004,-3.6585888446819235,0.4277601252696689,0.015717439099483952,9,0.015989663182163712
1005,-3.651435581295067,-0.5834684109556797,0.01584296733109707,7,0.010539414320339398
1005,-3.634034290215885,0.4476251946209945,0.015886421868514744,9,0.001833363323013813
1006,-3.6510507850400304,-0.5942613363881937,0.017143411731893765,4,0.0
1006,-3.5612166593793426,-1.5923191438543531,0.016103351505635653,4,0.0034205307610711225
1006,-3.6332516142363596,0.4462463129259641,0.014416561400323437,8,0.0
1007,-3.650260869380741,-0.5728837201054615,0.016063817330755275,7,0.003153543435107189
1007,-3.5629576227106234,-1.5910236876945665,0.016492108791887873,4,0.0
1007,-3.601366227203799,1.427173655613068,0.016589835567631463,8,0.0
1007,-3.6304503044099414,0.44590193935611333,0.01456915011407826,8,0.0
1008,-3.5618105743865396,-1.5905116482552584,0.015271910415669563,4,0.0
1008,-3.632440886001968,0.4461461897993923,0.014575355534189986,8,0.0
1009,-3.6396297218660654,0.4255433451289167,0.014453486097216698,8,0.0
1011,-3.6530866061846408,-0.5818817357954303,0.01656415149657963,6,0.007921897261971936
1011,-3.6388362935123544,0.43978053020340124,0.014603770957664929,8,0.016174171657147268
1012,-3.649485643945435,-0.5823167556241209,0.016834464890701555,8,0.013678044724958236
1012,-3.6396297218660654,0.4255433451289167,0.014453486097216698,8,0.0
1013,-3.5612166593793426,-1.5923191438543531,0.016103351505635653,4,0.0034205307610711225
1013,-3.6378887024908355,0.44681531198215263,0.015009564233536908,8,0.0
1014,-3.6510574661229973,-0.5845238962191635,0.016191629686965386,7,0.011953930128317152
1014,-3.5687301672832294,-1.5853122711510443,0.016490536411273238,7,0.008966729512353512
1014,-3.655524960066696,0.4369628548963507,0.01549432608318836,9,0.0283781109107533
1015,-3.6424799363357154,0.44021865954831607,0.014469671323351451,8,0.01532283953932006
1016,-3.6558137644790176,-0.5755703542597053,0.01752801621628611,7,0.0
1016,-3.6416081484248375,0.42577528390639025,0.014461995336834909,8,0.0
1017,-3.6504724055828413,-0.5824718196258144,0.01683587466848488,7,0.013679699994769852
1017,-3.6416081484248375,0.42577528390639025,0.014461995336834909,8,0.0
1018,-3.6420844737611415,0.4186700883096755,0.014763606414393353,9,0.0
1019,-3.649982840051622,-0.5832763668944677,0.01547417673802686,7,0.01069193859579121
1019,-3.637354473240061,0.4539145205511239,0.014433559600571801,8,0.0
1020,-3.638532851223482,0.45406134330338266,0.014598397158937869,8,0.0
1021,-3.648590410491689,-0.5825439480847799,0.016166023375701794,7,0.012654292290500647
1021,-3.5659881619394924,-1.584094279660523,0.01648613408094008,7,0.008958686525837303
1022,-3.656252125263718,-0.575639394237264,0.01709398771299007,7,0.0
1022,-3.637759024350493,0.45396503550167217,0.014790091753477709,8,0.0
1023,-3.6481198061059645,-0.5865160297693621,0.015599207684873112,7,0.011589721473254256
1023,-3.565988343272104,-1.5840932906645375,0.017328520130778558,7,0.009030208028507663
1023,-3.6376371711802373,0.4467844049136236,0.0147866294513548,8,0.0
1024,-3.637759024350493,0.45396503550167217,0.014790091753477709,7,0.0
1025,-3.6388828685403847,0.4469369963274018,0.015011487608559776,8,0.0
1026,-3.6406211478212276,0.4471507662225511,0.014795193175203957,7,0.0
1027,-3.6488599533654766,-0.5825600536584056,0.01631805540654905,7,0.012395474702048109
1028,-3.654181906531275,-0.587498732126644,0.01715440934030635,7,0.0
1029,-3.639405986998736,0.4470009562954955,0.014597651427173139,7,0.0
1030,-3.6508932461293844,-0.581687465222354,0.016185893655299793,7,0.01077232308736892
1030,-3.5714716998155387,-1.5865296650778298,0.017335530373338903,7,0.009042674852004275
1030,-3.654285099581783,0.43681344880909795,0.01540660955242953,9,0.02756463207607443
1031,-3.6485866530251774,-0.5889488464523595,0.015240104889305307,4,0.0
1031,-3.559049624773827,-1.591351897551699,0.015753455172039348,4,0.003440689105872215
1031,-3.638010009313159,0.4539963751585788,0.015012594725898049,8,0.0
1032,-3.567359165394893,-1.5847015314169293,0.016075843634644402,7,0.008923522147304068
1032,-3.6386322218499036,0.4469062067148126,0.014789345877083474,9,0.0
1033,-3.566902332192793,-1.584499190802236,0.01648789792492824,7,0.008962279047797197
1033,-3.638165319327814,0.446849301450618,0.01525583174864675,9,0.0
1034,-3.5621871058333325,-1.5906797309303708,0.01567182793225083,4,0.0
1034,-3.6349041713596266,0.44644901852298785,0.01500084208110313,8,0.0
1035,-3.6378887024908355,0.44681531198215263,0.015009564233536908,7,0.0
1036,-3.652739566239986,-0.575085794260901,0.016659169081511528,6,0.0
1036,-3.567816309328803,-1.5849055026160097,0.01733057075359508,7,0.009033206050698007
1036,-3.6312700566053793,0.44600278222409945,0.014418042771555643,8,0.0
1037,-3.6460630260561664,-0.5904054253398481,0.014635263297604284,4,0.0002258987663783596
1037,-3.572601853122826,-1.6036530560724613,0.014520416198522526,3,0.0
1037,-3.635673631612308,0.4250810391986193,0.014434923408946183,8,0.0
1038,-3.6502739734413088,-0.5786018455129521,0.016345659241854212,6,0.00937842793980264
1038,-3.639949700828092,0.4399179557218612,0.014849817520353078,8,0.01730951934567597
1039,-3.651569647366024,-0.5894303816230685,0.015261994392894407,4,0.0
1040,-3.650648411524573,-0.5729445372518363,0.015695239234111903,7,0.003211183505204304
1040,-3.5581909044856026,-1.6013304110643605,0.016723756792150626,4,0.0
1040,-3.658850468178475,0.42779070823055904,0.015485729458956439,9,0.015929166365249735
1042,-3.654583448448474,-0.5753772775264503,0.015814467442852195,7,0.0
1042,-3.6332795416579278,0.449189494398705,0.01715716946831252,9,0.0
1043,-3.650455308509859,-0.585525303901655,0.016636520089936838,6,0.009089929155628692
1044,-3.6539909601312206,-0.5888668793779511,0.01484297460264482,4,0.0
1044,-3.5662076515087078,-1.600781238106499,0.014509541286320012,3,0.0
1044,-3.640169868220347,0.43994188874631046,0.01460782090472865,8,0.016201946209235363
1045,-3.6532202515088263,-0.5733484125295278,0.016069601697681114,7,0.0031574117630025775
1045,-3.636591095711661,0.4466563577988373,0.014738239319389232,8,0.0
1046,-3.650622042455048,-0.5796091007050959,0.016806140493058883,7,0.011799410220272394
1046,-3.6560926326851306,0.4388427451640267,0.015247443896297836,9,0.02143776000345012
1047,-3.6493963675227916,-0.5817940235457223,0.01674641192966644,7,0.011594006440020677
1047,-3.5714716998155387,-1.5865296650778298,0.017335530373338903,7,0.009042674852004275
1048,-3.571014843859161,-1.5863272650938745,0.01691170049562246,7,0.009007894016020224
1048,-3.6389792576954183,0.4469493146411715,0.01598664602893456,8,0.0
1049,-3.649980305505368,-0.5815317981449764,0.01636648482415266,7,0.011693246676875994
1049,-3.5542485407005766,-1.5871367217747245,0.01615038821127969,4,0.021208730642352673
1049,-3.638471248600356,0.4468873147686558,0.01642471818622744,8,0.0
1050,-3.646391658250863,0.4406591227323161,0.01542564405015939,9,0.02132346926581097
1051,-3.6394592808143513,0.44700780320951045,0.015525872507546086,9,0.0
1052,-3.563483690300607,-1.5912616830318382,0.016081361258476756,4,0.0
1052,-3.630272960978841,0.44588015679167187,0.014413188136088837,8,0.0
1053,-3.570557816395886,-1.5861234845437817,0.017334219408377184,7,0.009039013743262549
1053,-3.64017791791016,0.43992764238656057,0.014628689520782705,8,0.016617688907473584
1054,-3.6575501922827365,-0.5958411416169589,0.014786417376793145,4,0.0
1054,-3.5642637823219836,-1.5916100901438175,0.016913095315456955,4,0.0
1055,-3.644415542065567,-0.5701543342765464,0.0150689014534923,7,0.0
1055,-3.6352416394610683,0.44649005814364834,0.014422828656164208,8,0.0
1056,-3.6334363936165133,0.4462690173617755,0.01457904681106619,8,0.0
1057,-3.567920044271233,-1.5932429942349107,0.01691785097862371,4,0.0
1057,-3.639426609633415,0.43267638611467096,0.014525006600774763,8,0.016157871847762073
1058,-3.6497521642891186,-0.5785683247584422,0.0159763240388664,7,0.009541473825363364
1058,-3.6348360564797395,0.45002014646692157,0.015012664701576936,9,0.0
1059,-3.5755229321598723,-1.5966374559544563,0.015293404206197438,3,0.0
1059,-3.6372498476102284,0.44673681228549594,0.014445306811084737,8,0.0
1060,-3.6513553567343977,-0.5828298993022505,0.01654850212219428,6,0.012072245294077927
1060,-3.5687301672832294,-1.5853122711510443,0.016490536411273238,7,0.008966729512353512
1060,-3.633657864007455,0.44629623013993447,0.014774532792654196,8,0.0
1062,-3.651838104395533,-0.5731303830005365,0.016445021296533746,7,0.0031023177445763574
1062,-3.578641308122727,-1.5980299162666634,0.015696776316760957,3,0.0
1063,-3.632914722196962,0.4462043944164226,0.014994541923515823,8,0.0
1064,-3.650648411524573,-0.5729445372518363,0.015695239234111903,7,0.003211183505204304
1064,-3.567816309328803,-1.5849055026160097,0.01733057075359508,7,0.009033206050698007
1064,-3.635025855388515,0.45362339669446317,0.015003540529138056,8,0.0
1065,-3.6547980580712145,-0.5735951623277041,0.01645024262653602,6,0.003105978915495527
1065,-3.6414866644798956,0.44009815089450904,0.014464896453110894,8,0.015313721319966816
1066,-3.567140243190373,-1.5928947313608577,0.01608646538094486,4,0.0
1066,-3.6431483665222792,0.44030195024433916,0.014622062850452706,8,0.016226951949008247
1069,-3.6524897636706424,-0.5928031955997355,0.015288850244796665,7,0.0
1069,-3.5596315021710856,-1.5978280679170436,0.015272916665516797,4,0.0
1069,-3.636793659641058,0.446680651301385,0.015803776766412498,9,0.0
1070,-3.631156861291615,1.422704659218204,0.014424519860510925,8,0.0
1070,-3.6276875091443594,0.44556274541897095,0.014755823291002014,8,0.0
1071,-3.5692309973015854,-1.5938272205416961,0.01734267805942478,4,0.0
1071,-3.6389564497103604,0.4397984086078927,0.014844583673612126,8,0.017300409342694445
1072,-3.6509221708425628,-0.5869398526250549,0.01625056284864152,7,0.011346027878374156
1072,-3.640169868220347,0.43994188874631046,0.01460782090472865,8,0.016201946209235363
1073,-3.6577874797375043,-0.5758801934968276,0.01753034077682102,8,0.0
1073,-3.561792342688526,-1.5925781461155961,0.015759122323065436,4,0.0034432074631359742
1074,-3.650729211775197,-0.5852364833867088,0.016339486841521974,7,0.012320698860496259
1074,-3.561290550391293,-1.594425569857019,0.01672386351319282,4,0.0
1074,-3.636336935255458,0.43946867862280936,0.014585042356293917,8,0.015329144878183772
1075,-3.6538339031497418,-0.596115405843666,0.014848741684773868,7,0.0
1075,-3.5654271101271777,-1.5838417257534871,0.016066271066126764,4,0.0
1075,-3.6318342561089003,0.4496478522453566,0.014988175888970789,9,0.0
1076,-3.649139164804966,-0.5859064667784801,0.014949184504871378,7,0.0109624768518957
1077,-3.6502928747614365,-0.5852044715045928,0.016029955345710067,7,0.012495327226771095
1078,-3.562043231708487,-1.5906184198576048,0.01649144523346569,4,0.0
1079,-3.6558137644790176,-0.5755703542597053,0.01752801621628611,7,0.0
1079,-3.6353033812939985,0.45365803805779825,0.015250688228950229,8,0.0
1080,-3.64907123345617,-0.5820107639106769,0.016457148543784966,7,0.011501154942019547
1080,-3.6363587726798547,0.4537896767944388,0.01442969698090166,8,0.0
1081,-3.6471626579839067,-0.5855884393285242,0.014944680838727692,7,0.010954155781757232
1081,-3.6316674830659053,0.44605161480787914,0.014768283540106874,8,0.0
1082,-3.6475783748782877,-0.5856265856576397,0.015260688154500802,7,0.01077342603536393
1082,-3.571014843859161,-1.5863272650938745,0.01691170049562246,7,0.009007894016020224
1082,-3.6354261038386446,0.4465127109729704,0.014585028672356202,9,0.0
1083,-3.5606078583955028,-1.58997833745138,0.016908701199547484,4,0.0
1084,-3.5692309973015854,-1.5938272205416961,0.01734267805942478,4,0.0
1084,-3.632440886001968,0.4461461897993923,0.014575355534189986,8,0.0
1085,-3.5714717059622334,-1.586529543857024,0.01649413300366817,7,0.008971708623211163
1085,-3.6378441279285996,0.43966113242859706,0.01459893347985412,8,0.016165147311902415
1086,-3.6481198061059645,-0.5865160297693621,0.015599207684873112,7,0.011589721473254256
1086,-3.635773396154812,0.4250930363141469,0.015224406293031418,8,0.0
1087,-3.570557816395886,-1.5861234845437817,0.017334219408377184,6,0.009039013743262549
1087,-3.671221285903632,0.4256278383636557,0.015237926414363527,8,0.0
1088,-3.6478914434233194,-0.5725104690179416,0.016438241502473937,6,0.003097659218046095
1088,-3.5608961938298007,-1.5901061618425654,0.015271146341692656,4,0.0
1088,-3.637274702231629,0.4467402103445694,0.017143666666921225,8,0.0
1089,-3.568730047621445,-1.585310127839904,0.017331642272094758,7,0.009034148523977844
1089,-3.6294547994435127,0.44577911202545206,0.014565461201460243,8,0.0
1090,-3.6490580625982227,-0.5929695923732148,0.015545732317627781,4,0.0018490603645258527
1090,-3.639405986998736,0.4470009562954955,0.014597651427173139,7,0.0
1091,-3.649274261429282,-0.5727285256972555,0.016062189183708348,7,0.0031525481197966663
1091,-3.653182838917051,0.43667125333674645,0.015596186711501462,9,0.03005768956912238
1092,-3.6479733473898315,-0.5788568782172059,0.016200263547870932,6,0.010752682231135624
1092,-3.5647853651113164,-1.5918413723997853,0.016494931039339245,4,0.0
1092,-3.655473173086136,0.43696746496527766,0.016467084627245932,9,0.027128329410974678
1093,-3.647117925419328,-0.5908970572949453,0.015472077796629432,4,0.0035649692980166668
1093,-3.653440691332978,0.4367274110833424,0.015529381809179595,9,0.02574052652691634
1094,-3.568730047621445,-1.585310127839904,0.017331642272094758,7,0.009034148523977844
1094,-3.639504672261459,0.4398637581369981,0.014755671572373959,8,0.016797422109790364
1095,-3.5608961938298007,-1.5901061618425654,0.015271146341692656,4,0.0
1095,-3.6385117513793865,0.4397442476684112,0.014750451636630576,8,0.016788614462965597
1096,-3.561655679975216,-1.5904453423287404,0.016078521691186287,4,0.0
1096,-3.6338307396347167,0.4475530595736379,0.01568272054427161,8,0.0019265357149423172
1097,-3.652620628420734,-0.5732532247173736,0.01569980769583811,6,0.0032139248722409417
1097,-3.5656410088027575,-1.5839349719315634,0.01487042673745901,4,0.0
1097,-3.6339099030469724,0.44632719898610373,0.014997939833973307,9,0.0
1098,-3.649980305505368,-0.5815317981449764,0.01636648482415266,7,0.011693246676875994
1098,-3.5608961938298007,-1.5901061618425654,0.015271146341692656,4,0.0
1098,-3.6312605354590026,0.4460016123418232,0.0144096841122118,8,0.0
1099,-3.6551442590668866,-0.5754657013642195,0.01623595862602071,6,0.0
1101,-3.6347847672431883,0.4249771059973668,0.015219632798726039,8,0.0
1102,-3.6528251334165667,-0.5732864042631631,0.01644636729069447,7,0.003103306741570229
1102,-3.5678163355868784,-1.5849051778537424,0.01648896444548246,7,0.008962554540963862
1102,-3.636322306662581,0.4251572012308705,0.014738328328011073,8,0.0
1103,-3.652239778179112,0.4365719989342424,0.014890489393312232,9,0.026140780537509872
1105,-3.6376371711802373,0.4467844049136236,0.0147866294513548,9,0.0
1106,-3.6388828685403847,0.4469369963274018,0.015011487608559776,8,0.0
1107,-3.6493883492168027,-0.5837146398949424,0.016477100725848584,7,0.012311542772110983
1108,-3.56310079440101,-1.5910906728805467,0.015674008222819284,4,0.0
1108,-3.654807203117501,0.4344998607590145,0.015149377977041615,8,0.02143938326626831
1109,-3.636322306662581,0.4251572012308705,0.014738328328011073,8,0.0
1110,-3.640618935740881,0.4256593145785835,0.01445774018808379,8,0.0
1111,-3.6357997054186315,0.44655902434360284,0.015802081401594455,9,0.0
1112,-3.6370151908679302,0.45387161817857136,0.015009517899424892,8,0.0
1113,-3.6498013683610613,-0.5898375621868359,0.015829046463543876,4,0.0018675140761170248
1113,-3.5584743095589975,-1.5910953658264257,0.016098866144115646,4,0.003415782223987071
1113,-3.6140655416392358,1.424138176913397,0.01738468121878245,8,0.022205270496955677
1113,-3.64017791791016,0.43992764238656057,0.014628689520782705,8,0.016617688907473584
1114,-3.637416271817804,0.4467572617650336,0.014591664982562863,8,0.0
1115,-3.561290550391293,-1.594425569857019,0.01672386351319282,4,0.0
1115,-3.638010009313159,0.4539963751585788,0.015012594725898049,8,0.0
1116,-3.6478139006877264,-0.5830598814241038,0.01604101135579862,7,0.012921505454459538
1116,-3.5621314687627583,-1.5927297758945798,0.01610640029636039,4,0.003419747210361288
1116,-3.638010009313159,0.4539963751585788,0.015012594725898049,8,0.0
1117,-3.6521979649697305,-0.5871778565184634,0.017144814631806976,4,0.0
1117,-3.6390042747744005,0.45412019165458384,0.015015493277609208,8,0.0
1118,-3.6392813107096003,0.45415477437305474,0.01526218462401174,8,0.0
1119,-3.5662076515087078,-1.600781238106499,0.014509541286320012,3,0.0
1120,-3.654583448448474,-0.5753772775264503,0.015814467442852195,6,0.0
1120,-3.6312605354590026,0.4460016123418232,0.0144096841122118,8,0.0
1121,-3.6512984015958345,-0.5859370603252442,0.015900520328468865,7,0.012943598001949927
1121,-3.6398771392620772,0.4470588165122559,0.01501439224247353,8,0.0
1122,-3.651527947694889,-0.5823666339595119,0.0168294091757605,6,0.011356697589118397
1122,-3.6059160170623876,1.4149382756589106,0.01551526936473991,8,0.0
1122,-3.6342462634106663,0.4463682022736328,0.014419814877786354,8,0.0
1124,-3.6505719963349095,-0.5892703321743918,0.015251378101788152,4,0.0
1124,-3.5673594826547363,-1.5847028894537436,0.01690669298958311,7,0.008998660462424765
1124,-3.6402178807400234,0.4471012281207276,0.01443990376255733,8,0.0
1125,-3.6568007107766345,-0.5757268117008323,0.017529193962515188,7,0.0
1126,-3.566613957187673,-1.5926570839345293,0.01649723450645385,4,0.0
1127,-3.6445870204352193,-0.5994039442004173,0.014549608262979902,7,0.0
1127,-3.565699450746369,-1.5922503122090166,0.01649617411952097,4,0.0
1127,-3.6578332241343112,0.42767179561291935,0.014799587870369117,9,0.014590294545429691
1128,-3.565699450746369,-1.5922503122090166,0.01649617411952097,4,0.0
1128,-3.63751655455221,0.43961902789844,0.014447272840471847,8,0.015283822641951396
1129,-3.651634529789916,-0.5730982162639064,0.015697656140719007,7,0.0032129209263216454
1129,-3.566902332192793,-1.584499190802236,0.01648789792492824,7,0.008962279047797197
1130,-3.649223510049406,-0.5745339293495205,0.016228401900431448,7,0.0
1130,-3.6228035203728717,1.4356689448858735,0.014406004158974691,8,0.0
1130,-3.635647294663986,0.44653987393017525,0.014780256649381497,8,0.0
1131,-3.646969871987767,-0.586305184217557,0.01624255668485955,7,0.011334321022788791
1131,-3.569643852624094,-1.585717266042332,0.017333122200562136,7,0.009038444461434944
1131,-3.6404971791030145,0.43998395560806064,0.014759996432498356,8,0.016804886182342736
1132,-3.6495528885493007,-0.5820509238469846,0.016825376392649163,7,0.011348129401497575
1132,-3.567006299714406,-1.5928322429494093,0.016915800127681936,4,0.0
1133,-3.654278954061303,-0.5753294835701137,0.017091168433453992,7,0.0
1133,-3.5618105743865396,-1.5905116482552584,0.015271910415669563,4,0.0
1133,-3.637538260310434,0.44793851891379216,0.015419103011990263,9,0.0021252858656099485
1134,-3.6506363462206215,-0.5747554146064285,0.015809298955285735,7,0.0
1134,-3.6402178807400234,0.4471012281207276,0.01443990376255733,8,0.0
1135,-3.5621314687627583,-1.5927297758945798,0.01610640029636039,4,0.003419747210361288
1135,-3.638532851223482,0.45406134330338266,0.014598397158937869,8,0.0
1136,-3.5639596102864326,-1.593547469337126,0.016109928180348485,4,0.0034235055500167607
1136,-3.634430901845125,0.44639088293250434,0.014582172590426387,8,0.0
1137,-3.6312605354590026,0.4460016123418232,0.0144096841122118,8,0.0
1138,-3.6505719963349095,-0.5892703321743918,0.015251378101788152,4,0.0
1138,-3.6365428427356927,0.4538126544562672,0.014591586802689077,8,0.0
1139,-3.6416081484248375,0.42577528390639025,0.014461995336834909,8,0.0
1140,-3.5642637823219836,-1.5916100901438175,0.016913095315456955,4,0.0
1140,-3.639527049688526,0.4541851682718544,0.01460124895848427,8,0.0
1141,-3.5616405279013623,-1.5987331434113323,0.014503124262306313,3,0.0
1143,-3.64908161545773,-0.591033769654898,0.01472333523809237,4,0.0
1143,-3.635025855388515,0.45362339669446317,0.015003540529138056,8,0.0
1144,-3.561655679975216,-1.5904453423287404,0.016078521691186287,4,0.0
1144,-3.6316674830659053,0.44605161480787914,0.014768283540106874,8,0.0
1146,-3.570557702512514,-1.5861235567392482,0.01649306529046727,7,0.008971431883568195
1147,-3.6514526413241892,-0.5793775486361348,0.016569668843960838,6,0.010570289569828053
1148,-3.6509066158019414,-0.5895778426981059,0.016724858495886574,8,0.011700455984321049
1148,-3.6368942669956934,0.4466935991963848,0.01500682831067752,9,0.0
1149,-3.651527947694889,-0.5823666339595119,0.0168294091757605,6,0.011356697589118397
1149,-3.6356028086734136,0.45369541320898465,0.015518578668362619,8,0.0
1150,-3.6455777203724304,-0.599564899801247,0.01455306576416073,8,0.0
1150,-3.5701008865429635,-1.5859209697834604,0.01608008593179072,7,0.008931795616195372
1150,-3.636476080580285,0.44664165155329516,0.015518381657719089,8,0.0
1151,-3.6166151613445168,1.422085707617882,0.01609718904432709,8,0.020829528659208275
1151,-3.6339322209671048,0.453486594976893,0.015798933049503576,8,0.0
1152,-3.561273232211438,-1.5902745441922421,0.01567163969258437,4,0.0
1152,-3.619363952154201,1.4150666616472711,0.016099006311492203,7,0.020853987750210315
1152,-3.639405986998736,0.4470009562954955,0.014597651427173139,8,0.0
1153,-3.648789359732678,-0.5808259013614816,0.01598011669180098,7,0.010238243685952038
1153,-3.6339099030469724,0.44632719898610373,0.014997939833973307,8,0.0
1154,-3.654278954061303,-0.5753294835701137,0.017091168433453992,7,0.0
1154,-3.6372321393921467,0.44673463637708155,0.014429761010166554,8,0.0
1155,-3.651569647366024,-0.5894303816230685,0.015261994392894407,7,0.0
1155,-3.56965304423379,-1.5857183825972783,0.014494293085147957,3,0.0
1155,-3.6354261038386446,0.4465127109729704,0.014585028672356202,8,0.0
1156,-3.561655679975216,-1.5904453423287404,0.016078521691186287,4,0.0
1156,-3.6381338972156483,0.4468454404386625,0.015227800862976953,9,0.0
1157,-3.6471305593233563,-0.5863555565096049,0.01559586598333369,7,0.011584637924297389
1157,-3.5636383843631236,-1.5913292530733532,0.015274782265978698,4,0.0
1157,-3.635768479159057,0.45371581164240105,0.014783351182569392,8,0.0
1158,-3.568165221741306,-1.5850575325202092,0.01607093739714527,4,0.0
1158,-3.6022869724516697,1.4275387419677767,0.016599418678207536,8,0.0
1158,-3.6363587726798547,0.4537896767944388,0.01442969698090166,8,0.0
1159,-3.648956832672239,-0.5821158426238221,0.016275914481262106,7,0.013554813778999805
1159,-3.5630455255001072,-1.5931382279498978,0.01610828062870183,4,0.003422622810733785
1159,-3.630272960978841,0.44588015679167187,0.014413188136088837,8,0.0
1160,-3.631919579209269,1.4251441570473493,0.015624693112082954,8,0.0
1161,-3.6249928085001057,1.4365364694544254,0.01669036174664195,8,0.0
1161,-3.632278316243459,0.44612581381036676,0.017108522582277786,8,0.0
1162,-3.6343180110817817,1.421804277915084,0.015639132879793863,8,0.0
1162,-3.6632240350988092,0.42470198662269687,0.015186671011300426,8,0.0
1163,-3.5664451995467097,-1.5842955599803665,0.016905574062999126,7,0.008996450503060345
1163,-3.637002131214346,0.43954680923212175,0.014437191688648609,8,0.015768359560113996
1164,-3.6568007107766345,-0.5757268117008323,0.017529193962515188,7,0.0
1164,-3.5638713657563446,-1.5914348278431982,0.016494411705111307,4,0.0
1164,-3.6312605354590026,0.4460016123418232,0.0144096841122118,8,0.0
1165,-3.6501632614202246,-0.5792380940309091,0.016092791064388073,6,0.011050365186491044
1165,-3.561917435400547,-1.594707129561919,0.01644673366688411,4,0.0
1166,-3.6558011463859885,0.4346181492328484,0.015152434150551815,8,0.021444097761558756
1167,-3.6501844734239026,-0.5819639508021166,0.01619938071652118,6,0.011125235447570127
1167,-3.565074488869133,-1.5836893850006053,0.016485083989460345,7,0.008957893671032257
1168,-3.648022741037929,-0.5848922980199092,0.015645522778797275,7,0.012906866035558405
1168,-3.5599641211535045,-1.591761136745796,0.015755412924097986,4,0.00344187083784938
1168,-3.6379942472729603,0.43966651096167775,0.01444159153905918,8,0.015770534984023907
1169,-3.6487857458912796,-0.5860586823866891,0.015983900659255174,7,0.011334987201547764
1169,-3.6586904849400845,0.4277718555227457,0.0149258674855074,9,0.014869350371387445
1170,-3.6558137644790176,-0.5755703542597053,0.01752801621628611,7,0.0
1170,-3.5715761424524843,-1.5948748256119492,0.016922432452374393,4,0.0
1171,-3.652610512809531,-0.5750674725012606,0.015811352141330927,7,0.0
1171,-3.566902332192793,-1.584499190802236,0.01648789792492824,7,0.008962279047797197
1171,-3.635773396154812,0.4250930363141469,0.015224406293031418,8,0.0
1172,-3.648601106997277,-0.5930596777453772,0.015493100366232936,4,0.0
1172,-3.564015336535364,-1.5914975597278784,0.015675154081754978,4,0.0
1172,-3.604614742335142,1.418251491230044,0.015514580319896026,8,0.0
1172,-3.6383037155697684,0.45003601711144836,0.017369828107154178,9,0.00038966714248575215
1173,-3.5643977053201747,-1.5916682848641013,0.01608192211545377,4,0.0
1173,-3.6331457437092576,0.4462327724059938,0.015200163802597151,9,0.0
1174,-3.6506363462206215,-0.5747554146064285,0.015809298955285735,7,0.0
1174,-3.6346849585702397,0.4249660724717211,0.014429640348382728,8,0.0
1175,-3.6335999612425907,0.4462891154412423,0.014723347672607748,8,0.0
1176,-3.565699450746369,-1.5922503122090166,0.01649617411952097,4,0.0
1176,-3.6326020777742944,0.44616599011329483,0.014717558302652927,8,0.0
1177,-3.633264154596946,0.446247853800377,0.01442757064034151,8,0.0
1178,-3.6518807184212116,-0.5818454312975807,0.016187958590441587,6,0.010777998698996046
1178,-3.5646175136946594,-1.5834846765758617,0.016902317962853915,7,0.008990138339674244
1178,-3.633264154596946,0.446247853800377,0.01442757064034151,8,0.0
1179,-3.6530589284264923,-0.5853900614310197,0.016640186042641534,6,0.009005093553898653
1179,-3.561655679975216,-1.5904453423287404,0.016078521691186287,4,0.0
1179,-3.6396297218660654,0.4255433451289167,0.014453486097216698,8,0.0
1180,-3.5621871058333325,-1.5906797309303708,0.01567182793225083,4,0.0
1182,-3.6465640481427446,-0.5927130315526766,0.01542613019401621,7,0.0
1182,-3.6517228422698924,0.4365091484799459,0.015313786280804731,9,0.027288258568966488
1183,-3.567359165394893,-1.5847015314169293,0.016075843634644402,7,0.008923522147304068
1183,-3.6316674830659053,0.44605161480787914,0.014768283540106874,8,0.0
1184,-3.6480711655953146,-0.5868119365760225,0.015046517221918028,4,0.0
1184,-3.628835287124645,0.44927641958700587,0.014966286950428485,9,0.0
1185,-3.64793022048782,-0.5812130321810545,0.016180147421507876,6,0.010759816135890363
1185,-3.569748114505788,-1.59405938524928,0.01692074500286397,4,0.0
1185,-3.634430901845125,0.44639088293250434,0.014582172590426387,8,0.0
1186,-3.657297716739146,0.42760928218005867,0.015201877920113339,9,0.015078990418019252
1187,-3.658774694739623,-0.5760366930574568,0.017531252423310942,8,0.0
1187,-3.634595963771848,0.446411158847705,0.014727790123495043,9,0.0
1188,-3.648705256215061,-0.5866211413262963,0.015300357331873637,7,0.011743461397790228
1188,-3.558530555819748,-1.5890480765513404,0.015666954100176135,4,0.0
1188,-3.6022869724516697,1.4275387419677767,0.016599418678207536,8,0.0
1188,-3.633264154596946,0.446247853800377,0.01442757064034151,8,0.0
1189,-3.6577874797375043,-0.5758801934968276,0.01753034077682102,7,0.0
1189,-3.5647853651113164,-1.5918413723997853,0.016494931039339245,4,0.0
1190,-3.651569647366024,-0.5894303816230685,0.015261994392894407,4,0.0
1190,-3.636642631227072,0.44666268839381384,0.01478379528540102,7,0.0
1191,-3.6521841925149103,-0.5750003637550358,0.01623187613809529,7,0.0
1191,-3.661611577976748,0.4281132647494052,0.016002815469848542,9,0.017259114706748666
1192,-3.6506363462206215,-0.5747554146064285,0.015809298955285735,6,0.0
1192,-3.571014843859161,-1.5863272650938745,0.01691170049562246,6,0.009007894016020224
1192,-3.6392877809583664,0.42550335669754846,0.014753892985763815,8,0.0
1193,-3.655265465642268,-0.5754837404116111,0.017092612659691774,8,0.0
1193,-3.6363385570227504,0.4489785550698865,0.01683685399002817,9,0.0
1194,-3.631445686158071,0.4460243621783738,0.014572501450144116,8,0.0
1195,-3.6312605354590026,0.4460016123418232,0.0144096841122118,8,0.0
1196,-3.6576746295769156,-0.5758643922947,0.01666444255069595,7,0.0
1196,-3.563246601639041,-1.5828771713934686,0.017324664379573314,7,0.009022137992451757
1196,-3.603201284454419,1.4198189240241377,0.016585200677716315,7,0.0
1196,-3.633264154596946,0.446247853800377,0.01442757064034151,8,0.0
1197,-3.632440886001968,0.4461461897993923,0.014575355534189986,8,0.0
1198,-3.633264154596946,0.446247853800377,0.01442757064034151,8,0.0
1199,-3.6558137644790176,-0.5755703542597053,0.01752801621628611,7,0.0
1199,-3.6316674830659053,0.44605161480787914,0.014768283540106874,8,0.0
1200,-3.6391763581310874,0.4398216347451985,0.014603517059725936,8,0.01619355521138163
