frame,center_x,center_y,radius,num_points,fitting_error
0,-2.4323264878349486,-0.5250772635057647,0.01759675531051889,8,0.0
0,-2.3792782103439016,-1.4995436333226346,0.01604181694746982,10,0.019560842496921353
0,-2.4081648394985287,1.4966950129035101,0.01597978035402593,9,0.013494140908585143
0,-2.39515095317972,0.5068393556377647,0.01611118908735343,8,0.0034609725126412004
1,-2.440822733915032,-0.5004474823558468,0.015850823127225824,7,0.002794268793038568
1,-2.3810339405004717,-1.505966915158533,0.01726258745807914,9,0.021813172446037248
1,-2.3846119102860834,1.4907962299767674,0.01473353853806084,9,0.0
1,-2.39853595092008,0.507556578468029,0.01655641076788735,8,0.005278483549089223
2,-2.438868098388453,-0.5000469953617166,0.015844267736779282,7,0.0027917152958521606
2,-2.4000970776025286,0.5109267379712562,0.015802406885037396,8,0.004285790836778243
3,-2.4520109254475217,-0.5039777049009896,0.016908341805386456,6,0.0
3,-2.3774199891434002,-1.5142622956411325,0.016555933099463068,9,0.02179221138236802
3,-2.378912873462315,1.5031724298353564,0.016204890641517106,10,0.0
3,-2.411409443438274,0.49961652725284483,0.01599867097915658,9,0.018409459885010696
4,-2.4423886784958695,-0.4983014243453977,0.015865024687990253,6,0.00470335534559806
4,-2.3851836294127637,-1.501794624399124,0.01584709736038589,10,0.018053096534659266
4,-2.395712096584532,1.4942960679821573,0.01623919015591821,10,0.019142203030988313
4,-2.3966556235062906,0.5059446806707528,0.015617476020014058,8,0.0053042380074052545
5,-2.443978313136383,-0.5041830847614422,0.016242235581358972,8,0.0032304446481428726
5,-2.3845786556093587,-1.5101403556372062,0.0166373855276011,10,0.020941886960539655
5,-2.3957475527855223,1.4950131748388138,0.016600363923817068,10,0.01766550075880625
5,-2.407133618340524,0.4993685115429707,0.01539651236802763,8,0.021212466172913967
6,-2.4490716152597205,-0.5083286563055472,0.01690660096775399,7,0.0
6,-2.383897111844814,-1.511648084121764,0.016553707444031555,10,0.018427805267651767
6,-2.3954375894060114,1.498964414803285,0.015892183152932463,10,0.021045438464352643
6,-2.4088989573204787,0.4959694528095181,0.015613622993114482,8,0.02061042657303968
7,-2.3820424574170516,-1.5084618529533431,0.016394448713319597,10,0.021090086980282932
7,-2.3978357746817474,1.4956175649437031,0.0162602831442406,9,0.019323178943881213
7,-2.403040583462985,0.499794270662003,0.016009295151846483,8,0.01974516908965736
8,-2.4404985678444437,-0.5034660940750445,0.015812215560046826,7,0.0032715723611249064
8,-2.379084760607802,-1.50845958646226,0.015616790593563589,10,0.01992781649726526
8,-2.4043709335424763,1.4965245705380883,0.016749171790906934,9,0.01743501617162346
8,-2.404954530460463,0.5001963772634122,0.01581197192815058,8,0.019308061363559722
9,-2.4505610122683574,-0.5086415034849041,0.01737992790501747,8,0.0
9,-2.3761592485318723,-1.4917769655094197,0.017260973073207644,9,0.0
9,-2.3915786626390076,1.504744928561331,0.017408073945559748,10,0.023388495057002707
9,-2.4052164163460086,0.5067855391726284,0.016008884667517133,8,0.018423123016921582
10,-2.382689550134665,-1.5047275029156602,0.01574726711632572,11,0.01901034185136992
10,-2.399271889311263,1.5023241155950953,0.0161677642151089,10,0.02436869862241864
10,-2.40359381966426,0.512036930905331,0.016057644290676416,8,0.004574568766591355
11,-2.3790306941952917,-1.508164579363532,0.016732646241286463,9,0.022482699949469283
11,-2.4001792251373075,0.5066882951932876,0.016158426748532795,9,0.003743203351168031
12,-2.382220185441215,-1.519847009103382,0.01668042021985247,9,0.0182022943377746
12,-2.3793030327619293,1.4969716203499799,0.0161816033153549,10,0.0
12,-2.4028698733750136,0.5039187411570991,0.016227614501485233,7,0.015165271561880904
13,-2.38182674407486,-1.5192767710200685,0.016229667019926126,9,0.01437342496151797
13,-2.3924731738382237,1.5052037824193956,0.017420687779576567,10,0.018244371646948775
13,-2.4067504129223045,0.5012993932978849,0.015021509961398208,7,0.018996714329424087
14,-2.4430099399029204,-0.5046008631943641,0.016777043008060655,7,0.002979371847237783
14,-2.380402001389554,-1.5074062642694586,0.016376268302559102,9,0.022105303154530652
14,-2.3965937964529354,0.5068084549924234,0.016271160526897564,7,0.0027987116850940554
15,-2.384170823280566,-1.5120256918947312,0.016653139808847448,9,0.01945799883360228
15,-2.412812845172301,1.4952834216506752,0.015580796035564138,10,0.0
15,-2.4112089770100704,0.49888409941297385,0.014763276614181378,8,0.020787114821113176
16,-2.384625718876022,-1.5160849977478605,0.015918414643811548,9,0.015139961471082635
16,-2.3971468377816736,1.5000290558719902,0.016853181264272085,10,0.02171185674860599
16,-2.3981442933675563,0.5099034832593884,0.015627839694693998,8,0.004596845715462025
17,-2.4434327425203275,-0.5040720717566168,0.015817604142125706,7,0.0032776018022628033
17,-2.3848037829516193,-1.5153595153680957,0.01644017859612834,9,0.01787163751037934
17,-2.3999555194273814,1.5023677028891338,0.0159119336214069,10,0.018035588283343014
17,-2.412453877146309,0.5031147603424296,0.016257073437705973,9,0.02197464130947979
18,-2.4544803295121462,-0.5044860252187532,0.017382632483879275,7,0.0
18,-2.379993714172804,-1.5071354224410716,0.016161244946837634,9,0.02183088051095005
18,-2.3826564698371877,1.4990804797344488,0.016220472552201874,9,0.0
18,-2.3992384075954925,0.5053127625792768,0.01648830719523971,6,0.0013043971196415802
19,-2.442988284324829,-0.5021271503777267,0.01580819257144118,7,0.0032316855827931442
19,-2.3827770387234035,-1.5092912798582776,0.015997198274289907,9,0.019170137642824145
19,-2.405477667714342,1.4964093633825046,0.016469019502578692,9,0.0158613289184599
19,-2.40908824217107,0.5046508592784281,0.015423215439313779,8,0.021246502305125786
20,-2.3818321893345744,-1.51925771915237,0.015591530513810074,9,0.016085766411801032
20,-2.3967285750033285,1.4997799198268367,0.016842832664892924,10,0.018105316825581173
20,-2.3980563588717474,0.507454100983626,0.01614192063982725,8,0.0034721599090710574
21,-2.455727774096414,-0.5022622464980391,0.016793911911975833,7,0.0030013927490533557
21,-2.378202062590579,-1.5101255381840657,0.015468601613083903,9,0.020859259182327713
21,-2.4008168279306124,1.4965578732557645,0.016880562191720842,9,0.01685716780173148
21,-2.4010293040247666,0.511125330820749,0.015848621488871433,8,0.004360372043137345
22,-2.380657752625297,-1.504324209927421,0.016069923165868374,9,0.018152780351456222
22,-2.412988929096602,1.492153252081843,0.016314472336275507,9,0.0
22,-2.4030375052701674,0.5046604654120171,0.016015150067197243,8,0.01975185299586704
23,-2.4446162822333815,-0.5150345363325437,0.017252769021551716,8,0.02190008457832206
23,-2.3798652415120625,-1.5086878479799517,0.016743590503367684,9,0.021134258020562173
23,-2.394890621576627,0.5104241488161544,0.01578759426605704,8,0.0024725724414352617
24,-2.4505789155660294,-0.5074031831198321,0.016881935799110646,7,0.001735082037910559
24,-2.3751236753363574,-1.4943400005623153,0.01612103044999097,10,0.0
24,-2.397402112719133,1.5001975499122229,0.01607731457807509,10,0.021139473351006292
24,-2.4060430314963237,0.5006926146875968,0.015719820329446108,7,0.01984573540311655
25,-2.381955236944916,-1.515798636916135,0.016560309189756543,9,0.019593160873123485
25,-2.3989913100458273,1.497942806389487,0.015916076001753234,10,0.024717611060012232
25,-2.411057498282118,0.5034304797943449,0.01622979486602843,9,0.02200258015861022
26,-2.384149230495602,-1.5242293906544795,0.016359875026458498,9,0.0020785506506591517
26,-2.4067270401345513,1.4963995150493807,0.016360643585691968,9,0.01464889950674778
26,-2.3980563588717474,0.507454100983626,0.01614192063982725,8,0.0034721599090710574
27,-2.385145676950168,-1.516056878040363,0.015871804705906517,9,0.017579154933882492
27,-2.38015828301759,1.4975053266158123,0.016174250277624435,9,0.0
27,-2.4004460527217906,0.5055278904555199,0.016267090217439717,8,0.0036077813654036076
28,-2.45377063789832,-0.5018640004469769,0.016790325939171607,6,0.002999290224431075
28,-2.379553636043333,-1.5068699798298928,0.01635960089688869,9,0.022084087608268996
28,-2.392124512007703,1.5033625128401908,0.01682387578083378,9,0.01805756088866426
28,-2.4059594021230946,0.5004034858160057,0.016035011621781222,8,0.019778508942038753
29,-2.435509316612841,-0.4968986117071233,0.015887791876850757,6,0.004999110369242171
29,-2.384656615295948,-1.5146175822521382,0.01620177303730938,11,0.016490524599938904
29,-2.395809666189958,1.500839024625538,0.016266451815198254,9,0.019077282719667785
29,-2.408588698443887,0.5034438844972784,0.01566530472169188,9,0.019833051377960497
30,-2.4414950097309727,-0.504288626896983,0.016333929561531065,7,0.00302368383734391
30,-2.377469502956484,-1.5071327374499304,0.01685479661506765,9,0.019767516423278765
30,-2.4042389928259844,1.4976925354606883,0.016516345434407238,9,0.014464868628650752
30,-2.404956295056268,0.5119604320536031,0.015835750082612263,8,0.004282500334101149
31,-2.445686385891958,-0.5063912144649123,0.016876266347925863,7,0.0017312517192103975
31,-2.3771297949526775,-1.510234735318469,0.015389784112026047,11,0.023877573580241958
31,-2.406887053776525,0.5034670464311205,0.016289049885208743,8,0.017461447143895324
32,-2.383573722539586,-1.5255997508088872,0.016228734811907605,9,0.0
32,-2.409121417098376,0.500791739587562,0.017071120800431393,8,0.020914262151282663
33,-2.4508347620483097,-0.5012635436613964,0.016786471852579806,8,0.002994719557515871
33,-2.3817163204297094,-1.5146377281766241,0.016288180392066868,9,0.02023489189750257
33,-2.4057468668495274,0.5029969714077889,0.017042317028168365,8,0.018267911468281144
34,-2.380713016762406,-1.5092259130908798,0.016758893976491662,9,0.021153504205505845
34,-2.3811743973468906,1.4949242050654374,0.015453721130890986,11,0.0
34,-2.4052426321015155,0.5058748805228274,0.01601307263883404,8,0.017762229897765495
35,-2.383208635430636,-1.5147151924420421,0.015594131316365856,11,0.022079246708565006
35,-2.4136808322946215,1.4958214803803003,0.017486705817119145,9,0.0
35,-2.403869527935163,0.5003120456144242,0.015724193159207114,8,0.020748225633213307
36,-2.389938830914293,-1.5231474245605807,0.016272742752682028,9,0.0
36,-2.393541271163283,1.5017642028440854,0.01555174124440787,10,0.016982630551972407
36,-2.405968136285336,0.5006801622275284,0.01532980132273131,7,0.01918080554389014
37,-2.3845954109755167,-1.5035924676623043,0.01733566825671403,10,0.022047470307586213
37,-2.416567769517695,1.4911288056469287,0.015588925156167038,11,0.0
37,-2.4051304245812495,0.502064515249033,0.01713728793058112,8,0.02109281639020855
38,-2.4155535793821064,1.4937418617551763,0.016332211017656674,9,0.0
38,-2.4079341282706004,0.5074380142430222,0.01569631382421648,9,0.018049507421531885
39,-2.386236714741056,-1.524261759103312,0.016519479427847927,10,0.0
39,-2.399993020466866,0.5102967510239079,0.016250624943875913,8,0.004364577997369428
40,-2.4508256585605985,-0.5055961648304707,0.016254240161020412,8,0.003241625008571853
40,-2.382774103686697,-1.5192737834100434,0.016446756047166316,9,0.017462947720255487
40,-2.402079527530986,1.4949910612191015,0.015792437995181794,9,0.01785505439842491
40,-2.410111752728814,0.5002171423267324,0.01615467860209561,9,0.022598033274226343
41,-2.449600203854896,-0.5072001772236016,0.0168811862069601,7,0.0017331732759560004
41,-2.3822725978748625,-1.5053423544828746,0.01584252241074269,9,0.017593756309959595
41,-2.395862859317308,1.4992279257430159,0.015892843338540623,10,0.021206537250310156
41,-2.4093836132381394,0.49229033157617796,0.015568035292193519,8,0.022547906022930907
42,-2.4510320044326237,-0.5037788391895978,0.016907199096576366,7,0.0
42,-2.3769965333905305,-1.492302449166235,0.017272450885476874,9,0.0
42,-2.403462065465055,1.4956262217946514,0.015206345713817617,9,0.016129727362388203
42,-2.3969769020872373,0.5047962231271115,0.017122927908067388,8,0.0
43,-2.43842938315436,-0.49749290123830114,0.015909996785438963,6,0.005013999188616898
43,-2.3850215327131803,-1.5134948647784998,0.017042075356867737,10,0.021127286259277747
43,-2.3995662814271475,1.5011799529894068,0.016034498620841154,10,0.018523034276565948
43,-2.4001792251373075,0.5066882951932876,0.016158426748532795,9,0.003743203351168031
44,-2.3773059546973885,-1.5151297824359182,0.01619385182741122,10,0.022414238632627308
44,-2.400664954308022,1.492536767074824,0.01589391379663872,11,0.01793043534940714
44,-2.412775371374831,0.4974824139177738,0.015725840961102047,8,0.02221151016537751
45,-2.4554593599760652,-0.5046918892986157,0.01738224210350647,6,0.0
45,-2.3783817838611507,-1.5113110206114087,0.01613464750925854,10,0.02579205122437842
45,-2.414499954097701,1.496402365124818,0.016566076796156595,9,0.0019356258719509713
45,-2.403931027117069,0.5049059647500271,0.016509735792044664,8,0.016532904221170614
46,-2.4418004210465214,-0.5006484075793526,0.01585354754621377,7,0.002796726584373235
46,-2.3828707061161993,-1.514376546717364,0.015732487520239116,10,0.017085068042208697
46,-2.401623795933403,1.495993357764324,0.016028001916939424,9,0.018538549361898207
46,-2.4113788350664755,0.4973746159691315,0.01577454628850472,9,0.021293756710051823
47,-2.4416139474068546,-0.5018439716396916,0.016188226606991027,7,0.0031622617392196503
47,-2.3756677712673495,-1.4946822144709022,0.016473128976751697,9,0.0
47,-2.3966266639496085,1.4956424179474264,0.01611497637110506,9,0.018458613229952688
47,-2.4102525865627586,0.5049503925437456,0.015948975953726782,8,0.02116664626790002
48,-2.452007617116034,-0.508939396724386,0.016908312947354717,8,0.0
48,-2.3848519581653598,-1.504130474847838,0.01598579949451713,11,0.019173624549236046
48,-2.4047602188869277,1.4963250826987646,0.016126776925106973,11,0.02038354646673113
48,-2.404954530460463,0.5001963772634122,0.01581197192815058,8,0.019308061363559722
49,-2.4330709829624957,-0.49903373943008106,0.01648215669638317,7,0.006059148380225591
49,-2.382870501627153,-1.513746453369387,0.015802574247949883,9,0.017594985762379823
49,-2.3932059710088813,1.494921196773814,0.017006614864463417,10,0.02398900476539073
49,-2.39955143646742,0.5065546496208879,0.017083186775749708,7,0.0032540250352815704
50,-2.4453810043965616,-0.5075653872196038,0.017380907627987448,8,0.005181034610669063
50,-2.3851413236767436,-1.5154433342576408,0.01596355029114266,11,0.016195692393674202
50,-2.4044348752087084,0.5027819792463104,0.015893333184339213,7,0.01713197358450905
51,-2.374289467319623,-1.493816309967107,0.016106037307496934,9,0.0
51,-2.413212254050478,1.4970428041852974,0.016464580413801,9,0.0020763357252762873
51,-2.3999509744814835,0.5033077079462179,0.016204459098042374,7,0.015145212625454632
52,-2.387171279681402,-1.5246417392476965,0.015511371363528662,9,0.0
52,-2.4090425606824013,1.4988775272601607,0.01670115391051269,9,0.012712160195100174
52,-2.394053249134893,0.5090333075166267,0.01710516987634521,8,0.0
53,-2.3831960331046353,-1.5107218556543782,0.015696026308802697,9,0.0189202630292242
53,-2.4114610493623263,1.504172722635264,0.016358653352772073,10,0.0
53,-2.401895482823115,0.5037149732780846,0.01622246345470781,7,0.015162338848330202
54,-2.3828116402753006,-1.5057583165945152,0.01603571714782422,9,0.021858998753907018
54,-2.403194998816246,1.4951246199000738,0.016177886876858342,9,0.017698997884550392
54,-2.4014879821266466,0.5039032263222893,0.016270553607787803,7,0.014742385539247291
55,-2.447363718254457,-0.5055005145107423,0.016342709785148738,7,0.0030321239531634595
55,-2.383427837585116,-1.5036682042430418,0.015948995897622224,11,0.019597790360411284
55,-2.3962658742139653,1.5018827902962588,0.016140838757924533,10,0.01846101731139254
55,-2.4055460565601647,0.5079087926569632,0.016694061951978832,8,0.018451696746855737
56,-2.4424081232956736,-0.5007725282163453,0.0161996876263908,7,0.002744142719439479
56,-2.3837232469934166,-1.5239571966317347,0.016354328291764114,9,0.0022378868647938716
56,-2.4066792362934173,1.4965948287389357,0.01686225357632925,9,0.014313928774070023
56,-2.4025427605455674,0.5071879577841208,0.01652296566792724,9,0.004589262681087718
57,-2.440054990439832,-0.5015235036526152,0.015801174261109656,7,0.003225660395970635
57,-2.3817163204297094,-1.5146377281766241,0.016288180392066868,9,0.02023489189750257
57,-2.3947911602768843,1.4984588076395176,0.016793605417797366,9,0.01772147587894069
57,-2.4102290469486136,0.5043175525815856,0.016064808590063876,9,0.0201526650553177
58,-2.4495826710600896,-0.5084359485499738,0.01737949611130945,7,0.0
58,-2.3846222127637646,-1.5098216938116504,0.01624764398913311,11,0.018761712079244344
58,-2.404872550999497,1.503316256251952,0.016789839993794475,10,0.017447922824230244
58,-2.4075543654824934,0.5057664760455561,0.016633165878622083,9,0.020257480473554298
59,-2.4424081232956736,-0.5007725282163453,0.0161996876263908,7,0.002744142719439479
59,-2.3833749375157955,-1.528734196497901,0.015519383701981302,9,0.0
59,-2.4026531779379705,1.499663619091138,0.01639350548001979,9,0.019496953166381187
59,-2.409048695895413,0.4997638377031861,0.015772410858362,8,0.022354702146955042
60,-2.3856051795406237,-1.5009764563841512,0.015414800075357296,10,0.0173477312150233
60,-2.3977688022550736,1.501879033403386,0.016325811353985652,10,0.021214901550166445
60,-2.404089912547503,0.5032152387223583,0.01644093965298258,7,0.016283477985202046
61,-2.380737196425177,-1.5141241461256911,0.016002434200150774,9,0.01627459559196856
61,-2.39724175291926,1.4984909178828372,0.016268756373662166,11,0.01679513187432323
61,-2.400976250636269,0.5056410358064135,0.01625237561214667,8,0.004370840262640976
62,-2.451813915293758,-0.5064193589543122,0.016789943549773964,7,0.002997923933048546
62,-2.379878049521203,-1.5144722971167657,0.016651442892030358,9,0.018415757257828895
62,-2.401347674534866,0.5057191150742605,0.015886143626960336,9,0.004148413611737967
63,-2.449857757373842,-0.5060159201390473,0.016786690585364725,8,0.002989232332810041
63,-2.3818740011466843,-1.5088557219321252,0.015267870162081105,11,0.01759655235013803
63,-2.3971459226504557,1.5015883732762894,0.016796830113867754,9,0.019197330455779447
63,-2.4099948668148556,0.49677205104803895,0.015913319948570318,10,0.020926477039842926
64,-2.461347182747663,-0.5046557942050544,0.016892731408141515,7,0.0017398638511314044
64,-2.3823395808337926,-1.5139579466907283,0.016673158980637107,9,0.020586060748581048
64,-2.393179182492815,1.4981004299648462,0.016747639704606642,10,0.019251546718634455
64,-2.396959143370445,0.509650454278005,0.01713513139941023,8,0.0
65,-2.42916195891559,-0.5223309129146435,0.015708942714478487,8,0.0
65,-2.382806543871251,-1.5163398872597942,0.016571585957964634,9,0.019606234583498673
65,-2.400727714872292,0.50680378828263,0.015621724638721442,8,0.0025425184170295104
66,-2.3849759093347953,-1.5181641505815946,0.016584741099888875,9,0.01669374235366742
66,-2.3975775979313645,1.5003104837691725,0.01685419850339185,9,0.018113014892553528
66,-2.4014832175328915,0.5106126831978428,0.016200993749970933,8,0.0034512899702279485
67,-2.438542463554063,-0.503061983919084,0.015808923406597886,7,0.0032666859061852107
67,-2.382740329967249,-1.514828831516456,0.01582633352647407,10,0.020733142732901128
67,-2.396677260868086,1.5004841846961212,0.015571310435995099,10,0.020487607560603395
67,-2.4026239757500725,0.5108569322401038,0.015584923597660288,8,0.003873815790426906
68,-2.458396511727588,-0.505292592600402,0.01738516442750304,6,0.0
68,-2.386125187572576,-1.52723321466181,0.016258516716065517,10,0.0
68,-2.3770448343049293,1.5052210270273803,0.01734223595600039,9,0.0
68,-2.396970088654551,0.5084379549405154,0.017120959125253,8,0.0012376168957528005
69,-2.386334196346833,-1.5241061230037087,0.01740157622327873,9,0.0
69,-2.4008243073040725,1.4893977311583324,0.01588301875677498,11,0.021559902038305295
69,-2.399779916576979,0.5102508686849313,0.015951490138245355,8,0.0037856254887067187
70,-2.379469139509167,-1.518093874559364,0.01664436907918684,9,0.018733297766317623
70,-2.4013441337670014,1.4960150143095152,0.016179500445754388,9,0.01840518944094692
70,-2.405093814714118,0.4995594637279265,0.015558344010785576,9,0.01936472872896055
71,-2.3795160014824432,-1.5083476620397536,0.016296273886142614,9,0.02132101970404285
71,-2.3959555291217978,1.5016819395144045,0.016517928190857893,10,0.01853241137290186
71,-2.396853885762463,0.5062282161954748,0.016401768453744664,8,0.004601376292332907
72,-2.4527926538255946,-0.5066227307041783,0.016790530535271922,7,0.002995376323395072
72,-2.3873314731139783,-1.5122988544822873,0.01646592478644787,10,0.018674675363588963
72,-2.403904165233113,0.5016764294416396,0.01582084436699665,8,0.017688807550834806
73,-2.445389013067876,-0.5044747806751901,0.015821592799498418,7,0.003281016031078055
73,-2.3803064944808967,-1.5089581994313799,0.015805716921424965,9,0.021459237011618556
73,-2.3826564698371877,1.4990804797344488,0.016220472552201874,9,0.0
73,-2.4004788325280004,0.5067505001767219,0.016154230593823114,7,0.003817339611438053
74,-2.432976448657501,-0.49883854586461207,0.016514591632656655,7,0.005844695523353068
74,-2.3791329511644754,-1.5066053653633067,0.016356288155297723,9,0.02276607421212184
74,-2.3799533008130256,1.500603494569515,0.01734930055749285,9,0.0
74,-2.397142202782707,0.5042248641132552,0.016429823427827537,7,0.0042117189755579935
75,-2.4466468285297833,-0.5078266592176591,0.017377488740052162,7,0.0
75,-2.3790461001530727,-1.5081596090429308,0.015796782177993865,9,0.022128373492974522
75,-2.406772297532316,1.5005092454823792,0.01692477167810524,10,0.011534047962045609
75,-2.401491954146768,0.5075727670966899,0.017101627951384004,8,0.003686347547999951
76,-2.3822522007874105,-1.5053493806688465,0.01637967361551304,10,0.02092619474386205
76,-2.404395124964306,1.4956512577502126,0.01507640627877959,9,0.014883949472319488
76,-2.4044899290424997,0.5030399278353659,0.016310093892408086,8,0.019608705585777233
77,-2.382370431490577,-1.5099288863828129,0.01594076068542246,11,0.019325201807793874
77,-2.3914925017399695,1.4970443404649163,0.01673449667710386,10,0.019234383395018054
77,-2.396007370130587,0.5045923826702098,0.017113498927613952,8,0.0
78,-2.380095606266507,-1.5113054601395024,0.01701611924075732,9,0.019657143224751455
78,-2.3995638443576652,1.503826523037258,0.016320739333091167,10,0.019798777040803038
78,-2.401833763731297,0.4991640422854848,0.016383812978530494,8,0.017130581605693362
79,-2.4305717014456483,-0.4983462134890661,0.016007494785831036,7,0.0059636917921761096
79,-2.3796873414411324,-1.490773381893692,0.01615177344468709,10,0.0
79,-2.4135776920434555,1.4981348311282705,0.016515241801576513,10,0.005711399254083808
79,-2.400107025683122,0.5046715437960324,0.016705195002926634,8,0.0022893089123530853
80,-2.4446896265354536,-0.5074215273082093,0.017375766561461038,8,0.0
80,-2.3843097533764066,-1.508256721157193,0.016781232269595776,9,0.022410196196433058
80,-2.382375877078647,1.4989039622588027,0.016547281845111495,9,0.0
80,-2.4032002765373317,0.5146341164115742,0.015794331313838533,7,0.003238341239911153
81,-2.4476434018879543,-0.506795276946917,0.016878833465494417,7,0.0017329868554852024
81,-2.378711316772957,-1.5088328543053493,0.016040707697781757,9,0.02082822241244034
81,-2.4030712658426316,1.4995572911021386,0.015382142163692231,10,0.016629125452271413
81,-2.404710488364417,0.5067124812067544,0.016201312727700368,8,0.017979611378231335
82,-2.4520109254475217,-0.5039777049009896,0.016908341805386456,7,0.0
82,-2.38720211316483,-1.5104410920997884,0.016618854503137402,10,0.021263293803487824
82,-2.395021883085702,1.5008500173945911,0.01607786623111848,10,0.019724672729577897
82,-2.4003181178984514,0.5018922954664112,0.016034916950364807,8,0.018145428388923253
83,-2.4564383103512957,-0.5048917061288227,0.01738336222707287,6,0.0
83,-2.3823621835117748,-1.514177101476344,0.015588174257793394,11,0.022068250857742465
83,-2.3799533008130256,1.500603494569515,0.01734930055749285,9,0.0
83,-2.399035109806445,0.505232838268105,0.01623545654132133,8,0.004367499364128756
84,-2.450836021169649,-0.5062173306152062,0.016788129330963512,8,0.0029933319880997645
84,-2.3787591020713594,-1.5150920278622593,0.016075480097912716,9,0.01993250942772305
84,-2.380790839662689,1.5011314971739687,0.01735944172247366,9,0.0
84,-2.3975793045998426,0.5049232396582516,0.014825452287626112,9,0.002734242566172959
85,-2.384343293053984,-1.5124412329976482,0.016291221524790685,9,0.01942796069681145
85,-2.4071748789268494,1.4977199106291001,0.016693277358395195,9,0.012717067888316745
85,-2.413196699546071,0.4982794921956567,0.01616511741403092,9,0.022072761358327284
86,-2.4437296966705007,-0.5059860134833128,0.016874368696377803,7,0.0017295145835955188
86,-2.384696823789485,-1.5169397051726765,0.01630375651912156,9,0.01521374853813365
86,-2.4046743174908856,1.4992498133424936,0.016523664702949192,10,0.017361436371697108
86,-2.405462268846797,0.4948878476192198,0.015099617561028839,8,0.019750372546030105
87,-2.4414762699923376,-0.5036673851862951,0.015814418438986528,7,0.0032746737973928667
87,-2.3769143503047956,-1.5115018201691293,0.016422916087752794,11,0.026285711644941166
87,-2.400985592668944,1.4974398580095587,0.016144836359477683,10,0.024080140079530972
87,-2.396567011532597,0.5061571656581191,0.016332248740918646,7,0.003666191009044253
88,-2.3808512370762136,-1.5270410682773552,0.016443010101750966,9,0.001935409913147668
88,-2.4128537991999255,1.495236947935542,0.016552530523477552,10,0.0019232369302573061
88,-2.4028459880868036,0.50343056704598,0.015682118501042435,8,0.016760277346856547
89,-2.3761947863813146,-1.512891285935079,0.015445137823089632,9,0.019941802611509973
89,-2.3986174592527867,1.4945779698718562,0.015537819735393449,10,0.01790565934698412
89,-2.3970999204332184,0.5048237817530579,0.016213775153142665,8,0.004366116496702697
90,-2.442988284324829,-0.5021271503777267,0.01580819257144118,7,0.0032316855827931442
90,-2.3761592485318723,-1.4917769655094197,0.017260973073207644,9,0.0
90,-2.4113729629072016,1.4894020279086293,0.014875930396524432,10,0.0
90,-2.4043759776038525,0.5006353180641664,0.01592184526735985,8,0.019814356175186777
91,-2.3978385624670997,1.4956062054188939,0.01741554489614921,9,0.022948795143351394
91,-2.3951601038173185,0.5019881325245306,0.01610086384375638,8,0.0034542836366191826
92,-2.4437296966705007,-0.5059860134833128,0.016874368696377803,7,0.0017295145835955188
92,-2.3852870853371164,-1.4987527977893265,0.016750452022142103,10,0.01998787328999553
92,-2.3960932342655483,1.4993992597960237,0.016257590242832885,11,0.023238996445817367
92,-2.3965982009221256,0.5071468402934136,0.014527342942549176,8,0.0
93,-2.381167915237787,-1.5041323012420484,0.01599461226430091,9,0.018176818112527724
93,-2.41278932475686,1.495340930527102,0.016552508427219465,10,0.0019231635167759678
93,-2.3967174855192837,0.5096012208820088,0.01608028238238983,8,0.0040522263686509526
94,-2.3843955825955607,-1.5075390059065221,0.016321250483768524,10,0.018510342771231262
94,-2.3824228273799197,1.5005458253443247,0.01696175040018503,9,0.0023159589468112075
94,-2.395464042365198,0.5093333793944366,0.016352157230177286,8,0.003872202837700826
95,-2.444546729587655,-0.5024469625963085,0.016195591201543156,7,0.0031672644402359357
95,-2.3815097023997365,-1.5121056066307845,0.01630303906119503,9,0.018798815865333975
95,-2.403499113003558,1.4991570217521415,0.016537137145542474,11,0.02367336471280365
95,-2.403510038495878,0.5039582620732782,0.015925067197995465,8,0.02063672691073882
96,-2.3825178435521033,-1.5109452492366948,0.016292166775629377,9,0.019395423680673225
96,-2.397322596765816,1.4969065668877024,0.016834359435471357,9,0.021581164756624357
96,-2.4084505713916293,0.49465078451019256,0.016033973034193214,8,0.023464325314479992
97,-2.435103373008743,-0.5122096154024928,0.01629607854708471,8,0.019748636087254516
97,-2.3825162374335678,-1.5112774922084673,0.015865098755155377,9,0.01831492511700175
97,-2.412156765363389,1.4996592602888967,0.016826424096660863,9,0.0
97,-2.3985515525792933,0.502699107175314,0.014532875334355103,8,0.0
98,-2.383619978719601,-1.5198116848952377,0.016454018032474694,9,0.017475626495712864
98,-2.4073151851595926,1.5047824529791463,0.01496156736472176,10,0.0011907202966739334
98,-2.4052375557041543,0.5001552433112042,0.016211481652568305,8,0.019606514550918806
99,-2.438134929731085,-0.5011280441987619,0.016088887806526807,7,0.004942615136225936
99,-2.381107192467658,-1.5152578850993794,0.01654618828155132,9,0.019573000333324576
99,-2.3959706366520535,1.4917484559543128,0.016324795630864395,10,0.0193909825973451
99,-2.400060190096366,0.5109189290924548,0.015839726866535318,8,0.004357569952822549
100,-2.437505763653772,-0.49730524867530124,0.01583278119592798,6,0.004412361470500971
100,-2.381092562098659,-1.5084820033673974,0.015217461236455076,9,0.01898220320496124
100,-2.396243964588732,1.5012515833824371,0.015542036258741768,10,0.021038347350203445
100,-2.3958699535002665,0.5069918021207708,0.016364106586389652,8,0.003074877786657242
101,-2.4416139474068546,-0.5018439716396916,0.016188226606991027,7,0.0031622617392196503
101,-2.3833157267013285,-1.5091863199843873,0.015796220373642693,11,0.018564846726842374
101,-2.3926468575080864,1.497185463415116,0.016274067104829804,10,0.020339947892637888
101,-2.4074494037582856,0.5009266531907279,0.016153943010545447,7,0.02067146209963769
102,-2.384805607423252,-1.5070546575871038,0.016477836889595057,10,0.020724920251586378
102,-2.3930556399220677,1.5023244641157296,0.016459079890982626,10,0.02009411964251576
102,-2.4056592332059825,0.5052144056192818,0.01574553436953393,8,0.019565335141017166
103,-2.37594179700512,-1.5158032068921785,0.016094233802484932,11,0.02518064868351767
103,-2.4048588202368864,1.4979400398927545,0.016464024932840507,10,0.014514592026599884
103,-2.402895182605458,0.5001092541624321,0.015712203161760724,8,0.02073289501377476
104,-2.440822733915032,-0.5004474823558468,0.015850823127225824,7,0.002794268793038568
104,-2.382411599052034,-1.5151544246988096,0.015941905459918224,10,0.016433267740849168
104,-2.411962305349708,1.4947563997712134,0.015579475664347819,10,0.0
104,-2.3998883300050733,0.5036174767611628,0.016377045450982373,8,0.017124795721528856
105,-2.438868098388453,-0.5000469953617166,0.015844267736779282,7,0.0027917152958521606
105,-2.374778252933784,-1.5135196871629624,0.016157552103721218,9,0.022365054226556144
105,-2.400546528918698,1.4978213764697983,0.016537486175693446,10,0.01846151291596205
105,-2.4043334989214458,0.4993999178250612,0.015686027933039564,8,0.019304204377690634
106,-2.450053071916284,-0.5035801763204458,0.016905998608717384,6,0.0
106,-2.3812723920512906,-1.5148983177027207,0.015281593171014804,9,0.016538854168922448
106,-2.4111664417607224,1.4988044913907697,0.01635435006788426,10,0.0025205812663104434
106,-2.405322484721479,0.5061299226196864,0.01667837434934357,8,0.019434175360835488
107,-2.380829103104813,-1.506956812334405,0.016411836703337183,9,0.020816706246001196
107,-2.401623795933403,1.495993357764324,0.016028001916939424,11,0.018538549361898207
107,-2.3967911911153594,0.49950185574845496,0.01592887508690189,9,0.0030110241809837355
108,-2.452007617116034,-0.508939396724386,0.016908312947354717,8,0.0
108,-2.3838159560665306,-1.5140508738883767,0.015394151213932441,9,0.017372257229117734
108,-2.3938266716461127,1.5044314786817805,0.016848193959254007,10,0.018065427683529565
108,-2.4109006321897986,0.5039359862843479,0.01622549541607597,9,0.02066976942942425
109,-2.450049845742472,-0.5085329185456796,0.016907234074529875,8,0.0
109,-2.3785149134795556,-1.5094467409288816,0.016160588908298308,9,0.021283325612438727
109,-2.393679295317857,1.5051635928689096,0.01573897949705121,10,0.017699086880940428
109,-2.406810323117309,0.499299768719833,0.01519386911204324,8,0.02152835089419207
110,-2.4427772472355462,-0.5008482241448162,0.01585714528141668,7,0.002797705205164243
110,-2.3850508361357474,-1.5128323786018556,0.01578414503377632,10,0.015425070910155556
110,-2.405221078756376,1.4970538643545042,0.01675605764819407,9,0.017445656869079864
110,-2.3958829249018665,0.5060230928096173,0.016393774933318492,8,0.004599423130244475
111,-2.385184565889696,-1.5007140928168763,0.015839477545116838,10,0.01760174946611767
111,-2.4033529405865512,1.4998136841746375,0.01633524372063245,10,0.015466231753377111
111,-2.4078683777756003,0.5037852467169394,0.017120744712623228,9,0.021756295322169127
112,-2.3805039307791924,-1.5106979443206212,0.015816101378096716,9,0.018387592451263902
112,-2.4005408206186276,1.498004821114883,0.016351783861594433,9,0.019423534589288315
112,-2.405563076576457,0.5129442702250826,0.01606280014929211,9,0.004514113996230138
113,-2.3761592485318723,-1.4917769655094197,0.017260973073207644,9,0.0
113,-2.400568286259623,1.498848202240902,0.016345725955430553,11,0.018820783041503447
113,-2.401620743720043,0.5124692594107108,0.016965112469448144,8,0.0035663018047753297
114,-2.3824535621453675,-1.5078853928183804,0.01622072703273439,9,0.01994439301129173
114,-2.404395124964306,1.4956512577502126,0.01507640627877959,10,0.014883949472319488
114,-2.4076374970546346,0.5006390637229702,0.015241406227398484,9,0.0208626657431003
115,-2.4425917603760112,-0.5020456347092546,0.01619072218268967,7,0.0031637518938556976
115,-2.3854058921468844,-1.5119333823550578,0.015751821233144555,10,0.01671827264242876
115,-2.400423833087252,1.5025845506201925,0.016391377673151426,10,0.02207763159981023
115,-2.3976249973215573,0.5061493042105139,0.015626983016854855,8,0.005307344101354331
116,-2.443978313136383,-0.5041830847614422,0.016242235581358972,7,0.0032304446481428726
116,-2.3816725423992033,-1.5167748962556011,0.016422977138082922,9,0.018833399233146447
116,-2.3920401341349917,1.5038594505815455,0.01566547272882678,10,0.021630170475580426
116,-2.404954530460463,0.5001963772634122,0.01581197192815058,8,0.019308061363559722
117,-2.4420100488449905,-0.5019254132414832,0.01580608798737855,7,0.0032300874702745545
117,-2.3843683620810845,-1.5104877197488353,0.01628895003228587,11,0.0205739983442938
117,-2.412918194164021,1.4951329228800139,0.01659133658049577,10,0.0
117,-2.407370526056526,0.5004409358641694,0.015875849646770777,9,0.021176431728367594
118,-2.385024956581943,-1.5148238494069872,0.01643016943117101,10,0.015166362766045069
118,-2.3938270100616608,1.499511496685014,0.016093110097602555,10,0.016809521404946536
118,-2.398206710015882,0.5026273882748735,0.015723830067463165,7,0.004054794662006858
119,-2.3841935029675274,-1.5152000406022836,0.016007318472741467,11,0.01724649098099612
119,-2.4136676885130006,1.4958141107208354,0.015586856212323863,9,0.0
119,-2.409577804415678,0.4976636743310061,0.016028500760880658,9,0.022582887416663717
120,-2.442988284324829,-0.5021271503777267,0.01580819257144118,7,0.0032316855827931442
120,-2.4117579400675853,1.4993816413271062,0.016465741263416545,10,0.005868326000362101
120,-2.393703552894844,0.5016824616240821,0.014485735367556315,8,0.0
121,-2.44103293290264,-0.5017253318792301,0.01580302067072724,7,0.0032280513504620986
121,-2.3806131040277627,-1.510773667739876,0.01618624778659109,9,0.020614644241428205
121,-2.382463967020064,1.5021867182912911,0.017381567071086155,9,0.0
121,-2.397538151673522,0.5049147352329139,0.016238964897053506,8,0.003606447520180966
122,-2.4478909614215763,-0.5049904617781047,0.016249460441213923,7,0.003236733750453918
122,-2.398045186725899,1.5002287575007374,0.016820601385283292,10,0.02482398477035936
122,-2.411457809211706,0.5024457016338527,0.016069325677029532,9,0.022332333563060552
123,-2.44593458799032,-0.5045855049705383,0.016246213847401506,7,0.0032343511399719085
123,-2.3802973441227695,-1.5183352566996287,0.016258946560311287,9,0.015603421134133431
123,-2.4138389798488897,1.492680498553022,0.01631511661764886,10,1.1218198886709595e-05
123,-2.4141288947879023,0.49460784559900284,0.01478376881387481,8,0.02081781828543
124,-2.384620461451925,-1.5230116712749693,0.015484030142288229,9,0.0
124,-2.3952604115720733,1.500690623263766,0.016792246415898354,10,0.019416700455729914
124,-2.4043192381148493,0.5005727792993644,0.015618156059107153,7,0.01592293237724797
125,-2.434067540953529,-0.4978328190152446,0.014788429530974985,6,0.0023540339268513736
125,-2.382532670959059,-1.5125603575401463,0.015968534666822843,9,0.019375765682553288
125,-2.4004129932736364,1.4977582189545604,0.016255772322838122,9,0.01787683712353778
125,-2.4044087479421883,0.5045138987101759,0.016291671699614842,7,0.014764031836699052
126,-2.383312521378518,-1.5048170326145605,0.016677297523481516,10,0.020513991562217428
126,-2.400619861282606,1.4974375418206658,0.016650168433455115,9,0.01861483030054009
126,-2.4006276392851524,0.5073042479270066,0.01677183158804964,7,0.002804819040424321
127,-2.449847548808382,-0.5053944935039607,0.016252223549686674,7,0.0032420515883288363
127,-2.3810983186026498,-1.5129318291190863,0.015768759444850112,9,0.01750655686156604
127,-2.3912315563383357,1.5038598922216497,0.016927063741796627,10,0.018500216559314914
127,-2.410060909118385,0.49997700970583914,0.015420588033023958,8,0.02124530896973098
128,-2.3803911930285624,-1.5094389539036541,0.01667783034020072,9,0.020489907998475495
128,-2.3953038026202513,1.5017914943528201,0.016659864248116416,10,0.023643630739758136
128,-2.4004844114828905,0.5031065625885266,0.01455701831049451,8,0.0
129,-2.4418004210465214,-0.5006484075793526,0.01585354754621377,7,0.002796726584373235
129,-2.381330399860048,-1.5274989783024444,0.015132383026707072,9,0.0008116074228353594
129,-2.4008067043102863,1.4974714310602297,0.016299983127847625,9,0.019196619409463468
129,-2.397795675424077,0.5110436087478606,0.01581757929131573,8,0.0024866599146705958
130,-2.4535013785352255,-0.5042872087555951,0.017381512634179728,6,0.0
130,-2.374289467319623,-1.493816309967107,0.016106037307496934,9,0.0
130,-2.3955190225341028,1.505495185859168,0.01686913012249492,11,0.018082327540753264
130,-2.4012557488579493,0.5105652323100686,0.015448633713113872,8,0.003983873205801975
131,-2.449600203854896,-0.5072001772236016,0.0168811862069601,7,0.0017331732759560004
131,-2.3841445109719617,-1.5089558213161944,0.016241082070701404,9,0.01997533628137242
131,-2.413337417227631,1.5020959366171958,0.015620264292362195,10,0.0
131,-2.407411486690376,0.504778295907362,0.015956458413229426,8,0.020678108767778702
132,-2.445389013067876,-0.5044747806751901,0.015821592799498418,7,0.003281016031078055
132,-2.385184565889696,-1.5007140928168763,0.015839477545116838,10,0.01760174946611767
132,-2.407739245250215,0.5006547919909343,0.016480568417544035,9,0.021932617932729402
133,-2.378669306942983,-1.5102676386400982,0.015493686676573639,10,0.02291075001544417
133,-2.412724836626251,1.4954449114297923,0.016591343800191432,10,0.0
133,-2.406908653962827,0.5009447558535212,0.015783700951867853,8,0.02024106197900176
134,-2.4479011394364942,-0.5056108634558973,0.0167842883501612,7,0.0029886339876779226
134,-2.3834647779147717,-1.5169516775757685,0.01618644270821312,10,0.01590501422181576
134,-2.384222725754614,1.499406564112915,0.014795492311504562,10,0.0027494972343758113
134,-2.401350961511307,0.5069350226069352,0.015016141151651017,7,0.001488704830398117
135,-2.441430716968891,-0.5005726048471941,0.016196640191021655,7,0.0027431675483161194
135,-2.3881309893157394,-1.5250343562161583,0.016532559280549194,10,0.0
135,-2.404668972230682,1.4948929883401327,0.015710115296795654,9,0.01763862872492545
135,-2.399089244068828,0.5101042739696854,0.016633867599333888,7,0.00326360658348941
136,-2.44887901359629,-0.5058139969429089,0.016785425560464053,7,0.0029903167461215185
136,-2.3789423746687755,-1.5097209942655199,0.016168197026509647,9,0.021992648256508165
136,-2.4013820664567986,1.5023219065256697,0.016440339125065973,11,0.01620572970990142
136,-2.412420788024099,0.5026862360071745,0.015513006418014246,8,0.021482006327346464
137,-2.380693406035245,-1.5196841614682457,0.016376873474758465,9,0.018606699107075825
137,-2.3913299008395765,1.5027105533152445,0.016333340800752737,10,0.0181354718809991
137,-2.4086432469946044,0.5006801461040161,0.016253139465278194,9,0.021281711297641726
138,-2.442022438625256,-0.503780270915313,0.01623884733919112,7,0.003227176980479961
138,-2.3800227080889598,-1.5156007455850757,0.016339414667363914,10,0.02135589870758165
138,-2.3955732285925837,1.5022988624373859,0.015327466797187737,9,0.017812741182643844
138,-2.3997308369525223,0.5073234479355544,0.016297831785230567,8,0.004979142168466678
139,-2.3772205451587327,-1.5103175710520027,0.015439780023614643,9,0.02009859620788749
139,-2.3805886894688926,1.5042323699871516,0.016222161306374494,11,0.0
139,-2.4012252322726777,0.5056934669724227,0.01601004055511698,8,0.004522740301623872
140,-2.44593458799032,-0.5045855049705383,0.016246213847401506,7,0.0032343511399719085
140,-2.382471605879106,-1.5087375281809283,0.01640437156578008,10,0.021784987817461538
140,-2.394510873256937,1.5000008303488082,0.016254451517783042,10,0.0194541130703691
140,-2.408229131641212,0.5002119033794998,0.015717561316515624,8,0.019346263541569927
141,-2.4446896265354536,-0.5074215273082093,0.017375766561461038,7,0.0
141,-2.4084921103498167,0.5014723277780545,0.015901182298166266,9,0.020608662607832035
142,-2.4588569517426397,-0.5103600025796033,0.01691369508394062,7,0.0
142,-2.3833217666628412,-1.5171023705974722,0.015766092904120822,9,0.016713526997111827
142,-2.4024981834727055,1.5022122821174364,0.016773908102973304,10,0.01767970268407584
142,-2.399223954307325,0.5038832639898049,0.015932189715109218,8,0.002971033664426313
143,-2.4426633875458603,-0.5074158906008098,0.016169639904241626,8,0.009479007926364216
143,-2.3836327872159635,-1.5163460861212663,0.01549223855269811,10,0.01400638584294914
143,-2.384543043267057,1.497039235923206,0.01736336602564605,10,0.0
143,-2.4044296264599403,0.507650013830796,0.015901655135398953,8,0.017136404838363175
144,-2.4533353867567054,-0.5067362320950303,0.01673826627573211,8,0.005985661273349943
144,-2.3769965333905305,-1.492302449166235,0.017272450885476874,9,0.0
144,-2.4108933272233446,1.495546154286782,0.016341817723711096,9,0.015169702424825217
144,-2.3987821060844627,0.5089431217189242,0.01632820189374169,8,0.0029236318835202937
145,-2.4420100488449905,-0.5019254132414832,0.01580608798737855,7,0.0032300874702745545
145,-2.380713016762406,-1.5092259130908798,0.016758893976491662,9,0.021153504205505845
145,-2.381628376449411,1.5016594983853004,0.017369585375511584,9,0.0
145,-2.396007370130587,0.5045923826702098,0.017113498927613952,8,0.0
146,-2.3861098434756283,-1.52418035344839,0.016592205023561932,10,0.00319129924551818
146,-2.3865591470838,1.4998663750774246,0.0164892017378455,10,0.018458959765371975
146,-2.397472734043824,0.5029553138518342,0.015852659129713585,9,0.0035770238692451883
147,-2.446912938363982,-0.5047891444406014,0.01624730953594058,7,0.0032364786897752336
147,-2.3800190076926184,-1.5172495692612267,0.016061165115231115,9,0.01915553471115831
147,-2.399259013246936,1.4956208785821015,0.015012010744820257,9,0.017843690696422613
147,-2.411543301857333,0.5013080082337762,0.016422828556189192,9,0.021911892122253585
148,-2.450049845742472,-0.5085329185456796,0.016907234074529875,7,0.0
148,-2.383652051602188,-1.510618290297608,0.01666227913124349,10,0.020342960917147608
148,-2.416732548824196,1.4879973498444132,0.01631831446685653,10,0.0
148,-2.394564656345358,0.5062500904209591,0.016283884955757742,7,0.0027456183936611705
149,-2.446665190169269,-0.5065924482937021,0.016877551882932183,7,0.0017309764143802683
149,-2.385184565889696,-1.5007140928168763,0.015839477545116838,10,0.01760174946611767
149,-2.3949370855987464,1.5002690782813204,0.01625661212590753,10,0.019301675022300277
149,-2.4035318638547443,0.5021263955891136,0.01617324958835739,8,0.018558096081142804
150,-2.4535013785352255,-0.5042872087555951,0.017381512634179728,7,0.0
150,-2.384591262622376,-1.5032832261413318,0.016012135639820988,11,0.02280923287766419
150,-2.3969129857652955,1.4966597186683237,0.01588055324497415,9,0.01789400772784403
150,-2.405509368144478,0.502983474414345,0.01676645461789965,8,0.017712412507206062
151,-2.450049845742472,-0.5085329185456796,0.016907234074529875,7,0.0
151,-2.386189790365275,-1.510848009838965,0.016523458996669953,10,0.02271160193643796
151,-2.40178243802645,1.497656648746938,0.016165646405718527,10,0.016790449511429776
151,-2.400075384027682,0.5060581369633548,0.015831902399925095,8,0.004358405419658045
152,-2.446923081606187,-0.505409471941438,0.016782644473153894,7,0.0029845444278936493
152,-2.381709970332611,-1.512994887892688,0.015721996237042322,10,0.017596399200165366
152,-2.402264725510088,0.5022994648995467,0.01605288437617613,8,0.018165886460070987
153,-2.4444293018273755,-0.5048949842439875,0.01633837788127178,8,0.003028327026313683
153,-2.385054217731355,-1.5216991051607298,0.015912232493768146,10,0.003006154545505374
153,-2.3958500555339444,1.5000279665905463,0.016000292744170714,10,0.023944620300456583
153,-2.3974907612702827,0.5077572584505494,0.015466195736230714,8,0.002165670891987337
154,-2.4442591548098065,-0.4986838034130603,0.01592865338396324,6,0.004199427607594147
154,-2.382655235439325,-1.516149697832016,0.01575024328396338,10,0.014979556798576491
154,-2.401942397249078,1.499163469038189,0.016630502218711804,10,0.017855288177617213
154,-2.4057206380245773,0.5015541291616036,0.015757584356820547,9,0.020715238404244336
155,-2.440453418351109,-0.5003717485264683,0.016193572866281362,7,0.0027407656234387594
155,-2.3785055932898653,-1.5094361854517166,0.016162141929125757,11,0.019892106076480693
155,-2.3782859750670697,1.4995513018633115,0.01732179132966068,9,0.0
155,-2.4054317532192755,0.5043864046031226,0.016640931494725706,7,0.013774092256969805
156,-2.4414046374936618,-0.49810127835529633,0.015856317348219802,6,0.00442399883027341
156,-2.3789088474271596,-1.5097054150381841,0.016371015397923367,9,0.02156800609933602
156,-2.3913604727712343,1.501260598568911,0.0164357252486306,10,0.020077002308172213
156,-2.4091096006369854,0.5069327221107855,0.01661563880047415,8,0.019040338661735066
157,-2.381424375964601,-1.5026517959613706,0.0157433546716456,10,0.01784772846174771
157,-2.395260255791544,1.4952031482594392,0.016726797006573705,9,0.019965930116868386
157,-2.4023399003454062,0.5017971710676774,0.016314828820068964,9,0.0187240933562171
158,-2.440453418351109,-0.5003717485264683,0.016193572866281362,7,0.0027407656234387594
158,-2.3759589584712795,-1.494865431268527,0.016133985572995335,9,0.0
158,-2.396894186056918,1.4959428950099574,0.01627286108974377,10,0.02428764685835106
158,-2.40108562275468,0.5034870386378961,0.015836188767575768,8,0.016340290056255893
159,-2.447363718254457,-0.5055005145107423,0.016342709785148738,7,0.0030321239531634595
159,-2.3746814166775985,-1.5059229614449883,0.016517262831503735,9,0.023285499644844835
159,-2.3971459226504557,1.5015883732762894,0.016796830113867754,10,0.019197330455779447
159,-2.4010830852851583,0.5062702347956973,0.015802781213128662,8,0.004288248822986105
160,-2.382132182804332,-1.509304852952154,0.015751427024418195,11,0.01999927728363909
160,-2.3984556924100087,1.4927847114147315,0.01624176004860335,9,0.016738786364602132
160,-2.3949036917054713,0.5067872908486648,0.01635182487111123,8,0.003071531517739856
161,-2.45377063789832,-0.5018640004469769,0.016790325939171607,6,0.002999290224431075
161,-2.3789320225377324,-1.5097085901546776,0.016168079069290353,9,0.02059687716747366
161,-2.412156765363389,1.4996592602888967,0.016826424096660863,10,0.0
161,-2.4057242733141497,0.5012600566032963,0.016027221410189134,9,0.02037258272429616
162,-2.4529899669086497,-0.5041834395486802,0.016907969921774867,6,0.0
162,-2.3814753174133956,-1.5112591073857011,0.015648366098306676,9,0.017773100763749636
162,-2.4069861164295765,1.5046309018046384,0.016706539785275618,10,0.013933696957153949
162,-2.397878768985816,0.5025587897291437,0.015407963287917138,8,0.0035664646223925464
163,-2.380702065324391,-1.5133695671933662,0.016366653409973363,9,0.018635383581370978
163,-2.40921977263401,1.49629270667862,0.016291952859313917,10,0.0
163,-2.3980715230377467,0.50502762794361,0.01622128288872642,8,0.004366460191878948
164,-2.385283554447662,-1.5158031203226416,0.0163851124363057,10,0.015338745582640197
164,-2.398479977157871,1.4992614866237055,0.015843746697920408,9,0.022087912118948397
164,-2.3997230424451885,0.5053758728359968,0.016015279765751983,8,0.0039023403343429316
165,-2.3882290120516014,-1.5220571236995586,0.016245628897437258,10,0.0
165,-2.4138403722373147,1.4926822623682454,0.01631694100837603,10,0.0
165,-2.408857301035118,0.49945431125755474,0.016167186184082888,8,0.020758350657520467
166,-2.3899868703304428,-1.5216291216090474,0.016760348764514685,9,0.0
166,-2.3799533008130256,1.500603494569515,0.01734930055749285,10,0.0
166,-2.401620988565263,0.5063828677667602,0.01624789111802542,8,0.004107116652073115
167,-2.3837521113617597,-1.5180126436739794,0.01602321060440296,9,0.013474462129498276
167,-2.401692128717958,1.498922111624353,0.016557841560028565,10,0.018749612889486532
167,-2.3977535667783285,0.5049613665120107,0.01647821453765367,8,0.004885829370361078
168,-2.4420100488449905,-0.5019254132414832,0.01580608798737855,7,0.0032300874702745545
168,-2.3797747635628212,-1.5102435210647163,0.016181048661134206,9,0.020614626940007846
168,-2.406708467780811,1.4970321951750374,0.015993474379292667,10,0.012792669287806225
168,-2.400197071085382,0.5054754592895109,0.01650942527446941,8,0.0029750324298888292
169,-2.440054990439832,-0.5015235036526152,0.015801174261109656,7,0.003225660395970635
169,-2.381107192467658,-1.5152578850993794,0.01654618828155132,9,0.019573000333324576
169,-2.3958392381712583,1.499913581616274,0.01565319841283449,10,0.02004270911111253
169,-2.3987381642679,0.5100303940593806,0.016015378853193516,8,0.0039027178564792664
170,-2.4434327425203275,-0.5040720717566168,0.015817604142125706,7,0.0032776018022628033
170,-2.3726110443350645,-1.4927589829523344,0.01608947376236398,8,0.0
170,-2.4043499861726274,1.4938250256677867,0.016314668468418288,11,0.01766351515040848
170,-2.3992833301774628,0.5052851007677364,0.01599386974591842,8,0.004519329658548675
171,-2.437018507970026,-0.49991303625020966,0.01644592502576488,7,0.005911025582732215
171,-2.3811096901977846,-1.5156436665960347,0.016193258119229125,9,0.016633649465996256
171,-2.3989219009303597,1.4958441624920886,0.016343736771494706,9,0.019214862472350623
171,-2.4012909451844777,0.5020964224828363,0.016043104645638177,8,0.018155042152376604
172,-2.385683779538727,-1.5204375125817193,0.01622795743030649,9,0.0
172,-2.4027734271719825,1.494331685878497,0.015901706998115727,9,0.015654459657188157
172,-2.404262680291288,0.4968807610426885,0.0163664585071967,8,0.021086579212018834
173,-2.4421489259745184,-0.4986637253866208,0.015502192970011298,6,0.004529617440960754
173,-2.3863528146454622,-1.5199791514618426,0.016757497098744325,9,0.0013555622730818864
173,-2.3933961898544975,1.4977405507787316,0.01691143782388601,9,0.01764378711933076
173,-2.399107521296616,0.5058694231115687,0.016145746339433904,7,0.003718625257967536
174,-2.438542463554063,-0.503061983919084,0.015808923406597886,7,0.0032666859061852107
174,-2.3776740271489185,-1.508917005862161,0.016150354206334552,9,0.02265478565885034
174,-2.3951983594886403,1.4955250293711058,0.015682937328046372,9,0.017669305813086796
174,-2.4009036224969225,0.5099138237407514,0.015911040802287696,8,0.002562195336513429
175,-2.379115759899325,1.5000754905710476,0.017339161881969333,9,0.0
175,-2.3985066798275434,0.5051201284853101,0.01624873587560613,8,0.0036045628917289485
176,-2.44887901359629,-0.5058139969429089,0.016785425560464053,8,0.0029903167461215185
176,-2.3802973441227695,-1.5183352566996287,0.016258946560311287,9,0.015603421134133431
176,-2.379115759899325,1.5000754905710476,0.017339161881969333,10,0.0
176,-2.3987315467399766,0.5071119616926196,0.016318664738427625,8,0.005010166805788447
177,-2.440453418351109,-0.5003717485264683,0.016193572866281362,7,0.0027407656234387594
177,-2.379370566063985,-1.5099932192364274,0.016175686809765763,9,0.02270055440588123
177,-2.394668450630472,1.5000401784331396,0.016104891647419493,10,0.01682227310360466
177,-2.3988960583916623,0.5100626296100349,0.017155175063295607,8,0.0
178,-2.3986072191105685,1.504692068507655,0.016193550839465304,10,0.017030644467074498
178,-2.4050927820267924,0.49955643699216024,0.015803977010116856,8,0.019932160457210222
179,-2.4371224780772573,-0.5009215722245115,0.01579300548465708,7,0.0032209343985265862
179,-2.3854054339567883,-1.5146170527017546,0.01576123419730684,11,0.016076092335222
179,-2.414691892718606,1.4932096392058898,0.016319418313449865,9,0.0
179,-2.405984275341404,0.4997470656484101,0.015405589220696729,8,0.018956810438784857
180,-2.4310237523974165,-0.4984380368189456,0.016506627404883137,7,0.005841265485261925
180,-2.3823239672813825,-1.5248770367864046,0.015791485226252552,9,0.0006442480235403089
180,-2.3974097522008497,1.4953410822297717,0.0174113458022684,9,0.022780908972343146
180,-2.402046015684809,0.5003005053533467,0.01643329912407836,8,0.01800014124011832
181,-2.449301363167696,-0.5052810443741127,0.015828683582871393,7,0.003288534551187037
181,-2.384764660416095,-1.5140043534880865,0.015891718081466708,10,0.02136057709505649
181,-2.411350999688779,0.4979630683687371,0.015613007126649323,9,0.020344629746868827
182,-2.4416139474068546,-0.5018439716396916,0.016188226606991027,7,0.0031622617392196503
182,-2.405065164669631,1.4985953170854553,0.016079810004008377,10,0.01679720179739923
182,-2.405465578595614,0.5032436180704045,0.01631952428216725,8,0.019620988573829413
183,-2.379883940122896,-1.487687090062724,0.01727531708873785,11,0.0
183,-2.4071997674624983,1.4974247476769695,0.016531837056305173,9,0.014733106071307683
183,-2.413148408180832,0.5002001105161429,0.0160383084638784,9,0.021857612522038848
184,-2.453214524934689,-0.5091906677104587,0.017386229535864467,7,0.005195029457084938
184,-2.384211841289814,-1.5292718802037688,0.015514685229899645,9,0.0
184,-2.3972575774648304,1.5049734276676046,0.01585583054875398,10,0.022086314119654143
184,-2.4001592383732113,0.5078994496304651,0.016001241553130183,8,0.003812563548313757
185,-2.3799597994461306,-1.5060038125963142,0.01618588905323191,10,0.02199150106285612
185,-2.3799533008130256,1.500603494569515,0.01734930055749285,9,0.0
185,-2.400060190096366,0.5109189290924548,0.015839726866535318,8,0.004357569952822549
186,-2.3826220975586754,-1.5071902888116138,0.01676090845884927,11,0.02237623694335534
186,-2.412812845172301,1.4952834216506752,0.015580796035564138,9,0.0
186,-2.4015698001078487,0.5024284014822733,0.016280825683195048,8,0.019575696978747902
187,-2.447363718254457,-0.5055005145107423,0.016342709785148738,7,0.0030321239531634595
187,-2.3759589584712795,-1.494865431268527,0.016133985572995335,10,0.0
187,-2.399009959956026,1.5024936593751115,0.01572855877226936,11,0.020617666033381634
187,-2.399704353856258,0.5065866813776861,0.016928474772082737,7,0.0031820614201489602
188,-2.446665190169269,-0.5065924482937021,0.016877551882932183,7,0.0017309764143802683
188,-2.3814710041481812,-1.51132451736447,0.01620557994042251,9,0.022042726140271883
188,-2.4117368240067627,1.4958269204915797,0.01628136657703035,11,0.006549734656284399
188,-2.399969262187674,0.5078591523160548,0.01625885881838348,8,0.003837152438933045
189,-2.4482725027849344,-0.5019751294018123,0.016218753309532263,7,0.002754287127477377
189,-2.3821199730851643,-1.5180584203210732,0.01657169805843688,9,0.02010111942130632
189,-2.404611386215087,0.5049405976324455,0.01584767226283873,8,0.018887745820880222
190,-2.4476255715786164,-0.5080310687107312,0.01737759179819844,7,0.0
190,-2.3793594837269527,-1.5099828434913158,0.016175687187501696,9,0.0213061998115431
190,-2.4165420279518064,1.4911874124344118,0.016559771079272406,9,0.0019275316501869751
190,-2.406282390752029,0.4998057291057849,0.015699871471133962,8,0.01932275869230804
191,-2.4451148022443165,-0.4988577363554302,0.016035869322567817,6,0.004001430664858607
191,-2.376464231889761,-1.5145934915108714,0.016172851606886487,11,0.022385750711347664
191,-2.413844779652093,1.4926831821560191,0.016321370967234315,9,0.0
191,-2.4053877992464887,0.5002880445065633,0.015374486850225846,8,0.019188959935650396
192,-2.444905664637561,-0.5035832236496762,0.01619851696848345,8,0.007600421584345201
192,-2.3751236753363574,-1.4943400005623153,0.01612103044999097,9,0.0
192,-2.4042045143068416,0.5011125010266632,0.016485125767869604,8,0.022015151416042697
193,-2.386427107536607,-1.5097577088706415,0.01615776583484024,10,0.018025464584545726
193,-2.3965739062070113,1.4948274012529996,0.01625148714129461,9,0.019484976368002012
193,-2.398075297898162,0.5055142053002787,0.016932281810834837,8,0.004572050416302773
194,-2.388517397892594,-1.5127394685512374,0.01622761408296199,10,0.01679255087864584
194,-2.3979142461313203,0.5062091995586389,0.0162604519870784,8,0.004693986042158866
195,-2.3838518107909925,-1.5115844377420184,0.016056838854929176,11,0.025746638621311546
195,-2.4041241462508314,1.4955696371171703,0.016540467821818044,9,0.015581609468667428
195,-2.407313578333934,0.5020625123052808,0.01638583435565166,9,0.01968229729085141
196,-2.4339525349817683,-0.49903889306200844,0.016518542674307624,7,0.005848295574015008
196,-2.379151628529465,-1.506603488118523,0.016150330544284934,10,0.0218188456337095
196,-2.4002466557268134,1.5000003807466087,0.01682055729445591,10,0.02161345017077264
196,-2.3978227471429316,0.5061897768560121,0.015590869060271859,8,0.0025408442951505277
197,-2.4361153614011024,-0.498743019350937,0.01654205023081116,7,0.005828819840003794
197,-2.3840835273925953,-1.5111591210526418,0.015773617679868585,9,0.018281051719129207
197,-2.4113383315808226,1.495417548227276,0.016331843914775216,11,0.022796873559148573
197,-2.3979235584746315,0.5098570281254426,0.017148721758472,8,0.0
198,-2.3807207684204488,-1.5126445556491348,0.015756768814443475,9,0.019112898868309924
198,-2.3970462693312617,1.501594357535655,0.016279263039333747,10,0.01915269404682529
198,-2.411043346575833,0.4940261847069096,0.016174401330331066,10,0.021147799131924116
199,-2.446912938363982,-0.5047891444406014,0.01624730953594058,7,0.0032364786897752336
199,-2.3767653244142912,-1.5164498193954912,0.015876361222800256,11,0.024318914495734385
199,-2.397830019813264,1.4956177847411105,0.016267500286603433,9,0.019003233104551973
199,-2.4126555094114344,0.5016089202733991,0.015695194488098765,8,0.020706352410932976
200,-2.3789303509059376,-1.5097075202087953,0.01616612262051233,9,0.020592179141018647
200,-2.3983979220064437,1.5010847071519422,0.016248808659645696,10,0.018099925970201974
200,-2.4123735301041562,0.502019646814858,0.016096765769827638,9,0.021546814484569077
201,-2.455926849091054,-0.50478790197134,0.01690988566210632,6,0.0
201,-2.385483405314851,-1.5137609845277133,0.016390733620772223,10,0.01598140367374928
201,-2.4063075947928807,1.4946649184741738,0.015466369867773175,10,0.01491713444099162
201,-2.4030247967747496,0.5115510870085889,0.015809543807653002,8,0.00425800158808711
202,-2.3832248215942298,-1.5118984096632764,0.016185191264338428,9,0.020282076772101646
202,-2.4047269151468393,1.5001983329058433,0.016868518304886754,10,0.01902814710101419
202,-2.4022902864377964,0.5031260237042318,0.016364297015963626,8,0.017932246382868312
203,-2.443978313136383,-0.5041830847614422,0.016242235581358972,7,0.0032304446481428726
203,-2.3769965333905305,-1.492302449166235,0.017272450885476874,9,0.0
203,-2.4008699693549715,1.499591018601114,0.01675328891606239,10,0.02138170317374226
203,-2.4030241374562955,0.5066800186122933,0.015819481518120862,8,0.004289015223595389
204,-2.3817557908423703,-1.5186253355977428,0.016429565731555806,9,0.017985818924582887
204,-2.3809796566448886,1.4980254906815162,0.016201147975031336,9,0.0
204,-2.3997308369525223,0.5073234479355544,0.016297831785230567,8,0.004979142168466678
205,-2.3796567344795223,-1.510159824188218,0.01580798659402513,9,0.018371481485423065
205,-2.40312778165811,1.497818051356246,0.016506225010655465,10,0.018226116854111952
205,-2.4052057181108357,0.5026940894588334,0.016184331914360188,9,0.01726078077197695
206,-2.443965531880887,-0.5023284527123386,0.01581064395955897,7,0.0032345607196386994
206,-2.385285882924701,-1.5266938269573396,0.01626031663401868,9,0.0
206,-2.4009773407972825,1.496570900058362,0.016360993198507087,10,0.020803855606530156
206,-2.4004844114828905,0.5031065625885266,0.01455701831049451,8,0.0
207,-2.439845920527761,-0.5002479062890451,0.015847068018830936,7,0.0027932075326051226
207,-2.382079175958163,-1.510509558498716,0.016700324005546656,9,0.020525737811297608
207,-2.403160997467883,1.5022479864523213,0.01676198531855904,10,0.01743272140944384
207,-2.4126944863285362,0.4980308120077971,0.016232111200849806,8,0.02212260020184169
208,-2.440822733915032,-0.5004474823558468,0.015850823127225824,7,0.002794268793038568
208,-2.3803977761079103,-1.5101206841527481,0.015767528219751616,11,0.025296423562967796
208,-2.4001953365598605,1.491968473056072,0.016172516710683107,9,0.025119139415091574
208,-2.399107521296616,0.5058694231115687,0.016145746339433904,7,0.003718625257967536
209,-2.4505798865998187,-0.5024497107055922,0.01688046929435936,7,0.0017321411417947023
209,-2.3860994742305834,-1.5112708009269549,0.015787950983396647,10,0.015837681127454654
209,-2.380790839662689,1.5011314971739687,0.01735944172247366,9,0.0
209,-2.4031057705698595,0.5029410948067076,0.016110925302540626,7,0.016187429133506754
210,-2.440453418351109,-0.5003717485264683,0.016193572866281362,7,0.0027407656234387594
210,-2.384103521072941,-1.5111219584996374,0.016094534045369726,10,0.017254806995496055
210,-2.398985426213624,1.4975063991281385,0.016160401427621308,9,0.02041229562994044
210,-2.409086286725896,0.4997740626823883,0.01541276823997149,8,0.02123553888826582
211,-2.3858092728764664,-1.5268111702839438,0.01678857501191804,9,0.0011689916562688009
211,-2.408609432956592,1.4982214313242161,0.01642888350595722,10,0.011125374339139652
211,-2.415457928593482,0.4965266090047505,0.01529950626804529,9,0.020040705856286315
212,-2.438542463554063,-0.503061983919084,0.015808923406597886,7,0.0032666859061852107
212,-2.382114657861535,-1.5264347664010243,0.014831165918670872,9,0.0
212,-2.381815259974434,1.498552387326202,0.01621362960597255,9,0.0
212,-2.4015990967668763,0.5075089106757747,0.016779597282678905,7,0.002799686810596499
213,-2.376114699742824,-1.5127717896369919,0.015793179830105978,9,0.022106639087648476
213,-2.3766102798344457,1.4984949070587485,0.017302202755774848,9,0.0
213,-2.4061209228651363,0.5040271388893663,0.015750099647896226,8,0.022322911548941275
214,-2.4532327875676327,-0.5067136344362063,0.016351144291481014,7,0.003043034326659911
214,-2.3787750095448237,-1.5096051082798128,0.016341647419058154,9,0.019521063240101205
214,-2.399833253339382,1.4987372574843016,0.0163759809655314,10,0.019066680599163065
214,-2.3963079155076334,0.5058701079205729,0.016115149641694936,8,0.003736252727710271
215,-2.440822733915032,-0.5004474823558468,0.015850823127225824,7,0.002794268793038568
215,-2.3863235216421703,-1.5241000888956528,0.015505396535352997,9,0.0
215,-2.384064003252237,1.4903039797345528,0.016178910594068056,10,0.010828094935275237
215,-2.4156340716158904,0.4998353774988963,0.01601641231752193,9,0.022225267389518143
216,-2.4404985678444437,-0.5034660940750445,0.015812215560046826,7,0.0032715723611249064
216,-2.3825166405916876,-1.528182846042731,0.015499537997060341,9,0.0
216,-2.3958826563767417,1.4992494701133265,0.01683457564198127,9,0.01809750317512571
216,-2.41074589302053,0.5025055215178649,0.01622092422680874,7,0.02209978061989939
217,-2.3790511538975205,-1.4871672862523873,0.017257636437040702,10,0.0
217,-2.397442455957089,1.4993279242054738,0.016502174301776466,9,0.01965816937284319
217,-2.3995635448956003,0.5065595028074312,0.01564553195480079,9,0.005313104040853399
218,-2.384170823280566,-1.5120256918947312,0.016653139808847448,9,0.01945799883360228
218,-2.3778746005835503,1.5057471794210857,0.01735963899266318,9,0.0
218,-2.4051106282274675,0.5014378097683976,0.015953732841813038,8,0.018139809191753474
219,-2.3817163221793467,-1.5192429399142011,0.016203738862757368,9,0.01647561037275707
219,-2.412649552854158,1.4984234496556055,0.01632998940199321,9,0.0
219,-2.401491954146768,0.5075727670966899,0.017101627951384004,8,0.003686347547999951
220,-2.4502984989182433,-0.5061069722123033,0.01634667202982733,7,0.0030367973856815834
220,-2.3790461001530727,-1.5081596090429308,0.015796782177993865,10,0.022128373492974522
220,-2.4043709335424763,1.4965245705380883,0.016749171790906934,9,0.01743501617162346
220,-2.4034189392391117,0.5061550987060347,0.015771185241911664,8,0.0037468195984068377
221,-2.44593458799032,-0.5045855049705383,0.016246213847401506,7,0.0032343511399719085
221,-2.38231474313135,-1.504498304006374,0.016702381573968108,10,0.018119940727078673
221,-2.38015828301759,1.4975053266158123,0.016174250277624435,9,0.0
221,-2.401347674534866,0.5057191150742605,0.015886143626960336,8,0.004148413611737967
222,-2.441430716968891,-0.5005726048471941,0.016196640191021655,7,0.0027431675483161194
222,-2.3851657953325915,-1.5152241730159726,0.01667907865029236,10,0.01821809813170797
222,-2.411794715114061,1.4978915209511343,0.01632310030270718,10,0.0
222,-2.404999292764559,0.5001063321415709,0.01610281637634757,8,0.019808638494849616
223,-2.4505643290329786,-0.5036826852838031,0.01737978286655717,6,0.0
223,-2.383993892324878,-1.5131594672625115,0.015671235475385445,10,0.018767165661609016
223,-2.379115759899325,1.5000754905710476,0.017339161881969333,9,0.0
223,-2.397163822024344,0.5032182137628506,0.016429835599469506,7,0.0035912339140344264
224,-2.383633511086102,-1.513246629122455,0.016215928434306467,9,0.02095065183298175
224,-2.4138703673082333,1.5007254923473412,0.016844695824020445,10,0.0
224,-2.400321427728119,0.5067172231377217,0.01630980952174597,7,0.004044805343571836
225,-2.380809437989236,-1.5092369477272887,0.016863856853356993,9,0.019807482795597183
225,-2.403245309526562,0.5119624903887283,0.016409702997566323,9,0.004283989931335899
226,-2.442022438625256,-0.503780270915313,0.01623884733919112,7,0.003227176980479961
226,-2.3769965333905305,-1.492302449166235,0.017272450885476874,9,0.0
226,-2.407571887934095,1.5098708746165166,0.016925394612655496,10,0.013800562617819489
226,-2.3994749901563197,0.5053237235687195,0.016259149509166265,8,0.0036084843720298604
227,-2.382400147444247,-1.5196816523015808,0.016215768894024173,9,0.017042895260529753
227,-2.4067846341575008,1.4957914707294022,0.015664353283123742,9,0.014744600710474494
227,-2.401491954146768,0.5075727670966899,0.017101627951384004,8,0.003686347547999951
228,-2.384486864614889,-1.506533032612174,0.01673220973437935,10,0.021139610181930973
228,-2.412812845172301,1.4952834216506752,0.015580796035564138,10,0.0
228,-2.4009011980253367,0.503022012595162,0.015664007313688926,8,0.01674017578946473
229,-2.436483263893719,-0.49709741281538694,0.01589436952796229,6,0.005001077989074168
229,-2.382184286072959,-1.5280461502797318,0.015146261798131243,9,0.0008223264806565987
229,-2.393363750726008,1.5025166303468274,0.015914656171574105,10,0.025277172288425156
229,-2.4081074022860522,0.499571597589412,0.015403511442592896,8,0.021223152513681818
230,-2.379871643329275,-1.5078386729830782,0.01598721768205805,9,0.0196965669590065
230,-2.397879405242089,1.501663101691543,0.015982533433984442,10,0.022589111778780015
230,-2.398485255431687,0.5051147760189041,0.015819285489634963,8,0.004722479942064569
231,-2.4490716152597205,-0.5083286563055472,0.01690660096775399,8,0.0
231,-2.3807842248731146,-1.5137486822626531,0.016292076554132163,9,0.018823518949883843
231,-2.3923371654644767,1.497572880529597,0.016742698178273157,9,0.019242819933997568
231,-2.3985515525792933,0.502699107175314,0.014532875334355103,7,0.0
232,-2.4529899669086497,-0.5041834395486802,0.016907969921774867,7,0.0
232,-2.3823239672813825,-1.5248770367864046,0.015791485226252552,9,0.0006442480235403089
232,-2.3968650590442224,1.501561291383432,0.016639887313698996,10,0.01858003086948394
232,-2.4040832217261503,0.5030532539583628,0.016031212423578984,8,0.019289909375924057
233,-2.3792493064260762,-1.5115370985301082,0.015820207075986137,9,0.021623552431516813
233,-2.395930214362547,1.4984036059487384,0.016129766548070627,9,0.0193963361797206
233,-2.401701107347357,0.506733328705636,0.016334378531290123,8,0.003953642473461696
234,-2.440822733915032,-0.5004474823558468,0.015850823127225824,7,0.002794268793038568
234,-2.385383913853805,-1.5177874189811837,0.01649436585534507,9,0.01810343064416375
234,-2.4021953965246694,1.4965448985653012,0.016188335206743537,9,0.01841352593381059
234,-2.4016994628208432,0.507008514311732,0.01562903737305942,8,0.0025457336327102094
235,-2.3843097533764066,-1.508256721157193,0.016781232269595776,9,0.022410196196433058
235,-2.3799533008130256,1.500603494569515,0.01734930055749285,9,0.0
235,-2.396959143370445,0.509650454278005,0.01713513139941023,8,0.0
236,-2.3842564376867723,-1.5162535396264032,0.016320042966729707,9,0.020279601614116502
236,-2.3992585764040406,1.5022181441647233,0.01666944246561264,10,0.021318522595936376
236,-2.4018827128468314,0.5027988724160969,0.015999271316250684,8,0.016896080306566818
237,-2.381775929429814,-1.5066547085524744,0.016747037454465853,9,0.02235690632590001
237,-2.379115759899325,1.5000754905710476,0.017339161881969333,9,0.0
237,-2.397387168789553,0.5033148586223134,0.014707474610005596,8,0.0
238,-2.390043571094591,-1.5174236651310231,0.016815910006342364,10,0.009139938111999486
238,-2.3977866841937967,1.495682545195788,0.01696986467898285,11,0.02313376863300845
238,-2.3987914213293684,0.5127557497808729,0.016163159449304295,8,0.002844529149521639
239,-2.443978313136383,-0.5041830847614422,0.016242235581358972,7,0.0032304446481428726
239,-2.3792493514207416,-1.5115374970829263,0.016762631519606736,9,0.021964773674610933
239,-2.396404264163117,1.5001651564884497,0.016006172096539328,10,0.024885898417820813
239,-2.4012909451844777,0.5020964224828363,0.016043104645638177,8,0.018155042152376604
240,-2.3869106025787925,-1.508909494929459,0.01623040315607971,10,0.017559551092817247
240,-2.3991183724438945,1.4990598792956107,0.01618328139582904,11,0.026765590522671967
240,-2.401091228308144,0.5042504031604922,0.015998659536059005,8,0.0197322205260027
241,-2.4497875540230565,-0.508480960324702,0.01691107341690799,8,0.005171376705674621
241,-2.3812661399132633,-1.514422109144174,0.016138116138798494,9,0.017735694480680908
241,-2.3913132217017727,1.501340624326129,0.0169383145121247,10,0.019447136217998325
241,-2.399348588888338,0.5016878284067222,0.016028225564325507,8,0.018139120547486044
242,-2.4416139474068546,-0.5018439716396916,0.016188226606991027,7,0.0031622617392196503
242,-2.380818059796338,-1.5135736426732842,0.016135689245039612,9,0.019038621914164975
242,-2.397477641157795,1.49995045673133,0.01666293576659027,10,0.017754082294626043
242,-2.4031926542179223,0.5043529321777084,0.01601971651994253,8,0.015683508268153627
243,-2.4434327425203275,-0.5040720717566168,0.015817604142125706,7,0.0032776018022628033
243,-2.3797244422873987,-1.5097654251311121,0.0159594471027959,10,0.021287684735377965
243,-2.394631562323663,1.489375055473537,0.0163573251508306,11,0.03059665072007271
243,-2.398266124596338,0.5099292702623489,0.015504507554606995,8,0.0042263491157794346
244,-2.386609586540543,-1.5144752057486213,0.016408556765576808,10,0.014697946306226476
244,-2.403812758329533,1.4952848664258294,0.015261420117894161,9,0.015474298471207749
244,-2.3959740668169096,0.5029686379290519,0.016393441814864025,8,0.005492253097729909
245,-2.4277975678146837,-0.49725171753293157,0.01605096985034288,7,0.0053172149487395294
245,-2.3805107997248998,-1.514635035588506,0.01593467263300875,10,0.018915984059964672
245,-2.4064714994570275,1.4989730615598327,0.016278919219957735,10,0.01224753501386837
245,-2.403978229070437,0.5048614897155015,0.01581060606381698,8,0.019305943284716305
246,-2.3811600174115455,-1.5024784827566042,0.015827110635886276,11,0.01803567629714341
246,-2.414691892718606,1.4932096392058898,0.016319418313449865,9,0.0
246,-2.40901381421839,0.5045754462455895,0.016282408835313702,8,0.02151928331778508
247,-2.380151622997842,-1.5268188321368985,0.014773522739732352,9,0.0
247,-2.401185565100954,1.4988403531903753,0.016214756476130812,10,0.022284940916172256
247,-2.3993672340262497,0.5065165434810146,0.0162847566848683,8,0.004032032817088978
248,-2.455727774096414,-0.5022622464980391,0.016793911911975833,6,0.0030013927490533557
248,-2.384620461451925,-1.5230116712749693,0.015484030142288229,9,0.0
248,-2.38015828301759,1.4975053266158123,0.016174250277624435,8,0.0
248,-2.4045927090445383,0.5045393120617756,0.016192183045533583,8,0.019036445299025966
249,-2.3863235216421703,-1.5241000888956528,0.015505396535352997,10,0.0
249,-2.3961991051778213,1.4961454606445295,0.01553018648858468,9,0.017770440056366216
249,-2.413488475905025,0.5013021760665832,0.016151125786963465,9,0.02132854644188502
250,-2.3788851291089212,-1.510550491901653,0.015650349035399434,9,0.018546413817790153
250,-2.398158461456228,0.5050460236394511,0.015619603233301532,8,0.004593922538674251
251,-2.4478909614215763,-0.5049904617781047,0.016249460441213923,8,0.003236733750453918
251,-2.3803964340910375,-1.5177551602595138,0.016415337370223555,9,0.016878177913505227
251,-2.3943188936212105,1.4980546533508126,0.016405135935721935,9,0.01834636480276378
251,-2.403978229070437,0.5048614897155015,0.01581060606381698,8,0.019305943284716305
252,-2.3760599909961804,-1.5190376562049408,0.016057091406250047,10,0.019059373515381523
252,-2.4023253166449834,1.499354417634677,0.016344090106246646,10,0.02365752013141074
252,-2.3949036917054713,0.5067872908486648,0.01635182487111123,8,0.003071531517739856
253,-2.3809566261895956,-1.5131898533570258,0.015457536041131583,11,0.018962346301372873
253,-2.39702816014408,1.4992627744712086,0.015428219721455305,10,0.0172138956005186
253,-2.403358911581088,0.5030672004087432,0.015972096783727005,7,0.01603578762438343
254,-2.4424081232956736,-0.5007725282163453,0.0161996876263908,7,0.002744142719439479
254,-2.384635449806352,-1.515687717164462,0.016202150661053436,11,0.015995949540532718
254,-2.407139825943564,1.4930249562601443,0.016139203099306793,10,0.014439078708375172
254,-2.4030430704053733,0.5068449166101634,0.01664288293348089,8,0.01860018795842983
255,-2.4416139474068546,-0.5018439716396916,0.016188226606991027,7,0.0031622617392196503
255,-2.381263385014042,-1.5258887431012789,0.014820442322355874,10,0.0
255,-2.394591821584239,1.4984188961777265,0.016821573646931064,11,0.025173375486741395
255,-2.3967922329591014,0.5067014019088492,0.016300838381194026,8,0.005009208562131659
256,-2.379402416881775,-1.5142957635532865,0.01593757360247153,10,0.024470929638118182
256,-2.398071836397383,1.4945514749314088,0.0164270715978964,10,0.01938843341427828
256,-2.396945173102317,0.5060049078258972,0.016250723410388808,8,0.004690632156075952
257,-2.4394039931287934,-0.4976925062299512,0.01591584298993944,6,0.005015296490601473
257,-2.3841080765795812,-1.5162326172939629,0.0159609968065049,10,0.0164565401141439
257,-2.3941798581363227,1.4981708758017485,0.015879298725495476,10,0.021496746305068076
257,-2.4006946712333463,0.5055801546270913,0.01602267712603342,8,0.0039034351730108173
258,-2.444546729587655,-0.5024469625963085,0.016195591201543156,7,0.0031672644402359357
258,-2.381263385014042,-1.5258887431012789,0.014820442322355874,9,0.0
258,-2.403775309072881,1.4953504045208068,0.016453682710182615,8,0.015844084029692836
258,-2.402262797823573,0.5049948501994415,0.016225869578664315,9,0.012585135317433771
259,-2.4424081232956736,-0.5007725282163453,0.0161996876263908,7,0.002744142719439479
259,-2.384873284218663,-1.5153762248829938,0.016480886053518485,10,0.014543893368044741
259,-2.380698381473732,1.4978485507354338,0.016528743761896617,9,0.0
259,-2.3979219451271163,0.5069403531664014,0.016151774079311978,8,0.004736068196512424
260,-2.4434327425203275,-0.5040720717566168,0.015817604142125706,7,0.0032776018022628033
260,-2.3808685751681575,-1.5140983582961314,0.01627376086139761,9,0.02021516927155621
260,-2.395843091491207,1.4960173446504177,0.015873488857611112,9,0.022755936626361384
260,-2.390051604867404,0.496078367713003,0.016183602234316124,8,0.0
261,-2.3791247085584306,-1.5082789443980542,0.01544428899055326,9,0.019959623986698614
261,-2.391697524425829,1.5015054485248966,0.015436164967084078,10,0.02312323605902997
261,-2.403059120493256,0.5064119034670408,0.015652244177982666,8,0.017994685234499125
262,-2.4535165586235195,-0.5030515419733312,0.01688345731172134,8,0.0017343420680751322
262,-2.385683779538727,-1.5204375125817193,0.01622795743030649,9,0.0
262,-2.412138098750148,1.499728020528508,0.015970504087415745,10,0.005827147445616803
262,-2.4020401207794526,0.503263974042756,0.01678845706381363,7,0.01721652458114216
263,-2.442022438625256,-0.503780270915313,0.01623884733919112,7,0.003227176980479961
263,-2.381532864478728,-1.5168612345048917,0.0159237851637542,10,0.02061028650609949
263,-2.395862859317308,1.4992279257430159,0.015892843338540623,10,0.021206537250310156
263,-2.399126675451393,0.5052514439002352,0.015629717013118192,8,0.004602090445752824
264,-2.4461358315186033,-0.5077193814876417,0.016904524784510766,7,0.0
264,-2.372828124247538,-1.5235818791321745,0.01577658402603423,10,0.018510341547985185
264,-2.398161031198951,1.4974167121934205,0.01589917872061098,10,0.025004898429679817
264,-2.4019683464784403,0.5023078504992168,0.016243723029105865,9,0.015520659087632536
265,-2.4476255715786164,-0.5080310687107312,0.01737759179819844,7,0.0
265,-2.3756192472512776,-1.5140545725416368,0.016155480539910706,9,0.022358363462833132
265,-2.4046754471847054,1.4960328335253195,0.016671453401600134,9,0.019273097343291072
265,-2.3978227471429316,0.5061897768560121,0.015590869060271859,7,0.0025408442951505277
266,-2.4394760226326624,-0.5001720649347878,0.016190373049059608,7,0.0027397165074195965
266,-2.380294374333077,-1.5089631712624723,0.01675315507035705,9,0.0218291495571079
266,-2.3949316075733718,1.5010707837762123,0.016266405509864183,10,0.018992397659548677
266,-2.402131400060496,0.5014724932991406,0.01666993273972467,9,0.020521320596356727
267,-2.3782848208514293,-1.512544220958691,0.016182466195263638,9,0.02005313269258207
267,-2.4049598662873892,1.495202886198675,0.01632412208363007,9,0.018521168593343525
267,-2.3968528031500647,0.505984851764014,0.015582015057703028,8,0.002543486657845862
268,-2.444957155054106,-0.5043856849815055,0.016243781733526044,7,0.003232524721373188
268,-2.378490646565237,-1.5094430789861695,0.01636475186706677,9,0.02224227948241686
268,-2.4003725422829887,1.4939297410571128,0.01576976854005976,10,0.017838236621066303
268,-2.405185626060375,0.4989628906684424,0.01537806165387739,8,0.021186880405763858
269,-2.384058915030582,-1.5097120204909473,0.016196478052696466,10,0.02452839455518054
269,-2.402374708863384,1.5004169214817051,0.016768865500557128,10,0.015981406354398632
269,-2.3956424237621845,0.5020880725902422,0.014504946744175051,8,0.0
270,-2.3810072546940755,-1.5115512129638953,0.015847180656276532,9,0.025352075484478757
270,-2.399953345699546,1.4991672640610918,0.017099674907958693,10,0.021032954300258554
270,-2.399533166143033,0.5120230962493649,0.01709261687392828,8,0.0036851448803682275
271,-2.380811701289427,-1.527090220522206,0.015475096253443385,9,0.0
271,-2.4018595369209845,1.5003167775127444,0.017004931224190136,10,0.02081584731939347
271,-2.3984896766605,0.5099776532744823,0.016259769926655482,8,0.0036072984746654004
272,-2.444546729587655,-0.5024469625963085,0.016195591201543156,7,0.0031672644402359357
272,-2.3805611480571764,-1.5194186908160228,0.016227097238164588,10,0.018106707758801858
272,-2.4136676885130006,1.4958141107208354,0.015586856212323863,10,0.0
272,-2.399433028163938,0.5081670505520601,0.015481173330752666,8,0.0021631083417021175
273,-2.441044238296495,-0.503578253650303,0.016236819944026898,7,0.0032263472713642987
273,-2.3807274568716066,-1.5145955834064144,0.01658197217279159,9,0.01840138402406497
273,-2.396132483042299,1.4946467087105813,0.01623932094916606,10,0.022507484663115758
273,-2.3995719990228737,0.505345743898789,0.015708883253975164,9,0.004348823434309581
274,-2.4416139474068546,-0.5018439716396916,0.016188226606991027,7,0.0031622617392196503
274,-2.380046811528317,-1.5104146280190096,0.01635709792451457,9,0.020227484861312213
274,-2.4014968590708694,1.485065357259308,0.015498805882958485,9,0.02161604064540465
274,-2.4018767073788037,0.5032399055368495,0.016482728554328523,7,0.01634467761336802
275,-2.382839927847479,-1.5161686656164923,0.01646303635992527,9,0.018059717675344287
275,-2.402428678764326,1.49651839998045,0.01614663529387372,9,0.01474223006153475
275,-2.3941803838688505,0.5066332384475981,0.01610257580055938,8,0.003459497833523874
276,-2.3726110443350645,-1.4927589829523344,0.01608947376236398,9,0.0
276,-2.400769199495184,1.4977371542071087,0.015518843555083544,10,0.015405721162995116
276,-2.405222687324337,0.5019148587839231,0.016002242433106384,8,0.018419048928818436
277,-2.4323264878349486,-0.5250772635057647,0.01759675531051889,8,0.0
277,-2.382978930424885,-1.5026390979619257,0.01601832186913901,11,0.020638902804804602
277,-2.3987194833494723,1.4969854580263933,0.015978295468884126,9,0.017607709788990435
277,-2.406016116404939,0.5047293953755382,0.016842253776388802,7,0.014949971182678932
278,-2.4436372090833505,-0.5148297309714036,0.01725344367758563,8,0.02190156541569631
278,-2.3796782399401284,-1.5182250425853714,0.016647500844615137,9,0.018159437567337573
278,-2.3994272740649154,1.4987765351201368,0.016585582362471606,10,0.01720362616381574
278,-2.4068465790398443,0.507651241560608,0.016564868590184204,8,0.01820860822331116
279,-2.445389013067876,-0.5044747806751901,0.015821592799498418,7,0.003281016031078055
279,-2.38000226610349,-1.5264976702061952,0.016434911209482175,9,0.001927860011688105
279,-2.3923886347219385,1.4986741781288673,0.016232368542145333,10,0.019272602851298365
279,-2.4066013072486006,0.5033855343275346,0.01600075191626685,9,0.019510411228610754
280,-2.384010089969594,-1.5123571194035126,0.016870331265297748,10,0.01962348699535308
280,-2.3976811540389065,1.4947538916014738,0.016485938295119934,9,0.018398902386526646
280,-2.3991037245836786,0.5058534762411275,0.015824722008857647,8,0.004357752579708067
281,-2.3791299592022863,-1.5090955961337569,0.016046446603916374,9,0.020152577060838284
281,-2.4041241462508314,1.4955696371171703,0.016540467821818044,9,0.015581609468667428
281,-2.4045648494630925,0.5112694777133814,0.015600942623778475,8,0.0038705782827572004
282,-2.4425917603760112,-0.5020456347092546,0.01619072218268967,7,0.0031637518938556976
282,-2.3811414813236382,-1.5188743966148799,0.016265634724997556,9,0.015616431597906133
282,-2.4072177247034023,1.4985105838332458,0.016161441083082796,10,0.011762492506033864
282,-2.4008104579788325,0.5070640934699576,0.016359245775982384,9,0.004491540768034581
283,-2.4476255715786164,-0.5080310687107312,0.01737759179819844,7,0.0
283,-2.3797281410266407,-1.5110838660073855,0.015663993812907402,9,0.018570245122769592
283,-2.403098092684928,1.4964265069801723,0.01645410078395069,10,0.019123147214360592
283,-2.398384651479278,0.5050945713098939,0.01637221289073355,8,0.003876461403083037
284,-2.4510286890236292,-0.508738516858219,0.016907176351338267,7,0.0
284,-2.3874312324702602,-1.5200015210612101,0.016730137433435793,10,0.0
284,-2.3912774620865163,1.502830339458073,0.016811597044542787,9,0.01804837893837991
284,-2.3991041843000738,0.5052457670041649,0.016624751916966902,8,0.0032640461045616883
285,-2.432976448657501,-0.49883854586461207,0.016514591632656655,7,0.005844695523353068
285,-2.3805353565243332,-1.5099474346312798,0.01606460886334937,9,0.019294336242620197
285,-2.3809796566448886,1.4980254906815162,0.016201147975031336,9,0.0
285,-2.4018393650888754,0.510112260407124,0.015954899944210593,8,0.002658709126022356
286,-2.4527807353499615,-0.5010412594273259,0.01625562037607014,6,0.0032452096269210587
286,-2.382821522282265,-1.5152489952055985,0.01641518814182352,9,0.017566064103137848
286,-2.4052372677324434,0.5029750151328289,0.016785483981459636,8,0.020616008754116833
287,-2.379199767160896,-1.5098764430368914,0.016345628110444727,9,0.02021317492186601
287,-2.3766102798344457,1.4984949070587485,0.017302202755774848,9,0.0
287,-2.398319694647667,0.5050799025019126,0.015979747120699227,8,0.0045171953086514975
288,-2.4456685880394953,-0.5076223529065882,0.017376877897247785,7,0.0
288,-2.383433059286333,-1.5151429263507146,0.016238334492164778,11,0.015694092555178535
288,-2.4049758123952154,1.4960997665811742,0.016549310604800405,9,0.015590543826723997
288,-2.3974907612702827,0.5077572584505494,0.015466195736230714,8,0.002165670891987337
289,-2.3818290912098576,-1.5131440290956484,0.016407776782018824,9,0.02033467396363044
289,-2.4117920305427716,1.497890272538062,0.01632020276611622,10,5.198851573033626e-06
289,-2.409435142781402,0.49972952852288277,0.016046247560569604,8,0.023485809004919755
290,-2.4466468285297833,-0.5078266592176591,0.017377488740052162,7,0.0
290,-2.3841754328112286,-1.5097927902008421,0.01578685302159168,9,0.018484950482397008
290,-2.40469025549592,1.49602753167199,0.016545455130510305,9,0.01593773305376199
290,-2.3959871942131388,0.5094457169041839,0.017128192421265453,8,0.0
291,-2.385060910725061,-1.5174181997951628,0.01598710649472007,9,0.014833997845105655
291,-2.4006509495122774,1.4944670100143365,0.01567804001551137,11,0.017401559714169165
291,-2.398485255431687,0.5051147760189041,0.015819285489634963,7,0.004722479942064569
292,-2.385002130053287,-1.511974170933924,0.015869348115490036,10,0.018702453704968227
292,-2.412988929096602,1.492153252081843,0.016314472336275507,10,0.0
292,-2.406979733665921,0.500199432290374,0.016745270296638564,8,0.021536575888943466
293,-2.441430716968891,-0.5005726048471941,0.016196640191021655,7,0.0027431675483161194
293,-2.3829541845561155,-1.5133261212638274,0.016826028790321728,11,0.019775837818565588
293,-2.3959621178677626,1.4976649088837628,0.0162557474581711,10,0.022930012021137612
293,-2.3985953813328393,0.5063538281195238,0.01563543129862867,8,0.005306249262529685
294,-2.381700214302062,-1.5275868572707971,0.016452838555389,9,0.001936808578292049
294,-2.3991715862188925,1.4985306298350654,0.016740488551907042,10,0.021364081858280835
294,-2.4097808749264136,0.5032129606983363,0.0163339961428706,9,0.021206947047652244
295,-2.4466468285297833,-0.5078266592176591,0.017377488740052162,7,0.0
295,-2.3842069547990103,-1.512710892709864,0.01623518838517696,10,0.018504968753317537
295,-2.412988929096602,1.492153252081843,0.016314472336275507,9,0.0
295,-2.3968528031500647,0.505984851764014,0.015582015057703028,8,0.002543486657845862
296,-2.4325890779253934,-0.4963023147273331,0.015866692652195733,6,0.0049881850887874505
296,-2.3798669131438572,-1.508688917925834,0.01674554695214571,9,0.02113504314946114
296,-2.3982535763465203,1.4958810132660458,0.016266523959711208,9,0.019162584785980857
296,-2.4051393814089854,0.5007847167409257,0.015881519056443874,7,0.018960964157541903
297,-2.4396587415271087,-0.5014420251471164,0.01618348141485822,7,0.0031579237477830447
297,-2.3812661399132633,-1.514422109144174,0.016138116138798494,9,0.017735694480680908
297,-2.4157118597099347,1.4906030395511103,0.015584344561641839,10,0.0
297,-2.4006533046180034,0.5122619516612926,0.01695454088068469,8,0.003566150771502282
298,-2.3796063314182576,-1.506794015845748,0.01686366413731768,10,0.02155675575861981
298,-2.4161306640277673,1.489380739085163,0.014913205007822379,11,0.0
298,-2.4054036508239656,0.502672597991851,0.014836525725315712,8,0.01534917859987463
299,-2.4483414523597165,-0.5057018452395885,0.016344682158080808,7,0.003036080210079258
299,-2.37743550378274,-1.5119980196575518,0.016172512315921986,9,0.018647660443411766
299,-2.40627112049575,1.4995520703080925,0.01668064063246129,10,0.019431843194341537
299,-2.398367507364958,0.5099518057570093,0.0163834426731429,8,0.0038780025237887036
300,-2.440453418351109,-0.5003717485264683,0.016193572866281362,7,0.0027407656234387594
300,-2.38316769968526,-1.5149416530910111,0.016216006734746043,10,0.016301141999427515
300,-2.398578229493294,1.4976805878170403,0.015905543231270768,10,0.024857940269616387
300,-2.407685526475657,0.4990143948645711,0.01614477975025483,8,0.021337802806837263
301,-2.382111250419637,-1.5155220567588248,0.016122607807894655,9,0.01788469815849834
301,-2.411794715114061,1.4978915209511343,0.01632310030270718,10,0.0
301,-2.400005913577962,0.5054365150929341,0.01624368392175286,8,0.004365862504880674
302,-2.4404985678444437,-0.5034660940750445,0.015812215560046826,7,0.0032715723611249064
302,-2.384110024265336,-1.5114265243144438,0.015951694653220452,9,0.018932900387003748
302,-2.3948392494685575,1.496905183950494,0.016095526608606466,9,0.020137431463149016
302,-2.4020173114327106,0.5064668052329442,0.01584776217677842,8,0.0043597259010615085
303,-2.4414046374936618,-0.49810127835529633,0.015856317348219802,6,0.00442399883027341
303,-2.384846670838654,-1.510255533609292,0.01583926795070978,10,0.018554659165259033
303,-2.401623795933403,1.495993357764324,0.016028001916939424,9,0.018538549361898207
303,-2.4072694910718253,0.5042924990957529,0.016267556571807437,9,0.019829175174904297
304,-2.384746227010318,-1.5119037768312944,0.01681055680062882,11,0.018388356306484603
304,-2.405364274420808,1.494592485833661,0.016007096260646968,9,0.014907187713933326
304,-2.396944455006105,0.5031725099558985,0.01640234109011131,8,0.005496920985158367
305,-2.378621665970215,-1.5126258902835175,0.016582845197341857,9,0.019713065153574356
305,-2.4124893354607972,1.5015687464255436,0.017506381512799582,10,0.0
305,-2.3972378032622257,0.5048998130893539,0.015600017580369503,7,0.0016283762785702267
306,-2.4483414523597165,-0.5057018452395885,0.016344682158080808,7,0.003036080210079258
306,-2.383346093601893,-1.5164930355417605,0.016383248119771883,10,0.019054075551826845
306,-2.401005213284662,1.5019231947354228,0.016293187577483572,10,0.022884204611006674
306,-2.3985360175078583,0.5075564267803444,0.014546612752023678,8,0.0
307,-2.384787201237526,-1.5132930241558138,0.015602087500429854,10,0.017425607806337375
307,-2.403828823095095,1.498280652621044,0.016056172258599826,10,0.021815015199500635
307,-2.396290076610118,0.5107241317094398,0.01612545182088118,9,0.003737747948874791
308,-2.383098636342529,-1.5075688769752205,0.01547494720685425,10,0.0194956728548211
308,-2.40448110706385,1.4953936040478286,0.015922237733365888,10,0.01567096705296678
308,-2.402112437053737,0.5119652948553504,0.01646325971979267,8,0.004256225876137544
309,-2.450836021169649,-0.5062173306152062,0.016788129330963512,8,0.0029933319880997645
309,-2.3854627936805772,-1.5142709558293708,0.015898886762943782,9,0.017847125358133566
309,-2.3960579389671155,1.4961275210003275,0.01588119967545952,9,0.017899409194733668
309,-2.409298792767217,0.5057345076004518,0.01596586847694257,8,0.017421597433159727
310,-2.3850177385816065,-1.512563463105218,0.016662139595757602,9,0.019468441520664657
310,-2.4008875358479647,1.4953208714938622,0.016166893505307322,10,0.019870646140511594
310,-2.403984945344691,0.5033371660314774,0.015621798147413395,9,0.018356618458254172
311,-2.442022438625256,-0.503780270915313,0.01623884733919112,7,0.003227176980479961
311,-2.3802428717417694,-1.5090317943834795,0.016453045215989923,9,0.020716475598956872
311,-2.3933477106364665,1.4976624396998077,0.016805859675025105,10,0.018066241241711183
311,-2.4084467645080565,0.5053145648186259,0.01629350656454497,9,0.021155152526550845
312,-2.4515432810461206,-0.5038814998601112,0.017380902032205717,6,0.0
312,-2.379729654529328,-1.5141084072179443,0.016205719549473207,9,0.02036095472422015
312,-2.3799533008130256,1.500603494569515,0.01734930055749285,10,0.0
312,-2.400685623809988,0.5071137396034844,0.016786859117730722,7,0.003034015688751601
313,-2.446912938363982,-0.5047891444406014,0.01624730953594058,8,0.0032364786897752336
313,-2.3790201769627624,-1.5081528290283992,0.016730881328762257,9,0.021115430460476557
313,-2.4073969069321026,1.4966460389387357,0.01619467896779202,10,0.014361995578391119
313,-2.4077766879983833,0.5001051005132596,0.016577138326215612,9,0.021581058587413732
314,-2.4298185938366044,-0.4981905721508424,0.015793908894679534,7,0.006059594442811288
314,-2.3837529599412894,-1.5175247930413032,0.015944865640199837,11,0.015724312111145694
314,-2.4017815542574144,1.4977397929136855,0.01639699389020728,10,0.021777692726888658
314,-2.4044899290424997,0.5030399278353659,0.016310093892408086,8,0.019608705585777233
315,-2.4468978233015997,-0.5029290620238618,0.01581931290276043,7,0.0032397493893785287
315,-2.3825223572088037,-1.5281875346297207,0.017391571829394305,10,0.0
315,-2.4046315643220426,1.4958820295492794,0.01645794388982071,9,0.01584912756719127
315,-2.3986055948241223,0.5002853553740553,0.015692556578165293,8,0.0043493111241056
316,-2.443978313136383,-0.5041830847614422,0.016242235581358972,7,0.0032304446481428726
316,-2.3840145208811725,-1.5064320782691265,0.016193077413298094,9,0.022427861969370386
316,-2.4020541040722923,0.5064745167819154,0.01581055385184047,8,0.004288040552559772
317,-2.384598222066389,-1.5149214001693079,0.016320030590073344,11,0.020361147642085704
317,-2.4136676885130006,1.4958141107208354,0.015586856212323863,10,0.0
317,-2.403586206480026,0.5061903138004665,0.015609059016891845,8,0.003943834917329804
318,-2.442221385818205,-0.5069080749549595,0.016901115221133717,7,0.0
318,-2.3778329237879463,-1.4928271136425826,0.01728499136295834,9,0.0
318,-2.3970015313348414,1.4950942543859158,0.016247810622429373,9,0.019327880891953093
318,-2.3995199262631424,0.5053318333024476,0.014842858114011395,9,0.0027371788521750786
319,-2.4434327425203275,-0.5040720717566168,0.015817604142125706,7,0.0032776018022628033
319,-2.38527201097906,-1.5266881359372417,0.016246225670634076,10,0.0
319,-2.404842324402542,0.5005162728696354,0.015729221001706286,8,0.020754540631375978
320,-2.443000788445782,-0.5039829810306254,0.01623990110037858,7,0.003229192037873491
320,-2.3842709435197467,-1.5126084885104445,0.01613297915567245,11,0.01860190024963458
320,-2.3966079441594137,1.4939801389715097,0.01554521454445773,9,0.020329572655105186
320,-2.4038024172776447,0.5129339573526005,0.016746613736121577,8,0.003647759081000167
321,-2.382868824775552,-1.5116676209985056,0.01602330621635486,11,0.01871268405449623
321,-2.4071347476272997,1.4996865261195462,0.0163353495242683,10,0.01515003831213274
322,-2.4390880428554507,-0.5031740296584031,0.01623367902046892,7,0.003221723489187012
322,-2.374289467319623,-1.493816309967107,0.016106037307496934,9,0.0
322,-2.4184451009206374,1.489052180498145,0.016329907502986782,11,0.0
322,-2.3991656817244547,0.5064730370585337,0.015236985682468038,6,0.00173169073139444
323,-2.441044238296495,-0.503578253650303,0.016236819944026898,7,0.0032263472713642987
323,-2.3835196291173197,-1.5141171314481547,0.01703623408984346,10,0.0192786125961098
323,-2.4058163344097863,1.4969747250739136,0.016173259141212377,10,0.019696404849142524
323,-2.4101922648107674,0.49533371989484765,0.016345298848199658,8,0.021216298907256174
324,-2.446923081606187,-0.505409471941438,0.016782644473153894,7,0.0029845444278936493
324,-2.374289467319623,-1.493816309967107,0.016106037307496934,10,0.0
324,-2.4086671525931003,1.4955991178971655,0.01640286275400238,10,0.017627945820126716
324,-2.407185241496469,0.505435481314354,0.016233027402061423,8,0.019628151577348447
325,-2.3803982705320483,-1.5099029583505117,0.01606263781086778,9,0.020863545004121697
325,-2.4008309194102146,1.4894291427348558,0.015884906792352698,10,0.01773249465573884
325,-2.40671559102002,0.5047708164256667,0.015267742518523655,8,0.019147292953384555
326,-2.3839145886062116,-1.5141399571215517,0.016238212665663544,10,0.018906830737459055
326,-2.4060714402898378,1.4994801204366597,0.016306891992030958,10,0.015319559937742429
326,-2.407590881527701,0.5016484864056372,0.015921842149785235,9,0.020173010293025637
327,-2.451813499574636,-0.5014634535805577,0.01678774511929186,8,0.0029936440971572494
327,-2.3805624310475535,-1.5122609939189697,0.01633374382167509,9,0.02082115386582405
327,-2.402112437053737,0.5119652948553504,0.01646325971979267,8,0.004256225876137544
328,-2.450836021169649,-0.5062173306152062,0.016788129330963512,7,0.0029933319880997645
328,-2.380174782189817,-1.5105049798426569,0.01639226468000934,9,0.020912451284893788
328,-2.4005312246984762,1.500476891956232,0.015990591743440436,10,0.01843351655609338
328,-2.4054571206330913,0.5015111289805216,0.015603863028865078,8,0.018101978056819755
329,-2.45076806306214,-0.5057945981960481,0.01689806643685535,8,0.007361151903378521
329,-2.3852194313206105,-1.5017441678243948,0.01618352499419384,10,0.018004154642428754
329,-2.378912873462315,1.5031724298353564,0.016204890641517106,11,0.0
329,-2.3977346201198424,0.5060320690304658,0.01544297228854158,7,0.004237041813744116
330,-2.444957155054106,-0.5043856849815055,0.016243781733526044,7,0.003232524721373188
330,-2.3835931191149644,-1.5094516779194995,0.015397246352747054,9,0.017983430493570856
330,-2.4001728793643253,0.5115512662883587,0.016445742912136442,8,0.004253966741089432
331,-2.3835539812449618,-1.5082566246421276,0.015589224260705883,10,0.019034005934031095
331,-2.3996530438259045,1.4911667906524104,0.016586306691807898,9,0.02573808962051336
331,-2.4104276089046985,0.501696593587345,0.015884576852114387,9,0.02215703554405953
332,-2.4455246753150677,-0.5026482256219617,0.016198311921141583,7,0.003170332034493815
332,-2.380022809732621,-1.510419713460406,0.016440946097552606,10,0.02370398774324485
332,-2.395862859317308,1.4992279257430159,0.015892843338540623,10,0.021206537250310156
332,-2.411300287617252,0.5005785046620927,0.016621817897960713,8,0.02134141724032451
333,-2.4483231679961692,-0.5050796509931637,0.01582696114376413,7,0.0032854020406707404
333,-2.380042898514032,-1.513505009710796,0.016912575466741266,9,0.01959361441420878
333,-2.383049872569168,1.4928833861948936,0.016182831023614515,9,0.0
333,-2.4042256089273453,0.5042197132809549,0.016818764026839673,8,0.019760542150218063
334,-2.382114657861535,-1.5264347664010243,0.014831165918670872,9,0.0
334,-2.4034205656875747,1.5016042990558893,0.01647329823077252,10,0.01584612776166073
334,-2.411384556457078,0.495254729094988,0.01606390844366528,8,0.02350862622008126
335,-2.440098732084641,-0.49906599225967685,0.014651203642668927,6,0.002030029409786833
335,-2.379604886758845,-1.5042392642401052,0.015597882421461415,9,0.01730877966545851
335,-2.4055797713698768,1.4971024321433712,0.01648968513287766,9,0.01583396733782544
335,-2.3979142461313203,0.5062091995586389,0.0162604519870784,8,0.004693986042158866
336,-2.4446896265354536,-0.5074215273082093,0.017375766561461038,7,0.0
336,-2.3849131983391314,-1.5113449328097446,0.01629007093738958,11,0.017625782344143172
336,-2.406563824095614,1.4990010745205826,0.01647930034216594,10,0.014525668819719282
336,-2.4034418432904383,0.5040804171639172,0.01584275266010492,8,0.01964748256449728
337,-2.442454930700592,-0.5038695009671514,0.015816008679756216,7,0.0032755866884503506
337,-2.3798724553309025,-1.510256106540261,0.01628835395837549,9,0.019458540516737198
337,-2.3987810361374264,1.4935047656027978,0.016450926161205692,10,0.027747378107797684
337,-2.4059141310579313,0.5033850129859498,0.015281055131756567,8,0.018508770409569917
338,-2.441889277715051,-0.5107117606908942,0.016415404427283047,8,0.018917968965551035
338,-2.3726110443350645,-1.4927589829523344,0.01608947376236398,9,0.0
338,-2.397193178188295,1.4999492807222135,0.01640856269859854,10,0.02139335373933019
338,-2.4040119317726267,0.4999982250699643,0.01601777145324328,8,0.019757536789312222
339,-2.3887025032309808,-1.5104049142426645,0.01579479685390795,10,0.01665963595474631
339,-2.416423842293074,1.4942784554794164,0.016353667509911463,9,0.0
339,-2.4067726903970192,0.5038897469210548,0.016116124033804902,8,0.020706426787626964
340,-2.3875887109124885,-1.5239844033673815,0.016457976647026085,10,0.002731604287151785
340,-2.3920662979862293,1.4985944915573561,0.016097679443344698,10,0.023076595664523053
340,-2.4049407468778976,0.5031801429088006,0.015274459327437078,8,0.01850349845525573
341,-2.455926849091054,-0.50478790197134,0.01690988566210632,7,0.0
341,-2.38527201097906,-1.5266881359372417,0.016246225670634076,9,0.0
341,-2.40897469273662,1.4948098330971313,0.01631044057732781,9,0.015339421316334229
341,-2.4005304733271977,0.5104109099963804,0.015723280337257537,8,0.004347300797937813
342,-2.444546729587655,-0.5024469625963085,0.016195591201543156,7,0.0031672644402359357
342,-2.383390137272472,-1.5085217961955872,0.0166897960165459,9,0.020516663518325005
342,-2.4144348477679496,1.496506855156624,0.01660489763010015,8,0.0
342,-2.4003236104596017,0.5055022423536821,0.01639098714559636,8,0.0038797657176612614
343,-2.3815131683133957,-1.5191650767364793,0.01571643392097415,9,0.013338877221674995
343,-2.4048906703643795,1.4998586613038605,0.015829846394889244,10,0.013544368815087394
343,-2.3968528031500647,0.505984851764014,0.015582015057703028,8,0.002543486657845862
344,-2.4345888985924384,-0.4991703681083429,0.016174336223250315,7,0.002731725904085797
344,-2.3771012812559595,-1.5092064139854402,0.016178754545236634,9,0.018984266745794683
344,-2.394935233573872,1.500268346875352,0.016254740397972783,10,0.019298682675459748
344,-2.40591889416059,0.5057699471485003,0.01648554955508493,8,0.01929041229235353
345,-2.379548983230255,-1.5205707637058412,0.016372068270170723,9,0.019034139978664658
345,-2.416567769517695,1.4911288056469287,0.015588925156167038,10,0.0
345,-2.406211053461731,0.5052298627910097,0.016227303840601403,8,0.01962391479684718
346,-2.45252231099981,-0.5040873699423754,0.01738051056750778,7,0.0
346,-2.38643092736571,-1.5239487191714647,0.01651467943677684,10,0.0
346,-2.396810494663013,1.4982088026451752,0.016468078384908356,9,0.02013310794691184
346,-2.4003181178984514,0.5018922954664112,0.016034916950364807,8,0.018145428388923253
347,-2.4510286890236292,-0.508738516858219,0.016907176351338267,7,0.0
347,-2.3815954660810252,-1.5128141446939414,0.016817653988852925,11,0.020570772036380365
347,-2.399097582179981,1.4966065382684806,0.015830389432826684,9,0.01974372089836705
347,-2.4006276392851524,0.5073042479270066,0.01677183158804964,7,0.002804819040424321
348,-2.4505789155660294,-0.5074031831198321,0.016881935799110646,7,0.001735082037910559
348,-2.3803992451226406,-1.5143185353876787,0.016453994740953968,9,0.020264929042074657
348,-2.4118684577016376,1.4949138179829808,0.016583228347704357,10,0.0
348,-2.4039053158373007,0.5039742731055634,0.016500319794805516,8,0.019587502549097618
349,-2.3781935301751997,-1.510114371831797,0.015470736386173422,9,0.019494520172141695
349,-2.3826564698371877,1.4990804797344488,0.016220472552201874,10,0.0
349,-2.3988405702034816,0.506648611553966,0.016371623066972357,8,0.0045259805379680345
350,-2.381525858812102,-1.5189500361328165,0.016394660479868334,9,0.017087976380557108
350,-2.3978204484238317,1.5004621530012625,0.016082349566016174,10,0.020990775723288058
350,-2.401044355859556,0.5056536865875434,0.016642296728005112,8,0.003265977382175322
351,-2.432976448657501,-0.49883854586461207,0.016514591632656655,7,0.005844695523353068
351,-2.378931140797375,-1.514574415759742,0.015782224507957267,9,0.018731120596432976
351,-2.399995898990959,1.4990143745395257,0.015395716547380261,9,0.01744447315265921
351,-2.4056706864342923,0.5035532223720707,0.015016294637265745,9,0.017623764554668603
352,-2.383573722539586,-1.5255997508088872,0.016228734811907605,9,0.0
352,-2.400182158795367,1.5003978270405558,0.016370255380944585,10,0.017756376988354146
352,-2.4138893891776787,0.5018167413576463,0.016342137946614335,9,0.022203398536434587
353,-2.3873455942040525,-1.5021577144142975,0.01672966603712088,10,0.020221484644865347
353,-2.401521725006584,1.5033274800764218,0.016698413406142438,11,0.022023932938124158
353,-2.41180338284746,0.5021619479108927,0.015726880798965944,8,0.022208572870395137
354,-2.4384912427928076,-0.49750546287587116,0.015840182768093843,6,0.004692063595119448
354,-2.382205573285336,-1.5257717414856902,0.015775412182705527,9,0.002619436431860497
354,-2.395701104461556,1.50237058813045,0.016855636077158342,10,0.018240818139788714
354,-2.4049862082309543,0.5072579514751794,0.01665650495733717,8,0.018618994273760653
355,-2.438542463554063,-0.503061983919084,0.015808923406597886,7,0.0032666859061852107
355,-2.3816622241276972,-1.5107021325524626,0.016075270794595805,9,0.020197327785382316
355,-2.396804036583292,1.4981913794689943,0.01626381639176324,10,0.022931139237585163
355,-2.4028049130901388,0.49936656638268295,0.016394108993493903,8,0.017143627840912324
356,-2.4311176251929756,-0.49863296132768564,0.016474756077531467,7,0.0060554646065093636
356,-2.3815682742424156,-1.4887408598639555,0.017289359429578856,10,0.0
356,-2.3826564698371877,1.4990804797344488,0.016220472552201874,9,0.0
356,-2.4035718349591972,0.5033557461567268,0.015953483778333537,7,0.015371118891873647
357,-2.381295087948791,-1.507862842340442,0.016887826254992244,9,0.021594863066156628
357,-2.3960381836125277,1.5042078799962941,0.016291665642017065,10,0.01686938534566487
357,-2.4117994732170045,0.49412490511147567,0.015644235454597036,8,0.022324195013959967
358,-2.387362899075474,-1.5212788082529605,0.015857348505891832,10,0.0023967589450735773
358,-2.402598338033882,1.4995850971781812,0.01639496967633261,10,0.016400451838879358
358,-2.401606319603873,0.5069459533720785,0.016158250329386274,7,0.003583032929867289
359,-2.4564383103512957,-0.5048917061288227,0.01738336222707287,7,0.0
359,-2.383690669588825,-1.5167095116677092,0.016475021037085577,9,0.01806815386623658
359,-2.4016940409849497,1.4947544662179768,0.015900411923831948,9,0.01767722780123326
359,-2.4076781239611593,0.5049696934547111,0.01634290912359055,9,0.02097361901762371
360,-2.458396511727588,-0.505292592600402,0.01738516442750304,6,0.0
360,-2.381775650647965,-1.5136007945120793,0.016664171863060014,9,0.020855789532851984
360,-2.392855258061686,1.5055294269284891,0.01626048625155491,10,0.02252667968566315
360,-2.400976250636269,0.5056410358064135,0.01625237561214667,8,0.004370840262640976
361,-2.453964591747002,-0.5093478126452837,0.01690913369943381,7,0.0
361,-2.380260692086376,-1.5147198573902843,0.016533307593608458,9,0.019555872535673913
361,-2.3990197407857003,0.5100913367553701,0.016244877586014412,8,0.004363510849449815
362,-2.3837020511704106,-1.5110392435713724,0.01664531533241772,10,0.020197467479082964
362,-2.4008018336526615,1.4986524609632124,0.015511994474112447,8,0.01663461830030099
362,-2.4054043196259296,0.5010304056846776,0.01694496991372468,9,0.020382891231677386
363,-2.4446896265354536,-0.5074215273082093,0.017375766561461038,7,0.0
363,-2.373455249203269,-1.493292611515515,0.01609105698551284,9,0.0
363,-2.4088766562713895,1.4968871464784421,0.015575049129120406,9,0.014721543992409795
363,-2.407322934301445,0.4998947473670493,0.016322785223660624,9,0.022244612056321646
364,-2.377341624191746,-1.495732965613747,0.016496821707143935,9,0.0
364,-2.4060726754889483,1.4975846481371056,0.01676441802773586,9,0.01745392270452438
364,-2.4097749551618657,0.503650503631819,0.016191159066386587,9,0.021409144693851058
365,-2.4463178332628104,-0.5015745113323944,0.01621253901740061,7,0.0027508700069831518
365,-2.379883940122896,-1.487687090062724,0.01727531708873785,10,0.0
365,-2.3997553489668366,1.494094975054065,0.015926039330089705,11,0.030527091860243126
365,-2.3992018654295677,0.5064815914008277,0.016447250729090257,8,0.004263148796612618
366,-2.440357271902576,-0.5064328604797683,0.01636864070358627,8,0.008008531579680012
366,-2.3890845125806925,-1.5201147780347863,0.015892947947251056,9,0.0025354512444761
366,-2.3830082227442575,1.5025295018912073,0.016058101153827782,10,0.004242613678902806
366,-2.396853885762463,0.5062282161954748,0.016401768453744664,8,0.004601376292332907
367,-2.443569563603494,-0.5022470656052804,0.01619262354099879,7,0.0031666286269911984
367,-2.3819926084781806,-1.5156298027234154,0.016453086166971984,9,0.018043318939412335
367,-2.3978616706475213,1.4956580643538655,0.01625023327802492,10,0.019026590770670614
367,-2.398760585767015,0.511250685481638,0.015830691257682536,8,0.0024902937455867444
368,-2.438868098388453,-0.5000469953617166,0.015844267736779282,7,0.0027917152958521606
368,-2.382845086011829,-1.5128188840411492,0.015705035126564904,9,0.018593889284751336
368,-2.3778746005835503,1.5057471794210857,0.01735963899266318,10,0.0
368,-2.3996609660341934,0.5065377165275321,0.01614560539576203,7,0.003579900921517931
369,-2.4488080572015427,-0.5082768812669186,0.01691046983804926,7,0.005171003096035916
369,-2.379965880675324,-1.5087022537320918,0.016852650139000565,9,0.019788952597126666
369,-2.3966369415356397,1.4999389198493913,0.01737337320074634,9,0.01737228808599106
369,-2.405015642794883,0.5019518289623084,0.015663027898604374,8,0.01800936389241548
370,-2.4416139474068546,-0.5018439716396916,0.016188226606991027,7,0.0031622617392196503
370,-2.3809613332402084,-1.5147308939398891,0.01638563439574523,11,0.02409697231793063
370,-2.3970555784379597,1.493516957355096,0.0158759541379127,9,0.020909648956610218
370,-2.401412920379378,0.5105990925011729,0.015812672866389293,8,0.0038948958268865685
371,-2.382033824211808,-1.4954658949910766,0.015649695463308713,9,0.004716307055678464
371,-2.3948392494685575,1.496905183950494,0.016095526608606466,9,0.020137431463149016
371,-2.406799610615073,0.5009221257715092,0.015753402283053896,7,0.020783087365648475
372,-2.3814630311745932,-1.5113152003879433,0.01619793875808374,9,0.020640155398246245
372,-2.3853656627578874,1.5021050764119295,0.01698405589710809,10,0.02216868891637868
372,-2.4046881195292693,0.5060839053022292,0.01611114138786544,9,0.01707648573797769
373,-2.3856606613273823,-1.5238289363492474,0.014801358710913592,9,0.0
373,-2.3809237956006704,1.5076792884336934,0.01606917590950112,10,0.004245241685744987
373,-2.4051393814089854,0.5007847167409257,0.015881519056443874,8,0.018960964157541903
374,-2.446909174420056,-0.499840644161225,0.016245895871818274,8,0.0032342295238195575
374,-2.384579885513892,-1.5049817245762531,0.017296921652341854,10,0.020639240773325233
374,-2.383049872569168,1.4928833861948936,0.016182831023614515,10,0.0
374,-2.403398105498814,0.5004321006285324,0.015916528905764612,8,0.019808275841523892
375,-2.446912938363982,-0.5047891444406014,0.01624730953594058,7,0.0032364786897752336
375,-2.3787750095448237,-1.5096051082798128,0.016341647419058154,9,0.019521063240101205
375,-2.4109486763103103,1.5054025671869529,0.01683910123173508,11,0.0
375,-2.3943456210158796,0.5066680466151986,0.01594243649788251,7,0.0037929570936705726
376,-2.44442815577733,-0.5062822889086214,0.01607600150598955,9,0.01861155940304673
376,-2.3726110443350645,-1.4927589829523344,0.01608947376236398,10,0.0
376,-2.411087803045215,1.5006441780512707,0.014972460375433497,9,0.0011961617298083
376,-2.3922427936944777,0.5062235122445283,0.01608248968774223,8,0.0034527298635672905
377,-2.3745621152576444,-1.5126510609342334,0.016024967562688886,10,0.022530049714699366
377,-2.4037606737046975,1.4971347143246896,0.015639781268606788,9,0.014550633169013592
377,-2.404669658525466,0.49581611786086716,0.015251872564081295,8,0.020997649695038503
378,-2.4441785485566774,-0.5073132152985765,0.016902880734600115,7,0.0
378,-2.3831014869674414,-1.5058850636773204,0.016395835688934525,10,0.02094658555515662
378,-2.3978357746817474,1.4956175649437031,0.0162602831442406,9,0.019323178943881213
378,-2.4108289797364013,0.49392212589813245,0.015630911095597392,8,0.02229860239583465
379,-2.379978580973552,-1.5156953755047873,0.016403395506799204,9,0.018804356075894743
379,-2.4055395217596183,0.5038508805159482,0.015943182139204193,8,0.020868157767176865
380,-2.443988815895463,-0.5048039988052391,0.016778177751500353,7,0.0029810530582021614
380,-2.385481155971081,-1.523560235133527,0.015504090593623752,10,0.0
380,-2.407331882255234,1.4978137259625797,0.016681726117365635,9,0.012697444215478816
380,-2.3985360175078583,0.5075564267803444,0.014546612752023678,7,0.0
381,-2.381978950138156,-1.5100300966034874,0.016771630514533994,9,0.021862370159538395
381,-2.412782536879993,1.4967760143879811,0.01645881539609339,10,0.0022450281161524865
381,-2.405156359621143,0.5005099133369789,0.015978170617808315,8,0.020026917934454488
382,-2.4425917603760112,-0.5020456347092546,0.01619072218268967,7,0.0031637518938556976
382,-2.3817163204297094,-1.5146377281766241,0.016288180392066868,9,0.02023489189750257
382,-2.395286951133164,1.4988747149412778,0.01605926746353848,10,0.020954367252255073
382,-2.4040847436841646,0.5036044184198368,0.016275788310765947,8,0.019081042348072938
383,-2.380693406035245,-1.5196841614682457,0.016376873474758465,9,0.018606699107075825
383,-2.380744288061653,1.499489884656453,0.01694450884751804,8,0.002309388871664259
383,-2.4011328334104425,0.5117552992917538,0.01646499606262591,8,0.004261532845998885
384,-2.4535013785352255,-0.5042872087555951,0.017381512634179728,6,0.0
384,-2.3882290120516014,-1.5220571236995586,0.016245628897437258,10,0.0
384,-2.3932473100266165,1.4991930822879729,0.01644743945880979,10,0.024019641634313145
384,-2.40652767725443,0.5061014782977022,0.01668378763492369,9,0.012501399625707312
385,-2.4483414523597165,-0.5057018452395885,0.016344682158080808,8,0.003036080210079258
385,-2.3831037308825334,-1.5058935894791885,0.016390356812045422,11,0.022311250452794074
385,-2.4130114536402463,1.5001925243819199,0.01683348532097094,9,0.0
385,-2.410058216221994,0.5016329360953559,0.015654432659976424,9,0.02146979118196839
386,-2.3820101408969028,-1.5046622447752818,0.016003275277155435,9,0.018185751653291816
386,-2.404395124964306,1.4956512577502126,0.01507640627877959,10,0.014883949472319488
386,-2.4043481283883925,0.49881092414048367,0.01623726828837599,8,0.01978850061079088
387,-2.4478909614215763,-0.5049904617781047,0.016249460441213923,7,0.003236733750453918
387,-2.3864123148102148,-1.5107442308853134,0.01656716094384335,9,0.017036234708389063
387,-2.3987695420478037,1.4945806517972375,0.01684770942038906,9,0.021560097416750877
387,-2.3987821060844627,0.5089431217189242,0.01632820189374169,8,0.0029236318835202937
388,-2.380842653836908,-1.5197694520872922,0.016193686091506888,9,0.015963235046730424
388,-2.3950208807165696,1.4987015176913598,0.01588479980672785,10,0.021191866695664734
388,-2.3985288220630157,0.5099859901680392,0.014848185840256111,9,0.0027383319207696785
389,-2.3851657953325915,-1.5152241730159726,0.01667907865029236,10,0.01821809813170797
389,-2.4022411639603853,1.4952108334712833,0.01636084502873063,9,0.01777063158981021
389,-2.404842324402542,0.5005162728696354,0.015729221001706286,8,0.020754540631375978
390,-2.4420100488449905,-0.5019254132414832,0.01580608798737855,7,0.0032300874702745545
390,-2.3852483791496746,-1.5119871780616065,0.01610427570296445,10,0.020073100483625202
390,-2.3982258132015253,0.5111364069501692,0.016146467610979848,8,0.003741286291674641
391,-2.3802543732734844,-1.5158698959792625,0.016396392965260062,10,0.021882652473800022
391,-2.406983339477932,1.4977090392221877,0.01650473039340653,9,0.012398263705515025
391,-2.3997246916609534,0.502945557663505,0.01631196313305,8,0.0
392,-2.3816725423992033,-1.5167748962556011,0.016422977138082922,9,0.018833399233146447
392,-2.398480056443981,1.5031908075738554,0.016359174399787655,10,0.01941437341103858
392,-2.404436227103711,0.5032885515776184,0.016091246518342324,7,0.016502200642559008
393,-2.3854297469847525,-1.525048437281383,0.016379251934351836,11,0.002236325993300361
393,-2.3787159707233574,1.50627923046566,0.01736436124601064,10,0.0
393,-2.401871940986853,0.49836400245316176,0.015666599890499962,8,0.016745315609944602
394,-2.439538563536527,-0.5038850782079322,0.016330641844573102,7,0.0030190352075729386
394,-2.378574078194186,-1.5095606406515667,0.01602298681260461,9,0.020085200361859755
394,-2.3998885345328596,0.5066255820686466,0.01674692594004629,7,0.0029938411601861544
395,-2.386162067928005,-1.5134100516707323,0.016529179887079533,10,0.016621565310386194
395,-2.4021953965246694,1.4965448985653012,0.016188335206743537,9,0.01841352593381059
395,-2.3987434286802314,0.5067046332740688,0.016771457619181092,7,0.0030328459952049212
396,-2.455926849091054,-0.50478790197134,0.01690988566210632,7,0.0
396,-2.38528591770402,-1.5056313310486704,0.015399262872172786,10,0.01843069753764591
396,-2.404856812282888,1.497516512560874,0.016383140817551996,11,0.01705130454643908
396,-2.4108248986112013,0.5019581301379188,0.01571788400200677,8,0.022196900442950303
397,-2.4420100488449905,-0.5019254132414832,0.01580608798737855,7,0.0032300874702745545
397,-2.3846632227612217,-1.516604324987746,0.01670476810426474,11,0.014859993567359297
397,-2.397818842859146,1.4980016741895505,0.015823092079542404,9,0.020456328036443455
397,-2.409430644724761,0.49485168604532265,0.016044005505531218,8,0.023477202121848745
398,-2.387672651792719,-1.508699412232894,0.016354867382322818,10,0.022383397016599322
398,-2.4071649121960426,1.4958236701856378,0.015554431886843235,11,0.014708157559902228
398,-2.3982219196557675,0.5074889745006175,0.01598145900876299,7,0.0038069872436286333
399,-2.3844273513742498,-1.5261473775668548,0.0162425787909132,9,0.0
399,-2.3787159707233574,1.50627923046566,0.01736436124601064,11,0.0
399,-2.405160974961113,0.5048510862947927,0.016253133435337835,8,0.020877268058330803
400,-2.449857757373842,-0.5060159201390473,0.016786690585364725,8,0.002989232332810041
400,-2.382016502675291,-1.5261509423975856,0.015525156223944393,11,0.004485189779915561
400,-2.393161018226657,1.5007590923804108,0.01681635447792605,10,0.021998424722799816
400,-2.41195161895099,0.4978825287595767,0.015494801819262381,8,0.021520152939990187
401,-2.3834608310500403,-1.5145037614443537,0.01643281142932363,11,0.017996727125166805
401,-2.3964855640949456,1.4963943741332437,0.015877523156594287,9,0.01773496068095428
401,-2.402461016504919,0.5041066703319942,0.016278656194517283,7,0.01475133268340911
402,-2.4414950097309727,-0.504288626896983,0.016333929561531065,7,0.00302368383734391
402,-2.3852778909790606,-1.5104398997895854,0.016138231607509775,10,0.018119152218109204
402,-2.3995341391111586,1.5020855999518326,0.016903019160959595,11,0.016337761988217694
402,-2.402270936198733,0.5083465346076711,0.016188020712073054,6,0.002413015110978369
403,-2.446665190169269,-0.5065924482937021,0.016877551882932183,7,0.0017309764143802683
403,-2.3845929054132076,-1.5068800245032197,0.016465386161801973,10,0.025294357600743955
403,-2.3941440728277334,1.499217697266167,0.01692486002896672,10,0.01852419797234716
403,-2.405793391100015,0.5074530291181916,0.016271925084938892,8,0.01770550452250904
404,-2.380402001389554,-1.5074062642694586,0.016376268302559102,9,0.022105303154530652
404,-2.4143721175457946,1.4994925377761141,0.01635680088933626,9,0.0
404,-2.401078957133163,0.5048742724258685,0.01671217375753764,8,0.0022884294673673994
405,-2.446467237960689,-0.5072259730538413,0.016571631962952322,9,0.019349743014486862
405,-2.387376384010543,-1.5215118619298087,0.016233016131311284,9,0.0
405,-2.381815259974434,1.498552387326202,0.01621362960597255,9,0.0
405,-2.4034013755465953,0.5110233431419365,0.015780629458262068,8,0.0037449523937897393
406,-2.3865225154295433,-1.5209680592556984,0.01622113560124526,9,0.0
406,-2.3920440381236467,1.4995732838470397,0.0166397162245094,10,0.023490932884594827
406,-2.399819251837316,0.5019939434119642,0.016371524670916956,8,0.004528238014904588
407,-2.4564383103512957,-0.5048917061288227,0.01738336222707287,7,0.0
407,-2.3808421306274354,-1.5076748676075367,0.01616834294147505,10,0.02184642347215024
407,-2.3934019536310944,1.496128500077165,0.01600648496398494,10,0.024596491084896217
407,-2.4036363823033393,0.5074178427097606,0.01564972393701237,7,0.0025451425442080252
408,-2.450823111350176,-0.5006402740748646,0.01625261065470173,8,0.003242923318337026
408,-2.378580899717245,-1.5094283381820857,0.016165715489186595,10,0.02208451541460624
408,-2.4135825305827328,1.4960763579702212,0.01652785735607229,9,0.0022488829978487184
408,-2.4059573590946997,0.5052742252139617,0.0160440954890415,8,0.01978730536442572
409,-2.4544955664494816,-0.5032509067576726,0.016884964365892846,7,0.0017353808001776428
409,-2.381489178791905,-1.5171386533430562,0.01641672449126773,10,0.01699393173135036
409,-2.3977515428975367,1.5041555925836516,0.016181074776777146,10,0.017026197765959348
409,-2.400715193912342,0.508016482403514,0.01641251762391765,9,0.003079814270113934
410,-2.44593458799032,-0.5045855049705383,0.016246213847401506,7,0.0032343511399719085
410,-2.3800912796798936,-1.5120715316433364,0.016772980556588123,10,0.02197741656701615
410,-2.410608508987296,1.5036419303361808,0.016354151962507623,10,0.0
410,-2.404986013705079,0.5002004416568311,0.01602804495885597,8,0.019769006304698272
411,-2.453496967393111,-0.5092508137706421,0.01738182241973743,8,0.0
411,-2.382365102600862,-1.529797652851328,0.016739173683372136,9,0.0
411,-2.401335659451716,1.4881714650908764,0.016247246439109703,11,0.022710036922163626
411,-2.408680219137281,0.5066263455569648,0.01593189202147476,8,0.01768624519481334
412,-2.4420100488449905,-0.5019254132414832,0.01580608798737855,7,0.0032300874702745545
412,-2.382084910893563,-1.5121515746764618,0.015998976553973383,9,0.017356784442462213
412,-2.380790839662689,1.5011314971739687,0.01735944172247366,11,0.0
412,-2.4096716576581723,0.5025583129832221,0.016066063456997983,8,0.022190949603045525
413,-2.4284270642217263,-0.5222923475450101,0.015989066060177474,8,0.0
413,-2.3829721554106977,-1.5149658731755054,0.016385679859918317,11,0.0173321007005448
413,-2.4096141044266313,1.4969878169112671,0.016765425983951254,9,0.013583993844895819
413,-2.4103633479468964,0.5051411122979782,0.016158417124487276,9,0.020123510258263054
414,-2.4416139474068546,-0.5018439716396916,0.016188226606991027,7,0.0031622617392196503
414,-2.3832447415043423,-1.5154376541285617,0.015943430095315125,11,0.017294803421142306
414,-2.4136676885130006,1.4958141107208354,0.015586856212323863,10,0.0
414,-2.403518278004317,0.5028351020579636,0.016302066169315035,8,0.01960271650745577
415,-2.4414762699923376,-0.5036673851862951,0.015814418438986528,7,0.0032746737973928667
415,-2.3834696416038446,-1.5285748106267103,0.01651436487590764,9,0.0
415,-2.395371085563629,1.4964714073053331,0.016073303064316067,10,0.019035492906191626
415,-2.4071818444365,0.5003960068392507,0.015202113680367935,9,0.020311911590462275
416,-2.43751792474021,-0.4973077913337741,0.01583273622430302,6,0.004684904837536626
416,-2.3798757067059113,-1.5087002243983458,0.016746135221710645,9,0.022503101680623645
416,-2.4001930258003705,1.4985343207440958,0.01611887021891828,10,0.024867723421741393
416,-2.3949135210865657,0.5019367061796284,0.016340742934895878,8,0.0030685712254601804
417,-2.443089895102492,-0.5059932888659717,0.016371223404781896,9,0.01863708544723545
417,-2.3861364519777606,-1.5143923553995597,0.0160459834870544,10,0.018204210830772775
417,-2.394654236746192,1.4952270646620929,0.01627956634171172,10,0.016853343216315216
417,-2.408799193052208,0.5034459793507818,0.01618449725176283,9,0.021398195361891782
418,-2.3825627137845085,-1.5172216762133592,0.01563522707348049,9,0.014705733977945406
418,-2.3953876552639333,1.5005600241444275,0.01741408642123013,10,0.018202697569549245
418,-2.4114160413018344,0.5074530885845677,0.01610289737809253,8,0.02128069134242723
419,-2.3800679732736825,-1.512042962310878,0.015819226788261066,9,0.017519544370457298
419,-2.403577286630985,1.4978235334212022,0.015840986435860894,10,0.016046788792754174
419,-2.4031138967415995,0.5033994649658974,0.016267229825709578,8,0.019071294526158532
420,-2.3997714012329685,1.4969079638926752,0.016642596922148662,10,0.018607151980964846
420,-2.4086348385214116,0.5057866731691405,0.015759518834597478,8,0.01899475489983612
421,-2.4483231679961692,-0.5050796509931637,0.01582696114376413,7,0.0032854020406707404
421,-2.380879598489252,-1.4947409625358157,0.016006514053957248,9,0.0044653204983868995
421,-2.402079527530986,1.4949910612191015,0.015792437995181794,9,0.01785505439842491
421,-2.4102788610141674,0.4953591222369216,0.016272208710047833,8,0.02240189970240254
422,-2.443569563603494,-0.5022470656052804,0.01619262354099879,7,0.0031666286269911984
422,-2.3797783584519347,-1.510249107089166,0.01617227365384189,9,0.021987924600715643
422,-2.407323192771472,0.4994620853607632,0.01591599269283511,8,0.021123320351778215
423,-2.4416139474068546,-0.5018439716396916,0.016188226606991027,7,0.0031622617392196503
423,-2.3858024862524174,-1.515631872377598,0.01668550126821461,10,0.018812538055915845
423,-2.394654284779735,1.4903438960253546,0.016311706006851095,10,0.021775982115336254
423,-2.4012909451844777,0.5020964224828363,0.016043104645638177,8,0.018155042152376604
424,-2.458396511727588,-0.505292592600402,0.01738516442750304,7,0.0
424,-2.380637138254696,-1.5083921516119703,0.0157391274314904,9,0.018643027008489008
424,-2.3782859750670697,1.4995513018633115,0.01732179132966068,10,0.0
424,-2.4080384314037317,0.5033082350019386,0.015838388257817696,9,0.02040868725459028
425,-2.3857398365512705,-1.5120955344035445,0.016208278547698542,10,0.01667447168765024
425,-2.4132826044317826,1.4940635868990189,0.01645414240428373,10,0.0020762937322131043
425,-2.411195115102811,0.4940040994445841,0.014753570878667313,8,0.020782059424037914
426,-2.4454072713221695,-0.5050948488381409,0.016340111796871785,7,0.0030306382666404
426,-2.3801674537416693,-1.5094290261198777,0.01638503301464408,10,0.025108340152645986
426,-2.394919030177102,1.4909800233070538,0.016982702782465876,10,0.029490734277689966
426,-2.3987434286802314,0.5067046332740688,0.016771457619181092,7,0.0030328459952049212
427,-2.4510286890236292,-0.508738516858219,0.016907176351338267,8,0.0
427,-2.3851287189516164,-1.5170148722341723,0.016436873827344125,11,0.016757757270475092
427,-2.399622205224407,1.5015682148524288,0.01646231412924951,10,0.023596940570358174
427,-2.4010786186081954,0.5065522579245433,0.015994296252619708,7,0.0037891615309893576
428,-2.4479011394364942,-0.5056108634558973,0.0167842883501612,8,0.0029886339876779226
428,-2.3814470862555512,-1.515179549311988,0.015862685951127328,9,0.01704139221012695
428,-2.403271296504422,1.4924447722740737,0.016391012138841428,11,0.02361825170677273
428,-2.3990130420600955,0.5044424979573653,0.016821405626098376,8,0.002517897830895097
429,-2.440453418351109,-0.5003717485264683,0.016193572866281362,7,0.0027407656234387594
429,-2.3800614519156906,-1.5120524919761977,0.016766691310346554,9,0.01925549448136014
429,-2.3933001171311896,1.4977550945380929,0.016357872273261662,11,0.01770017760045767
429,-2.4053908174541196,0.5044889089567601,0.0158593043846164,8,0.01966930295705039
430,-2.3866284605396495,-1.499378071747379,0.01565685806072518,10,0.018066339082685897
430,-2.390889462098461,1.497316573053725,0.015276123241673906,10,0.016453903317117678
430,-2.4020367366053996,0.5029295749573107,0.015603244867953597,9,0.01833345470275279
431,-2.440065987490774,-0.5033768535011973,0.016235162612240842,7,0.0032232504731769277
431,-2.382532670959059,-1.5125603575401463,0.015968534666822843,9,0.019375765682553288
431,-2.4026158771904846,1.4943021472077864,0.01644987993613914,10,0.01638131547626507
431,-2.4035229586835563,0.5030896630180971,0.01628098550757165,7,0.017059514543150724
432,-2.4390778855162654,-0.501323524551258,0.01579804423184075,7,0.003223407217783102
432,-2.3809315973226424,-1.5061200751573125,0.016734093891400216,9,0.022337651220486178
432,-2.405477667714342,1.4964093633825046,0.016469019502578692,10,0.0158613289184599
432,-2.4043514682055482,0.5036781858181616,0.016241513880305602,8,0.019795115896437596
433,-2.448621900742017,-0.5069991416084502,0.01687936906819236,7,0.0017335823198787285
433,-2.3832167402907087,-1.5104653515888156,0.015949411928378808,9,0.01933761968360247
433,-2.397058651365813,1.5064764478112749,0.014914118839888498,10,0.020091555826004456
433,-2.4030303361057563,0.49912392114230186,0.01614514755052812,8,0.020724092739146525
434,-2.385593847383556,-1.5152135165718996,0.016047128517888608,10,0.017368149085782096
434,-2.394851765006741,1.502266190603808,0.016831770589004716,10,0.018063576638856615
434,-2.4111490009676184,0.499056600089214,0.016094689546690116,9,0.021698068713462637
435,-2.3808231842250986,-1.5076761911505216,0.016376921273423724,9,0.022795759900273715
435,-2.396932774205841,1.501531364783395,0.015901076020725782,10,0.018923809022462094
435,-2.398114306630871,0.5069810563478796,0.016891914842344147,8,0.0037622905719174806
436,-2.4508347620483097,-0.5012635436613964,0.016786471852579806,7,0.002994719557515871
436,-2.3803603762542482,-1.5132864613040227,0.016011025477756652,9,0.020060374415391196
436,-2.397905330919098,1.498118271470255,0.016501000874512294,10,0.02187677662493553
436,-2.3979396421749346,0.5050004574384989,0.017138162010654184,8,0.0
437,-2.4479011394364942,-0.5056108634558973,0.0167842883501612,7,0.0029886339876779226
437,-2.381241385087021,-1.5079385272025363,0.01638318480428032,9,0.022121486517192875
437,-2.3923901455092635,1.4987150799384572,0.016254739904190827,9,0.02212550825188131
437,-2.4095551892522074,0.5007717009376174,0.016219047632124447,9,0.022325806220799816
438,-2.3798669131438572,-1.508688917925834,0.01674554695214571,8,0.02113504314946114
438,-2.381218439127044,1.4948815322626254,0.016402427330841945,10,0.0018771522191802607
438,-2.410736047188684,0.4976263951727001,0.01621214176410455,8,0.02209566952511799
439,-2.4414950097309727,-0.504288626896983,0.016333929561531065,7,0.00302368383734391
439,-2.3827175071174977,-1.5250533646514082,0.01621331664603006,9,0.0
439,-2.4126944863285362,0.4980308120077971,0.016232111200849806,8,0.02212260020184169
440,-2.3825162374335678,-1.5112774922084673,0.015865098755155377,9,0.01831492511700175
440,-2.4139966369665236,1.4895447470207124,0.017453724800223617,10,0.0
440,-2.407975861087642,0.5005671952043786,0.016243638651715377,8,0.021713611098764806
441,-2.4420100488449905,-0.5019254132414832,0.01580608798737855,7,0.0032300874702745545
441,-2.388237806243982,-1.5114789388883307,0.01592909294720465,10,0.016223441092637323
441,-2.403775309072881,1.4953504045208068,0.016453682710182615,10,0.015844084029692836
441,-2.399738935898129,0.5114599819791792,0.015622843626989806,8,0.002540117799227014
442,-2.3868659010911766,-1.512863236313072,0.015981125218784233,10,0.015735077976425905
442,-2.4116079496818315,1.4982088166921754,0.0173796021902796,10,0.0
442,-2.3990197407857003,0.5100913367553701,0.016244877586014412,7,0.004363510849449815
443,-2.440065987490774,-0.5033768535011973,0.016235162612240842,7,0.0032232504731769277
443,-2.386124976488365,-1.527233079564392,0.016258269666109652,9,0.0
443,-2.381815259974434,1.498552387326202,0.01621362960597255,10,0.0
443,-2.4030375052701674,0.5046604654120171,0.016015150067197243,8,0.01975185299586704
444,-2.4437296966705007,-0.5059860134833128,0.016874368696377803,7,0.0017295145835955188
444,-2.3767653244142912,-1.5164498193954912,0.015876361222800256,11,0.024318914495734385
444,-2.3962902809876576,1.4994932702780959,0.015895873426920483,10,0.021365584297199904
444,-2.4031953060885853,0.5028128195043642,0.015981064130260292,8,0.018970002115698794
445,-2.3781935301751997,-1.510114371831797,0.015470736386173422,9,0.019494520172141695
445,-2.4145408881432697,1.4963551772093442,0.015613135887374585,10,0.0
445,-2.40744739507752,0.5030460148267398,0.01602422168953487,9,0.02130985786205323
446,-2.438542463554063,-0.503061983919084,0.015808923406597886,7,0.0032666859061852107
446,-2.3834196335285456,-1.5124095950378593,0.01583359996760824,10,0.016565715646911696
446,-2.412812845172301,1.4952834216506752,0.015580796035564138,10,0.0
446,-2.398891353604636,0.5081694548832887,0.016537788370568962,9,0.0009419948725329832
447,-2.4490738525502596,-0.5033767249177943,0.01690541843985474,7,0.0
447,-2.3800112425289077,-1.510845827353974,0.016259676202292458,9,0.020471541126824196
447,-2.392829053500488,1.5054357738916841,0.015920149814834902,10,0.020206269634255376
447,-2.4099155162727417,0.5031637980333962,0.015605469334228374,8,0.021244146260942256
448,-2.4454072713221695,-0.5050948488381409,0.016340111796871785,7,0.0030306382666404
448,-2.383980185168881,-1.5139149857836862,0.016420123393739165,10,0.018102398878120672
448,-2.398914579857217,1.4998809355778608,0.01656823919615369,10,0.02296185482997525
448,-2.402981900073993,0.4993439589808124,0.016428546876470686,7,0.017007040271438005
449,-2.3832574545791094,-1.5101148819770915,0.01692049899339409,9,0.021460560192483866
449,-2.40552741289207,1.4965629241275262,0.016680461232514775,9,0.019280633995741446
449,-2.4022049878005864,0.5028129436600255,0.016620437175933325,7,0.016780963235104775
450,-2.456433022317738,-0.5098613730107562,0.017383538912407417,8,0.0
450,-2.3763986670482513,-1.5040043256463447,0.01613332375707782,10,0.02232150802486027
450,-2.405889412733223,1.4956395452453504,0.015478286044071681,10,0.014694155206620438
450,-2.4022764436634194,0.5038123253483502,0.0167985762415846,8,0.01973583272392603
451,-2.4525187275583873,-0.5090465121488417,0.017381209483373166,7,0.0
451,-2.385285882924701,-1.5266938269573396,0.01626031663401868,11,0.0
451,-2.4036979507247733,1.4951092987921202,0.01606538519366656,11,0.023401281814930508
451,-2.405349813046393,0.5051550602941232,0.01654096828792423,7,0.013975480630517076
452,-2.443569563603494,-0.5022470656052804,0.01619262354099879,7,0.0031666286269911984
452,-2.3793594837269527,-1.5099828434913158,0.016175687187501696,9,0.0213061998115431
452,-2.3951869614123207,1.50367257623531,0.01628177199714459,10,0.016851115705586877
452,-2.3995635448956003,0.5065595028074312,0.01564553195480079,8,0.005313104040853399
453,-2.443000788445782,-0.5039829810306254,0.01623990110037858,7,0.003229192037873491
453,-2.3761592485318723,-1.4917769655094197,0.017260973073207644,9,0.0
453,-2.404530637618266,1.496921821812001,0.016071536860939067,9,0.017279291642996047
453,-2.4001134952670986,0.5048500551656525,0.015817592789108596,8,0.005171467527733076
454,-2.440054990439832,-0.5015235036526152,0.015801174261109656,7,0.003225660395970635
454,-2.379598749358405,-1.5155787221005623,0.015844536785378026,9,0.018423632285548813
454,-2.4071663230068614,1.4968892292936549,0.016149482185741863,9,0.015405367588930486
454,-2.406221614174807,0.5012072798644487,0.01601260527754101,8,0.017765925600265197
455,-2.4434327425203275,-0.5040720717566168,0.015817604142125706,7,0.0032776018022628033
455,-2.3797899500706414,-1.5234399802743577,0.015973624552737,10,0.01474800476734338
455,-2.3822194921014117,1.492359783623573,0.016164101783756834,11,0.0
455,-2.3981531005974834,0.5091208123765729,0.01669700993404954,8,0.0022889245000873156
456,-2.4438523596526722,-0.5061627026575861,0.01640518913200434,9,0.01891617704383504
456,-2.3839745204350424,-1.5130457852324353,0.016248305409315003,10,0.01815921729124066
456,-2.4003813420071776,1.5047026191631774,0.015883759374328798,10,0.01911919137843592
456,-2.4088368906625854,0.4978213015725472,0.016038744555283726,9,0.020675356001991406
457,-2.4434327425203275,-0.5040720717566168,0.015817604142125706,7,0.0032776018022628033
457,-2.3808250519566063,-1.5147498687903724,0.016202605466374084,9,0.018086694737110026
457,-2.4019059504324662,1.4970271414106153,0.01684027972592,9,0.019436344807639484
457,-2.3996414497297267,0.505358774234491,0.016097813523943277,8,0.004057676706792918
458,-2.432523128282469,-0.4987462018685509,0.016016450980122363,7,0.005968461320674155
458,-2.3830865972040045,-1.517542205229444,0.01632357630183973,9,0.01568507008179574
458,-2.395930214362547,1.4984036059487384,0.016129766548070627,9,0.0193963361797206
458,-2.4013476484997565,0.507338584212799,0.015493496092198704,6,0.003311020391956975
459,-2.447363718254457,-0.5055005145107423,0.016342709785148738,7,0.0030321239531634595
459,-2.3812367496133304,-1.5099759585458252,0.016689255925726093,9,0.020506997599375836
459,-2.4043709335424763,1.4965245705380883,0.016749171790906934,9,0.01743501617162346
459,-2.3969769020872373,0.5047962231271115,0.017122927908067388,8,0.0
460,-2.444546729587655,-0.5024469625963085,0.016195591201543156,7,0.0031672644402359357
460,-2.387376384010543,-1.5215118619298087,0.016233016131311284,11,0.0
460,-2.4015800807335412,1.4954594015625877,0.01631528083910555,10,0.017011468187343434
460,-2.399659061831212,0.5067752429132113,0.01619132329649969,7,0.0035607503579836034
461,-2.446912938363982,-0.5047891444406014,0.01624730953594058,7,0.0032364786897752336
461,-2.3809022268189755,-1.5198155191447986,0.016380112255509557,9,0.018023484548209835
461,-2.3966631930052364,1.5008802729588597,0.015776692966045742,11,0.020342664769536944
461,-2.4052603305251883,0.5031102260635163,0.016238495058585302,9,0.01794504890638391
462,-2.440453418351109,-0.5003717485264683,0.016193572866281362,7,0.0027407656234387594
462,-2.3761592485318723,-1.4917769655094197,0.017260973073207644,11,0.0
462,-2.405200080863968,1.4990150718978765,0.016259028967091672,10,0.01831160166115722
462,-2.394746934434675,0.49642753980463145,0.01632415149460969,8,0.00377198896002515
463,-2.450053071916284,-0.5035801763204458,0.016905998608717384,7,0.0
463,-2.378490646565237,-1.5094430789861695,0.01636475186706677,9,0.02224227948241686
463,-2.4175880712358047,1.48852314636887,0.01632280652719249,10,0.0
463,-2.410834226347729,0.4914959172031206,0.01562599384397697,8,0.020642212364260358
464,-2.4414762699923376,-0.5036673851862951,0.015814418438986528,7,0.0032746737973928667
464,-2.39724175291926,1.4984909178828372,0.016268756373662166,9,0.01679513187432323
464,-2.4084660588907014,0.4974235401223169,0.016442202282157734,9,0.02028576937455234
465,-2.4479011394364942,-0.5056108634558973,0.0167842883501612,7,0.0029886339876779226
465,-2.383567080285165,-1.5111728795620318,0.015490491014762627,10,0.017791841212141443
465,-2.40062102235006,1.4961396480934648,0.016452753210442508,9,0.019411147923572517
465,-2.4047662614420346,0.5076629804152119,0.01704090848451314,8,0.01826522951940135
466,-2.442867689909594,-0.5109149086375931,0.01641693542266442,8,0.018921507236983357
466,-2.3787750095448237,-1.5096051082798128,0.016341647419058154,9,0.019521063240101205
466,-2.4049758123952154,1.4960997665811742,0.016549310604800405,9,0.015590543826723997
466,-2.4053908174541196,0.5044889089567601,0.0158593043846164,8,0.01966930295705039
467,-2.42916195891559,-0.5223309129146435,0.015708942714478487,8,0.0
467,-2.3793199525592663,-1.51540383394178,0.015840356626217536,9,0.01905274990749033
467,-2.3962658742139653,1.5018827902962588,0.016140838757924533,10,0.01846101731139254
467,-2.4053908174541196,0.5044889089567601,0.0158593043846164,8,0.01966930295705039
468,-2.3813333896050994,-1.5200938223124756,0.016386727215784967,9,0.019203739579740073
468,-2.3953828136162514,1.4970630876311106,0.016378411010270627,10,0.021222734640068738
468,-2.410074598569929,0.49812794900139434,0.015950504818595734,9,0.022292390755430887
469,-2.4416139474068546,-0.5018439716396916,0.016188226606991027,7,0.0031622617392196503
469,-2.3835226698029865,-1.5061549905583833,0.016396488659799147,10,0.021637042300899682
469,-2.3996741079179684,1.499713040307133,0.015417638161950215,10,0.01836153671511127
469,-2.406918597899839,0.5011240241511336,0.016480915359175292,7,0.020967721357366687
470,-2.3803982705320483,-1.5099029583505117,0.01606263781086778,9,0.020863545004121697
470,-2.3961047886888642,1.4956829488299443,0.01590491919982495,10,0.018672232014570973
470,-2.4042214848685326,0.5076069105963791,0.01667491703179943,8,0.017389233299410053
471,-2.384468807427209,-1.515980723828989,0.016099252723436066,10,0.014427330927976911
471,-2.396103339515248,1.4957305774429386,0.01673820278342955,9,0.019980580012015994
471,-2.406924374571637,0.5076709129821115,0.01629261622973503,8,0.017680866559351114
472,-2.451813499574636,-0.5014634535805577,0.01678774511929186,8,0.0029936440971572494
472,-2.384429500134282,-1.5261493770155248,0.016245337067506454,10,0.0
472,-2.3956326690558187,1.4958640100605967,0.01588053948985136,10,0.017738310408776155
472,-2.404865589905302,0.5131614344431252,0.01666309736812102,8,0.003523926852225779
473,-2.447363718254457,-0.5055005145107423,0.016342709785148738,7,0.0030321239531634595
473,-2.3827717794023107,-1.5100382306899653,0.016609440500416895,10,0.018405263452378497
473,-2.4039915509880734,1.498935703896345,0.015945596475740682,10,0.014214202516913113
473,-2.40671218219204,0.5062223053813615,0.01578578402676565,8,0.01673187937506034
474,-2.376340774517623,-1.508436749320716,0.01566897991879451,9,0.01845681621936012
474,-2.381815259974434,1.498552387326202,0.01621362960597255,9,0.0
474,-2.4001395577843767,0.5078949499716664,0.015747692069315197,7,0.004063078373644701
475,-2.4339525349817683,-0.49903889306200844,0.016518542674307624,7,0.005848295574015008
475,-2.3831644118772353,-1.517392819196718,0.016067684051266372,10,0.01891087881058466
475,-2.40399412731183,0.5068843319245484,0.015828305438126963,7,0.004288836473499284
476,-2.430795191759584,-0.4983921838985419,0.015797743817013057,7,0.006061547192896057
476,-2.3812018782012814,-1.5094156919250852,0.01632212397374961,9,0.021354987751452288
476,-2.3958699535002665,0.5069918021207708,0.016364106586389652,8,0.003074877786657242
477,-2.4443628656686185,-0.5011741641655739,0.016205946624511098,7,0.00274811235654162
477,-2.3751236753363574,-1.4943400005623153,0.01612103044999097,9,0.0
477,-2.399126675451393,0.5052514439002352,0.015629717013118192,8,0.004602090445752824
478,-2.452792114126616,-0.5016629660493509,0.01678914743515529,7,0.0029936327431611936
478,-2.384394021574112,-1.516925787087826,0.01646791466589292,9,0.018659533021746978
478,-2.397279221500963,1.4970002694376374,0.016399175865630687,10,0.01752281399055249
478,-2.407787964603305,0.5065764291978043,0.016405049383464588,8,0.021471812439461998
479,-2.3987222765205436,1.4953004228878928,0.01556450362062156,9,0.02019555705138576
479,-2.4069869934123314,0.5010668849362035,0.016163516385358335,9,0.018350109515049576
480,-2.38628976720239,-1.5108183510775008,0.01580375260803339,10,0.015820723946435314
480,-2.401582066100638,1.4980442086624315,0.015843569353121173,10,0.016215962393140763
480,-2.394916210624237,0.5055754142488065,0.015560743502389073,8,0.0025423309522625654
481,-2.443200617322429,-0.5071123405259182,0.01690174643826717,7,0.0
481,-2.3837366328864764,-1.509516621638821,0.01620914234544598,10,0.018725266924914767
481,-2.410067328547125,1.4968229373586497,0.016291515295999752,9,0.0
481,-2.411496150269321,0.501923164602804,0.01648476938815817,9,0.021189832572392663
482,-2.442988284324829,-0.5021271503777267,0.01580819257144118,7,0.0032316855827931442
482,-2.384620382220179,-1.5247173836259047,0.01551870350329241,10,0.0023477083104139875
482,-2.3813768129433077,1.4918336605309666,0.01615770767583942,9,0.0
482,-2.396734621885113,0.5083888004421795,0.016409724274382233,7,0.004118734417954234
483,-2.3805492728613555,-1.4976938498988055,0.01590053537433495,10,0.016515388484646842
483,-2.396186753761053,1.4970445835724024,0.0158045948097159,11,0.02559927963945601
483,-2.39880944432926,0.5100454748751443,0.01594326776569469,8,0.0037822771851928312
484,-2.446501631925127,-0.5028475779244804,0.01620148397317455,8,0.0031715973476906262
484,-2.3799721443240096,-1.5130364177605518,0.016125733716359402,9,0.019022835684719318
484,-2.3951393175948605,1.5038073251497146,0.015477626026895501,10,0.019690336220829194
484,-2.4011328334104425,0.5117552992917538,0.01646499606262591,8,0.004261532845998885
485,-2.4335630851722905,-0.4965015873453333,0.015872903416380535,6,0.004989308322783981
485,-2.382416125518405,-1.5160878150312083,0.016681254567806076,9,0.018461196010915355
485,-2.402062853899359,1.4990123968065403,0.0158472156807339,10,0.014557934453697368
485,-2.406852905084476,0.5027774535803664,0.016559142212478176,8,0.018192733057932016
486,-2.3835196291173197,-1.5141171314481547,0.01703623408984346,9,0.0192786125961098
486,-2.4021955111902873,1.5002444360799574,0.016055273600440356,10,0.019516462814214167
486,-2.410109854808011,0.49896122030613604,0.015627573853345896,9,0.018166308086888978
487,-2.4332097384711013,-0.49683859474405107,0.015608236876427808,6,0.0048410268645379465
487,-2.3874312324702602,-1.5200015210612101,0.016730137433435793,9,0.0
487,-2.3978756938008035,1.494772609645574,0.015559586533160613,9,0.020187980071531796
487,-2.4006247717230766,0.5055666209247661,0.015634211770537938,8,0.004096125987714224
488,-2.381144509971104,-1.515091699926319,0.0164437569904725,9,0.018037587971630124
488,-2.401788857125888,1.4964892505837717,0.01649152711942572,9,0.019542951839694643
488,-2.39945983006827,0.5101829543652636,0.01626832415094524,9,0.0036101845057109738
489,-2.443965531880887,-0.5023284527123386,0.01581064395955897,7,0.0032345607196386994
489,-2.372809025940784,-1.4896743786492346,0.017216034791756665,9,0.0
489,-2.4006486245383774,1.497840254811239,0.016973854699331273,10,0.02038486829487896
489,-2.4061468969689783,0.4966492794198698,0.016496555922779505,8,0.022030905005650678
490,-2.3842370008933185,-1.517927612129465,0.016493784298409725,11,0.015697064613058868
490,-2.380790839662689,1.5011314971739687,0.01735944172247366,10,0.0
490,-2.3968955087035577,0.5063717197529678,0.016093674887309044,8,0.0033491868317825167
491,-2.4613329375763717,-0.5058969851936276,0.01738752619486132,6,0.0
491,-2.3816652654550166,-1.5141124454161428,0.016145162083200174,9,0.019053269943240685
491,-2.398719661847614,1.5006499294743867,0.016026309454552145,10,0.01851255756874741
491,-2.3959871942131388,0.5094457169041839,0.017128192421265453,8,0.0
492,-2.3814252791900636,-1.505888257038121,0.015837522034991613,9,0.01803098174461905
492,-2.400937372970974,1.4976310138118336,0.01709757670014535,10,0.018234117748749314
492,-2.3977117467791853,0.5056755177251653,0.015981613720545684,7,0.0014870363010220013
493,-2.442454930700592,-0.5038695009671514,0.015816008679756216,7,0.0032755866884503506
493,-2.3769965333905305,-1.492302449166235,0.017272450885476874,9,0.0
493,-2.3793030327619293,1.4969716203499799,0.0161816033153549,9,0.0
493,-2.3970878234045703,0.507248816561778,0.01613175220383744,8,0.0034659773876370785
494,-2.443965531880887,-0.5023284527123386,0.01581064395955897,7,0.0032345607196386994
494,-2.379374651735139,-1.513265653138104,0.01580951981702045,9,0.01848840748887919
494,-2.405271771002715,1.5035584274451645,0.016684258475637665,10,0.013923647544770278
494,-2.4044957697328018,0.4995550292183209,0.015094846879663873,9,0.01974428573668306
495,-2.449600558498191,-0.5022468764375805,0.016879754050363314,6,0.0017313320613473477
495,-2.3781935301751997,-1.510114371831797,0.015470736386173422,9,0.019494520172141695
495,-2.3935986441710124,1.4988894771972048,0.016781226991182376,10,0.01902493590984987
495,-2.3959871942131388,0.5094457169041839,0.017128192421265453,8,0.0
496,-2.3826888928860432,-1.5075410756910028,0.015398834410372333,11,0.01829979777730872
496,-2.40068967757799,1.496787406998211,0.015441397938730022,9,0.016508012392561118
496,-2.3958833069156817,0.5057802532961264,0.015572532248750659,8,0.0025421750767777853
497,-2.4370758191365747,-0.5009101594430929,0.016168660899009313,7,0.005162312215252374
497,-2.38392630234117,-1.5138917621222607,0.01649454652118602,11,0.017332852129747493
497,-2.400333925705419,1.4907252196324883,0.016611583030921223,9,0.0246711103979816
497,-2.397570094300185,0.5073507129878535,0.014534534890617706,9,0.0
498,-2.4483414523597165,-0.5057018452395885,0.016344682158080808,8,0.003036080210079258
498,-2.3887430625053527,-1.5020896578960707,0.016025604838937925,10,0.01804811022157221
498,-2.4077585269133164,1.493319940827446,0.016464512550769313,11,0.017248288247515824
498,-2.3970896769773633,0.507250470129703,0.016008222503963162,7,0.0032139069330756028
499,-2.3806216669240854,-1.5155365637495597,0.016081174276599036,9,0.020015639112685564
499,-2.402428678764326,1.49651839998045,0.01614663529387372,9,0.01474223006153475
499,-2.3958450543692305,0.5069856446826326,0.016276347622714987,8,0.0
500,-2.436316484320938,-0.49911289668886943,0.016376609228221723,7,0.005964723286026306
500,-2.3796211745115956,-1.5101415424065752,0.016351624903917734,9,0.019534235252753336
500,-2.400986169635243,1.49509305367477,0.01594001571782516,9,0.018588988383658606
500,-2.399729488804308,0.5114567765654432,0.015840279351891858,8,0.0024968711014114403
501,-2.439538563536527,-0.5038850782079322,0.016330641844573102,7,0.0030190352075729386
501,-2.3839221329576215,-1.5080018590116655,0.01586202165734662,11,0.02073807013602462
501,-2.3932323697350313,1.4992041445954665,0.016235318541321445,10,0.01927236280358894
501,-2.399049988798165,0.49560256464963764,0.01559467471825781,9,0.018596314570948767
502,-2.4020120811839565,1.496832452664439,0.01605772477051851,11,0.018177463422310133
502,-2.395822089905958,0.5064966310469301,0.016292040871811513,8,0.005009683709358441
503,-2.3799721443240096,-1.5130364177605518,0.016125733716359402,9,0.019022835684719318
503,-2.3979228658162306,1.497532515736696,0.01600396740584913,10,0.01928989106255052
503,-2.39880944432926,0.5100454748751443,0.01594326776569469,8,0.0037822771851928312
504,-2.3845018401378306,-1.51115619069504,0.016679559869898924,10,0.02036772250447991
504,-2.3827116665676527,1.5088123699980442,0.01506632055751592,10,0.003858622809485442
504,-2.4086439252912433,0.5013238374989855,0.015976412761422497,9,0.02202098375634388
505,-2.3856055551332203,-1.509056261967708,0.01641850994343713,10,0.020373390540958845
505,-2.398271670175876,1.495887671599317,0.016715031754529066,9,0.019400051406674387
505,-2.4066127315645316,0.5050032637121182,0.016140177502444623,8,0.020159281787524706
506,-2.3843955825955607,-1.5075390059065221,0.016321250483768524,10,0.018510342771231262
506,-2.4020120811839565,1.496832452664439,0.01605772477051851,9,0.018177463422310133
506,-2.4073099549119092,0.49975215002718554,0.016346024737639752,8,0.020711589324321298
507,-2.4483231679961692,-0.5050796509931637,0.01582696114376413,7,0.0032854020406707404
507,-2.387395876066138,-1.5070647728711657,0.01664579662407071,10,0.022109628993621205
507,-2.400939430446709,1.4971288065346757,0.016152440453942995,9,0.016776453590025477
507,-2.404331598316072,0.5042688399846206,0.015690392495535093,8,0.01931445563584153
508,-2.4424081232956736,-0.5007725282163453,0.0161996876263908,7,0.002744142719439479
508,-2.3815635685839256,-1.5110048595133114,0.01631493786197328,10,0.019764477420509814
508,-2.4100991753706538,1.504870140629996,0.016835574718915954,10,0.0
508,-2.41519724358783,0.4944841493382251,0.016530397966154926,9,0.019489632490881644
509,-2.447363718254457,-0.5055005145107423,0.016342709785148738,7,0.0030321239531634595
509,-2.3779658378872353,-1.5123263441298176,0.015828065216692732,9,0.017079328987826436
509,-2.4135038491936314,1.4989563450841583,0.016336364772293,9,0.0
509,-2.4037128027701646,0.5048047405188362,0.015730049431002355,8,0.01954695861842318
510,-2.4340471828660646,-0.49923413795259064,0.016486075534103844,7,0.006062372532630278
510,-2.3808233723351817,-1.516232991985748,0.01641335006266338,9,0.018817399850957862
510,-2.3941440728277334,1.499217697266167,0.01692486002896672,9,0.01852419797234716
510,-2.4024700850187064,0.5038727565782013,0.01607683260716731,8,0.020089886978643917
511,-2.3810691590958806,-1.516601087265329,0.016199101700480157,9,0.021443433435829697
511,-2.4046706227960533,1.5015971045502297,0.016367129650975462,10,0.01463924654744405
511,-2.4107593836463077,0.5009787020191642,0.01654299075327416,9,0.021631875358329267
512,-2.438542463554063,-0.503061983919084,0.015808923406597886,7,0.0032666859061852107
512,-2.3848813214370863,-1.5111363279077679,0.015498179383978702,10,0.01750603705656257
512,-2.403605560451517,1.4955530563116834,0.0166497605488658,9,0.01568475314227482
512,-2.407268844471741,0.5063491780810303,0.015736715675942925,8,0.016044420356314728
513,-2.4414762699923376,-0.5036673851862951,0.015814418438986528,7,0.0032746737973928667
513,-2.383844609502005,-1.5142709922036166,0.01617163029055924,10,0.014488183620408353
513,-2.403346780544098,1.4965739259126103,0.016356177478575134,10,0.018240775317661256
513,-2.3978930073184817,0.5043842382484056,0.016511477981029858,8,0.004915899551857041
514,-2.3809251798999633,-1.505565002772925,0.015158023842198123,9,0.017343596527133312
514,-2.397265116397278,1.4981771616325035,0.016383176780647206,9,0.02019064624993674
514,-2.4030065364626143,0.5115472263458386,0.015828014778733288,8,0.004291323419765348
515,-2.3882290120516014,-1.5220571236995586,0.016245628897437258,9,0.0
515,-2.3962658742139653,1.5018827902962588,0.016140838757924533,10,0.01846101731139254
515,-2.3989091783781538,0.5052042987662753,0.017147586913534924,8,0.0
516,-2.4471145650597457,-0.5079237495372958,0.016904649080956312,7,0.0
516,-2.3813309432728924,-1.5063829043168753,0.015806425297731148,10,0.021629878218947515
516,-2.3923371654644767,1.497572880529597,0.016742698178273157,9,0.019242819933997568
516,-2.3975241282622703,0.5097708910329156,0.016247315144575742,8,0.003605955251359131
517,-2.383795614760291,-1.5137159937090197,0.01611475015181262,10,0.014868329595753824
517,-2.4092443856443433,1.504335281003438,0.01682733758965586,10,0.0
517,-2.402135902369757,0.5026452319599508,0.01601290458676083,8,0.01926836939733591
518,-2.4430099399029204,-0.5046008631943641,0.016777043008060655,7,0.002979371847237783
518,-2.378375998859922,-1.5078236791146382,0.01651356189471994,9,0.019010875111755865
518,-2.4056817818741996,0.5002325486223851,0.015224813377855662,9,0.020840069793264256
519,-2.4434327425203275,-0.5040720717566168,0.015817604142125706,7,0.0032776018022628033
519,-2.3794487122819348,-1.5084265818738194,0.016739283421289115,9,0.021809316532541978
519,-2.412988929096602,1.492153252081843,0.016314472336275507,10,0.0
519,-2.401947181438645,0.5028509862457444,0.01640276701120815,7,0.017097668978676803
520,-2.4420100488449905,-0.5019254132414832,0.01580608798737855,7,0.0032300874702745545
520,-2.3765135122457757,-1.5090525081163175,0.015451736180113435,9,0.020833730656944875
520,-2.380303917420963,1.5040524332896716,0.01655425037425155,10,0.0
520,-2.399035109806445,0.505232838268105,0.01623545654132133,8,0.004367499364128756
521,-2.440453418351109,-0.5003717485264683,0.016193572866281362,7,0.0027407656234387594
521,-2.373991360793402,-1.4936287705853921,0.01645321760192782,10,0.0
521,-2.4004403096096363,1.4935230259837644,0.015859488562461,10,0.02320037160242008
521,-2.402419834741664,0.5071612421082561,0.0161707518723244,7,0.0038168622761711787
522,-2.374289467319623,-1.493816309967107,0.016106037307496934,9,0.0
522,-2.401977770818453,1.5000964298355333,0.016339525320524725,10,0.018088204710036943
522,-2.4101777191577063,0.49707593025946384,0.015992274912262187,8,0.02230388960582841
523,-2.382114657861535,-1.5264347664010243,0.014831165918670872,9,0.0
523,-2.407432752337983,1.496464734790835,0.015808647438422207,10,0.01340856005428484
523,-2.4022197401742766,0.5026092522359101,0.01597215806928611,8,0.01895830273661222
524,-2.378283577177747,-1.5093783555681326,0.01594904449753815,9,0.018370242799659594
524,-2.4026752717565945,0.5108675200218479,0.015991355285041114,8,0.003811307510090606
525,-2.4535165586235195,-0.5030515419733312,0.01688345731172134,7,0.0017343420680751322
525,-2.3882290120516014,-1.5220571236995586,0.016245628897437258,9,0.0
525,-2.398089808087237,1.4990209288452894,0.016281292445141295,10,0.01681075247105894
525,-2.410292980208491,0.4989365119009645,0.015873185178190332,9,0.021745026893158038
526,-2.379883940122896,-1.487687090062724,0.01727531708873785,10,0.0
526,-2.392972863157155,1.503910183278732,0.015899833857333415,10,0.017829544405928134
526,-2.403235739158555,0.5025048126980737,0.016060718891354266,9,0.018175525379788903
527,-2.3821552865951467,-1.5117507523115585,0.01637781626860868,9,0.019571563748550853
527,-2.400440343935075,1.5015590226947986,0.016427748043610624,10,0.021421817457944026
527,-2.407116096728676,0.5038545004764362,0.015957518636605834,7,0.015690355427231663
528,-2.4451574036494077,-0.5075186094275798,0.016902881958411685,7,0.0
528,-2.3860954806940478,-1.5104254916854871,0.015454365767678179,9,0.018139563145136244
528,-2.412651172964436,1.4984240896008432,0.01633162685038904,10,0.0
528,-2.4010461103304355,0.5062624896153417,0.015840173088062348,8,0.004360404402982703
529,-2.38687522549314,-1.50177851854839,0.015860171803701983,10,0.017634213107789624
529,-2.3823558937412224,1.4973522611934245,0.016660365055221633,9,0.0
529,-2.4014976178425926,0.5057489382043664,0.01619328226012596,8,0.003450417535355832
530,-2.4416139474068546,-0.5018439716396916,0.016188226606991027,7,0.0031622617392196503
530,-2.3769965333905305,-1.492302449166235,0.017272450885476874,9,0.0
530,-2.412988929096602,1.492153252081843,0.016314472336275507,9,0.0
530,-2.400363606466307,0.510375431419486,0.01588508149548726,8,0.004144021398224418
531,-2.381330399860048,-1.5274989783024444,0.015132383026707072,9,0.0008116074228353594
531,-2.3809796566448886,1.4980254906815162,0.016201147975031336,10,0.0
531,-2.3978905458770976,0.508633706951845,0.016221869533199103,7,0.003202680605156134
532,-2.452007617116034,-0.508939396724386,0.016908312947354717,7,0.0
532,-2.381406525619793,-1.5064970627326169,0.015459052673608392,10,0.019474452273828335
532,-2.3994370675876118,0.5033097857388151,0.0154789080965708,8,0.00217245683164332
533,-2.44103293290264,-0.5017253318792301,0.01580302067072724,7,0.0032280513504620986
533,-2.3798823515684857,-1.5111880621349678,0.015488946054417523,10,0.019520668426777722
533,-2.4170928238859415,1.4897586387782848,0.016812589970732022,9,0.0
533,-2.4070060103573008,0.5003641547320544,0.016232519233462014,8,0.02170269670842348
534,-2.4492797420990815,-0.5054869095527665,0.01646012763877267,8,0.007436598359516103
534,-2.3853285436376597,-1.5006631561786463,0.016440756582108,10,0.018417854528483286
534,-2.381815259974434,1.498552387326202,0.01621362960597255,10,0.0
534,-2.402340588631385,0.5073869260919294,0.016351317268614666,7,0.00460033220108347
535,-2.3831680171755365,-1.512332397011559,0.01566557760070115,9,0.017797207726552848
535,-2.400897018400116,1.4960172698436087,0.01575633988609129,9,0.01802255511539888
535,-2.411384556457078,0.495254729094988,0.01606390844366528,8,0.02350862622008126
536,-2.3857062529604502,-1.5094058399557275,0.015456023760075729,11,0.018169461943040973
536,-2.398640275726475,1.4964979055856562,0.01628056858479735,9,0.019550057402830695
536,-2.4122098112750305,0.49665371289038623,0.014771168160212896,8,0.01916473943200086
537,-2.4374864325148473,-0.5127777661255796,0.016434614117441394,8,0.02030915588939514
537,-2.3848327904158815,-1.5138510225309494,0.015458449642985785,9,0.016210137219080198
537,-2.404258473186493,1.5004902044649793,0.01555412463581915,9,0.014689764606516708
537,-2.400005913577962,0.5054365150929341,0.01624368392175286,8,0.004365862504880674
538,-2.4414762699923376,-0.5036673851862951,0.015814418438986528,7,0.0032746737973928667
538,-2.386448511854239,-1.517128938806209,0.016444108076922606,11,0.013794090190038518
538,-2.3970920076328386,1.501600166399419,0.015752645609884736,10,0.018717349144454765
538,-2.400550243103144,0.5006889105779452,0.01570695161965335,8,0.004348154115036171
539,-2.4479011394364942,-0.5056108634558973,0.0167842883501612,7,0.0029886339876779226
539,-2.3778329237879463,-1.4928271136425826,0.01728499136295834,9,0.0
539,-2.3950398977203005,0.5043888376279309,0.01710211428943044,8,0.0
540,-2.4418004210465214,-0.5006484075793526,0.01585354754621377,7,0.002796726584373235
540,-2.3899414652778157,-1.52314910346776,0.016275822254190907,10,0.0
540,-2.4136676885130006,1.4958141107208354,0.015586856212323863,11,0.0
540,-2.4044157272657203,0.5042817160163398,0.016096712096371698,8,0.02011471326259473
541,-2.4535013785352255,-0.5042872087555951,0.017381512634179728,6,0.0
541,-2.410001321372435,0.49872437365992056,0.015476669693187969,9,0.019355056095820212
542,-2.3973236725789446,1.4969198007011757,0.015894002093677598,9,0.017756851795750164
542,-2.3997156063646123,0.506908935328853,0.016778333921036746,7,0.003032118718499973
543,-2.4416139474068546,-0.5018439716396916,0.016188226606991027,7,0.0031622617392196503
543,-2.374289467319623,-1.493816309967107,0.016106037307496934,9,0.0
543,-2.3930258964318782,1.4926179256769547,0.016225901149361347,11,0.02503136032540893
543,-2.4001146967226488,0.5103225092069384,0.01612744852056093,8,0.004030067758801874
544,-2.442454930700592,-0.5038695009671514,0.015816008679756216,7,0.0032755866884503506
544,-2.381241385087021,-1.5079385272025363,0.01638318480428032,9,0.022121486517192875
544,-2.4028607974452947,1.4959801840684825,0.017030861166015026,11,0.021781997740052687
544,-2.398485255431687,0.5051147760189041,0.015819285489634963,9,0.004722479942064569
545,-2.4493197927377715,-0.505905046076039,0.01634536488599535,7,0.003037811745717625
545,-2.374289467319623,-1.493816309967107,0.016106037307496934,9,0.0
545,-2.3987538917149602,0.5027441287943104,0.01630362528367802,8,0.0
546,-2.384191336525903,-1.517031657552188,0.016393419023317635,10,0.019074000091253034
546,-2.400163758559149,0.5115495887925565,0.016165449015736452,8,0.0037443853975673933
547,-2.4479011394364942,-0.5056108634558973,0.0167842883501612,7,0.0029886339876779226
547,-2.3796477290549247,-1.511798470442596,0.016763904416678455,9,0.021307249013271683
547,-2.3780794560834315,1.5026466356115062,0.01619012394910788,10,0.0
547,-2.4073273850902703,0.5005971006707624,0.015358378658991093,7,0.017523542368630202
548,-2.43453621897769,-0.4967003157998485,0.015880484824819848,6,0.004992921987642968
548,-2.382371948301821,-1.5094560323863377,0.014778392696564427,10,0.017684583002820185
548,-2.3978357746817474,1.4956175649437031,0.0162602831442406,11,0.019323178943881213
548,-2.3996637270514363,0.5108342010182023,0.016240156307857873,8,0.004106322660241007
549,-2.4556624696701723,-0.5097016496779415,0.016915464526598284,7,0.005183705991975297
549,-2.3855302085036625,-1.5209564093165313,0.01639004078358581,9,0.02218093066167354
549,-2.395343722877926,1.5005153005358804,0.01647021751411366,10,0.02359042265813026
549,-2.3999120521060764,0.5035080402451225,0.016220811493504513,7,0.014933637192224406
550,-2.439538563536527,-0.5038850782079322,0.016330641844573102,7,0.0030190352075729386
550,-2.3754932954721646,-1.5099255269539602,0.015196432354623146,9,0.018311882102863334
550,-2.395461702790327,1.4979131230985523,0.015697647470388435,10,0.023785297576541724
550,-2.4018952897674906,0.5039077373524935,0.015771148136001216,9,0.005929918111007308
551,-2.384175994330307,-1.5176808885068387,0.016437601939743193,11,0.016024136205904815
551,-2.4013315002528794,0.5105818636689451,0.015895066171537204,8,0.0041428406222351125
552,-2.44887901359629,-0.5058139969429089,0.016785425560464053,7,0.0029903167461215185
552,-2.382233303820976,-1.5195769126112626,0.016212772829627357,10,0.017592052227491304
552,-2.409741817439497,1.5031013120174475,0.01633320858148399,11,0.0
552,-2.400097373774118,0.5054554795445699,0.015637716155020312,7,0.00460062883142801
553,-2.385920295564593,-1.5123406930312921,0.016523337307446435,10,0.0185907116423618
553,-2.4034888969375072,1.500154502176042,0.016741165208447383,10,0.017300852904952334
553,-2.3975043265844675,0.5029026047239396,0.015454442458192177,8,0.002172290667288645
554,-2.3854297469847525,-1.525048437281383,0.016379251934351836,9,0.002236325993300361
554,-2.3953845182702516,1.4910630000208371,0.01696842607621234,11,0.0268739891962722
554,-2.3982466507607363,0.5062794535229074,0.016134293714545677,8,0.0037416132628167132
555,-2.443965531880887,-0.5023284527123386,0.01581064395955897,7,0.0032345607196386994
555,-2.384339318339066,-1.5001829734625975,0.015829658995252533,10,0.017587455259520036
555,-2.403127557499036,1.4975871924377289,0.01684192992971749,9,0.016425740611364772
555,-2.4028514854481733,0.5070087537705599,0.015833951237204085,7,0.004087662479821128
556,-2.378067274048727,-1.509171256963798,0.01636177113246892,9,0.021550065678133484
556,-2.3918520058110597,1.495735687988567,0.01659197319422125,9,0.019206607091136942
556,-2.405981836565456,0.5046185579535613,0.015411308527188881,8,0.018967199752495736
557,-2.3822785572926235,-1.505358717715016,0.016170888066574914,10,0.02131309899744848
557,-2.412812845172301,1.4952834216506752,0.015580796035564138,10,0.0
557,-2.4005070574016507,0.5055417853331422,0.01574625211028588,8,0.0037500184050485307
558,-2.4404985678444437,-0.5034660940750445,0.015812215560046826,7,0.0032715723611249064
558,-2.4012611957065104,1.4982883914829126,0.016263055002394253,9,0.017883965066010057
558,-2.4088989573204787,0.4959694528095181,0.015613622993114482,8,0.02061042657303968
559,-2.39536051102769,1.4956201019728765,0.015513070806434017,9,0.017748632124226324
559,-2.405788432992876,0.5051403715418339,0.01629883840685765,8,0.019794844736214484
560,-2.459642024187407,-0.5030647436779758,0.016799409182775903,7,0.0030075001557487483
560,-2.3838135389049553,-1.5159831994273387,0.01667198206119956,9,0.019195641948033096
560,-2.3809796566448886,1.4980254906815162,0.016201147975031336,9,0.0
560,-2.4016994628208432,0.507008514311732,0.01562903737305942,7,0.0025457336327102094
561,-2.4427328066204983,-0.5070152680893995,0.017374669262036457,7,0.0
561,-2.379883940122896,-1.487687090062724,0.01727531708873785,10,0.0
561,-2.3778746005835503,1.5057471794210857,0.01735963899266318,11,0.0
561,-2.3977524545177373,0.5086055372165973,0.017318833631267815,8,0.001592706738535293
562,-2.4414762699923376,-0.5036673851862951,0.015814418438986528,7,0.0032746737973928667
562,-2.3871280099007026,-1.5261337532134882,0.01639545821464367,9,0.0022394774782721824
562,-2.3902715344194605,1.5027410615688221,0.016747237307656457,10,0.019227046352310144
562,-2.4059141310579313,0.5033850129859498,0.015281055131756567,8,0.018508770409569917
563,-2.3842576786316205,-1.5292276890296967,0.016490920094433714,9,0.0019240993774553676
563,-2.4114812420024117,1.4974247820512459,0.016945368129582864,10,0.0030295172831712406
563,-2.400650192089899,0.5061785937266221,0.016239897631428985,8,0.004103530822810525
564,-2.436082373759877,-0.5124118781498667,0.016296788825018768,8,0.019751248484475657
564,-2.385481155971081,-1.523560235133527,0.015504090593623752,9,0.0
564,-2.394510873256937,1.5000008303488082,0.016254451517783042,10,0.0194541130703691
564,-2.397538151673522,0.5049147352329139,0.016238964897053506,8,0.003606447520180966
565,-2.442454930700592,-0.5038695009671514,0.015816008679756216,7,0.0032755866884503506
565,-2.3800839781532845,-1.5055835593536715,0.016724840884776236,9,0.02232674246181702
565,-2.411962305349708,1.4947563997712134,0.015579475664347819,10,0.0
565,-2.3991041843000738,0.5052457670041649,0.016624751916966902,8,0.0032640461045616883
566,-2.4340471828660646,-0.49923413795259064,0.016486075534103844,7,0.006062372532630278
566,-2.4045703682600776,1.4980898272721521,0.01630422997887459,10,0.015127791830802841
566,-2.409262583683061,0.5001589567446079,0.016362487431079688,8,0.020732738191084957
567,-2.4497875540230565,-0.508480960324702,0.01691107341690799,7,0.005171376705674621
567,-2.3908363209890457,-1.5221687597491562,0.01676666689735397,9,0.0
567,-2.3989210808006223,1.4950815662264274,0.01643705287242202,9,0.019395665324047993
567,-2.4058716776989355,0.5074463794090652,0.01655635381533389,8,0.018197569090429806
568,-2.44887901359629,-0.5058139969429089,0.016785425560464053,7,0.0029903167461215185
568,-2.375322846808027,-1.4912522934053902,0.017248446011494452,9,0.0
568,-2.3998899443650745,1.4966818623801543,0.016529882815187625,10,0.023447535033704753
568,-2.4065669137640167,0.5040929250524027,0.01585615342543624,6,0.018770829373739247
569,-2.44103293290264,-0.5017253318792301,0.01580302067072724,7,0.0032280513504620986
569,-2.377180730574704,-1.4892055735002236,0.016108760001838543,10,0.0
569,-2.4032847055037014,1.4952263434786983,0.016447695764406408,9,0.017902716556837537
569,-2.408236778275875,0.5047667736442559,0.016570279032261312,8,0.02092769097630623
570,-2.4459449459220832,-0.505208027394379,0.016780765019523494,7,0.002984717771299432
570,-2.3863235216421703,-1.5241000888956528,0.015505396535352997,9,0.0
570,-2.4030845475687315,1.4957369559926355,0.016373697957756915,9,0.017775794606212775
570,-2.405514856199267,0.5005043522612367,0.016410658825028752,8,0.022088023401627556
571,-2.4425917603760112,-0.5020456347092546,0.01619072218268967,7,0.0031637518938556976
571,-2.382697147212638,-1.5056213520864707,0.016176791149883997,10,0.020625971622670734
571,-2.4101749701685287,1.4992786453875155,0.016198415109081786,10,0.006928520242215529
571,-2.4061602070906067,0.499166145597445,0.015384341936596711,8,0.021197531866141442
572,-2.378322014594275,-1.5117990865576898,0.016428733232622308,9,0.02096512803592362
572,-2.396082980130378,1.4952368143508918,0.016115526616534964,11,0.030249067841402445
572,-2.4061602028120963,0.5040370855522213,0.015393369826442802,8,0.021209086688542364
573,-2.4404985678444437,-0.5034660940750445,0.015812215560046826,7,0.0032715723611249064
573,-2.3798757067059113,-1.5087002243983458,0.016746135221710645,9,0.022503101680623645
573,-2.382194665867083,1.4923541249896477,0.016167091222618703,11,0.01443075313199926
573,-2.404323953110535,0.5049912525926873,0.015763452551581063,8,0.019212122800984492
574,-2.38336457984003,-1.5159364493611447,0.016198818863548008,9,0.01702429735173979
574,-2.3799533008130256,1.500603494569515,0.01734930055749285,9,0.0
574,-2.408921866929765,0.5006946389698629,0.016047435656295933,9,0.022786946175743537
575,-2.443569563603494,-0.5022470656052804,0.01619262354099879,7,0.0031666286269911984
575,-2.3831216811648224,-1.5188018733449586,0.01621313086540892,9,0.013564316883142224
575,-2.405889412733223,1.4956395452453504,0.015478286044071681,9,0.014694155206620438
575,-2.4153480326918646,0.5015823016724588,0.01574708551606662,9,0.0212945834211513
576,-2.437716893780398,-0.49857920219041324,0.016290977447689037,7,0.004216862934255833
576,-2.380468186669041,-1.5106808088587762,0.016362796407974726,9,0.019547340962457714
576,-2.376203465283341,1.5046879765602201,0.017337512450281083,10,0.0
576,-2.405931014573384,0.500399107530782,0.01582006792782332,8,0.019318812243137567
577,-2.38698209084035,-1.5090909791937355,0.016331534772315266,10,0.01886298420562297
577,-2.3978013933195017,1.496790525635666,0.016759045313707956,9,0.019996502756388354
577,-2.4072056730081637,0.4993808495006429,0.01578457943780694,8,0.021803837818683624
578,-2.439538563536527,-0.5038850782079322,0.016330641844573102,7,0.0030190352075729386
578,-2.38336234300714,-1.5092838642448578,0.017360851216558414,9,0.022062029675068796
578,-2.405477667714342,1.4964093633825046,0.016469019502578692,9,0.0158613289184599
578,-2.4023026612886316,0.5107887805053771,0.0159029977788386,9,0.004147338873555583
579,-2.4581104276481964,-0.5102084264125478,0.017390390760028546,7,0.0052071442240629595
579,-2.3820107017179963,-1.5197156005825425,0.016677717444026807,9,0.018777777323733976
579,-2.3958826563767417,1.4992494701133265,0.01683457564198127,10,0.01809750317512571
579,-2.410736047188684,0.4976263951727001,0.01621214176410455,8,0.02209566952511799
580,-2.4380675676896764,-0.4991432507875725,0.016550465890423097,7,0.005835145834013189
580,-2.382839927847479,-1.5161686656164923,0.01646303635992527,9,0.018059717675344287
580,-2.403521044649166,1.4959953248991398,0.01673872971375906,10,0.017422974321072544
580,-2.408748317403908,0.5016607087931609,0.01605718708659098,9,0.021566529836644494
581,-2.44789899404103,-0.5006624609501417,0.016782503800282747,7,0.0029892281251429416
581,-2.3793491265460998,-1.5099704354522818,0.01617557564053737,9,0.019910431290255298
581,-2.396084695227345,1.5009997843784086,0.01588919614223532,10,0.018911201626933438
581,-2.403869527935163,0.5003120456144242,0.015724193159207114,8,0.020748225633213307
582,-2.440453418351109,-0.5003717485264683,0.016193572866281362,7,0.0027407656234387594
582,-2.3793274898564887,-1.509968156866592,0.01637675430405798,9,0.020892360747733964
582,-2.401234577495506,1.500418323378212,0.016452301531351826,10,0.017891320468785787
582,-2.3958598000711055,0.5021338826393467,0.016261627425104626,8,0.0
583,-2.4576846422763086,-0.5026637573184974,0.016796764008244015,6,0.003006749278149404
583,-2.3850458881296763,-1.5146880336471598,0.01621496152558778,9,0.015622716162593104
583,-2.4070716783314237,0.5028216293891655,0.016637538887942567,9,0.017462457547614534
584,-2.4434509534131705,-0.5046919866386655,0.016336705951196014,7,0.003026638465134632
584,-2.387081234046708,-1.5248038119647662,0.016523806856894863,10,0.0
584,-2.403920474396989,1.501824286062555,0.015939253892685305,10,0.02109515221501916
584,-2.4122667073538393,0.5026539180515369,0.016665240527283735,9,0.02043656004716054
585,-2.4434509534131705,-0.5046919866386655,0.016336705951196014,7,0.003026638465134632
585,-2.3819229980770276,-1.5187301366018577,0.01643222060355687,9,0.017447112182006043
585,-2.3794664404226595,1.5035227192976448,0.016545119648922246,10,0.0
585,-2.4085088577114497,0.505759895028734,0.015881678893154144,8,0.018929955406352745
586,-2.380294374333077,-1.5089631712624723,0.01675315507035705,9,0.0218291495571079
586,-2.3973703882383184,1.4969500788627066,0.016288412147063388,10,0.019662783593379883
586,-2.401688593605268,0.507005271220254,0.015847349564261124,8,0.0024943659007291563
587,-2.3837668361684123,-1.5241706648189441,0.015505637742758595,10,0.0023452966879182035
587,-2.406879571705744,1.5058541579509863,0.015945367073585376,10,0.01200048265075516
587,-2.398917995313565,0.5076358289916162,0.015701349079110187,7,0.003472823443127406
588,-2.441430716968891,-0.5005726048471941,0.016196640191021655,7,0.0027431675483161194
588,-2.3863235216421703,-1.5241000888956528,0.015505396535352997,9,0.0
588,-2.39859486986155,1.5025398181195084,0.01590032562572451,10,0.02297534565463972
588,-2.4039725421870095,0.5005050492562045,0.015968489651352787,8,0.018176652342721134
589,-2.380626676300527,-1.5165228853457688,0.015505223025436813,9,0.01655314399119113
589,-2.3963918799928514,1.4979131917254953,0.01741357322146463,11,0.027039260315418975
589,-2.3978024021704236,0.5110471083652753,0.015602559036148255,8,0.0025404697458685423
590,-2.3810339405004717,-1.505966915158533,0.01726258745807914,9,0.021813172446037248
590,-2.3969435726003825,0.5020623457458869,0.016447134452490002,8,0.0017362249663405744
591,-2.44593458799032,-0.5045855049705383,0.016246213847401506,8,0.0032343511399719085
591,-2.383035102273636,-1.516116613955557,0.016382093232946506,9,0.01939065802564924
591,-2.3971697717377394,1.4919731549488815,0.016435285713661745,9,0.02013068805592213
591,-2.3955628752806497,0.5008218724322072,0.01579523275903743,8,0.0022269136989597708
592,-2.38062242069799,-1.5107796291129332,0.01619715110350701,9,0.020640825601628728
592,-2.3799533008130256,1.500603494569515,0.01734930055749285,9,0.0
592,-2.410245500511919,0.49625131883038476,0.0147486000260227,8,0.01913248732483397
593,-2.4332115057142127,-0.500117246856345,0.015783574974776095,7,0.003210814194936401
593,-2.382222679407415,-1.516078276530963,0.01620860691095741,10,0.021955301607830508
593,-2.4109431288111685,1.4973642397629685,0.01632097696403969,10,0.0
593,-2.4117994732170045,0.49412490511147567,0.015644235454597036,8,0.022324195013959967
594,-2.4510286890236292,-0.508738516858219,0.016907176351338267,8,0.0
594,-2.384233458008309,-1.5144075711248153,0.01677033375375131,9,0.01912065171732419
594,-2.3979415052735042,1.497292301828192,0.01610928730013917,11,0.0246634699283999
594,-2.4060240692162527,0.5050326687491481,0.01623277901321218,9,0.02169241133249022
595,-2.446385356282557,-0.5052990132788305,0.016341051637033865,7,0.0030320727557685157
595,-2.383427837585116,-1.5036682042430418,0.015948995897622224,11,0.019597790360411284
595,-2.4088821065712755,1.502566046673183,0.016320375622750044,11,0.0
595,-2.4082600100664795,0.5014432442606916,0.015813071603797108,9,0.019880221065624332
596,-2.38506746588786,-1.5127498424236654,0.015820198961505286,11,0.01649974300124056
596,-2.3980533774407595,1.4991589732613808,0.015479072334679388,10,0.01970814665625284
596,-2.4102191870572023,0.5031272380522537,0.01654316601248162,8,0.021816767760723468
597,-2.3829415606584283,-1.5193788801414065,0.01644905160962016,9,0.01692243143769871
597,-2.3799533008130256,1.500603494569515,0.01734930055749285,10,0.0
597,-2.399626839545274,0.510826392139401,0.016277476289355795,8,0.00415147989240783
598,-2.4425917603760112,-0.5020456347092546,0.01619072218268967,7,0.0031637518938556976
598,-2.3750660994176265,-1.5201914832051706,0.01602428020900609,11,0.018752574017222343
598,-2.402927576744151,1.4955193373826041,0.01580037185964615,10,0.017864658184347387
598,-2.3970896769773633,0.507250470129703,0.016008222503963162,8,0.0032139069330756028
599,-2.4479011394364942,-0.5056108634558973,0.0167842883501612,8,0.0029886339876779226
599,-2.3899868703304428,-1.5216291216090474,0.016760348764514685,9,0.0
599,-2.3951819680221735,1.5036579629233147,0.017433010252731383,10,0.01946995519646274
599,-2.4128356452674677,0.5029069889393197,0.016446677266993493,9,0.020927223748000406
600,-2.378853101442348,-1.4902525466362326,0.0161355646736072,10,0.0
600,-2.407188842790549,1.4974740124758612,0.016493364550903163,9,0.015871172728338365
600,-2.4021128622794383,0.5099610575983243,0.01665034977892685,8,0.0021794889523768434
601,-2.3826220975586754,-1.5071902888116138,0.01676090845884927,10,0.02237623694335534
601,-2.4043709335424763,1.4965245705380883,0.016749171790906934,9,0.01743501617162346
601,-2.407042482927895,0.4999651476724941,0.015572274112336307,8,0.019381842492823428
602,-2.4455246753150677,-0.5026482256219617,0.016198311921141583,7,0.003170332034493815
602,-2.3858004357099594,-1.512764326850008,0.01653803810236911,11,0.019242390752967603
602,-2.396948815694137,1.4952492509642035,0.016016097836528714,10,0.022872222974091493
602,-2.406614445571567,0.49622038075247404,0.015270764853376495,8,0.0210218391745755
603,-2.439538563536527,-0.5038850782079322,0.016330641844573102,7,0.0030190352075729386
603,-2.3840296478631173,-1.5150315400231864,0.016691969264081893,9,0.020618170528830936
603,-2.4022411639603853,1.4952108334712833,0.01636084502873063,9,0.01777063158981021
603,-2.398906286793612,0.5033124062857738,0.016525431536573536,8,0.0009424788230106163
604,-2.4459449459220832,-0.505208027394379,0.016780765019523494,7,0.002984717771299432
604,-2.3813489132709176,-1.5058371836666824,0.015587762629120238,9,0.017515395801855953
604,-2.3953645044687946,1.500535042633556,0.016260056675550544,10,0.019466574089756314
604,-2.3994749901563197,0.5053237235687195,0.016259149509166265,8,0.0036084843720298604
605,-2.4434327425203275,-0.5040720717566168,0.015817604142125706,7,0.0032776018022628033
605,-2.385003472372457,-1.5190395266023031,0.016680103052260798,11,0.012989317971850458
605,-2.416423842293074,1.4942784554794164,0.016353667509911463,9,0.0
605,-2.406066320058713,0.4997604056261365,0.015809978604739493,8,0.01994094011425673
606,-2.4505789155660294,-0.5074031831198321,0.016881935799110646,8,0.001735082037910559
606,-2.3874986401657017,-1.5224690695864642,0.01554803167760185,10,0.010066544877657728
606,-2.3964039179358743,1.497964388135709,0.016252119839808822,9,0.01678256600036501
606,-2.394889589521838,0.5019313690615551,0.01625276551547636,8,0.0
607,-2.3863235216421703,-1.5241000888956528,0.015505396535352997,9,0.0
607,-2.4136416182304092,1.497309016152679,0.016469659981265598,10,0.002243551845014003
607,-2.4063267333396676,0.4983876784732941,0.014878832853995804,8,0.02099187612012837
608,-2.456433022317738,-0.5098613730107562,0.017383538912407417,7,0.0
608,-2.382848020074151,-1.511537722568128,0.016224795000643,9,0.01979638394986669
608,-2.400503887440197,1.4876368064200842,0.016234771412338526,10,0.01985991675796673
608,-2.4031083629941388,0.5028497369536641,0.01601848859877998,8,0.019276708549841405
609,-2.3832835176682394,-1.5076126551106215,0.0159974371949919,10,0.02001947841860139
609,-2.38015828301759,1.4975053266158123,0.016174250277624435,8,0.0
609,-2.3990263985951295,0.5076593658333932,0.01615033038211905,9,0.0034680683991212585
610,-2.386193790679577,-1.496867691260205,0.015478630464207721,10,0.01664658197671164
610,-2.403521044649166,1.4959953248991398,0.01673872971375906,9,0.017422974321072544
610,-2.4065083962835603,0.4996957907702839,0.016228187270253696,9,0.021752619641443295
611,-2.4474797914553763,-0.5030499707062183,0.016203103603154967,7,0.003174452861971336
611,-2.3829334614815183,-1.4895935792673876,0.01599853845390247,10,0.004462534864104931
611,-2.402057275174525,1.4998653817308727,0.0163250713323817,10,0.0185018046039437
611,-2.40644460812565,0.5076107070389569,0.01620564456683356,8,0.0185993992221007
612,-2.4564383103512957,-0.5048917061288227,0.01738336222707287,7,0.0
612,-2.383656142049318,-1.5116081764258453,0.015951673833524853,9,0.02203538381388096
612,-2.399273904399315,1.4932748685853077,0.01626597203641454,9,0.022788505596217416
612,-2.40403878512631,0.5126178265367274,0.01659722612680498,8,0.0049348824315811534
613,-2.4473446944701354,-0.5048782349401089,0.01582524028803281,7,0.0032850586268889153
613,-2.3834676821524114,-1.5077249368634078,0.01677259681907945,9,0.02239349052545149
613,-2.412812845172301,1.4952834216506752,0.015580796035564138,10,0.0
613,-2.4034027373684563,0.5047472602812876,0.016527621120127296,7,0.013965874707667221
614,-2.443000788445782,-0.5039829810306254,0.01623990110037858,7,0.003229192037873491
614,-2.386097254626432,-1.5149434773217971,0.016780870765729827,10,0.018349014213395316
614,-2.412478122677139,1.4974691602772743,0.01620584107564885,11,0.010721354272966617
614,-2.4126803774891,0.5034590947217907,0.016199286830945184,9,0.021053370756048594
615,-2.4434327425203275,-0.5040720717566168,0.015817604142125706,7,0.0032776018022628033
615,-2.3781531847336694,-1.5077041702830232,0.016284931737438856,10,0.02205568519556802
615,-2.3995111044738926,1.504387050344036,0.01545124804083198,10,0.016574017686308305
615,-2.4059587520266406,0.5014110188262607,0.016378510398263657,9,0.02099635394461235
616,-2.3830108683611098,-1.5149446578218644,0.01629523623048697,10,0.017504493624166256
616,-2.411794715114061,1.4978915209511343,0.01632310030270718,10,0.0
616,-2.4072214086345345,0.5016354087756285,0.01553096778908294,9,0.020541168824953195
617,-2.44103293290264,-0.5017253318792301,0.01580302067072724,7,0.0032280513504620986
617,-2.3778329237879463,-1.4928271136425826,0.01728499136295834,9,0.0
617,-2.411794715114061,1.4978915209511343,0.01632310030270718,10,0.0
617,-2.4085330547490176,0.5047349212479795,0.01624971006734578,8,0.021057289398026917
618,-2.443965531880887,-0.5023284527123386,0.01581064395955897,7,0.0032345607196386994
618,-2.402543551227503,-1.5050926356448937,0.016284496617405667,10,0.0
618,-2.406082395737502,1.493010342632996,0.01627705272388688,10,0.015581758115859972
618,-2.4097637714875195,0.5025703969954977,0.01616405506781087,9,0.018696810970458742
619,-2.439538563536527,-0.5038850782079322,0.016330641844573102,7,0.0030190352075729386
619,-2.37933794456178,-1.5099799057760754,0.016380255535133992,9,0.02226235383463685
619,-2.3918458057497354,1.504816975520691,0.01547775616261371,10,0.020141551756356506
619,-2.400524729180919,0.5104085489178025,0.016980474098999006,7,0.0031027985083679193
620,-2.4384985885887103,-0.4999712231931511,0.01618722680861372,7,0.0027382834357504676
620,-2.381477894142148,-1.5048294667684172,0.016161374620235675,9,0.02238213397223763
620,-2.4018876857516456,1.501924084013816,0.015675957272034875,10,0.018079832493770563
620,-2.404954530460463,0.5001963772634122,0.01581197192815058,8,0.019308061363559722
621,-2.3828702069879784,-1.5033632674845945,0.015645806381984727,10,0.01977944519508293
621,-2.401894730576476,1.4968894178188654,0.016586756785567446,9,0.019574524081089985
621,-2.405670842626325,0.5008990120079169,0.01650457076946996,9,0.02139112321572786
622,-2.4486061364065335,-0.5032805800057641,0.01737804717337326,7,0.0
622,-2.383806511970502,-1.5100699947417384,0.016405128131020897,9,0.021461153504958613
622,-2.396118626492327,1.4985433961953025,0.01650188318213946,10,0.02181800705381422
622,-2.423888078787426,0.49455868370725725,0.01597647647662549,8,0.0022649116281777603
623,-2.4479011394364942,-0.5056108634558973,0.0167842883501612,7,0.0029886339876779226
623,-2.3814733956015592,-1.5089434028243809,0.015994816021632025,11,0.02029165387290848
623,-2.4055797713698768,1.4971024321433712,0.01648968513287766,10,0.01583396733782544
623,-2.406908653962827,0.5009447558535212,0.015783700951867853,8,0.02024106197900176
624,-2.3733098913789683,-1.503465177820848,0.01640113415172371,9,0.015662003462625064
624,-2.4046315643220426,1.4958820295492794,0.01645794388982071,10,0.01584912756719127
624,-2.3958699535002665,0.5069918021207708,0.016364106586389652,8,0.003074877786657242
625,-2.4473446944701354,-0.5048782349401089,0.01582524028803281,7,0.0032850586268889153
625,-2.3804652694382096,-1.5134013668389041,0.016513338426686744,9,0.019575152223424562
625,-2.4109486763103103,1.5054025671869529,0.01683910123173508,10,0.0
625,-2.3975241282622703,0.5097708910329156,0.016247315144575742,8,0.003605955251359131
626,-2.3837925305736363,-1.51473781686884,0.016063489413039825,9,0.01892750773293636
626,-2.403340222407607,1.5004585351171276,0.015154962227667813,10,0.014008584652714623
626,-2.408012754972945,0.5001661687064417,0.015826263593144575,8,0.01995972008295193
627,-2.4529858589349844,-0.5091434492236532,0.016909007225586983,7,0.0
627,-2.386510752054611,-1.524371517562116,0.014809800576040503,9,0.0
627,-2.405501800240585,1.5012623929947582,0.015721454389220946,10,0.015079389788237469
627,-2.404572100671552,0.507371267595628,0.016068156213000083,8,0.0045860572653899
628,-2.4515586870856922,-0.5026488409281304,0.01688179052746447,6,0.0017317462127416968
628,-2.3801645745026807,-1.5159416900824905,0.015849919138790827,9,0.01906911484279074
628,-2.3999607612532095,1.496943513782457,0.016290491338557617,9,0.019191315514258983
628,-2.4100698440553994,0.506194605232119,0.016845747246445702,9,0.018951913968387753
629,-2.4520109254475217,-0.5039777049009896,0.016908341805386456,8,0.0
629,-2.384272590855193,-1.515790274024992,0.016115486151747262,10,0.014883680965197342
629,-2.389870127280655,1.5024879725762001,0.01589094904630594,10,0.021767682202077074
629,-2.403080831250274,0.5124142841028831,0.016576323850984582,8,0.004924477788169682
630,-2.3726110443350645,-1.4927589829523344,0.01608947376236398,8,0.0
630,-2.4063556077139534,0.5033803591368217,0.015742894320211687,7,0.01555760103150166
631,-2.3803064944808967,-1.5089581994313799,0.015805716921424965,10,0.021459237011618556
631,-2.395365005158899,1.5051496107332796,0.01631309160771452,11,0.0188055173055491
631,-2.4031960792332394,0.5109789423932694,0.015465326366887341,8,0.0039871848389350295
632,-2.4424081232956736,-0.5007725282163453,0.0161996876263908,7,0.002744142719439479
632,-2.3983249221930723,1.496702166250603,0.016132258403494602,10,0.018475854522458035
632,-2.4078478236896257,0.5067860159558838,0.01682117467144516,8,0.019646518785167336
633,-2.442454930700592,-0.5038695009671514,0.015816008679756216,7,0.0032755866884503506
633,-2.379411337939049,-1.5046204838725747,0.01655080592191972,9,0.02313599011366827
633,-2.3981728320437905,1.497437064466001,0.016846547955424354,10,0.021589318856118346
633,-2.3955653019935412,0.5024963995988272,0.015435258281442418,8,0.00217291973171235
634,-2.442988284324829,-0.5021271503777267,0.01580819257144118,7,0.0032316855827931442
634,-2.4004466455382736,1.4995889115336112,0.01648124254451344,10,0.023433197161219648
634,-2.399158119486701,0.5067255824895863,0.016384346580030268,7,0.00369844599146276
635,-2.448604043198839,-0.5082315632364486,0.01737927655875811,8,0.0
635,-2.385481155971081,-1.523560235133527,0.015504090593623752,10,0.0
635,-2.396283862876224,1.4955663866393119,0.014624308144226019,9,0.017074429190031503
635,-2.407127298004542,0.5036401135850584,0.01606023026780919,9,0.020438995843819103
636,-2.45252231099981,-0.5040873699423754,0.01738051056750778,7,0.0
636,-2.384427817475403,-1.5261479878851993,0.016243201790655984,9,3.837586865869053e-06
636,-2.3938986686622887,1.5014494270130725,0.01735722580067392,10,0.02064042421634061
636,-2.4088105560411313,0.5073707898032572,0.016605723722513052,8,0.020027728474349766
637,-2.3804498002848224,-1.5073275029846913,0.016874968399133418,9,0.02157564066845749
637,-2.402944567535391,1.4996663359025342,0.01569413590229682,10,0.015058066513707549
637,-2.397236277901493,0.5024234843165377,0.015715313443646597,7,0.004053750613567716
638,-2.3855586321106856,-1.5139418051786129,0.016666844263083798,11,0.017280060437228507
638,-2.394343982535364,1.5031442829738435,0.01627213795580775,10,0.01684418782096946
638,-2.3990392689585134,0.5028008108154228,0.016139115359702902,8,0.0034661911009936904
639,-2.3837131506319293,-1.5163005054711913,0.015725747670583542,9,0.014813124193508062
639,-2.4031057705698595,0.5029410948067076,0.016110925302540626,7,0.016187429133506754
640,-2.3819926084781806,-1.5156298027234154,0.016453086166971984,9,0.018043318939412335
640,-2.381815259974434,1.498552387326202,0.01621362960597255,9,0.0
640,-2.3998438278442804,0.5074916505979794,0.015554604717677552,8,0.003127768737077162
641,-2.4420100488449905,-0.5019254132414832,0.01580608798737855,7,0.0032300874702745545
641,-2.385509354116777,-1.5194220789487787,0.016441745233211954,10,0.016389165136019148
641,-2.400130180447536,1.4938022839121734,0.016271768554479666,9,0.023123162835637392
641,-2.404952476923343,0.5005390072937943,0.01575896978011681,7,0.02021605260374831
642,-2.3803601973426662,-1.5088825145692857,0.016310358372136888,9,0.021341255689862212
642,-2.3774399429273587,1.4990197571334083,0.017319771661401463,11,0.0
642,-2.402625818318642,0.5072914911677102,0.016666972113907552,8,0.0184208232799986
643,-2.389084946585478,-1.522603612113808,0.016260843844490898,10,0.0
643,-2.399748678234364,0.5065963244751241,0.015829747122306562,7,0.002491040497302981
644,-2.387171279681402,-1.5246417392476965,0.015511371363528662,9,0.0
644,-2.403263841088763,1.5006990170628778,0.016752523402808413,10,0.015957800890678348
644,-2.4008584543488753,0.5038228236679352,0.016383544626939094,8,0.017131517402751543
645,-2.443569563603494,-0.5022470656052804,0.01619262354099879,7,0.0031666286269911984
645,-2.3825735445127774,-1.519913176988013,0.015515802625619232,9,0.01441179549335534
645,-2.4060459276633366,1.4969665936563088,0.016283100134472914,9,0.015301237498644097
645,-2.3976371209650287,0.5000820377731601,0.015682157113514065,8,0.004348283420533165
646,-2.446665190169269,-0.5065924482937021,0.016877551882932183,7,0.0017309764143802683
646,-2.3779985513133495,-1.51289168128429,0.016943930764815318,9,0.021336050248485686
646,-2.401934758026208,1.4997588571786644,0.01711756480462662,10,0.015729545324684666
646,-2.407133618340524,0.4993685115429707,0.01539651236802763,8,0.021212466172913967
647,-2.4420100488449905,-0.5019254132414832,0.01580608798737855,7,0.0032300874702745545
647,-2.379411337939049,-1.5046204838725747,0.01655080592191972,10,0.02313599011366827
647,-2.403170164674378,1.5026510551529657,0.01634200264912069,10,0.014225934086568458
647,-2.403941277757314,0.5117456502365996,0.015872487425253014,8,0.004363449067690599
648,-2.440054990439832,-0.5015235036526152,0.015801174261109656,7,0.003225660395970635
648,-2.3825585891272074,-1.5151731732624707,0.016296824539377766,9,0.020247407217250338
648,-2.401883236229233,1.4995628805869128,0.01653363939681845,10,0.01620714716623675
648,-2.400844048349463,0.509260812054564,0.017160914258730457,8,0.0012425797282805406
649,-2.452007617116034,-0.508939396724386,0.016908312947354717,8,0.0
649,-2.3761592485318723,-1.4917769655094197,0.017260973073207644,9,0.0
649,-2.3809796566448886,1.4980254906815162,0.016201147975031336,9,0.0
649,-2.400807618063325,0.5055792169513114,0.016263328541284598,7,0.0038011609681962008
650,-2.4444107076065063,-0.5042723127866275,0.01581951048885556,7,0.0032789413361995904
650,-2.381330399860048,-1.5274989783024444,0.015132383026707072,9,0.0008116074228353594
650,-2.409741817439497,1.5031013120174475,0.01633320858148399,11,0.0
650,-2.410655456758231,0.5027615005416028,0.016078541597371147,8,0.022205357962910663
651,-2.4420100488449905,-0.5019254132414832,0.01580608798737855,7,0.0032300874702745545
651,-2.3779010424886082,-1.5130468758065798,0.016421151519826233,9,0.021192626472660195
651,-2.410278955128531,1.4982986654718105,0.016743116045009967,10,0.0017131313410248409
651,-2.413523538466677,0.4985248510454116,0.015559483468956916,9,0.020773866968239817
652,-2.4414762699923376,-0.5036673851862951,0.015814418438986528,7,0.0032746737973928667
652,-2.383885744873242,-1.5135187250669275,0.01604049082866079,9,0.018838590756538837
652,-2.4020539700755883,1.4951145242628798,0.015202788057137751,9,0.015070115418377421
652,-2.399758233829644,0.5065991928326891,0.015612227000543922,8,0.002541203121194535
653,-2.384191336525903,-1.517031657552188,0.016393419023317635,10,0.019074000091253034
653,-2.4034378681851516,1.4955640884100374,0.01685100113166134,9,0.01584552383415804
653,-2.397099262002283,0.5023946661282399,0.016120514310786784,8,0.0034608459828063456
654,-2.3822013416816126,-1.5069263242701205,0.016751658154650562,11,0.0230493135951599
654,-2.396266449745753,0.5022201003301513,0.015706137142914186,7,0.004051821691599958
655,-2.38114747750888,-1.5094908699050058,0.015816200906759816,9,0.02147950105844406
655,-2.4135038491936314,1.4989563450841583,0.016336364772293,10,0.0
655,-2.398206710015882,0.5026273882748735,0.015723830067463165,7,0.004054794662006858
656,-2.4420100488449905,-0.5019254132414832,0.01580608798737855,7,0.0032300874702745545
656,-2.382806543871251,-1.5163398872597942,0.016571585957964634,9,0.019606234583498673
656,-2.3947489720662527,1.4960561692538832,0.015538136910318082,9,0.01700485680545688
656,-2.4052164163460086,0.5067855391726284,0.016008884667517133,8,0.018423123016921582
657,-2.3838956759379046,-1.5159401376942214,0.015764804657709873,11,0.02082616031244817
657,-2.40071445380169,1.4968480554501042,0.01603357203882398,9,0.01618086714857544
657,-2.4094442868713544,0.5077369761698207,0.015771991178450177,8,0.0172378786387273
658,-2.444966343747025,-0.5050037179645667,0.016780356571161417,7,0.0029832953047350926
658,-2.3867086413360985,-1.5141538285848182,0.01655219259315633,10,0.019423802704945228
658,-2.403593431041107,1.4966480855148108,0.01627277452591569,9,0.013401373821848403
658,-2.4122156784222617,0.5006398738218791,0.015569210871723204,9,0.021670029525530234
659,-2.3810228980983084,-1.5110434721119208,0.01640759308412115,11,0.020930973185607323
659,-2.403521044649166,1.4959953248991398,0.01673872971375906,9,0.017422974321072544
659,-2.408585053721087,0.5006976250244005,0.015446174734736293,8,0.020692537051636165
660,-2.378283577177747,-1.5093783555681326,0.01594904449753815,9,0.018370242799659594
660,-2.4047668826302315,1.4986828649915886,0.015846681207051967,10,0.01379471826466691
660,-2.407323192771472,0.4994620853607632,0.01591599269283511,8,0.021123320351778215
661,-2.3780928110454536,-1.5091799266472914,0.016159797296723878,9,0.021973033939705646
661,-2.3995626183124523,1.4989969995563968,0.0163734278104691,9,0.021952046884411835
661,-2.4020381906845607,0.5113399365850145,0.015818333094722907,8,0.004291701333781062
662,-2.4446896265354536,-0.5074215273082093,0.017375766561461038,7,0.0
662,-2.3840886568292725,-1.49031520826041,0.015642708252019615,10,0.00471008530772565
662,-2.3998912106966817,1.4904403680196534,0.016250572745235524,9,0.019352098024375278
662,-2.4011448180506574,0.5117578342092564,0.016452873098906577,8,0.004256375331508259
663,-2.442454930700592,-0.5038695009671514,0.015816008679756216,7,0.0032755866884503506
663,-2.374289467319623,-1.493816309967107,0.016106037307496934,9,0.0
663,-2.396626600391005,1.4939850330862559,0.015536475395871895,9,0.020626385784723644
663,-2.4055053010813756,0.5020088328914547,0.016132497791787225,8,0.01835369474802618
664,-2.3748282998295394,-1.4941541556232991,0.016465048287361728,9,0.0
664,-2.4014374468874693,1.4994072777707903,0.01736920144705785,10,0.021474045418441633
664,-2.4035506867775434,0.5128798600489574,0.016992392023372736,8,0.0035574448742058803
665,-2.4424081232956736,-0.5007725282163453,0.0161996876263908,7,0.002744142719439479
665,-2.3790461001530727,-1.5081596090429308,0.015796782177993865,9,0.022128373492974522
665,-2.3941280584875737,1.5006805830711973,0.016889758351139865,10,0.020305218657274783
665,-2.406415417309671,0.5044368630926832,0.016585157841878695,8,0.021297444680870976
666,-2.4492979052598525,-0.5083796363276658,0.01738375142672019,8,0.005188359565728294
666,-2.3794052705126254,-1.5107806624701585,0.015399626294702163,11,0.023786975993408038
666,-2.3901871112995074,1.4962465969163115,0.016602751750324427,10,0.023197477936295348
666,-2.4008585883466815,0.5068304126386833,0.016755418245465708,7,0.0029963612342558577
667,-2.446385356282557,-0.5052990132788305,0.016341051637033865,7,0.0030320727557685157
667,-2.382719776697163,-1.525054456862775,0.016215781334406515,9,4.430614136290227e-06
667,-2.4015432580271425,1.497320474892323,0.015452158221215095,9,0.016520366124282006
667,-2.40829989020656,0.49966443547741823,0.01592424713939208,8,0.021135344319652364
668,-2.386621116180661,-1.5122521724773326,0.01627264504694835,10,0.01918995643618699
668,-2.406457876851324,1.4956343121183064,0.015964822037286223,11,0.013483287801453732
668,-2.400075384027682,0.5060581369633548,0.015831902399925095,8,0.004358405419658045
669,-2.442022438625256,-0.503780270915313,0.01623884733919112,7,0.003227176980479961
669,-2.383949670209468,-1.518351179522207,0.016367086277567368,9,0.016807292261272897
669,-2.3950208807165696,1.4987015176913598,0.01588479980672785,10,0.021191866695664734
669,-2.4003321050903708,0.5079345686688316,0.01616953383702178,6,0.002414425409505364
670,-2.4434327425203275,-0.5040720717566168,0.015817604142125706,7,0.0032776018022628033
670,-2.3810731834846783,-1.5181892231671834,0.016419659397823045,9,0.017431413510502227
670,-2.401081853311536,1.4970169517266836,0.01577038886426187,9,0.015597954850862919
670,-2.412126584835465,0.49818740626146074,0.016534700262755206,8,0.02209014799522696
671,-2.443569563603494,-0.5022470656052804,0.01619262354099879,7,0.0031666286269911984
671,-2.3818714337285054,-1.510960527758318,0.01608896463880759,10,0.019015617301161962
671,-2.4023182599500887,1.501007463361574,0.016655642834673096,10,0.023542179830877773
671,-2.4108442966276087,0.5030823550382837,0.016144057999335975,8,0.02201547772592963
672,-2.449857757373842,-0.5060159201390473,0.016786690585364725,8,0.002989232332810041
672,-2.378695666541209,-1.5160830177404734,0.015456549814388904,9,0.018465421843387352
672,-2.4014591451939675,1.4966451096734747,0.01614216542562997,9,0.01644172352835909
672,-2.401271862160359,0.5057023427191915,0.015439855234966327,8,0.003987273257572503
673,-2.4424081232956736,-0.5007725282163453,0.0161996876263908,7,0.002744142719439479
673,-2.3827994903904672,-1.5054681920876913,0.01670528471656292,10,0.021103648368399668
673,-2.415554824424892,1.4937426317580338,0.01633365418837505,10,0.0
673,-2.4030873116850855,0.5039894408344432,0.01649632352001408,7,0.01508227967534536
674,-2.4510320044326237,-0.5037788391895978,0.016907199096576366,7,0.0
674,-2.381978950138156,-1.5100300966034874,0.016771630514533994,9,0.021862370159538395
674,-2.39536051102769,1.4956201019728765,0.015513070806434017,9,0.017748632124226324
674,-2.400969389473443,0.5065403770974862,0.01609871787281553,7,0.0038883063116685952
675,-2.4433626673005073,-0.4985003836266001,0.015871292001909613,6,0.004705938937007306
675,-2.3864762811219475,-1.5171216152631837,0.01566564216553914,11,0.013968916313844159
675,-2.3907657004925014,1.4971020716523913,0.01688741324102998,10,0.01849039176504411
675,-2.407564443091843,0.5082589477842208,0.01623040705516647,9,0.014526305286271845
676,-2.3825883115422593,-1.5071763177659427,0.0158204806044801,10,0.020974065298748276
676,-2.3793961495870795,1.496186236837196,0.015596000682666788,10,0.0034942399849448875
676,-2.4000101183829647,0.5030053717994578,0.016025087882342144,8,0.0032137250850513242
677,-2.381263385014042,-1.5258887431012789,0.014820442322355874,9,0.0
677,-2.398371375768516,1.4997538583576084,0.016096201702948818,10,0.01764428175095304
677,-2.4001916506740084,0.49792772775346944,0.016230061980380368,8,0.019038342247740907
678,-2.38724765363522,-1.5068664758409276,0.015745147882658253,10,0.019200035700563136
678,-2.411407601396854,1.4961403825779478,0.016978394383937844,10,0.0025863640594327685
678,-2.4059403296403,0.5058851875291399,0.016081930444535215,9,0.01839328892730662
679,-2.3835507737939525,-1.5061663740654403,0.01618964699586172,11,0.02203747602893294
679,-2.4020401207794526,0.503263974042756,0.01678845706381363,7,0.01721652458114216
680,-2.381448027440737,-1.5155535527771,0.016797018659317715,9,0.01905222225391691
680,-2.415033644578185,1.4936367869041598,0.01685876506228165,10,0.0012857389714896264
680,-2.399217854602278,0.5020323757065039,0.015983100513251584,8,0.019233987448883938
681,-2.381976273336795,-1.5135883254278537,0.016416706783846748,9,0.017871523874092556
681,-2.39740465286073,1.4953389201059193,0.016463786875015245,10,0.02360144019377777
681,-2.399233658600538,0.5101363878584916,0.015515003241711072,8,0.004228300179715831
682,-2.4363052926285333,-0.4974710985779962,0.015461449980308552,6,0.0045092608630729536
682,-2.385576753761618,-1.5234027125639922,0.016501490786772387,9,0.0
682,-2.3982535763465203,1.4958810132660458,0.016266523959711208,9,0.019162584785980857
682,-2.4086229917630346,0.5074925469502463,0.015996950920933433,9,0.021239900576856013
683,-2.440636264310761,-0.501643790863404,0.01618571408993525,7,0.0031602421568746454
683,-2.3845752381506022,-1.5245012316864397,0.016365112799339998,10,0.0022364127208958206
683,-2.4027192251351615,1.4943133980726124,0.016169725286095345,9,0.017046338216879734
683,-2.4014623455493735,0.5106095510695717,0.01576266895343048,8,0.0037450852971387914
684,-2.440453418351109,-0.5003717485264683,0.016193572866281362,7,0.0027407656234387594
684,-2.383772704271291,-1.5224700216061473,0.015478056419612998,9,0.0
684,-2.409668266526281,1.5039075087721328,0.015773023585393137,10,0.003536440796787832
684,-2.397422834729036,0.5109643173759484,0.016180606718116802,8,0.0018300831647403825
685,-2.4416139474068546,-0.5018439716396916,0.016188226606991027,7,0.0031622617392196503
685,-2.385444640485871,-1.5041032532884537,0.015468227109420914,10,0.018106401461218606
685,-2.407949765566931,1.4899751383380435,0.016068151258394656,9,0.02040591781403905
685,-2.3980563588717474,0.507454100983626,0.01614192063982725,9,0.0034721599090710574
686,-2.380604187340172,-1.5107871646850017,0.01639356805768826,9,0.02297125229619726
686,-2.3780794560834315,1.5026466356115062,0.01619012394910788,10,0.0
686,-2.4117450360852657,0.5000624728097184,0.016225211331058413,9,0.022285792869575077
687,-2.385821510190321,-1.5190292815603947,0.016463914289349617,10,0.014127331518806076
687,-2.384928373793469,1.5035448839543861,0.01584672219304938,10,0.019117695768534816
687,-2.4035693499598776,0.5110590473291453,0.015617749380186516,8,0.003943601702683199
688,-2.445389013067876,-0.5044747806751901,0.015821592799498418,7,0.003281016031078055
688,-2.3809043656135462,-1.5077945305133715,0.016033016730067427,9,0.02063934772556192
688,-2.4041182492890942,1.4987871685576761,0.016574329839427117,10,0.021688129411486227
688,-2.400097373774118,0.5054554795445699,0.015637716155020312,7,0.00460062883142801
689,-2.451813915293758,-0.5064193589543122,0.016789943549773964,6,0.002997923933048546
689,-2.3794682025871747,-1.5084264233245208,0.015797573789568295,10,0.021440248388856463
689,-2.401931069385729,1.497546982476776,0.01577678200309173,9,0.015602736290478514
689,-2.399515956026531,0.5120194545182288,0.017110026133226663,8,0.003650533354433017
690,-2.382224418890221,-1.5068397807072986,0.016317622802616776,10,0.02151250357381488
690,-2.408976132467004,0.5010396672902145,0.016754451244013896,8,0.021028174220805253
691,-2.4374567713909006,-0.4972953865933989,0.01590188817773694,6,0.005006495716957267
691,-2.380174782189817,-1.5105049798426569,0.01639226468000934,10,0.020912451284893788
691,-2.4076175330569525,1.4982144612708042,0.01650684189929689,10,0.013602579181630907
691,-2.408585590509316,0.49866020167139635,0.01586490916196975,9,0.02188117330033127
692,-2.381241385087021,-1.5079385272025363,0.01638318480428032,10,0.022121486517192875
692,-2.4032565017884773,1.4966345578263305,0.0171717027804621,10,0.016510422087901013
692,-2.396007370130587,0.5045923826702098,0.017113498927613952,8,0.0
693,-2.4377034000685875,-0.5010405911561523,0.01617839885501111,7,0.003154925947530534
693,-2.3789088474271596,-1.5097054150381841,0.016371015397923367,9,0.02156800609933602
693,-2.3811902051474663,1.4949345693962275,0.017321689885320134,10,0.0
693,-2.412555238097884,0.5004157356999165,0.01652633033396438,9,0.02217810518977303
694,-2.380690356168861,-1.5023159851860122,0.016732596904118907,10,0.019952040653510614
694,-2.40619267490379,1.4960046419616755,0.016136401078560056,10,0.013953877362589427
694,-2.399772708406733,0.5078174585008711,0.015531612892832662,9,0.003985367260615636
695,-2.41436435620004,1.4994894703643764,0.016348955284310043,9,0.0
695,-2.40124522210237,0.5048343229214998,0.01585428525880954,8,0.01892467535466794
696,-2.3809315973226424,-1.5061200751573125,0.016734093891400216,10,0.022337651220486178
696,-2.398146551797707,1.4894193169560836,0.01625215120133129,11,0.026941397555424556
696,-2.4012909451844777,0.5020964224828363,0.016043104645638177,8,0.018155042152376604
697,-2.443965531880887,-0.5023284527123386,0.01581064395955897,7,0.0032345607196386994
697,-2.3841051854507533,-1.511994198480942,0.016308715843966308,10,0.017385952915201314
697,-2.4161876482925955,1.4927304312060599,0.01724781832780984,11,0.002289747360388311
697,-2.398054133236791,0.5098846099244391,0.01623253138760361,8,0.004363644682792339
698,-2.445389013067876,-0.5044747806751901,0.015821592799498418,7,0.003281016031078055
698,-2.380206825970032,-1.518335615885133,0.01585279734117966,9,0.014823468672047166
698,-2.382028749157795,1.4954605858617214,0.017331819208213365,9,0.0
698,-2.4007357531846396,0.5044926011164876,0.016336243617660895,8,0.0029253208058596146
699,-2.4554593599760652,-0.5046918892986157,0.01738224210350647,6,0.0
699,-2.374331285689718,-1.5065613795472856,0.015535468289681666,10,0.021459134710215863
699,-2.3995256297977257,1.496675216920337,0.016279763092430222,9,0.019013752674767837
699,-2.40344392519426,0.4992116855229395,0.01607942519722166,8,0.020091174063023683
700,-2.443965531880887,-0.5023284527123386,0.01581064395955897,7,0.0032345607196386994
700,-2.375366050541177,-1.514814723929129,0.016353408436104486,11,0.027618904858767925
700,-2.4071628052359615,1.4973049100074378,0.015750098398811373,10,0.01486270428297249
700,-2.4018737818436655,0.5032262456172519,0.015672053098525773,8,0.016747313422801852
701,-2.4473412011842797,-0.4999289306285742,0.01582371420446609,7,0.003283020916955745
701,-2.3811318914873887,-1.50949217668873,0.01675548044283186,9,0.021842056061997992
701,-2.398604670936588,1.504365474683897,0.015497537727488079,10,0.02216267054285918
701,-2.3978024021704236,0.5110471083652753,0.015602559036148255,8,0.0025404697458685423
702,-2.443978313136383,-0.5041830847614422,0.016242235581358972,7,0.0032304446481428726
702,-2.3879438155524153,-1.5205206012525723,0.01667163225204481,9,0.0017532038652046881
702,-2.3998088210434316,1.4920060959209112,0.015885878089890774,11,0.017933191681969787
702,-2.402484350221686,0.5072382453562957,0.015885756360980698,7,0.017121673814043933
703,-2.3864147428865525,-1.4906965166870922,0.015262176890501212,10,0.005278569744736858
703,-2.379115759899325,1.5000754905710476,0.017339161881969333,10,0.0
703,-2.407292336498785,0.5021825276284959,0.01597991494440632,9,0.021248922647942543
704,-2.4423886784958695,-0.4983014243453977,0.015865024687990253,6,0.00470335534559806
704,-2.3893681050598894,-1.5216798438023946,0.01737483029869208,9,0.0
704,-2.406860283743417,1.4960761950626977,0.01638115463757201,11,0.020880926372164876
704,-2.401066372902263,0.5111331747470481,0.015811118554152324,8,0.004288237397208514
705,-2.3853938549923654,-1.5019263603336366,0.015603152473520836,10,0.01792600014776051
705,-2.3963111225652893,1.4994965990526348,0.01601116665778308,10,0.024728577828912742
705,-2.4035554405892787,0.5074426673778891,0.01675879057303465,8,0.01770577139380674
706,-2.446923081606187,-0.505409471941438,0.016782644473153894,7,0.0029845444278936493
706,-2.380721336912634,-1.5117185160891333,0.015504252260027714,9,0.019550812929206365
706,-2.401931069385729,1.497546982476776,0.01577678200309173,9,0.015602736290478514
706,-2.400219141444428,0.5054809972253592,0.015514500086710301,8,0.004230607716218157
707,-2.387503275795476,-1.505511204830791,0.016639269483111202,10,0.02096059515913717
707,-2.3958826563767417,1.4992494701133265,0.01683457564198127,10,0.01809750317512571
707,-2.4030032929569276,0.5046564079925502,0.015797133273057578,8,0.019288847003290952
708,-2.4549479303317527,-0.5045821984370427,0.01691013204465237,6,0.0
708,-2.38129128494668,-1.5053055638242185,0.015614731342195121,9,0.017328644387371108
708,-2.3949469623744504,1.4988800592777434,0.01735069675997014,9,0.01736113532325837
708,-2.399935070821016,0.5097076193763275,0.015901623589509657,8,0.002561935928905247
709,-2.381775929429814,-1.5066547085524744,0.016747037454465853,9,0.02235690632590001
709,-2.41178972174979,1.4978884199560893,0.016317305702580335,10,0.0
709,-2.3968246317606847,0.5023371180036977,0.016275875289598795,8,0.0
710,-2.450277019826266,-0.5085812116358446,0.017384507993170803,7,0.005190560685367648
710,-2.3799839833029113,-1.5071442617591715,0.016369631122556454,9,0.022778686571457957
710,-2.3793030327619293,1.4969716203499799,0.0161816033153549,9,0.0
710,-2.4014623455493735,0.5106095510695717,0.01576266895343048,7,0.0037450852971387914
711,-2.4416139474068546,-0.5018439716396916,0.016188226606991027,7,0.0031622617392196503
711,-2.3803601973426662,-1.5088825145692857,0.016310358372136888,9,0.021341255689862212
711,-2.4007117887858764,0.5116661088279555,0.015628965906315396,9,0.0025433520260198655
712,-2.3829352279601177,-1.5251020582979484,0.01643284939252426,9,0.0
712,-2.401153473673817,1.5009971526751684,0.01603346723381657,10,0.017699369788605625
712,-2.3978116147312933,0.5061871654830192,0.01580973188456794,7,0.0024885446086910894
713,-2.452536049275704,-0.5078091933819286,0.016883964507718115,7,0.0017357309358780049
713,-2.3843203547597898,-1.5146442030073322,0.016594454277923092,10,0.01740166120209496
713,-2.3848968130332433,1.5004875583628317,0.01657018898276328,9,0.0
713,-2.410111752728814,0.5002171423267324,0.01615467860209561,9,0.022598033274226343
714,-2.447363718254457,-0.5055005145107423,0.016342709785148738,7,0.0030321239531634595
714,-2.3807132490580596,-1.5092294348603223,0.016749741536697248,9,0.02251770141360005
714,-2.4043709335424763,1.4965245705380883,0.016749171790906934,9,0.01743501617162346
714,-2.4004460527217906,0.5055278904555199,0.016267090217439717,8,0.0036077813654036076
715,-2.4444293018273755,-0.5048949842439875,0.01633837788127178,7,0.003028327026313683
715,-2.384146504888809,-1.502149088564284,0.016784846753714472,10,0.018485651171756195
715,-2.3953311097595056,1.4976337743207695,0.015549264815262481,10,0.023079769765119214
715,-2.404061994345991,0.5044269119711196,0.0162487723651863,7,0.01414992354773822
716,-2.4493197927377715,-0.505905046076039,0.01634536488599535,7,0.003037811745717625
716,-2.3769965333905305,-1.492302449166235,0.017272450885476874,9,0.0
716,-2.3964039179358743,1.497964388135709,0.016252119839808822,9,0.01678256600036501
716,-2.3977624015244734,0.5069066768221914,0.016309376711391786,8,0.005009518031082178
717,-2.3832248215942298,-1.5118984096632764,0.016185191264338428,9,0.020282076772101646
717,-2.4070164933794387,0.501111800547282,0.0163213683802692,9,0.020543593082989052
718,-2.388441247925641,-1.5221048611007835,0.016459996083228918,9,0.0009428084075098638
718,-2.412649552854158,1.4984234496556055,0.01632998940199321,9,0.0
718,-2.408423172932274,0.5011296701981436,0.016165231128156866,7,0.020686116691220596
719,-2.4414950097309727,-0.504288626896983,0.016333929561531065,7,0.00302368383734391
719,-2.3851824057290956,-1.5104261057772808,0.016588488510599478,10,0.021324076604151837
719,-2.3965540480739698,1.5029051248513592,0.016866720891685533,10,0.018256537688946965
719,-2.3961175680337696,0.5070439454271355,0.016123122549970906,8,0.0034664796746431527
720,-2.3790826597631236,-1.511423052634488,0.015980656735541044,9,0.019286197504685833
720,-2.380790839662689,1.5011314971739687,0.01735944172247366,10,0.0
720,-2.3991411736328025,0.5046463252237179,0.015809935758271772,8,0.005167710280852578
721,-2.4523561282128514,-0.5065315659813353,0.016737435628113143,7,0.005983573475284097
721,-2.382224303649613,-1.5110167804920835,0.016082090429718376,9,0.019319736893330774
721,-2.3966284294333136,1.5013172038375022,0.016488748566692614,10,0.02375009801743212
721,-2.407975861087642,0.5005671952043786,0.016243638651715377,8,0.021713611098764806
722,-2.44037638821058,-0.5071313456703873,0.015972293434773348,8,0.017139596684395332
722,-2.3847630175668413,-1.5139729754200042,0.0166137829228328,10,0.022477271646934395
722,-2.3989560258778546,1.4919151377087427,0.01623317929096766,9,0.025673497728069407
722,-2.4007117887858764,0.5116661088279555,0.015628965906315396,8,0.0025433520260198655
723,-2.3828295976460363,-1.5172435101909507,0.016400921973560762,10,0.016344889320119307
723,-2.4046315643220426,1.4958820295492794,0.01645794388982071,9,0.01584912756719127
723,-2.4062819636791897,0.5046781143570725,0.015705791811142056,8,0.019335236315137994
724,-2.45253747885544,-0.5028481381533896,0.016883053194007822,8,0.0017313633619978896
724,-2.3830801648395195,-1.5132984991368656,0.016149301849055834,9,0.01581677329177359
724,-2.411072594176879,1.4975303473724417,0.016528311540182868,9,0.0010325978748879367
724,-2.4064757484816712,0.508060483835205,0.016781816096632582,8,0.01773512547305577
725,-2.440822733915032,-0.5004474823558468,0.015850823127225824,7,0.002794268793038568
725,-2.3741699249556967,-1.5086323701794442,0.016609625022191304,11,0.02719192285491103
725,-2.4065447545127396,1.4941528426375472,0.016089086792824902,11,0.016674911811632935
725,-2.3989082854939277,0.5088489697874697,0.017139794406173803,7,0.0012412675819525251
726,-2.435272872570138,-0.49889988887783926,0.01643997900269112,7,0.006077324091695402
726,-2.385576753761618,-1.5234027125639922,0.016501490786772387,9,0.0
726,-2.3964429706183727,1.4959187012363073,0.01613620393585032,9,0.02038753434692368
726,-2.400196080566857,0.5038541279129527,0.01517404348574033,7,0.004633125881320983
727,-2.380468186669041,-1.5106808088587762,0.016362796407974726,9,0.019547340962457714
727,-2.400382146118044,1.499885328763409,0.01644402139498626,10,0.017880131248332282
727,-2.409316105321958,0.4987333083362892,0.015865249787686844,9,0.021735024433385527
728,-2.438542463554063,-0.503061983919084,0.015808923406597886,7,0.0032666859061852107
728,-2.38114747750888,-1.5094908699050058,0.015816200906759816,9,0.02147950105844406
728,-2.3967285750033285,1.4997799198268367,0.016842832664892924,9,0.018105316825581173
728,-2.406638513401969,0.5094850808153712,0.015999775219002362,8,0.014259771313003437
729,-2.385576753761618,-1.5234027125639922,0.016501490786772387,9,0.0
729,-2.4138703673082333,1.5007254923473412,0.016844695824020445,11,0.0
729,-2.3986552851135796,0.5106206524319985,0.016270248187867195,8,0.0041478326964846865
730,-2.440822733915032,-0.5004474823558468,0.015850823127225824,7,0.002794268793038568
730,-2.38372715711475,-1.5131760509511476,0.01609402803806574,9,0.020497188375580542
730,-2.400438732394074,1.5049062088593177,0.015535963235000576,10,0.01664713831658518
730,-2.4030032929569276,0.5046564079925502,0.015797133273057578,8,0.019288847003290952
731,-2.381491107703077,-1.513418252259423,0.01665955720339148,9,0.02056799450439929
731,-2.3990261093712424,1.4979689769323583,0.016861626442711525,9,0.021596213307573636
731,-2.422890973052173,0.49435737616625103,0.015959524128130703,7,0.002265590518516678
732,-2.4416139474068546,-0.5018439716396916,0.016188226606991027,7,0.0031622617392196503
732,-2.3809796566448886,1.4980254906815162,0.016201147975031336,9,0.0
732,-2.39935322248601,0.5052982058879302,0.016382365577476275,8,0.0038784849393212837
733,-2.440636264310761,-0.501643790863404,0.01618571408993525,7,0.0031602421568746454
733,-2.3689695743934687,-1.4952800074525583,0.016644031978711556,10,0.01034132867406596
733,-2.411892332605361,0.5038664431424971,0.016261469677386804,9,0.0202266530159213
734,-2.37996325422358,-1.5265448380739994,0.015465921857181543,9,0.0
734,-2.381815259974434,1.498552387326202,0.01621362960597255,10,0.0
734,-2.4055371075471665,0.5114750469813468,0.01560768982946017,8,0.0038700569896659466
735,-2.4420100488449905,-0.5019254132414832,0.01580608798737855,7,0.0032300874702745545
735,-2.3835305194240246,-1.5129874338632947,0.016345373206531275,9,0.01823878252238298
735,-2.4057475377588964,1.4998102586696445,0.016253713517430525,10,0.015135217140347242
735,-2.4055567721058755,0.5030367791945404,0.016688140175861545,8,0.018441015520145203
736,-2.440636264310761,-0.501643790863404,0.01618571408993525,7,0.0031602421568746454
736,-2.385560651165342,-1.4912334782889856,0.01501425381609998,10,0.004311089130588414
736,-2.4044412792796117,0.5066560001416502,0.01602473965285136,8,0.017887785518685265
737,-2.3848037829516193,-1.5153595153680957,0.01644017859612834,9,0.01787163751037934
737,-2.3957812131582363,1.500797939745481,0.016267440021755158,10,0.019305379166034996
737,-2.4030375052701674,0.5046604654120171,0.016015150067197243,8,0.01975185299586704
738,-2.383363285841587,-1.5085596386266342,0.01643747529118994,9,0.02085261593860473
738,-2.4132017536059673,1.496159736524973,0.017095890744918536,10,0.003140834321753929
738,-2.406208611764117,0.5031808302710179,0.016793066121113916,8,0.020618707987725728
739,-2.4498557720140837,-0.5010617272043856,0.016785438954623328,8,0.002992385519508278
739,-2.381978950138156,-1.5100300966034874,0.016771630514533994,9,0.021862370159538395
739,-2.3959555291217978,1.5016819395144045,0.016517928190857893,10,0.01853241137290186
739,-2.400732728673626,0.5055896182607359,0.016486582751807064,8,0.004328112832648095
740,-2.381454813258905,-1.5145915892713748,0.01571947915219193,9,0.019503761494609584
740,-2.391248208007316,1.5054753172295952,0.01567522159047498,10,0.01857121810047326
740,-2.399035109806445,0.505232838268105,0.01623545654132133,8,0.004367499364128756
741,-2.439538563536527,-0.5038850782079322,0.016330641844573102,7,0.0030190352075729386
741,-2.3850560449163347,-1.514582086512664,0.016604736315509187,10,0.01897183862446499
741,-2.3949557708746125,1.5003067753430803,0.016267877638931262,10,0.01907416742936022
741,-2.402242256705185,0.5059063388801349,0.015448155213136328,8,0.003984511864475477
742,-2.3823224522528914,-1.5053622201909413,0.01617481248261078,9,0.02239998387668047
742,-2.3969780187073733,1.495835284400659,0.01612107472546792,9,0.017889143724190662
742,-2.400727615851118,0.5104522894409053,0.01598206518592712,8,0.0038213507985976865
743,-2.436316484320938,-0.49911289668886943,0.016376609228221723,7,0.005964723286026306
743,-2.3862824749278615,-1.51399440086018,0.016197163906171708,10,0.018447169144345854
743,-2.3984556924100087,1.4927847114147315,0.01624176004860335,9,0.016738786364602132
743,-2.415039640112103,0.4963044111443171,0.0158012648151861,8,0.021177588568074845
744,-2.437170529921455,-0.49895900750004535,0.016466474371040058,7,0.005756630980662645
744,-2.381241385087021,-1.5079385272025363,0.01638318480428032,9,0.022121486517192875
744,-2.393730776121088,1.506013808177316,0.016273420437062418,10,0.019101789091421094
744,-2.4072695308363152,0.5012430699864211,0.014790733923071465,8,0.018277926309853542
745,-2.440822733915032,-0.5004474823558468,0.015850823127225824,7,0.002794268793038568
745,-2.3858753567501023,-1.5113096707183609,0.016483471031261705,10,0.020330639862936283
745,-2.4070920223118923,1.4788607923076666,0.01624414657087554,11,0.0216373873523417
745,-2.4028769675433272,0.498067071833125,0.016532347659214623,8,0.019815892391543105
746,-2.439538563536527,-0.5038850782079322,0.016330641844573102,7,0.0030190352075729386
746,-2.3833669211147135,-1.513836424663346,0.01626360043849689,10,0.023777555583421074
746,-2.3799533008130256,1.500603494569515,0.01734930055749285,10,0.0
746,-2.3985953813328393,0.5063538281195238,0.01563543129862867,8,0.005306249262529685
747,-2.3829945587355366,-1.511503322488194,0.016067860428511084,10,0.01842960090410858
747,-2.403045335022025,1.4970748234353743,0.016195739757334574,9,0.01842130436441829
747,-2.4005178109213445,0.5104080756404319,0.015729052466842777,7,0.0036757819039941477
748,-2.4402189948346242,-0.5131350262229999,0.016448703932781965,9,0.021408889807512477
748,-2.3821481978598222,-1.506905381281681,0.016758850807664538,10,0.020650598933167945
748,-2.40348844542644,1.5017705138555653,0.016296070907098715,10,0.015234119885210525
748,-2.406430595521503,0.5017148090948471,0.015612664916369135,8,0.018113179444489234
749,-2.3751236753363574,-1.4943400005623153,0.01612103044999097,9,0.0
749,-2.4106071725066274,1.494901477225111,0.01572990743082031,9,0.003696923586566412
749,-2.4071474601058958,0.5033504284040663,0.01669109615586439,8,0.017406363455468924
750,-2.4492979052598525,-0.5083796363276658,0.01738375142672019,8,0.005188359565728294
750,-2.3856381310673607,1.5041876957211242,0.015062903409635509,9,0.003858761295252709
750,-2.4015227333007276,0.5063622739661164,0.016347271425015967,7,0.004243042387317231
751,-2.3794682025871747,-1.5084264233245208,0.015797573789568295,10,0.021440248388856463
751,-2.3770448343049293,1.5052210270273803,0.01734223595600039,10,0.0
751,-2.408734731177946,0.49869636228879144,0.015753502307741776,9,0.020493984169169255
752,-2.4310756234273456,-0.49869420045737156,0.01650715338291644,7,0.00606742058968179
752,-2.3825499829348744,-1.528132215103556,0.0164621544830143,9,0.0019435426582253606
752,-2.3984896766605,0.5099776532744823,0.016259769926655482,8,0.0036072984746654004
753,-2.4466468285297833,-0.5078266592176591,0.017377488740052162,8,0.0
753,-2.371776819805584,-1.4922352812738382,0.01607450047914138,9,0.0
753,-2.3960523444979636,1.4961143713264453,0.01682681710912242,9,0.021410048616087658
753,-2.407042482927895,0.4999651476724941,0.015572274112336307,8,0.019381842492823428
754,-2.384620461451925,-1.5230116712749693,0.015484030142288229,9,0.0
754,-2.3866527569478078,1.499153117426478,0.016675399285459337,9,0.021423774591645604
754,-2.409391148587253,0.5026175516837146,0.01639337156011014,9,0.020977900877827076
755,-2.378391060829402,-1.5109869325646321,0.015801044086315028,9,0.020234303859037375
755,-2.4021758574479968,1.4986070727169611,0.016842276936848317,10,0.01899806418363454
755,-2.3994749901563197,0.5053237235687195,0.016259149509166265,8,0.0036084843720298604
756,-2.386944683125928,-1.5118593524598762,0.016128447955300457,11,0.01690762033212956
756,-2.4033941120192504,1.4948310176795432,0.01635520723468708,9,0.016115528615915465
756,-2.3963079155076334,0.5058701079205729,0.016115149641694936,8,0.003736252727710271
757,-2.3797281410266407,-1.5110838660073855,0.015663993812907402,9,0.018570245122769592
757,-2.4008875358479647,1.4953208714938622,0.016166893505307322,9,0.019870646140511594
757,-2.40619248090836,0.5069907409773157,0.016017268088927887,8,0.01843716270580478
758,-2.382649828850261,-1.5113670668513228,0.016270533729500852,9,0.019397697112582366
758,-2.376203465283341,1.5046879765602201,0.017337512450281083,10,0.0
758,-2.403033842624726,0.5005416780926644,0.016129908557449613,8,0.017491767473216544
759,-2.447363718254457,-0.5055005145107423,0.016342709785148738,7,0.0030321239531634595
759,-2.384927098201454,-1.5164227083402906,0.01662670541688385,10,0.015399172705480427
759,-2.4059960588186518,1.4961005350276242,0.01664697733751671,9,0.015010358023944948
759,-2.3994749901563197,0.5053237235687195,0.016259149509166265,8,0.0036084843720298604
760,-2.4502984989182433,-0.5061069722123033,0.01634667202982733,7,0.0030367973856815834
760,-2.3813186820865884,-1.5063941107344185,0.016747409461537986,10,0.023367514203701346
760,-2.3993833925689563,1.4995454931389627,0.01618350574409969,10,0.018354601454012708
760,-2.4056736354222807,0.5054779241225678,0.015734963178965583,8,0.01783473522028376
761,-2.453969010361965,-0.5043833309069987,0.01690898862510493,6,0.0
761,-2.3839481086928624,-1.5136848166167685,0.01551144193505758,11,0.016427750104435816
761,-2.409741817439497,1.5031013120174475,0.01633320858148399,10,0.0
761,-2.404842324402542,0.5005162728696354,0.015729221001706286,9,0.020754540631375978
762,-2.44315893810443,-0.513749322338404,0.016453692844936786,8,0.021412555328399842
762,-2.3797051421820905,-1.5117949559082076,0.016454087482539743,11,0.029111497754993988
762,-2.410933672078899,1.4973583656496303,0.01631000218883637,9,0.0
762,-2.4054192824911045,0.5002921088999822,0.015590559880931235,8,0.019749401404724636
763,-2.4443283689598845,-0.49869798039537866,0.015874563959929647,6,0.004434019704144796
763,-2.385005223338792,-1.514174917649843,0.01540759861864634,9,0.016453368335617707
763,-2.395809666189958,1.500839024625538,0.016266451815198254,9,0.019077282719667785
763,-2.3994749901563197,0.5053237235687195,0.016259149509166265,8,0.0036084843720298604
764,-2.443569563603494,-0.5022470656052804,0.01619262354099879,7,0.0031666286269911984
764,-2.3833879207223783,-1.5060524178429917,0.01635985541595857,10,0.019574746659629428
764,-2.405640110133853,0.5012413952307314,0.01590714311883499,9,0.020153695814282658
765,-2.4463666058187177,-0.5046746793876242,0.015823870071554898,7,0.0032830398176875125
765,-2.3832182636037706,-1.5039081781016097,0.01675925446145128,9,0.019983133443363162
765,-2.3996923921401514,1.4990140871480264,0.016391221179919743,10,0.019862404865462573
765,-2.404696401409903,0.5033490407520442,0.015008696626890734,9,0.017613635005424597
766,-2.3847264754832107,-1.4923229635811732,0.01639099998379917,10,0.0026271759267306833
766,-2.4046859407962646,0.500141122163346,0.015734014094631935,8,0.019553583913215423
767,-2.4473446944701354,-0.5048782349401089,0.01582524028803281,7,0.0032850586268889153
767,-2.379553636043333,-1.5068699798298928,0.01635960089688869,9,0.022084087608268996
767,-2.393906154795301,1.5029182404428825,0.01741427334596411,10,0.02449138926826504
767,-2.4102151841510655,0.5035825679743683,0.01638839883123569,8,0.022087294951071753
768,-2.4535147651054174,-0.5080121044534878,0.016884743276356598,8,0.001737511512529986
768,-2.3834124637357506,-1.520324281315696,0.016226324969978386,9,0.016502908708047454
768,-2.3778746005835503,1.5057471794210857,0.01735963899266318,9,0.0
768,-2.4004844114828905,0.5031065625885266,0.01455701831049451,8,0.0
769,-2.385407209839131,-1.5109980200003557,0.01631058358062959,10,0.01964683466054487
769,-2.3954375894060114,1.498964414803285,0.015892183152932463,10,0.021045438464352643
769,-2.400969389473443,0.5065403770974862,0.01609871787281553,7,0.0038883063116685952
770,-2.3845458344804795,-1.5124102476548247,0.016060424355166376,11,0.019813736252653147
770,-2.414691892718606,1.4932096392058898,0.016319418313449865,9,0.0
770,-2.408706343599218,0.5083580143729282,0.016732573527708024,9,0.017878101115057943
771,-2.4377034000685875,-0.5010405911561523,0.01617839885501111,7,0.003154925947530534
771,-2.3828363924830396,-1.5170831130157738,0.01562855585197192,9,0.01697682089691844
771,-2.406983339477932,1.4977090392221877,0.01650473039340653,9,0.012398263705515025
771,-2.4077250268367516,0.5086008003538105,0.01633314213197613,8,0.017267284876849177
772,-2.383979392339432,-1.5092278573593183,0.015681785528295043,11,0.019778705710782808
772,-2.4100991753706538,1.504870140629996,0.016835574718915954,9,0.0
772,-2.398384651479278,0.5050945713098939,0.01637221289073355,8,0.003876461403083037
773,-2.439938726010041,-0.49952648285062046,0.016640906359630857,7,0.005959421406507369
773,-2.3788201579640225,-1.511261423302523,0.015810284223525657,9,0.020928651594338203
773,-2.410608508987296,1.5036419303361808,0.016354151962507623,10,0.0
773,-2.399035109806445,0.505232838268105,0.01623545654132133,8,0.004367499364128756
774,-2.4427510385604174,-0.5057823206580216,0.01687299695957891,7,0.0017289388558317104
774,-2.378711316772957,-1.5088328543053493,0.016040707697781757,9,0.02082822241244034
774,-2.4008058574702713,1.5002394375994719,0.01598793149137561,10,0.018268592064777104
774,-2.400807618063325,0.5055792169513114,0.016263328541284598,7,0.0038011609681962008
775,-2.459842781610911,-0.5055910581824198,0.016912881969842086,6,0.0
775,-2.373455249203269,-1.493292611515515,0.01609105698551284,9,0.0
775,-2.406983339477932,1.4977090392221877,0.01650473039340653,10,0.012398263705515025
775,-2.4105712446015413,0.5027446594686081,0.016057726075751247,8,0.022608930276146844
776,-2.4380675676896764,-0.4991432507875725,0.016550465890423097,7,0.005835145834013189
776,-2.379399457434213,-1.4905929737561745,0.016486694700605854,10,0.0
776,-2.414904565717223,0.49846156426356325,0.016120698630496765,8,0.02169370282269211
777,-2.3799679365864597,-1.5088133062114117,0.015457306512324475,10,0.01998129083686533
777,-2.414691892718606,1.4932096392058898,0.016319418313449865,9,0.0
777,-2.399433028163938,0.5081670505520601,0.015481173330752666,7,0.0021631083417021175
778,-2.438542463554063,-0.503061983919084,0.015808923406597886,7,0.0032666859061852107
778,-2.379555707057542,-1.5133563708519429,0.01619423773287821,10,0.020770300719989067
778,-2.4087113816209174,1.505629842451547,0.016328551214670493,10,0.004316315515187322
778,-2.411570619248059,0.4975826275196199,0.016253777134814497,8,0.022251270631636733
779,-2.387497977602486,-1.5190471040947315,0.015887371058316065,10,0.0022752891241180568
779,-2.4026376618019456,1.4970186010320365,0.01649905790362304,9,0.019551454912646173
779,-2.413755471786395,0.49768442808562746,0.0157372450712975,8,0.022226249697723802
780,-2.38731980584061,-1.513796645700196,0.015756346934678412,10,0.012671941464961917
780,-2.403573252551299,1.4954740778690159,0.015957878182742375,9,0.02163636593729171
780,-2.4006914834198425,0.5031494122693309,0.016324158552727865,8,0.0
781,-2.3866724050830994,-1.5192445117227404,0.01660422177058583,10,0.016718795120637234
781,-2.379754292880207,1.5037046187399123,0.016209432285054927,10,0.0
781,-2.397346973909723,0.5048758166325374,0.015973330465849787,8,0.004516609641933748
782,-2.3850581781257514,-1.5128908476910201,0.01589204835760398,9,0.01835752050393066
782,-2.3954238589089716,1.5070788425171848,0.016292816748963938,10,0.01912717426994628
782,-2.399209578372801,0.5064836740881892,0.016149082268108753,7,0.00374223259010227
783,-2.4515577977344214,-0.5076071701347467,0.016882553855808977,8,0.0017373286258728117
783,-2.384583482313037,-1.5132773498209593,0.016200432259214703,9,0.01895586297010334
783,-2.398906513720237,1.4994991056709042,0.016498075155899208,10,0.027255375892532564
783,-2.4105880949150595,0.4973806819187054,0.0162430501798341,8,0.022236632793629404
784,-2.451813915293758,-0.5064193589543122,0.016789943549773964,7,0.002997923933048546
784,-2.3842273306070685,-1.513638164067122,0.015987420156957425,9,0.019400930841577853
784,-2.395605170829148,1.496588801455926,0.015538859585774691,9,0.01699880366329358
784,-2.4061316431412654,0.5007132580150891,0.01598638150161694,8,0.020034694750232805
785,-2.3812675428792334,-1.507946483325183,0.01617296364165976,9,0.022548072141779542
785,-2.4077010969230654,1.4971611481669436,0.016665060315470586,11,0.015026908990915596
785,-2.413062698000867,0.5013206683878743,0.01590775187589902,9,0.022116884935299144
786,-2.438542463554063,-0.503061983919084,0.015808923406597886,7,0.0032666859061852107
786,-2.38114747750888,-1.5094908699050058,0.015816200906759816,11,0.02147950105844406
786,-2.4063234582939894,1.4971899845131518,0.016686451796679855,9,0.012708806884560817
786,-2.412365062798874,0.5041595669670682,0.01657912428916992,9,0.02097845740087927
787,-2.446923081606187,-0.505409471941438,0.016782644473153894,7,0.0029845444278936493
787,-2.381775929429814,-1.5066547085524744,0.016747037454465853,9,0.02235690632590001
787,-2.403080511071855,1.4960779611840875,0.01697203872794656,9,0.017236558244928927
787,-2.4063737126301716,0.5086773508857014,0.0163211861614743,8,0.017319547953281292
788,-2.432851423038798,-0.4988126410672604,0.016639094987153644,7,0.005965252586025797
788,-2.3806106832315788,-1.5302230106488552,0.016230946817531944,9,0.0
788,-2.413333472444174,1.4979994731384623,0.016212249937541494,11,0.010728289346428733
788,-2.404720109252971,0.5047160479153463,0.015628682639378295,8,0.0159901187350619
789,-2.4360153356075456,-0.49823126222996467,0.014801855660995511,6,0.0023581992031883143
789,-2.3849098191278477,-1.5115388154068108,0.01596941069413501,9,0.01936694860840765
789,-2.401205393859299,1.5034380921835175,0.016417590284315386,10,0.020613174611078654
789,-2.400699913269749,0.5116626895678326,0.015847893369884864,9,0.0024945014625954998
790,-2.381657885070321,-1.5133712639041266,0.016609603649650362,9,0.020112501752032445
790,-2.4035521233378763,1.5035223892532048,0.016335573671472012,11,0.022889270003426228
790,-2.40236783118762,0.5108023293839667,0.01629534943390565,8,0.003611755368865724
791,-2.441430716968891,-0.5005726048471941,0.016196640191021655,7,0.0027431675483161194
791,-2.3882290120516014,-1.5220571236995586,0.016245628897437258,9,0.0
791,-2.399912604013923,1.501850962742694,0.016047074687783568,10,0.022371410529232687
791,-2.406085574060224,0.5050505225014772,0.01564675883678365,8,0.02092810033035834
792,-2.4476434018879543,-0.506795276946917,0.016878833465494417,7,0.0017329868554852024
792,-2.3826564698371877,1.4990804797344488,0.016220472552201874,10,0.0
792,-2.411570619248059,0.4975826275196199,0.016253777134814497,8,0.022251270631636733
793,-2.4510286890236292,-0.508738516858219,0.016907176351338267,8,0.0
793,-2.3845534542833717,-1.5135746170158484,0.015726571533230798,9,0.017744902215679814
793,-2.381628376449411,1.5016594983853004,0.017369585375511584,9,0.0
793,-2.3973088237587934,0.5032485060885235,0.01604597490510883,7,0.005153773674987983
794,-2.4463666058187177,-0.5046746793876242,0.015823870071554898,7,0.0032830398176875125
794,-2.382747131313781,-1.5199572983385554,0.015882277521833382,9,0.014865575390663674
794,-2.4007141449141396,1.4990247765841522,0.016875158139651354,9,0.021619145583931056
794,-2.403587338817303,0.5110612319029229,0.016058658449188325,9,0.0039124353405331335
795,-2.442454930700592,-0.5038695009671514,0.015816008679756216,7,0.0032755866884503506
795,-2.3834300664999226,-1.5077044532484232,0.015826966119073953,10,0.019610660373198113
795,-2.3984299310970125,1.5008422876407186,0.01686891127284933,9,0.018119439494845797
795,-2.409845704437129,0.49372216710333694,0.0156214801699673,8,0.022290418696436186
796,-2.3863235216421703,-1.5241000888956528,0.015505396535352997,9,0.0
796,-2.3805886894688926,1.5042323699871516,0.016222161306374494,10,0.0
796,-2.401415667675988,0.505731761868803,0.016276178236196093,8,0.0036103636144893475
797,-2.3856606613273823,-1.5238289363492474,0.014801358710913592,9,0.0
797,-2.400122270536496,1.4938018130516593,0.01627163953969718,9,0.022795634369593205
797,-2.402038125128399,0.5058635539462176,0.015654686999997443,8,0.004602592195675648
798,-2.448869207736781,-0.5051918616069003,0.016251122962882825,7,0.0032398335499927164
798,-2.3821581665296527,-1.5144785489786008,0.01653569365506778,9,0.019611414478459363
798,-2.398842534022299,1.4978566174163999,0.01608109374067516,10,0.024619652731958666
798,-2.4137609063941823,0.4976860496313665,0.015628088975696647,8,0.02221810171444763
799,-2.3825873626605785,-1.5191184529820556,0.01661410231976553,9,0.01588358471859472
799,-2.383301497990435,1.5027147159140406,0.017391717469989448,10,0.0
799,-2.4114007943577045,0.5001350499393737,0.01607339724168297,8,0.023514093458315698
800,-2.4483414523597165,-0.5057018452395885,0.016344682158080808,7,0.003036080210079258
800,-2.382895629646911,-1.516043081456463,0.01671524488406513,11,0.01787858796722361
800,-2.396942878713554,1.495798118365334,0.016129071118296506,9,0.02271578846367702
800,-2.41224204142495,0.4973500988211998,0.015677064724961054,9,0.020974215593476637
801,-2.4463666058187177,-0.5046746793876242,0.015823870071554898,7,0.0032830398176875125
801,-2.3805815447654366,-1.5059278351429206,0.015985752018151427,10,0.02219342084418661
801,-2.3914824613361816,1.4995885986665158,0.015832009833543107,10,0.022410508545724225
801,-2.410167985573568,0.5026430712515193,0.01554078991239513,8,0.022899332990543343
802,-2.4498557720140837,-0.5010617272043856,0.016785438954623328,7,0.002992385519508278
802,-2.3792210737295516,-1.5115024804495443,0.015817747493734186,9,0.017521018872828018
802,-2.3994669124370227,1.5061827954141407,0.015297217022816523,10,0.022466200468957497
802,-2.4045165867368703,0.503915324979372,0.015732203522506663,9,0.0193055015832881
803,-2.383403294361347,-1.528678429562529,0.016475292804382966,9,0.0019325894794455204
803,-2.4041387965403684,0.508225956411356,0.016944446648355378,8,0.0171368379188093
804,-2.4574172601384014,-0.5050905244284419,0.01738448291923938,7,0.0
804,-2.3832137689540316,-1.504339574091098,0.016745326284175993,10,0.021847213048086706
804,-2.3959845951497463,1.5033505878269968,0.015242390940668182,10,0.014716714777921573
804,-2.3982466507607363,0.5062794535229074,0.016134293714545677,8,0.0037416132628167132
805,-2.4435750870554362,-0.5072726240577375,0.016207242875162425,8,0.009844535138281624
805,-2.3846465740376845,-1.51237387722235,0.01670677033788956,10,0.01793570782587897
805,-2.4062910180488615,1.4988597281171532,0.01629815007044483,10,0.012771085163327766
805,-2.3992232600987307,0.5036507743021915,0.015167077180472817,7,0.004628169368482724
806,-2.3803822108522876,-1.5122352599392734,0.015450405517867452,9,0.015309141755648186
806,-2.3984862455563403,1.4967546150802749,0.015842342658219318,10,0.019258977180698935
806,-2.397556003261483,0.5033000601423029,0.01580551165734247,8,0.00515513100483858
807,-2.4490716152597205,-0.5083286563055472,0.01690660096775399,8,0.0
807,-2.384564221148641,-1.5154690548160896,0.016241831203561118,11,0.017564148443408634
807,-2.3959555291217978,1.5016819395144045,0.016517928190857893,10,0.01853241137290186
807,-2.401150516483596,0.5068929158404587,0.016166193474784974,8,0.0037474345429567265
808,-2.3862882140994124,-1.505066706687547,0.017017533522605162,10,0.026070510044221267
808,-2.378481634476777,1.4964504423861662,0.01615473378239717,9,0.0
808,-2.4038596334677633,0.4954464690727214,0.015716757033327127,8,0.0207463353729348
809,-2.450836021169649,-0.5062173306152062,0.016788129330963512,7,0.0029933319880997645
809,-2.385285882924701,-1.5266938269573396,0.01626031663401868,9,0.0
809,-2.4151192772833534,1.4934735844587261,0.01632693657405952,11,0.0074226424540080535
809,-2.4011086509699804,0.5117501843704451,0.016489459848210722,7,0.004274369863768012
810,-2.3850177385816065,-1.512563463105218,0.016662139595757602,9,0.019468441520664657
810,-2.411794715114061,1.4978915209511343,0.01632310030270718,10,0.0
810,-2.4062875426661527,0.5073567024968738,0.016591101051043784,9,0.018839796200062788
811,-2.4544803295121462,-0.5044860252187532,0.017382632483879275,7,0.0
811,-2.383879086214237,-1.490184214196229,0.014996510780812638,10,0.004309918490887224
811,-2.39536051102769,1.4956201019728765,0.015513070806434017,9,0.017748632124226324
811,-2.4089260542343296,0.5054588097646423,0.0159134827838218,9,0.018697856554781112
812,-2.4420100488449905,-0.5019254132414832,0.01580608798737855,7,0.0032300874702745545
812,-2.380732486335438,-1.514696471730071,0.016635817524489567,9,0.019498449119641794
812,-2.393052003077781,1.4933520454935743,0.01649065937443003,11,0.024844509891300985
812,-2.4051052988146573,0.5063085134802507,0.015959761808820132,8,0.018152453108003425
813,-2.450053071916284,-0.5035801763204458,0.016905998608717384,8,0.0
813,-2.4027622263622703,1.4999078349977115,0.015857257802402033,10,0.017102270388587713
813,-2.404415866319158,0.504284926735638,0.015850096468580793,8,0.019657096475296836
814,-2.4494188316723666,-0.5059259055037768,0.016734624370245973,7,0.005977400800504425
814,-2.386976052198808,-1.499813735736452,0.016765411362651306,10,0.020006831808133126
814,-2.3979229301167813,1.4940520802857722,0.016837269511037645,9,0.021552805403642985
814,-2.4066326885587817,0.5051637696440324,0.015434442380761207,8,0.020670101953813167
815,-2.44103293290264,-0.5017253318792301,0.01580302067072724,7,0.0032280513504620986
815,-2.386124976488365,-1.527233079564392,0.016258269666109652,9,0.0
815,-2.396480269775709,1.4963793363635334,0.016830266424601822,9,0.021569559541265902
815,-2.401914857194551,0.499906519685928,0.01569999560989998,7,0.02071770128942719
816,-2.3823224522528914,-1.5053622201909413,0.01617481248261078,9,0.02239998387668047
816,-2.3950208807165696,1.4987015176913598,0.01588479980672785,10,0.021191866695664734
816,-2.4050524635017414,0.49995784814817945,0.016211986908144283,9,0.021675547711347
817,-2.443965531880887,-0.5023284527123386,0.01581064395955897,7,0.0032345607196386994
817,-2.381599053247992,-1.5004314315992893,0.015465580944388161,11,0.016617941725405188
817,-2.40991533376664,1.4999662793625492,0.017474520984438573,10,0.0
817,-2.395024459936957,0.5092395007819819,0.0171129521691371,7,0.0
818,-2.385023308552246,-1.512325800313641,0.01538869169275235,11,0.017342612993214664
818,-2.4042389928259844,1.4976925354606883,0.016516345434407238,10,0.014464868628650752
818,-2.4066466642819186,0.5011024758388334,0.01651565538710925,9,0.021404373236523153
819,-2.3818633354359204,-1.513181406568175,0.01636030499059314,11,0.025099416583649472
819,-2.37861074747577,1.5014417978157144,0.01664956637420489,10,0.0
819,-2.4117994732170045,0.49412490511147567,0.015644235454597036,8,0.022324195013959967
820,-2.383800378843581,-1.5138637079740427,0.016834303585425713,10,0.01978622673238298
820,-2.379754292880207,1.5037046187399123,0.016209432285054927,10,0.0
820,-2.4071150537050547,0.5003867848140665,0.01626281790227597,8,0.020899599263522767
821,-2.4424081232956736,-0.5007725282163453,0.0161996876263908,7,0.002744142719439479
821,-2.386999519348595,-1.509899178606403,0.01577710584897552,10,0.021194204122174723
821,-2.4004354439647564,1.5015702661702168,0.016289403947119717,9,0.022843585105785155
821,-2.4020173114327106,0.5064668052329442,0.01584776217677842,8,0.0043597259010615085
822,-2.4510286890236292,-0.508738516858219,0.016907176351338267,8,0.0
822,-2.41056273903779,1.4937348773299406,0.014851891335243601,10,0.0
822,-2.4066107059457185,0.5019770601692762,0.015307391783466393,8,0.020809771636553915
823,-2.44887901359629,-0.5058139969429089,0.016785425560464053,8,0.0029903167461215185
823,-2.383800378843581,-1.5138637079740427,0.016834303585425713,9,0.01978622673238298
823,-2.4055864661966098,1.4980921924951367,0.016479539220655714,10,0.01852725700027177
823,-2.397275815104006,0.5060745809756222,0.016126019526125607,7,0.003738122680319745
824,-2.3775191271654883,-1.4926301701260039,0.015974173319123288,9,0.0044572820936268345
824,-2.3907657004925014,1.4971020716523913,0.01688741324102998,9,0.01849039176504411
824,-2.3968528031500647,0.505984851764014,0.015582015057703028,8,0.002543486657845862
825,-2.443754808760411,-0.5010491780097825,0.015860462020314756,7,0.0027995650266781553
825,-2.384919105064081,-1.51449563425968,0.01578337289752573,9,0.01662967854875658
825,-2.3912315563383357,1.5038598922216497,0.016927063741796627,10,0.018500216559314914
825,-2.398611889912632,0.5039277292416966,0.016027553742395166,8,0.0050465515594236236
826,-2.384615087513638,-1.5137318665236343,0.01589145013225148,9,0.017836388597262047
826,-2.3993100013201665,1.5008865006391559,0.015825412935140497,10,0.02422102005021133
826,-2.4140588538909737,0.5023976947578885,0.015879821760953285,9,0.021976443644684745
827,-2.4389964599399754,-0.5177651222227385,0.01623133380802822,8,0.02096148974605693
827,-2.3816475293635966,-1.5154123558151509,0.016362150207081025,9,0.019031068962335106
827,-2.3923888645686784,1.4987188276748558,0.016484776263812093,10,0.022138492453019097
827,-2.409174407698795,0.5020426157144425,0.015546462248227477,9,0.02056269151843116
828,-2.4411255409507104,-0.5105314700811228,0.016372757656753893,8,0.018637456648852743
828,-2.3842224999532218,-1.5170047236687223,0.016100391161499687,11,0.013929541378816766
828,-2.3925788944106743,1.49837491720419,0.015295783181702194,10,0.016474165060049135
828,-2.409430644724761,0.49485168604532265,0.016044005505531218,8,0.023477202121848745
829,-2.458396511727588,-0.505292592600402,0.01738516442750304,7,0.0
829,-2.386020116482853,-1.515487439134697,0.016219218878782304,9,0.017615860974393747
829,-2.3977980249368,0.5025390923725641,0.01628159221739915,8,0.0
830,-2.449301363167696,-0.5052810443741127,0.015828683582871393,8,0.003288534551187037
830,-2.3836869696429335,-1.5228840544287685,0.015552925116769423,9,0.0016460811069746897
830,-2.3956326690558187,1.4958640100605967,0.01588053948985136,10,0.017738310408776155
830,-2.4050327531470566,0.5043981106170288,0.01651191054308154,7,0.01509660271624788
831,-2.3827175071174977,-1.5250533646514082,0.01621331664603006,9,0.0
831,-2.3813171130885773,1.5036006673233846,0.017320218768247245,10,0.0
831,-2.4044899290424997,0.5030399278353659,0.016310093892408086,8,0.019608705585777233
832,-2.384984911563248,-1.5141818186419989,0.016477636214829193,10,0.017674083290550684
832,-2.398367507364958,0.5099518057570093,0.0163834426731429,8,0.0038780025237887036
833,-2.437292935182985,-0.4993128545771799,0.016380658021777423,7,0.005969977592151296
833,-2.380422269025237,-1.5138846421941266,0.01613164363964587,9,0.01772624781111586
833,-2.4003173220373917,1.4906889360628144,0.017404178234830234,11,0.023132581705120364
833,-2.407594123667834,0.5010187908049266,0.015143747915725895,7,0.019511728690968566
834,-2.4375639867023713,-0.5028604964647058,0.015807250275173833,7,0.0032664630547325378
834,-2.4027192251351615,1.4943133980726124,0.016169725286095345,9,0.017046338216879734
834,-2.40748364952056,0.5002650840403737,0.016260091927679046,8,0.02200564944578505
835,-2.380365617307364,-1.514461233955774,0.016080241576622495,9,0.01904414603569764
835,-2.3780794560834315,1.5026466356115062,0.01619012394910788,10,0.0
835,-2.4072889082989635,0.5025149166967922,0.016515752327349646,8,0.02177928376261012
836,-2.439712455395733,-0.5131982384328041,0.016355680924978303,8,0.0200503977124026
836,-2.3758333624915764,-1.512407755308158,0.016220959745892632,9,0.020406667504348094
836,-2.4039901876022323,1.4971584288752737,0.01674272250153988,9,0.015272073456762566
836,-2.401066372902263,0.5111331747470481,0.015811118554152324,8,0.004288237397208514
837,-2.443978313136383,-0.5041830847614422,0.016242235581358972,7,0.0032304446481428726
837,-2.38658575132405,-1.523933556389747,0.01687400543498353,10,0.00350197665857322
837,-2.4020566286332055,1.4960720640319836,0.01562052260114424,9,0.014532776236367603
837,-2.4115787855178286,0.5014587080382082,0.014775492708413768,8,0.02012562941024126
838,-2.383627904319233,-1.5210836413428048,0.01650244739877897,9,0.014548292039169528
838,-2.4051121227666075,1.495955647766775,0.015595774843167492,9,0.014277772065285431
838,-2.4041964938251588,0.5032415343491496,0.01593495795385458,7,0.015669800127652705
839,-2.440822733915032,-0.5004474823558468,0.015850823127225824,7,0.002794268793038568
839,-2.3765068732038004,-1.4952122407020274,0.016480255748442998,11,0.0
839,-2.4047742429803205,1.495433144736775,0.016096061189654058,9,0.01847614223838372
839,-2.4091347904293077,0.5008030118682587,0.015217837375952448,9,0.020331677239045092
840,-2.4412891067400277,-0.5064153073161347,0.016531842343451886,8,0.008303716330247029
840,-2.38418955516374,-1.506485405435754,0.016520985905628383,11,0.018719030424761248
840,-2.398674181277897,1.4961450594701693,0.01626994543282587,9,0.019002604585612686
840,-2.407042482927895,0.4999651476724941,0.015572274112336307,8,0.019381842492823428
841,-2.443000788445782,-0.5039829810306254,0.01623990110037858,7,0.003229192037873491
841,-2.3847819179228247,-1.5169793019970954,0.01586958990682214,10,0.014047873596204657
841,-2.404661877822544,1.4958135055340658,0.015268242778986857,10,0.015481978816184142
841,-2.4098683126291056,0.5028772819624241,0.016138132008238222,8,0.02200632954048009
842,-2.3809351652963353,-1.5118236769689626,0.01602867150531429,9,0.01855989806375689
842,-2.4019234601682555,1.5026123813288048,0.016154249460365016,10,0.024458569268264643
842,-2.4114471136625593,0.4996293677600279,0.01553351417676271,9,0.021373832589897696
843,-2.3794682025871747,-1.5084264233245208,0.015797573789568295,9,0.021440248388856463
843,-2.399681463599705,1.4964427786867651,0.015561761161308488,11,0.021644058014187433
843,-2.40249032079498,0.5045492228844392,0.01556902418315736,8,0.019720185203299857
844,-2.4535013785352255,-0.5042872087555951,0.017381512634179728,6,0.0
844,-2.381658446322447,-1.5276338645669487,0.015481057722639089,9,0.0
844,-2.3963206215610184,1.4954437501332527,0.016484292178424217,10,0.01853395692678786
844,-2.4037531205829676,0.5075323255542945,0.016328892153810552,8,0.017851650285288748
845,-2.4416139474068546,-0.5018439716396916,0.016188226606991027,7,0.0031622617392196503
845,-2.3772931713623904,-1.504879822237918,0.016256123595736697,9,0.020059551144252338
845,-2.395124140208389,1.4971538508172624,0.01645063349700425,10,0.020106774020024674
845,-2.402996618554302,0.5003021239065805,0.01595991402375668,8,0.018165760028401357
846,-2.4384348522357424,-0.5126163608254514,0.01608537566107436,9,0.02069867900095483
846,-2.3788452761088106,-1.511268771449473,0.016744807113322532,10,0.022341403350323114
846,-2.3983457581774115,1.4943142651163133,0.01589274626833659,10,0.021385728804420776
846,-2.405308058981598,0.4996036471843547,0.015691299163556265,8,0.01931119708535633
847,-2.3845733554058306,-1.5137133132433185,0.01610493053288828,9,0.02051262149439174
847,-2.4114610493623263,1.504172722635264,0.016358653352772073,10,0.0
847,-2.401871940986853,0.49836400245316176,0.015666599890499962,8,0.016745315609944602
848,-2.4517456570304645,-0.5088850946951242,0.016912879936170213,8,0.005177196341975318
848,-2.3828897804646147,-1.5090719606566023,0.016622460424228304,9,0.02092045844978838
848,-2.3988769316946654,1.5023152655014351,0.01616278494680036,9,0.016778247186272577
848,-2.3987255899687705,0.505165341211971,0.016485839612136653,8,0.004888861456695517
849,-2.38234214885425,-1.5053879430942854,0.016083846036033782,9,0.01816943348318068
849,-2.4053325760978126,1.4959228734692427,0.015931430097663853,9,0.01567848825056984
849,-2.4018737818436655,0.5032262456172519,0.015672053098525773,8,0.016747313422801852
850,-2.452792114126616,-0.5016629660493509,0.01678914743515529,8,0.0029936327431611936
850,-2.385246515946348,-1.5119151480329134,0.01652574932933178,9,0.02011805908480584
850,-2.3826564698371877,1.4990804797344488,0.016220472552201874,9,0.0
850,-2.4046818348685046,0.5040850576677215,0.016466474297755853,9,0.016815295588708912
851,-2.3823740837588776,-1.516900703280431,0.015918789265600676,9,0.01707890939635799
851,-2.3795090377526007,1.4938798202528678,0.015420413821629892,10,0.0
851,-2.4075583035185235,0.5023161924279945,0.016336187211178854,7,0.01886779678255553
852,-2.3803898860022468,-1.517163207256986,0.01547671048210677,9,0.018492520325808164
852,-2.396893044889712,1.5015022193796077,0.016448881172909765,10,0.018954169459365282
852,-2.3982466507607363,0.5062794535229074,0.016134293714545677,8,0.0037416132628167132
853,-2.381284624639271,-1.5087673282091902,0.01574059740757448,10,0.0199860557203313
853,-2.3826564698371877,1.4990804797344488,0.016220472552201874,9,0.0
853,-2.4064249877182458,0.5065880372193552,0.015619479442306253,8,0.018127437278217542
854,-2.4527926538255946,-0.5066227307041783,0.016790530535271922,8,0.002995376323395072
854,-2.378919743699857,-1.5097175697240606,0.016373992004277395,9,0.022936627217717692
854,-2.41278932475686,1.495340930527102,0.016552508427219465,10,0.0019231635167759678
854,-2.398690479112806,0.5089237360808194,0.016420956453607253,8,0.0031255688505704656
855,-2.3792493064260762,-1.5115370985301082,0.015820207075986137,10,0.021623552431516813
855,-2.3809796566448886,1.4980254906815162,0.016201147975031336,11,0.0
855,-2.4095905248311453,0.5025407539378454,0.016042487974505942,8,0.02258932235170059
856,-2.439538563536527,-0.5038850782079322,0.016330641844573102,7,0.0030190352075729386
856,-2.3780179104147323,-1.4897308422431326,0.016120566168456713,10,0.0
856,-2.414699995699143,1.4932146509468427,0.016328810927151098,10,0.0
856,-2.413230784867911,0.4984305834695397,0.016057605939559242,8,0.02026408901704383
857,-2.3751236753363574,-1.4943400005623153,0.01612103044999097,9,0.0
857,-2.3826564698371877,1.4990804797344488,0.016220472552201874,10,0.0
857,-2.4030032929569276,0.5046564079925502,0.015797133273057578,7,0.019288847003290952
858,-2.4544803295121462,-0.5044860252187532,0.017382632483879275,7,0.0
858,-2.3798823515684857,-1.5111880621349678,0.015488946054417523,9,0.019520668426777722
858,-2.380790839662689,1.5011314971739687,0.01735944172247366,10,0.0
858,-2.4128137530330958,0.49852900258254884,0.016183418863812065,9,0.021199875886610462
859,-2.38643092736571,-1.5239487191714647,0.01651467943677684,9,0.0
859,-2.3811902051474663,1.4949345693962275,0.017321689885320134,9,0.0
859,-2.4008150259379426,0.5043891320256614,0.015947547830428878,8,0.005251003919738274
860,-2.44887901359629,-0.5058139969429089,0.016785425560464053,7,0.0029903167461215185
860,-2.3845371359927636,-1.517249717587116,0.016483225347930643,9,0.018084065519883216
860,-2.413844779652093,1.4926831821560191,0.016321370967234315,10,0.0
860,-2.4030992808489358,0.5073048076831126,0.016464765836049538,8,0.004256819573967061
861,-2.443978313136383,-0.5041830847614422,0.016242235581358972,7,0.0032304446481428726
861,-2.3844258517892847,-1.5261470415671172,0.016241066872277443,10,0.0
861,-2.396984292870745,1.4950893713816797,0.01625781015565342,9,0.018997417706315273
861,-2.402690575681293,0.5108707556342034,0.01597587498765532,8,0.00378687510033532
862,-2.3799737908247405,-1.5096309400218035,0.016058078640814606,9,0.02017160613815897
862,-2.4026501355949734,1.4965404415980845,0.01564530326485605,10,0.01839179883084723
862,-2.3980895570606964,0.5092423679310918,0.016057260836194787,8,0.0024496978613525733
863,-2.453496967393111,-0.5092508137706421,0.01738182241973743,7,0.0
863,-2.379993714172804,-1.5071354224410716,0.016161244946837634,9,0.02183088051095005
863,-2.384990285169257,1.5005475832307968,0.015475419438698056,9,0.0
863,-2.4040744925098987,0.5087990287498971,0.01598257936753606,7,0.01688679245273331
864,-2.444546729587655,-0.5024469625963085,0.016195591201543156,7,0.0031672644402359357
864,-2.3826873377698456,-1.50563368757402,0.01638151648619685,10,0.022978705144801544
864,-2.406158267139479,1.495547488977098,0.01541792456007686,10,0.015554946294928344
864,-2.399738935898129,0.5114599819791792,0.015622843626989806,8,0.002540117799227014
865,-2.4333841119042883,-0.4968741301417264,0.015440966665361128,6,0.0045000086194568805
865,-2.3778329237879463,-1.4928271136425826,0.01728499136295834,8,0.0
865,-2.394424145742696,1.4958108552649756,0.016070314490221525,11,0.028317085540574036
865,-2.4096797263881546,0.5030744534703513,0.016174627876181628,9,0.020689152968826327
866,-2.3819158792147195,-1.5148823359846124,0.015839220918342608,9,0.018531433337171468
866,-2.4027389284212752,1.497402983849302,0.01609461666406975,10,0.018292269000285296
866,-2.4004771592068983,0.507966716326597,0.01456253025747386,8,0.0
867,-2.450836021169649,-0.5062173306152062,0.016788129330963512,7,0.0029933319880997645
867,-2.3816652654550166,-1.5141124454161428,0.016145162083200174,9,0.019053269943240685
867,-2.3811365369252653,1.5045809891036102,0.01656777294382632,10,0.0
867,-2.39902057004703,0.5100902280016735,0.016074841597612192,7,0.0
868,-2.4493197927377715,-0.505905046076039,0.01634536488599535,8,0.003037811745717625
868,-2.3818507762795047,-1.5166575773133846,0.01574601735712629,9,0.016945358320136245
868,-2.404208334851099,1.4969439543387317,0.01638567455238561,11,0.019138440554185662
868,-2.397931267037839,0.507964430510817,0.016520082316202948,8,0.0009419670643838682
869,-2.385481155971081,-1.523560235133527,0.015504090593623752,9,0.0
869,-2.3986084376325274,1.4908296908206298,0.015864171049121786,9,0.02407715590911873
869,-2.4062824147525728,0.5012891019595728,0.01558087321017549,9,0.01936776985282462
870,-2.4578848103716884,-0.505186664445175,0.01691204926949276,6,0.0
870,-2.385473908334691,-1.5215607346144084,0.01601845541472608,10,0.005113987161472738
870,-2.400023744039943,1.4977616619379481,0.016148939628068126,10,0.01849290035290486
870,-2.403121892535506,0.5039778551278885,0.016547763188276877,7,0.015104686352573091
871,-2.4313452299307023,-0.5248697714015679,0.017594282502018988,8,0.0
871,-2.3783588663454642,-1.4931574137069714,0.015982785747582454,9,0.004458349489953208
871,-2.413521005410554,1.498967003683393,0.016356276544664754,10,0.0
871,-2.4103814849335516,0.4989306869870589,0.015445878192631168,8,0.01868843144723682
872,-2.442988284324829,-0.5021271503777267,0.01580819257144118,7,0.0032316855827931442
872,-2.385481155971081,-1.523560235133527,0.015504090593623752,9,0.0
872,-2.39724175291926,1.4984909178828372,0.016268756373662166,9,0.01679513187432323
872,-2.403518278004317,0.5028351020579636,0.016302066169315035,8,0.01960271650745577
873,-2.438542463554063,-0.503061983919084,0.015808923406597886,7,0.0032666859061852107
873,-2.383403294361347,-1.528678429562529,0.016475292804382966,9,0.0019325894794455204
873,-2.4093495410900405,1.498965608831364,0.01634500898311268,9,0.0
873,-2.4014006568792348,0.506945082430923,0.016210554306999782,7,0.003894515868801341
874,-2.384544775988109,-1.511572890209078,0.01664648346768955,9,0.020207288598949515
874,-2.396903347257158,1.4998483126568407,0.016286486076334435,10,0.02312109022194515
874,-2.4040031980719307,0.504485454301581,0.016041786876008535,8,0.016660823724609985
875,-2.445686385891958,-0.5063912144649123,0.016876266347925863,7,0.0017312517192103975
875,-2.385977746584053,-1.5051619840830937,0.01618056715323768,9,0.018105948820496515
875,-2.39759561309407,1.5007402460623191,0.0162548748732915,10,0.022602559902727404
875,-2.404898139956835,0.5072408533527318,0.016549244182257967,8,0.018187675167944173
876,-2.4414762699923376,-0.5036673851862951,0.015814418438986528,7,0.0032746737973928667
876,-2.3845018401378306,-1.51115619069504,0.016679559869898924,10,0.02036772250447991
876,-2.3943913937635304,1.4973212025202696,0.016616995960625974,9,0.019230304013450602
876,-2.4041171697944526,0.5077621878023147,0.01652762453470776,7,0.004407844432865298
877,-2.4603543057029746,-0.5056950453670712,0.017386218056445406,6,0.0
877,-2.375322846808027,-1.4912522934053902,0.017248446011494452,9,0.0
877,-2.40903844142239,1.5036466192449494,0.016351864479041047,10,0.012838737732319645
877,-2.403245309526562,0.5119624903887283,0.016409702997566323,9,0.004283989931335899
878,-2.4360548627858347,-0.49946908287295294,0.016391303049968668,7,0.005997951196819465
878,-2.3863561551265535,-1.5135704084912829,0.01604165306197578,10,0.01546059329962746
878,-2.3990478863082423,1.4936026704076175,0.015178771305885647,9,0.01663209325559389
878,-2.3997230424451885,0.5053758728359968,0.016015279765751983,8,0.0039023403343429316
879,-2.4006951593106782,1.4917411206060904,0.01632785849692294,11,0.027764707240538894
879,-2.40305106190708,0.5045656358159,0.01609436071728161,8,0.019798261460619207
880,-2.3810412852766887,-1.509856168932284,0.015671031557434958,9,0.01800430716146931
880,-2.4015657096543768,1.4973785813073854,0.016044013947094284,9,0.016191317191727072
880,-2.40329060049036,0.5046147220685083,0.01620191404133943,8,0.019594977728046244
881,-2.379555595626033,-1.5093686077836295,0.016051808402073875,9,0.020845863336299973
881,-2.397246341748083,1.4984784937867914,0.017423115400491046,10,0.01949185656077903
881,-2.4096380366888157,0.5033932978053454,0.016294006733211932,9,0.021061936266187915
882,-2.440453418351109,-0.5003717485264683,0.016193572866281362,7,0.0027407656234387594
882,-2.3787089350395205,-1.5135279487537572,0.015621796411425786,11,0.025625046329782943
882,-2.3967285750033285,1.4997799198268367,0.016842832664892924,10,0.018105316825581173
882,-2.4101577001822725,0.5033305034632481,0.016365956822245804,9,0.020542914188788515
883,-2.4414762699923376,-0.5036673851862951,0.015814418438986528,7,0.0032746737973928667
883,-2.3798857777035423,-1.5157668019237078,0.015845738979630337,9,0.019700894067540792
883,-2.393344699148815,1.4938887981817732,0.015890388158636595,10,0.02358153277859919
883,-2.4016099240536657,0.5112483683808506,0.016250959566534044,8,0.004102838360027551
884,-2.384429500134282,-1.5261493770155248,0.016245337067506454,9,0.0
884,-2.3996266969291606,0.5102184329421581,0.016106522992715516,8,0.0040608676667392195
885,-2.442022438625256,-0.503780270915313,0.01623884733919112,7,0.003227176980479961
885,-2.3838572407383865,-1.4998833762063353,0.016078635466601526,10,0.018773226128292353
885,-2.4010293040247666,0.511125330820749,0.015848621488871433,8,0.004360372043137345
886,-2.382725349159003,-1.5206713886980385,0.016267677565422467,10,0.014071368619716928
886,-2.3945216554769413,1.495940359798354,0.01605533290104741,8,0.019022562825165217
886,-2.402366045723924,0.5120193998963048,0.01647563237827392,8,0.005016533147837305
887,-2.4446162822333815,-0.5150345363325437,0.017252769021551716,8,0.02190008457832206
887,-2.3875810703662017,-1.52120554193225,0.017290003264669125,10,0.0
887,-2.3948581799927386,1.50184189159831,0.01684602891103846,10,0.018239372884433894
887,-2.3997730159461232,0.5072095934243411,0.01686947756956322,8,0.003854457546178738
888,-2.448869207736781,-0.5051918616069003,0.016251122962882825,8,0.0032398335499927164
888,-2.379043646306254,-1.510659401810378,0.015480657354384093,9,0.020879745313566116
888,-2.3822194921014117,1.492359783623573,0.016164101783756834,11,0.0
888,-2.4043336004930467,0.5032706179413847,0.015978969751730153,7,0.01604334106229636
889,-2.4323264878349486,-0.5250772635057647,0.01759675531051889,8,0.0
889,-2.383619978719601,-1.5198116848952377,0.016454018032474694,9,0.017475626495712864
889,-2.3970722905774515,1.5020543023732293,0.016671208467905367,10,0.018333521770858025
889,-2.40841920676848,0.49696385418744227,0.015572963391326921,8,0.022556216434696075
890,-2.3867445882814264,-1.5114112556296346,0.016167223602993094,10,0.017797157532863886
890,-2.4013441337670014,1.4960150143095152,0.016179500445754388,9,0.01840518944094692
890,-2.4109405413280602,0.5019340322076161,0.016352002296204166,9,0.020569634792798584
891,-2.435201082624625,-0.4992951616602708,0.01626498597011823,7,0.00590371376487678
891,-2.385463720857506,-1.5098316423230167,0.016037752340206154,9,0.01730979594401695
891,-2.4048776795766735,1.4994133125997406,0.016012795130591746,11,0.013962009400849549
891,-2.4054522006873222,0.506382675135126,0.015609322374725409,8,0.01811505843669434
892,-2.4564532672462125,-0.5036535709895503,0.01688680127042394,7,0.0017379797162381666
892,-2.382532670959059,-1.5125603575401463,0.015968534666822843,9,0.019375765682553288
892,-2.4008717733619798,1.4973322276203431,0.01619651506702829,9,0.016869122084177554
892,-2.4063830113439506,0.5031886094679126,0.0159095719761828,8,0.017149825429520555
893,-2.4425917603760112,-0.5020456347092546,0.01619072218268967,7,0.0031637518938556976
893,-2.3809315973226424,-1.5061200751573125,0.016734093891400216,9,0.022337651220486178
893,-2.393776704322807,1.4979295734108584,0.01681158985990727,10,0.018222371032118965
893,-2.4140633647420486,0.49858032963309706,0.014631174507171187,9,0.02072117334571687
894,-2.3790511538975205,-1.4871672862523873,0.017257636437040702,10,0.0
894,-2.3965583812966322,1.4996679274701734,0.016067523204907844,10,0.021125696864511136
894,-2.4061933829209217,0.5050738388734793,0.01567840517577922,8,0.02045506423625312
895,-2.432543606718111,-0.5163477747093574,0.01610662391152513,8,0.02068756731449941
895,-2.3837157565178,-1.503895860835084,0.015656973726847635,10,0.019796946647573713
895,-2.3972167345604927,1.4984577760715854,0.016271766136804405,10,0.022452243837596458
895,-2.3997084021871795,0.5102357294884646,0.016023839922264062,7,0.0039059523769668725
896,-2.4390778855162654,-0.501323524551258,0.01579804423184075,7,0.003223407217783102
896,-2.3812437314642425,-1.507892334214808,0.016493795222259577,9,0.020182357161109943
896,-2.406980519569011,1.4955056314783015,0.016528079886237612,10,0.01979313381766133
896,-2.4012909451844777,0.5020964224828363,0.016043104645638177,8,0.018155042152376604
897,-2.375322846808027,-1.4912522934053902,0.017248446011494452,10,0.0
897,-2.381815259974434,1.498552387326202,0.01621362960597255,9,0.0
897,-2.3981158642917726,0.5074668361070165,0.015177042694527553,9,0.0031469099565477245
898,-2.442022438625256,-0.503780270915313,0.01623884733919112,7,0.003227176980479961
898,-2.3822671151767443,-1.5061169186961945,0.01641006587611931,10,0.02068126181222129
898,-2.395809666189958,1.500839024625538,0.016266451815198254,9,0.019077282719667785
898,-2.4065306068324186,0.5088207234592553,0.016473051106167393,8,0.015664885636362688
899,-2.384135875361856,-1.5091994605323305,0.01602196679859005,11,0.02009869517913643
899,-2.3799533008130256,1.500603494569515,0.01734930055749285,9,0.0
899,-2.4088520638141193,0.5067389689025252,0.016440599455241546,8,0.020063243121644203
900,-2.3829575351971957,-1.513703730509303,0.016248168723611296,10,0.016002167306422465
900,-2.394508155227821,1.4999856991054477,0.01645915424292261,10,0.023885325606611038
900,-2.404954530460463,0.5001963772634122,0.01581197192815058,8,0.019308061363559722
901,-2.455727774096414,-0.5022622464980391,0.016793911911975833,7,0.0030013927490533557
901,-2.378711316772957,-1.5088328543053493,0.016040707697781757,9,0.02082822241244034
901,-2.3780794560834315,1.5026466356115062,0.01619012394910788,10,0.0
901,-2.402553717190568,0.5040859292361006,0.016011715784810802,7,0.014262232555313135
902,-2.384124002932411,-1.5179480793661397,0.016446030954134272,9,0.014109563418948154
902,-2.3984556924100087,1.4927847114147315,0.01624176004860335,10,0.016738786364602132
902,-2.3968407699280654,0.5071967816822985,0.016372196891130317,9,0.003075464384036722
903,-2.3828032127036285,-1.5167212352923556,0.016210971801746393,9,0.016657289601354902
903,-2.3907657004925014,1.4971020716523913,0.01688741324102998,9,0.01849039176504411
903,-2.4084505713916293,0.49465078451019256,0.016033973034193214,8,0.023464325314479992
904,-2.45377063789832,-0.5018640004469769,0.016790325939171607,6,0.002999290224431075
904,-2.3849504737266876,-1.5125292002195088,0.01631539966704877,10,0.017396587871920062
904,-2.39536051102769,1.4956201019728765,0.015513070806434017,9,0.017748632124226324
904,-2.3959871942131388,0.5094457169041839,0.017128192421265453,8,0.0
905,-2.4420100488449905,-0.5019254132414832,0.01580608798737855,7,0.0032300874702745545
905,-2.3835570587048793,-1.517187331841411,0.016434273895915,11,0.016182678484645715
905,-2.3943408691034875,1.503129087306247,0.017422084914484715,10,0.019467823478175755
905,-2.3985066798275434,0.5051201284853101,0.01624873587560613,8,0.0036045628917289485
906,-2.4420100488449905,-0.5019254132414832,0.01580608798737855,7,0.0032300874702745545
906,-2.3778258862074315,-1.5072760281541324,0.016278662564817994,9,0.02129397536781827
906,-2.4052463256056464,1.4996562992708384,0.016416342782890097,10,0.01820983755294416
906,-2.4066166967141163,0.5013380507769755,0.016327521159660578,9,0.02066890314527672
907,-2.3789088474271596,-1.5097054150381841,0.016371015397923367,9,0.02156800609933602
907,-2.405172196099111,0.4964467454083021,0.01649152737122307,8,0.022022512291682103
908,-2.382634538038957,-1.5149078869849522,0.016316046064662807,9,0.01833392178948128
908,-2.405846187104351,1.4956110850347124,0.016301778794752524,9,0.014873446148676969
908,-2.3986887462568833,0.5060799109323519,0.016277759945898182,7,0.004135648433765779
909,-2.441772676753882,-0.5055819741797323,0.01687180757533569,7,0.0017280160893166294
909,-2.3864098607846556,-1.5105778276823634,0.016521674010859844,9,0.018761492946412484
909,-2.3978580063625383,1.4956344908942876,0.0167315111509381,9,0.017611593617391057
909,-2.39593134710318,0.5060332450172429,0.016344793874563262,8,0.004520454526143525
910,-2.3819919829688923,-1.5194161208149601,0.016277157196608317,9,0.015627053610396947
910,-2.394343982535364,1.5031442829738435,0.01627213795580775,10,0.01684418782096946
910,-2.3991041336300936,0.5046378463663385,0.01628487524425072,8,0.0044743512699201345
911,-2.434582641447373,-0.4991682622634108,0.0159304441781109,7,0.006109445724281945
911,-2.380713016762406,-1.5092259130908798,0.016758893976491662,9,0.021153504205505845
911,-2.3986432966969864,1.4998122905680145,0.016045721293412144,10,0.018775753904580653
911,-2.39945983006827,0.5101829543652636,0.01626832415094524,8,0.0036101845057109738
912,-2.434501962850863,-0.5167566412617819,0.016106471369194787,8,0.0206898832219635
912,-2.382478895502918,-1.5055004591335068,0.01713402840337496,10,0.021884522520182588
912,-2.3954375894060114,1.498964414803285,0.015892183152932463,10,0.021045438464352643
912,-2.393999094878588,0.5017455216180112,0.015370882262048094,8,0.003560670696468589
913,-2.43017009260959,-0.4982638767089658,0.016380579295937236,7,0.005769194100789483
913,-2.4010072495622516,1.4991934096571207,0.016199658032432014,10,0.01935957050412221
913,-2.3980563588717474,0.507454100983626,0.01614192063982725,9,0.0034721599090710574
914,-2.383574577755842,-1.5256008703422483,0.016230120831083775,9,0.0
914,-2.4010461804584953,1.4955391221422971,0.016738215658691352,9,0.01958068065242002
914,-2.4089238837572715,0.5059373229549344,0.016408316982472918,8,0.020142122043883316
915,-2.3777764261668324,-1.5098525265341929,0.015463239814926404,9,0.02016597290686602
915,-2.4042604151499387,1.489711740209916,0.016561096962908615,11,0.02452613167746511
915,-2.406575329622529,0.49924843354177995,0.016163297346156187,9,0.022255630879452582
916,-2.447363718254457,-0.5055005145107423,0.016342709785148738,7,0.0030321239531634595
916,-2.385481155971081,-1.523560235133527,0.015504090593623752,10,0.0
916,-2.3763974109229373,1.5015853518322835,0.016179121786643134,10,0.0
916,-2.3953374174136304,0.5056653076828908,0.016106640444873494,8,0.0037371183881872586
917,-2.384487002132574,-1.5156020947090418,0.01639062996129945,9,0.01863843040116251
917,-2.3991744102039805,1.497231791372966,0.016140208702532684,10,0.01848379270303243
917,-2.4011707185319886,0.5020972494516777,0.016216843215722955,7,0.01703996726333458
918,-2.446923081606187,-0.505409471941438,0.016782644473153894,7,0.0029845444278936493
918,-2.3878814545418994,-1.4979256590618528,0.015493612394626075,10,0.016665545343732505
918,-2.406152238317314,1.4982402620118398,0.016299855590544858,9,0.013427253874676326
918,-2.3944174011612476,0.5058742100341708,0.015838903307055546,8,0.004993882198534024
919,-2.387563892339473,-1.5183780270302292,0.015476357867407965,10,0.0
919,-2.401385199690115,1.4946792283045198,0.016358152987256094,9,0.017763087338058575
919,-2.398302693700152,0.5099374708390472,0.01599051310306956,8,0.004515604842194779
920,-2.459842781610911,-0.5055910581824198,0.016912881969842086,7,0.0
920,-2.3791746525695885,-1.5130211883064708,0.016255443030361336,9,0.020189612632891537
920,-2.3972621022034413,1.4952647634126173,0.016427094736909367,9,0.018950960624568518
920,-2.4063987655063115,0.5007098722989942,0.01575780404147097,8,0.020287946469334222
921,-2.464269981216242,-0.5065015028927341,0.017389264423368352,7,0.0
921,-2.3851204293658186,-1.5048175161607371,0.016433846552178635,10,0.021538180000770412
921,-2.413844779652093,1.4926831821560191,0.016321370967234315,10,0.0
921,-2.4103663102202333,0.5036320185160245,0.01614485305482564,9,0.016370791594396736
922,-2.4345888985924384,-0.4991703681083429,0.016174336223250315,7,0.002731725904085797
922,-2.384620461451925,-1.5230116712749693,0.015484030142288229,9,0.0
922,-2.397339847008908,1.5041755174437776,0.01677317804368755,10,0.02161014713761593
922,-2.3979926289907154,0.5080046564730949,0.016797228893057035,7,0.0024767794297643367
923,-2.445686385891958,-0.5063912144649123,0.016876266347925863,7,0.0017312517192103975
923,-2.378870075156704,-1.5111838938512485,0.016311101793586136,9,0.02078036445287479
923,-2.3770448343049293,1.5052210270273803,0.01734223595600039,10,0.0
923,-2.4041647368667802,0.503343737766638,0.016308889989798608,8,0.020645346978051836
924,-2.440636264310761,-0.501643790863404,0.01618571408993525,7,0.0031602421568746454
924,-2.3844826644430794,-1.500130900155675,0.01642902672415802,10,0.0183977534354739
924,-2.3950839092700154,1.4978738834335439,0.01612131538794714,9,0.019387603002216272
924,-2.4040676172182915,0.5028614393282514,0.016146005280710186,9,0.01747707651034241
925,-2.439538563536527,-0.5038850782079322,0.016330641844573102,7,0.0030190352075729386
925,-2.378670858680821,-1.4933527477259405,0.017295802466260994,9,0.0
925,-2.402558911571044,1.5013201630122115,0.01667501576582216,10,0.012695134483385204
925,-2.4040123433702303,0.5068881513580324,0.01580988576990277,8,0.004255645629583341
926,-2.3736454408770253,-1.4901990594516443,0.017228546168307216,9,0.0
926,-2.385245611678716,1.484619764226224,0.01616356045952822,9,0.018312477896369077
926,-2.400097373774118,0.5054554795445699,0.015637716155020312,7,0.00460062883142801
927,-2.442022438625256,-0.503780270915313,0.01623884733919112,7,0.003227176980479961
927,-2.3805039307791924,-1.5106979443206212,0.015816101378096716,9,0.018387592451263902
927,-2.4157118597099347,1.4906030395511103,0.015584344561641839,9,0.0
927,-2.411753606193013,0.5019254849060699,0.016254687404359792,9,0.020488446357836483
928,-2.3874302832296412,-1.5158573940921525,0.01646650133230264,10,0.013115131046577359
928,-2.414691892718606,1.4932096392058898,0.016319418313449865,9,0.0
928,-2.4081846649128207,0.4995828380636477,0.01579371483045087,8,0.021813648880636465
929,-2.439538563536527,-0.5038850782079322,0.016330641844573102,7,0.0030190352075729386
929,-2.38162785733314,-1.5189077323747808,0.016060248579359684,10,0.017151497368324352
929,-2.421355291929334,0.5014891581056233,0.016886417979388058,8,0.0
930,-2.3833879207223783,-1.5060524178429917,0.01635985541595857,10,0.019574746659629428
930,-2.3770448343049293,1.5052210270273803,0.01734223595600039,11,0.0
930,-2.391985867862776,0.5013223730488,0.01621936789792813,7,0.0
931,-2.4515432810461206,-0.5038814998601112,0.017380902032205717,7,0.0
931,-2.3787058845462,-1.512810165930175,0.016184277333794884,9,0.019364312887795894
931,-2.4100991753706538,1.504870140629996,0.016835574718915954,10,0.0
931,-2.404952336786335,0.5061435117302637,0.016100200784414532,7,0.02016004521554453
932,-2.446385356282557,-0.5052990132788305,0.016341051637033865,7,0.0030320727557685157
932,-2.3761592485318723,-1.4917769655094197,0.017260973073207644,9,0.0
932,-2.4026760929805047,1.4976299986787678,0.016376459394431445,10,0.02081858900956482
932,-2.40108562275468,0.5034870386378961,0.015836188767575768,8,0.016340290056255893
933,-2.4444293018273755,-0.5048949842439875,0.01633837788127178,7,0.003028327026313683
933,-2.3821065715584897,-1.5127882660194463,0.016814549230020532,9,0.019758794038136893
933,-2.40576163518565,1.4990033146384685,0.0167695408372656,10,0.02043405733456116
933,-2.4058080028574103,0.508002315393682,0.01620702234671695,9,0.01633867340279691
934,-2.432410809226635,-0.49667610626604985,0.015433416756507288,6,0.004495317787389558
934,-2.378508885693262,-1.5054630277979002,0.01602209960376742,9,0.021333859727032466
934,-2.394428405157492,1.5036435119029463,0.017151053165466997,10,0.024882397981795763
934,-2.4000890909023846,0.5041880073700683,0.016197865102643,7,0.013784760942488048
935,-2.439538563536527,-0.5038850782079322,0.016330641844573102,7,0.0030190352075729386
935,-2.3824138268376553,-1.5045366759282868,0.015520440480999128,10,0.019535324791549
935,-2.394175529804612,1.500319961885321,0.0160697093385955,10,0.019714433664253236
935,-2.39515095317972,0.5068393556377647,0.01611118908735343,8,0.0034609725126412004
936,-2.4498248168850143,-0.5101254401760974,0.017279027251250124,8,0.020167383760852364
936,-2.374821553241886,-1.511508101944867,0.016132859902693794,11,0.02564764218753633
936,-2.400897018400116,1.4960172698436087,0.01575633988609129,9,0.01802255511539888
936,-2.4050927820267924,0.49955643699216024,0.015803977010116856,8,0.019932160457210222
937,-2.438542463554063,-0.503061983919084,0.015808923406597886,7,0.0032666859061852107
937,-2.377869413482257,-1.5082991633428455,0.01603122230467867,9,0.020810660318501005
937,-2.391734494682248,1.502059712343607,0.016578852967339918,10,0.019460030887066663
937,-2.4031953060885853,0.5028128195043642,0.015981064130260292,8,0.018970002115698794
938,-2.44103293290264,-0.5017253318792301,0.01580302067072724,7,0.0032280513504620986
938,-2.380294374333077,-1.5089631712624723,0.01675315507035705,9,0.0218291495571079
938,-2.4060726754889483,1.4975846481371056,0.01676441802773586,9,0.01745392270452438
938,-2.4061320982553953,0.5083041464873513,0.015586257233181952,8,0.021356678422182994
939,-2.441430716968891,-0.5005726048471941,0.016196640191021655,7,0.0027431675483161194
939,-2.379792712185748,-1.5078571322702319,0.015730922121845025,9,0.018630939665957736
939,-2.391830683322347,1.5046116482193859,0.014746296357314198,10,0.018972271977455706
939,-2.400082821408167,0.5103160573631994,0.015646033518936526,8,0.004597781788342149
940,-2.4510286890236292,-0.508738516858219,0.016907176351338267,7,0.0
940,-2.3797747635628212,-1.5102435210647163,0.016181048661134206,9,0.020614626940007846
940,-2.4014279922626485,1.5053474273356457,0.01675621964831336,10,0.017293837909037775
940,-2.4112356547192597,0.4978740156865393,0.016145980719903398,9,0.022050547117103324
941,-2.3806285051744758,-1.5140570451065833,0.016380169708841406,9,0.0176745864721171
941,-2.4072227257358527,1.5080315304733436,0.016331882279674546,10,0.014722283095442934
941,-2.402514937558577,0.5059643283251785,0.016154415548709524,8,0.003367270165765483
942,-2.3875252405886167,-1.5087955842366623,0.01552767092420948,10,0.01880675516132108
942,-2.384178379107128,1.4901572880598775,0.01644026017066416,9,0.0
942,-2.3997246916609534,0.502945557663505,0.01631196313305,8,0.0
943,-2.4455246753150677,-0.5026482256219617,0.016198311921141583,7,0.003170332034493815
943,-2.3815682742424156,-1.4887408598639555,0.017289359429578856,10,0.0
943,-2.3809796566448886,1.4980254906815162,0.016201147975031336,9,0.0
943,-2.4137299682268454,0.4973273931354242,0.015222650480858215,9,0.019214488923872276
944,-2.445389013067876,-0.5044747806751901,0.015821592799498418,7,0.003281016031078055
944,-2.3820577980690456,-1.5160648664548306,0.01562658562569193,11,0.018007468753137485
944,-2.3895108961799543,1.4980051451829564,0.016607555877626693,10,0.02395228594497874
944,-2.3978227471429316,0.5061897768560121,0.015590869060271859,8,0.0025408442951505277
945,-2.379043646306254,-1.510659401810378,0.015480657354384093,9,0.020879745313566116
945,-2.3778746005835503,1.5057471794210857,0.01735963899266318,10,0.0
945,-2.410250007173462,0.5061536527983462,0.015607647496577193,9,0.018347974211406583
946,-2.454211044879201,-0.5019540574548559,0.016350843124142905,7,0.0030470942422867503
946,-2.3790302665871637,-1.5081640195968515,0.016731953231698377,9,0.022482405584248785
946,-2.3975240910297115,1.5013126168896018,0.01656545568298844,10,0.018901494869999924
946,-2.4058102848418255,0.49584948628465053,0.015733973850529995,8,0.020767997628146656
947,-2.4508347620483097,-0.5012635436613964,0.016786471852579806,8,0.002994719557515871
947,-2.381212285940886,-1.5150003375499637,0.016093845167390448,9,0.01906576214370986
947,-2.393264149729287,1.49924534875049,0.016231219124870383,9,0.019027811262561034
947,-2.411508763318232,0.5027644215017752,0.01560199429878712,9,0.020877399043783454
948,-2.384191336525903,-1.517031657552188,0.016393419023317635,9,0.019074000091253034
948,-2.3948783740513035,1.5054621629815657,0.016250039013601808,10,0.01872364728765434
948,-2.3961175680337696,0.5070439454271355,0.016123122549970906,8,0.0034664796746431527
949,-2.438542463554063,-0.503061983919084,0.015808923406597886,7,0.0032666859061852107
949,-2.387171279681402,-1.5246417392476965,0.015511371363528662,10,0.0
949,-2.40329060049036,0.5046147220685083,0.01620191404133943,8,0.019594977728046244
950,-2.3853042166895086,-1.5101236167524956,0.01586941116035884,10,0.018763212136432766
950,-2.379115759899325,1.5000754905710476,0.017339161881969333,9,0.0
950,-2.410560291792722,0.4978655532738811,0.01604239643170588,8,0.02259998757764998
951,-2.447363718254457,-0.5055005145107423,0.016342709785148738,7,0.0030321239531634595
951,-2.3896097296107595,-1.522718026265903,0.016789441359905614,9,0.0011774558279120748
951,-2.379115759899325,1.5000754905710476,0.017339161881969333,9,0.0
951,-2.405148016041046,0.5034391220462751,0.01597887326720049,9,0.01874409518556767
952,-2.4523561282128514,-0.5065315659813353,0.016737435628113143,7,0.005983573475284097
952,-2.4100991753706538,1.504870140629996,0.016835574718915954,9,0.0
952,-2.4138121293163715,0.5032989821354333,0.015557450599074813,9,0.020359825001720025
953,-2.3808172379784858,-1.5101657753921907,0.016068043362519106,9,0.020187166067656626
953,-2.38015828301759,1.4975053266158123,0.016174250277624435,9,0.0
953,-2.404488743711787,0.4981716309825338,0.016303609011846104,8,0.019611895085715092
954,-2.448621900742017,-0.5069991416084502,0.01687936906819236,8,0.0017335823198787285
954,-2.3803898860022468,-1.517163207256986,0.01547671048210677,9,0.018492520325808164
954,-2.414190413996882,1.4945180656635715,0.016907758372135123,10,0.0023919438639734888
954,-2.398158461456228,0.5050460236394511,0.015619603233301532,8,0.004593922538674251
955,-2.4424081232956736,-0.5007725282163453,0.0161996876263908,7,0.002744142719439479
955,-2.3799707658084968,-1.510449823038419,0.015964857635676417,9,0.018394931988980966
955,-2.3994618138458983,1.4947847759700692,0.015962559005077873,9,0.02310694651830818
955,-2.398367507364958,0.5099518057570093,0.0163834426731429,8,0.0038780025237887036
956,-2.3799839833029113,-1.5071442617591715,0.016369631122556454,9,0.022778686571457957
956,-2.3967285750033285,1.4997799198268367,0.016842832664892924,9,0.018105316825581173
956,-2.4109270248954946,0.4986827477244664,0.015475924500373574,8,0.020979425706043494
957,-2.3864669557908536,-1.513732602333069,0.01600973269367901,10,0.012826746074578645
957,-2.379115759899325,1.5000754905710476,0.017339161881969333,9,0.0
957,-2.4040090677682757,0.5048652346871297,0.016027406651825764,8,0.01976700160511808
958,-2.378853101442348,-1.4902525466362326,0.0161355646736072,10,0.0
958,-2.4061744782398495,0.5046283538951462,0.0168344789385918,9,0.019778904670002102
959,-2.384599523020496,-1.508331422169695,0.016518473142294304,10,0.018845263519083146
959,-2.404642496539222,1.4974985439227668,0.016844763161242123,10,0.018624615866466878
959,-2.406358532096678,0.5053631533003208,0.015387611194128584,8,0.019203046979814693
960,-2.4479011394364942,-0.5056108634558973,0.0167842883501612,7,0.0029886339876779226
960,-2.382220185441215,-1.519847009103382,0.01668042021985247,9,0.0182022943377746
960,-2.402111869772742,1.497276446579176,0.01637390625675202,10,0.02085295981002065
960,-2.4028475892119316,0.4985651615670396,0.01567341927481204,8,0.016752909858924712
961,-2.4419620624037734,-0.5019145238760041,0.016183641654088525,7,0.005168942380311101
961,-2.380239376385467,-1.510512784889999,0.01618296451009229,9,0.023759654705121775
961,-2.3799533008130256,1.500603494569515,0.01734930055749285,9,0.0
961,-2.408802488242006,0.5009186626487893,0.015670025636638423,7,0.019044053731359298
962,-2.4434327425203275,-0.5040720717566168,0.015817604142125706,7,0.0032776018022628033
962,-2.385885048718409,-1.5087013276778523,0.01682459141631172,10,0.019786903425312946
962,-2.3935732970472547,1.5010261081615943,0.016829244707160386,10,0.02153996790566022
962,-2.4059594021230946,0.5004034858160057,0.016035011621781222,8,0.019778508942038753
963,-2.3835196291173197,-1.5141171314481547,0.01703623408984346,9,0.0192786125961098
963,-2.3960523444979636,1.4961143713264453,0.01682681710912242,9,0.021410048616087658
963,-2.3992232600987307,0.5036507743021915,0.015167077180472817,7,0.004628169368482724
964,-2.3844285666037957,-1.5261481553913012,0.016243824431926835,9,0.0
964,-2.3983249221930723,1.496702166250603,0.016132258403494602,10,0.018475854522458035
964,-2.407953103314657,0.5008297969660312,0.016416471175618664,8,0.020347074707807437
965,-2.4321588535784473,-0.5249389341115346,0.017390072436513793,8,0.0
965,-2.386114787241746,-1.5098670587183856,0.016680915078994784,10,0.020625314973790627
965,-2.3787159707233574,1.50627923046566,0.01736436124601064,10,0.0
965,-2.401650108810373,0.5106481722889434,0.016039165319365035,8,0.003905990387119157
966,-2.3858707664571193,-1.5128622223381296,0.01539879462735636,11,0.017360540739101527
966,-2.4008032504216317,1.5025529557377568,0.016075614361689944,10,0.018177274304683213
966,-2.4031083629941388,0.5028497369536641,0.01601848859877998,8,0.019276708549841405
967,-2.378853101442348,-1.4902525466362326,0.0161355646736072,10,0.0
967,-2.4049567377886207,1.499625497123755,0.016153664650988424,10,0.01563171459501394
967,-2.4053136036738905,0.504569383283798,0.016300366084650263,8,0.02060101559689452
968,-2.447363718254457,-0.5055005145107423,0.016342709785148738,7,0.0030321239531634595
968,-2.3726110443350645,-1.4927589829523344,0.01608947376236398,9,0.0
968,-2.4069216489429954,1.4985229263424793,0.015563581986792169,10,0.01997494421035806
968,-2.4152736034599913,0.4966875952829737,0.01601706409164683,9,0.019809619363828933
969,-2.441053913692484,-0.5041975033149539,0.01677435942533877,7,0.002976508543043604
969,-2.384191336525903,-1.517031657552188,0.016393419023317635,9,0.019074000091253034
969,-2.406949914165183,1.49924550616654,0.016357570251114187,10,0.014350024359004204
969,-2.40822659650415,0.5030522168712092,0.015621067286991818,8,0.021207439470605806
970,-2.443988815895463,-0.5048039988052391,0.016778177751500353,7,0.0029810530582021614
970,-2.3826220975586754,-1.5071902888116138,0.01676090845884927,9,0.02237623694335534
970,-2.3988568363739082,1.4970281101897742,0.016521466184820033,11,0.018553729714013485
970,-2.4079131489595524,0.5047074922426537,0.01622497032592392,8,0.020522533881323232
971,-2.438030378224676,-0.5125727323361791,0.016182847733145597,9,0.02096205245067759
971,-2.3808421306274354,-1.5076748676075367,0.01616834294147505,9,0.02184642347215024
971,-2.4025660715861465,1.498430916468998,0.015574989398227983,9,0.016276892142115314
971,-2.3980658097803778,0.502598256577533,0.016132768781164455,8,0.0034642146181123093
972,-2.440453418351109,-0.5003717485264683,0.016193572866281362,7,0.0027407656234387594
972,-2.380693406035245,-1.5196841614682457,0.016376873474758465,9,0.018606699107075825
972,-2.402347234030934,1.4955241682152414,0.01570321600519559,9,0.017427264357022746
972,-2.3966556235062906,0.5059446806707528,0.015617476020014058,8,0.0053042380074052545
973,-2.3989219009303597,1.4958441624920886,0.016343736771494706,10,0.019214862472350623
973,-2.4020541040722923,0.5064745167819154,0.01581055385184047,8,0.004288040552559772
974,-2.4478909614215763,-0.5049904617781047,0.016249460441213923,7,0.003236733750453918
974,-2.384435115444115,-1.5121292059146156,0.016022165572772463,10,0.0193334328127398
974,-2.4109431288111685,1.4973642397629685,0.01632097696403969,10,0.0
974,-2.400527500311386,0.5055449513627465,0.016184704474040395,8,0.0034481316685041493
975,-2.4416139474068546,-0.5018439716396916,0.016188226606991027,7,0.0031622617392196503
975,-2.3822725978748625,-1.5053423544828746,0.01584252241074269,10,0.017593756309959595
975,-2.412649552854158,1.4984234496556055,0.01632998940199321,10,0.0
975,-2.402803134964374,0.5042318383409893,0.016401842669625723,8,0.01715154622353221
976,-2.4332483202048523,-0.5001230301144426,0.016074099340208703,7,0.004934416169866574
976,-2.3840918851193935,-1.5108712305460177,0.016123019611085896,9,0.018151418168161616
976,-2.3987340173171763,1.4956655671125363,0.0169472399547704,9,0.018787820137139297
976,-2.4010659181150347,0.5071223254296069,0.01643324616902276,7,0.0035921032729534447
977,-2.4398432108825294,-0.5065724352121237,0.01634043211177813,8,0.0059333698142876356
977,-2.3788036083110544,-1.511262729907545,0.01675169885150441,10,0.02128810769580676
977,-2.3778746005835503,1.5057471794210857,0.01735963899266318,9,0.0
977,-2.401284237559488,0.49909530616839426,0.015710926961483806,7,0.017982986753091096
978,-2.438099801121555,-0.5011220926998421,0.015795924838195124,7,0.0032225450077983863
978,-2.3798131506503455,-1.5037902961167564,0.016061272681973163,9,0.01813791232358842
978,-2.380790839662689,1.5011314971739687,0.01735944172247366,10,0.0
978,-2.397099262002283,0.5023946661282399,0.016120514310786784,8,0.0034608459828063456
979,-2.381247893249092,-1.5200324027311036,0.016470821289046707,9,0.017051235917426022
979,-2.3936469333619312,1.4992653806488696,0.016259026957159802,10,0.02455949214238625
979,-2.4090231589366202,0.5039396008663594,0.01605016916978498,9,0.020312223191857146
980,-2.3803982705320483,-1.5099029583505117,0.01606263781086778,9,0.020863545004121697
980,-2.3965960374778996,1.4987986974131822,0.01649543035465771,9,0.01964722583700805
980,-2.402969169615972,0.5115393261088597,0.015865817991313168,9,0.004364024122738926
981,-2.438542463554063,-0.503061983919084,0.015808923406597886,7,0.0032666859061852107
981,-2.389624209784002,-1.5141370240914895,0.01658175649313567,10,0.018593146842774418
981,-2.4003518241822976,1.5053592743154272,0.01675904351405879,10,0.01598914879393932
981,-2.404986013705079,0.5002004416568311,0.01602804495885597,8,0.019769006304698272
982,-2.4340063162089463,-0.4992956477420257,0.016517420707260456,7,0.006073660070300778
982,-2.3899868703304428,-1.5216291216090474,0.016760348764514685,9,0.0
982,-2.397347023803852,1.4978945409885478,0.01639395269305765,9,0.016887149437074957
982,-2.396853885762463,0.5062282161954748,0.016401768453744664,8,0.004601376292332907
983,-2.4447080525106832,-0.50618645648183,0.01687553079859192,7,0.001730565868108297
983,-2.3813648223816233,-1.5189857674727327,0.01637345672490239,9,0.015624428936808762
983,-2.4035681559410604,1.4938822264218576,0.016469414799515057,9,0.02186231837834982
983,-2.4042243152945963,0.49935299479762685,0.01681034594744923,8,0.01975676594174607
984,-2.3769928223029244,-1.5051700906154364,0.0166782935227316,9,0.019486615060782895
984,-2.411907127912069,1.4962037173279619,0.014910232538648408,11,0.0
984,-2.4014579257766266,0.5033087748853735,0.01456257327686859,8,0.0
985,-2.4549479303317527,-0.5045821984370427,0.01691013204465237,6,0.0
985,-2.382839927847479,-1.5161686656164923,0.01646303635992527,9,0.018059717675344287
985,-2.3977413661906475,1.4971705681899292,0.016839430017961763,9,0.02143146721650992
985,-2.4006946712333463,0.5055801546270913,0.01602267712603342,8,0.0039034351730108173
986,-2.444546729587655,-0.5024469625963085,0.016195591201543156,7,0.0031672644402359357
986,-2.383078565505419,-1.5201144570554121,0.016220735316878707,9,0.017601424839872124
986,-2.3920411512373274,1.5049499213966684,0.016265310475637597,10,0.019094498567769465
986,-2.410465293671735,0.505452863479801,0.01667116437990458,9,0.021087932993781523
987,-2.384475415007702,-1.5051335079603363,0.016766604840841276,10,0.021198188726525978
987,-2.3945384234147022,1.500028452359261,0.01741085276718525,9,0.0181982568189801
987,-2.4102235798501086,0.49868251477405245,0.014751988236876332,8,0.0207668498333949
988,-2.441430716968891,-0.5005726048471941,0.016196640191021655,7,0.0027431675483161194
988,-2.381454813258905,-1.5145915892713748,0.01571947915219193,9,0.019503761494609584
988,-2.3745323147035244,1.503629764804732,0.017315403253271765,10,0.0
988,-2.3990197407857003,0.5100913367553701,0.016244877586014412,8,0.004363510849449815
989,-2.4525187275583873,-0.5090465121488417,0.017381209483373166,7,0.0
989,-2.396283246651078,1.4994784093134879,0.016839528653056525,9,0.025197526514732525
989,-2.401546674695368,0.5057592202696614,0.016143671160208695,8,0.003365231782647605
990,-2.4378910445071966,-0.49984688464959437,0.015840740221938477,7,0.0027907652556138007
990,-2.3795239048832095,-1.5109709148507178,0.01651033871433408,11,0.02404515794492947
990,-2.3823558937412224,1.4973522611934245,0.016660365055221633,10,0.0
990,-2.4029549907048176,0.5105991311310242,0.016411135560771107,8,0.003310071012949427
991,-2.450766560497242,-0.50868386065754,0.016912248914840854,7,0.005175515221588043
991,-2.3831689358365686,-1.5058979921437097,0.016177977211022834,9,0.022405987487004567
991,-2.38151752842572,1.4968246010469282,0.016650505623005553,9,0.0
991,-2.3975241282622703,0.5097708910329156,0.016247315144575742,8,0.003605955251359131
992,-2.383773838924499,-1.4901179558022732,0.016008003612942797,10,0.004462355393439127
992,-2.41278932475686,1.495340930527102,0.016552508427219465,10,0.0019231635167759678
992,-2.401490256247922,0.5043383196962876,0.015348285191064522,8,0.01915675023669119
993,-2.4493197927377715,-0.505905046076039,0.01634536488599535,8,0.003037811745717625
993,-2.3729601428287723,-1.5101734245786622,0.016136641531567745,11,0.025016869607256017
993,-2.379754292880207,1.5037046187399123,0.016209432285054927,10,0.0
993,-2.402625818318642,0.5072914911677102,0.016666972113907552,8,0.0184208232799986
994,-2.4424081232956736,-0.5007725282163453,0.0161996876263908,7,0.002744142719439479
994,-2.3871288476652075,-1.5126789876347861,0.01615788801731213,11,0.01683073194530548
994,-2.3809796566448886,1.4980254906815162,0.016201147975031336,9,0.0
994,-2.4111925274865262,0.49845020257490996,0.016544515370952896,8,0.021825768523883966
995,-2.443978313136383,-0.5041830847614422,0.016242235581358972,7,0.0032304446481428726
995,-2.384399350609863,-1.5169071741940925,0.01660438908038393,10,0.015497657220864571
995,-2.3928451447781085,1.4894819953867895,0.01694317425921152,9,0.026835983096755646
995,-2.3986906707238926,0.5027288234439329,0.01616490261515776,8,0.005947646923045748
996,-2.447363718254457,-0.5055005145107423,0.016342709785148738,8,0.0030321239531634595
996,-2.3835712344922526,-1.5255987304504839,0.016226207933527727,9,0.0
996,-2.3958029250268305,1.5013469318454815,0.01623389798003751,10,0.01783410330729904
996,-2.4024008604552174,0.5074001519654986,0.01579184147956649,9,0.004849908703657854
997,-2.446385356282557,-0.5052990132788305,0.016341051637033865,7,0.0030320727557685157
997,-2.383772704271291,-1.5224700216061473,0.015478056419612998,9,0.0
997,-2.41278932475686,1.495340930527102,0.016552508427219465,9,0.0019231635167759678
997,-2.4016647693624793,0.5057841401932613,0.016031271568049593,8,0.003905838798627932
998,-2.4420100488449905,-0.5019254132414832,0.01580608798737855,7,0.0032300874702745545
998,-2.3769246507703867,-1.5068142037141117,0.015765463647578127,9,0.021404302505935037
998,-2.394513369939072,1.5000023808463308,0.016257348817846462,10,0.019457956555045515
998,-2.407323192771472,0.4994620853607632,0.01591599269283511,8,0.021123320351778215
999,-2.442454930700592,-0.5038695009671514,0.015816008679756216,7,0.0032755866884503506
999,-2.3874131007444808,-1.5091241902235868,0.016760348684604905,10,0.018865224211879875
999,-2.403231233959644,1.4935854667783273,0.0166598525303234,11,0.022545114955047088
999,-2.4052375557041543,0.5001552433112042,0.016211481652568305,8,0.019606514550918806
1000,-2.381477894142148,-1.5048294667684172,0.016161374620235675,9,0.02238213397223763
1000,-2.3840004112614133,1.489702101105609,0.015053515842246297,10,0.0
1000,-2.3997084021871795,0.5102357294884646,0.016023839922264062,8,0.0039059523769668725
1001,-2.382839927847479,-1.5161686656164923,0.01646303635992527,9,0.018059717675344287
1001,-2.4041241462508314,1.4955696371171703,0.016540467821818044,9,0.015581609468667428
1001,-2.3985953813328393,0.5063538281195238,0.01563543129862867,9,0.005306249262529685
1002,-2.438542463554063,-0.503061983919084,0.015808923406597886,7,0.0032666859061852107
1002,-2.374486810634741,-1.490728288384816,0.01723517165148915,9,0.0
1002,-2.3940761480742987,1.4997238688061456,0.01645782561707755,10,0.02341288232952699
1002,-2.405919547140719,0.500611352823401,0.015929284978802857,9,0.020238443810829808
1003,-2.3751236753363574,-1.4943400005623153,0.01612103044999097,9,0.0
1003,-2.397733076295071,1.4971538291455113,0.015896888423348382,10,0.024842116870971494
1003,-2.3977707462436544,0.5098232575343709,0.016004770434119357,7,0.003899372649454177
1004,-2.435040905414043,-0.49803180011202575,0.01479544420292199,6,0.0023584050685987526
1004,-2.381630333789233,-1.5158545259510559,0.01635451472225559,9,0.018929459949339453
1004,-2.4042953362009247,1.4998092242053078,0.01649095370908316,10,0.019968614277372187
1004,-2.3961175680337696,0.5070439454271355,0.016123122549970906,9,0.0034664796746431527
1005,-2.381719650984218,-1.4952682677130702,0.016014650519260862,9,0.004467897949309862
1005,-2.412812845172301,1.4952834216506752,0.015580796035564138,10,0.0
1005,-2.4052107633905555,0.5059606177592433,0.016317861629983207,8,0.012660078917316573
1006,-2.406289074254668,1.4924967132892974,0.016506032473958106,11,0.014476645538945069
1006,-2.408776967970038,0.5033658675852482,0.015211931986352595,8,0.020228528617160468
1007,-2.3840703882750147,-1.4978572579270972,0.015829097767409834,10,0.01805457698682325
1007,-2.393856760717212,1.4963737940932234,0.016216788961495237,9,0.016734437429843884
1007,-2.410463164673062,0.5022778966424316,0.01549445510154825,8,0.02145691189231794
1008,-2.475506000673282,-0.5088085148260276,0.01692499137853377,5,0.0
1008,-2.371776819805584,-1.4922352812738382,0.01607450047914138,11,0.0
1008,-2.4109431288111685,1.4973642397629685,0.01632097696403969,11,0.0
1008,-2.403978229070437,0.5048614897155015,0.01581060606381698,8,0.019305943284716305
1009,-2.4554741914080807,-0.5034500950415227,0.016886428040873952,7,0.0017351150458580645
1009,-2.3761592485318723,-1.4917769655094197,0.017260973073207644,9,0.0
1009,-2.3943768273654835,1.4950756807063539,0.01585773895257272,9,0.0178639282740456
1009,-2.4078721977042945,0.4982319127927415,0.016295094506534425,8,0.022640721829782846
1010,-2.4463666058187177,-0.5046746793876242,0.015823870071554898,7,0.0032830398176875125
1010,-2.3790461001530727,-1.5081596090429308,0.015796782177993865,9,0.022128373492974522
1010,-2.3950208807165696,1.4987015176913598,0.01588479980672785,10,0.021191866695664734
1010,-2.4041834563164777,0.4997779951482381,0.016233181911639562,8,0.020859687680277298
1011,-2.442454930700592,-0.5038695009671514,0.015816008679756216,7,0.0032755866884503506
1011,-2.37995259795619,-1.499623852326783,0.016169399643385547,9,0.017441569228001195
1011,-2.4132190375648577,1.49560724861857,0.01705805400115046,10,0.0009155780324636962
1011,-2.405925093131947,0.49606837300603734,0.01555287494588087,9,0.022118765300220767
1012,-2.382287284653889,-1.4999406810455884,0.01673875809880401,10,0.01851986565340185
1012,-2.3960861875613,1.4994831256363264,0.016568739360977955,10,0.020366066780409198
1012,-2.4062116953097337,0.5040634120894858,0.015549851954780088,9,0.019490768106930543
1013,-2.441280964260771,-0.5029557738594252,0.015062908688078205,7,0.012278548264689697
1013,-2.3826182798913784,-1.5242135675036466,0.016139521103426292,9,0.003374199703191816
1013,-2.396094766243482,1.495269140915509,0.016119290835688485,9,0.022705828806266863
1013,-2.4004588989822024,0.5069908134300647,0.015775975734613402,9,0.0048487873214412966
1014,-2.3796782399401284,-1.5182250425853714,0.016647500844615137,9,0.018159437567337573
1014,-2.4066978969692085,1.495530307250021,0.015703577662798802,9,0.015089662988661656
1014,-2.4041687354104067,0.5030164540119075,0.01599143978467105,8,0.018983437290534182
1015,-2.448604043198839,-0.5082315632364486,0.01737927655875811,8,0.0
1015,-2.379847527556452,-1.5191442204448746,0.016366138243415984,9,0.01858848783415067
1015,-2.402808690624523,1.4997518302274306,0.01642224647993574,10,0.016251361829245126
1015,-2.4042134949440492,0.5022243662066489,0.01568608539845196,8,0.017584027584172504
1016,-2.381471962644158,-1.5102158226310898,0.016350559621454794,10,0.018678089718353
1016,-2.408899375251933,1.4917946495540093,0.016291095310138174,11,0.017692260512281024
1016,-2.400585676885594,0.515292655976309,0.015649936347529526,9,0.004093107650771501
1017,-2.440453418351109,-0.5003717485264683,0.016193572866281362,7,0.0027407656234387594
1017,-2.374244419538181,-1.5222838738104196,0.0160130085368116,11,0.018082763232116668
1017,-2.379515027062604,1.4938822956676745,0.017299632532753295,9,0.0
1017,-2.40792395974674,0.5029822365069194,0.016332118011906375,9,0.015783147445387766
1018,-2.440054990439832,-0.5015235036526152,0.015801174261109656,7,0.003225660395970635
1018,-2.3830334529857065,-1.5045386319785068,0.01633400091445137,10,0.024436880114800604
1018,-2.3933323243520137,1.4976409830840671,0.015872853142468772,10,0.021488847855125153
1018,-2.4118040843295905,0.5019829129678921,0.016654355022819468,9,0.021742411839693852
1019,-2.3797783584519347,-1.510249107089166,0.01617227365384189,9,0.021987924600715643
1019,-2.406001960058833,1.4942495812780638,0.01628413075722902,10,0.018206999318334697
1019,-2.4016524424766885,0.510649948176983,0.015577378146240058,8,0.003871562584041483
1020,-2.4375639867023713,-0.5028604964647058,0.015807250275173833,7,0.0032664630547325378
1020,-2.3808231842250986,-1.5076761911505216,0.016376921273423724,9,0.022795759900273715
1020,-2.3988960583916623,0.5100626296100349,0.017155175063295607,8,0.0
1021,-2.446501631925127,-0.5028475779244804,0.01620148397317455,7,0.0031715973476906262
1021,-2.3863235216421703,-1.5241000888956528,0.015505396535352997,10,0.0
1021,-2.4126507271422453,1.4984239958608465,0.01633125691877496,9,2.2744754340954153e-06
1021,-2.405465578595614,0.5032436180704045,0.01631952428216725,8,0.019620988573829413
1022,-2.381215675392584,-1.5115616144916888,0.016527449541201188,10,0.024817340103624172
1022,-2.403933709256842,1.4966088452130237,0.016985403871054,9,0.017246337373505796
1022,-2.406571339615363,0.49696775862268233,0.015910920677241088,8,0.021148564187555733
1023,-2.439538563536527,-0.5038850782079322,0.016330641844573102,7,0.0030190352075729386
1023,-2.395605170829148,1.496588801455926,0.015538859585774691,9,0.01699880366329358
1023,-2.4024570844725903,0.5108214431490031,0.015746752028266187,8,0.0036783250022760596
1024,-2.3846640125488507,-1.5238275608887628,0.015981178636424415,9,0.0029886827741885114
1024,-2.3840554151344096,1.4999593707218941,0.01656355128312969,10,0.0
1024,-2.412509008883292,0.496788200759505,0.01561695943008505,8,0.02243755670612394
1025,-2.4363052926285333,-0.4974710985779962,0.015461449980308552,6,0.0045092608630729536
1025,-2.3842544516807322,-1.513733561918862,0.01637728838989851,9,0.018746890971651393
1025,-2.3993307495650513,1.4993465240613106,0.016536374035543033,10,0.021202177866401904
1025,-2.408145996000642,0.5003159769615394,0.015928418441323453,8,0.021412310149088527
1026,-2.3832463044697523,-1.5251716311018728,0.016746942736664223,9,0.0011806898933534437
1026,-2.4055567721058755,0.5030367791945404,0.016688140175861545,8,0.018441015520145203
1027,-2.4407945097110186,-0.5053782493694079,0.016870907618421763,7,0.0017273254092604242
1027,-2.382719776697163,-1.525054456862775,0.016215781334406515,9,4.430614136290227e-06
1027,-2.3832172783104286,1.499432152303349,0.016553915424858477,10,0.0
1027,-2.4006132236437505,0.5055630937198647,0.01610506286943274,8,0.004058765000582884
1028,-2.384919105064081,-1.51449563425968,0.01578337289752573,11,0.01662967854875658
1028,-2.402416084782329,1.4979090699374915,0.016051330130967663,9,0.01619776720643956
1028,-2.4003181178984514,0.5018922954664112,0.016034916950364807,8,0.018145428388923253
1029,-2.439538563536527,-0.5038850782079322,0.016330641844573102,7,0.0030190352075729386
1029,-2.3787729675618663,-1.51197916771434,0.016130394557291976,9,0.021002618106554634
1029,-2.41227227055375,1.4947952957189783,0.01486474383095653,10,0.0
1029,-2.3996391038716047,0.510222794373385,0.01563464985820459,8,0.004093186639400725
1030,-2.44226353444346,-0.5108224739770395,0.016145389373254108,8,0.01888981661445129
1030,-2.380883952490459,-1.5140400759043884,0.016918286182178697,9,0.019609899677027115
1030,-2.414691892718606,1.4932096392058898,0.016319418313449865,9,0.0
1030,-2.401904736859817,0.515575453667203,0.016278940844041242,9,0.0043663003567418306
1031,-2.443000788445782,-0.5039829810306254,0.01623990110037858,7,0.003229192037873491
1031,-2.3817314784857153,-1.514578701300686,0.016929995093379956,9,0.019625419894179
1031,-2.4099078145607944,1.4999609516712389,0.015580647331684168,10,0.0
1031,-2.4108248986112013,0.5019581301379188,0.01571788400200677,8,0.022196900442950303
1032,-2.3827770387234035,-1.5092912798582776,0.015997198274289907,9,0.019170137642824145
1032,-2.399032507084613,0.5064444213288274,0.015575097309438497,7,0.0029198442945938246
1033,-2.379461287873715,-1.510922117163484,0.015487134915886276,9,0.020205865954501405
1033,-2.4066978969692085,1.495530307250021,0.015703577662798802,9,0.015089662988661656
1033,-2.4040425840011976,0.5017483332293444,0.015656011288157766,8,0.01800134394684294
1034,-2.452792114126616,-0.5016629660493509,0.01678914743515529,8,0.0029936327431611936
1034,-2.4060459276633366,1.4969665936563088,0.016283100134472914,10,0.015301237498644097
1034,-2.399032507084613,0.5064444213288274,0.015575097309438497,7,0.0029198442945938246
1035,-2.443978313136383,-0.5041830847614422,0.016242235581358972,7,0.0032304446481428726
1035,-2.3785149134795556,-1.5094467409288816,0.016160588908298308,9,0.021283325612438727
1035,-2.4135038491936314,1.4989563450841583,0.016336364772293,8,0.0
1035,-2.409430644724761,0.49485168604532265,0.016044005505531218,8,0.023477202121848745
1036,-2.4434327425203275,-0.5040720717566168,0.015817604142125706,7,0.0032776018022628033
1036,-2.3815264338156275,-1.5093956118733556,0.015934674718043676,9,0.019314597849279795
1036,-2.400275860549857,1.4914948974157847,0.015195498692856567,10,0.021158884340934797
1036,-2.4048940970806,0.5001058461800373,0.0156388791030755,7,0.019005519966934337
1037,-2.3844285666037957,-1.5261481553913012,0.016243824431926835,9,0.0
1037,-2.3951869614123207,1.50367257623531,0.01628177199714459,10,0.016851115705586877
1037,-2.397570094300185,0.5073507129878535,0.014534534890617706,8,0.0
1038,-2.3790461001530727,-1.5081596090429308,0.015796782177993865,9,0.022128373492974522
1038,-2.4114610493623263,1.504172722635264,0.016358653352772073,11,0.0
1038,-2.3958450543692305,0.5069856446826326,0.016276347622714987,6,0.0
1039,-2.4441785485566774,-0.5073132152985765,0.016902880734600115,7,0.0
1039,-2.3838135389049553,-1.5159831994273387,0.01667198206119956,9,0.019195641948033096
1039,-2.406616994151966,1.5004114382405733,0.016886608580777406,10,0.011755901163563216
1039,-2.4056326689865952,0.5040113563224506,0.015985962759582382,8,0.016247190183448147
1040,-2.383115237361634,-1.5215143976975343,0.016563064586849,10,0.01498728437640441
1040,-2.4155535793821064,1.4937418617551763,0.016332211017656674,9,0.0
1040,-2.406419671049614,0.5052771176053247,0.01578488219888336,8,0.013525937967824028
1041,-2.443569563603494,-0.5022470656052804,0.01619262354099879,7,0.0031666286269911984
1041,-2.3851236930524005,-1.5160097940706674,0.016397052579221694,10,0.01924242668571469
1041,-2.412784698165447,1.498594065714531,0.01654449470381994,9,0.0010345594620404042
1041,-2.4045172828627783,0.5112594151581639,0.01564906134798673,7,0.004017442269978563
1042,-2.3866338069048867,-1.5157048711813186,0.016372044848365196,10,0.018856822778236672
1042,-2.4000335230513685,1.4947896348948901,0.01614983121149502,9,0.019857368816288454
1042,-2.40781836866753,0.5078579952926615,0.01657169997256379,8,0.018218209691417426
1043,-2.4420322992912005,-0.5044007692801921,0.016774983900260627,7,0.0029780628617902833
1043,-2.3995626183124523,1.4989969995563968,0.0163734278104691,9,0.021952046884411835
1043,-2.4085701939752115,0.5012218738524031,0.01515305344158536,7,0.019524279040623
1044,-2.3808231842250986,-1.5076761911505216,0.016376921273423724,9,0.022795759900273715
1044,-2.4098256977672254,0.5027122005091192,0.015775252656208858,9,0.021180406724041683
1045,-2.385418267972055,-1.5136385603594713,0.0165238591850312,9,0.019587181152602245
1045,-2.3809796566448886,1.4980254906815162,0.016201147975031336,9,0.0
1045,-2.4111925274865262,0.49845020257490996,0.016544515370952896,8,0.021825768523883966
1046,-2.381649474899217,-1.5113328621798612,0.016052785327901723,11,0.023825300856550224
1046,-2.38015828301759,1.4975053266158123,0.016174250277624435,9,0.0
1046,-2.4123618758806775,0.49545690887956195,0.016070937345996288,8,0.023520498009772427
1047,-2.3778329237879463,-1.4928271136425826,0.01728499136295834,9,0.0
1047,-2.381815259974434,1.498552387326202,0.01621362960597255,10,0.0
1047,-2.404986013705079,0.5002004416568311,0.01602804495885597,8,0.019769006304698272
1048,-2.386956555201368,-1.5132142266057973,0.01633634862300356,11,0.015213687650819173
1048,-2.4136436714041594,1.495870654282834,0.016558310011761137,9,0.0019321370425137375
1048,-2.3994749901563197,0.5053237235687195,0.016259149509166265,8,0.0036084843720298604
1049,-2.4390880428554507,-0.5031740296584031,0.01623367902046892,7,0.003221723489187012
1049,-2.3800679732736825,-1.512042962310878,0.015819226788261066,9,0.017519544370457298
1049,-2.3956326690558187,1.4958640100605967,0.01588053948985136,9,0.017738310408776155
1049,-2.4167824399037965,0.4988181478073543,0.016041448933425545,9,0.019088710112147474
1050,-2.382806543871251,-1.5163398872597942,0.016571585957964634,9,0.019606234583498673
1050,-2.4012611957065104,1.4982883914829126,0.016263055002394253,11,0.017883965066010057
1050,-2.403059120493256,0.5064119034670408,0.015652244177982666,8,0.017994685234499125
1051,-2.449788735830315,-0.5055918531563716,0.016897028268150493,7,0.007359111709506735
1051,-2.3815607549394477,-1.5097677643653133,0.016765360275793263,9,0.022536627357679404
1051,-2.4109406854728204,1.4973611357878935,0.016317090234531782,10,0.0
1051,-2.4023473531365966,0.502829629551739,0.016034101924275228,7,0.017449161429171092
1052,-2.452007617116034,-0.508939396724386,0.016908312947354717,7,0.0
1052,-2.382137338213694,-1.5107207652911758,0.01575816001838065,9,0.01796327146695814
1052,-2.39568592726189,1.4974344625885287,0.016104262779815436,10,0.02014669620752789
1052,-2.409766936098865,0.5023018082634286,0.0162142036522128,8,0.02208993810297981
1053,-2.4564383103512957,-0.5048917061288227,0.01738336222707287,7,0.0
1053,-2.385977339806094,-1.5136739051060366,0.016015568762829287,10,0.021117421896803063
1053,-2.3962815986585566,1.4961069386274743,0.016368917235811752,9,0.019990386357378695
1053,-2.4020236511286073,0.5107284935012675,0.015662214187490364,8,0.004606149425544385
1054,-2.4478909614215763,-0.5049904617781047,0.016249460441213923,7,0.003236733750453918
1054,-2.386976052198808,-1.499813735736452,0.016765411362651306,10,0.020006831808133126
1054,-2.383259691077237,1.5010730445065925,0.016972559177107924,10,0.002318405735849507
1054,-2.402986935903029,0.5066722230192865,0.01585710328600686,8,0.004361449204996051
1055,-2.443569563603494,-0.5022470656052804,0.01619262354099879,7,0.0031666286269911984
1055,-2.3769143503047956,-1.5115018201691293,0.016422916087752794,10,0.026285711644941166
1055,-2.413521005410554,1.498967003683393,0.016356276544664754,9,0.0
1055,-2.405469362584434,0.5034972460747494,0.016296154211254566,7,0.017073734661924227
1056,-2.382416675766151,-1.5072405846784425,0.01622715361017557,10,0.02016822244130478
1056,-2.3975775979313645,1.5003104837691725,0.01685419850339185,10,0.018113014892553528
1056,-2.4025798822992277,0.5126732357093714,0.01698457661095691,7,0.003552181798243838
1057,-2.377441108253797,-1.5088433513434818,0.015936094011864587,9,0.018348625606181546
1057,-2.4047493063971443,1.4981352844732827,0.01621525211076318,9,0.018438560224198236
1057,-2.4084057932667116,0.505840749388772,0.015787413223250113,9,0.017809291266789967
1058,-2.443569563603494,-0.5022470656052804,0.01619262354099879,7,0.0031666286269911984
1058,-2.3841626621859944,-1.513879943856556,0.015999923356396616,10,0.018410451417548743
1058,-2.3809796566448886,1.4980254906815162,0.016201147975031336,9,0.0
1058,-2.3988660486787126,0.5045879228514655,0.016518215235065525,8,0.004916353702423788
1059,-2.449857757373842,-0.5060159201390473,0.016786690585364725,7,0.002989232332810041
1059,-2.38527201097906,-1.5266881359372417,0.016246225670634076,10,0.0
1059,-2.4155535793821064,1.4937418617551763,0.016332211017656674,9,0.0
1059,-2.405880797956855,0.5079018223473186,0.01671571857254007,8,0.017874223611480226
1060,-2.444957155054106,-0.5043856849815055,0.016243781733526044,7,0.003232524721373188
1060,-2.3748282998295394,-1.4941541556232991,0.016465048287361728,9,0.0
1060,-2.3965540480739698,1.5029051248513592,0.016866720891685533,10,0.018256537688946965
1060,-2.4065135400686026,0.5052976368111423,0.01567112941402144,7,0.019326973174332945
1061,-2.4515399713933337,-0.5088423326507744,0.017381040927008123,8,0.0
1061,-2.381839967627489,-1.513753556879609,0.015927624629026086,11,0.02377072595994403
1061,-2.3810737867783986,1.4972413496533066,0.01561461321946273,10,0.0034974595378611858
1061,-2.406196586789947,0.5021183711559692,0.01600945774853354,8,0.018425139873809847
1062,-2.4515577977344214,-0.5076071701347467,0.016882553855808977,7,0.0017373286258728117
1062,-2.381880399936004,-1.5065029251683912,0.01727735426596643,9,0.021837093145450112
1062,-2.402944567535391,1.4996663359025342,0.01569413590229682,10,0.015058066513707549
1062,-2.412509008883292,0.496788200759505,0.01561695943008505,8,0.02243755670612394
1063,-2.383946765834994,-1.5121080836594647,0.01677765599121632,10,0.019298784483338823
1063,-2.4145408881432697,1.4963551772093442,0.015613135887374585,9,0.0
1063,-2.415039640112103,0.4963044111443171,0.0158012648151861,8,0.021177588568074845
1064,-2.384668680509418,-1.5153845092059555,0.01589105816384252,10,0.018167205076435475
1064,-2.3938266716461127,1.5044314786817805,0.016848193959254007,11,0.018065427683529565
1064,-2.405819985109044,0.5007188995029085,0.015742173174334604,8,0.020769722651845467
1065,-2.450296548192982,-0.5011519091666284,0.01634555199619715,6,0.0030399031842324336
1065,-2.37884454767338,-1.5134306512704914,0.016952171321312267,9,0.02135063956341329
1065,-2.4007915308981715,1.5011458441502643,0.016750060668003195,10,0.017659452415962933
1065,-2.405472267601475,0.4997574753192245,0.015105059638698385,8,0.019757100353679804
1066,-2.4311233616810695,-0.5227460978498957,0.01571410861089935,8,0.0
1066,-2.3863912199960593,-1.516811590580381,0.016411347162832605,10,0.018086483568213726
1066,-2.398204674737075,1.4953041489438894,0.016803486508483175,9,0.019065795914563904
1066,-2.3968528031500647,0.505984851764014,0.015582015057703028,8,0.002543486657845862
1067,-2.442579234251879,-0.5079337732405369,0.01611635871227169,8,0.009646607351025236
1067,-2.3863235216421703,-1.5241000888956528,0.015505396535352997,10,0.0
1067,-2.38015828301759,1.4975053266158123,0.016174250277624435,9,0.0
1067,-2.4010517453686977,0.5105220643362471,0.015655119981239828,8,0.004601982641595119
1068,-2.3859867561383075,-1.5159412833268746,0.016751296119013014,10,0.01493539400288153
1068,-2.4035922315104528,0.5110638850312156,0.015594603793242526,8,0.0038729834016410685
1069,-2.3851832772048938,-1.5222134144906636,0.015269199770336311,10,0.003061399167642035
1069,-2.401702928644265,0.5072523473068111,0.01644659828895832,8,0.004614014320514006
1070,-2.449600203854896,-0.5072001772236016,0.0168811862069601,8,0.0017331732759560004
1070,-2.3822972102592406,-1.5151275011850054,0.015727189984847668,10,0.019515808837545195
1070,-2.396772468479349,1.4996831862699356,0.016406291876829633,10,0.021550239817767033
1070,-2.406082889803857,0.501641264516613,0.015963756442815447,8,0.018152047377992638
1071,-2.411993455003284,1.499364361514358,0.016761955090030235,10,0.0017145597652039775
1071,-2.4016992355425706,0.5106585632736932,0.01598946412904605,8,0.0038213370321294573
1072,-2.379123611723944,-1.508168934770619,0.01684380534585981,9,0.019773500180618568
1072,-2.3861786265687708,1.5066856503891566,0.016173424012288197,10,0.004510030574661966
1072,-2.4045339680941824,0.5118701451456253,0.01626237000924873,8,0.004097245478441791
1073,-2.4554593599760652,-0.5046918892986157,0.01738224210350647,7,0.0
1073,-2.3820235175636686,-1.5132078048149633,0.01579370768981053,9,0.017580674064527547
1073,-2.396283569026254,1.4994940201952938,0.01589511416030953,10,0.021054192815411134
1073,-2.4073099549119092,0.49975215002718554,0.016346024737639752,8,0.020711589324321298
1074,-2.379788669354031,-1.5118824016093177,0.016444025149576276,9,0.01992675846865014
1074,-2.400727714872292,0.50680378828263,0.015621724638721442,8,0.0025425184170295104
1075,-2.38479201989547,-1.5102201784707325,0.016197825807657537,9,0.020191946821788143
1075,-2.3973236725789446,1.4969198007011757,0.015894002093677598,9,0.017756851795750164
1075,-2.4070025155827093,0.5052369690560744,0.01624197008310273,8,0.02170442928247414
1076,-2.4564532672462125,-0.5036535709895503,0.01688680127042394,6,0.0017379797162381666
1076,-2.3828436286210826,-1.519960838448565,0.016290612582213388,9,0.015637508859781567
1076,-2.3968082654479126,0.5071909407676739,0.016291151925223773,8,0.0
1077,-2.440822733915032,-0.5004474823558468,0.015850823127225824,7,0.002794268793038568
1077,-2.381560860481553,-1.5097678319140224,0.016765483800771197,9,0.02253667692351593
1077,-2.381815259974434,1.498552387326202,0.01621362960597255,9,0.0
1077,-2.405732911811559,0.5041882272649625,0.016787160448316952,9,0.01940914186056128
1078,-2.374486810634741,-1.490728288384816,0.01723517165148915,9,0.0
1078,-2.401096028737733,1.49709135396578,0.01650430319575364,9,0.023442923952100094
1078,-2.397302873370859,0.5049044217709271,0.016466670569813505,7,0.001303471988403469
1079,-2.440453418351109,-0.5003717485264683,0.016193572866281362,7,0.0027407656234387594
1079,-2.3812661399132633,-1.514422109144174,0.016138116138798494,9,0.017735694480680908
1079,-2.3981103283653704,1.495793572207411,0.016434326406172907,9,0.018957796777053407
1079,-2.411195115102811,0.4940040994445841,0.014753570878667313,8,0.020782059424037914
1080,-2.4515432810461206,-0.5038814998601112,0.017380902032205717,6,0.0
1080,-2.4021469279133827,1.4921756833689785,0.01635010342222503,9,0.022874698721450922
1080,-2.4080551964612718,0.5026760339125541,0.017167056128674606,8,0.021130396192240736
1081,-2.450766560497242,-0.50868386065754,0.016912248914840854,8,0.005175515221588043
1081,-2.3862458907069115,-1.5138734476500504,0.0163683436786795,10,0.018859349246417346
1081,-2.412812845172301,1.4952834216506752,0.015580796035564138,10,0.0
1081,-2.405185626060375,0.4989628906684424,0.01537806165387739,8,0.021186880405763858
1082,-2.382416125518405,-1.5160878150312083,0.016681254567806076,10,0.018461196010915355
1082,-2.3965252638215633,1.502881254131789,0.01685814886644281,10,0.021425278513848442
1082,-2.398380178766935,0.5063079520910818,0.016293448410731444,7,0.00404366429422642
1083,-2.4502984989182433,-0.5061069722123033,0.01634667202982733,7,0.0030367973856815834
1083,-2.3853550460690958,-1.5126143638515102,0.016147989768799175,10,0.017368470314529944
1083,-2.4050085445509275,1.4994616539146668,0.016528090011425613,10,0.017125513894155443
1083,-2.402058475632324,0.5044570011406367,0.01600524302578772,8,0.01974030917439618
1084,-2.4414950097309727,-0.504288626896983,0.016333929561531065,7,0.00302368383734391
1084,-2.383484549006924,-1.5101060987089763,0.01567627319375722,11,0.0189757011476186
1084,-2.3826564698371877,1.4990804797344488,0.016220472552201874,10,0.0
1084,-2.40329060049036,0.5046147220685083,0.01620191404133943,8,0.019594977728046244
1085,-2.3809005960133147,-1.5061086223875964,0.015796395072063388,10,0.020935279255758554
1085,-2.405221078756376,1.4970538643545042,0.01675605764819407,9,0.017445656869079864
1085,-2.4031083629941388,0.5028497369536641,0.01601848859877998,8,0.019276708549841405
1086,-2.3829393511349104,-1.5143422463199254,0.016637598497840134,10,0.01773929659699539
1086,-2.4126507271422453,1.4984239958608465,0.01633125691877496,10,2.2744754340954153e-06
1086,-2.4065619859531147,0.505349042512324,0.01586485017789078,8,0.018910956499422874
1087,-2.4554717302150806,-0.5084170584521133,0.016886937728137277,8,0.001737931454852298
1087,-2.3798131506503455,-1.5037902961167564,0.016061272681973163,9,0.01813791232358842
1087,-2.404261716369532,1.4981315325970401,0.017132188449498553,9,0.016552127613835767
1087,-2.409247465739907,0.5025897005134431,0.015997379590269277,9,0.021272457754066748
1088,-2.384170823280566,-1.5120256918947312,0.016653139808847448,9,0.01945799883360228
1088,-2.39546356310126,1.4924232767614458,0.01666739543402204,10,0.025270623379360792
1088,-2.401604010447963,0.5071836647398035,0.016204484381212757,8,0.003563250360469683
1089,-2.3841978687788132,-1.5140136264692419,0.01620451889268632,9,0.019079677218158505
1089,-2.4058694410878187,1.4956669421529827,0.01581608370321048,9,0.017756882002378863
1089,-2.39935322248601,0.5052982058879302,0.016382365577476275,8,0.0038784849393212837
1090,-2.4483231679961692,-0.5050796509931637,0.01582696114376413,8,0.0032854020406707404
1090,-2.397938552462373,1.4921069236241005,0.016417386141846357,11,0.0259004866804718
1090,-2.3979396421749346,0.5050004574384989,0.017138162010654184,8,0.0
1091,-2.382981956551843,-1.5089307349293706,0.016908775321753767,9,0.02162887009188901
1091,-2.40062102235006,1.4961396480934648,0.016452753210442508,9,0.019411147923572517
1091,-2.407938518535948,0.5036436145564503,0.016072916916207575,9,0.021579786350313133
1092,-2.3871828237511585,-1.5246468778949436,0.017408185141190007,9,0.0
1092,-2.3981103283653704,1.495793572207411,0.016434326406172907,10,0.018957796777053407
1092,-2.405498600821906,0.5068802126348064,0.01613841087770466,8,0.018366741279845358
1093,-2.3801954624603017,-1.5105109523867701,0.01617977022508891,9,0.02130147872349728
1093,-2.3994230036944275,1.4965747685081705,0.015695244287860063,9,0.019289670924037265
1093,-2.4016795980947316,0.5118725537832858,0.015639013448935504,8,0.0025400132820702593
1094,-2.3820025087764094,-1.512115301689021,0.015733373097944595,9,0.01882104065984274
1094,-2.3964855640949456,1.4963943741332437,0.015877523156594287,9,0.01773496068095428
1094,-2.4004771592068983,0.507966716326597,0.01456253025747386,8,0.0
1095,-2.3851570457263773,-1.5144038662813644,0.016436968491424307,11,0.017917521450499727
1095,-2.397442455957089,1.4993279242054738,0.016502174301776466,9,0.01965816937284319
1095,-2.4094895454023146,0.5072509782808856,0.01589016758127369,8,0.016838969488710116
1096,-2.381501431545649,-1.5048563041191099,0.016082933016060102,9,0.01816989643893454
1096,-2.401864428413326,1.4988610745537365,0.01652305417456871,10,0.024368715760793802
1096,-2.4014006568792348,0.506945082430923,0.016210554306999782,7,0.003894515868801341
1097,-2.448604043198839,-0.5082315632364486,0.01737927655875811,7,0.0
1097,-2.383806511970502,-1.5100699947417384,0.016405128131020897,9,0.021461153504958613
1097,-2.3971467993728703,1.5000113198333325,0.016853845844283774,10,0.02551385152545283
1097,-2.408298007181479,0.5000987105351279,0.016330973041352816,9,0.022254037734455005
1098,-2.3816652654550166,-1.5141124454161428,0.016145162083200174,9,0.019053269943240685
1098,-2.397641870120526,1.4987040180562943,0.01647664320108884,10,0.027388829851456273
1098,-2.3987934243095745,0.5063946252210798,0.015599289334508826,8,0.002544663635769508
1099,-2.438542463554063,-0.503061983919084,0.015808923406597886,7,0.0032666859061852107
1099,-2.384659551039446,-1.516522269703168,0.016681274132189113,9,0.019214332949833192
1099,-2.4086483929076756,1.490408143304299,0.016839582387054713,9,0.020622607600924565
1099,-2.408397125283627,0.5036230292405663,0.01626348789201426,9,0.02143298563371673
1100,-2.3819926084781806,-1.5156298027234154,0.016453086166971984,9,0.018043318939412335
1100,-2.40071445380169,1.4968480554501042,0.01603357203882398,9,0.01618086714857544
1100,-2.4011635512741547,0.5024421055260494,0.016001033257033608,8,0.019254755282656178
1101,-2.4476255715786164,-0.5080310687107312,0.01737759179819844,8,0.0
1101,-2.380294374333077,-1.5089631712624723,0.01675315507035705,9,0.0218291495571079
1101,-2.4016011199278524,1.5015815952358664,0.016040887702601744,11,0.0180339306284012
1101,-2.400363606466307,0.510375431419486,0.01588508149548726,8,0.004144021398224418
1102,-2.381295087948791,-1.507862842340442,0.016887826254992244,9,0.021594863066156628
1102,-2.4002905963590973,1.4987615520154698,0.016876143323248022,10,0.021457836413974703
1102,-2.395024459936957,0.5092395007819819,0.0171129521691371,8,0.0
1103,-2.4493182080514466,-0.5009521109951509,0.016344190256518332,8,0.003036840703178196
1103,-2.3825315861377745,-1.5139380080819813,0.01587946868052186,9,0.016787733214640072
1103,-2.3965583812966322,1.4996679274701734,0.016067523204907844,10,0.021125696864511136
1103,-2.396290076610118,0.5107241317094398,0.01612545182088118,8,0.003737747948874791
1104,-2.4515586870856922,-0.5026488409281304,0.01688179052746447,7,0.0017317462127416968
1104,-2.384084203808645,-1.5110651838783578,0.016069010806380592,10,0.01650677426413756
1104,-2.396979248431563,1.4950842896342265,0.016999921565680788,10,0.021206094042578928
1104,-2.400442669840281,0.5103923341438628,0.015286705558127339,7,0.004029551003062654
1105,-2.4492797420990815,-0.5054869095527665,0.01646012763877267,9,0.007436598359516103
1105,-2.3792486409127536,-1.5107659589708426,0.017001150684714503,9,0.019638403131311162
1105,-2.403933709256842,1.4966088452130237,0.016985403871054,9,0.017246337373505796
1105,-2.3986733203246895,0.5051552144409466,0.016087226398790292,8,0.004053757190891948
1106,-2.441430716968891,-0.5005726048471941,0.016196640191021655,7,0.0027431675483161194
1106,-2.3837719730237428,-1.5087615176333973,0.016022440249283863,11,0.017285805355158668
1106,-2.379754292880207,1.5037046187399123,0.016209432285054927,10,0.0
1106,-2.401085863771298,0.5001347349451801,0.016116147651697575,8,0.017476815505987946
1107,-2.4459449459220832,-0.505208027394379,0.016780765019523494,8,0.002984717771299432
1107,-2.3827659079679804,-1.5117352370961488,0.01567748862260713,11,0.018429817600689978
1107,-2.397043765264092,1.4966738415225902,0.015539186718464541,9,0.01778149398077783
1107,-2.4016524424766885,0.510649948176983,0.015577378146240058,8,0.003871562584041483
1108,-2.382607388790012,-1.509570778814562,0.01575943559708758,10,0.018363450712840165
1108,-2.3965540480739698,1.5029051248513592,0.016866720891685533,11,0.018256537688946965
1108,-2.4049640956349445,0.5035105792818971,0.01614602260251196,8,0.020751223829633406
1109,-2.380811403057813,-1.5109823264462956,0.015982304663628065,9,0.018426637027946766
1109,-2.4012252322726777,0.5056934669724227,0.01601004055511698,8,0.004522740301623872
1110,-2.3821396580580165,-1.5120224496485482,0.016284642851491497,9,0.01845077501593941
1110,-2.4048873755559437,1.4957093822659793,0.01661052378597112,9,0.017241462131755876
1110,-2.3996522378771825,0.5060851946999398,0.01599881701779841,7,0.001485414526521192
1111,-2.439538563536527,-0.5038850782079322,0.016330641844573102,7,0.0030190352075729386
1111,-2.379837033148599,-1.5114142610145769,0.016732935776385904,9,0.02032693866300911
1111,-2.3966191211615255,1.5013279098213785,0.01627607535418385,11,0.018988805906215156
1111,-2.400286202921969,0.5103591120925367,0.015440174025170091,8,0.003981611142041722
1112,-2.4505643290329786,-0.5036826852838031,0.01737978286655717,7,0.0
1112,-2.385576753761618,-1.5234027125639922,0.016501490786772387,9,0.0
1112,-2.3988176576001896,1.498945713994265,0.016648659154255768,11,0.023400086663375844
1112,-2.39854645477033,0.5118125756257532,0.017101469078939807,8,0.0036516913747652795
1113,-2.4544803295121462,-0.5044860252187532,0.017382632483879275,6,0.0
1113,-2.3844431236702874,-1.5121976345264365,0.016297186013229065,10,0.02066175249199068
1113,-2.4155535793821064,1.4937418617551763,0.016332211017656674,10,0.0
1113,-2.4090718624183673,0.502914369144697,0.01654008874755167,9,0.02134850955525584
1114,-2.3852672495842464,-1.526681904211225,0.016238510000186848,9,0.0
1114,-2.396343468078994,1.4994172002360604,0.016401582293433102,10,0.021382515867890917
1114,-2.405498600821906,0.5068802126348064,0.01613841087770466,8,0.018366741279845358
1115,-2.433611117903641,-0.49896920157312663,0.01617186936842526,7,0.0027296715097371803
1115,-2.3833749375157955,-1.528734196497901,0.015519383701981302,10,0.0
1115,-2.392314138668056,1.4961850739153362,0.016073737270633513,10,0.0255230177830493
1115,-2.4071399847039023,0.5043409263737916,0.015990030095724486,9,0.020302718626338572
1116,-2.4396587415271087,-0.5014420251471164,0.01618348141485822,7,0.0031579237477830447
1116,-2.3794487122819348,-1.5084265818738194,0.016739283421289115,9,0.021809316532541978
1116,-2.4137582229140024,1.4982656864169408,0.01621401319395106,10,0.010571515411488458
1116,-2.400727714872292,0.50680378828263,0.015621724638721442,8,0.0025425184170295104
1117,-2.4505610122683574,-0.5086415034849041,0.01737992790501747,7,0.0
1117,-2.382197017011656,-1.5094430825444582,0.016431390588011463,9,0.021522145973869204
1117,-2.3978565537212413,1.495623979186923,0.016253952232999743,10,0.019659320087915585
1117,-2.407748572200381,0.5055999809123525,0.016005267513624296,8,0.0188174163405345
1118,-2.4454072713221695,-0.5050948488381409,0.016340111796871785,7,0.0030306382666404
1118,-2.387462509955949,-1.498103273150166,0.016143315840209914,10,0.016744728688202905
1118,-2.3968990402325594,1.496643338362767,0.016835335762363582,9,0.021419860421411023
1118,-2.4080583955329815,0.5049613799048897,0.016235464964548457,7,0.01449190914862963
1119,-2.4434327425203275,-0.5040720717566168,0.015817604142125706,7,0.0032776018022628033
1119,-2.384236262872955,-1.5065911725125742,0.01636755337603403,10,0.019580624844227686
1119,-2.394673181518578,1.5029228328952116,0.016854002425450675,10,0.018718557721920364
1119,-2.4100756012241673,0.5067495546350268,0.01621174323323977,9,0.01930584903785194
1120,-2.4466468285297833,-0.5078266592176591,0.017377488740052162,8,0.0
1120,-2.379357659554454,-1.509981675767112,0.01617355208988719,9,0.021301072817226208
1120,-2.4100174122302835,1.4895964786016331,0.016468837753353734,11,0.020282222081767977
1120,-2.4102151841510655,0.5035825679743683,0.01638839883123569,8,0.022087294951071753
1121,-2.382289969153818,-1.5149661982025266,0.016499152536551973,11,0.016173219452582117
1121,-2.3976539361311566,1.4987232402475443,0.0162708216513558,9,0.022942411109618616
1121,-2.4076644695505007,0.5007057425469471,0.015742924537835944,8,0.018975104732029208
1122,-2.4478312999655167,-0.5051881485875079,0.016893852984675002,8,0.0073499937748351795
1122,-2.3841680018339737,-1.5075266540948657,0.016444643189391164,9,0.01962002069638431
1122,-2.3793030327619293,1.4969716203499799,0.0161816033153549,10,0.0
1122,-2.3995234530920495,0.502900982686192,0.014540056706998821,8,0.0
1123,-2.387376384010543,-1.5215118619298087,0.016233016131311284,9,0.0
1123,-2.4040832217261503,0.5030532539583628,0.016031212423578984,8,0.019289909375924057
1124,-2.3789303509059376,-1.5097075202087953,0.01616612262051233,9,0.020592179141018647
1124,-2.4046315643220426,1.4958820295492794,0.01645794388982071,9,0.01584912756719127
1124,-2.4108198503797245,0.5016132828544239,0.01676255633048699,9,0.022568131758191518
1125,-2.4365315873948408,-0.497107126403542,0.01582592054946772,6,0.0044080438742207665
1125,-2.381177981200239,-1.51293320558046,0.01624750299050354,10,0.020180344704087465
1125,-2.3809796566448886,1.4980254906815162,0.016201147975031336,9,0.0
1125,-2.3978024021704236,0.5110471083652753,0.015602559036148255,8,0.0025404697458685423
1126,-2.380720126735618,-1.5150084922248828,0.016655671483360047,9,0.01842614504761287
1126,-2.3961991051778213,1.4961454606445295,0.01553018648858468,9,0.017770440056366216
1126,-2.404999292764559,0.5001063321415709,0.01610281637634757,8,0.019808638494849616
1127,-2.44593458799032,-0.5045855049705383,0.016246213847401506,7,0.0032343511399719085
1127,-2.3844258517892847,-1.5261470415671172,0.016241066872277443,9,0.0
1127,-2.393508549903171,1.497265116992079,0.016547114205604042,10,0.018326390564917774
1127,-2.3978251757300133,0.5038826337699286,0.01631054115874828,8,0.002909754186867594
1128,-2.4591034566814813,-0.5029533385146736,0.01635891179260648,6,0.003054767486835053
1128,-2.383525678682988,-1.5203614166940926,0.016251488214115675,9,0.014399067767762064
1128,-2.3799533008130256,1.500603494569515,0.01734930055749285,10,0.0
1128,-2.3990241682029896,0.5061322830090694,0.016085754811488964,7,0.00388008566615342
1129,-2.3770993603905555,-1.5173069439947906,0.016466753161084487,9,0.01932705503822046
1129,-2.4004840282277766,1.4970541333894356,0.01616634467420938,10,0.018924587301484212
1129,-2.4016647693624793,0.5057841401932613,0.016031271568049593,8,0.003905838798627932
1130,-2.3816855633530216,-1.5120230513718276,0.01595778021067402,9,0.019360144769603092
1130,-2.401623795933403,1.495993357764324,0.016028001916939424,9,0.018538549361898207
1130,-2.400363606466307,0.510375431419486,0.01588508149548726,8,0.004144021398224418
1131,-2.38211513728286,-1.5149616915073187,0.016148717612135207,9,0.017751052456952535
1131,-2.396391724206163,1.4979448006459415,0.0164630090471466,9,0.020282807066766724
1131,-2.408997614201954,0.5071292647061499,0.015993014643263193,8,0.018194066197347175
1132,-2.3804396469293656,-1.5159861222180246,0.01652313727294988,9,0.01759941164833916
1132,-2.3809796566448886,1.4980254906815162,0.016201147975031336,9,0.0
1132,-2.4047738569005666,0.5027923683497714,0.017034059476576192,8,0.01825830334331704
1133,-2.452792114126616,-0.5016629660493509,0.01678914743515529,7,0.0029936327431611936
1133,-2.3780863781603836,-1.5091729880834617,0.01615218681577145,9,0.020572635355319592
1133,-2.3973236725789446,1.4969198007011757,0.015894002093677598,9,0.017756851795750164
1133,-2.4021315457498544,0.5071002550806378,0.01645393904576915,8,0.00425638801528886
1134,-2.4420100488449905,-0.5019254132414832,0.01580608798737855,7,0.0032300874702745545
1134,-2.3796669479935373,-1.511799813883214,0.01582668463748832,10,0.020949673072452102
1134,-2.412812845172301,1.4952834216506752,0.015580796035564138,10,0.0
1134,-2.394371208918085,0.5054606064645466,0.016093975535240716,8,0.0037353724755259865
1135,-2.4014978434021788,1.5006134141949197,0.016365367707394156,11,0.01796201247130475
1135,-2.3991851532920396,0.51134114524755,0.01645557071286827,7,0.0042623708910080604
1136,-2.3806243529110116,-1.5107865753865668,0.01618969379936456,9,0.022015915748279193
1136,-2.402079527530986,1.4949910612191015,0.015792437995181794,9,0.01785505439842491
1136,-2.4000970776025286,0.5109267379712562,0.015802406885037396,8,0.004285790836778243
1137,-2.4348036314228363,-0.49921328944165494,0.016647154043130243,7,0.005970340034138905
1137,-2.3833749375157955,-1.528734196497901,0.015519383701981302,9,0.0
1137,-2.400830633502103,1.4995120561452455,0.01537278922614766,10,0.015012580488043267
1137,-2.39355985087,0.5113545037410976,0.017102850276750063,8,0.002816914088958922
1138,-2.449857757373842,-0.5060159201390473,0.016786690585364725,7,0.002989232332810041
1138,-2.380365617307364,-1.514461233955774,0.016080241576622495,9,0.01904414603569764
1138,-2.393488939846961,1.5025940134303397,0.01741184547585826,11,0.019453770719077657
1138,-2.40959936637362,0.49771450925943217,0.01552227132142409,9,0.020725217017802524
1139,-2.383874952609279,-1.5223167750344264,0.016482824650494606,9,0.0
1139,-2.396213450286324,1.5010680352463763,0.01672450793959639,10,0.01939029685353017
1139,-2.4009011980253367,0.503022012595162,0.015664007313688926,8,0.01674017578946473
1140,-2.4456685880394953,-0.5076223529065882,0.017376877897247785,7,0.0
1140,-2.3824685681862783,-1.5128056251878113,0.01598492319484711,9,0.01838959784119757
1140,-2.41329694910398,1.4928574529816043,0.01625557576837525,10,0.002697433163236169
1140,-2.400650192089899,0.5061785937266221,0.016239897631428985,8,0.004103530822810525
1141,-2.3709345941294724,-1.4917042219283736,0.01606972772686063,10,0.0
1141,-2.3978878225446913,1.494861929525055,0.01654081323545751,11,0.027045077726659407
1141,-2.398346904401386,0.5099463682518324,0.015422761709242422,8,0.003982746859461886
1142,-2.451813915293758,-0.5064193589543122,0.016789943549773964,7,0.002997923933048546
1142,-2.3806516032013887,-1.5110509557092606,0.0162854856199077,9,0.018482361156003654
1142,-2.3986495143436843,1.4973194301090953,0.01676717568995441,9,0.020006342385373296
1142,-2.4022005312207972,0.5045497970337409,0.016086414819639728,8,0.01599417320882188
1143,-2.439538563536527,-0.5038850782079322,0.016330641844573102,7,0.0030190352075729386
1143,-2.382610979932992,-1.5067424492134986,0.0161370637131339,11,0.019194189411410573
1143,-2.4024734902688243,1.4965224347261126,0.0160351637126011,9,0.018546919287574307
1143,-2.4036143926702738,0.5036230532877793,0.0157739729869191,7,0.014055418691724147
1144,-2.444966343747025,-0.5050037179645667,0.016780356571161417,7,0.0029832953047350926
1144,-2.379930178061183,-1.5152655872003995,0.01627981549091242,9,0.018249330320746743
1144,-2.405095620553453,1.5067000259641352,0.01632176079135681,10,0.014860254782785284
1144,-2.4101447301912584,0.5017787975431236,0.01620758709296243,9,0.022557714715229896
1145,-2.381458633688296,-1.5165212972406017,0.015801143420477552,10,0.015995429285240375
1145,-2.3959612496015357,1.5049754334603462,0.015616104538671037,10,0.019106184798545874
1145,-2.3996414497297267,0.505358774234491,0.016097813523943277,8,0.004057676706792918
1146,-2.4434509534131705,-0.5046919866386655,0.016336705951196014,7,0.003026638465134632
1146,-2.3829445393316138,-1.5186940371378856,0.016678809460681936,10,0.01905943191030068
1146,-2.3832172783104286,1.499432152303349,0.016553915424858477,9,0.0
1146,-2.3987934243095745,0.5063946252210798,0.015599289334508826,8,0.002544663635769508
1147,-2.3805821672079124,-1.5042738942800071,0.015823530751418086,9,0.017563359964004044
1147,-2.4004129932736364,1.4977582189545604,0.016255772322838122,11,0.01787683712353778
1147,-2.3978987376500545,0.5147149861374394,0.01715804670755545,7,0.0
1148,-2.446481724348643,-0.5053195356025185,0.016731824947356196,7,0.005970755727746911
1148,-2.3807774337285332,-1.507358239985792,0.01583245575801654,10,0.019019587494969962
1148,-2.411962305349708,1.4947563997712134,0.015579475664347819,9,0.0
1148,-2.410223795272823,0.49137469738558737,0.014741249895702496,8,0.019136298177994136
1149,-2.384333206654642,-1.5098876563807684,0.015951043368636512,10,0.021638595485983673
1149,-2.3967660435850315,1.498289271381637,0.01697325215686144,9,0.019503014360515464
1149,-2.4051877156021293,0.502427574608457,0.0156941674062926,7,0.01759397065818324
1150,-2.4399664083490076,-0.5141739281267779,0.016556692441978535,8,0.0211317563053572
1150,-2.386555539542067,-1.5202169528610419,0.016475868477956644,9,0.0013453936835041234
1150,-2.3920411512373274,1.5049499213966684,0.016265310475637597,10,0.019094498567769465
1150,-2.39905753006614,0.5036162191832404,0.015327635565890353,7,0.004640112722757519
1151,-2.4414022614981676,-0.5135955451976105,0.016437388757984978,8,0.02031549304604869
1151,-2.3864267082965847,1.5014826756745174,0.015835973193976394,10,0.02032971177021031
1151,-2.407748572200381,0.5055999809123525,0.016005267513624296,8,0.0188174163405345
1152,-2.440636264310761,-0.501643790863404,0.01618571408993525,7,0.0031602421568746454
1152,-2.389084946585478,-1.522603612113808,0.016260843844490898,9,0.0
1152,-2.3951869614123207,1.50367257623531,0.01628177199714459,10,0.016851115705586877
1152,-2.4067744080430313,0.5010904487190608,0.017238215749014466,9,0.02253317485111071
1153,-2.4490716152597205,-0.5083286563055472,0.01690660096775399,7,0.0
1153,-2.377550584304525,-1.5104532652446565,0.01579056678047016,9,0.020213542789478324
1153,-2.3986072191105685,1.504692068507655,0.016193550839465304,10,0.017030644467074498
1153,-2.3991041843000738,0.5052457670041649,0.016624751916966902,8,0.0032640461045616883
1154,-2.3852377149322472,-1.5232786507217908,0.016362819227371175,10,0.003087158377680012
1154,-2.407188842790549,1.4974740124758612,0.016493364550903163,10,0.015871172728338365
1154,-2.4111990859083767,0.503854553864998,0.016691085810813116,9,0.020714410059937124
1155,-2.4414950097309727,-0.504288626896983,0.016333929561531065,7,0.00302368383734391
1155,-2.380659434695183,-1.5126265924531033,0.014980153191616755,10,0.01613799940902255
1155,-2.381628376449411,1.5016594983853004,0.017369585375511584,10,0.0
1155,-2.4105880949150595,0.4973806819187054,0.0162430501798341,8,0.022236632793629404
1156,-2.4421892575171165,-0.49826057422360454,0.016019723508609335,6,0.00399240674029413
1156,-2.374289467319623,-1.493816309967107,0.016106037307496934,9,0.0
1156,-2.404000542437519,1.4978235387190846,0.016467061071743897,10,0.02095872415474056
1156,-2.408883657772931,0.4977975213571856,0.016120144406132998,8,0.02198584740048158
1157,-2.4407945097110186,-0.5053782493694079,0.016870907618421763,7,0.0017273254092604242
1157,-2.3705459841163976,-1.4978864095126967,0.01610180963164,9,0.0
1157,-2.3931723585315314,1.5035231735103862,0.01639842169720847,10,0.021199754331467445
1157,-2.3982258132015253,0.5111364069501692,0.016146467610979848,8,0.003741286291674641
1158,-2.3818290912098576,-1.5131440290956484,0.016407776782018824,9,0.02033467396363044
1158,-2.3977535667783285,0.5049613665120107,0.01647821453765367,8,0.004885829370361078
1159,-2.450296548192982,-0.5011519091666284,0.01634555199619715,9,0.0030399031842324336
1159,-2.386740578563652,-1.5210191771594777,0.016441998811560877,9,0.0
1159,-2.379115759899325,1.5000754905710476,0.017339161881969333,9,0.0
1159,-2.3969769020872373,0.5047962231271115,0.017122927908067388,8,0.0
1160,-2.439538563536527,-0.5038850782079322,0.016330641844573102,7,0.0030190352075729386
1160,-2.3821224334096223,-1.5155326560842064,0.015531234702214559,9,0.013863047713355673
1160,-2.4078449829659,1.4954788339938767,0.01575737634835376,9,0.014027049050738986
1160,-2.405968136285336,0.5006801622275284,0.01532980132273131,7,0.01918080554389014
1161,-2.3850017703886777,-1.5102783721721245,0.01616866710868584,9,0.01672529900688054
1161,-2.4025449343422385,1.4952838850781969,0.015907815951875185,9,0.01768342922042881
1161,-2.4048869745748256,0.4977755468439435,0.015761668733338854,8,0.020771718304051584
1162,-2.3805522110039288,-1.5091812381731395,0.015676894625441626,9,0.019562603049549848
1162,-2.3815352753102808,1.4983762747433913,0.016539717137543226,9,0.0
1162,-2.3958450543692305,0.5069856446826326,0.016276347622714987,8,0.0
1163,-2.4391790456601328,-0.49969962275783275,0.016456202406635808,7,0.006087862898711922
1163,-2.3806059443528795,-1.5145912502483714,0.016155198002735256,9,0.017634052638832103
1163,-2.3949288397386153,1.5002522243390277,0.016461515995782265,10,0.02373352808225662
1163,-2.3975793045998426,0.5049232396582516,0.014825452287626112,8,0.002734242566172959
1164,-2.440648066581209,-0.49918013564327524,0.016301517760782633,7,0.0042208494608769204
1164,-2.377834419178821,-1.505704136930606,0.01668731199306021,9,0.019499492438515318
1164,-2.399664699206021,1.4994246993968785,0.016064838654076763,10,0.020286681123514082
1164,-2.4060430314963237,0.5006926146875968,0.015719820329446108,7,0.01984573540311655
1165,-2.381241385087021,-1.5079385272025363,0.01638318480428032,9,0.022121486517192875
1165,-2.3977113431680235,1.4991658012230635,0.01620064024574445,10,0.0205921434020655
1165,-2.4013970519061987,0.5118120786760356,0.016466608321213664,8,0.005015500578225884
1166,-2.3794285873662595,-1.5143809855893295,0.0160793700992995,9,0.021034470235320752
1166,-2.3830899872710627,1.4994668712563892,0.016649743948170107,9,0.0006808210305841128
1166,-2.40550594299797,0.5028148449230311,0.015964318587478685,9,0.01752737065536397
1167,-2.437225538904001,-0.49929886506564886,0.016448773308454814,7,0.006084380697260337
1167,-2.3726110443350645,-1.4927589829523344,0.01608947376236398,9,0.0
1167,-2.4043709335424763,1.4965245705380883,0.016749171790906934,10,0.01743501617162346
1167,-2.4016218428692477,0.5124694917969083,0.016964000688575852,8,0.0035683209888479916
1168,-2.3836698763290554,-1.5146639755944602,0.01643500097677716,9,0.017897228304348926
1168,-2.392662005778324,1.4967362927240384,0.016540119044205447,9,0.018320070559965786
1168,-2.4094815866049943,0.5082524076746534,0.016564636117673594,8,0.016121982097316565
1169,-2.4396587415271087,-0.5014420251471164,0.01618348141485822,7,0.0031579237477830447
1169,-2.384374280695103,-1.5156748471942667,0.015911384161377794,9,0.01616592604433269
1169,-2.397830019813264,1.4956177847411105,0.016267500286603433,10,0.019003233104551973
1169,-2.4079893024906074,0.5134604840750445,0.016564902447072257,8,0.004849878346913085
1170,-2.442454930700592,-0.5038695009671514,0.015816008679756216,7,0.0032755866884503506
1170,-2.382532670959059,-1.5125603575401463,0.015968534666822843,9,0.019375765682553288
1170,-2.4055035623482492,0.5044307668105978,0.015966049927426083,7,0.014558481283176829
1171,-2.381241385087021,-1.5079385272025363,0.01638318480428032,9,0.022121486517192875
1171,-2.4175880712358047,1.48852314636887,0.01632280652719249,9,0.0
1171,-2.3985247516950254,0.5035040133603176,0.01581562378161495,7,0.005157204328901403
1172,-2.387376384010543,-1.5215118619298087,0.016233016131311284,11,0.0
1172,-2.3978204484238317,1.5004621530012625,0.016082349566016174,10,0.020990775723288058
1172,-2.4077250268367516,0.5086008003538105,0.01633314213197613,8,0.017267284876849177
1173,-2.459842781610911,-0.5055910581824198,0.016912881969842086,6,0.0
1173,-2.383182875145265,-1.5144939894637772,0.016680631351206402,9,0.020601442599386382
1173,-2.398161031198951,1.4974167121934205,0.01589917872061098,10,0.025004898429679817
1173,-2.4054088275358927,0.5029852031740649,0.01590196885709477,8,0.017142732458146397
1174,-2.459842781610911,-0.5055910581824198,0.016912881969842086,6,0.0
1174,-2.3875940114374674,-1.521564569077411,0.01645439676991819,9,0.0009425139972645255
1174,-2.412649552854158,1.4984234496556055,0.01632998940199321,10,0.0
1174,-2.410831320592209,0.501959221191893,0.015607741096029018,8,0.022187144501207543
1175,-2.450836021169649,-0.5062173306152062,0.016788129330963512,7,0.0029933319880997645
1175,-2.3803064944808967,-1.5089581994313799,0.015805716921424965,9,0.021459237011618556
1175,-2.3826564698371877,1.4990804797344488,0.016220472552201874,9,0.0
1175,-2.396007370130587,0.5045923826702098,0.017113498927613952,8,0.0
1176,-2.3845030504515132,-1.5121459078450386,0.01595577526185811,9,0.022039454380839152
1176,-2.395133314386183,1.490839671640446,0.01631662273234209,10,0.025168495937023184
1176,-2.397812256052999,0.5059174294427217,0.016307644530426314,7,0.003936277369383527
1177,-2.3851575722620044,-1.510430936463796,0.016124435164357125,10,0.0246620841596038
1177,-2.394477871207959,1.5023779180123293,0.015211311789879669,10,0.016563348495983655
1177,-2.399758233829644,0.5065991928326891,0.015612227000543922,7,0.002541203121194535
1178,-2.4419998689846376,-0.5073440531677489,0.015941713830789243,8,0.00822093673601069
1178,-2.3778329237879463,-1.4928271136425826,0.01728499136295834,9,0.0
1178,-2.4184451009206374,1.489052180498145,0.016329907502986782,9,0.0
1178,-2.406197599260856,0.5014755051643781,0.01642370597177605,7,0.021717686119469434
1179,-2.3810731834846783,-1.5181892231671834,0.016419659397823045,9,0.017431413510502227
1179,-2.412594371346863,1.5006687441398334,0.017038772536836166,10,0.0016776720543274365
1179,-2.407990405895284,0.5069605482489146,0.016216081498150604,9,0.019890854885283724
1180,-2.445920474538327,-0.5027295966283425,0.015816512797034638,7,0.0032383710266245557
1180,-2.3822522007874105,-1.5053493806688465,0.01637967361551304,10,0.02092619474386205
1180,-2.4033587325468915,1.499055563603476,0.016039838335590778,10,0.016305150604025837
1180,-2.4095712673333316,0.5048193458137301,0.015351295047462759,9,0.020151320641054207
1181,-2.37933794456178,-1.5099799057760754,0.016380255535133992,9,0.02226235383463685
1181,-2.379115759899325,1.5000754905710476,0.017339161881969333,10,0.0
1181,-2.410245500511919,0.49625131883038476,0.0147486000260227,8,0.01913248732483397
1182,-2.449857757373842,-0.5060159201390473,0.016786690585364725,7,0.002989232332810041
1182,-2.389938830914293,-1.5231474245605807,0.016272742752682028,9,0.0
1182,-2.4032942831778996,1.5023787746319175,0.01660321749523649,10,0.01874422394142701
1182,-2.397275815104006,0.5060745809756222,0.016126019526125607,8,0.003738122680319745
1183,-2.3736454408770253,-1.4901990594516443,0.017228546168307216,8,0.0
1183,-2.40335706439074,1.4964144631264567,0.01637623835916977,10,0.01912718784659558
1183,-2.4077717754012045,0.5011245970903196,0.015766814716548158,8,0.020799941000644535
1184,-2.438542463554063,-0.503061983919084,0.015808923406597886,7,0.0032666859061852107
1184,-2.378670858680821,-1.4933527477259405,0.017295802466260994,10,0.0
1184,-2.3952721671254187,1.4955266902716484,0.016369653452462704,9,0.01792920443322482
1184,-2.408928446661366,0.5001326308644718,0.015848364516626676,9,0.022115848358047644
1185,-2.458396511727588,-0.505292592600402,0.01738516442750304,6,0.0
1185,-2.384211841289814,-1.5292718802037688,0.015514685229899645,9,0.0
1185,-2.3832172783104286,1.499432152303349,0.016553915424858477,9,0.0
1185,-2.4054518825425584,0.5059391419718752,0.016519416530236752,8,0.018718556052535296
1186,-2.386400035491947,-1.5095075623345275,0.015590502858247866,10,0.017505869182995473
1186,-2.4098611670750922,0.498000049335109,0.016127685370827472,8,0.02199684346309615
1187,-2.386495209789114,-1.511247799279718,0.015829517570652193,10,0.016912845854991813
1187,-2.391088897222592,1.5063770491152848,0.016828073762573965,10,0.018047984246783822
1187,-2.406365513766814,0.4998220963482227,0.015858581286841443,8,0.01966454815580714
1188,-2.379461287873715,-1.510922117163484,0.015487134915886276,9,0.020205865954501405
1188,-2.399235601072826,1.500061759239803,0.015287994481348793,10,0.016533815460434875
1188,-2.3988937672830577,0.5015570503314097,0.016258488495595046,8,0.004693285344017626
1189,-2.4529858589349844,-0.5091434492236532,0.016909007225586983,7,0.0
1189,-2.3835712344922526,-1.5255987304504839,0.016226207933527727,9,0.0
1189,-2.3799533008130256,1.500603494569515,0.01734930055749285,10,0.0
1189,-2.4060684160131025,0.5025807575391076,0.016275171201189466,9,0.018253645176816526
1190,-2.3887355997623305,-1.5205342147541039,0.016064316787166345,9,0.0023430250462221193
1190,-2.379115759899325,1.5000754905710476,0.017339161881969333,9,0.0
1190,-2.4026239757500725,0.5108569322401038,0.015584923597660288,8,0.003873815790426906
1191,-2.384719577305664,-1.4907087536113224,0.015005692047380302,10,0.004310444228565725
1191,-2.406801115529879,1.4992892073762725,0.016546914354145355,9,0.01448230916771803
1191,-2.406950142277653,0.5005122748550794,0.016118640146193016,8,0.01982810661005126
1192,-2.4613329375763717,-0.5058969851936276,0.01738752619486132,7,0.0
1192,-2.3859706837542736,-1.5152525181158958,0.01682471916281725,11,0.018314133604631157
1192,-2.3805886894688926,1.5042323699871516,0.016222161306374494,10,0.0
1192,-2.4061748927623423,0.504866060148983,0.01658938399916925,9,0.020740502844004215
1193,-2.439538563536527,-0.5038850782079322,0.016330641844573102,7,0.0030190352075729386
1193,-2.3854967474703237,-1.5105123361535422,0.015580982049322642,9,0.018478046640840694
1193,-2.383703906160861,1.4965128471275955,0.01735390062278709,9,0.0
1193,-2.404207701113325,0.5027078829815069,0.016070862919244373,9,0.018186515153239134
1194,-2.3814710041481812,-1.51132451736447,0.01620557994042251,9,0.022042726140271883
1194,-2.3991041843000738,0.5052457670041649,0.016624751916966902,8,0.0032640461045616883
1195,-2.378853101442348,-1.4902525466362326,0.0161355646736072,10,0.0
1195,-2.404371593279318,1.5192583325370381,0.016375368786232896,10,0.0
1195,-2.4085330547490176,0.5047349212479795,0.01624971006734578,8,0.021057289398026917
1196,-2.379553636043333,-1.5068699798298928,0.01635960089688869,9,0.022084087608268996
1196,-2.398706548325926,1.496164000919262,0.016741412436329914,9,0.01761996223997411
1196,-2.407974471002659,0.500431304423257,0.015635077187886735,9,0.020941547210819398
1197,-2.4564383103512957,-0.5048917061288227,0.01738336222707287,7,0.0
1197,-2.3958826563767417,1.4992494701133265,0.01683457564198127,9,0.01809750317512571
1197,-2.408953949804826,0.5007698233987049,0.016254863500295758,8,0.02172889974490651
1198,-2.438542463554063,-0.503061983919084,0.015808923406597886,7,0.0032666859061852107
1198,-2.3863235216421703,-1.5241000888956528,0.015505396535352997,10,0.0
1198,-2.398039492218716,1.4969134977307064,0.016329334093432412,9,0.016753448649331606
1198,-2.405662310663495,0.5003435027234079,0.015742243962445435,8,0.01956276605925019
1199,-2.373455249203269,-1.493292611515515,0.01609105698551284,9,0.0
1199,-2.3939086615996583,1.495529243167198,0.015519286922277633,9,0.01698367320196905
1199,-2.4139051172599495,0.49337429883386047,0.016103552526693883,8,0.021677818977248475
1200,-2.439538563536527,-0.5038850782079322,0.016330641844573102,7,0.0030190352075729386
1200,-2.374289467319623,-1.493816309967107,0.016106037307496934,9,0.0
1200,-2.408198734296096,0.5018393716079927,0.015539467430548697,9,0.020554017998510234
