frame,center_x,center_y,radius,num_points,fitting_error
0,-3.8394735532611257,-1.7638722359720442,0.016439208546547016,10,0.0
0,-3.6325602666886496,1.3878803853630413,0.01696724609225125,11,0.0
0,-3.7505263630529355,1.3728657576785368,0.016651457219537882,6,0.0025875825021995143
0,-3.6323892089250904,1.2354025877451988,0.015608186147927257,9,0.0
0,-3.7490255021505328,1.22836655281769,0.01695181399666678,5,0.0
1,-3.761143241415722,-1.6970577115618748,0.015795414949708743,10,0.0
1,-3.6278856632312713,1.3930854079931623,0.015160167109069466,10,0.0
1,-3.7515496034642384,1.2274206124972562,0.01576225446872166,4,0.0
2,-3.7511184255202212,1.2262348934605785,0.016919254055738152,4,0.0
3,-3.5895741932871963,-1.5365531253407578,0.016816378851216188,7,0.0
3,-3.758503127021651,-1.6914811308136648,0.01662515651717158,8,0.0
3,-3.6299874888405754,1.385817647300782,0.015476414473855732,10,0.0
3,-3.7494838805013795,1.3806338170609913,0.01684157952287225,7,0.0
3,-3.632146149793616,1.2426130536201334,0.016832831743665115,9,0.0
3,-3.7443461587661724,1.2451829403114731,0.017386139757371428,6,0.0
4,-3.6316100897302723,1.387509644494014,0.01609980119963851,10,0.0023102515672790216
4,-3.7494391413482515,1.3826167349035732,0.016272814193142172,5,0.0
4,-3.749167624581644,1.226155188363653,0.01742481406131556,4,0.0
5,-3.6346496154189634,1.383951422227661,0.01602267061073429,11,0.0050029581312891
5,-3.748651947830943,1.3730303780381032,0.015806785185457774,6,0.0
6,-3.6178543863923336,1.3849453641281648,0.015803856760933835,10,0.0178818631050398
6,-3.6349442827970675,1.2364645277292459,0.015488892872170505,10,0.0
6,-3.7518170671899744,1.2274935399859077,0.01551436314286439,4,0.0
7,-3.5969081900901116,-1.6991748859544777,0.01732232609301501,7,0.023565848118713643
7,-3.631978321758329,1.239690162431532,0.01637471610521318,10,0.0041610026997452145
7,-3.750091823538053,1.22887698362791,0.015803228584268053,5,0.0
8,-3.852454824356087,-1.7783009745502925,0.01636519705332019,6,0.01368605101675014
8,-3.631578738071694,1.235715942459644,0.015606523846587906,10,0.002975420321673486
8,-3.7490582882144237,1.2263814850441177,0.016454199358962727,5,0.0
9,-3.723654984267496,-1.5621375536906421,0.017043808320614744,10,0.0
9,-3.5926678121956823,-1.5378760931818878,0.01452319905457771,7,0.0
9,-3.6359590739397785,1.3759907877019688,0.016062066539695895,10,0.0
9,-3.6337840812940287,1.236874686822567,0.015905433228234806,10,0.0
9,-3.7642244202560367,1.2315523057636404,0.016182081903318775,5,0.01833440659339227
10,-3.8377810432031794,-1.7630942327631758,0.016556003441471696,9,0.0
10,-3.631691402291503,1.236601662265599,0.01647575578875574,10,0.0027321154910449515
10,-3.750135224318895,1.2265156133190054,0.01622394990659584,5,0.003721120309602269
11,-3.8029281464407765,-1.75627820994938,0.016812772802996995,5,0.0015962576326815918
11,-3.606634323335092,-1.7123019691460728,0.014974242570030187,5,0.0
11,-3.639165519989881,1.3772040880788334,0.016479365636118938,10,0.0
11,-3.7525852212685082,1.3743806642790575,0.016649727518696276,4,0.0
11,-3.631303333786674,1.2358664906396233,0.015691325992526064,10,0.001860428583007708
11,-3.7468986124970454,1.2277731372141019,0.01617274266999603,5,0.0
12,-3.6367566365569406,1.3803256226276432,0.016692402231478477,10,0.0
12,-3.7518473377545583,1.3744727726858221,0.015312372332330411,6,0.0
12,-3.631040737402454,1.2349442201424243,0.015235019683433323,12,0.0
13,-3.629845879074586,1.3939623631516858,0.016316226002673836,10,0.008593457271730918
13,-3.7471110343543623,1.3803389439216653,0.016567657498614132,7,0.003627490620861075
13,-3.6330410819358088,1.2399326842146792,0.01562743733636507,9,0.005334104356386762
14,-3.5926678121956823,-1.5378760931818878,0.01452319905457771,8,0.0
14,-3.779757952890539,-1.7054570666821012,0.015242458012686439,8,0.0
14,-3.8577387394525298,-1.7722641122243734,0.017419865301160027,4,0.0
14,-3.7508816249990953,1.3728664049460104,0.01716526362545041,6,0.0
14,-3.635224212908534,1.2374035668012915,0.016380703270444143,12,0.0
14,-3.7480767476307513,1.228053109841638,0.016951120815977983,5,0.0
15,-3.598918951340253,-1.5488500323144876,0.016871979758079657,9,0.023008654472740406
15,-3.6313649254628295,1.2353226706535128,0.015733170902861648,10,0.0
16,-3.723458055769097,-1.559789795660629,0.017481370125902364,10,0.0
16,-3.623239676004031,1.3837882045338266,0.01612690683074371,10,0.02236889031935809
16,-3.746843116468324,1.386767563563358,0.0148989120282143,5,0.0
16,-3.7507481170582397,1.2261558186532766,0.01636441250557258,4,0.0
17,-3.5963250493927927,-1.5394422017323437,0.014545291538037398,8,0.0
17,-3.6299874888405754,1.385817647300782,0.015476414473855732,10,0.0
17,-3.7499724723337824,1.382708979866311,0.014941399017372193,7,0.0
17,-3.6304886828393634,1.2347568806693192,0.015599563808876917,10,0.0
18,-3.6070720139971635,-1.568940603388704,0.016948417573078342,9,0.0
18,-3.6247740969966773,1.241226127308541,0.016068078457194657,10,0.02137875310844819
18,-3.7485995376875834,1.2263831556127363,0.01588897459388649,5,0.0
19,-3.599839454990237,-1.5492473824998432,0.016880906709197778,8,0.02302404672010725
19,-3.609950182967613,-1.7053045903055613,0.014976223073347922,6,0.0
19,-3.6064815053724613,1.374947170055799,0.015414724252762113,10,0.0
19,-3.750531217429581,1.2260688949092278,0.016570969966107414,4,0.0
20,-3.6292254207865673,1.3922087669033263,0.014981726998086269,10,0.008901868167292363
20,-3.7502438063079406,1.383959008035186,0.015075496936422511,6,0.0012856511404664272
20,-3.6332822612742515,1.2401889357176077,0.016658267716189126,9,0.003116858776606732
20,-3.745428701095757,1.2455418964672147,0.016548488386799894,6,0.0
21,-3.5877459960897786,-1.5357690018316041,0.016805589772159218,8,0.0
21,-3.8405175219362344,-1.7553373791663567,0.016778368092515435,9,0.0
21,-3.631476755819876,1.3827691044769042,0.01568661699715185,10,0.005572414288887581
21,-3.637296576542667,1.2353965277152812,0.01644713781228675,10,0.0
21,-3.750886890266053,1.2272613685911982,0.015441218843366807,4,0.0
22,-3.7635267667267045,-1.6937409986431191,0.017077760864872546,7,0.0
22,-3.603236195324106,-1.7021635075642614,0.017371926538972883,7,0.02363598564354462
22,-3.6345950079071474,1.236154365281198,0.015024950493592324,10,0.0
22,-3.751840216347191,1.2270893166775165,0.016406459619251926,5,0.00355374199938786
23,-3.6022761283731533,-1.5729846083626464,0.015837995514204155,8,0.0
23,-3.764482115275211,-1.7051603042137244,0.015922248334626486,10,0.004450498105440334
23,-3.602332204698933,-1.7017365245125053,0.01736944842966432,7,0.02363278858202294
23,-3.632929928501856,1.3869416927293128,0.017388442215889102,10,0.0
23,-3.7465814897387233,1.3847146569798376,0.016187934438871433,5,0.0
23,-3.6343748665329674,1.2359735583629108,0.016113516721913104,10,0.0029489626889974757
23,-3.7528888977381536,1.2278437141686915,0.015404385118379415,4,0.0
24,-3.7334138358005746,-1.542719797593543,0.01640114771236151,9,0.0
24,-3.763516353645729,-1.7043711282114304,0.015777875380658415,10,0.0
24,-3.632818130582135,1.3879243710829823,0.01630384978269321,10,0.0
24,-3.751324605807542,1.2273319918649466,0.01685079836287826,4,0.0
25,-3.730412151949647,-1.5499582397254423,0.01640331426706984,10,0.0
25,-3.7648225526537695,-1.7030820762802996,0.017116025880343493,10,0.0
26,-3.78158231992984,-1.7062810410325948,0.015244634457313229,6,0.0
26,-3.8542877478485242,-1.7752081841520937,0.015026269278181542,4,0.0
26,-3.6321988078431975,1.387069983438812,0.015860795722219746,10,0.0037467341008696657
26,-3.749064750892436,1.3815013389270288,0.015571360357782928,7,0.0
26,-3.741968666170832,1.2363341722877161,0.016529797782276368,6,0.0
27,-3.7505320183920365,1.228119479129509,0.015725885747496452,5,0.0016242821719257101
28,-3.6364890095893454,1.3783814575622222,0.015118402290818707,11,0.0
28,-3.7505519728161505,1.3727913495734356,0.016573535216221232,6,0.0
28,-3.617509246422801,1.2343305977957972,0.01564925851940477,12,0.015588759881039704
28,-3.748440340260722,1.2282272055685115,0.016558921301551,5,0.0
29,-3.7375631195065195,-1.5424145053636213,0.016786504571396604,10,0.0
29,-3.6034763781213943,-1.5651916495330016,0.015826030404890827,8,0.0
29,-3.8548969186751814,-1.7788564152514403,0.015977224855338902,6,0.013175087707877935
29,-3.752978804767635,1.2278731251958357,0.015322476377246166,4,0.0
30,-3.6018500729843814,-1.5708277458930349,0.01548091557464304,7,0.0
30,-3.634037443126493,1.2355646683634114,0.016014980588717486,10,0.002594437593734053
30,-3.752773072724084,1.2268277424272935,0.016248168376920877,4,0.0
31,-3.75636482013133,-1.5573304426793033,0.015150588594386826,11,0.0
31,-3.6098000136795187,-1.7138048988640295,0.01740606520074427,7,0.0
31,-3.629360065406243,1.3955629267600422,0.01552806368854689,9,0.0
31,-3.633319542080943,1.2367543288025091,0.01636816352658062,12,0.0
31,-3.749506729834844,1.2307656757991938,0.01612435348314367,5,0.0
32,-3.7484579323463336,-1.5319370308157536,0.01745885718880997,10,0.0
32,-3.600961403352861,-1.7010836668638096,0.014941261717889016,7,0.01961699486333988
32,-3.635507325629173,1.3809498042145414,0.017224998485718984,10,0.0
32,-3.7518033266592825,1.3742503444112955,0.01551106684447839,6,0.0
32,-3.6342912704758983,1.2360497580309353,0.015618245388919571,9,0.0
33,-3.7439498184373545,-1.5343351310251188,0.015359838147056243,9,0.0
33,-3.6043947259539197,-1.5632408640367998,0.016793029414437166,8,0.0
33,-3.7796562451809184,-1.7032050441517632,0.015951159386244036,6,0.004468611021921838
33,-3.8516796499438373,-1.7774072477164706,0.015801970788062447,5,0.01335339159605711
33,-3.6383755321717492,1.3769050613955622,0.015658124015962033,10,0.0
33,-3.778593588150183,1.3820889488962174,0.016528231488161474,6,0.0
33,-3.7471271349641184,1.2277392550229627,0.016951354558273266,5,0.0
34,-3.5944960913183386,-1.53866003043709,0.014533963580308285,7,0.0
34,-3.5987150879674665,-1.7000279254163617,0.017334091729278137,7,0.02358092217294211
34,-3.7471550122168584,1.3849270557906082,0.014627805518923181,5,0.0
34,-3.754703089646876,1.2293051568362932,0.014852833502287579,4,0.0
35,-3.6375765470023858,1.3846747371897845,0.01664086949280288,9,0.0
35,-3.752489183948559,1.2267139883934026,0.016518086512638745,4,0.0
36,-3.604783082489641,-1.5659766878829129,0.016358213076260425,8,0.0012926927664891116
36,-3.6312674458391405,1.3873582106673612,0.016613197428963493,10,0.0
36,-3.747518304893674,1.3819797265244522,0.017177705139205718,5,0.0
36,-3.7517846973988904,1.231510927760547,0.014771822872503839,5,0.0
37,-3.6061431095328356,-1.568538316377391,0.01693629561315485,8,0.0
37,-3.63498712419172,1.3796535553526617,0.01589941555019308,11,0.0
37,-3.7509103571633005,1.2231694702505802,0.017124283213349786,5,0.0
38,-3.630747765253845,1.3880733162608712,0.017042913507218805,10,0.0023137401173756213
38,-3.7505663347717353,1.383321327343761,0.015461358441658867,7,0.0032630717145365013
38,-3.6330052942498883,1.235612088345321,0.01618373051342557,10,0.0
39,-3.6197436008834147,-1.6927829350749155,0.017432958352628942,7,0.0
39,-3.7685952272387864,1.401168493284959,0.015153065402007398,5,0.0
39,-3.6339622233834437,1.2322004808156102,0.016818455187921917,10,0.008852860508902424
39,-3.7497280830251554,1.2264198799495538,0.016601456678490174,5,0.003395320214268945
40,-3.7205410382946504,-1.5692069584291775,0.01619197862394398,11,0.0
40,-3.77829158155181,-1.7047942859391112,0.015619350076536115,6,0.0
40,-3.860235326337331,-1.773411393544828,0.0172009198224422,4,0.0
40,-3.617353735409492,-1.7002316071619,0.01660610075511827,7,0.009295903559103032
40,-3.634687008241357,1.2343999941729582,0.01567085525031659,10,0.0
40,-3.751825849948861,1.2265183679343121,0.01624437300344258,4,0.0
41,-3.635072839574378,1.384071555242682,0.01642149957442006,11,0.004792444301972136
41,-3.750672298603693,1.3728444113976546,0.016457585438244174,6,0.0
41,-3.6350332625872497,1.228390573630794,0.014979514228418466,9,0.0
41,-3.752875270970241,1.2259267839635737,0.016069534461297327,5,0.0
42,-3.5904818197716066,-1.5369403108944144,0.01682958061839909,8,0.0
42,-3.7803203073598217,-1.705711987159129,0.014873793007467096,6,0.0
42,-3.851225417876458,-1.7737978274666968,0.014668787430423338,4,0.0
42,-3.628878937204519,1.3864076196937216,0.01610423885278085,10,0.0
42,-3.75295764711348,1.2278657910662745,0.016215774889593467,4,0.0
43,-3.632391187091107,1.384826034114235,0.015519717581667154,10,0.0
43,-3.6359580947713828,1.237709649367181,0.017092980525584212,10,0.0
43,-3.7548094339679827,1.2284719366309511,0.015388340523805376,4,0.0
44,-3.6084771617046263,-1.5656823838236245,0.01651020974242271,8,0.0024843245100763436
44,-3.632008208334148,1.2362800603862698,0.016016332543678815,10,0.0
44,-3.7530472284011553,1.2268675445467057,0.016893909521306715,5,0.0
45,-3.6100311894714574,-1.5641778655206466,0.016424239636688147,7,0.0
45,-3.7821475484658538,-1.7065339311938923,0.014877526214998323,6,0.0
45,-3.860235326337331,-1.773411393544828,0.0172009198224422,4,0.0
45,-3.6210380281704544,-1.6933892076031545,0.01701470310433636,7,0.0
45,-3.63107453365994,1.3880131745268867,0.016408918130277943,11,0.0020064532774204964
45,-3.7519882233240134,1.3742699318238105,0.016248713334968953,6,0.0
45,-3.634550461470671,1.2355652342977455,0.016833394723485714,9,0.0
46,-3.63318289836974,1.2347645116322776,0.014810650858982618,10,0.0
46,-3.750703760224572,1.2271435422234689,0.015651759906178234,4,0.0
47,-3.7624160544471423,-1.6976331392594692,0.015213060116623165,7,0.0
47,-3.75040849130878,1.3758528823348348,0.015316619820431195,4,0.0
47,-3.6366904972268044,1.238484544919755,0.01686060304524964,10,0.0
47,-3.7506751290709937,1.226728606520222,0.01660541372433362,5,0.0033978413129602467
48,-3.628692703977633,1.3843767243841192,0.01531383766099038,10,0.0
48,-3.745788341365982,1.3844214660312222,0.01700998296289348,5,0.0
48,-3.636271496659809,1.2327906299707367,0.016000615057911227,10,0.0
48,-3.7524573281412974,1.2276742991799638,0.01582027141651155,4,0.0
49,-3.5975817833278727,1.401506059429886,0.016498139873222014,10,0.0
49,-3.5980225396788543,1.2510324697059245,0.01611997642175757,10,0.0
49,-3.750855124677434,1.2261987025574892,0.01626277755401079,4,0.0
50,-3.7587675034103274,-1.7047677902886091,0.014843383152577374,10,0.0
50,-3.6304352118804357,1.3849799712834145,0.016061175831918986,10,0.00317514947189972
50,-3.745250203929269,1.3842230027137599,0.01659429371714385,5,0.0
50,-3.6311813975231377,1.23684954057171,0.015151064538256178,10,0.0
50,-3.753130595666936,1.2287681045860772,0.014561975832138755,4,0.0
51,-3.604783082489641,-1.5659766878829129,0.016358213076260425,8,0.0012926927664891116
51,-3.752099654817458,1.3762049475471787,0.015682765569961205,6,0.0
51,-3.6376040809913754,1.2290773895076215,0.015636216956871608,12,0.0
52,-3.7336442364853544,-1.549280682373874,0.016782243402708532,9,0.0
52,-3.7823957789275893,-1.7044401147303465,0.01595767506994137,6,0.004472974422210307
52,-3.860997489752928,-1.77829872156656,0.015401103625868233,4,0.0
52,-3.7513418155133884,1.3854533738701915,0.01673315006926891,5,0.00160897283537512
53,-3.7516844993108696,1.2264617268344773,0.016378609363016633,4,0.0
54,-3.630036316959564,1.3849286694155576,0.014840126837898033,10,0.0
54,-3.748988744895761,1.3833547837851596,0.01702087144963452,5,0.0
54,-3.6389860026933225,1.2360839064642923,0.01725452917041192,10,0.0
54,-3.751324605807542,1.2273319918649466,0.01685079836287826,4,0.0
55,-3.5977100682249303,-1.5494203122434302,0.01632421080528456,8,0.022793379819317713
55,-3.838690865423746,-1.7635137705716537,0.01655876972890231,9,0.0
55,-3.6215123540462106,1.3926522000641526,0.016242584026436798,10,0.02333641675002906
55,-3.7503745591496145,1.3830302634622091,0.016244767723891974,5,0.0017797748373954052
55,-3.628589813061274,1.24983863862339,0.01480718099582302,10,0.0
55,-3.752880999119816,1.2288374877481387,0.01648997833300735,5,0.0
56,-3.599620735993451,-1.7004564186824418,0.01734103325038442,7,0.023592789818015224
56,-3.64284799470371,1.3809106468997474,0.015615944810077,11,0.021437882414674057
56,-3.7506604236337586,1.3739557022341764,0.015603896818747463,6,0.0
56,-3.618650799384244,1.2449659172047194,0.01686587825830414,12,0.025583415398594104
57,-3.752974144742673,-1.696283258814911,0.01582430318662954,8,0.020865826199627884
57,-3.6365106746803044,1.3791821135770446,0.016607629680444026,10,0.0
57,-3.6355020922006154,1.2328954023453633,0.01568926851800711,12,0.005445215405360735
57,-3.7508505951822215,1.2312042496230537,0.015723193676282127,5,0.0
58,-3.7804811038616037,-1.7057834051370329,0.016009276772582848,6,0.0
58,-3.860235326337331,-1.773411393544828,0.0172009198224422,4,0.0
58,-3.600523338304797,-1.700881566284831,0.01735370141058388,7,0.02360924698603637
58,-3.6376597068210073,1.3817885409260102,0.01750687403824169,11,0.0
58,-3.748440340260722,1.2282272055685115,0.016558921301551,5,0.0
59,-3.590839804783798,-1.5370946169951574,0.014510694312883517,9,0.0
59,-3.864579394305285,-1.7754062954963767,0.017012577826290152,6,0.0
59,-3.631949395774505,1.3887610730833195,0.0172987519095824,10,0.0
59,-3.7481341262199215,1.3811583966569823,0.016438081148723402,5,0.0
60,-3.843253566111139,-1.7656091243163106,0.016581443263622098,10,0.0
60,-3.614056985975154,1.3937527392734155,0.015791699385717936,10,0.02549375578233671
60,-3.7506018610413605,1.3837755984552693,0.015627944875747576,5,0.00396505659990645
60,-3.599896939000515,1.2516850455335542,0.016135743238643283,10,0.0
60,-3.753441986050326,1.2298339299196068,0.015408959901659842,4,0.0
61,-3.588660590133315,-1.536161959258604,0.016809759548160642,8,0.0
61,-3.8411310845940703,-1.7646341727794084,0.0171599901600567,9,0.0
61,-3.6305188317380566,1.3863180310958645,0.016201602076464816,10,0.0
61,-3.7478890522751596,1.3872693419371545,0.015723277059992845,5,0.0
61,-3.640141338253506,1.2363593029289839,0.016451034491627433,10,0.0
61,-3.754703089646876,1.2293051568362932,0.014852833502287579,4,0.0
62,-3.634435221771924,1.3870375981909633,0.015829223407452325,10,0.00270315094356782
62,-3.752618472994553,1.3818208282913162,0.016477324495899337,7,0.0022277348525737914
62,-3.637721857942377,1.235456450506277,0.015879828046808903,9,0.0
62,-3.7518569141452085,1.2234794374619113,0.017128622853323287,5,0.0
63,-3.7219959708504904,-1.5635688881759868,0.016922448115881034,10,0.0
63,-3.598000447650477,-1.5484550387939306,0.01686781256824405,7,0.023002711319109713
63,-3.630164223477982,1.388294748604628,0.016790605071553638,10,0.001889924922929504
63,-3.748988744895761,1.3833547837851596,0.01702087144963452,5,0.0
63,-3.74982955329579,1.2288923897150004,0.015065719386835237,4,0.0
64,-3.8625720280309648,-1.7744847624763593,0.01682816377868484,6,0.0
64,-3.7676452497160917,1.4008123009449502,0.015138555926859393,5,0.0
64,-3.6328858371325055,1.236907204369653,0.016226061631112867,10,0.00279885333487414
64,-3.752280260026865,1.2293527928086476,0.01476163367715704,4,0.0
65,-3.614383941120284,1.2488397128123292,0.016187170566977976,10,0.01800209362736036
65,-3.7506751290709937,1.226728606520222,0.01660541372433362,5,0.0033978413129602467
66,-3.6308688307698365,1.2358783583305446,0.015830848992929383,10,0.0
66,-3.750049065207432,1.2250033863686716,0.016042993730924264,5,0.0
67,-3.632366269389792,1.236429387350821,0.01636098382529658,10,0.0
68,-3.6046193320531814,-1.5720349371256939,0.015501843346501785,8,0.0
68,-3.6305803947105044,1.3892730045075594,0.015865579986317303,10,0.004401893177285775
68,-3.74751844427093,1.3850630100284085,0.016188600878619275,5,0.0
69,-3.6337428863615244,1.235429152063705,0.01571121181456083,10,0.0026816163664129446
69,-3.7528888977381536,1.2278437141686915,0.015404385118379415,4,0.0
70,-3.7421107647813368,-1.5335806172986197,0.015347799901475565,9,0.0
70,-3.8513687858341834,-1.7693366672300659,0.016529799734853072,5,0.0
70,-3.7489904827157026,1.2266348414874955,0.015439188868206766,4,0.0
71,-3.759492782947511,-1.6963118131711856,0.015977706183361175,7,0.0
71,-3.761864305166474,1.375833981685333,0.016019861055695885,6,0.017023796763500187
71,-3.6321277970643484,1.23664814843785,0.016264185615844622,12,0.0024141666308805047
71,-3.7493890678842012,1.2285405858570044,0.0165596686247696,5,0.0
72,-3.614031740208951,-1.7072324103582714,0.017417404669109064,6,0.0
72,-3.637194661381372,1.2376549013195326,0.017011091385909713,10,0.0
72,-3.750855124677434,1.2261987025574892,0.01626277755401079,4,0.0
73,-3.7234380793438375,-1.5682781614695915,0.01624844050156008,10,0.0
73,-3.6083912609665183,-1.5656149251302864,0.016402262633538174,6,0.0
73,-3.598248880372826,-1.699802155812426,0.014926298991941582,7,0.019595142052439576
73,-3.7472496239855726,1.3818502709254572,0.016561201911313963,5,0.0017210415612301105
74,-3.7610730515018944,-1.554148603398986,0.01652673551380486,9,0.0
74,-3.630328650854837,1.3870001087327082,0.016608410120703843,10,0.0
74,-3.7466469253462926,1.2298250996888158,0.017107428320398767,6,0.0
75,-3.761863210568221,-1.6973824711698033,0.015592542753065942,7,0.0
75,-3.637191163517756,1.2351930412897951,0.015304707030982216,10,0.0
75,-3.749457268662168,1.2262896938541838,0.016003899138373932,4,0.005183234884496986
76,-3.6289955741345654,1.3866699039956667,0.01625597621148549,10,0.0021205917024071574
76,-3.7487957326744135,1.3824255117449362,0.01686505913025559,5,0.0
77,-3.604886027934722,-1.563834847961952,0.015476285260260044,8,0.0
77,-3.628810464564376,1.3860369391996166,0.015782816377979077,10,0.001807255026426085
77,-3.7485190577678247,1.3812997086443266,0.016961789326597657,5,0.0
78,-3.8374800821890274,-1.7629561426677438,0.017140164171113793,10,0.0
78,-3.75023301689556,1.2280776817144303,0.0169622087940591,5,0.0010773200597997312
79,-3.760867622033881,-1.701370074877167,0.01680637951190351,8,0.0
79,-3.6366929504680816,1.3786520192495249,0.017312666425706575,10,0.0
79,-3.7507149678043805,1.3736916566327817,0.016643768556958843,6,0.0
79,-3.633341788090217,1.2357270774744975,0.015614591950755563,12,0.0
79,-3.750551892992312,1.228809981587012,0.01735623041465743,5,0.0
80,-3.7461959043617448,-1.5522734156737457,0.016465764046748092,9,0.02240030297575934
80,-3.761500525224742,-1.701485311762328,0.017430851122750165,10,0.0
80,-3.751836317376335,1.3761699889434054,0.01683239651496712,4,0.0
80,-3.632579670912092,1.2362983582536797,0.01572293548095472,10,0.002885921679410165
80,-3.74901862280334,1.2255320337879976,0.01710878938411067,5,0.0
81,-3.6299091358749864,1.3879565021174955,0.017123034565305825,10,0.0
81,-3.748774484704672,1.380969232140581,0.01677048526061576,5,0.0034726374476207415
81,-3.747529970469215,1.2279321962767895,0.016516826800696535,4,0.0
82,-3.7498854429930195,1.3818032812236365,0.015681962328399912,7,0.0
82,-3.6301524038721324,1.2422182787888447,0.015813928033767678,9,0.0021268518074104535
82,-3.742917537087215,1.2366514422994397,0.016529565087246772,6,0.0
83,-3.7596313540396755,-1.7029806245317312,0.016467835980270795,10,0.0
83,-3.6306681246716823,1.3860781886524867,0.01524096579964217,10,0.0
83,-3.7472501628831427,1.3818327459189403,0.016556618833197076,5,0.0
84,-3.6336396013489907,1.384043539647291,0.01629448812565118,10,0.005016038919383601
84,-3.7453748353372305,1.3861682937146464,0.014495657844269871,5,0.0
84,-3.7503812893751953,1.2270238599640029,0.016843346056058178,5,0.0
85,-3.8028834569516654,-1.756181172579025,0.016885209898052082,5,0.0015636569146918766
85,-3.6297348279429857,1.3867942735936087,0.016092355936799835,10,0.0023101605433013374
85,-3.749309047393056,1.3815805280424356,0.0164077344534376,7,0.004682132411130147
86,-3.779408436611363,-1.7052993394479856,0.014872834688364577,6,0.0
86,-3.8575917483946247,-1.776731475393531,0.014679793611655879,4,0.0
86,-3.6339028597161867,1.3854919246167015,0.016155566574924698,10,0.0
86,-3.746032494299227,1.3845121519921444,0.015784702421886534,5,0.0
86,-3.74982955329579,1.2288923897150004,0.015065719386835237,4,0.0
87,-3.8389279824274056,-1.7636227114722591,0.016786264054555987,10,0.0
87,-3.6372929948563613,1.3764961109746188,0.016476996835649346,10,0.0
87,-3.749427841668368,1.377506541007461,0.015045972730784118,5,0.0
87,-3.631751068346926,1.2351855872281465,0.015018511957375653,13,0.0
87,-3.7493417396075075,1.23071112705113,0.015323302684956875,5,0.0
88,-3.752652521633339,1.374560390145365,0.016470610154674388,7,0.0
88,-3.632756673959984,1.237785192746564,0.01543328378735626,12,0.011467411109197499
88,-3.751604273995763,1.2274239298336889,0.01570925588321177,5,0.0
89,-3.632260492531599,1.2357472922870891,0.015538141808554689,10,0.0038472016969833007
89,-3.750307392234681,1.2275542543600548,0.015663880882991057,4,0.002941521317957695
90,-3.592311588747978,-1.5377251082878909,0.016838703894568575,8,0.0
90,-3.7796562451809184,-1.7032050441517632,0.015951159386244036,8,0.004468611021921838
90,-3.860089672241334,-1.7778788565829942,0.015400157621883445,4,0.0
90,-3.6355352745744796,1.2381181063115647,0.016652771150966476,10,0.0
90,-3.751034371442389,1.2267589631119311,0.017463195935149122,5,0.0
91,-3.8398420081612303,-1.7640414978889873,0.01679228825990187,10,0.0
91,-3.6108609781053254,-1.7057346676909837,0.014983281001150666,6,0.0
91,-3.631783802398007,1.3886712544603228,0.01712960902363639,10,0.0
91,-3.7476125930686752,1.379945708235354,0.016833875782730028,6,0.0
92,-3.752923471834601,-1.574375844810276,0.016882138037158267,10,0.0
92,-3.5926678121956823,-1.5378760931818878,0.01452319905457771,7,0.0
92,-3.853082058888229,-1.778017717056271,0.015971720320176633,6,0.013169035723730474
92,-3.751826492003269,1.2275668959628336,0.015453746309190488,4,0.0
93,-3.604886027934722,-1.563834847961952,0.015476285260260044,7,0.0
93,-3.778495578815332,-1.7048875525431373,0.014871030130804118,6,0.0
93,-3.861383083384879,-1.7739370706618303,0.017432428984147035,4,0.0
93,-3.6379765989062007,1.381424698030085,0.017437703894562975,10,0.0
93,-3.631438082505175,1.235079348046726,0.015603004699906173,13,0.0
94,-3.635214591037105,1.2373995537751477,0.016371415336124698,10,0.0
95,-3.7204466778488943,-1.5690506481486708,0.015360289128206845,11,0.0
95,-3.6215346063278653,1.2454701429043835,0.016445318113251273,10,0.02133345042061351
95,-3.748847210984602,1.22649368353733,0.016582147708975845,5,0.0013559102021673064
96,-3.7590071324386245,-1.7026801281336077,0.01590926910720367,10,0.004441859198153809
96,-3.6170287049557257,-1.6915150975488877,0.0174289122335829,7,0.0
96,-3.612534670080076,1.399237328013441,0.016549636607361997,10,0.017845068572659748
96,-3.6350394087931033,1.2345749854373729,0.01605320169101231,10,0.0
96,-3.7518348972882842,1.2275723035855393,0.015444087550546742,4,0.0
97,-3.722236101594504,-1.5614852308331562,0.016614060112163827,10,0.0
97,-3.8402182494879495,-1.7642143367578704,0.01715522029195264,11,0.0
97,-3.5995972183967124,-1.7004494136471053,0.017032339070680434,7,0.02045916740764294
97,-3.6280116330575494,1.3942149618515804,0.016142515065352595,10,0.010302970689999094
97,-3.750678521884276,1.3814562449605412,0.01717941134448337,6,0.0007582009888704323
97,-3.622644210730833,1.2284783748976684,0.017177695922536977,9,0.02190381401701995
98,-3.612591625057703,1.245182124828491,0.016522350871824458,10,0.02144024648016405
98,-3.7522293476969595,1.2284704267942785,0.014517969311127124,4,0.0
99,-3.6088375266799004,-1.5572387510314378,0.0154836946837512,7,0.0
99,-3.7620655624264328,-1.6974749551543729,0.014842323526859052,7,0.0
99,-3.6203696233737848,1.241187975602929,0.016139846167274267,10,0.023105815553350943
99,-3.748421466989486,1.2264955786676028,0.016383913334075934,4,0.0032588492100064552
100,-3.866256957781567,-1.780720418731731,0.016164906815334293,5,0.0
100,-3.7477829426609914,1.380021215898325,0.01666892766385608,7,0.0
100,-3.6287858213110336,1.239141423369636,0.015679910813629835,10,0.005876157331525933
101,-3.6355789732059947,1.3793931287017127,0.015940022960206253,11,0.005369625608953677
101,-3.7800052945076033,1.378244005940014,0.016534682317718753,6,0.0
101,-3.6263266383638104,1.2407291084015182,0.01701667591560893,12,0.021612645073260238
101,-3.750055580583269,1.2269691934528852,0.01644781871214146,4,0.004425769242062654
102,-3.588660590133315,-1.536161959258604,0.016809759548160642,8,0.0
102,-3.7624112278836392,-1.701899658168506,0.017431532518075128,10,0.0
102,-3.631776139844227,1.3875921972660124,0.01711421604188715,10,0.0
102,-3.7461873884725905,1.3845689756317199,0.016596099824632768,5,0.0
102,-3.6159465188153117,1.2426627409862574,0.0164804915979795,10,0.026654223032346654
102,-3.752092337348488,1.228435271675032,0.014638081885397686,4,0.0
103,-3.7596787677186456,-1.6963970129833805,0.015208807272467713,10,0.0
103,-3.5987150879674665,-1.7000279254163617,0.017334091729278137,7,0.02358092217294211
103,-3.6319561994824086,1.3892012300211904,0.016544842431895062,10,0.011675053921987236
103,-3.747519473300799,1.3850495475686404,0.016285958454264095,5,0.0030972143959587337
103,-3.6303152300261106,1.23862876935024,0.016234048296500457,10,0.0
104,-3.5895741932871963,-1.5365531253407578,0.016816378851216188,8,0.0
104,-3.837624015132744,-1.7630221050369772,0.016405898469984984,9,0.0
104,-3.5991527152413614,-1.7002288830346592,0.014929605015164275,6,0.019599331760010354
104,-3.630612517628961,1.3860569591774028,0.015189205843688193,10,0.0
104,-3.749525840028736,1.3825057083623677,0.015381719107141607,6,0.00244074865553882
104,-3.6305601222804147,1.2408866754692502,0.015851552600094125,9,0.0
104,-3.750846063111447,1.2312051502623411,0.014759194074762151,6,0.0
105,-3.6205186524930366,-1.693145453896212,0.016600012012490013,7,0.0
105,-3.632445189732616,1.2368681251705504,0.016306211613928676,10,0.002942922170624935
106,-3.6052193219061732,-1.5681362989021799,0.016929253384651104,8,0.0
106,-3.7817942577135972,-1.6975536100726156,0.01680362580633071,5,0.0
106,-3.6356058473113047,1.237219325674043,0.017370541275419527,10,0.0
106,-3.7519699041682153,1.2275435369106265,0.015374870389334612,4,0.0
107,-3.6369047977884637,1.3786140863875638,0.01651126473916156,10,0.0
107,-3.747915575134723,1.3726697198259845,0.016622808858607927,4,0.0
107,-3.6318839305589488,1.2362282311727386,0.015897175598663993,14,0.0
108,-3.760240845887043,-1.6966505224940625,0.014839572799910791,7,0.0
108,-3.86225809999519,-1.7788804069504187,0.015775635274911784,3,0.0
108,-3.635295981130203,1.237011777461316,0.017007025311639307,10,0.0
108,-3.7520174911943736,1.2275591038563665,0.015331523424675716,4,0.0
109,-3.605628197562374,-1.6947472677616358,0.01736576110596077,7,0.023635410465927646
109,-3.6370395319382167,1.3810723491871795,0.017436822531007926,10,0.0
109,-3.7538108070712988,1.3758409454398153,0.014743980442888249,6,0.0
109,-3.7519913021869926,1.2315051385094646,0.01599168211990252,5,0.0027354749006379513
110,-3.6362621992783186,1.236621947786194,0.015885878605996107,10,0.004369898574811081
110,-3.752978804767635,1.2278731251958357,0.015322476377246166,4,0.0
111,-3.6333552125993354,1.2361068635579808,0.015674206461581013,10,0.0036545868080913894
111,-3.753344863260099,1.2279924782896379,0.015858231307144713,4,0.0
112,-3.8405175219362344,-1.7553373791663567,0.016778368092515435,9,0.0
112,-3.6344236317521124,1.2371768925495576,0.017317698806597736,10,0.0007363641082617213
112,-3.7526312145580607,1.2267708999594,0.016382887703115138,4,0.0
113,-3.603719948939368,-1.5696721126961775,0.015837114319151923,8,0.0
113,-3.632330142111362,1.24093351027128,0.017021227294460775,10,0.005666824634421681
113,-3.752749394939579,1.2268182547556024,0.016270632361974024,4,0.0
114,-3.634560982116378,1.3835260847940374,0.014479986625765863,10,0.0
114,-3.6355087856274224,1.237976167200735,0.017567269240080688,10,0.0
115,-3.632579670912092,1.2362983582536797,0.01572293548095472,10,0.002885921679410165
115,-3.7494796368386685,1.228724842424598,0.01544095777509856,5,0.0
116,-3.6409244430632284,1.3758884803754299,0.014903002815225538,11,0.020470546891049973
116,-3.7525465103219977,1.3736199296753335,0.016530808722824426,6,0.003459993690300427
116,-3.6316978652818954,1.231603384160229,0.01567082394318886,9,0.005445752836989843
117,-3.781482591370899,-1.7040284285541634,0.015955566125778867,6,0.004472718835249102
117,-3.8577129045785954,-1.7800644427842085,0.016391684274162654,5,0.012817776574104326
117,-3.6318456056475146,1.2347847547626494,0.015706469474670384,10,0.0026796423785608115
117,-3.749788442860841,1.2258405759860938,0.016372360041420377,4,0.0
118,-3.7513647083679387,1.226893434394995,0.01597174299046384,4,0.004115599664704494
119,-3.842208932755514,-1.765129669733165,0.016450593155696767,10,0.0
119,-3.7480098494036276,1.3769848236719076,0.017484706375843477,5,0.0
119,-3.632008208334148,1.2362800603862698,0.016016332543678815,10,0.0
119,-3.750307392234681,1.2275542543600548,0.015663880882991057,4,0.002941521317957695
120,-3.633011073241273,1.387156004224033,0.01582707827918361,10,0.0
120,-3.748864013594988,1.3824794336956188,0.015591041511702227,7,0.0018660398466637412
120,-3.6308160807209373,1.2401135486173198,0.014623112907759054,10,0.0
121,-3.779408436611363,-1.7052993394479856,0.014872834688364577,6,0.0
121,-3.851902178404976,-1.7741095772131477,0.015385626386306576,5,0.0
121,-3.7524992759171103,1.377228180102927,0.01564226489426085,4,0.0
121,-3.616005810004566,1.2448347474974422,0.01678345401682886,10,0.022987171484717774
121,-3.7493227988005744,1.2266769000597662,0.016057797136532194,5,0.0
122,-3.7254393999856354,-1.5600617917312032,0.01600723208047902,11,0.018194195017880846
122,-3.6050518534482388,-1.5657806254389217,0.016493336307106893,6,0.0015005245119419659
122,-3.63256135409983,1.3871541305785653,0.016409499105060704,10,0.0
122,-3.7535849653243116,1.373981206987778,0.0164291127374398,7,0.0030853665622152682
122,-3.631992115829746,1.236053560041787,0.016074977320583973,9,0.003440417324210121
123,-3.841429139578442,-1.7647709802292468,0.016573059416249317,10,0.0
123,-3.614174054044584,1.3943133800973868,0.01630393256802711,10,0.024537949845486545
123,-3.628948371391064,1.2394554262901636,0.016876152837312475,9,0.005069417990888893
124,-3.634038858996649,1.2381217289588806,0.017040279623564653,10,0.0
124,-3.7513611230263724,1.2283432387686521,0.016137897284440005,5,0.0017147164555135694
125,-3.6307384035021624,1.3900201068088198,0.01632532192111822,10,0.014017413242963194
125,-3.742683414723255,1.3852897829520343,0.015301880534203628,5,0.0
125,-3.6331702505149983,1.239601058668109,0.0162501179024305,10,0.0
125,-3.753215116091531,1.2279503502531244,0.01686220223156929,4,0.0
126,-3.7512509432109375,1.2307869762890502,0.01575028634690244,5,0.0037877868192398153
127,-3.757139241886175,-1.559031468426872,0.01686494145501184,10,0.0
127,-3.779408436611363,-1.7052993394479856,0.014872834688364577,8,0.0
127,-3.860654587750661,-1.7781407771554762,0.015037595546597822,4,0.0
127,-3.636347035997001,1.2350734996025103,0.01644465842343364,10,0.0
127,-3.753701441060234,1.2281091414294227,0.015531150816320824,4,0.0
128,-3.840337997944098,-1.7642698090426787,0.016397759681182296,10,0.0
128,-3.602769948281349,-1.7019377113034,0.01495663180497847,7,0.01964007340925362
128,-3.633514539721748,1.2374191878463279,0.016819692983580672,10,0.003654758301897326
128,-3.751637915706542,1.2274344840278222,0.016558115425342204,5,0.0
129,-3.748541648554235,1.3808357922326662,0.01613423905635403,7,0.005000597045131841
129,-3.633812942249633,1.2369601099689642,0.01684619211604699,9,0.0
129,-3.751052219872032,1.230323669700949,0.017023399467028112,5,0.0014666847177809209
130,-3.7635267667267045,-1.6937409986431191,0.017077760864872546,7,0.0
130,-3.632957376878055,1.2366032814730754,0.016019556988244518,10,0.0
130,-3.7538348744922114,1.2286791834835675,0.015944946881325705,4,0.0028490410322483993
131,-3.840385403373371,-1.764291588276159,0.016443011841522942,9,0.0
131,-3.7466105261958553,1.3826855827940714,0.015515562624171062,5,0.0
131,-3.629273405301835,1.2362003815359508,0.015136213094772347,10,0.0
131,-3.74982955329579,1.2288923897150004,0.015065719386835237,4,0.0
132,-3.780677225933107,-1.6970521916738674,0.015617222477182047,5,0.0
132,-3.616202505789981,1.3936790589266481,0.016332742426317923,10,0.026064664087545833
132,-3.7473689636053473,1.3870186164941225,0.015308322679239178,5,0.0
132,-3.633472779156743,1.234935719420081,0.01696800134367358,10,0.0013826330842128583
133,-3.7531863939789627,-1.565930181300322,0.01686475016193822,10,0.0
133,-3.5895741932871963,-1.5365531253407578,0.016816378851216188,7,0.0
133,-3.8380180431041553,-1.7632030939616579,0.016783381316653523,10,0.0
133,-3.635390575281826,1.3780980648409427,0.016904491096692644,10,0.0
133,-3.7508816249990953,1.3728664049460104,0.01716526362545041,6,0.0
133,-3.6330073047341207,1.23579244942673,0.015437745472402623,9,0.0
134,-3.721741010082804,-1.5675646476252885,0.017064504341635662,11,0.0
134,-3.6318617071548185,1.386533625514414,0.015483704741079164,10,0.0
134,-3.7472229978401144,1.3827161560293768,0.01596854493521331,5,0.0
134,-3.7514049083182663,1.2293177518906482,0.01637307859679897,4,0.0
135,-3.598918951340253,-1.5488500323144876,0.016871979758079657,8,0.023008654472740406
135,-3.6352119506577196,1.3881059957698367,0.01622397842675244,10,0.0
135,-3.751609522540971,1.2265540008869038,0.016157614918822557,4,0.0021433408864252766
136,-3.5877459960897786,-1.5357690018316041,0.016805589772159218,8,0.0
136,-3.83960407962993,-1.7549197412400532,0.01677399039807396,9,0.0
136,-3.630933762698018,1.2359054389452682,0.015893006158394368,10,0.0
136,-3.749723525114337,1.2308364192131014,0.014934659314008919,5,0.0
137,-3.5868308165760463,-1.535377161067433,0.01680064068398968,7,0.0
137,-3.8377810432031794,-1.7630942327631758,0.016556003441471696,11,0.0
137,-3.600523338304797,-1.700881566284831,0.01735370141058388,7,0.02360924698603637
137,-3.6311320213739737,1.3862552936199068,0.015674916006068355,10,0.0
137,-3.746044619700329,1.3793899859392291,0.01654668784763446,7,0.002288077811693803
137,-3.6287054483715075,1.2430221706004452,0.01606267662209639,10,0.0
137,-3.7496035087086343,1.2284986084461664,0.017354735992277215,5,0.0
138,-3.8394735532611257,-1.7638722359720442,0.016439208546547016,10,0.0
138,-3.748496909637306,1.3771648169687938,0.015037731891116794,4,0.0
138,-3.6211202339470545,1.2412365860503767,0.015919350298148248,10,0.023028319629205832
138,-3.7506751290709937,1.226728606520222,0.01660541372433362,5,0.0033978413129602467
139,-3.5983052221325456,-1.5527324591282694,0.0168825038047058,8,0.022358801416774703
139,-3.617108380330116,1.2429416644541984,0.015712034482121606,10,0.02517667282104451
140,-3.6052183564581233,-1.5681363689012793,0.016928317055494992,8,0.0
140,-3.635688971075557,1.2375974050461584,0.016830917633691156,10,0.0
141,-3.7195045438681777,-1.5666212644059667,0.01748084613443642,11,0.0
141,-3.85637984927857,-1.7716400329370834,0.01698361481272392,5,0.0
141,-3.5991527152413614,-1.7002288830346592,0.014929605015164275,7,0.019599331760010354
141,-3.6333296348757536,1.2369578837734985,0.016540735212847255,10,0.0018651373104866358
141,-3.7515414270071465,1.2264043958400033,0.01651479946111148,4,0.0
142,-3.5917555729389496,-1.5374867545841358,0.01451500490594521,8,0.0
142,-3.848936833098133,-1.7774032802975819,0.01690875920959501,6,0.014275247201913678
142,-3.630226984791765,1.2365239049352101,0.015142808824980923,10,0.0
142,-3.7508786518951953,1.226208131221912,0.0162404560393065,4,0.0
143,-3.7227913786423703,-1.5708848124840231,0.01661664866153514,11,0.004119190092494236
143,-3.632579670912092,1.2362983582536797,0.01572293548095472,10,0.002885921679410165
143,-3.750690158726595,1.227124899109699,0.01655482031332775,5,0.0
144,-3.632516043328387,1.3818407649390871,0.015060165377763658,10,0.004190281578987517
144,-3.7452417545082093,1.3819697705668097,0.01701457514109904,5,0.0
144,-3.6356058473113047,1.237219325674043,0.017370541275419527,10,0.0
144,-3.7522046979549515,1.2284641019828604,0.014539550632654715,4,0.0
145,-3.6051670723684675,-1.5663600134194897,0.016883590427346336,8,0.0
145,-3.632136848003825,1.239885755197948,0.017474517497945822,10,0.0
145,-3.749929835126656,1.2269424087196859,0.015450376139652954,4,0.0
146,-3.6347187901701554,1.2366251752454964,0.01633103494852763,10,0.0
146,-3.748822200779638,1.224772805465746,0.01725703489178745,4,0.0
147,-3.5877459960897786,-1.5357690018316041,0.016805589772159218,8,0.0
147,-3.5985021518637748,1.4018661932365948,0.016509918277711144,10,0.0
147,-3.754361060602305,1.228325249798076,0.01579873351594149,4,0.0
148,-3.6353996564955238,1.2347538733554126,0.01644460389555006,10,0.0
148,-3.7522912611728962,1.2293548713728182,0.014752105314931018,4,0.0
149,-3.630252864704492,1.3878629450232864,0.016525875780893203,10,0.0018975324404314228
149,-3.747434887247059,1.3834895050530678,0.01628502262038247,5,0.0024858786940538165
150,-3.6374391897041454,1.3765499856472099,0.015656662939533477,10,0.0
150,-3.6325820496211483,1.235468692833616,0.014913330474948269,12,0.0
151,-3.5969866429490054,-1.551073243843547,0.016324607288195354,9,0.022424339727619154
151,-3.6287178526027777,1.393404168506203,0.016141176440156467,10,0.00219798714485458
151,-3.743006072440766,1.3810866784423321,0.017410559624050928,5,0.0
151,-3.6368202477205984,1.232975017938241,0.015591543928534301,10,0.0
151,-3.750910568341557,1.228132044722944,0.015688873829851586,4,0.0
152,-3.6127678882363083,1.3922608183539813,0.015615404156672261,10,0.02587287419197089
152,-3.744313489063441,1.3838781007852121,0.01659288870700919,5,0.0
152,-3.7532353449501747,1.2296637453950259,0.014758517964719414,4,0.0
153,-3.6182931886426997,1.3920221938751336,0.01617171132020307,10,0.02639203964531681
153,-3.7461783523219934,1.3823124179893005,0.017017730647689983,5,0.0
153,-3.636715123611729,1.2352562533190505,0.016845090563446307,10,0.0
153,-3.752013459804622,1.2275573346845872,0.016209165708148395,4,0.0
154,-3.6337267323929616,1.2349094961933076,0.015300010600109042,10,0.0
154,-3.7540775898453687,1.2290775520109238,0.014565930354597278,4,0.0
155,-3.591393479649443,-1.537329644661375,0.016838259337928162,8,0.0
155,-3.859116467460937,-1.780229942029255,0.01613604778411989,6,0.012331172633425262
155,-3.63299463700608,1.2369407781703088,0.0163215388493878,10,0.002705999672681446
155,-3.753115104069054,1.2279173069564333,0.016070097550879885,5,0.0
156,-3.600055819550663,-1.7006544217999884,0.014938981892974924,7,0.019611887681734864
156,-3.6304033627577863,1.3842190530489182,0.014583271036599786,10,0.0
156,-3.756572154521352,1.3815389921698333,0.01647109267661319,7,0.018345987043693345
156,-3.6334368063926368,1.2436295375729862,0.017077900909975286,10,0.0
157,-3.637329578201607,1.3799045637415082,0.016691811536690856,10,0.004876411074131323
157,-3.751179048264122,1.3749319523212438,0.015414078729276583,6,0.0
157,-3.635713260301821,1.237636567819821,0.01602909008891947,12,0.002488547635106771
157,-3.7503378559351344,1.2288501833521608,0.016562124616986404,5,0.0
158,-3.6055394342289855,-1.5634431071459218,0.01618440651212227,7,0.0019298058960171638
158,-3.635451962092907,1.236487917625073,0.014975478303412547,10,0.0
158,-3.7518634847646415,1.2264632711680017,0.017117259709583228,5,0.0
159,-3.5983007447612554,-1.5599894630985556,0.015161292410864669,6,0.019544376026006262
159,-3.758015133516333,-1.7023477533772036,0.015751764264970238,10,0.0
159,-3.6331433098130668,1.388960292967518,0.01661562776799239,10,0.00196063656973031
159,-3.7468463157504686,1.3796753151124928,0.016666428951464956,7,0.0
159,-3.6330779581512487,1.2394117576640928,0.016227340964305274,10,0.003905823189775567
159,-3.75382497468778,1.2262372965398955,0.01607091597504551,5,0.0
160,-3.600921892761486,-1.5562357879850575,0.016131332597738916,7,0.020980685682097027
160,-3.6307302107379904,1.3871913522288972,0.01616279725663377,10,0.0022028093037209347
160,-3.7495063974746436,1.3816256994471647,0.016228083873418488,6,0.004882511060548209
160,-3.6281474674183034,1.2418187230054312,0.014784165054289719,10,0.0
161,-3.8419273885002605,-1.7559825890552672,0.01638906503387993,11,0.0
161,-3.6294378304729165,1.3827257528915804,0.01695436061490105,10,0.004810046094148663
161,-3.6289978103542486,1.24113478721545,0.01577715438359055,10,0.0030996667487133466
162,-3.628692703977633,1.3843767243841192,0.01531383766099038,10,0.0
162,-3.634122870688569,1.2399255965390517,0.01625675887450496,10,0.0
163,-3.6327194952301882,1.389028000789198,0.017132251427636497,10,0.0
163,-3.7509435994171767,1.382193541360057,0.016446962936373967,6,0.0
163,-3.6332007012352094,1.23987318600542,0.016666898565595473,9,0.005105473871383147
164,-3.7796562451809184,-1.7032050441517632,0.015951159386244036,6,0.004468611021921838
164,-3.853184434614652,-1.7701717001723847,0.01740537184636987,4,0.0
164,-3.63374232928288,1.3845332327333848,0.017024924175870756,10,0.006881527775795877
164,-3.7532484555630643,1.3726398321821411,0.0175929706309654,6,0.0
164,-3.6323892089250904,1.2354025877451988,0.015608186147927257,9,0.0
164,-3.746178303818253,1.227428144011005,0.016949259996775996,5,0.0
165,-3.8394735532611257,-1.7638722359720442,0.016439208546547016,9,0.0
165,-3.6348832795614667,1.3796143185237937,0.016686897789348246,10,0.0
165,-3.7525446424488966,1.3735301876110382,0.01646535661915535,6,0.0
165,-3.634903662852403,1.2372323757157673,0.016807286112912875,9,0.0017151406251451355
165,-3.7474916126190476,1.2279138244807764,0.01655817456948275,5,0.0
166,-3.636324130913134,1.2384122292166422,0.01649669882612418,10,0.0
166,-3.75029462646173,1.2265540418787264,0.016078309894469435,4,0.003907661113417664
167,-3.836189259059068,-1.7623646439032095,0.016771590058028498,10,0.0
167,-3.745250203929269,1.3842230027137599,0.01659429371714385,5,0.0
167,-3.638244840526621,1.2357160319650038,0.016447796543315872,10,0.0
168,-3.602805437835134,-1.5692723019433614,0.015838300859416548,8,0.0
168,-3.852401846804313,-1.7804477827969207,0.015472615825267957,6,0.010190533581251472
168,-3.7511184255202212,1.2262348934605785,0.016919254055738152,4,0.0
169,-3.7593125227605397,-1.696230490174592,0.01578627932339679,8,0.0
169,-3.6347537897931925,1.237320382416108,0.016025797584842863,10,0.0021601109840593494
169,-3.7488076186293906,1.2269976803452336,0.016225159093940775,4,0.002751019743508206
170,-3.6318610743409763,1.3887131671241215,0.017208487550674438,10,0.0
170,-3.7493723011485414,1.383339395644493,0.014899936695151538,7,0.0
170,-3.6331584286345437,1.2380008930034658,0.01573046389035253,9,0.005562354510053787
171,-3.60499604498143,-1.5635945903674477,0.01648524606774827,7,0.00220407123372926
171,-3.7842232007783245,-1.7052624075057796,0.015962081421217675,8,0.004476406020389644
171,-3.8619063519466943,-1.7787183625380425,0.015402057715800678,4,0.0
171,-3.751692951970683,1.2265986247071472,0.01644453889791601,4,0.003543634834699663
172,-3.719269198449905,-1.5688519760179285,0.01747524969558333,11,0.0
172,-3.8539905806354677,-1.7784370013219037,0.015973976843283423,6,0.013171800650248092
172,-3.6311741813474923,1.3874787484486444,0.016661532083859114,10,0.0019040953604505997
172,-3.7500010895718123,1.3818459020342273,0.01557506417643331,7,0.0
172,-3.6339580662269477,1.236115642729812,0.01544263291352227,9,0.0
172,-3.7490255021505328,1.22836655281769,0.01695181399666678,5,0.0
173,-3.753701441060234,1.2281091414294227,0.015531150816320824,4,0.0
174,-3.720327744781687,-1.5712401133082892,0.016481069158997354,11,0.0
174,-3.8530763114696995,-1.7815104748247015,0.016251239220567523,6,0.011674578364881949
174,-3.62980448746155,1.391623032588521,0.017316725658558952,11,0.0
174,-3.634323335912436,1.2382633093966926,0.017326306513729895,9,0.0
175,-3.605710815392781,-1.5639618282519716,0.016284858585201997,8,0.0
175,-3.6317673356072926,1.3875156208384924,0.016189737092228377,11,0.0
175,-3.750539813290949,1.3735708339264106,0.016850343231008546,6,0.0
175,-3.635612389215142,1.2329352717929276,0.01577375422185143,9,0.004762728237295083
176,-3.6083537168092916,-1.5589970176257668,0.015839420387361976,6,0.0
176,-3.8399774903477346,-1.755090385787713,0.017133844448858657,10,0.0
176,-3.6338039066837857,1.3792106895437666,0.015308398627192818,11,0.010133171263898103
176,-3.7561226184741305,1.365613146245691,0.01643586035133702,6,0.0
176,-3.6353863767755072,1.2328728041370436,0.015574381839768992,9,0.005237211510334335
176,-3.748654941886959,1.2281891716100983,0.017352019065259728,5,0.0
177,-3.7590071324386245,-1.7026801281336077,0.01590926910720367,10,0.004441859198153809
177,-3.632818130582135,1.3879243710829823,0.01630384978269321,10,0.0
177,-3.745989829762406,1.382502564078816,0.015170021043072189,5,0.0
177,-3.752798113206287,1.228749151292096,0.015702606018398946,4,0.0
178,-3.7629964443902373,-1.702254689396582,0.01711088928340375,10,0.0
178,-3.6323933854028234,1.3867115273285693,0.015090571969720924,10,0.0
178,-3.748119197626064,1.380098120463251,0.017255518418667543,5,0.0
179,-3.721217316583908,-1.5713742586074961,0.015610698525957905,11,0.0
179,-3.6100311894714574,-1.5641778655206466,0.016424239636688147,6,0.0
179,-3.6299376870671605,1.3839736639563651,0.014995688447954528,10,0.0
179,-3.7437704746155123,1.3836755670124115,0.016184095575702814,5,0.0
179,-3.7514881699768865,1.2282802499833807,0.015172123827804031,4,0.0
180,-3.598631950571267,-1.554943827393007,0.015008411174729489,7,0.02089410380326643
180,-3.76257762002676,-1.704415433027631,0.01576218423997994,10,0.0
180,-3.6358555128346564,1.23872749191927,0.016964689820765058,10,0.0
180,-3.7545396571440506,1.2301725438830282,0.01528078203452515,5,0.0
181,-3.8394735532611257,-1.7638722359720442,0.016439208546547016,10,0.0
181,-3.750327709136404,1.3737261745327174,0.01599482946674981,4,0.0
181,-3.6322530683805123,1.2372431844448257,0.016210770134948493,14,0.001924783245583794
181,-3.7504353318603414,1.2266729954698774,0.01682994790486853,5,0.003254395087323437
182,-3.7198536129259456,-1.570920911558906,0.016042492232266448,10,0.0
182,-3.6296863396337518,1.387617396059563,0.01736417229210907,10,0.001851621251515204
182,-3.746646016529463,1.3806110438189665,0.016955794040178305,5,0.0
183,-3.7232265200609858,-1.5620188287264012,0.017476531550529417,10,0.0
183,-3.6342718178517543,1.3792799909002802,0.01652434655955577,10,0.0028874821210684545
183,-3.624077382907771,1.246689790351586,0.01669495294448616,12,0.022666655512079054
183,-3.74784607491379,1.2282065692003377,0.01617526652982766,5,0.003270108133297942
184,-3.836189259059068,-1.7623646439032095,0.016771590058028498,10,0.0
184,-3.6332562298644944,1.3881258641043626,0.016732995390372138,10,0.0
184,-3.751679066130375,1.3774286972986625,0.0165333138976321,7,0.006092939752210072
184,-3.635282997774805,1.2315496373579404,0.014812256345467487,9,0.004164148299469164
185,-3.6369359157103776,1.235217460983195,0.01605530420329606,10,0.0
185,-3.7486368608767444,1.2254484079020351,0.016563113037271666,4,0.0
186,-3.7629765798354335,-1.6978861156516216,0.01580733199119477,10,0.0
186,-3.5991527152413614,-1.7002288830346592,0.014929605015164275,7,0.019599331760010354
186,-3.6323933854028234,1.3867115273285693,0.015090571969720924,10,0.0
186,-3.7491547236746143,1.3815345701680628,0.017250007248251775,5,0.0
186,-3.749902815405279,1.2308952576649403,0.014752392110990985,5,0.0
187,-3.6210900020174366,1.4106633081487363,0.016595151460374456,10,0.0
187,-3.632761034543781,1.235431451404805,0.016394795437505882,10,0.00279007637545364
187,-3.751605232869257,1.2253202744900655,0.017315747832929752,4,0.0
188,-3.844989522116439,-1.7664062280393946,0.016505229162303427,10,0.0
188,-3.7508113903098503,1.3780160294362318,0.017499148828284895,5,0.0
188,-3.6318927558184213,1.235233768233348,0.015148830631196058,10,0.0
188,-3.750990110698026,1.2277481419578473,0.015937042732125463,5,0.002846671146650665
189,-3.640248195287909,1.377612841037326,0.015660503743939767,10,0.0
189,-3.7507843471729716,1.3738770790739194,0.016458998628916963,6,0.0
189,-3.630696058622632,1.2348270028397492,0.014918021002586,12,0.0
189,-3.751637915706542,1.2274344840278222,0.016558115425342204,5,0.0
190,-3.733942946898809,-1.5466322725563277,0.016768864181756986,10,0.0
190,-3.8535921184197997,-1.7795227247896936,0.017266584486730477,6,0.01403662416518389
190,-3.6347195154114935,1.3770116207467997,0.01573185005460461,11,0.002411630188949912
190,-3.753376942764735,1.3764949593829783,0.014563246136471317,6,0.0
190,-3.6339986268103015,1.2375826632698397,0.016828958549593792,12,0.0029979302238187736
190,-3.751383184701366,1.2269828942379577,0.01683314178729066,5,0.003254307016092096
191,-3.7600379749782897,-1.6965590937050765,0.015589453653054431,10,0.0
191,-3.600523338304797,-1.700881566284831,0.01735370141058388,7,0.02360924698603637
191,-3.6335411819314265,1.2368467675770454,0.01658247101621058,10,0.0
191,-3.7526312145580607,1.2267708999594,0.016382887703115138,4,0.0
192,-3.7592735734905274,-1.7028695200860204,0.016104790851258804,10,0.0
192,-3.6325429051361344,1.3877977878885595,0.016035791885079188,11,0.0
192,-3.750258401839078,1.3733767145023672,0.017182553146072307,6,0.0
193,-3.6343748665329674,1.2359735583629108,0.016113516721913104,10,0.0029489626889974757
193,-3.752183118056851,1.2284585648544815,0.014558454502472536,4,0.0
194,-3.779408436611363,-1.7052993394479856,0.014872834688364577,8,0.0
194,-3.860997489752928,-1.77829872156656,0.015401103625868233,4,0.0
194,-3.7499940924112107,1.3818433232751652,0.01558152515127179,6,0.0
194,-3.6318199863779728,1.243831564001028,0.016406469170880088,10,0.003640206035481184
195,-3.6084519146963676,-1.7131651866036006,0.014986225497931594,7,0.0
195,-3.633776370955403,1.3872644423326868,0.016410556695786414,10,0.0
195,-3.7510047173008214,1.3822163134705467,0.015515875318237416,7,0.0
195,-3.6364657227868804,1.2379213674833676,0.01758982053291007,9,0.0
196,-3.858836453591368,-1.777302516694055,0.015034613038616002,5,0.0
196,-3.6126348717365744,-1.699620131171429,0.01593499091356848,7,0.011751804663720403
196,-3.63181101700223,1.3886860157891574,0.017157379443013182,10,0.0
196,-3.7493782050699096,1.3820562610245009,0.0165110771623582,5,0.005422794795035431
196,-3.7524573281412974,1.2276742991799638,0.01582027141651155,4,0.0
197,-3.8394735532611257,-1.7638722359720442,0.016439208546547016,10,0.0
197,-3.629158628340763,1.3855026250012445,0.016457196065371115,10,0.0
197,-3.7508540620873925,1.2261938107960708,0.016277507409099775,4,0.0025827272499870553
198,-3.7602179048536937,-1.7019908397186254,0.016126818675512924,10,0.0
198,-3.75040849130878,1.3758528823348348,0.015316619820431195,6,0.0
198,-3.6390435488010606,1.2294311609130406,0.016115733511182527,12,0.0
198,-3.7535338643082783,1.2305784460401314,0.015845360618315395,5,0.0024216117397269964
199,-3.6337391487740276,1.2340765199153256,0.015668719168430573,10,0.0
199,-3.753498823144347,1.2259388172257049,0.01732416618446894,4,0.0
200,-3.7613899674055062,-1.6949733331543155,0.01590701916686393,10,0.004440955839812026
200,-3.632449824286776,1.2350625831019268,0.016330205371934456,10,0.002510514282739582
201,-3.5917555729389496,-1.5374867545841358,0.01451500490594521,8,0.0
201,-3.6309714901486445,1.387327834418939,0.01641499899055407,10,0.0026490078607850015
201,-3.7449154660268404,1.3840987945330299,0.015001974789262485,5,0.0
201,-3.753378746174492,1.2288981811989113,0.015183080671389529,4,0.0
202,-3.8423412682630946,-1.765190466033632,0.016577131921461763,10,0.0
202,-3.597344357042408,-1.699375129595036,0.014918665869164783,7,0.019583899920507148
202,-3.6487251934053377,1.380762880537553,0.016345034210061147,11,0.027969294312802807
202,-3.6337351094821226,1.2369527244305358,0.01594458722055351,10,0.0022653419950247524
202,-3.7504353318603414,1.2266729954698774,0.01682994790486853,5,0.003254395087323437
203,-3.779757952890539,-1.7054570666821012,0.015242458012686439,8,0.0
203,-3.862141692325471,-1.7788248990099482,0.014689248422212309,4,0.0
203,-3.6327748344677877,1.3854273273042785,0.015758424964080076,11,0.00917376407894761
203,-3.751776972686871,1.3744242344111626,0.015394878090718638,6,0.0
203,-3.63836766999635,1.2291259724847925,0.016378963305342952,12,0.0
203,-3.7499917021367577,1.2290142366785783,0.016259951050070966,5,0.002774719956044736
204,-3.7616635811248917,-1.7040026657856344,0.015759201186906158,10,0.0
204,-3.607982759730787,-1.712943770117537,0.01739483570033769,5,0.0
204,-3.638102503441849,1.3768025422876546,0.01732088841904274,10,0.0
204,-3.6234306603501163,1.242737614608562,0.016586360342909227,10,0.022070011698950943
204,-3.7506751290709937,1.226728606520222,0.01660541372433362,5,0.0033978413129602467
205,-3.632801662637228,1.2366949366920437,0.01612696533533803,10,0.004111375714729739
205,-3.7514410232324247,1.2273606079530837,0.016052693036062163,5,0.004794108241055309
206,-3.856183631128297,-1.779963276754259,0.016756063057818363,6,0.013387184728737149
206,-3.6315461819275994,1.2341882065463285,0.015038800568594078,10,0.0
206,-3.7505871862639557,1.2260319840363363,0.01657483244043556,4,0.0021512046820057456
207,-3.7626128063993973,-1.693329722804277,0.01707476076960621,7,0.0
207,-3.8555408700812475,-1.7757850627918792,0.0153919863979574,3,0.0
207,-3.6346766019607757,1.3877207820756767,0.015584482890327222,10,0.0
207,-3.7483991121903486,1.3818503329460496,0.01578357883483516,6,0.0029540325161234405
207,-3.6308926168429965,1.241770204810105,0.015766527891110254,9,0.0
208,-3.7775837086948676,-1.7044749047171817,0.014870072415913716,6,0.0
208,-3.854864449515187,-1.7754734900288454,0.014675544069396668,4,0.0
208,-3.6210955861140697,1.2394574918036385,0.016345884167600282,10,0.021094533957542315
209,-3.6318124912708094,1.2351093077829898,0.01639274575664423,10,0.0027857056377641773
209,-3.7506581674417765,1.2250100054237094,0.017311790432981596,4,0.0
210,-3.7607518520666896,-1.7035885663643617,0.015757469451120814,10,0.0
210,-3.6319807832195714,1.2439622429771509,0.015648793650899627,10,0.010108978459613185
210,-3.7517823198951312,1.2265009248568373,0.016285678338396295,4,0.0
211,-3.7225168161600166,-1.5678913422396903,0.016246543062387504,10,0.0
211,-3.6082662030090296,-1.5658414674225394,0.017382677902778303,6,0.0
211,-3.634489415055445,1.2371688242588892,0.01658483419340223,10,0.0
211,-3.7505026594182445,1.2266156851601138,0.015907744697129994,4,0.0048726285276317035
212,-3.730559173512105,-1.5480500120400975,0.017096707338059874,10,0.0
212,-3.780891350189428,-1.7015564385937836,0.017132223262917953,6,0.0
212,-3.855917140939402,-1.7714270012850064,0.01741422367631909,4,0.0
212,-3.745673898775983,1.382337297372804,0.015514738393632366,5,0.0
212,-3.750048402945446,1.2279108240074788,0.016470214053604357,4,0.0
213,-3.7402711245632068,-1.5328261357711765,0.01533621001634977,9,0.0
213,-3.6287632113628527,1.3915097847262206,0.01551765037534435,9,0.0
213,-3.6337522255762003,1.2366964268146998,0.015932250063671993,10,0.002409966972416409
213,-3.75124109163134,1.226862663704631,0.01608281629365902,5,0.003910485699548514
214,-3.6022761283731533,-1.5729846083626464,0.015837995514204155,7,0.0
214,-3.760228026068933,-1.6966448481464926,0.01579111448022795,7,0.0
214,-3.635688971075557,1.2375974050461584,0.016830917633691156,10,0.0
214,-3.752032401198523,1.2275639813041175,0.015317950353184418,4,0.0
215,-3.5966561784728066,1.401145827655296,0.016491559283826666,10,0.0
215,-3.6159078935690037,1.243524934915747,0.01569539905164824,10,0.0252153131966213
215,-3.752388869058574,1.227670863658284,0.01605603009442831,5,0.004795159734598772
216,-3.721314547967165,-1.5611004652179072,0.01661257816562401,10,0.0
216,-3.762061074928124,-1.6974717564079016,0.015802494788611062,10,0.0
216,-3.6287632113628527,1.3915097847262206,0.01551765037534435,10,0.0
216,-3.6348187373656162,1.2346124481820433,0.016841609935149254,10,0.0
216,-3.751692951970683,1.2265986247071472,0.01644453889791601,4,0.003543634834699663
217,-3.614031740208951,-1.7072324103582714,0.017417404669109064,6,0.0
217,-3.6339765485744815,1.2359427301842207,0.015326548393179325,10,0.0
217,-3.75029462646173,1.2265540418787264,0.016078309894469435,5,0.003907661113417664
218,-3.7827194352595073,-1.7023788600014538,0.017138396658073245,8,0.0
218,-3.8575917483946247,-1.776731475393531,0.014679793611655879,4,0.0
218,-3.6328215171071756,1.3880005659020413,0.01722541510155513,11,0.0
218,-3.752739720384186,1.374593607966206,0.015514837469834751,6,0.0
218,-3.634559967518083,1.2372716699174442,0.01757614753581263,9,0.0
218,-3.749929805417916,1.22888829086019,0.016919197015126765,5,0.0012637926011438854
219,-3.836868301882005,-1.7626751179445757,0.01655128906294394,10,0.0
219,-3.631884905644769,1.387642226830655,0.017221811674441208,11,0.0
219,-3.6319914403344837,1.2352673260287872,0.01523980672160537,12,0.0
219,-3.7464941804323835,1.2297742203063844,0.015320117932223222,5,0.0
220,-3.853521340263166,-1.779842584864578,0.014869084630609573,6,0.007862310995397623
220,-3.6335231855041465,1.3835352100311886,0.015847713468927487,10,0.005302443821948757
220,-3.7493086962381192,1.3841807207810541,0.016289197103900872,5,0.0024888286797051986
220,-3.6324190048225162,1.2390086673615024,0.016524539707476884,10,0.002597457845788985
221,-3.836189259059068,-1.7623646439032095,0.016771590058028498,10,0.0
221,-3.633169780879753,1.3806934312204568,0.016751872589757272,10,0.0
221,-3.7487957326744135,1.3824255117449362,0.01686505913025559,5,0.0
221,-3.6315333014401494,1.2429774994523575,0.017065489977568796,9,0.0
222,-3.5926678121956823,-1.5378760931818878,0.01452319905457771,7,0.0
222,-3.8616625033372203,-1.7740660063887264,0.016825627688933135,6,0.0
222,-3.6143689870108013,1.3893214654718518,0.015754813710887414,10,0.018356486406977065
222,-3.746281923811069,1.3825411640092018,0.015933691005516427,7,0.003411939741094651
223,-3.633710076438598,1.2357538321991983,0.016397390805844268,10,0.0027945172035909634
223,-3.750025324713257,1.226025715472573,0.016213901877033476,4,0.0031542498446477515
224,-3.588660590133315,-1.536161959258604,0.016809759548160642,8,0.0
224,-3.8594138702464864,-1.7775676724963265,0.014684445658567998,5,0.0
224,-3.748483783552417,1.383377324300333,0.015519043325906024,7,0.0
224,-3.632595017630038,1.2356482159899935,0.017064694902984994,9,0.0016487914813143219
225,-3.632366269389792,1.236429387350821,0.01636098382529658,10,0.0
225,-3.7512562606415694,1.2278663163079524,0.015665390782797065,4,0.0029437948521124037
226,-3.591393479649443,-1.537329644661375,0.016838259337928162,7,0.0
226,-3.631919005116719,1.3875853919165901,0.016337712177521852,10,0.0
226,-3.7483784176425905,1.3811982798544111,0.016246993433381422,7,0.0
226,-3.6307671180115553,1.2446051624048196,0.016187036923620748,9,0.001879734506198929
227,-3.593578436248819,-1.5382650284540875,0.014532910105577264,8,0.0
227,-3.7513773388660803,1.2293478445408161,0.015444002440798216,5,0.0
228,-3.7638973053756253,-1.6982997737478311,0.015817197862429997,10,0.0
228,-3.6325038479421465,1.2363437108295108,0.01654638317473253,10,0.0033071302959355817
228,-3.7491900629724997,1.2266331802243764,0.015306731529874985,4,0.0
229,-3.7471168389622966,-1.5444102701748097,0.015794586334988443,9,0.021495429302068082
229,-3.63181101700223,1.3886860157891574,0.017157379443013182,10,0.0
229,-3.7492401801889517,1.3831403272089884,0.015169019846452409,5,0.004273671011647403
229,-3.7457011784617986,1.2295154052922332,0.017102078542574728,5,0.0
230,-3.72293228132136,-1.5595706957903948,0.017061930807241818,10,0.0
230,-3.6078360637285476,-1.5630190640621393,0.014982035358066997,7,0.0
230,-3.7629765798354335,-1.6978861156516216,0.01580733199119477,10,0.0
230,-3.6333803326422505,1.3807430349654397,0.016962657840395284,10,0.0
230,-3.7439789852964953,1.383753657413809,0.01500047454374895,5,0.0
230,-3.7488773250447505,1.2258949999752944,0.016934698056881074,5,0.0012129635927802963
231,-3.761143241415722,-1.6970577115618748,0.015795414949708743,10,0.0
231,-3.63375653240586,1.235868130699361,0.016001427390097828,10,0.0
231,-3.7476333792687155,1.224419389168972,0.01749293994420658,4,0.0
232,-3.8513391826991503,-1.782907262392233,0.015385222805283583,6,0.012317152947803186
232,-3.634454661475006,1.2364482619781378,0.016022228476507402,10,0.0
232,-3.747878111825879,1.2244653649383097,0.017250192974402324,4,0.0
233,-3.5937609836558657,-1.556973217030197,0.016146732722956834,7,0.022609435339667392
233,-3.6369047977884637,1.3786140863875638,0.01651126473916156,10,0.0
233,-3.7508816249990953,1.3728664049460104,0.01716526362545041,6,0.0
233,-3.629919781785201,1.2386997252137402,0.015597936856767896,12,0.007605083986112547
233,-3.7507022435347217,1.2281449827223376,0.016742347981648736,5,0.0
234,-3.630301616209292,1.3959258673481312,0.015536580895343611,9,0.0
234,-3.6284569944144978,1.2371087683066024,0.015106545897754634,10,0.0039041284834155426
234,-3.752280260026865,1.2293527928086476,0.01476163367715704,5,0.0
235,-3.6303152300261106,1.23862876935024,0.016234048296500457,10,0.0
236,-3.634895196955415,1.379215745998037,0.016438208879613586,10,0.0026151673256062874
236,-3.7503082724108228,1.3736951712128485,0.016023737838050046,6,0.0
237,-3.745007586097371,1.3819887424467345,0.016243437235824422,5,0.0
237,-3.7475924835264967,1.230137066296369,0.01711176435487992,5,0.0
238,-3.6335985641679738,1.386622060461549,0.01719377538018766,10,0.0
238,-3.7505244855066215,1.2262025733992088,0.016290643365497605,4,0.0023115622384070793
239,-3.598000447650477,-1.5484550387939306,0.01686781256824405,7,0.023002711319109713
239,-3.835823566672633,-1.7621966290746613,0.016421169412425617,10,0.0
239,-3.753344863260099,1.2279924782896379,0.015858231307144713,4,0.0
240,-3.72381525104585,-1.5640870251368604,0.01604319231400964,11,0.0
240,-3.8402802676131516,-1.7552289465263982,0.016550946915056434,10,0.0
240,-3.6314579471380632,1.386676463451858,0.01620688282104749,10,0.0
240,-3.7509712336696754,1.2263345932779628,0.016219045555416457,4,0.0031582902338426365
241,-3.8627566437652074,-1.7745695789054736,0.017005751127223818,6,0.0
241,-3.6318498109593658,1.236883555169245,0.016556867914811972,10,0.0022604877219195903
241,-3.7515262546129327,1.228290022018397,0.01513825707192483,5,0.0
242,-3.6337839611913383,1.3868234772960673,0.016125151449409368,10,0.002661741928785567
242,-3.7481954781103335,1.3811819372093919,0.015506836892764941,7,0.0
242,-3.6335329543214607,1.232236779027569,0.015613715135905343,9,0.005326011450412883
242,-3.7468986124970454,1.2277731372141019,0.01617274266999603,5,0.0
243,-3.605834649317913,-1.56227763348568,0.015830224770907023,8,0.0
243,-3.8622519501855854,-1.7879664174493226,0.016554055490730312,11,0.0
243,-3.6319762243001392,1.3865775906549722,0.016473697463913133,10,0.0
243,-3.7460145193190684,1.3865769493539042,0.015720774653566683,5,0.0
243,-3.635340808711836,1.2364069380404372,0.017501341649811375,10,0.0
243,-3.750910568341557,1.228132044722944,0.015688873829851586,4,0.0
244,-3.632744060556789,1.2405226600695771,0.01582558067977245,10,0.011188837907787947
244,-3.7519699041682153,1.2275435369106265,0.015374870389334612,4,0.0
245,-3.761143241415722,-1.6970577115618748,0.015795414949708743,8,0.0
245,-3.6306773532226924,1.3851952704578285,0.014577396594790175,10,0.0
245,-3.748014644401913,1.3811153096981557,0.01567387833715842,7,0.0
245,-3.6343310423876973,1.2312261926460337,0.01480709912140905,10,0.004163670476117081
246,-3.6235298261234847,1.3884972424077529,0.016243668323376603,11,0.017291405493734632
246,-3.7489574749735217,1.3752431555082512,0.015874164295191725,6,0.0
246,-3.6371787700521625,1.2307800314165853,0.01684695132310809,9,0.0
247,-3.631138613107878,1.3864465814241886,0.015825171987478296,10,0.0
247,-3.7489192300826204,1.3796174490121085,0.01737187509005398,7,0.0
247,-3.632306665577441,1.230966998046191,0.014973073661237287,9,0.004672735972104312
247,-3.7477506281970765,1.2301889653007645,0.016949612276493085,5,0.0
248,-3.6342248211170145,1.3793578149953172,0.015186771140291981,10,0.0
248,-3.7476025502971493,1.3809634751487707,0.016056691278884486,5,0.0
248,-3.63436363819307,1.2306552437794274,0.015430803191473568,10,0.0033808652899061636
249,-3.599620735993451,-1.7004564186824418,0.01734103325038442,7,0.023592789818015224
249,-3.6364444389694186,1.3813059456822174,0.017228130995779377,11,0.0
249,-3.61946480038283,1.2405595048902947,0.016127095301783818,12,0.030094727118913495
249,-3.749660577365125,1.2272122680460267,0.016125476789305662,4,0.005532030755048373
250,-3.631401555544403,1.2425574435402944,0.016264364213528018,10,0.00942615611646326
250,-3.7499303282511574,1.2258917777582539,0.016252916940010097,4,0.0024661856558122934
251,-3.600523338304797,-1.700881566284831,0.01735370141058388,6,0.02360924698603637
251,-3.6335008962301227,1.385123092682375,0.014682584730635287,10,0.0
251,-3.750065367916502,1.3818695914092491,0.015515753232422984,7,0.0
251,-3.7499026416970063,1.230867638647004,0.015824969424998586,5,0.0030023047599774975
252,-3.8389279824274056,-1.7636227114722591,0.016786264054555987,10,0.0
252,-3.6314185616829597,1.3852976570462783,0.01499021536127926,10,0.014572577278028086
252,-3.751732201377778,1.3742242903026554,0.015576651342496448,4,0.0
252,-3.6353671755586126,1.2301536078826663,0.016927811538389424,14,0.0
252,-3.7490255021505328,1.22836655281769,0.01695181399666678,5,0.0
253,-3.720956820221598,-1.569323007058703,0.015773790811058324,11,0.0
253,-3.6078360637285476,-1.5630190640621393,0.014982035358066997,6,0.0
253,-3.5991527152413614,-1.7002288830346592,0.014929605015164275,7,0.019599331760010354
253,-3.5965939964120994,1.3930896947556366,0.016465924556759867,11,0.0
253,-3.7510461951039016,1.3739643886617432,0.016403118820066825,5,0.004677278877699796
254,-3.856040574144582,-1.7714841516125188,0.01665766617914947,10,0.0
254,-3.599788788614684,1.3903137606344547,0.015055666561451969,10,0.0
254,-3.748822200779638,1.224772805465746,0.01725703489178745,4,0.0
255,-3.7519431382339934,1.374300512692785,0.017140198152926882,6,0.0
255,-3.6318839305589488,1.2362282311727386,0.015897175598663993,12,0.0
255,-3.7478570170083425,1.2271423554476013,0.016796826211338392,5,0.0015733926044986454
256,-3.6365031527893,1.3761971242236462,0.015655888310908205,10,0.0
256,-3.6365071217312206,1.2336557428567012,0.016081084503541936,12,0.0060839699045808285
256,-3.7504121485740773,1.2280041565265418,0.016139194921395372,5,0.0
257,-3.8411915012754356,-1.7556461189507893,0.01655424029523867,10,0.0
257,-3.631628985573673,1.3844134799615229,0.014680775193365133,10,0.0
257,-3.7487172605213877,1.3803632826648897,0.01667446274185146,7,0.0
258,-3.6074311973250666,-1.5585998731994544,0.015834931777334735,7,0.0
258,-3.6332879091241703,1.3790019048022986,0.01518372559023244,10,0.0
258,-3.7454778869143444,1.3843083835505992,0.015388831098878453,5,0.0
259,-3.8385603103235226,-1.763453788410998,0.016433937224350846,10,0.0
259,-3.5987150879674665,-1.7000279254163617,0.017334091729278137,7,0.02358092217294211
259,-3.633119453539049,1.236670878378097,0.01617531783542277,10,0.0
259,-3.7502709050761993,1.2269874002911276,0.01606091508336285,4,0.0
260,-3.5904818197716066,-1.5369403108944144,0.01682958061839909,7,0.0
260,-3.783059420284998,-1.7069465790291447,0.014878485503356902,6,0.0
260,-3.8572911314518197,-1.772058468285771,0.01698692956906598,4,0.0
260,-3.608888665531825,-1.7133720621493982,0.017397299604825337,7,0.0
260,-3.6321049718654574,1.3876709404268277,0.016519642708271314,11,0.0
260,-3.754645820088539,1.3757114946002078,0.015585354949246337,6,0.0013460798672575948
260,-3.6338180098612867,1.2322428134364605,0.016735037538569402,9,0.0035006572452948373
261,-3.6210900020174366,1.4106633081487363,0.016595151460374456,10,0.0
261,-3.6298939244818094,1.235253921164407,0.01661438404805102,10,0.002961023394334162
261,-3.7508778941498133,1.2272555804653276,0.01545155683053094,4,0.0
262,-3.6318115313482915,1.2361980375669768,0.015827874116830946,10,0.0
262,-3.750690158726595,1.227124899109699,0.01655482031332775,5,0.0
263,-3.633731407173821,1.236947079020002,0.01593731721004419,10,0.0023739116656600204
263,-3.7499917021367577,1.2290142366785783,0.016259951050070966,5,0.002774719956044736
264,-3.7489044802693936,-1.54803802300763,0.0161055450420868,9,0.02200886633767853
264,-3.6052169646156482,-1.5681352735951637,0.016926748271483435,8,0.0
264,-3.6298952852086406,1.39398916064139,0.016366650149809727,10,0.00866649006321758
264,-3.749071000417247,1.3815031235952697,0.016441277733146485,7,0.0
264,-3.6175720962840345,1.2166692531481051,0.01443009590323824,9,0.0
264,-3.744755619833026,1.229203438588204,0.01709774300653883,6,0.0
265,-3.7536845027772006,1.3758036724126173,0.014855919051227039,6,0.0
265,-3.6300425664096556,1.2415379843689784,0.01503391092098208,12,0.008107199040073093
266,-3.7608329255878554,-1.7035060499549783,0.015914034954542994,10,0.004444284448491255
266,-3.607982759730787,-1.712943770117537,0.01739483570033769,7,0.0
266,-3.630195134824177,1.3858969090603717,0.015671116720102945,10,0.0
266,-3.7483327304737606,1.3820885704126002,0.014729058445309626,7,0.0
266,-3.6336166057499835,1.233868465250989,0.014513135440528456,9,0.0
267,-3.7620610837737796,-1.7018646611928139,0.01708409477419751,10,0.0
267,-3.6292452047476758,1.3872288043875391,0.016980216144926945,10,0.0
267,-3.748709486303095,1.3835360884875438,0.015864678730683177,5,0.00457698764807453
268,-3.836868301882005,-1.7626751179445757,0.01655128906294394,6,0.0
268,-3.6322781223340597,1.3866925875087903,0.01587489069030837,10,0.0
268,-3.7465814897387233,1.3847146569798376,0.016187934438871433,5,0.0
268,-3.636037484008356,1.2405815551919077,0.0162800465539884,9,0.0
268,-3.7480104203334945,1.2302733379059778,0.01474379525715331,6,0.0
269,-3.761745333391259,-1.7039194736750138,0.01591643732416619,8,0.004445863084246396
269,-3.609362701699835,-1.7135981313116704,0.014994599699335552,5,0.0
269,-3.633613360503638,1.3882291657483055,0.01689722355461227,10,0.0011252708973106059
269,-3.7480093290536454,1.3765100979892853,0.016125663736877804,7,0.0060889739714020145
269,-3.7506578015874714,1.2271139723108562,0.015704628568148235,5,0.0
270,-3.861349294012045,-1.7784607664544236,0.0157747334676629,5,0.0
270,-3.600523338304797,-1.700881566284831,0.01735370141058388,7,0.02360924698603637
270,-3.6337428863615244,1.235429152063705,0.01571121181456083,10,0.0026816163664129446
271,-3.607654570686621,-1.565036395019097,0.0154944650548786,8,0.0
271,-3.630328650854837,1.3870001087327082,0.016608410120703843,10,0.0
271,-3.6359876871950156,1.2348950846640443,0.016054246243535016,10,0.0
271,-3.750172454996852,1.2259251188499103,0.016914174863114917,4,0.0
272,-3.8074356949939423,-1.7625891228611958,0.01493941727184415,4,0.0
272,-3.611621265146322,-1.7146704309296634,0.017422373637436126,5,0.0
272,-3.632303775607901,1.386702380368743,0.015899083594205943,10,0.0
272,-3.755188877432513,1.3631092254217334,0.017500651203914617,7,0.0
272,-3.628702350845618,1.2420089910452754,0.016175846700642312,10,0.0
272,-3.7439098696675943,1.2266294120181824,0.017346305719268814,5,0.0
273,-3.630721466875515,1.3871070739148414,0.016079781631605033,10,0.0
273,-3.749309047393056,1.3815805280424356,0.0164077344534376,7,0.004682132411130147
273,-3.6193204714032707,1.2401901376105862,0.016234697322264662,10,0.01768706141594662
274,-3.632490024199765,1.2377650934089492,0.01680518849111969,10,0.0029692475638642933
275,-3.6347049316120614,1.3880575056720605,0.016735243065056582,11,0.0
275,-3.752743267053724,1.3745949070440233,0.015511569572447507,6,0.0
275,-3.631150913875266,1.2361295469596,0.01621166855056612,9,0.002588865738781655
276,-3.7636047671454387,-1.7026118094171119,0.016812528602667066,10,0.0
276,-3.632485805673491,1.3867780312689713,0.015200616794984046,10,0.0
276,-3.7475467384625265,1.3830283194891948,0.015519012049429282,6,0.0
277,-3.63426494915986,1.2370752177612379,0.01636780977373611,10,0.0
277,-3.7495225395399343,1.2246096633081953,0.017494954866309892,4,0.0
278,-3.6334365796390133,1.3849366943556283,0.01732212561205034,10,0.0
278,-3.6356686903580417,1.2369498490226907,0.016335025821274027,10,0.0
278,-3.75058982508796,1.2249773639347732,0.01737955079835686,4,0.0
279,-3.63563505597151,1.2375984079120457,0.01595136531083596,10,0.00226947117299909
279,-3.7520998255922797,1.226557972772309,0.016890274909349266,5,0.0
280,-3.838513445177633,-1.7634322567151377,0.01638920160515118,10,0.0
281,-3.6310839389604173,1.2383245658103896,0.01637763010815306,10,0.002962769051311944
281,-3.7530280034161363,1.2287417791309956,0.014651977445407395,4,0.0
282,-3.599620735993451,-1.7004564186824418,0.01734103325038442,7,0.023592789818015224
282,-3.629240009605744,1.3895687704738564,0.016597905911493627,10,0.0
282,-3.6311633453240066,1.2408750480854551,0.015444858441194077,9,0.0
282,-3.7509889321374024,1.2253101332483929,0.016053977478109913,6,0.0
283,-3.6279010563273064,1.3862854194303926,0.016704543478927168,10,0.0032211698626617054
283,-3.750355056003828,1.38576196614518,0.01636451303264521,5,0.0
283,-3.7486731219709126,1.2253935578086375,0.0174420164091666,5,0.0
284,-3.632572333812069,1.3808997333368358,0.017099531672382373,10,0.0
284,-3.751746269438838,1.3751480841422818,0.01579662416126973,6,0.002187014403427368
284,-3.633293457543966,1.2347235807766317,0.01576555020415757,9,0.0
285,-3.6358740573762844,1.3799206041925798,0.016045585073059105,11,0.004441503834944415
285,-3.6350531368418535,1.238430242643397,0.017312593242162968,12,0.0022048499426970923
285,-3.751360649965358,1.22831393163075,0.016141807083434503,5,0.0
286,-3.8405175219362344,-1.7553373791663567,0.016778368092515435,10,0.0
286,-3.6353996564955238,1.2347538733554126,0.01644460389555006,10,0.0
286,-3.750531217429581,1.2260688949092278,0.016570969966107414,4,0.0
287,-3.8377810432031794,-1.7630942327631758,0.016556003441471696,10,0.0
287,-3.6350451015587595,1.234340555482064,0.015983096060945085,10,0.003187798434588324
287,-3.753241606872085,1.227525598417817,0.01602366329892749,4,0.005196522783561377
288,-3.64434672604755,1.3771982942256498,0.015162084676920413,11,0.020801934063202947
288,-3.749947902933437,1.3725249640328279,0.01715902683055011,6,0.0
288,-3.638219116989021,1.2311205725883398,0.016939718660827666,12,0.0
288,-3.7472400039931677,1.2255079035896486,0.017459319143769848,5,0.0
289,-3.6167192656183733,1.2437608670965439,0.015546695883427417,10,0.025335552410084283
289,-3.74534308939155,1.2248865370084914,0.017455258486983784,5,0.0
290,-3.7823957789275893,-1.7044401147303465,0.01595767506994137,6,0.004472974422210307
290,-3.858836453591368,-1.777302516694055,0.015034613038616002,4,0.0
290,-3.6371190730509397,1.379984683875362,0.015829265306080937,10,0.002701641075037991
290,-3.75145737780813,1.3719958350731427,0.017504438601157763,6,0.0
290,-3.6305601222804147,1.2408866754692502,0.015851552600094125,9,0.0
290,-3.7486994252116435,1.2305007755146058,0.016950739025049157,5,0.0
291,-3.8539905806354677,-1.7784370013219037,0.015973976843283423,6,0.013171800650248092
291,-3.63413091997068,1.3879618254920656,0.017167784182120126,10,0.0
291,-3.744557704202732,1.3859803503448431,0.015304575351444808,5,0.0
291,-3.6348187373656162,1.2346124481820433,0.016841609935149254,10,0.0
291,-3.7486731219709126,1.2253935578086375,0.0174420164091666,4,0.0
292,-3.635616848654186,1.378072195205602,0.016122156732434063,11,0.0
292,-3.752423491899692,1.373476766562101,0.016582097799105446,6,0.0
292,-3.6330073047341207,1.23579244942673,0.015437745472402623,9,0.0
293,-3.603236195324106,-1.7021635075642614,0.017371926538972883,6,0.02363598564354462
293,-3.636923784136314,1.3821214650510858,0.01676888259969615,10,0.0
293,-3.7538147667566553,1.3758421139627577,0.014740476404156535,6,0.0
293,-3.633010081189663,1.236625262727577,0.016070162612097812,9,0.0
294,-3.860470298162053,-1.7735193454868432,0.017428574183921585,6,0.0
294,-3.623186061255307,1.3717283079350144,0.0160912713425081,10,0.01724014758995504
294,-3.751913567997698,1.3762932936748193,0.016693277018899926,4,0.0
294,-3.630954665779756,1.236029963255538,0.016012717543943338,10,0.0021558666374892404
294,-3.7516182096647377,1.2273940645460453,0.015894375791696884,5,0.0050074450763232334
295,-3.6070720139971635,-1.568940603388704,0.016948417573078342,8,0.0
295,-3.637629184219902,1.3790042825548618,0.017313115240422613,10,0.0
295,-3.6264482861548055,1.2471331204285654,0.015621034039786371,12,0.01722961252197314
295,-3.7505905440914815,1.2292521143726738,0.016600098288332907,5,0.002643738861553417
296,-3.5904818197716066,-1.5369403108944144,0.01682958061839909,8,0.0
296,-3.863668608016167,-1.774987411581795,0.017009790553543475,6,0.0
296,-3.74647510836516,1.379510756843126,0.01702645108606247,6,0.0
297,-3.627565032440719,1.3914907167382866,0.016605714455268542,10,0.006434430164971975
297,-3.746934032307395,1.3796449353562694,0.01749518306117512,5,0.0
297,-3.7488811856467934,1.2285793714822668,0.015064489755230125,5,0.0
298,-3.758387091870479,-1.695815523014087,0.015772708773716282,10,0.0
298,-3.7520174911943736,1.2275591038563665,0.015331523424675716,4,0.0
299,-3.7594460478244462,-1.5406829856696813,0.015408498802939399,9,0.0
299,-3.6074311973250666,-1.5585998731994544,0.015834931777334735,8,0.0
299,-3.6278260441968606,1.392107508509724,0.015313879099197389,10,0.008411849056947458
299,-3.7462189086716386,1.384582215120197,0.01462581751484725,5,0.0
299,-3.751854377724472,1.2284406235373628,0.01569571066537355,4,0.0
300,-3.601864514689732,-1.701509217561079,0.01495125082519503,6,0.019630449634834776
300,-3.637489956353709,1.3787792125597196,0.01612440482842575,10,0.0
300,-3.631471993087336,1.237294996184921,0.017314005851957383,12,0.0
300,-3.7481988946252587,1.230335198386758,0.014552366502966662,5,0.0
301,-3.6075010982623215,-1.5639367456618887,0.016337979536121847,6,0.0
301,-3.632761034543781,1.235431451404805,0.016394795437505882,10,0.00279007637545364
301,-3.7497035828579532,1.2246961445155602,0.017315285251976165,4,0.0
302,-3.7593281115554302,-1.6962387906688878,0.014837898993040334,10,0.0
302,-3.600523338304797,-1.700881566284831,0.01735370141058388,7,0.02360924698603637
302,-3.631887488316528,1.236229714911755,0.01590058332084377,10,0.0
302,-3.748421466989486,1.2264955786676028,0.016383913334075934,5,0.0032588492100064552
303,-3.6013578514621756,-1.5725829592562965,0.015834696818756034,7,0.0
303,-3.6347049316120614,1.3880575056720605,0.016735243065056582,11,0.0
303,-3.752423491899692,1.373476766562101,0.016582097799105446,6,0.0
303,-3.6349103449223277,1.2362602874049042,0.016196608843448135,9,0.0
303,-3.7499017414318185,1.2308952906699082,0.015720909555294777,5,0.0
304,-3.8421611321755256,-1.765107709652458,0.016404964280317035,10,0.0
304,-3.63150950919797,1.3854510561059274,0.015329420512459009,10,0.0
304,-3.7609989992665387,1.385899200223033,0.016860704340335576,5,0.01988922653950751
304,-3.7504628973036183,1.2290094190283116,0.016364709444439615,4,0.0
305,-3.764440227111176,-1.6941527709677666,0.017080230710252116,7,0.0
305,-3.6318494310828715,1.2421069619113543,0.01579055893983003,10,0.0031077550594623606
306,-3.5926678121956823,-1.5378760931818878,0.01452319905457771,7,0.0
306,-3.8499687041800508,-1.7809967636783268,0.01650516703510098,6,0.01791502281612144
306,-3.63632746187877,1.378455087073538,0.016907810308227116,10,0.0
306,-3.633812942249633,1.2369601099689642,0.01684619211604699,12,0.0
306,-3.748654941886959,1.2281891716100983,0.017352019065259728,5,0.0
307,-3.7554697610876158,-1.70327295274836,0.015207477276713075,8,0.0
307,-3.606634323335092,-1.7123019691460728,0.014974242570030187,7,0.0
307,-3.6309429111250147,1.3825378268224662,0.01604453329212413,10,0.004819800340168313
307,-3.7450773392834806,1.3862292445628455,0.01571991081656522,5,0.0
307,-3.636347035997001,1.2350734996025103,0.01644465842343364,10,0.0
307,-3.7539834758490245,1.2290533959590995,0.014648487020099518,4,0.0
308,-3.6299843391910964,1.3858164450297135,0.015473466876974639,10,0.0
308,-3.6385724307105187,1.2335706736923384,0.016418614475632625,10,0.0
308,-3.751324605807542,1.2273319918649466,0.01685079836287826,4,0.0
309,-3.630612517628961,1.3860569591774028,0.015189205843688193,10,0.0
309,-3.6374173718292933,1.2386280200317585,0.017583775925398767,9,0.0
309,-3.743049438124169,1.2366934364977658,0.017368797879230378,6,0.0
310,-3.8553733352790975,-1.7811402057124441,0.015421742405222358,6,0.008664827887155727
310,-3.6334896533559493,1.2357773659818632,0.015752199316762878,10,0.0
310,-3.7507360284665956,1.2261509740823728,0.016375905513173212,4,0.0
311,-3.860470298162053,-1.7735193454868432,0.017428574183921585,5,0.0
311,-3.6209643777736407,1.2455433754835863,0.015789418226827535,10,0.02277073923433532
312,-3.856303881211577,-1.7794622894182637,0.016172681272323776,6,0.012995169424608603
312,-3.7525403660232124,1.3725582950107174,0.01642256566230175,5,0.0
312,-3.6348187373656162,1.2346124481820433,0.016841609935149254,10,0.0
312,-3.7511184255202212,1.2262348934605785,0.016919254055738152,4,0.0
313,-3.633190907029015,1.3833680265864585,0.016391317711004626,10,0.004116592690927999
313,-3.7458160218185226,1.3821228567658534,0.01741590640119871,5,0.0
314,-3.7595077046254204,-1.7030712516053184,0.015419438791348347,8,0.0
314,-3.6311320213739737,1.3862552936199068,0.015674916006068355,10,0.0
314,-3.7505897111444817,1.3810547281830727,0.01668023686630784,7,0.0
314,-3.6283925159950843,1.2413272613899862,0.015142258727924995,9,0.0018028559169720373
314,-3.742578918528968,1.2445937582136357,0.01654479685065385,6,0.0
315,-3.76058610661331,-1.7010725643517866,0.017427423617037748,8,0.0
315,-3.6348404123553566,1.3858477851669766,0.016158708598009486,10,0.0
315,-3.632147508556625,1.2346194696135788,0.017258680666940987,10,0.0
316,-3.8394461913019287,-1.763859666353054,0.01641308495628104,10,0.0
316,-3.6318839305589488,1.2362282311727386,0.015897175598663993,10,0.0
317,-3.6305338034139036,1.3860269079216283,0.015116035040326319,10,0.0
317,-3.748803944754186,1.381404701930255,0.016692563906434914,5,0.0
317,-3.6331702505149983,1.239601058668109,0.0162501179024305,9,0.0
317,-3.7503812893751953,1.2270238599640029,0.016843346056058178,6,0.0
318,-3.6365106746803044,1.3791821135770446,0.016607629680444026,10,0.0
318,-3.6346310366255485,1.2362546665330438,0.015123919023226082,12,0.0
318,-3.7516417629014387,1.2293625227098348,0.01616114893404923,5,0.0
319,-3.7608993440593514,-1.7013397664311682,0.016840084221114156,8,0.0
319,-3.634421565688551,1.2352567953021942,0.01697008605646342,10,0.0013848164258916246
320,-3.764191986737576,-1.6940410448865584,0.016840011065833858,7,0.0
320,-3.633082684698365,1.3892249918354656,0.017503725724889764,10,0.0
320,-3.7487905040067404,1.3804804534609736,0.01665681270499335,7,0.0025926427748792936
320,-3.633812942249633,1.2369601099689642,0.01684619211604699,9,0.0
320,-3.747705323047212,1.2278752640120565,0.01735228550190502,5,0.0
321,-3.7611311227731306,-1.702403910102623,0.016130064156573188,10,0.0
321,-3.7465299792544853,1.3868255535068843,0.016142008366681167,5,0.0
321,-3.7488811856467934,1.2285793714822668,0.015064489755230125,4,0.0
322,-3.599362670564406,-1.5490349519379598,0.014557606261563561,7,0.01919789633489894
322,-3.760240845887043,-1.6966505224940625,0.014839572799910791,10,0.0
322,-3.6201332092211476,-1.6929651685591092,0.01701396552700971,7,0.0
322,-3.6320719474892034,1.3848018311747659,0.01620626720966542,10,0.011303801589356021
322,-3.752652521633339,1.374560390145365,0.016470610154674388,6,0.0
322,-3.629281706207072,1.2423456888054178,0.01602632835638166,12,0.008550099934235807
322,-3.749369784905159,1.2268062740809536,0.016386184918128332,5,0.003263383240505977
323,-3.6061431095328356,-1.568538316377391,0.01693629561315485,8,0.0
324,-3.6074311973250666,-1.5585998731994544,0.015834931777334735,8,0.0
324,-3.6330094186686583,1.3789032025557442,0.01668186726992228,11,0.0
324,-3.756124421142924,1.363450199542949,0.017504952751910142,6,0.0
325,-3.7608329255878554,-1.7035060499549783,0.015914034954542994,10,0.004444284448491255
325,-3.6213812385811988,1.3878664883785696,0.016502976217886774,10,0.02205239300878046
325,-3.6350332625872497,1.228390573630794,0.014979514228418466,9,0.0
325,-3.748004137535466,1.2302706237889054,0.01571870649003429,5,0.0
326,-3.7620856964723903,-1.7018403609243389,0.017110163358694853,10,0.0
326,-3.6348444137997027,1.3784543303047316,0.016094576862578095,10,0.004449843289718694
326,-3.7507843471729716,1.3738770790739194,0.016458998628916963,6,0.0
326,-3.633812942249633,1.2369601099689642,0.01684619211604699,9,0.0
327,-3.6372929948563613,1.3764961109746188,0.016476996835649346,10,0.0
327,-3.630861627693164,1.2358753542038108,0.0158239579572365,10,0.0
328,-3.779054120687355,-1.6963242001662393,0.01679984342009026,5,0.0
328,-3.6309714901486445,1.387327834418939,0.01641499899055407,10,0.0026490078607850015
328,-3.74599537394439,1.3740678996959492,0.017158794673079097,5,0.008761028585779955
329,-3.6328866038134415,1.3891186391406392,0.017302937114855012,10,0.0
329,-3.750669889118084,1.3830889253673995,0.016903547804920926,5,0.0016734743605559353
330,-3.6348596484456532,1.2370664105665417,0.016085388068069632,10,0.0022727873135044794
330,-3.750998163808793,1.226264808398857,0.01679938318588425,4,0.0014831850265487382
331,-3.77874359337022,-1.7027928474994023,0.015949460314656962,6,0.0044667566825106544
331,-3.859179447748837,-1.777460496308812,0.0153982259377142,4,0.0
331,-3.600523338304797,-1.700881566284831,0.01735370141058388,7,0.02360924698603637
331,-3.6343430321816506,1.3773944406935075,0.015729330565333342,11,0.003321641893613069
331,-3.749975813653041,1.3737873378676932,0.01530446883371755,6,0.0
331,-3.6356655206443786,1.2333550933088284,0.016185321733550695,9,0.006279078856318887
331,-3.748194078171355,1.2282502759177965,0.015801948577549938,5,0.0
332,-3.6298940536275603,1.3868001927369773,0.0161834337318042,10,0.0
332,-3.7483991121903486,1.3818503329460496,0.01578357883483516,7,0.0029540325161234405
332,-3.6339882414635523,1.2280639647823122,0.014884477789023383,9,0.0
333,-3.590839804783798,-1.5370946169951574,0.014510694312883517,7,0.0
333,-3.629271224029217,1.381986444809881,0.0150868767805398,10,0.0
333,-3.7441404819173654,1.3858843875806104,0.015718798146609834,5,0.0
333,-3.635294794803331,1.236027804057707,0.016336036718204792,10,0.0025143347589500226
333,-3.752978804767635,1.2278731251958357,0.015322476377246166,4,0.0
334,-3.629248917465644,1.3874760284891667,0.016454917256526685,10,0.0017538698334498485
334,-3.747858530373407,1.3820808241773008,0.01686218168636497,5,0.0
334,-3.6349240286638143,1.2323331615531445,0.0155895185381942,10,0.0
334,-3.748474420373003,1.2258667155785012,0.016356726504768066,4,0.0013064235297915935
335,-3.630510660381902,1.3841092628488172,0.015506647563963796,9,0.0
335,-3.633544652385021,1.2357958547399033,0.014929021179794595,10,0.0
335,-3.750493833668357,1.2270518703876965,0.01604888239996565,5,0.004791054234385853
336,-3.7607518520666896,-1.7035885663643617,0.015757469451120814,10,0.0
336,-3.6338114176160863,1.383241697872978,0.01661218149397978,9,0.0
336,-3.634064909206823,1.2386408727873597,0.017470576317542688,10,0.0
336,-3.751034371442389,1.2267589631119311,0.017463195935149122,5,0.0
337,-3.636715123611729,1.2352562533190505,0.016845090563446307,10,0.0
338,-3.6347508212594684,1.3835977337850616,0.016616414269169454,10,0.0
338,-3.599896939000515,1.2516850455335542,0.016135743238643283,10,0.0
338,-3.752749394939579,1.2268182547556024,0.016270632361974024,4,0.0
339,-3.8412976431479855,-1.7647105749140883,0.016447325146095298,10,0.0
339,-3.622252245943118,1.24161677945224,0.016099331665216786,10,0.023008227326417524
339,-3.7516844993108696,1.2264617268344773,0.016378609363016633,4,0.0
340,-3.6356358267109377,1.23472038763927,0.01567249780658809,10,0.0
340,-3.751374783086286,1.2252102226922197,0.01754448844215789,4,0.0
341,-3.6326988225823107,1.3890167881113167,0.017111164726310763,10,0.0
341,-3.7481341262199215,1.3811583966569823,0.016438081148723402,5,0.0
341,-3.7629902010182628,1.235213736267894,0.014809137957726549,6,0.01984093700015746
342,-3.6287889001286375,1.3863661902581148,0.016016679737135785,10,0.0
342,-3.747865255244736,1.382126960233664,0.015931445363297873,5,0.001826569500647527
342,-3.753295360558728,1.2299373041387889,0.016384557085066323,4,0.0
343,-3.843092537103699,-1.7655351441660228,0.016427509581019524,5,0.0
343,-3.6297466049368867,1.3867462625182594,0.0161707689724813,10,0.0039224055358778945
343,-3.7479390770350003,1.3810082451029388,0.015950137345601738,6,0.005345656274388116
343,-3.6333032376752223,1.2446845321542845,0.016026549079205615,9,0.0024882657487318273
343,-3.771808141892436,1.246193148014826,0.01485272233677885,6,0.0
344,-3.5926678121956823,-1.5378760931818878,0.01452319905457771,8,0.0
344,-3.85255510927408,-1.7782858186891888,0.016742511946760193,6,0.013367724327479794
344,-3.6366366536756325,1.2379192200976685,0.016832733713320475,10,0.0
344,-3.7505871862639557,1.2260319840363363,0.01657483244043556,4,0.0021512046820057456
345,-3.630665553175407,1.2417057095684867,0.014697171999690244,10,0.011553758321655087
345,-3.7510842441616017,1.2272534817053562,0.015314857861804284,4,0.0
346,-3.7421107647813368,-1.5335806172986197,0.015347799901475565,9,0.0
346,-3.604886027934722,-1.563834847961952,0.015476285260260044,8,0.0
346,-3.858209387162533,-1.779810519766281,0.01613280842672349,6,0.012326246819678371
346,-3.6337839611913383,1.3868234772960673,0.016125151449409368,11,0.002661741928785567
346,-3.75257872493524,1.373545216202947,0.016432557397708242,6,0.0
347,-3.7616635811248917,-1.7040026657856344,0.015759201186906158,10,0.0
347,-3.606634323335092,-1.7123019691460728,0.014974242570030187,7,0.0
347,-3.631352332044587,1.3854027434562604,0.015186408352179253,10,0.0
347,-3.753610027408159,1.3749111654268047,0.015579284600422346,7,0.0
347,-3.631561688125649,1.2341923395171277,0.015052753849036402,9,0.0
348,-3.6052193219061732,-1.5681362989021799,0.016929253384651104,8,0.0
348,-3.835042780033635,-1.7618370281621303,0.016541724300313563,10,0.0
348,-3.6320381043001326,1.386561356031526,0.015844009488812854,11,0.004626315927385781
348,-3.7512183857968098,1.3730149168591963,0.016838169034491535,6,0.0
348,-3.6330073047341207,1.23579244942673,0.015437745472402623,9,0.0
349,-3.6369047977884637,1.3786140863875638,0.01651126473916156,10,0.0
349,-3.7497792756237094,1.3733478300822481,0.016640611847782517,6,0.0
349,-3.634629647980937,1.2330323750273944,0.016087635192750308,12,0.005720987118990592
349,-3.7512408835439075,1.2312516049385636,0.015459324463228136,5,0.0030221366190222197
350,-3.5969081900901116,-1.6991748859544777,0.01732232609301501,7,0.023565848118713643
350,-3.7546199821180606,1.376146632241438,0.01486053317379245,6,0.0
350,-3.632702496041951,1.235509656278937,0.015023830449767807,12,0.0
351,-3.840337997944098,-1.7642698090426787,0.016397759681182296,10,0.0
351,-3.632872592455841,1.3828851811117329,0.01660733078603411,9,0.0
351,-3.633840765488949,1.2380571841164891,0.017032529446603176,10,0.0021003518401361485
351,-3.7495225395399343,1.2246096633081953,0.017494954866309892,5,0.0
352,-3.6333961379781083,1.2379519516850357,0.01734530150944166,10,0.0
352,-3.750974561338691,1.2271331977291096,0.015397800833873078,4,0.0
353,-3.862617725788513,-1.779046080507415,0.016158246496350486,5,0.0
353,-3.6369047977884637,1.3786140863875638,0.01651126473916156,10,0.0
353,-3.633490425831443,1.2361160694029458,0.016001610350157718,9,0.0
354,-3.743031753340302,-1.533959517490921,0.015351661532088258,10,0.0
354,-3.853184434614652,-1.7701717001723847,0.01740537184636987,10,0.0
354,-3.6320777728051894,1.2352966834956631,0.015319534154117138,10,0.0
354,-3.7506932899519976,1.2262428300464352,0.01647303232513489,4,0.0025082577649067975
355,-3.617231984058545,1.2439221243378467,0.015585450246042017,10,0.02444640090190541
355,-3.7525862545939344,1.227744280928955,0.016560871818302698,5,0.0
356,-3.8562529029910975,-1.7761130393086237,0.01614891353312969,11,0.0
356,-3.6232529982885966,1.2400726869738523,0.016271770848442224,10,0.020553401334156562
356,-3.750135224318895,1.2265156133190054,0.01622394990659584,5,0.003721120309602269
357,-3.6031134345387628,-1.5683331390817425,0.016369668197074836,7,0.0
357,-3.7821475484658538,-1.7065339311938923,0.014877526214998323,6,0.0
357,-3.8612307887366684,-1.7784071419246272,0.014686559928985515,5,0.0
357,-3.6331931023534283,1.2375122409767871,0.01688052669206469,10,0.001620220269710964
358,-3.6226303832100935,1.3942794055770567,0.01600721191866214,10,0.02502520864836572
358,-3.743942574087352,1.3814316238531397,0.017412275498901304,5,0.0
358,-3.6331702505149983,1.239601058668109,0.0162501179024305,10,0.0
359,-3.855254875318831,-1.7825440478196652,0.015985071209707876,6,0.011901788603852544
359,-3.7483445096935064,1.2244276153348774,0.016784968995098515,4,0.0013574685635216683
360,-3.818153401207317,-1.7316993480921776,0.01726647466805102,11,0.011910360350623475
360,-3.631332057986388,1.2339443128007013,0.016389952667211563,10,0.0009120449700436243
360,-3.750976684826032,1.226330384254784,0.016210641284855234,4,0.0029802035391781386
361,-3.840385403373371,-1.764291588276159,0.016443011841522942,10,0.0
361,-3.6383755321717492,1.3769050613955622,0.015658124015962033,11,0.0
361,-3.752652521633339,1.374560390145365,0.016470610154674388,6,0.0
361,-3.633599679465724,1.2322498078751547,0.015679972651307716,12,0.005445965262492429
361,-3.7487896384660795,1.2290240404712494,0.01583560138732767,5,0.0024163557987519372
362,-3.6206480942647805,-1.693206844127924,0.017434028927599966,7,0.0
362,-3.749724628851478,1.2267766792561918,0.015885992652403345,5,0.0050010598673053686
363,-3.606910774208923,-1.5626161440101012,0.014972707712983943,6,0.0
363,-3.6356560636245208,1.3773671678641755,0.01573392940911892,10,0.00241290165889042
363,-3.7503220165415243,1.3737081706022667,0.016012171775177667,6,0.0
363,-3.6319980067868785,1.2343783015792615,0.014596962785906793,9,0.0
364,-3.8450840117369074,-1.7574240831253163,0.01680180745905598,5,0.0
364,-3.748005609499789,1.3837132787453972,0.016647392769902368,5,0.0024523905088063604
364,-3.7484891266711244,1.226404149128788,0.016833362169297376,4,0.0
365,-3.7574754252644915,-1.695402896873268,0.015771946565763827,7,0.0
365,-3.629240009605744,1.3895687704738564,0.016597905911493627,11,0.0
365,-3.7511633338098482,1.3735362702685627,0.016161956333765035,6,0.0042124839543928256
365,-3.622465157778573,1.2364688101849566,0.016567097624268955,9,0.020866699020795923
366,-3.722797851363435,-1.5701006070501036,0.015775694262859314,12,0.0
366,-3.605533068948201,-1.5641155202223234,0.016094494854497966,6,0.0
366,-3.761500525224742,-1.701485311762328,0.017430851122750165,8,0.0
366,-3.6070728662996583,-1.7125110800404684,0.017387303916191164,7,0.0
366,-3.6320463209933687,1.2374678539882087,0.01628519446092322,10,0.0023027897480118516
366,-3.7506519178776827,1.225007020523835,0.017317984031439977,4,0.0
367,-3.7228940292976773,-1.5637024105748816,0.016042460141763283,11,0.0
367,-3.5917555729389496,-1.5374867545841358,0.01451500490594521,7,0.0
367,-3.64007322572657,1.379869304677311,0.016912102050158466,10,0.0
367,-3.6325950733927397,1.235473122176918,0.0149252659033629,10,0.0
367,-3.7472400039931677,1.2255079035896486,0.017459319143769848,5,0.0
368,-3.603692212363165,-1.5716309668794701,0.015490980295111449,7,0.0
368,-3.7623032992996333,-1.6953848245445047,0.015909343278311512,10,0.004442330073772439
368,-3.6161235401451415,-1.691089444815094,0.01742865520956426,7,0.0
368,-3.6333159158790767,1.2367528164316237,0.016364663253253028,10,0.0
368,-3.7538269475165613,1.229013220143965,0.014786186683639192,5,0.0
369,-3.637375673673047,1.2331649442826875,0.01519033808810978,10,0.0
369,-3.753701441060234,1.2281091414294227,0.015531150816320824,4,0.0
370,-3.635436424487021,1.38795025238128,0.015375994969648619,10,0.0
370,-3.7488043836521134,1.3811911017902048,0.016851631544856315,6,0.0
370,-3.7503654520303082,1.2288633952147876,0.016532379854806545,6,0.0
371,-3.750798809111017,1.3801760358396196,0.016433492591064632,5,0.0
371,-3.634822994581217,1.2415803395131633,0.01569019112876065,10,0.008670129535638725
371,-3.748805652472412,1.2274543562901727,0.016798547360723722,5,0.0015755647150031936
372,-3.5987150879674665,-1.7000279254163617,0.017334091729278137,7,0.02358092217294211
372,-3.6315162968354593,1.3864017688581045,0.015161506154296336,9,0.0
372,-3.7489396911199697,1.377324755644176,0.017494308637355186,5,0.0
372,-3.621201013919832,1.2412613688025287,0.015995202043681503,10,0.023004866241813988
372,-3.7489975568960388,1.2261614022698735,0.016395911973784184,5,0.0035477093253301357
373,-3.6287582500566087,1.3844661877127717,0.01452979170739946,10,0.0
374,-3.594674925356904,-1.5573684951444469,0.016152444214650945,7,0.02262159911726861
374,-3.7611536984918015,-1.6970623076265563,0.01484137159975957,7,0.0
374,-3.7481473749402605,1.3820993628906408,0.01573692643262641,7,0.0
374,-3.629109645636327,1.2421479086011915,0.014800204649815789,10,0.0
375,-3.7615164242860626,-1.5563645434020956,0.01688772570309119,9,0.0
375,-3.840385403373371,-1.764291588276159,0.016443011841522942,10,0.0
375,-3.6359876871950156,1.2348950846640443,0.016054246243535016,10,0.0
375,-3.7518107877902604,1.2274914858320352,0.015520103107055382,4,0.0
377,-3.763154439695214,-1.7047282911506623,0.015425208673112287,10,0.0
377,-3.6144270016300397,1.245961643610169,0.015638200376019668,10,0.02075100741553361
377,-3.751060212062786,1.2253141007405344,0.016921188597107718,4,0.001544884503024925
378,-3.762979340514048,-1.6978855916369398,0.014844863520947958,7,0.0
378,-3.600961403352861,-1.7010836668638096,0.014941261717889016,7,0.01961699486333988
378,-3.631783802398007,1.3886712544603228,0.01712960902363639,10,0.0
378,-3.749102042263468,1.3837006404295427,0.014845044689740862,6,0.0
379,-3.748689394411487,-1.5469361960428465,0.015924609021783394,11,0.021813184851308797
379,-3.610104716693277,-1.5619416396589285,0.016945434567179365,7,0.0
379,-3.78158231992984,-1.7062810410325948,0.015244634457313229,6,0.0
379,-3.855681576960566,-1.7713187802916022,0.017185976961424872,4,0.0
379,-3.5989590631574946,1.2513582873312148,0.016128529421292677,10,0.0
379,-3.7506570618039063,1.2260500188204666,0.017363283431924625,5,0.0
380,-3.6083537168092916,-1.5589970176257668,0.015839420387361976,7,0.0
380,-3.603819594109367,-1.693898116358854,0.017349588527850925,6,0.023614256240259337
380,-3.6337901824819894,1.2369506176100387,0.016824066514175243,10,0.0
380,-3.7537109409620815,1.2281122495546546,0.015522466536251013,4,0.0
381,-3.8389279824274056,-1.7636227114722591,0.016786264054555987,10,0.0
381,-3.638083231759188,1.3789475584702908,0.015747012919239668,10,0.0
381,-3.753357281155092,1.3738184924336654,0.01658727391713809,6,0.0
382,-3.7574754252644915,-1.695402896873268,0.015771946565763827,8,0.0
382,-3.6344258108022314,1.380469010549822,0.01689342252131119,10,0.0011205992090350604
382,-3.751254206041751,1.3735677558575912,0.01608843698001606,6,0.004709300734999395
382,-3.747340148150528,1.2300542563305117,0.01737066202507989,5,0.0
383,-3.760588035981923,-1.5559792690673522,0.016882302296665125,9,0.0
383,-3.8402802676131516,-1.7552289465263982,0.016550946915056434,9,0.0
383,-3.6322117469810635,1.386132779912768,0.016166657732464194,10,0.00518277980196122
383,-3.751732201377778,1.3742242903026554,0.015576651342496448,7,0.0
383,-3.6336061071191006,1.2369464533699277,0.017568344543712464,9,0.0
384,-3.838690865423746,-1.7635137705716537,0.01655876972890231,10,0.0
384,-3.6387681969059624,1.3770536930962822,0.01606601961530156,10,0.0
384,-3.6328351324444137,1.236552297294867,0.01590234978643995,12,0.0
384,-3.7504121485740773,1.2280041565265418,0.016139194921395372,5,0.0
385,-3.605628197562374,-1.6947472677616358,0.01736576110596077,7,0.023635410465927646
385,-3.634454661475006,1.2364482619781378,0.016022228476507402,10,0.0
385,-3.7540775898453687,1.2290775520109238,0.014565930354597278,4,0.0
386,-3.6021199616690414,-1.554293723929965,0.01574792602394402,7,0.02019819380111063
386,-3.637191163517756,1.2351930412897951,0.015304707030982216,10,0.0
386,-3.750531217429581,1.2260688949092278,0.016570969966107414,4,0.0
387,-3.838688224179577,-1.7545015801233097,0.01676716937390261,5,0.0
387,-3.6145022017370865,-1.707455912458207,0.015010740318703655,6,0.0
387,-3.7465333208119755,1.3824981276123833,0.01662815102886531,5,0.0
388,-3.759212771779296,-1.5533801366225983,0.01651368069889853,9,0.0
388,-3.636210084697037,1.3782398739864976,0.015744290997897887,10,0.0
388,-3.7534283550453744,1.374844611077001,0.01574720242102811,6,0.0
388,-3.6365322351695415,1.2337068782877392,0.01608391166186171,9,0.005049510709781375
388,-3.750049065207432,1.2250033863686716,0.016042993730924264,5,0.0
389,-3.6386362226889464,1.2343476833284757,0.016316416867245477,10,0.006492999973515655
389,-3.752005100609008,1.2289586882081092,0.015793142769199648,5,0.002935838351855142
390,-3.631511918615566,1.3899803290675976,0.016261646307074402,10,0.013395467226837524
390,-3.7468807000648012,1.382679866757839,0.016247420159270748,5,0.0
390,-3.631011515714168,1.2427993419178551,0.014810978566993383,9,0.0
391,-3.6066283737789604,-1.5648802134104214,0.016495111030866087,8,0.0024862961900354056
391,-3.5975817833278727,1.401506059429886,0.016498139873222014,10,0.0
391,-3.748041857665954,1.383165652292079,0.01692462055563071,5,0.0
391,-3.637296576542667,1.2353965277152812,0.01644713781228675,10,0.0
391,-3.750531217429581,1.2260688949092278,0.016570969966107414,4,0.0
392,-3.8365636791888638,-1.7625366686326898,0.01713274260807496,10,0.0
392,-3.632628823692063,1.3878373040214302,0.01611934025389727,10,0.0
392,-3.7461175583936184,1.378588299029362,0.01735555703905458,5,0.0
393,-3.6058858317445117,-1.5661546133410422,0.01640848765982062,8,0.0
393,-3.839367149332589,-1.7548114667276697,0.016546885968700794,9,0.0
393,-3.7518569141452085,1.2234794374619113,0.017128622853323287,4,0.0
394,-3.7610140800870715,-1.7038009332320765,0.015102612626465402,10,0.0
394,-3.6157816203876556,-1.7057076619714129,0.017004010034668934,7,0.0
394,-3.630436199310248,1.3849819684862272,0.016057103308869253,10,0.0
394,-3.750172454996852,1.2259251188499103,0.016914174863114917,4,0.0
395,-3.7610730515018944,-1.554148603398986,0.01652673551380486,9,0.0
395,-3.6061431095328356,-1.568538316377391,0.01693629561315485,8,0.0
395,-3.7473689636053473,1.3870186164941225,0.015308322679239178,5,0.0
395,-3.633895225457191,1.2355223156548514,0.016198359793650512,10,0.0029178664826853195
395,-3.7508629442360255,1.2271810841060355,0.015516729791588768,4,0.0
396,-3.76047657002451,-1.6945619094342559,0.015904625970501466,10,0.0044393785963908515
396,-3.61883857293389,-1.6923608179379832,0.017431822080784993,7,0.0
396,-3.631950813093554,1.3856348653805521,0.01577435735790854,10,0.0021458363361649465
396,-3.7526750031377873,1.3745699032645133,0.015574508316470344,7,0.0
396,-3.6348649387929144,1.2344883490066934,0.01586383787021283,9,0.0
397,-3.780891350189428,-1.7015564385937836,0.017132223262917953,6,0.0
397,-3.853441049079567,-1.7817052963662494,0.01597995775699379,5,0.01189302610271488
397,-3.629832661589676,1.38684818620821,0.01619307327617622,10,0.0025352591150180443
397,-3.749097293277366,1.3834073877735313,0.015973014918331113,5,0.0
397,-3.7476293034994326,1.2280811590600695,0.016345828106626402,4,0.0
398,-3.8594138702464864,-1.7775676724963265,0.014684445658567998,5,0.0
398,-3.6327680071826403,1.236524301530839,0.015838092697415488,10,0.0
398,-3.749369784905159,1.2268062740809536,0.016386184918128332,5,0.003263383240505977
399,-3.7626579843447807,-1.7043336681733425,0.015918135973274156,8,0.004447718210220025
399,-3.61554387462348,-1.6993802035211252,0.017437882405111536,7,0.009358906476011524
399,-3.7469268713961394,1.3828510185378196,0.015170419158593882,5,0.0
400,-3.728318465565547,-1.5575753156625263,0.016406610155393724,9,0.0
400,-3.603692212363165,-1.5716309668794701,0.015490980295111449,8,0.0
400,-3.6378314000833183,1.3766984106875337,0.016064076195425114,10,0.0
400,-3.7480767476307513,1.228053109841638,0.016951120815977983,5,0.0
401,-3.8586307809203397,-1.7776776996690167,0.017149631864448706,6,0.00941381238506606
401,-3.748365642562994,1.2262325766448179,0.016158483608649743,5,0.0
402,-3.6078360637285476,-1.5630190640621393,0.014982035358066997,7,0.0
402,-3.635641498418322,1.388415079701104,0.016738215156654523,11,0.0
402,-3.7523937284648197,1.3723405313681634,0.01750704904094206,6,0.0
402,-3.6326563808421493,1.2366238768442157,0.017564603867201697,9,0.0
403,-3.6080848165588955,-1.5631936517736669,0.016211717950077652,7,0.0
403,-3.8412495202505528,-1.7646884687720021,0.016401389182594033,5,0.0
403,-3.622418620500195,1.2425706988245537,0.015933840144890774,10,0.026425622790790575
403,-3.77551488297537,1.2371696188554677,0.016150786604260153,5,0.0
404,-3.607990949729104,-1.5693429018048866,0.016951724534523687,8,0.0
404,-3.8380180431041553,-1.7632030939616579,0.016783381316653523,9,0.0
404,-3.6332435851201366,1.3873233155283937,0.01610490581240953,11,0.0
404,-3.74988879126102,1.373727312434471,0.015406509763999144,6,0.0
404,-3.63448316275188,1.232558622780155,0.015617456732001444,9,0.0053253287102024635
404,-3.748654941886959,1.2281891716100983,0.017352019065259728,5,0.0
405,-3.5978128426622127,-1.699603231845185,0.017328822359716917,7,0.023576468681547103
405,-3.6314714406934874,1.3863846455108602,0.015119823918130241,10,0.0
405,-3.7485190577678247,1.3812997086443266,0.016961789326597657,5,0.0
405,-3.6317126095393664,1.2469747941678733,0.016258804168319308,9,0.0
406,-3.6295854345564615,1.3856641768148377,0.015101585525536892,10,0.0
406,-3.7492834813378577,1.38054497727476,0.017036190599374324,7,0.0
406,-3.632506804008733,1.2433111906031076,0.016198177201759877,9,0.0
407,-3.761143241415722,-1.6970577115618748,0.015795414949708743,10,0.0
407,-3.633046878969819,1.3881904980297493,0.016665402002036686,10,0.001908623257115485
407,-3.750936686969476,1.3821912435339234,0.0155786446019346,7,0.0
407,-3.632823995467781,1.2440186568193095,0.016930169545418896,9,0.0
408,-3.6347195154114935,1.3770116207467997,0.01573185005460461,10,0.002411630188949912
408,-3.635859810766108,1.2367610300059333,0.015450398398313246,9,0.0
409,-3.6382002756826566,1.379161823151134,0.016909659138058395,10,0.0
409,-3.633131234326261,1.237820093015511,0.017078825431736916,12,0.0
409,-3.7520972234963352,1.229565327008781,0.01665729750857635,5,0.0008625219708685757
410,-3.7593125227605397,-1.696230490174592,0.01578627932339679,10,0.0
410,-3.6389439716720773,1.375047619581112,0.015183923055642048,10,0.0
410,-3.632481235982883,1.237516059619428,0.01756227386971261,10,0.002215852973912894
410,-3.75009689039871,1.2309589480750605,0.014555279456577058,5,0.0
411,-3.6183231718483766,-1.6921198567552833,0.017010924724347423,7,0.0
411,-3.631631039131157,1.2351447711402002,0.01490839783118858,12,0.0
411,-3.75023301689556,1.2280776817144303,0.0169622087940591,5,0.0010773200597997312
412,-3.6365553356417393,1.2375438624748871,0.017374133502273136,10,0.0
412,-3.7518032495300835,1.2265093116429113,0.016265814584935773,4,0.0
413,-3.6047212527008283,-1.6943198843359175,0.01736320416724467,7,0.023629598201040346
413,-3.752641782155911,1.2267751343884366,0.016372840946857727,4,0.0
414,-3.592311588747978,-1.5377251082878909,0.016838703894568575,7,0.0
414,-3.7489396911199697,1.377324755644176,0.017494308637355186,5,0.0
414,-3.6327519093956533,1.2337423830693208,0.014704064513351286,10,0.0
414,-3.750877782628126,1.2262034075726562,0.016255622078133105,4,0.0024691856901449087
415,-3.7215968416264036,-1.5675020860908628,0.016245876066921495,10,0.0
415,-3.7616635811248917,-1.7040026657856344,0.015759201186906158,10,0.0
415,-3.638546142417308,1.3769682759488675,0.014865735071255631,10,0.0
415,-3.752166583794028,1.374778503565985,0.015279871701454239,6,0.001972764636057947
415,-3.6333417689226635,1.239473590738954,0.015459717807846222,12,0.015769540557848457
415,-3.748194078171355,1.2282502759177965,0.015801948577549938,5,0.0
416,-3.839303702974562,-1.7637953323058053,0.017148688184401597,10,0.0
416,-3.6284257971932456,1.3952045751888857,0.01552677695146464,9,0.0
416,-3.6393613952525734,1.2314788366922595,0.017133874722327958,12,0.0
416,-3.7497387737876746,1.2293358544593413,0.015837071852698045,5,0.002418225965786851
417,-3.6162110978416147,1.3936769222984313,0.01632842423561575,10,0.02662816728280293
417,-3.6353996564955238,1.2347538733554126,0.01644460389555006,10,0.0
417,-3.753701441060234,1.2281091414294227,0.015531150816320824,4,0.0
418,-3.761698757673414,-1.6929186116300938,0.017071662094853363,7,0.0
418,-3.6156804963521783,-1.7037226545897668,0.01742525921133086,7,0.015492178090714055
418,-3.6312846094275915,1.2341184878769602,0.014804063736943703,10,0.0
418,-3.7505936826172355,1.226093928183881,0.01651140912173198,5,0.0
419,-3.632546103992567,1.3878641577199429,0.016100868348015843,10,0.0023156453594122576
419,-3.7503570820716567,1.3840702387711392,0.015522445273384493,5,0.0
419,-3.631631148654469,1.24305669268611,0.015452074189944685,9,0.001102871386117556
420,-3.762061074928124,-1.6974717564079016,0.015802494788611062,8,0.0
420,-3.6363924369973835,1.377620033037295,0.016461754771116697,10,0.0023394910657741005
420,-3.75358778088271,1.374904386738222,0.016474594230645425,6,0.0
421,-3.844897860313851,-1.7663641213227008,0.016417693245789188,11,0.0
421,-3.6031834862187564,1.3865394306549013,0.015969844745643752,10,0.0
421,-3.753836531918298,1.2281533397045654,0.015407807711420064,4,0.0
422,-3.6088375266799004,-1.5572387510314378,0.0154836946837512,7,0.0
422,-3.8412495202505528,-1.7646884687720021,0.016401389182594033,11,0.0
422,-3.6299527958213567,1.388421957929862,0.017027440998341647,10,0.0018806411919127664
423,-3.6206480942647805,-1.693206844127924,0.017434028927599966,7,0.0
423,-3.749929835126656,1.2269424087196859,0.015450376139652954,4,0.0
424,-3.8565859169744536,-1.7801828887005642,0.016556477256195662,6,0.013544434926001466
424,-3.636347035997001,1.2350734996025103,0.01644465842343364,10,0.0
425,-3.6053172807631206,-1.5659915525491055,0.015833959773199957,8,0.0
425,-3.8544975986369083,-1.7799424609025198,0.017270401009362692,6,0.014040264007184555
425,-3.6369047977884637,1.3786140863875638,0.01651126473916156,10,0.0
425,-3.7538108070712988,1.3758409454398153,0.014743980442888249,6,0.0
425,-3.6367282009283035,1.2305568938087463,0.017340461669841992,12,0.0
426,-3.758073887051171,-1.5594181882666796,0.016875922901793877,9,0.0
426,-3.836868301882005,-1.7626751179445757,0.01655128906294394,10,0.0
426,-3.6014299152369285,-1.7013117863735903,0.017356272489260038,6,0.023616095613642883
426,-3.633425779460133,1.2356502197207453,0.016110287885797336,10,0.0029494410712267915
426,-3.751605232869257,1.2253202744900655,0.017315747832929752,4,0.0
427,-3.6344649228310435,1.237770295050444,0.01652926672101903,10,0.0
427,-3.753489125049158,1.229711715515571,0.014539356032552294,5,0.0
428,-3.6201093477381874,1.390726269336997,0.016209341152362836,10,0.024720869997382218
428,-3.7464141613523245,1.3846532233349258,0.015390662506308364,5,0.0
428,-3.6369415210663654,1.2349851069507833,0.015986522974678993,10,0.0031906473397678038
429,-3.7176631522323933,-1.5658456250079846,0.017478385528359727,11,0.0
429,-3.760228026068933,-1.6966448481464926,0.01579111448022795,10,0.0
429,-3.599620735993451,-1.7004564186824418,0.01734103325038442,7,0.023592789818015224
429,-3.6326582757782977,1.3848222374272487,0.015777752691647752,10,0.0
429,-3.635214591037105,1.2373995537751477,0.016371415336124698,10,0.0
429,-3.7486969328415514,1.2254724871509324,0.016505830497204367,4,0.0
430,-3.603897357373151,-1.5638557960503674,0.015768088530350253,7,0.002007184353343066
430,-3.6197436008834147,-1.6927829350749155,0.017432958352628942,7,0.0
430,-3.632672221487452,1.3868818791859676,0.01636405994806497,10,0.0018464694473950658
430,-3.7489711075266157,1.38047583041077,0.016429497218958186,7,0.0
430,-3.7495221485655166,1.2328899110931812,0.01608665166285965,5,0.0
431,-3.604643016608984,-1.563540225817813,0.01613754307522472,7,0.0014489753191253459
431,-3.8607755522936866,-1.7832005544665348,0.01488676689386877,6,0.007895915840052337
431,-3.6317401649905108,1.3875150968412566,0.01689222313778629,10,0.0011173051653938925
431,-3.630373681222786,1.2407923317707148,0.014723407630029507,10,0.0
431,-3.749648954669987,1.2308097351175438,0.016952384037197243,5,0.0
432,-3.63094353947279,1.234911165368594,0.015145413156076667,10,0.0
432,-3.7491875886844417,1.2262063694435847,0.016220438112635224,5,0.0037176706300556823
433,-3.6325369472091404,1.387795047686256,0.016030002856799393,10,0.0
433,-3.747197094483247,1.3806826473984546,0.016534696767299607,6,0.0
433,-3.6311015803216584,1.2416575430827932,0.015702483715348842,9,0.002561819011783986
433,-3.7449468659911234,1.2373181924476393,0.017371477598578905,6,0.0
434,-3.6279328046687325,1.3992712335286461,0.01552851242222408,10,0.0
434,-3.7488792132873265,1.3850123906980052,0.016205963782664843,5,0.003913632056430113
434,-3.7533957354106713,1.2284117083791728,0.015061620247128931,4,0.0018863304320121486
435,-3.841429139578442,-1.7647709802292468,0.016573059416249317,10,0.0
435,-3.600961403352861,-1.7010836668638096,0.014941261717889016,7,0.01961699486333988
435,-3.633728897752998,1.387598744250531,0.016421718875078567,10,0.0032476467532122077
435,-3.7506134528279995,1.380265674655458,0.01755455934653358,7,0.0
435,-3.6364094204240174,1.2336586092275383,0.016861368514066423,9,0.004323744372705425
436,-3.6348732975664766,1.2373928008361295,0.016157788413049753,10,0.002058231573903717
436,-3.751362404794344,1.226332659233837,0.016685649861641044,5,0.0
437,-3.840385403373371,-1.764291588276159,0.016443011841522942,10,0.0
437,-3.634334574974321,1.3793692119106509,0.015293465213328937,10,0.0
437,-3.752013459804622,1.2275573346845872,0.016209165708148395,5,0.0
438,-3.5917555729389496,-1.5374867545841358,0.01451500490594521,7,0.0
438,-3.8625720280309648,-1.7744847624763593,0.01682816377868484,6,0.0
438,-3.626497837703919,1.3757560449591237,0.015622410536386846,10,0.016618053675060942
438,-3.6337177050170064,1.2368470066674315,0.015841895241140675,10,0.0
438,-3.7497565693169665,1.2273098291817202,0.016226554338182,5,0.002753231731448735
439,-3.854864449515187,-1.7754734900288454,0.014675544069396668,5,0.0
439,-3.625391921797579,1.3974364251175098,0.017584675571743633,10,0.0
439,-3.752593253743108,1.3818037949992288,0.01655836774339871,6,0.0
439,-3.6299422938201635,1.241446048401939,0.015761899630219813,9,0.0
439,-3.7509889321374024,1.2253101332483929,0.016053977478109913,6,0.0
440,-3.6278856632312713,1.3930854079931623,0.015160167109069466,11,0.0
440,-3.6346630971497063,1.2371695403729146,0.015841426994030544,12,0.0
440,-3.748539682790166,1.2260548416924517,0.01682341343357279,5,0.0032487369240446467
441,-3.62914585285777,1.3946672065238899,0.017182434099147954,10,0.0
441,-3.7459442816447,1.3823371638427009,0.0162441334742957,5,0.0
441,-3.7476637721294725,1.2322750893982735,0.016045493508941834,5,0.0
442,-3.7499684879989137,1.3754820051069445,0.01682349492243712,4,0.0
442,-3.6336947093565044,1.2379597227848382,0.017358695085609235,10,0.0016705074641876951
442,-3.748194078171355,1.2282502759177965,0.015801948577549938,5,0.0
443,-3.8449164154255966,-1.766372644991398,0.016435400814032077,10,0.0
443,-3.5987150879674665,-1.7000279254163617,0.017334091729278137,7,0.02358092217294211
443,-3.6341271594813915,1.382738840861836,0.016009749458512287,11,0.00484847529294778
443,-3.750521306008784,1.3716532786040294,0.017500518835126877,6,0.0
443,-3.6374607569228377,1.2308350850819663,0.01712720460673838,12,0.0
443,-3.7487960302900287,1.2283975173656432,0.016175765903574613,5,0.0
444,-3.782178660491422,-1.6977261625717088,0.01721313248752188,5,0.0
444,-3.640248195287909,1.377612841037326,0.015660503743939767,10,0.0
444,-3.6270146243581753,1.239057244992838,0.016778848519092542,10,0.015615245691959732
444,-3.748539682790166,1.2260548416924517,0.01682341343357279,5,0.0032487369240446467
445,-3.780569585757649,-1.7036165395242895,0.015953492617642673,6,0.0044699863619361
445,-3.859560902075764,-1.7731006220394456,0.017426165837512234,4,0.0
445,-3.6283886492915696,1.3962508799641693,0.016066262186321782,10,0.021675819944947453
445,-3.6330061126563593,1.2362794555338414,0.016857819149150664,10,0.0028596043827752013
445,-3.7504037465290363,1.2265986818442283,0.01600854217993915,4,0.005187918986785593
446,-3.631899634639507,1.3905751221337959,0.016961740489391315,10,0.02150165390665313
446,-3.622638818169147,1.2451336097100068,0.01630842103510252,10,0.023723553024701607
446,-3.7491209300986528,1.2275501547629484,0.015636853432286383,5,0.0021170719093397752
447,-3.7611536984918015,-1.6970623076265563,0.01484137159975957,7,0.0
447,-3.626992935566861,1.3989079381920548,0.015521287279036912,10,0.0
447,-3.6334896533559493,1.2357773659818632,0.015752199316762878,10,0.0
447,-3.7508685625678555,1.2271829221262298,0.015511593957616686,4,0.0
448,-3.840337997944098,-1.7642698090426787,0.016397759681182296,10,0.0
448,-3.74893084478955,1.379488389192949,0.016423464240242058,5,0.0
448,-3.633807202035589,1.2380478017421543,0.017011037577666737,10,0.0021323403971957727
448,-3.749724628851478,1.2267766792561918,0.015885992652403345,4,0.0050010598673053686
449,-3.8554217706729275,-1.784798544605552,0.015028833212769151,6,0.0123896354606114
449,-3.6338114176160863,1.383241697872978,0.01661218149397978,10,0.0
449,-3.7489396911199697,1.377324755644176,0.017494308637355186,5,0.0
449,-3.63537023260368,1.235580405697925,0.016972972772680717,10,0.0013843251114868498
449,-3.75152369726141,1.227397571102028,0.015783255220511556,4,0.0
450,-3.7535945313106205,-1.5701696722167975,0.016875814393388148,10,0.0
450,-3.606910774208923,-1.5626161440101012,0.014972707712983943,7,0.0
450,-3.6316100897302723,1.387509644494014,0.01609980119963851,10,0.0023102515672790216
450,-3.749076904994534,1.3840722540600296,0.015595948672243197,6,0.0025623806619946227
451,-3.639567893778339,1.3773563948570957,0.0168985467968761,10,0.0
451,-3.7528475368055774,1.376635125845185,0.01669905216986762,4,0.0
451,-3.63408021371677,1.2381423106618774,0.017081789985824502,10,0.0
451,-3.7475819774133163,1.2281004361322347,0.015438140957449123,5,0.0
452,-3.599620735993451,-1.7004564186824418,0.01734103325038442,7,0.023592789818015224
452,-3.625994357047035,1.3852852769138342,0.016302703688672784,11,0.020085351074070487
452,-3.7532608203868967,1.3737759604678557,0.01668039337263542,6,0.0
452,-3.635624777412434,1.2323904719325842,0.016375993049553655,9,0.004177519189711606
452,-3.751604273995763,1.2274239298336889,0.01570925588321177,5,0.0
453,-3.7629232799862113,-1.7045227657531465,0.01611240261419928,8,0.0
453,-3.7509290012472465,1.3821884112595297,0.015585741268785005,7,0.0
453,-3.6369823392324103,1.2409014790294868,0.01627850535413852,9,0.0
453,-3.758572540058156,1.236444732986014,0.017264481652268824,6,0.023374124108255134
454,-3.8562529029910975,-1.7761130393086237,0.01614891353312969,5,0.0
454,-3.6324438692744465,1.3876108047184903,0.016002797678662823,10,0.0031783157099649186
454,-3.752468445348676,1.227706172792267,0.01578931583651981,4,0.0
455,-3.604783082489641,-1.5659766878829129,0.016358213076260425,8,0.0012926927664891116
456,-3.632915902830186,1.3869360533202526,0.016479400761374326,10,0.0
456,-3.7450958855123644,1.3841672216448275,0.015783206644169483,5,0.0
456,-3.75295764711348,1.2278657910662745,0.016215774889593467,4,0.0
457,-3.7051129743869744,-1.5647511890125625,0.01746994429144578,11,0.022245569573699248
457,-3.854991582894751,-1.778806351195132,0.01638248868452575,6,0.012804881897875854
457,-3.620799830684602,1.244505572446071,0.01579945491050772,10,0.022248792831507457
457,-3.748855737014757,1.2285671826585327,0.015091760049097904,5,0.0
458,-3.608888665531825,-1.7133720621493982,0.017397299604825337,5,0.0
458,-3.635530805125944,1.3794182132938881,0.0161236891606398,10,0.002656379742503494
458,-3.7534785432302873,1.3738719599163944,0.016470422634307348,6,0.0
458,-3.6339580662269477,1.236115642729812,0.01544263291352227,9,0.0
459,-3.5926678121956823,-1.5378760931818878,0.01452319905457771,7,0.0
459,-3.850885739961967,-1.782697050332615,0.01502128269945108,6,0.012375477328479484
459,-3.629095821880953,1.3866127665729429,0.016406908899395844,10,0.0026463023973332363
459,-3.7511690836652116,1.38510747295146,0.016108386127097397,5,0.0
460,-3.6161235401451415,-1.691089444815094,0.01742865520956426,7,0.0
460,-3.6364543915409033,1.3806529106268683,0.016735780764615116,10,0.0
460,-3.7531272028173,1.3737170451386473,0.016809622585777048,6,0.0
460,-3.635224212908534,1.2374035668012915,0.016380703270444143,9,0.0
461,-3.7639108915847888,-1.7026675818414365,0.017114398977670666,10,0.0
461,-3.6327680071826403,1.236524301530839,0.015838092697415488,10,0.0
461,-3.747859247212544,1.2266868458610805,0.016222487255974846,4,0.0027505188198143748
462,-3.7601867233817337,-1.7032820852489143,0.016106916949682325,8,0.0
462,-3.61570258453242,1.3944015729021042,0.01649457150054862,10,0.024118496051486703
462,-3.7485405506756035,1.3842952669586337,0.016773409813187326,5,0.0
462,-3.636715123611729,1.2352562533190505,0.016845090563446307,10,0.0
463,-3.7232265200609858,-1.5620188287264012,0.017476531550529417,10,0.0
463,-3.6092759347861207,-1.5593962247783244,0.015844675543004012,7,0.0
463,-3.627816433099637,1.3911485752759938,0.015504724111103724,10,0.0
463,-3.7478022076285598,1.3788994326652158,0.017552593448150355,7,0.0
464,-3.618776238092766,1.392983799406349,0.01585986124688391,10,0.021836182845390045
464,-3.7512188729948694,1.3832121585201047,0.015509003716077802,5,0.0
464,-3.631112940830902,1.2417606077946017,0.016840580515898144,9,0.0
465,-3.7599208859340827,-1.703093162336037,0.015911991718550043,8,0.0044421053475172815
465,-3.6350319024355104,1.3779048547155175,0.01650770223854393,10,0.0
465,-3.75126208845067,1.3740690639628248,0.01599955075348204,6,0.0
465,-3.634323335912436,1.2382633093966926,0.017326306513729895,9,0.0
465,-3.7517478921969203,1.2293825835228727,0.016066454295171968,5,0.0
466,-3.6083537168092916,-1.5589970176257668,0.015839420387361976,8,0.0
466,-3.630580288119619,1.3860446547007432,0.015159232165112205,9,0.0
466,-3.6140678467905056,1.24841034700704,0.016796096090822048,10,0.019343549479600295
466,-3.751762653357201,1.227421353828233,0.015767864865462895,5,0.0052453422122057496
467,-3.860654587750661,-1.7781407771554762,0.015037595546597822,5,0.0
467,-3.635616848654186,1.378072195205602,0.016122156732434063,10,0.0
467,-3.7535667866394005,1.3739815732396172,0.01644971369302311,6,0.0032700069398710046
467,-3.630663523042452,1.2380361312342498,0.016143650827493528,12,0.0034478204958539294
467,-3.748194078171355,1.2282502759177965,0.015801948577549938,5,0.0
468,-3.7494555484281156,1.381645427447722,0.016964491116274728,5,0.0
468,-3.632115135100051,1.244801098564439,0.01686800784085991,9,0.002272926434646577
469,-3.8543730516550054,-1.7707176288840254,0.01679881345028539,5,0.0
469,-3.6297306491587538,1.3867250262034392,0.01602442529635608,10,0.0
469,-3.7506687581169356,1.3831150972935309,0.016870244637222358,5,0.0
469,-3.7491762087786173,1.2266289404799715,0.016193418535217108,5,0.0
470,-3.632892824581409,1.3858762555066502,0.016605185496184078,10,0.0
470,-3.749819771180995,1.3817790782952428,0.015742772624441802,7,0.0
470,-3.6314902795591504,1.2429632264644424,0.015251041694369189,10,0.0
470,-3.7480767476307513,1.228053109841638,0.016951120815977983,5,0.0
471,-3.632761238121597,1.2365214783756364,0.015831616938333844,10,0.0
471,-3.752477748696221,1.2291687310508868,0.015943237795242166,5,0.0034216555349014534
472,-3.7605450399737204,-1.7033933416639264,0.01647050250828986,10,0.0
472,-3.6327037495044356,1.3878717643113516,0.016192298096562842,10,0.0
472,-3.7449954293491308,1.377865742641958,0.01754140381143154,7,0.0
473,-3.728318465565547,-1.5575753156625263,0.016406610155393724,11,0.0
473,-3.633089416618207,1.237799277797053,0.017036848285207594,10,0.0
473,-3.7501163371509505,1.229029707800102,0.01475867280106556,5,0.0
474,-3.5874911403855054,-1.5439000197880852,0.016832366938583792,7,0.0
474,-3.7611536984918015,-1.6970623076265563,0.01484137159975957,7,0.0
474,-3.636467793014914,1.3797735768577943,0.01612611112274792,10,0.0026577427429495754
474,-3.751776972686871,1.3744242344111626,0.015394878090718638,6,0.0
474,-3.6304863421838403,1.2364394962913785,0.01633951589999211,9,0.002655354442652659
475,-3.6318927558184213,1.235233768233348,0.015148830631196058,10,0.0
475,-3.7494711470370854,1.2262756752204362,0.01596320352653074,5,0.004108895258824446
476,-3.7516089184655788,1.3731871422315483,0.016461012196861118,6,0.0
476,-3.7467565448912343,1.227561757973899,0.01735164404936257,5,0.0
477,-3.6054267082655005,-1.5642595306503817,0.01614312285137825,8,0.0016322006103264468
477,-3.6311034725893716,1.2373234494807173,0.01636033452267017,10,0.0018229097559628298
477,-3.749708345928668,1.2257391245351148,0.017360858034726912,5,0.0
478,-3.597970490191077,-1.550222051279443,0.015999737554637485,7,0.021747162933318513
478,-3.841061774737193,-1.7555868283676226,0.016430313086904402,10,0.0
478,-3.6338701567398934,1.3873003294370772,0.017394679274540605,10,0.0
478,-3.750910568341557,1.228132044722944,0.015688873829851586,4,0.0
479,-3.864579394305285,-1.7754062954963767,0.017012577826290152,6,0.0
479,-3.631549383643292,1.3864143993894802,0.015192275778756457,10,0.0
479,-3.74751569152318,1.3831589476470099,0.014529521005281681,6,0.0
479,-3.633888572050627,1.247085698488623,0.01631698297511855,9,0.00311498792881767
480,-3.7461119365770044,1.3794922238488945,0.016524078659238335,7,0.002736266464925032
480,-3.6334164194268737,1.2418627870594954,0.01587052871792403,9,0.0
481,-3.6307080574063852,1.394168078744965,0.01518288919886237,9,0.0
481,-3.632761238121597,1.2365214783756364,0.015831616938333844,10,0.0
481,-3.7500894514580203,1.2279022999499372,0.01646131066325986,5,0.0016351378369978027
482,-3.7613899674055062,-1.6949733331543155,0.01590701916686393,7,0.004440955839812026
482,-3.635524073289116,1.379857337699389,0.016407777107859095,10,0.0
482,-3.7505441474825125,1.3749534874241311,0.014410016383837567,6,0.0
482,-3.6317135436726318,1.2332219395969126,0.01450277213411488,9,0.0
483,-3.7596787677186456,-1.6963970129833805,0.015208807272467713,7,0.0
483,-3.6325520713482073,1.2354584973181384,0.014885869306227909,10,0.0
483,-3.751045723273495,1.2312706646074725,0.014556409353994005,5,0.0
484,-3.7591260777050737,-1.6961463769221796,0.015588450679593809,7,0.0
484,-3.6397147599567217,1.379676251619252,0.01651558119254488,10,0.0
484,-3.750327709136404,1.3737261745327174,0.01599482946674981,5,0.0
484,-3.752615926165902,1.2287023897075318,0.01586678099121572,5,0.0
485,-3.6352886073627957,1.3835934312175406,0.017247740757918677,10,0.008730674030703024
485,-3.750859332960377,1.3820375855783091,0.015629768150433918,7,0.0
485,-3.633319542080943,1.2367543288025091,0.01636816352658062,9,0.0
485,-3.752875270970241,1.2259267839635737,0.016069534461297327,5,0.0
486,-3.7208901843614184,-1.5609829816318725,0.01704052401990946,10,0.0
486,-3.6083537168092916,-1.5589970176257668,0.015839420387361976,7,0.0
486,-3.8423423674706005,-1.7561722697828697,0.016786197598480632,10,0.0
486,-3.7454943345239875,1.3863251971326638,0.015305906408175411,5,0.0
486,-3.6274973228873684,1.2476027646874717,0.015148382106761994,10,0.0
486,-3.751936154288002,1.2285279140143757,0.016483858717740902,4,0.0
487,-3.7451660066349706,1.3863817536854124,0.016565359649823357,5,0.0
487,-3.752468445348676,1.227706172792267,0.01578931583651981,4,0.0
488,-3.837603848427027,-1.763012841861171,0.016386653286907606,10,0.0
488,-3.6287926689693557,1.3853625987220404,0.015232544432088371,10,0.0
488,-3.7483717761250213,1.3838358995820847,0.01628699859261117,5,0.0024888893908432304
488,-3.74860943719049,1.2325861477312674,0.01604982489540857,4,0.0
489,-3.5975817833278727,1.401506059429886,0.016498139873222014,10,0.0
489,-3.635688971075557,1.2375974050461584,0.016830917633691156,10,0.0
489,-3.7496454956024183,1.2257832830369904,0.016508440698534965,4,0.0
490,-3.842718948205482,-1.7563443992470489,0.01714913068637577,6,0.0
490,-3.6163899768718895,1.2475681517068278,0.015482223264026429,12,0.020061593328283934
491,-3.758977972922915,-1.5618270337539482,0.016530380381134677,9,0.0
491,-3.633650529140312,1.379146998458218,0.01640284935104088,10,0.0
491,-3.7537323361795827,1.3729772174939086,0.017108450498634575,6,0.0012065660269983483
491,-3.618607573215628,1.2404799723520374,0.016167086739049014,9,0.01991805924220108
492,-3.6317188858302956,1.385679406424136,0.015947603864285075,11,0.0018686010548058696
492,-3.7525465103219977,1.3736199296753335,0.016530808722824426,6,0.003459993690300427
493,-3.7593281115554302,-1.6962387906688878,0.014837898993040334,7,0.0
493,-3.6334167761670764,1.3849776630745672,0.01647474093183474,10,0.0017806429106069824
493,-3.6311813975231377,1.23684954057171,0.015151064538256178,10,0.0
494,-3.6350079227891667,1.3877343262096011,0.016694593455587416,10,0.0
494,-3.6328600147389514,1.2366353005410022,0.016839327973441346,9,0.0
494,-3.7496035087086343,1.2284986084461664,0.017354735992277215,5,0.0
495,-3.722737023100237,-1.5705748997684943,0.015810747635740786,11,0.004100642498918513
495,-3.6088220188899367,-1.5613859834424881,0.014618265845120788,6,0.0
495,-3.860023385451078,-1.773314022592821,0.01699633817926427,6,0.0
495,-3.6339231076415057,1.2380686149699838,0.017135098171280855,10,0.002184947256039023
495,-3.7508281751955015,1.2275518378525012,0.01593281783088874,4,0.0057414277954120135
496,-3.72149327940679,-1.562996916538233,0.015608269796897122,10,0.0
496,-3.5877459960897786,-1.5357690018316041,0.016805589772159218,7,0.0
496,-3.6337468727124387,1.3836070924717345,0.016046373694769703,10,0.004798280330972633
496,-3.746311320189748,1.3865131893839375,0.014497118649947622,5,0.0
496,-3.77364074664492,1.2549249963462459,0.017267497561828462,6,0.0
497,-3.602933723772822,-1.5651732158450038,0.01634205246926771,7,0.001295668621035648
497,-3.7796562451809184,-1.7032050441517632,0.015951159386244036,6,0.004468611021921838
497,-3.8575917483946247,-1.776731475393531,0.014679793611655879,4,0.0
497,-3.6158153744081956,-1.7007142181010364,0.01681836011062266,7,0.011179522357055454
497,-3.6378314000833183,1.3766984106875337,0.016064076195425114,10,0.0
497,-3.6344602185966264,1.2361402259456624,0.014925146001366832,12,0.0
497,-3.7491079796924343,1.2266603586620697,0.016444383343175384,5,0.0044228963859815
498,-3.6053172807631206,-1.5659915525491055,0.015833959773199957,8,0.0
498,-3.852685229345767,-1.7791030016422364,0.01726356697769616,6,0.01403264702596911
498,-3.6368595671699433,1.3792886362076797,0.016933552743440144,10,0.0
498,-3.633960594948929,1.2369482963345477,0.01607474257827946,12,0.0
498,-3.748805652472412,1.2274543562901727,0.016798547360723722,5,0.0015755647150031936
499,-3.591393479649443,-1.537329644661375,0.016838259337928162,7,0.0
499,-3.76047657002451,-1.6945619094342559,0.015904625970501466,7,0.0044393785963908515
499,-3.8530455914879416,-1.774635072469155,0.014672655715464715,3,0.0
499,-3.632837738220462,1.236553384079215,0.015904845692501373,10,0.0
499,-3.7513773388660803,1.2293478445408161,0.015444002440798216,5,0.0
500,-3.8616074483203406,-1.796771493374004,0.01734622708426243,11,0.0
500,-3.619342032594448,1.3883781967277784,0.016128178271374707,10,0.025670900015971058
500,-3.636585024849414,1.2350432450050317,0.015674612044247624,10,0.0
500,-3.751580797443596,1.226550309332884,0.016184621620621092,4,0.002242935980751188
501,-3.7624112278836392,-1.701899658168506,0.017431532518075128,8,0.0
501,-3.7452417545082093,1.3819697705668097,0.01701457514109904,6,0.0
501,-3.637191163517756,1.2351930412897951,0.015304707030982216,10,0.0
501,-3.7508540620873925,1.2261938107960708,0.016277507409099775,4,0.0025827272499870553
502,-3.781232764566315,-1.7061232868404883,0.014874977777660474,6,0.0
502,-3.8594138702464864,-1.7775676724963265,0.014684445658567998,4,0.0
502,-3.6309891973810418,1.3873599408580888,0.0164544117700018,10,0.0019995688888498845
503,-3.7659312227245603,-1.703643743467617,0.014852872923372708,8,0.01786804671786978
503,-3.6318961872883087,1.3869919435601092,0.016731613206652122,10,0.0
503,-3.7497290107260914,1.3817456291071466,0.015826939187576557,7,0.0
503,-3.7509103571633005,1.2231694702505802,0.017124283213349786,5,0.0
504,-3.7788452720536534,-1.705045354968375,0.015240843400805613,6,0.0
504,-3.854095732827337,-1.7705908384147422,0.017408655961091837,4,0.0
504,-3.634587031524032,1.3795018758604034,0.016404581304260004,11,0.0
504,-3.7505519728161505,1.3727913495734356,0.016573535216221232,6,0.0
504,-3.6401213449074894,1.23176773171863,0.01694881843190102,9,0.0
505,-3.6339073818267713,1.3780991237043647,0.016092076294288608,11,0.004452061201613697
505,-3.7512570909693466,1.373031985886465,0.01680068342009087,6,0.0
505,-3.639168794187232,1.2314412336269303,0.01694243481280872,12,0.0
505,-3.7480767476307513,1.228053109841638,0.016951120815977983,5,0.0
506,-3.779757952890539,-1.7054570666821012,0.015242458012686439,6,0.0
506,-3.845644450208531,-1.7813124150392317,0.015637130152302014,5,0.014381853615339037
506,-3.63039969751292,1.3859749938774406,0.015863636151262853,10,0.0
506,-3.748358624419499,1.384074271964069,0.016100893407569525,5,0.0
506,-3.751551798467188,1.2292151567734562,0.015397567351123055,4,0.0
507,-3.6306681246716823,1.3860781886524867,0.01524096579964217,10,0.0
507,-3.6501228769411704,1.2295720196195203,0.016655661613292416,11,0.025926675545738638
508,-3.6395020797136284,1.3797117006366486,0.01731547626768459,10,0.0
508,-3.6325820496211483,1.235468692833616,0.014913330474948269,12,0.0
509,-3.6370530015618465,1.3764038396151699,0.01525613771485882,10,0.0
509,-3.752423491899692,1.373476766562101,0.016582097799105446,6,0.0
509,-3.636349890072963,1.2336469834718429,0.01680227706490907,9,0.004334931226504026
510,-3.840385403373371,-1.764291588276159,0.016443011841522942,11,0.0
510,-3.639567893778339,1.3773563948570957,0.0168985467968761,10,0.0
510,-3.751913567997698,1.3762932936748193,0.016693277018899926,6,0.0
510,-3.6322392904325205,1.236256370022075,0.016003249470118126,12,0.0019512103490260972
511,-3.598918951340253,-1.5488500323144876,0.016871979758079657,7,0.023008654472740406
511,-3.7611536984918015,-1.6970623076265563,0.01484137159975957,10,0.0
511,-3.627074267324291,1.3957345169355146,0.016075353340182133,10,0.0
511,-3.747217791846073,1.3828854555160572,0.01593634290890058,5,0.0034129172937429507
511,-3.638037277633727,1.2357642829910502,0.01725342394393001,10,0.0
511,-3.750910568341557,1.228132044722944,0.015688873829851586,4,0.0
512,-3.743175486542718,-1.5595366386991139,0.016465700731256992,10,0.02240412003092978
512,-3.6001558749748774,-1.5514512806447067,0.015011563357714901,7,0.020242344168815152
512,-3.853022579835681,-1.7801122146485127,0.015118060328203762,6,0.008879676904410761
512,-3.6157913323750686,1.4004888991633941,0.01733882605070105,10,0.02157560072710585
512,-3.636040554181815,1.2327107564116424,0.014793232318959258,10,0.0
512,-3.7508629442360255,1.2271810841060355,0.015516729791588768,4,0.0
513,-3.6391369855457696,1.3795150736142896,0.01691110958989903,10,0.0
513,-3.752750737821679,1.3735510523039216,0.017175171535199013,4,0.0
513,-3.632761238121597,1.2365214783756364,0.015831616938333844,10,0.0
513,-3.747270459231777,1.2280940761487205,0.014754108431219805,5,0.0
514,-3.603692212363165,-1.5716309668794701,0.015490980295111449,8,0.0
514,-3.7514158207333455,1.372304085765831,0.01754426891497036,6,0.0
514,-3.748020510122988,1.2297706045962915,0.01611102966481334,5,0.0037820389824537943
515,-3.7226928101626373,-1.5699375352582399,0.014957308042773466,11,0.0
515,-3.6090921489917696,-1.566733656347633,0.016849426227394035,6,0.0
515,-3.632622882926674,1.3887918839829392,0.01702943658023458,10,0.0022475622689525805
515,-3.6312154559795116,1.2409124277181223,0.014511313176959844,9,0.0
516,-3.777933328752615,-1.704632647848865,0.015239800660715586,8,0.0
516,-3.8619063519466943,-1.7787183625380425,0.015402057715800678,4,0.0
516,-3.6319086716203084,1.3854344292005447,0.016717059562948684,11,0.005184305070556481
516,-3.7508020781956306,1.3738840058002917,0.015567212986209531,6,0.0
516,-3.6348649387929144,1.2344883490066934,0.01586383787021283,9,0.0
516,-3.747192208655293,1.2321855096842305,0.016511696087986152,5,0.0
517,-3.6316951271401035,1.3825854747676065,0.016439320777924003,10,0.008519584467542755
517,-3.7447377224085736,1.3819924031953061,0.015512712951406526,5,0.0
517,-3.6331702505149983,1.239601058668109,0.0162501179024305,10,0.0
517,-3.7515095899268376,1.2263214657539556,0.017458569727988107,4,0.0
518,-3.784078030511981,-1.7029905304799628,0.0166903209353638,8,0.0
518,-3.861349294012045,-1.7784607664544236,0.0157747334676629,4,0.0
518,-3.6486000044190967,1.376694217608677,0.01586786033565006,10,0.021276707044150238
518,-3.748496909637306,1.3771648169687938,0.015037731891116794,6,0.0
519,-3.631867518474794,1.3866546217169804,0.015580209074811436,10,0.0
519,-3.7499724723337824,1.382708979866311,0.014941399017372193,6,0.0
520,-3.63193269996358,1.2360530587080143,0.015924977604145716,10,0.0034849511555223875
520,-3.750135224318895,1.2265156133190054,0.01622394990659584,4,0.003721120309602269
521,-3.761450216585592,-1.6928067587398077,0.016831141831933936,7,0.0
521,-3.7497248006287105,1.373614196620416,0.015598935345868536,6,0.0
521,-3.6318839305589488,1.2362282311727386,0.015897175598663993,12,0.0
521,-3.7525850921816017,1.2302677566767293,0.01584298507022201,5,0.0024213329525609078
522,-3.759840801246343,-1.703174677281854,0.01575642438276717,10,0.0
522,-3.6354047316445057,1.236773008261665,0.016026392415968257,10,0.0
522,-3.751825849948861,1.2265183679343121,0.01624437300344258,4,0.0
523,-3.6052193219061732,-1.5681362989021799,0.016929253384651104,8,0.0
523,-3.8711784082519594,-1.792099444013658,0.017367451465710153,11,0.0
523,-3.63618272968552,1.380107778930759,0.016146668998398242,10,0.0
523,-3.750521306008784,1.3716532786040294,0.017500518835126877,6,0.0
523,-3.6344939462658465,1.2361628220047787,0.014964378688291037,12,0.0
523,-3.7491431608014745,1.2285637306871455,0.01580236263148161,5,0.0
524,-3.6027678098241953,-1.5712276243489238,0.015482858769150693,7,0.0
524,-3.765354277090446,-1.694563882598309,0.017083330659926402,7,0.0
524,-3.631949395774505,1.3887610730833195,0.0172987519095824,10,0.0
525,-3.7218774167220143,-1.5697099041446703,0.015775195950958523,11,0.0
525,-3.764440227111176,-1.6941527709677666,0.017080230710252116,7,0.0
525,-3.6333765607020796,1.3794149980895196,0.01619943127709519,10,0.0033966176713920776
525,-3.7508707254743396,1.3739091496703326,0.015503919436430327,6,0.0
525,-3.633010081189663,1.236625262727577,0.016070162612097812,9,0.0
526,-3.607065346407838,-1.568937704020899,0.01694133197202589,8,0.0
526,-3.8527356716047527,-1.7699655313052203,0.016971286741632185,10,0.0
526,-3.6064815053724613,1.374947170055799,0.015414724252762113,9,0.0
526,-3.6363182015797637,1.2304768367464523,0.016932798442117664,10,0.0
526,-3.7493536241849847,1.2301660836493724,0.015746501055611324,5,0.0037852200079284744
527,-3.76058610661331,-1.7010725643517866,0.017427423617037748,10,0.0
527,-3.631919005116719,1.3875853919165901,0.016337712177521852,10,0.0
527,-3.747725161918522,1.3811344598783852,0.016272889747983122,6,0.003525303401741551
527,-3.6330151378565483,1.2424104224039778,0.016851988798164276,9,0.0
527,-3.747334605005962,1.2340789276133544,0.01569077298608968,6,0.0
528,-3.759212771779296,-1.5533801366225983,0.01651368069889853,9,0.0
528,-3.598794185781923,-1.5557710460063958,0.01650475262195467,8,0.021522421653084586
528,-3.6334896533559493,1.2357773659818632,0.015752199316762878,10,0.0
528,-3.7496454956024183,1.2257832830369904,0.016508440698534965,4,0.0
529,-3.7620856964723903,-1.7018403609243389,0.017110163358694853,10,0.0
529,-3.633010081189663,1.236625262727577,0.016070162612097812,12,0.0
529,-3.7491433202599875,1.2286315481320051,0.01583543799550797,5,0.003300553277871955
530,-3.7596593687182094,-1.5555960605737422,0.016877630925614145,9,0.0
530,-3.632351343149703,1.3830353885275408,0.016485928002498495,10,0.004290548491771223
530,-3.7472389997387348,1.3887188910871051,0.014713634259644386,5,0.0
530,-3.6372195248653676,1.2331103449387846,0.016001334166346644,10,0.0
530,-3.750048402945446,1.2279108240074788,0.016470214053604357,4,0.0
531,-3.6383755321717492,1.3769050613955622,0.015658124015962033,10,0.0
531,-3.75040849130878,1.3758528823348348,0.015316619820431195,6,0.0
531,-3.6349066729669004,1.2384053343926975,0.01696185850023334,12,0.0
531,-3.750748592322406,1.2281315859559765,0.0158888290040695,5,0.0020113752917622837
532,-3.757561020391056,-1.563271985194564,0.01688127914233076,9,0.0
532,-3.862617725788513,-1.779046080507415,0.016158246496350486,5,0.0
532,-3.6127337232795718,1.3972957337115242,0.01582915349114574,10,0.020031252052137436
532,-3.6398330048535485,1.2339979593512513,0.014798683226001176,10,0.0
532,-3.7524342458043844,1.2285894192880105,0.015176901802683005,4,0.0
533,-3.7210561003441676,-1.5672747767390771,0.015844926837976583,11,0.0
533,-3.7616635811248917,-1.7040026657856344,0.015759201186906158,8,0.0
533,-3.6147032263998797,-1.6904264363777237,0.017006474838571022,7,0.0
533,-3.6326359038694025,1.3848063696006392,0.014759086060131718,10,0.0
533,-3.7465814897387233,1.3847146569798376,0.016187934438871433,5,0.0
534,-3.6122446410924907,-1.6958054449233884,0.01586211875839666,7,0.007807183102830537
534,-3.6391369855457696,1.3795150736142896,0.01691110958989903,10,0.0
534,-3.6318356324506853,1.242667400888176,0.015767230015576505,12,0.00863057145615333
534,-3.748654941886959,1.2281891716100983,0.017352019065259728,5,0.0
535,-3.63413091997068,1.3879618254920656,0.017167784182120126,10,0.0
535,-3.634069325624344,1.2351088041535763,0.016610038956350385,10,0.001439328814099368
535,-3.753862609126844,1.2281618715004816,0.01538403557171785,4,0.0
536,-3.6018500729843814,-1.5708277458930349,0.01548091557464304,8,0.0
536,-3.6343490174006514,1.237183689482832,0.017369304416280457,10,0.0
536,-3.7489612019033265,1.2255784167727681,0.01625449551368655,4,0.0
537,-3.6327976348504203,1.3890703830907247,0.01721201302058254,10,0.0
537,-3.7492834813378577,1.38054497727476,0.017036190599374324,5,0.0
537,-3.6350811313091995,1.2402545150411035,0.01626944437669115,9,0.0
538,-3.627309208312028,1.2512586772565124,0.015160638948965735,10,0.0
538,-3.751825849948861,1.2265183679343121,0.01624437300344258,4,0.0
539,-3.837104928725181,-1.7627838138151541,0.01677830397199492,6,0.0
539,-3.75217543709651,1.3743769015391532,0.01603606959413428,6,0.0
539,-3.6315425651568516,1.2420929320654004,0.015141671517000832,12,0.008944489494828258
540,-3.7678494583248456,-1.695686109969746,0.016852729622098758,7,0.0
540,-3.635000452570215,1.2368138325798759,0.016660717980954042,10,0.0
540,-3.751825849948861,1.2265183679343121,0.01624437300344258,4,0.0
541,-3.63784140885631,1.3789685210078124,0.016512673964403247,10,0.0
541,-3.7531272028173,1.3737170451386473,0.016809622585777048,4,0.0
541,-3.6153758105092226,1.2433192752185271,0.015616802712813668,14,0.0255696390267097
542,-3.6297306491587538,1.3867250262034392,0.01602442529635608,10,0.0
542,-3.748954216203826,1.2305825005513957,0.014751087622870813,4,0.0
543,-3.572682279524296,-1.5704953769310939,0.01680456228313768,9,0.0
543,-3.836868301882005,-1.7626751179445757,0.01655128906294394,9,0.0
543,-3.6304925584069223,1.236026848658909,0.016113305589572507,10,0.0027451552231994463
544,-3.863668608016167,-1.774987411581795,0.017009790553543475,6,0.0
544,-3.7504205866766487,1.3809797620842068,0.01684399311047605,7,0.0
544,-3.6360381994729183,1.2382173218565113,0.017152657524124336,9,0.0
545,-3.636634050551272,1.3843151787437906,0.016632104882060832,9,0.0
545,-3.632944390329036,1.2364856512436706,0.01595417725508867,10,0.0035787348706631016
545,-3.7493591493697442,1.227242464015399,0.015661741678527935,4,0.0029391106331472204
546,-3.7582765973188765,-1.5529927857184647,0.016500927829903474,9,0.0
546,-3.605834649317913,-1.56227763348568,0.015830224770907023,8,0.0
546,-3.839367149332589,-1.7548114667276697,0.016546885968700794,10,0.0
546,-3.630181901236577,1.3899281428519215,0.016605774039734476,10,0.0
546,-3.6268740680509337,1.2373584509827438,0.01597784486790472,10,0.017098539099667614
546,-3.751825009981387,1.2265138063677297,0.01625939282153871,4,0.002469664001185458
547,-3.761174036776756,-1.701425865843311,0.01710853786976908,10,0.0
547,-3.6368982241687173,1.2374563946719703,0.016663748212757908,10,0.0
547,-3.753151733190319,1.2287735285329218,0.014543459047937907,4,0.0
548,-3.6052193219061732,-1.5681362989021799,0.016929253384651104,8,0.0
548,-3.634691517412077,1.235750437417285,0.015713307843153994,10,0.0026835930652092145
548,-3.7527287798053917,1.2268099942856465,0.016290197997772572,4,0.0
549,-3.7627262168749556,-1.7021656216855627,0.01684708815799135,10,0.0
549,-3.7676452497160917,1.4008123009449502,0.015138555926859393,5,0.0
549,-3.6330794974126497,1.2346665535356267,0.01557063134105707,10,0.0
549,-3.751825849948861,1.2265183679343121,0.01624437300344258,4,0.0
550,-3.5926678121956823,-1.5378760931818878,0.01452319905457771,8,0.0
550,-3.7610140800870715,-1.7038009332320765,0.015102612626465402,10,0.0
550,-3.6347508212594684,1.3835977337850616,0.016616414269169454,9,0.0
550,-3.7667037533337444,1.4004623322143084,0.015133987181781463,5,0.0
550,-3.635387849268819,1.236424043051647,0.015758527641248143,10,0.0
550,-3.751942236639797,1.2275344861470956,0.015400091451754232,4,0.0
551,-3.743031753340302,-1.533959517490921,0.015351661532088258,9,0.0
551,-3.5987150879674665,-1.7000279254163617,0.017334091729278137,7,0.02358092217294211
551,-3.632947076116182,1.2347016421086334,0.014600096089485691,10,0.0
551,-3.7500463200959797,1.2269136131510692,0.015393548678457294,5,0.0
552,-3.6308390834477375,1.3872628137057634,0.016285879314574286,10,0.0020991572520667485
552,-3.747587216312054,1.3806503223071598,0.017181198050869057,7,0.0
552,-3.6305601222804147,1.2408866754692502,0.015851552600094125,9,0.0
552,-3.7411523527898036,1.2360643823391226,0.017367185584948274,6,0.0
553,-3.76451661269669,-1.7030263134529067,0.016814336257482364,10,0.0
553,-3.6164826278167483,1.380662656418826,0.015116053649780126,10,0.01700121666212897
553,-3.7493360133607574,1.3821977217310364,0.015784830217302193,6,0.0029566368612484175
553,-3.634722376809123,1.244663041876883,0.016934850583503334,9,0.0
553,-3.762530603652477,1.2350681724891943,0.01718606285394619,6,0.023580728368386882
554,-3.764129895552602,-1.6962079337715958,0.01591390446113864,7,0.004444185099949578
554,-3.859179447748837,-1.777460496308812,0.0153982259377142,3,0.0
554,-3.5987150879674665,-1.7000279254163617,0.017334091729278137,7,0.02358092217294211
554,-3.635009359557379,1.2373856508893069,0.017090249370722822,10,0.0
555,-3.760228026068933,-1.6966448481464926,0.01579111448022795,8,0.0
555,-3.630181901236577,1.3899281428519215,0.016605774039734476,10,0.0
555,-3.7469520334294484,1.3869226745553858,0.015722252915038162,5,0.0
555,-3.634687008241357,1.2343999941729582,0.01567085525031659,10,0.0
556,-3.763569988810305,-1.7047465397771104,0.01592014107408899,8,0.004449995431437729
556,-3.6325916903683315,1.2365233976598604,0.016578944045487303,10,0.0
556,-3.7509579305805354,1.225436296481005,0.017025433942877425,4,0.0
557,-3.751169072877689,1.3758645002915766,0.01567422941845218,6,0.0
557,-3.631820595738807,1.2360316871424106,0.01573413167159025,12,0.002169688353289374
557,-3.7491079796924343,1.2266603586620697,0.016444383343175384,5,0.0044228963859815
558,-3.721524885587257,-1.5632511804960953,0.016479359008484434,10,0.0
558,-3.6061431095328356,-1.568538316377391,0.01693629561315485,7,0.0
558,-3.838453615424016,-1.754394353441177,0.01654229211577083,9,0.0
558,-3.6382002756826566,1.379161823151134,0.016909659138058395,10,0.0
558,-3.6329428814018225,1.2363776038028589,0.01607983029800738,14,0.0034451479702404305
558,-3.7480767476307513,1.228053109841638,0.016951120815977983,5,0.0
559,-3.5974021249398267,-1.5502651731488295,0.014991165048711487,7,0.020213347045528744
559,-3.7681372953889083,1.4009964849303522,0.017591685394176812,5,0.0
559,-3.634489415055445,1.2371688242588892,0.01658483419340223,10,0.0
560,-3.6342595964274427,1.2349039995235993,0.01597080614851201,10,0.004378747172774745
561,-3.6320371198160557,1.3829369163843952,0.01619938439032262,11,0.004885631256020903
561,-3.752739720384186,1.374593607966206,0.015514837469834751,6,0.0
561,-3.633341788090217,1.2357270774744975,0.015614591950755563,9,0.0
562,-3.6039644450958552,-1.5634357293025019,0.015471635784539455,7,0.0
562,-3.8380180431041553,-1.7632030939616579,0.016783381316653523,5,0.0
562,-3.633478296095831,1.3859497687579898,0.01601331779864251,10,0.002686805630543404
562,-3.7462302542034043,1.3815296682225808,0.017502580202175468,5,0.0
562,-3.631268424952509,1.2389524273573862,0.016240179514331363,10,0.0
562,-3.7514790287068562,1.2263793920026371,0.016574294636776253,4,0.0
563,-3.7519743771784966,-1.6929206401361165,0.015735842611298408,10,0.0
563,-3.6365410234470503,1.2348703454431484,0.014602031962085277,10,0.0
563,-3.75296484937957,1.2278685600100023,0.015335180695783173,4,0.0
564,-3.843799690742052,-1.756838506978288,0.016442208727529165,9,0.0
564,-3.638925464670817,1.377111816409241,0.01525846991609209,10,0.0
564,-3.750327709136404,1.3737261745327174,0.01599482946674981,6,0.0
565,-3.746877225333204,1.382759750709912,0.016274817921148696,5,0.0033906589231796624
565,-3.629360701499404,1.2383023526581938,0.01622532339939201,10,0.0
565,-3.749434326645838,1.2267137161955413,0.016839179334756704,4,0.0
566,-3.6320777728051894,1.2352966834956631,0.015319534154117138,10,0.0
566,-3.7496454956024183,1.2257832830369904,0.016508440698534965,4,0.0
567,-3.761647103849393,-1.7026773815335496,0.016639729897281002,10,0.0
567,-3.6307707626068555,1.3872059306053903,0.016197132678632757,10,0.00253570319087948
567,-3.7458523525498926,1.3844467607461615,0.015002903066259435,5,0.0
567,-3.632219859027229,1.2392780163215997,0.01624584202298182,10,0.0
567,-3.7529496064898313,1.2305270637813883,0.015350489451187846,4,0.0
568,-3.6074311973250666,-1.5585998731994544,0.015834931777334735,8,0.0
568,-3.634345282427859,1.2382742318902333,0.01734841849475382,10,0.0
568,-3.7525978909868116,1.227748517970192,0.015670483209878603,4,0.0
569,-3.8516582453250825,-1.7786607075825203,0.016919670297653025,6,0.014287889835649829
569,-3.633422431292225,1.3871290880503155,0.015198604757606166,10,0.0
569,-3.6297646921281745,1.2366580186119713,0.014943901388096606,9,0.003144090537607791
570,-3.629554348037894,1.3856523105985297,0.015072727574542942,10,0.0
570,-3.745673898775983,1.382337297372804,0.015514738393632366,6,0.0
570,-3.753784472035377,1.2220390665374226,0.01637152887897515,5,0.0
571,-3.6220938581678834,1.389672569078572,0.016869791407493177,10,0.025789340513708688
571,-3.7471245881595854,1.3849174791430974,0.016596484186729373,5,0.0
571,-3.7539834758490245,1.2290533959590995,0.014648487020099518,4,0.0
572,-3.7693009049752573,-1.6875548388963435,0.016846368566642445,7,0.0
572,-3.616448542150559,-1.6998048263010048,0.017439090611456914,7,0.009360447554181452
572,-3.6315828415036946,1.381484672861542,0.015060596429126452,10,0.004199053512529084
572,-3.748391741730271,1.3862439754058284,0.0159906769204377,5,0.004310738548157002
572,-3.635766404897965,1.234935989320698,0.01684359247736712,10,0.0
572,-3.7528101574849826,1.228685879263518,0.014843784794716635,4,0.0
573,-3.6312097495871063,1.3885109154731001,0.017497892180239935,10,0.0
573,-3.751844132293924,1.3833979921589226,0.014948752699788926,7,0.0
573,-3.632681404577891,1.2371453310061142,0.016636934064396463,9,0.0
573,-3.742985749648879,1.2447290122604873,0.01696228622306265,6,0.0
574,-3.762367588498611,-1.7042213277999134,0.016473046493579294,10,0.0
575,-3.6088375266799004,-1.5572387510314378,0.0154836946837512,8,0.0
575,-3.84363054539007,-1.756761744854311,0.017152763868033095,5,0.0
575,-3.5957322478078324,1.400784307505417,0.016483502913610844,10,0.0
575,-3.745788341365982,1.3844214660312222,0.01700998296289348,5,0.0
575,-3.634656838173454,1.2368973938720482,0.017367757205498165,10,0.0
575,-3.751374783086286,1.2252102226922197,0.01754448844215789,4,0.0
576,-3.762444994978206,-1.556747660634939,0.016892268494028684,9,0.0
576,-3.6271790773109878,1.394629942217932,0.016144101692319234,10,0.0
576,-3.7461873884725905,1.3845689756317199,0.016596099824632768,5,0.0
576,-3.6132199993073146,1.2445040693840335,0.016171708507456133,10,0.02239603380986497
576,-3.7507760360534603,1.2292045050980134,0.01506896891027962,4,0.0
577,-3.780569585757649,-1.7036165395242895,0.015953492617642673,6,0.0044699863619361
577,-3.864579394305285,-1.7754062954963767,0.017012577826290152,5,0.0
577,-3.635849224469295,1.3789801619197735,0.015994334590650333,10,0.0
577,-3.7523150942985235,1.3722997037185387,0.01758630181839464,6,0.0
577,-3.6159726115484645,1.2439945676956454,0.016101680937983993,12,0.023192889842996906
577,-3.748654941886959,1.2281891716100983,0.017352019065259728,5,0.0
578,-3.840516591115875,-1.7643518591887022,0.016568452730869064,10,0.0
578,-3.635244692906437,1.3787955884643603,0.015439603167726535,10,0.0
578,-3.633319542080943,1.2367543288025091,0.01636816352658062,9,0.0
578,-3.749949457382894,1.2294296752157492,0.0165564132978765,5,0.002348835147816518
579,-3.7894283740635637,-1.696565235962098,0.016912023887688053,5,0.0
579,-3.6341733803987037,1.2381886785002336,0.017175394928263917,10,0.0
579,-3.7490582882144237,1.2263814850441177,0.016454199358962727,4,0.0
580,-3.7556981957574505,-1.5624954287166406,0.01686329018269804,9,0.0
580,-3.6058858317445117,-1.5661546133410422,0.01640848765982062,8,0.0
580,-3.8154220319964027,-1.730459687015256,0.017262854085675856,10,0.011900986719828295
580,-3.612937775125894,1.3924220743840992,0.01630785326277532,10,0.02574341009021522
580,-3.7455799493620585,1.385206773445713,0.015985602475479716,5,0.00430687206108273
581,-3.764812521923424,-1.698712637846821,0.015821499654145903,10,0.0
581,-3.628360704363594,1.3862820572436372,0.016553595478477248,10,0.002022979012163636
581,-3.748850268687201,1.380422254285313,0.01654597933786948,7,0.0
581,-3.629565749084138,1.24046970053809,0.014807563370123915,9,0.0005875616633253488
582,-3.7624112278836392,-1.701899658168506,0.017431532518075128,10,0.0
582,-3.633803201004584,1.381112438265368,0.01551803484065823,9,0.0
582,-3.749869189362723,1.2268039739216885,0.01575937754081252,5,0.005239062271432709
583,-3.601123087363508,1.3889290358008777,0.01541225005707372,10,0.0
583,-3.635207744597249,1.2352269489707126,0.01597268670476872,10,0.0043807923222700705
584,-3.6334896533559493,1.2357773659818632,0.015752199316762878,10,0.0
584,-3.7489804744829716,1.2248025519419172,0.017100137960739906,4,0.0
585,-3.61220911522696,-1.7063717310148556,0.017402114066107244,6,0.0
585,-3.6356933131810627,1.383957290065968,0.016625173903928765,9,0.0
585,-3.6347052389211325,1.236190536766158,0.016004346661244253,10,0.0
585,-3.750855124677434,1.2261987025574892,0.01626277755401079,4,0.0
586,-3.764440227111176,-1.6941527709677666,0.017080230710252116,10,0.0
586,-3.7485422088767875,1.3751704544628482,0.015302989881919743,5,0.0
586,-3.634868316217539,1.2383862432900494,0.016923423443641703,10,0.0
586,-3.7509153546528524,1.2261535202354554,0.017114336111210646,5,0.0
587,-3.8032392509444666,-1.7606460008764813,0.014577523761468729,4,0.0
587,-3.6057280442207205,-1.7118731927573296,0.01497124025158348,5,0.0
587,-3.630873013146274,1.3883282521954312,0.01715338803824684,10,0.0
587,-3.7489957225907458,1.3831155518224456,0.015384617880297874,5,0.00410980894820071
587,-3.750846063111447,1.2312051502623411,0.014759194074762151,6,0.0
588,-3.7616635811248917,-1.7040026657856344,0.015759201186906158,8,0.0
588,-3.6107128984395764,-1.7142384650516098,0.01741648949506176,7,0.0
588,-3.6309818488682093,1.3872268431594235,0.01633358695803759,10,0.0
588,-3.7507309587606135,1.3830006672563828,0.01510368399332797,7,0.0
588,-3.6365282424090295,1.230517849620664,0.017141581857937016,10,0.0
589,-3.7788452720536534,-1.705045354968375,0.015240843400805613,8,0.0
589,-3.862817148233792,-1.7791359868454013,0.015404596305798142,4,0.0
589,-3.631887488316528,1.236229714911755,0.01590058332084377,10,0.0
589,-3.751637915706542,1.2274344840278222,0.016558115425342204,5,0.0
590,-3.6374391897041454,1.3765499856472099,0.015656662939533477,10,0.0
590,-3.752064890811374,1.372450811394422,0.01689670581740892,6,0.0010570989832406966
590,-3.6338940986476853,1.236701191079657,0.016085003436282972,12,0.0034443103929697383
590,-3.7506720851847533,1.2311480630106881,0.014936060306139235,5,0.0
591,-3.6156594274185907,-1.7016817174109011,0.016059352897696107,7,0.009719109188328997
591,-3.6372929948563613,1.3764961109746188,0.016476996835649346,10,0.0
591,-3.7503633537128525,1.3778495801853203,0.015050529263379369,6,0.0
591,-3.6319614052530067,1.2431239789253439,0.014814864764331949,12,0.0
591,-3.7487960302900287,1.2283975173656432,0.016175765903574613,5,0.0
592,-3.5895741932871963,-1.5365531253407578,0.016816378851216188,7,0.0
592,-3.7500284045286385,1.383922626076314,0.01594281104051325,6,0.0034159194516892345
593,-3.7611536984918015,-1.6970623076265563,0.01484137159975957,7,0.0
593,-3.6161964794723636,1.393680820690401,0.01633379646047797,10,0.02549391824320434
593,-3.6350394087931033,1.2345749854373729,0.01605320169101231,10,0.0
593,-3.751580797443596,1.226550309332884,0.016184621620621092,4,0.002242935980751188
594,-3.7580393318842895,-1.6956573614826778,0.016371296084442037,7,0.0
594,-3.635244692906437,1.3787955884643603,0.015439603167726535,11,0.0
594,-3.753514402657103,1.3738877712345978,0.016435913125673517,6,0.0
595,-3.842208932755514,-1.765129669733165,0.016450593155696767,10,0.0
595,-3.634295221592559,1.382887103079224,0.016146678160622395,10,0.005002295382222156
595,-3.7461873884725905,1.3845689756317199,0.016596099824632768,5,0.0
595,-3.633832164518324,1.2319636683124295,0.016412674877739387,10,0.0
595,-3.7510676643421093,1.2272483909507275,0.016204053231227245,4,0.0
596,-3.7615042496834947,-1.6972204919835179,0.01521216321849024,7,0.0
596,-3.5966561784728066,1.401145827655296,0.016491559283826666,10,0.0
596,-3.637084729529852,1.2330663766890626,0.016837114208458095,10,0.0
596,-3.750048402945446,1.2279108240074788,0.016470214053604357,4,0.0
597,-3.6152337980444464,1.392193762764137,0.016551870388903225,10,0.027589995567875357
597,-3.635971171824822,1.2355774573836478,0.01648781374887458,10,0.0
597,-3.7516899834359974,1.2264460408809459,0.01639649400601982,4,0.0026990129745754895
598,-3.5917555729389496,-1.5374867545841358,0.01451500490594521,7,0.0
598,-3.859746713759051,-1.777720935737969,0.015036602231769324,5,0.0
598,-3.6378314000833183,1.3766984106875337,0.016064076195425114,10,0.0
598,-3.6390039491822783,1.2314090496023284,0.01677867166699833,12,0.0
599,-3.757121626113552,-1.5610557733970665,0.016520114294310412,10,0.0
599,-3.851225417876458,-1.7737978274666968,0.014668787430423338,10,0.0
599,-3.7475650554753646,1.3768227539303597,0.015030440198547384,4,0.0
599,-3.6328351324444137,1.236552297294867,0.01590234978643995,14,0.0
599,-3.748194078171355,1.2282502759177965,0.015801948577549938,5,0.0
600,-3.6298940536275603,1.3868001927369773,0.0161834337318042,10,0.0
600,-3.7490960455974607,1.3832761239785645,0.015141664272898925,5,0.0
600,-3.7465841401069646,1.227622520068437,0.0165114947826676,4,0.0
601,-3.760228026068933,-1.6966448481464926,0.01579111448022795,10,0.0
601,-3.6345433617358727,1.3784187102736358,0.015711371885219653,11,0.0018826780273318291
601,-3.749387262755872,1.3723480402794772,0.016790538165423825,6,0.0
601,-3.634439747952915,1.2364382729083736,0.016004802932793976,12,0.0
601,-3.747705323047212,1.2278752640120565,0.01735228550190502,5,0.0
602,-3.6309232716476085,1.3861755978313643,0.015479176252343003,10,0.0
602,-3.7462827571330815,1.3825141728321317,0.015873722745957636,5,0.0
602,-3.751324605807542,1.2273319918649466,0.01685079836287826,4,0.0
603,-3.630016202873796,1.3867300251829324,0.016036964090926805,10,0.002059988732256321
603,-3.599896939000515,1.2516850455335542,0.016135743238643283,10,0.0
604,-3.7585632762971253,-1.7046766559390603,0.015592503722611582,8,0.0
604,-3.7545353306829923,1.375810308600362,0.01593309045798728,6,0.003304022209962185
604,-3.6316505349012576,1.2372928415247684,0.01665663675984947,12,0.0016774407055474316
604,-3.749024412667625,1.2225558897111815,0.017107898966480344,5,0.0
605,-3.8412976431479855,-1.7647105749140883,0.016447325146095298,6,0.0
605,-3.611302933190298,-1.705943342632592,0.017398923274418353,6,0.0
605,-3.6319385776478335,1.387498981807988,0.016105612084172872,10,0.00165637230011305
605,-3.7509517724733756,1.3827646436424654,0.016055650915673656,7,0.002858924451302025
605,-3.63471752277903,1.238757836638499,0.016107796331556817,10,0.0052648351421001995
606,-3.7580947259742485,-1.7022667050486566,0.015906868159669508,10,0.004440280931153757
606,-3.6311653506140624,1.386592284051655,0.016645918428131245,10,0.0030995265006762245
606,-3.750074085574361,1.38273917413669,0.014851061844899786,7,0.0
606,-3.6371329194220916,1.2376135563440198,0.016938714445873745,9,0.0
606,-3.7480767476307513,1.228053109841638,0.016951120815977983,5,0.0
607,-3.6331870211870414,1.386929284070047,0.016247499551452233,10,0.003046057294595927
607,-3.74972349760331,1.3796149566932412,0.017508839109008918,7,0.0
607,-3.632168019546159,1.2412398918070133,0.014518438293197865,9,0.0
607,-3.753651043684367,1.2235853464654551,0.015558952889824125,6,0.0
608,-3.6329513714775823,1.2400646960869501,0.0158906563265412,10,0.005823757401232283
608,-3.750091823538053,1.22887698362791,0.015803228584268053,5,0.0
609,-3.840385403373371,-1.764291588276159,0.016443011841522942,10,0.0
609,-3.6369047977884637,1.3786140863875638,0.01651126473916156,10,0.0
609,-3.632446381187939,1.2383385060650445,0.015292777182478103,12,0.013095762183440045
610,-3.631084734199167,1.3844200435402128,0.016140464335973867,10,0.0
610,-3.7465299792544853,1.3868255535068843,0.016142008366681167,5,0.0
610,-3.6134817697867976,1.245635243437901,0.015631158008711343,10,0.020743121935198235
610,-3.7517823198951312,1.2265009248568373,0.016285678338396295,4,0.0
611,-3.7463216297013986,1.3846207838475426,0.017429805373011132,5,0.0
611,-3.635982450108263,1.237809154371687,0.01633543612493741,10,0.0019637312601823
611,-3.7497035828579532,1.2246961445155602,0.017315285251976165,4,0.0
612,-3.8412976431479855,-1.7647105749140883,0.016447325146095298,10,0.0
612,-3.6014299152369285,-1.7013117863735903,0.017356272489260038,7,0.023616095613642883
612,-3.6366929504680816,1.3786520192495249,0.017312666425706575,10,0.0
612,-3.634646689799725,1.2382840518408158,0.017364599137260933,12,0.0016701812706344035
612,-3.749140920270668,1.2276108368625074,0.0164300068337863,5,0.0
613,-3.8531655121080446,-1.774690091102262,0.01576153558263304,6,0.0
613,-3.628334338470273,1.3923059690123702,0.015356746326802607,10,0.009250110688515927
613,-3.7478680044790087,1.3808447860791575,0.01684929608395304,7,0.0
613,-3.6345673555529157,1.2341898968882212,0.014516896227663292,9,0.0
613,-3.7467565448912343,1.227561757973899,0.01735164404936257,5,0.0
614,-3.6278856632312713,1.3930854079931623,0.015160167109069466,9,0.0
614,-3.6341086234882503,1.2358755804433976,0.015845065700160685,10,0.003111908821663687
614,-3.7508349154015432,1.2261906035765864,0.016281958232476353,4,0.0
615,-3.5895741932871963,-1.5365531253407578,0.016816378851216188,8,0.0
615,-3.6295854345564615,1.3856641768148377,0.015101585525536892,10,0.0
615,-3.7466512592165877,1.3803045897041983,0.017179558080734923,7,0.0
615,-3.633511369804648,1.2347120012263233,0.016836937028339095,10,0.0
616,-3.603719948939368,-1.5696721126961775,0.015837114319151923,7,0.0
616,-3.613536179984737,1.3930956323845112,0.01583774931633994,10,0.02558400675020186
616,-3.6330151378565483,1.2424104224039778,0.016851988798164276,10,0.0
617,-3.6339215210492566,1.3790677165182035,0.015800368093746776,10,0.0
617,-3.7464976327439565,1.3831435753425985,0.016283136199176006,5,0.0024855930768269826
618,-3.6195620658494625,1.2445987141335346,0.01697473508545083,10,0.021935561437820262
618,-3.750414061273798,1.226021943921994,0.01668283748120943,5,0.0
619,-3.840385403373371,-1.764291588276159,0.016443011841522942,10,0.0
619,-3.638007326386147,1.3746923192490794,0.015182285052898628,10,0.0
619,-3.751256011967269,1.3740498559756893,0.016018054725440472,5,0.0
619,-3.6333726392118235,1.237940254918908,0.017321624637147277,13,0.0
619,-3.7488049355682236,1.2275246268516697,0.016737246464355787,5,0.0
620,-3.6326359038694025,1.3848063696006392,0.014759086060131718,10,0.0
620,-3.743006072440766,1.3810866784423321,0.017410559624050928,5,0.0
620,-3.6321380857385765,1.2371757389848965,0.015161616809069415,10,0.0
620,-3.7508540620873925,1.2261938107960708,0.016277507409099775,4,0.0025827272499870553
621,-3.6018500729843814,-1.5708277458930349,0.01548091557464304,7,0.0
621,-3.762973402003124,-1.7022774378647791,0.017086483546595647,10,0.0
621,-3.7508685625678555,1.2271829221262298,0.015511593957616686,4,0.0
622,-3.634193086256946,1.388484292962679,0.016736833930149523,10,0.0
622,-3.750936686969476,1.3821912435339234,0.0155786446019346,7,0.0
622,-3.6279606324809577,1.239138540676103,0.014605421631876883,10,0.0
623,-3.588660590133315,-1.536161959258604,0.016809759548160642,7,0.0
623,-3.857148031245837,-1.7815216700498702,0.014878035652948488,6,0.00787921935029207
623,-3.6375004117979444,1.3785908195553778,0.016082792147616102,10,0.0033030754099741336
623,-3.7521927375108084,1.3743932584996739,0.01602150719319649,6,0.0
623,-3.7515127874599123,1.2284797528512483,0.01663572023040231,5,0.001211097390723417
624,-3.630975070422591,1.3852867818921386,0.014844956589484327,10,0.0
624,-3.743942574087352,1.3814316238531397,0.017412275498901304,5,0.0
625,-3.604254309729658,-1.6940943332569809,0.01494639701121181,7,0.01963349808165041
625,-3.6330011332403838,1.2377553337870932,0.016948309675257543,10,0.0
625,-3.7522275522409103,1.2285363811488528,0.015361164656924256,4,0.0
626,-3.750797506769057,-1.568998655961113,0.016844509792728026,9,0.0
626,-3.6053172807631206,-1.5659915525491055,0.015833959773199957,8,0.0
626,-3.6301257274748777,1.2357817436799634,0.016143266746574306,10,0.0020512356254870686
626,-3.7502709050761993,1.2269874002911276,0.01606091508336285,4,0.0
627,-3.637692591492138,1.3806806611211824,0.016694550902941852,10,0.0
627,-3.751041226806032,1.3748240423602218,0.014698797469279773,6,0.0
627,-3.7471023206300984,1.2284962319276262,0.016551290685424627,5,0.002345066483283021
628,-3.861847010681853,-1.7741507653383213,0.017003111463563463,6,0.0
628,-3.632584154105351,1.383177014568378,0.01584264110661484,10,0.005302006261683781
628,-3.6281474674183034,1.2418187230054312,0.014784165054289719,9,0.0
629,-3.6319762243001392,1.3865775906549722,0.016473697463913133,10,0.0
629,-3.7504628973036183,1.2290094190283116,0.016364709444439615,4,0.0
630,-3.842208932755514,-1.765129669733165,0.016450593155696767,6,0.0
630,-3.7507760360534603,1.2292045050980134,0.01506896891027962,4,0.0
631,-3.6395020797136284,1.3797117006366486,0.01731547626768459,10,0.0
631,-3.631887488316528,1.236229714911755,0.01590058332084377,12,0.0
631,-3.750203324645969,1.225937490035187,0.016884570287369116,5,0.0
632,-3.8399774903477346,-1.755090385787713,0.017133844448858657,9,0.0
632,-3.6379894008686366,1.376758902732891,0.015257647915336412,10,0.0
632,-3.7515159821089377,1.37509833068584,0.015960267739232845,6,0.0
632,-3.632058426762601,1.2363010036455522,0.016064551186172296,12,0.0
632,-3.7497387737876746,1.2293358544593413,0.015837071852698045,5,0.002418225965786851
633,-3.641038288401812,1.3779118498332115,0.01648181618871578,10,0.0
633,-3.631400746698488,1.236962352993501,0.0167744441179776,10,0.0016011459455970625
633,-3.7497413513543214,1.2268141583974834,0.016552369551943356,5,0.0
634,-3.6092759347861207,-1.5593962247783244,0.015844675543004012,7,0.0
634,-3.856195202934756,-1.771555196431902,0.016805976517604765,10,0.0
634,-3.632766936978935,1.2361611980563045,0.01630542453155213,10,0.0044266686692024495
634,-3.7519699041682153,1.2275435369106265,0.015374870389334612,4,0.0
635,-3.761745333391259,-1.7039194736750138,0.01591643732416619,10,0.004445863084246396
635,-3.6309232716476085,1.3861755978313643,0.015479176252343003,10,0.0
635,-3.7465333208119755,1.3824981276123833,0.01662815102886531,5,0.0
635,-3.7524342458043844,1.2285894192880105,0.015176901802683005,4,0.0
636,-3.7439498184373545,-1.5343351310251188,0.015359838147056243,11,0.0
636,-3.6013578514621756,-1.5725829592562965,0.015834696818756034,6,0.0
636,-3.7624112278836392,-1.701899658168506,0.017431532518075128,10,0.0
636,-3.6306740815317458,1.3835629159505063,0.016528320809356133,10,0.00608046493244837
636,-3.7457148050437667,1.379958205160479,0.017177323482634118,5,0.0
636,-3.748954216203826,1.2305825005513957,0.014751087622870813,4,0.0
637,-3.606143933004648,-1.568538674562764,0.016937170739906603,7,0.0
637,-3.8529485432429214,-1.7700633279228537,0.017176793326958106,5,0.0
637,-3.632303775607901,1.386702380368743,0.015899083594205943,10,0.0
637,-3.750936686969476,1.3821912435339234,0.0155786446019346,7,0.0
638,-3.7609505925773217,-1.6969707823846052,0.015590997990500668,10,0.0
638,-3.7493360133607574,1.3821977217310364,0.015784830217302193,5,0.0029566368612484175
638,-3.636037484008356,1.2405815551919077,0.0162800465539884,9,0.0
639,-3.6333244257032007,1.3888211592213797,0.016790695357015783,10,0.0
639,-3.7481257426629724,1.380562969791818,0.01689639051360777,7,0.0008305222705352663
639,-3.7411523527898036,1.2360643823391226,0.017367185584948274,6,0.0
640,-3.859116467460937,-1.780229942029255,0.01613604778411989,6,0.012331172633425262
640,-3.6167317154503946,1.3858579463154017,0.01649871116117843,10,0.025678685439300006
640,-3.633319542080943,1.2367543288025091,0.01636816352658062,12,0.0
641,-3.761143241415722,-1.6970577115618748,0.015795414949708743,10,0.0
641,-3.628667399107584,1.387929816513538,0.01625710352657425,10,0.0021953111429371588
641,-3.7446552242379014,1.3861321139017828,0.016139736162689412,5,0.0
641,-3.752496871173913,1.229524157317979,0.015403154516771754,4,0.0
642,-3.8412976431479855,-1.7647105749140883,0.016447325146095298,5,0.0
642,-3.7526750031377873,1.3745699032645133,0.015574508316470344,6,0.0
642,-3.632058426762601,1.2363010036455522,0.016064551186172296,9,0.0
642,-3.7490255021505328,1.22836655281769,0.01695181399666678,5,0.0
643,-3.760228026068933,-1.6966448481464926,0.01579111448022795,8,0.0
643,-3.616513771204316,-1.6912719847555953,0.017008970446396897,7,0.0
643,-3.7465333208119755,1.3824981276123833,0.01662815102886531,5,0.0
643,-3.752468445348676,1.227706172792267,0.01578931583651981,4,0.0
644,-3.591393479649443,-1.537329644661375,0.016838259337928162,7,0.0
644,-3.7554749599980726,-1.694499092573937,0.015582698785557098,7,0.0
644,-3.8575917483946247,-1.776731475393531,0.014679793611655879,3,0.0
644,-3.7489396911199697,1.377324755644176,0.017494308637355186,5,0.0
644,-3.632841872244143,1.2355570576826551,0.015152024426296956,10,0.0
644,-3.7533822603684897,1.2288535417994177,0.015222570413503635,5,0.002368848598966455
645,-3.761500525224742,-1.701485311762328,0.017430851122750165,10,0.0
645,-3.7481036871226787,1.3747987045419932,0.016808580368773817,5,0.0
645,-3.6328881023000794,1.2372272694993367,0.01666712680861094,10,0.0026838363582677386
645,-3.7500919848883485,1.2289432821735122,0.015837336099414363,5,0.003302628054746893
646,-3.7638973053756253,-1.6982997737478311,0.015817197862429997,10,0.0
646,-3.6341803367878045,1.387680053298397,0.01610736408385482,10,0.0
646,-3.749716155076774,1.3816734468273502,0.015828248325556803,7,0.0
647,-3.761143241415722,-1.6970577115618748,0.015795414949708743,10,0.0
647,-3.631456527916356,1.2354603816359657,0.015667215613845098,10,0.003650164378853983
647,-3.751762653357201,1.227421353828233,0.015767864865462895,5,0.0052453422122057496
648,-3.5917555729389496,-1.5374867545841358,0.01451500490594521,8,0.0
648,-3.860417054769674,-1.7804484856671867,0.01595785313730374,6,0.011923624000925627
648,-3.610079515348907,1.3661961350745024,0.016488354658778286,10,0.0
648,-3.7524134578209543,1.376609804812062,0.015177677289545114,6,0.0
648,-3.6169698507812753,1.2393814597225046,0.016481170005929136,9,0.02093495552866949
649,-3.6043990926108145,-1.5655933623463363,0.015832835725174518,7,0.0
649,-3.848906665581798,-1.7682063286461136,0.016780113240235123,10,0.0
649,-3.633225277729314,1.2357101920194404,0.01590414109765634,10,0.00338220455743677
649,-3.7508685625678555,1.2271829221262298,0.015511593957616686,4,0.0
650,-3.7633228515641206,-1.702314171800955,0.017433123709112933,10,0.0
650,-3.5975817833278727,1.401506059429886,0.016498139873222014,10,0.0
650,-3.634421565688551,1.2352567953021942,0.01697008605646342,10,0.0013848164258916246
650,-3.754931580902776,1.2293638028231488,0.014651669626823025,4,0.0
651,-3.853022579835681,-1.7801122146485127,0.015118060328203762,6,0.008879676904410761
651,-3.6395020797136284,1.3797117006366486,0.01731547626768459,11,0.0
651,-3.632579670912092,1.2362983582536797,0.01572293548095472,12,0.002885921679410165
651,-3.749090148612232,1.224823164455586,0.016991463376534663,5,0.0
652,-3.6062447541366507,-1.5663942683941585,0.015844521863956237,8,0.0
652,-3.5985021518637748,1.4018661932365948,0.016509918277711144,10,0.0
652,-3.636585024849414,1.2350432450050317,0.015674612044247624,10,0.0
652,-3.749457268662168,1.2262896938541838,0.016003899138373932,4,0.005183234884496986
653,-3.6348843229307666,1.3878702490732602,0.015832418712866992,10,0.0
653,-3.748014644401913,1.3811153096981557,0.01567387833715842,7,0.0
653,-3.63115096173771,1.2399581871768675,0.015741973823542046,9,0.0
653,-3.7506578015874714,1.2271139723108562,0.015704628568148235,5,0.0
654,-3.588660590133315,-1.536161959258604,0.016809759548160642,8,0.0
654,-3.634444681938593,1.2337591256244365,0.016379822287809768,10,0.0071008443194943505
654,-3.7491431608014745,1.2285637306871455,0.01580236263148161,5,0.0
655,-3.5987150879674665,-1.7000279254163617,0.017334091729278137,7,0.02358092217294211
655,-3.624970717273012,1.2406285555402754,0.01616697117162059,10,0.025087896602946264
655,-3.751635827451561,1.2299559028284928,0.01584164254681489,5,0.0024194366200373076
656,-3.6328417843997824,1.2363592120453264,0.015809183563736767,10,0.0027902910993226884
656,-3.749967228929843,1.2258428733512825,0.017111331587552913,5,0.0
657,-3.618607744057721,1.3951988815663636,0.016403533674211074,10,0.021683476122018496
657,-3.7520054002085086,1.2302172692151914,0.015343946037948307,4,0.0
658,-3.761143241415722,-1.6970577115618748,0.015795414949708743,10,0.0
658,-3.637166506331144,1.3764478073073187,0.017319939355911085,10,0.0
658,-3.63094353947279,1.234911165368594,0.015145413156076667,10,0.0
658,-3.7515262546129327,1.228290022018397,0.01513825707192483,5,0.0
659,-3.5895741932871963,-1.5365531253407578,0.016816378851216188,8,0.0
659,-3.6306925484946677,1.3840560728459461,0.014678077418613681,11,0.0
659,-3.7523937284648197,1.3723405313681634,0.01750704904094206,6,0.0
659,-3.630801990038167,1.2348630276708188,0.015015218158921475,12,0.0
660,-3.6074311973250666,-1.5585998731994544,0.015834931777334735,8,0.0
660,-3.7497398233710877,1.3822841081536947,0.016340321602795218,7,0.002771844088690561
660,-3.634956049398639,1.2300733649260278,0.01651954004495889,9,0.0
661,-3.7212114086705723,-1.5673397341573199,0.01665197725961116,11,0.0
661,-3.6078360637285476,-1.5630190640621393,0.014982035358066997,6,0.0
661,-3.760240845887043,-1.6966505224940625,0.014839572799910791,7,0.0
661,-3.631935633816819,1.384718213046513,0.015112956701070584,10,0.0
661,-3.751001726742806,1.3822152114164663,0.015518632822167628,7,0.0
661,-3.631751068346926,1.2351855872281465,0.015018511957375653,9,0.0
661,-3.7474916126190476,1.2279138244807764,0.01655817456948275,5,0.0
662,-3.723654984267496,-1.5621375536906421,0.017043808320614744,10,0.0
662,-3.5895741932871963,-1.5365531253407578,0.016816378851216188,7,0.0
662,-3.624199366155876,1.3918495940477413,0.016113300706704387,10,0.022891417545224137
663,-3.598918951340253,-1.5488500323144876,0.016871979758079657,7,0.023008654472740406
663,-3.627482144587435,1.394842083458876,0.015516141859317257,9,0.0
663,-3.634606420647243,1.2362381749073998,0.015095263255441353,10,0.0
663,-3.7519905963772144,1.2300603487911106,0.015498232664115501,5,0.0024629791641278837
664,-3.6299767152088744,1.3911215951233575,0.01759942324647798,9,0.0
664,-3.633508397452102,1.235814454809679,0.014919039476425802,14,0.0
664,-3.751707669849031,1.2289293280794653,0.016064000680573474,5,0.0028221654344312026
665,-3.6334498257944645,1.2370310748616686,0.016217725511900895,10,0.002520213997930361
665,-3.7487714006983883,1.225816341319561,0.017065151798066072,5,0.0006934700827078821
666,-3.8383236138330603,-1.7543349369064394,0.016418101763605957,9,0.0
666,-3.637102683161216,1.2307651766037013,0.016771373112017558,12,0.0
666,-3.7472544335793736,1.2265197505895933,0.016581376839393425,5,0.005176119489469671
667,-3.835953217557142,-1.7622561962735337,0.01654513507433319,10,0.0
667,-3.631717908521259,1.3844633969597162,0.015770886552790853,10,0.0
667,-3.637306763371428,1.2351091246416472,0.016348436388848992,10,0.0031711889613182985
667,-3.750399857950323,1.2287357331871278,0.014741803978415506,4,0.0
668,-3.7491435063027767,1.3732765102533275,0.017120216423217493,4,0.0
668,-3.6339497394823668,1.2380773753429928,0.016950907068396193,10,0.0
668,-3.751957608000341,1.2284671127111897,0.015602931990642195,5,0.0
669,-3.6340546781772893,1.3879069632891352,0.017076309020132362,10,0.0
669,-3.7517191233777476,1.3742197826130869,0.01646426945359252,7,0.0
669,-3.632720240859511,1.2405219573787631,0.01610364124735041,12,0.006634740859804964
669,-3.750898245204737,1.2297389979089872,0.016558740686446263,5,0.002348448746746277
670,-3.629047121943271,1.3854597482181328,0.015470097454926168,10,0.0
670,-3.7437240534667446,1.3814622122971865,0.016622084570454755,5,0.0
670,-3.77364074664492,1.2549249963462459,0.017267497561828462,5,0.0
671,-3.720019174419854,-1.564508268188966,0.017470332559498022,11,0.0
671,-3.6061785670106463,-1.563221753894311,0.016063621239583978,6,0.004471352489533781
671,-3.6107128984395764,-1.7142384650516098,0.01741648949506176,7,0.0
671,-3.634615636203829,1.38926536685206,0.017149595260130695,10,0.0
671,-3.746527157886928,1.3811608151757317,0.01577745948828857,6,0.0029510994521476487
671,-3.7475924835264967,1.230137066296369,0.01711176435487992,5,0.0
672,-3.838373731025517,-1.7543578427023458,0.016465942632020426,10,0.0
672,-3.7476025502971493,1.3809634751487707,0.016056691278884486,4,0.0
672,-3.7486676236361305,1.2275495711455366,0.016628613159559383,5,0.0012046589779511473
673,-3.840385403373371,-1.764291588276159,0.016443011841522942,10,0.0
673,-3.6316024344833173,1.235135044093364,0.01488219523051426,10,0.0
673,-3.750055580583269,1.2269691934528852,0.01644781871214146,5,0.004425769242062654
674,-3.6097601087612525,-1.5576358679128472,0.015488344309255823,8,0.0
674,-3.859116467460937,-1.780229942029255,0.01613604778411989,6,0.012331172633425262
674,-3.6298955034891733,1.3874925380978196,0.01690831107353414,10,0.003631746219611468
674,-3.745992021720496,1.3804536988879992,0.015743848052596234,7,0.0
675,-3.7593125227605397,-1.696230490174592,0.01578627932339679,8,0.0
675,-3.608888665531825,-1.7133720621493982,0.017397299604825337,7,0.0
675,-3.6363567138774475,1.3780791431726402,0.01668456222084447,10,0.0
675,-3.777318107667187,1.3855705942890741,0.016528035069855233,6,0.0
675,-3.6226453677600152,1.2451404563317496,0.015770158192236247,12,0.022320037451278356
675,-3.7481942408001476,1.2283206738403911,0.015833393143896524,5,0.003300205012408221
676,-3.7627262168749556,-1.7021656216855627,0.01684708815799135,10,0.0
676,-3.6107128984395764,-1.7142384650516098,0.01741648949506176,7,0.0
676,-3.6323880003981213,1.387672865118754,0.01656613571419541,10,0.002025821716279109
676,-3.7469656100386746,1.3807277895564865,0.01754513098543249,5,0.0
676,-3.6389860026933225,1.2360839064642923,0.01725452917041192,10,0.0
677,-3.7204254044535907,-1.5670086537384476,0.01748190221675876,12,0.0
677,-3.860089672241334,-1.7778788565829942,0.015400157621883445,5,0.0
677,-3.630181901236577,1.3899281428519215,0.016605774039734476,11,0.0
677,-3.6347624549768707,1.237282687038193,0.016849786165863957,9,0.0
677,-3.7467565448912343,1.227561757973899,0.01735164404936257,5,0.0
678,-3.5968236936487252,-1.5562235349804343,0.016881680816088547,7,0.023015472955514572
678,-3.6328479667538067,1.3864679978066925,0.01612338084941252,11,0.002661051994122361
678,-3.632702496041951,1.235509656278937,0.015023830449767807,12,0.0
678,-3.748440340260722,1.2282272055685115,0.016558921301551,5,0.0
679,-3.779757952890539,-1.7054570666821012,0.015242458012686439,6,0.0
679,-3.8503574716234166,-1.7780458403103574,0.017071004493490582,5,0.014148892414219025
679,-3.636116430711437,1.3760507344801964,0.015254790490968787,10,0.0
679,-3.75358778088271,1.374904386738222,0.016474594230645425,6,0.0
679,-3.630211572473685,1.2401093686991145,0.01552193229737186,12,0.006029708196269749
680,-3.6027678098241953,-1.5712276243489238,0.015482858769150693,7,0.0
680,-3.779408436611363,-1.7052993394479856,0.014872834688364577,8,0.0
680,-3.8619063519466943,-1.7787183625380425,0.015402057715800678,4,0.0
680,-3.744707689098704,1.3840237704814013,0.01618463110579221,5,0.0
680,-3.6361410212871297,1.2351220122859845,0.01725164811584981,10,0.0
680,-3.7505661362920693,1.2270549946100098,0.015810112195207806,4,0.0
681,-3.6325369472091404,1.387795047686256,0.016030002856799393,10,0.0
681,-3.749163214894089,1.3810766953138074,0.016407250603669443,7,0.003811157616385584
681,-3.635903801625511,1.2316554786759815,0.015372364763751124,9,0.0040321480962810284
682,-3.843092537103699,-1.7655351441660228,0.016427509581019524,10,0.0
682,-3.6314664878755263,1.3872512394646122,0.01595492416513422,10,0.00281396885522058
682,-3.747197094483247,1.3806826473984546,0.016534696767299607,6,0.0
682,-3.6369823392324103,1.2409014790294868,0.01627850535413852,9,0.0
682,-3.743049438124169,1.2366934364977658,0.017368797879230378,5,0.0
683,-3.8403572178575938,-1.7642786391491438,0.016416101632423956,9,0.0
683,-3.6370530015618465,1.3764038396151699,0.01525613771485882,11,0.0
683,-3.751558184857078,1.374160545805251,0.01573749647975421,6,0.0
683,-3.63568670612228,1.2375230685183762,0.015915978962256973,12,0.0
683,-3.751360649965358,1.22831393163075,0.016141807083434503,5,0.0
684,-3.7487293604279612,1.383955716903122,0.01593605506003019,6,0.0025255814748634314
685,-3.72061792845332,-1.5693582963158836,0.017044043052261187,11,0.0
685,-3.862617725788513,-1.779046080507415,0.016158246496350486,5,0.0
685,-3.6311684586328603,1.387312679012892,0.016516143615538464,10,0.0
685,-3.749115012760748,1.3805559541199652,0.016943236698707936,7,0.001597188140939659
685,-3.6353972216243178,1.2333230197521172,0.016796169072159226,10,0.004333992619863579
686,-3.6325941699893396,1.3878213659007308,0.01608562783791917,10,0.0
686,-3.749163214894089,1.3810766953138074,0.016407250603669443,7,0.003811157616385584
686,-3.6299865522190826,1.2424480641254303,0.01560923172006981,10,0.0
687,-3.5895741932871963,-1.5365531253407578,0.016816378851216188,7,0.0
687,-3.6347187901701554,1.2366251752454964,0.01633103494852763,10,0.0
687,-3.7510842441616017,1.2272534817053562,0.015314857861804284,4,0.0
688,-3.8403572178575938,-1.7642786391491438,0.016416101632423956,10,0.0
688,-3.632201614108816,1.242534465957576,0.015911366558605942,10,0.009896194608672491
688,-3.7517823198951312,1.2265009248568373,0.016285678338396295,4,0.0
689,-3.817242904835804,-1.7312863417027171,0.01726511703373953,9,0.011907032827052372
689,-3.6338114176160863,1.383241697872978,0.01661218149397978,9,0.0
689,-3.634347300698723,1.2357070714438223,0.016335129773149076,10,0.0025125093840695483
689,-3.7539117049412263,1.2281779343957044,0.01533931273837567,4,0.0
690,-3.600523338304797,-1.700881566284831,0.01735370141058388,7,0.02360924698603637
690,-3.631631039131157,1.2351447711402002,0.01490839783118858,10,0.0
691,-3.629812077026545,1.385750689834128,0.015312521769625833,10,0.0
691,-3.7469330783764647,1.3800720292948594,0.017171367784261655,7,0.0007518631464334645
691,-3.634179794479105,1.2397656967421924,0.016382339408529626,9,0.004177097995089048
691,-3.743049438124169,1.2366934364977658,0.017368797879230378,6,0.0
692,-3.7439498184373545,-1.5343351310251188,0.015359838147056243,9,0.0
692,-3.5917555729389496,-1.5374867545841358,0.01451500490594521,8,0.0
692,-3.8611481541083315,-1.773829151451724,0.017204822191593704,5,0.0
692,-3.6322781223340597,1.3866925875087903,0.01587489069030837,10,0.0
692,-3.7513581447464244,1.3870499644746772,0.01681849734441168,5,0.002318966056297448
692,-3.638611482350449,1.2358980139703302,0.01684662406683258,10,0.0
692,-3.748012818735534,1.2264523466955621,0.01642615103382295,4,0.0
693,-3.6359089042257238,1.3891997957362716,0.0175095933331135,10,0.0
693,-3.752555559947726,1.3817870897644535,0.01659474576153842,7,0.0
693,-3.63201010490733,1.2440040746097143,0.017247313340785126,10,0.0007848287923630203
694,-3.7458523525498926,1.3844467607461615,0.015002903066259435,5,0.0
694,-3.7511184255202212,1.2262348934605785,0.016919254055738152,4,0.0
695,-3.5904818197716066,-1.5369403108944144,0.01682958061839909,7,0.0
695,-3.634691517412077,1.235750437417285,0.015713307843153994,10,0.0026835930652092145
695,-3.7523957237266563,1.227233984334076,0.015916642057644932,4,0.004876145498607793
696,-3.7823957789275893,-1.7044401147303465,0.01595767506994137,6,0.004472974422210307
696,-3.8539905806354677,-1.7784370013219037,0.015973976843283423,5,0.013171800650248092
696,-3.748662988181509,1.3854859220613078,0.015007050989804793,6,0.0
696,-3.635419397985696,1.2353607558930335,0.016852509212837572,9,0.0
697,-3.7845477796514357,-1.703201948097978,0.017143852278115313,8,0.0
697,-3.861383083384879,-1.7739370706618303,0.017432428984147035,4,0.0
697,-3.635966903715799,1.2357538046982213,0.016615318970581973,10,0.0014405762404403454
697,-3.752641782155911,1.2267751343884366,0.016372840946857727,4,0.0
698,-3.7623032992996333,-1.6953848245445047,0.015909343278311512,10,0.004442330073772439
698,-3.6014299152369285,-1.7013117863735903,0.017356272489260038,7,0.023616095613642883
698,-3.6308312406876198,1.3912610683786366,0.01581175297158604,11,0.007225722292692974
698,-3.633812942249633,1.2369601099689642,0.01684619211604699,9,0.0
699,-3.7582765973188765,-1.5529927857184647,0.016500927829903474,10,0.0
699,-3.783059420284998,-1.7069465790291447,0.014878485503356902,6,0.0
699,-3.8620587092891463,-1.7742480154052216,0.01720744778002909,4,0.0
699,-3.61883857293389,-1.6923608179379832,0.017431822080784993,7,0.0
699,-3.7481341262199215,1.3811583966569823,0.016438081148723402,6,0.0
699,-3.6315333014401494,1.2429774994523575,0.017065489977568796,9,0.0
700,-3.603938499423318,-1.5675793774406317,0.014603354098627617,8,0.0
700,-3.6290984416657825,1.3845707583908886,0.014835363625995624,10,0.0
700,-3.7431345914493317,1.3812948550126478,0.016241198770385944,5,0.0
700,-3.748476047899091,1.2282443031295818,0.016520432604869236,5,0.0
701,-3.7660201910308717,-1.6948635222993076,0.016846307410111123,10,0.0
701,-3.63302316324049,1.2369726526999538,0.016227461631519526,10,0.0021562788383918154
701,-3.7484929837421226,1.2260176576265478,0.017107381772119245,5,0.0
702,-3.840337997944098,-1.7642698090426787,0.016397759681182296,10,0.0
702,-3.62019095180192,1.397367826318814,0.016571768670439455,10,0.014268156963850405
702,-3.7454778869143444,1.3843083835505992,0.015388831098878453,5,0.0
702,-3.752468445348676,1.227706172792267,0.01578931583651981,4,0.0
703,-3.6055434272296782,-1.5655862220337156,0.01646362771096202,9,0.002744030476480898
703,-3.838690865423746,-1.7635137705716537,0.01655876972890231,9,0.0
703,-3.7480098494036276,1.3769848236719076,0.017484706375843477,5,0.0
703,-3.6338025624374275,1.2369951413007536,0.01602048109953702,10,0.0021598370560375058
703,-3.7515191918648614,1.227517240492532,0.016138037008734275,5,0.0034381591414394054
704,-3.7601021773688603,-1.7033868119174036,0.015100707026305539,8,0.0
704,-3.5987150879674665,-1.7000279254163617,0.017334091729278137,7,0.02358092217294211
704,-3.631691929616362,1.3874809325394775,0.016116305852227553,10,0.0
704,-3.7463138480417904,1.381507142865169,0.01655764362107162,7,0.0017220417507854396
705,-3.5904818197716066,-1.5369403108944144,0.01682958061839909,8,0.0
705,-3.6322047535285407,1.388899580324997,0.01756035113951647,10,0.0
705,-3.7464462121626685,1.3840735583671044,0.015836364270995634,5,0.003913768610801483
705,-3.6365235837867638,1.23287610634617,0.01625966664277514,10,0.0
706,-3.63256135409983,1.3871541305785653,0.016409499105060704,11,0.0
706,-3.752545931135186,1.373530755854249,0.0164641161098043,6,0.0
706,-3.633812942249633,1.2369601099689642,0.01684619211604699,9,0.0
706,-3.7497439221224718,1.2288292261341955,0.016179090891080043,5,0.0032720216641120205
707,-3.633704834841513,1.3840098565402903,0.016381533509666014,10,0.006245609992051192
707,-3.750375713685079,1.3829615627067937,0.016275361308024087,6,0.0
707,-3.6315285196735427,1.2389689913426878,0.01568065226198582,9,0.004566597009549183
707,-3.7466469253462926,1.2298250996888158,0.017107428320398767,6,0.0
708,-3.6057280442207205,-1.7118731927573296,0.01497124025158348,5,0.0
708,-3.630668110463479,1.387082531291564,0.016027909418641195,10,0.0
708,-3.7503745591496145,1.3830302634622091,0.016244767723891974,5,0.0017797748373954052
709,-3.6125341579195016,-1.7151040013882501,0.017432806915374188,7,0.0
709,-3.7489396911199697,1.377324755644176,0.017494308637355186,5,0.0
709,-3.630479811193855,1.2442586011592387,0.016054143553768687,10,0.010836894762379264
709,-3.748531013043538,1.2284116535419047,0.015440027070327525,5,0.0
710,-3.601864514689732,-1.701509217561079,0.01495125082519503,7,0.019630449634834776
710,-3.6359401344381723,1.381752739991059,0.01671919429962099,10,0.0
710,-3.7461783523219934,1.3823124179893005,0.017017730647689983,5,0.0
710,-3.6129501228366467,1.2485930053587624,0.01570184653555961,10,0.017785177391152398
710,-3.750886890266053,1.2272613685911982,0.015441218843366807,4,0.0
711,-3.748502546715053,1.3822721929737392,0.016269370800490693,5,0.0
711,-3.6303562832970324,1.2435667343342824,0.015832752760404765,9,0.0
712,-3.8411310845940703,-1.7646341727794084,0.0171599901600567,9,0.0
712,-3.6319688364498064,1.3884998185010589,0.01732809806855444,10,0.002640125377831898
712,-3.7485190577678247,1.3812997086443266,0.016961789326597657,5,0.0
712,-3.750846063111447,1.2312051502623411,0.014759194074762151,6,0.0
713,-3.8398420081612303,-1.7640414978889873,0.01679228825990187,10,0.0
713,-3.6403008949278712,1.3754992975694886,0.015603892996433097,10,0.0
713,-3.634606420647243,1.2362381749073998,0.015095263255441353,10,0.0
713,-3.7481942408001476,1.2283206738403911,0.015833393143896524,5,0.003300205012408221
714,-3.7629765798354335,-1.6978861156516216,0.01580733199119477,10,0.0
714,-3.7481036871226787,1.3747987045419932,0.016808580368773817,5,0.0
714,-3.750029432072673,1.2268251698718855,0.015392240703587681,4,0.0
715,-3.639703981847143,1.3774064174054979,0.01606651315940087,10,0.0
715,-3.754312017314885,1.3768378827549017,0.01456819332679304,4,0.0
715,-3.633295292828779,1.237876800092049,0.016979706655441858,10,0.0017265749782924156
715,-3.7487714006983883,1.225816341319561,0.017065151798066072,4,0.0006934700827078821
716,-3.7615042496834947,-1.6972204919835179,0.01521216321849024,7,0.0
716,-3.599620735993451,-1.7004564186824418,0.01734103325038442,7,0.023592789818015224
716,-3.6312674458391405,1.3873582106673612,0.016613197428963493,10,0.0
716,-3.6337759978028923,1.2443446168566432,0.016936476620071955,9,0.0
716,-3.7520078591996837,1.2300256132091616,0.014525537886229423,5,0.0
717,-3.5978128426622127,-1.699603231845185,0.017328822359716917,7,0.023576468681547103
717,-3.7517823198951312,1.2265009248568373,0.016285678338396295,4,0.0
718,-3.6062447541366507,-1.5663942683941585,0.015844521863956237,8,0.0
718,-3.7638869261373205,-1.7026912356406965,0.017089015327958843,10,0.0
718,-3.642474698494563,1.3764922083307922,0.015159349000571703,11,0.020798243011003643
718,-3.636813828382305,1.2338066872394595,0.016345362599206666,9,0.004505837381180617
718,-3.7502906482080545,1.2310229023700625,0.015324342570817589,5,0.0
719,-3.6322781223340597,1.3866925875087903,0.01587489069030837,10,0.0
719,-3.7461676089222093,1.3824744428234765,0.016920177546081366,5,0.0
719,-3.637296576542667,1.2353965277152812,0.01644713781228675,10,0.0
719,-3.75152369726141,1.227397571102028,0.015783255220511556,4,0.0
720,-3.634615636203829,1.38926536685206,0.017149595260130695,10,0.0
720,-3.74880023863308,1.383208374391858,0.015402075244180816,5,0.0
720,-3.7509913324158815,1.2282191637276056,0.016477908604711888,4,0.0
721,-3.747858530373407,1.3820808241773008,0.01686218168636497,5,0.0
721,-3.6377689360970007,1.2332982696996644,0.015593334175888186,10,0.0
721,-3.7534149034560187,1.2280153936511438,0.015793816293612185,4,0.0
722,-3.5944960913183386,-1.53866003043709,0.014533963580308285,8,0.0
722,-3.761143241415722,-1.6970577115618748,0.015795414949708743,10,0.0
722,-3.6356274745217854,1.377881157774246,0.016078842829851905,10,0.003300394092429262
722,-3.7508816249990953,1.3728664049460104,0.01716526362545041,6,0.0
722,-3.633319542080943,1.2367543288025091,0.01636816352658062,9,0.0
722,-3.7465419574941645,1.2276023166262808,0.01655696557965518,5,0.0
723,-3.757561020391056,-1.563271985194564,0.01688127914233076,9,0.0
723,-3.5944960913183386,-1.53866003043709,0.014533963580308285,8,0.0
723,-3.633119453539049,1.236670878378097,0.01617531783542277,10,0.0
723,-3.751745272931624,1.2283462193436219,0.014944013326753212,4,0.0
724,-3.634489415055445,1.2371688242588892,0.01658483419340223,10,0.0
724,-3.7497673450513545,1.225080444080076,0.017262830577686898,4,0.0
725,-3.8389279824274056,-1.7636227114722591,0.016786264054555987,10,0.0
725,-3.631776139844227,1.3875921972660124,0.01711421604188715,10,0.0
726,-3.6343430321816506,1.3773944406935075,0.015729330565333342,11,0.003321641893613069
726,-3.753601617216166,1.374908084414132,0.015587044967682165,6,0.0
726,-3.636103572641331,1.2287195459541542,0.015099335408309647,9,0.0
726,-3.7471271349641184,1.2277392550229627,0.016951354558273266,5,0.0
727,-3.7796562451809184,-1.7032050441517632,0.015951159386244036,6,0.004468611021921838
727,-3.860470298162053,-1.7735193454868432,0.017428574183921585,4,0.0
727,-3.6309818488682093,1.3872268431594235,0.01633358695803759,10,0.0
727,-3.748766062110925,1.3754476763675034,0.01745003823163243,7,0.0046885597432731255
727,-3.634559967518083,1.2372716699174442,0.01757614753581263,9,0.0
728,-3.6062447541366507,-1.5663942683941585,0.015844521863956237,7,0.0
728,-3.762061074928124,-1.6974717564079016,0.015802494788611062,10,0.0
728,-3.63230792079512,1.2372785307939742,0.01673292054670062,10,0.001583454893324664
728,-3.7478349149789607,1.2258909003821554,0.016771071659837922,5,0.0
729,-3.6048562794975023,-1.5674221840646374,0.015493300755139602,8,0.0019649201066901352
729,-3.843254877157869,-1.7565900281416416,0.016790712249349974,9,0.0
729,-3.603819594109367,-1.693898116358854,0.017349588527850925,6,0.023614256240259337
729,-3.6334974400162694,1.3875059848784936,0.016408574720036283,11,0.0
729,-3.761452527351679,1.3753487036102043,0.0162475843897152,6,0.018425265636276972
730,-3.779757952890539,-1.7054570666821012,0.015242458012686439,6,0.0
730,-3.8595200737917095,-1.7804823066373103,0.01591373579919336,5,0.012544913995137543
730,-3.6311193927667373,1.388160118083112,0.015520771629522482,10,0.0
730,-3.7681397961346623,1.3806335585722462,0.015455540278274033,7,0.019021201987338848
730,-3.747705323047212,1.2278752640120565,0.01735228550190502,5,0.0
731,-3.6283528160693628,1.3932637959629177,0.01737384696344734,10,0.0
731,-3.7518723068336253,1.3825357736994062,0.015582065711538869,7,0.0
732,-3.6385662089164943,1.3793589315855348,0.01731497001503285,10,0.0
732,-3.633131234326261,1.237820093015511,0.017078825431736916,12,0.0
732,-3.7491385833877504,1.2266169646858645,0.017116670955002442,5,0.0
733,-3.6326359038694025,1.3848063696006392,0.014759086060131718,10,0.0
733,-3.620075298309008,1.2437051867075632,0.016355915869440293,10,0.020562263718902664
733,-3.750121937053155,1.226938665854162,0.016198735421360893,5,0.0
734,-3.8648046224138994,-1.780051072781395,0.01655281005396863,5,0.0
734,-3.6310361383950736,1.3862179334389715,0.01646683367326915,10,0.0
734,-3.7448796577485184,1.381780408608051,0.017412460147894254,5,0.0
734,-3.751854377724472,1.2284406235373628,0.01569571066537355,4,0.0
735,-3.7192001820399594,-1.5687028116394266,0.016613963586468144,11,0.0
735,-3.606335957287672,-1.5625776402182894,0.016397702403668956,6,0.0
735,-3.762979340514048,-1.6978855916369398,0.014844863520947958,10,0.0
735,-3.6057280442207205,-1.7118731927573296,0.01497124025158348,7,0.0
735,-3.634347300698723,1.2357070714438223,0.016335129773149076,10,0.0025125093840695483
735,-3.753130595666936,1.2287681045860772,0.014561975832138755,4,0.0
736,-3.6083537168092916,-1.5589970176257668,0.015839420387361976,6,0.0
736,-3.8389279824274056,-1.7636227114722591,0.016786264054555987,11,0.0
736,-3.627482144587435,1.394842083458876,0.015516141859317257,11,0.0
736,-3.7516423082394206,1.374099657627439,0.015874029323700876,6,0.00562499231330414
736,-3.633232217179845,1.2320866754930528,0.016195590639133364,9,0.004274819007496523
737,-3.6055720068836217,-1.5704778479724883,0.015856060101809955,8,0.0
737,-3.8557419261676134,-1.7813720582198032,0.015124458308313656,6,0.008891677243559073
737,-3.6365106746803044,1.3791821135770446,0.016607629680444026,10,0.0
737,-3.7500617772721685,1.3753515747045137,0.014992945924945898,6,0.0
737,-3.7499739953251363,1.2286759820272275,0.01695459909286368,5,0.0
738,-3.6046478688506967,-1.5700752641373452,0.01584847843050201,8,0.0
738,-3.631606154169387,1.387441474078422,0.01603289024242658,10,0.0
738,-3.745591438060445,1.380816530322255,0.01577458871557613,5,0.002949829442869211
739,-3.838393648718147,-1.7633756209423836,0.017145687234540102,11,0.0
739,-3.63150950919797,1.3854510561059274,0.015329420512459009,10,0.0
740,-3.759302766117,-1.7015785387031834,0.016122660084562243,10,0.0
740,-3.6349128599562626,1.3786250139249259,0.015991850175200384,10,0.0
740,-3.7526677963754267,1.3745672635639512,0.015581157848260965,6,0.0
740,-3.6365322351695415,1.2337068782877392,0.01608391166186171,12,0.005049510709781375
740,-3.748654941886959,1.2281891716100983,0.017352019065259728,5,0.0
741,-3.5963250493927927,-1.5394422017323437,0.014545291538037398,8,0.0
741,-3.783059420284998,-1.7069465790291447,0.014878485503356902,6,0.0
741,-3.8575033963849643,-1.7721559888769944,0.017191836263214983,4,0.0
741,-3.6370638142936382,1.2367796672407827,0.01662983690703898,10,0.00392324554669349
741,-3.75186508065722,1.2283769604878416,0.014838139847671308,4,0.0
742,-3.761647103849393,-1.7026773815335496,0.016639729897281002,10,0.0
742,-3.617495894842312,-1.7045791534731978,0.01743446769162126,7,0.015488245614110208
742,-3.6343923610642106,1.2351565583412412,0.015047637572973581,10,0.0
742,-3.7507360284665956,1.2261509740823728,0.016375905513173212,4,0.0
743,-3.7596593687182094,-1.5555960605737422,0.016877630925614145,10,0.0
743,-3.6300044316810283,1.386850966964401,0.01629108780310341,10,0.0
743,-3.7463572623164394,1.3801009608862447,0.017527483676005217,6,0.0
743,-3.6361891416472956,1.2330757525396208,0.01631266465893199,10,0.0044570937053274185
744,-3.760419539669199,-1.7034853677879909,0.01542127689229632,10,0.0
744,-3.6287632113628527,1.3915097847262206,0.01551765037534435,10,0.0
744,-3.63638479934579,1.237124178100471,0.015852060554624507,10,0.0034866515442733116
744,-3.749127957206839,1.2266128598850048,0.015363297418517465,4,0.0
745,-3.7922493690310133,-1.7216578030584841,0.01549658496776079,10,0.07897678733652341
745,-3.629695634755893,1.3848239460922935,0.01453410300515481,10,0.0
745,-3.7449154660268404,1.3840987945330299,0.015001974789262485,5,0.0
745,-3.750846063111447,1.2312051502623411,0.014759194074762151,5,0.0
746,-3.856797739536895,-1.7792242777591798,0.01590460145142702,6,0.01253137926110369
746,-3.637492853381504,1.3744375396346993,0.015600816114872023,10,0.0
746,-3.7461466259369867,1.3763014145844428,0.01746847361010791,6,0.0
746,-3.634270434042648,1.2370775050603353,0.016373104051926452,12,0.0
747,-3.592311588747978,-1.5377251082878909,0.016838703894568575,7,0.0
747,-3.765354277090446,-1.694563882598309,0.017083330659926402,10,0.0
747,-3.633038705743722,1.3873090344550072,0.01665248129717701,10,0.00310488441770302
747,-3.752071288604176,1.383465505403078,0.014747088073954279,6,0.0
747,-3.632823995467781,1.2440186568193095,0.016930169545418896,9,0.0
747,-3.747123432410616,1.240160842727531,0.01608766933773861,5,0.0
748,-3.78330994307501,-1.7048507739557341,0.015959741860878313,6,0.004472901345513682
748,-3.859113753473309,-1.7728952094038826,0.01699369958969344,4,0.0
748,-3.6502372565948145,1.3733040019867717,0.015665310884565478,11,0.019607176898283295
748,-3.635224212908534,1.2374035668012915,0.016380703270444143,12,0.0
748,-3.7487960302900287,1.2283975173656432,0.016175765903574613,5,0.0
749,-3.6357566435905655,1.378295258759043,0.01730996975846427,10,0.0
749,-3.75358778088271,1.374904386738222,0.016474594230645425,6,0.0
749,-3.6304628549126052,1.2357709244453114,0.016347335870906025,12,0.0026392318892473846
750,-3.8385603103235226,-1.763453788410998,0.016433937224350846,11,0.0
750,-3.6108609781053254,-1.7057346676909837,0.014983281001150666,6,0.0
750,-3.63336356588749,1.3780125465774344,0.016286783190070434,10,0.0
750,-3.6327382372797183,1.2375685094384141,0.017475869885590228,9,0.0
751,-3.748300688659359,-1.544844191734773,0.015797594363912804,10,0.017867900414457356
751,-3.6055720068836217,-1.5704778479724883,0.015856060101809955,7,0.0
751,-3.599620735993451,-1.7004564186824418,0.01734103325038442,7,0.023592789818015224
751,-3.6339215210492566,1.3790677165182035,0.015800368093746776,10,0.0
751,-3.7485190577678247,1.3812997086443266,0.016961789326597657,5,0.0
751,-3.7495483129589537,1.2328948828434394,0.016060804851346262,4,0.0
752,-3.7501146399173235,1.226465559174451,0.017428779074757674,5,0.0
753,-3.8449164154255966,-1.766372644991398,0.016435400814032077,5,0.0
753,-3.635531668841971,1.3762865362954302,0.01601542128748804,10,0.0038360894812911163
753,-3.7515159821089377,1.37509833068584,0.015960267739232845,6,0.0
753,-3.6338109029765007,1.2369894996607056,0.016019719257018027,12,0.002484192470247659
753,-3.751604273995763,1.2274239298336889,0.01570925588321177,5,0.0
754,-3.8525356812879843,-1.7812852741717853,0.01597736419127205,6,0.011888709166664818
754,-3.747865494025838,1.3820155987067448,0.015993077316901097,5,0.0
754,-3.7529496064898313,1.2305270637813883,0.015350489451187846,4,0.0
755,-3.760101937150809,-1.7020021983634095,0.016914130153271166,10,0.0
755,-3.6315162968354593,1.3864017688581045,0.015161506154296336,10,0.0
755,-3.635387849268819,1.236424043051647,0.015758527641248143,10,0.0
756,-3.629073280385208,1.3859218920674747,0.01556894928243136,10,0.0028863745729485633
756,-3.745356500876546,1.3823160499975764,0.014838095759059481,6,0.0
757,-3.6382294948985177,1.3768490625879726,0.016478214723208148,10,0.0
757,-3.751169072877689,1.3758645002915766,0.01567422941845218,4,0.0
757,-3.6358555128346564,1.23872749191927,0.016964689820765058,10,0.0
757,-3.7491431608014745,1.2285637306871455,0.01580236263148161,5,0.0
758,-3.640248195287909,1.377612841037326,0.015660503743939767,10,0.0
758,-3.6331069136419947,1.2365276228420554,0.01609291581909615,10,0.0034786379888449544
758,-3.7528798656172175,1.228703766562681,0.014782307196232592,5,0.0
759,-3.5966438410893766,-1.552012951468896,0.015708882518709825,9,0.021920558985143352
759,-3.636388495597488,1.237815732053269,0.016591973696643017,10,0.0
759,-3.749908163676803,1.225888559827606,0.01625863615390217,4,0.0
760,-3.8412976431479855,-1.7647105749140883,0.016447325146095298,11,0.0
760,-3.6297021705408126,1.3918706154037022,0.01552315775602529,9,0.0
760,-3.6348596484456532,1.2370664105665417,0.016085388068069632,10,0.0022727873135044794
760,-3.7518170671899744,1.2274935399859077,0.01551436314286439,4,0.0
761,-3.840385403373371,-1.764291588276159,0.016443011841522942,10,0.0
761,-3.6167693528818288,1.3944910483456052,0.016419243551192463,10,0.021636726035494946
761,-3.747197094483247,1.3806826473984546,0.016534696767299607,6,0.0
761,-3.7486994252116435,1.2305007755146058,0.016950739025049157,5,0.0
762,-3.842885705366477,-1.756421280930694,0.01643726475608162,10,0.0
762,-3.602443935285154,-1.693244562656897,0.014931329067341731,6,0.01961116933712951
762,-3.6161964794723636,1.393680820690401,0.01633379646047797,10,0.02549391824320434
762,-3.633159976064684,1.2355524043955146,0.01584227932241886,10,0.0031123848607623856
762,-3.751534949900064,1.2263426953236034,0.016578022514952342,4,0.0021516904646839783
763,-3.8394735532611257,-1.7638722359720442,0.016439208546547016,10,0.0
763,-3.7537983238670356,1.3767212441251397,0.015014747683886425,4,0.0
763,-3.633319542080943,1.2367543288025091,0.01636816352658062,14,0.0
763,-3.7487960302900287,1.2283975173656432,0.016175765903574613,5,0.0
764,-3.599620735993451,-1.7004564186824418,0.01734103325038442,7,0.023592789818015224
764,-3.6331886282326717,1.2366443787617998,0.016285301932459292,10,0.0025741901664202626
764,-3.7497547212098823,1.227766528439357,0.016799833546010633,5,0.0015777822269327658
765,-3.588660590133315,-1.536161959258604,0.016809759548160642,8,0.0
765,-3.860023955490318,-1.7806494251220886,0.016139026961771052,6,0.012336488910715876
765,-3.648365799726787,1.3726002045177252,0.014487726124071922,10,0.018040844699519217
766,-3.633993799974319,1.2361395771759642,0.015484293200123633,10,0.0
766,-3.7515262546129327,1.228290022018397,0.01513825707192483,4,0.0
767,-3.6324146929676298,1.390780727690345,0.01615735101718512,10,0.007360019491919608
767,-3.7441404819173654,1.3858843875806104,0.015718798146609834,5,0.0
767,-3.6378847107534895,1.2355372822045023,0.01605656690280102,10,0.0
767,-3.7511184255202212,1.2262348934605785,0.016919254055738152,4,0.0
768,-3.8390631188496926,-1.7546729237353367,0.017128448849679487,9,0.0
768,-3.6336955902410595,1.2339076865173715,0.014598357114946423,10,0.0
769,-3.6107128984395764,-1.7142384650516098,0.01741648949506176,7,0.0
769,-3.6349579895607227,1.2361853113928765,0.016702915215290277,10,0.002646525618245882
769,-3.75058982508796,1.2249773639347732,0.01737955079835686,4,0.0
770,-3.588660590133315,-1.536161959258604,0.016809759548160642,8,0.0
770,-3.635476463770779,1.384700629244004,0.016285448777266287,10,0.006062220974092239
770,-3.7463138480417904,1.381507142865169,0.01655764362107162,6,0.0017220417507854396
771,-3.634454661475006,1.2364482619781378,0.016022228476507402,10,0.0
771,-3.751211487437177,1.2271712267581203,0.016161574075620584,4,0.0
772,-3.760228026068933,-1.6966448481464926,0.01579111448022795,10,0.0
772,-3.599620735993451,-1.7004564186824418,0.01734103325038442,7,0.023592789818015224
772,-3.6327194952301882,1.389028000789198,0.017132251427636497,10,0.0
772,-3.7494391413482515,1.3826167349035732,0.016272814193142172,7,0.0
772,-3.7492378424183386,1.2306747615168623,0.017374093598000555,5,0.0
773,-3.63230792079512,1.2372785307939742,0.01673292054670062,10,0.001583454893324664
773,-3.747417516318932,1.2259231892630378,0.016155246064937255,5,0.0
774,-3.7770206486116433,-1.7042209361768719,0.01523818674257329,6,0.0
774,-3.8513383690409837,-1.7829077772538846,0.014669798598211183,5,0.012439676227439377
774,-3.633710076438598,1.2357538321991983,0.016397390805844268,10,0.0027945172035909634
774,-3.7489612019033265,1.2255784167727681,0.01625449551368655,4,0.0
775,-3.7508990596965464,1.375821377680886,0.01683279327586396,4,0.0
775,-3.6327438077715275,1.2376359223205888,0.017353244271472192,10,0.0016692842610420667
776,-3.7617794657416894,-1.7017845793996027,0.01680818528924665,10,0.0
776,-3.7525446424488966,1.3735301876110382,0.01646535661915535,6,0.0
776,-3.6312856080654257,1.2385942677486428,0.016358149981917147,9,0.004547617566435112
776,-3.745229967889456,1.2271167912663834,0.01694771034701803,5,0.0
777,-3.761933816020537,-1.7020610426401275,0.01606453838310656,8,0.0
777,-3.6343455839967946,1.2342304534048125,0.0153009551300177,10,0.0
778,-3.6043386039732668,-1.56359768916871,0.016711078922148462,7,0.0
778,-3.7616635811248917,-1.7040026657856344,0.015759201186906158,10,0.0
778,-3.600523338304797,-1.700881566284831,0.01735370141058388,7,0.02360924698603637
778,-3.7472295280630434,1.383009295732382,0.014840735071218513,5,0.0
778,-3.6313119691609,1.2438948438198925,0.015842205148756703,9,0.0
779,-3.5847627843516485,-1.5427280290674035,0.016802224223125196,7,0.0
779,-3.760240845887043,-1.6966505224940625,0.014839572799910791,10,0.0
779,-3.636982798398148,1.374181861848056,0.016024483143507528,10,0.0
779,-3.7509800883263007,1.3759507468132701,0.016686842227096894,4,0.0
779,-3.6316053680077722,1.2421350072210322,0.01521481004041519,10,0.009002850725981944
779,-3.751986600432289,1.2285226711068835,0.016465808768154365,5,0.00163673227382969
780,-3.605805214588952,-1.5642335977503177,0.015478589690942809,7,0.0
780,-3.5991527152413614,-1.7002288830346592,0.014929605015164275,7,0.019599331760010354
780,-3.6404385969822703,1.3800660767100343,0.01731676890489635,10,0.0
780,-3.6315935692514647,1.2425664559842322,0.015534460797094408,10,0.00825668394239449
780,-3.7531761534279284,1.2300146631063944,0.015941058503481226,5,0.0029161224448758516
781,-3.7622447384720554,-1.7043120681928887,0.015425424352400022,10,0.0
781,-3.619710756183183,1.389152962820689,0.01620527709864732,10,0.018648348940037165
781,-3.7485799663111754,1.3720620914796073,0.016663015967978777,7,0.0
782,-3.600523338304797,-1.700881566284831,0.01735370141058388,6,0.02360924698603637
782,-3.633739461871729,1.3790631858544764,0.01598016028361451,10,0.0032100430759826487
782,-3.7484466004730317,1.3725396067524769,0.016076753714330955,6,0.00470435708419171
782,-3.7506578015874714,1.2271139723108562,0.015704628568148235,5,0.0
783,-3.721695766445369,-1.571695949090585,0.01604443817427438,11,0.0
783,-3.6324670284326994,1.236866232519283,0.01632888595118829,10,0.0031750985893341855
783,-3.750702935503969,1.22807607845293,0.016802787964776248,5,0.0015775364877640766
784,-3.6296460714259275,1.2384947401483377,0.015129316936705089,10,0.005797796779363252
784,-3.7507054637257156,1.2276219556518515,0.016228003366788778,5,0.002755618818330187
785,-3.7580947259742485,-1.7022667050486566,0.015906868159669508,10,0.004440280931153757
785,-3.750076155272047,1.3736176592403773,0.01712741229151096,6,0.0
785,-3.631667020691461,1.2359787835436007,0.015757586564739877,12,0.0030602788485999555
785,-3.749447587505009,1.226718054445437,0.016826764458925458,5,0.0
786,-3.7426380827886603,-1.5495614391083383,0.016445987860876712,10,0.027809404370785093
786,-3.604770184801465,-1.5642274210537719,0.015735989836331246,7,0.0029758896117575073
786,-3.6297840564064603,1.3867495936934788,0.016076347380322757,10,0.0
786,-3.744858206525221,1.3799684011248525,0.015975558941999955,6,0.0
786,-3.6330151378565483,1.2424104224039778,0.016851988798164276,9,0.0
787,-3.7556981957574505,-1.5624954287166406,0.01686329018269804,9,0.0
787,-3.783059484772293,-1.6981210053366256,0.015242238317198058,5,0.0
787,-3.632230493014009,1.3852476953621293,0.015354678374870433,11,0.002921171412272973
787,-3.7499056745142045,1.3737389579957364,0.01538670887717751,6,0.0
787,-3.6323414669871,1.2344001791969197,0.015759581414103545,9,0.0
788,-3.78341772538041,-1.6982818020648296,0.015621437759633405,5,0.0
788,-3.6290088025103997,1.3857573343779264,0.016420824536079213,10,0.003992175427478221
788,-3.775910384316077,1.3894174951582434,0.01653284547201437,7,0.0
788,-3.6353078155471974,1.2284080175043512,0.01524558984870761,10,0.0
789,-3.7593125227605397,-1.696230490174592,0.01578627932339679,8,0.0
789,-3.6261714925133224,1.3764703879409268,0.01588497723209673,11,0.014463136967201263
789,-3.636968318716881,1.2307389439810483,0.016637950678096095,12,0.0
789,-3.7470543521714434,1.2299595400097276,0.015717500742898273,5,0.0
790,-3.7841320707176704,-1.7074306138203343,0.016014852347009792,8,0.0
790,-3.8594138702464864,-1.7775676724963265,0.014684445658567998,4,0.0
790,-3.629595635660953,1.3856680707379243,0.015111059278141993,10,0.0
790,-3.7511522237040804,1.3842585994075303,0.01536568482315448,5,0.004881906329155492
790,-3.750542242098144,1.2279704007624375,0.01516701518168954,5,0.0
791,-3.6041272441115746,-1.5737936183234358,0.01585732161902769,7,0.0
791,-3.859560902075764,-1.7731006220394456,0.017426165837512234,5,0.0
791,-3.634051806929296,1.2364921120531056,0.01665833742761782,10,0.0
791,-3.7502882744023784,1.227838102206416,0.014550888720587856,4,0.0
792,-3.761745333391259,-1.7039194736750138,0.01591643732416619,10,0.004445863084246396
792,-3.617932988931108,-1.6919373875589903,0.017430528579838515,7,0.0
792,-3.6297323506734593,1.386140920863073,0.01637995266703865,10,0.002454259949033948
792,-3.744707689098704,1.3840237704814013,0.01618463110579221,5,0.0
792,-3.599896939000515,1.2516850455335542,0.016135743238643283,10,0.0
792,-3.7501975616660923,1.227814826147066,0.014630457017577255,4,0.0
793,-3.5877459960897786,-1.5357690018316041,0.016805589772159218,8,0.0
793,-3.6235660205573996,1.3849867656776478,0.01600137946796916,10,0.017174386787708613
793,-3.7437981359733814,1.3859348938537086,0.01699423239774333,5,0.0
793,-3.6211516301606417,1.2440264732658723,0.016015065461424182,10,0.02317722979502109
793,-3.7519699041682153,1.2275435369106265,0.015374870389334612,4,0.0
794,-3.761863210568221,-1.6973824711698033,0.015592542753065942,7,0.0
794,-3.638102503441849,1.3768025422876546,0.01732088841904274,10,0.0
794,-3.6302637927903243,1.2373447290680315,0.017450391919543787,10,0.0
794,-3.751034371442389,1.2267589631119311,0.017463195935149122,5,0.0
795,-3.7633228515641206,-1.702314171800955,0.017433123709112933,10,0.0
795,-3.6313228579572434,1.384436600214994,0.015398352840324417,10,0.0
795,-3.63448316275188,1.232558622780155,0.015617456732001444,9,0.0053253287102024635
795,-3.751640894508503,1.2294493378863485,0.016183732637987544,5,0.003273158710296175
796,-3.757666104889673,-1.6954889416448216,0.0159744460899683,7,0.0
796,-3.6234870446758856,1.2427487377523618,0.016644827191699667,10,0.022131733593987353
796,-3.7494629868479876,1.228858029773172,0.014442034281396985,4,0.0
797,-3.759212771779296,-1.5533801366225983,0.01651368069889853,9,0.0
797,-3.6308797976850458,1.3893968079921593,0.01598628932457621,10,0.013364225244281519
797,-3.641774534608254,1.2376362872743978,0.01692166623618984,10,0.01712030743705354
798,-3.8481617870701683,-1.7814375140354506,0.015016488585564374,11,0.012365071354330204
798,-3.599896939000515,1.2516850455335542,0.016135743238643283,10,0.0
798,-3.749637535531856,1.2246645948698915,0.017380778271605706,4,0.0
799,-3.6091773125471907,-1.5615381053703712,0.016934199967998668,6,0.0
799,-3.7586795168269367,-1.7030136756989778,0.0155194475048089,10,0.0
799,-3.6293912481369386,1.386643353169303,0.016604922190384376,10,0.0
799,-3.747217791846073,1.3828854555160572,0.01593634290890058,5,0.0034129172937429507
799,-3.749902815405279,1.2308952576649403,0.014752392110990985,5,0.0
800,-3.8431215986192746,-1.7655484956442913,0.016455255936764484,11,0.0
800,-3.6307488281889135,1.3861089993776756,0.015316186284700044,10,0.0
800,-3.749316815241039,1.3815937170842372,0.01621095197983154,6,0.0
800,-3.6315333014401494,1.2429774994523575,0.017065489977568796,9,0.0
800,-3.750846063111447,1.2312051502623411,0.014759194074762151,6,0.0
801,-3.7821456243597833,-1.697711493865508,0.015240476307590454,5,0.0
801,-3.6306773532226924,1.3851952704578285,0.014577396594790175,10,0.0
801,-3.749808976314715,1.3816949921341721,0.015959246329501443,7,0.005353171196182349
801,-3.635813492224617,1.2348085977052377,0.015865186998753566,9,0.0
801,-3.7606346078189876,1.2344482771061491,0.017174542001292637,6,0.023569225581142713
802,-3.7481884677678514,1.2258216725141005,0.01745983583136018,5,0.0
803,-3.7489396911199697,1.377324755644176,0.017494308637355186,5,0.0
803,-3.6299140745573006,1.2353791111516759,0.01581774999766394,10,0.0036386853800932967
803,-3.7520998255922797,1.226557972772309,0.016890274909349266,4,0.0
804,-3.842208932755514,-1.765129669733165,0.016450593155696767,10,0.0
804,-3.62933689523622,1.387796652935708,0.017492179693865066,10,0.0
804,-3.7472924469674114,1.3803893711771646,0.016398854880215114,7,0.0038038305589308645
804,-3.6331702505149983,1.239601058668109,0.0162501179024305,9,0.0
804,-3.7496041689077924,1.2330355637491017,0.016946456576028227,6,0.0
805,-3.6345937735763107,1.379064681202813,0.016121893188689587,11,0.002655503347935322
805,-3.752423491899692,1.373476766562101,0.016582097799105446,6,0.0
805,-3.636968318716881,1.2307389439810483,0.016637950678096095,9,0.0
805,-3.7508514556621297,1.2311777896223037,0.0158266780100641,5,0.003003433773530486
806,-3.8677170638745157,-1.781392059847588,0.015785885117122603,5,0.0
806,-3.6110187760042884,-1.6972540231224054,0.015785864563196042,6,0.009201135201733183
806,-3.635161619080423,1.2366101335069954,0.015742453229792393,10,0.0
806,-3.75214001490147,1.2257885133668731,0.016797439958280987,4,0.0016014321624550198
807,-3.7607518520666896,-1.7035885663643617,0.015757469451120814,8,0.0
807,-3.633552899867706,1.2370899565189197,0.016785349803572228,10,0.0017744990206650189
807,-3.7525978909868116,1.227748517970192,0.015670483209878603,5,0.0
808,-3.754774209845612,-1.5621123635545304,0.016862395926640673,9,0.0
808,-3.632210718861583,1.2352299376639333,0.015839449505330592,10,0.0031077830043693432
808,-3.7517823198951312,1.2265009248568373,0.016285678338396295,4,0.0
809,-3.6322064860585335,1.3877176390331607,0.016619177142010246,10,0.0
810,-3.780569585757649,-1.7036165395242895,0.015953492617642673,6,0.0044699863619361
810,-3.8548358849760866,-1.7809516396866882,0.015122350162091881,5,0.00888692593173223
810,-3.6265395063980366,1.3986224840317174,0.01698793471492327,10,0.017883111752167814
810,-3.743376267021009,1.3835298545632,0.01659237956058203,5,0.0
810,-3.6347389850560576,1.2372728996401836,0.01682697104148356,10,0.0
810,-3.753130595666936,1.2287681045860772,0.014561975832138755,4,0.0
811,-3.867312813460004,-1.7766619257729155,0.01702214598527672,6,0.0
811,-3.6304870119066788,1.3936491043625545,0.016025262801786185,10,0.008673086783600134
811,-3.7497355570145188,1.3818359446307518,0.01575394287429367,7,0.0
811,-3.7494716222196716,1.230751514523919,0.017134220388247665,6,0.0
812,-3.7518569141452085,1.2234794374619113,0.017128622853323287,4,0.0
813,-3.7184493753356964,-1.5661767463095833,0.016648219140170905,11,0.0
813,-3.607159570901707,-1.5627930161290355,0.016204008188548502,6,0.0
813,-3.632303775607901,1.386702380368743,0.015899083594205943,10,0.0
813,-3.7474315288544915,1.38175255197416,0.014695706518964725,7,0.0
813,-3.63104016056148,1.2357293253835593,0.016069074088733357,9,0.003435638932558516
813,-3.7490255021505328,1.22836655281769,0.01695181399666678,5,0.0
814,-3.6083537168092916,-1.5589970176257668,0.015839420387361976,7,0.0
814,-3.637629184219902,1.3790042825548618,0.017313115240422613,10,0.0
814,-3.7485422088767875,1.3751704544628482,0.015302989881919743,5,0.0
814,-3.638219116989021,1.2311205725883398,0.016939718660827666,13,0.0
814,-3.7491431608014745,1.2285637306871455,0.01580236263148161,5,0.0
815,-3.8444054746886964,-1.766138111597625,0.01681563724170147,11,0.0
815,-3.636324130913134,1.2384122292166422,0.01649669882612418,10,0.0
815,-3.7508685625678555,1.2271829221262298,0.015511593957616686,4,0.0
816,-3.840516591115875,-1.7643518591887022,0.016568452730869064,10,0.0
816,-3.631266119429457,1.3885414933937508,0.017555718595714746,10,0.0
817,-3.592311588747978,-1.5377251082878909,0.016838703894568575,8,0.0
817,-3.630886764265695,1.38603274923355,0.016347173501449343,10,0.002274923002653668
817,-3.6383236639468257,1.2334872612874064,0.015192427365422242,10,0.0
817,-3.7534149034560187,1.2280153936511438,0.015793816293612185,4,0.0
818,-3.5987150879674665,-1.7000279254163617,0.017334091729278137,7,0.02358092217294211
818,-3.633482671407328,1.388220951115068,0.016103244849747386,10,0.002316129250472084
818,-3.749710876693996,1.3813143233229606,0.01677315145758089,5,0.0034724774560698207
819,-3.750378138594378,1.2251952886642345,0.016658404027898407,4,0.0013300646769708966
820,-3.588660590133315,-1.536161959258604,0.016809759548160642,7,0.0
820,-3.760240845887043,-1.6966505224940625,0.014839572799910791,7,0.0
820,-3.6131687303101976,-1.7003130374047506,0.016371539764854382,7,0.010068188140346206
820,-3.634868316217539,1.2383862432900494,0.016923423443641703,10,0.0
820,-3.750068896232175,1.2278594401066034,0.015639957105755616,5,0.0021199615379406964
821,-3.6337688516300957,1.3877012877222201,0.016733615390921188,11,0.0
821,-3.752739720384186,1.374593607966206,0.015514837469834751,6,0.0
821,-3.633812942249633,1.2369601099689642,0.01684619211604699,9,0.0
822,-3.7505661362920693,1.2270549946100098,0.015810112195207806,4,0.0
823,-3.8584631594884815,-1.7826301279998031,0.015132126894342592,6,0.008905363037419258
823,-3.6324023733129884,1.2370903080789106,0.016362419148799885,10,0.0026730979075949932
823,-3.751942236639797,1.2275344861470956,0.015400091451754232,4,0.0
824,-3.748186694708114,1.3821971995779996,0.016562683551068776,6,0.0017247105403820993
824,-3.632506804008733,1.2433111906031076,0.016198177201759877,10,0.0
825,-3.7863750689343596,-1.7040240114492593,0.017149254629547007,6,0.0
825,-3.858836453591368,-1.777302516694055,0.015034613038616002,4,0.0
825,-3.753578065441785,1.2270802653182273,0.016387051996523093,4,0.0
826,-3.7465333208119755,1.3824981276123833,0.01662815102886531,5,0.0
827,-3.7508990596965464,1.375821377680886,0.01683279327586396,4,0.0
827,-3.633960594948929,1.2369482963345477,0.01607474257827946,10,0.0
827,-3.748499175494092,1.2264074367831714,0.01682395432880279,5,0.0
828,-3.621609153299978,1.2455072439567971,0.01652014739987385,10,0.021450316210419217
828,-3.748931970847034,1.226507929811367,0.015534179616130024,5,0.0
829,-3.6463429946367922,1.3813359095535684,0.01603083092262489,10,0.02960431055530724
829,-3.7497792756237094,1.3733478300822481,0.016640611847782517,6,0.0
829,-3.6330009029652217,1.2365850747647689,0.01679683627967239,9,0.0017113313281110596
830,-3.7596313540396755,-1.7029806245317312,0.016467835980270795,8,0.0
830,-3.751133554038997,1.2281221249584215,0.014644276686286239,4,0.0
831,-3.7600379749782897,-1.6965590937050765,0.015589453653054431,7,0.0
831,-3.610724112438181,-1.6960626790480675,0.015742370316252613,7,0.00853134297934
831,-3.630836909213008,1.3872339090639663,0.01710899398608066,10,0.0
831,-3.7524239729787876,1.2266878584033807,0.0165802644758322,4,0.0
832,-3.843253566111139,-1.7656091243163106,0.016581443263622098,11,0.0
832,-3.6288127965221655,1.3858593880161953,0.015628752955146298,10,0.002417708712675968
832,-3.7465065216693203,1.3805066119942988,0.0162424422550978,5,0.0
833,-3.6088375266799004,-1.5572387510314378,0.0154836946837512,7,0.0
833,-3.842105675561132,-1.7560640814243273,0.016559311315186318,10,0.0
833,-3.601539432328453,-1.6928190610190907,0.014927091990240535,6,0.019605179877876695
833,-3.6368595671699433,1.3792886362076797,0.016933552743440144,10,0.0
833,-3.752199903342497,1.3744159059034518,0.01599968945907494,6,0.0
833,-3.6309565130531767,1.2432949385768262,0.015588886327417107,12,0.010315572230471554
833,-3.7490255021505328,1.22836655281769,0.01695181399666678,5,0.0
834,-3.7503633537128525,1.3778495801853203,0.015050529263379369,6,0.0
834,-3.6327680071826403,1.236524301530839,0.015838092697415488,12,0.0
834,-3.748805652472412,1.2274543562901727,0.016798547360723722,5,0.0015755647150031936
835,-3.7919440054919082,-1.7215224921852352,0.015495824662348787,10,0.08022557353377846
835,-3.6269439671008343,1.392723046159184,0.015151777343630443,10,0.0
835,-3.636585024849414,1.2350432450050317,0.015674612044247624,10,0.0
835,-3.750855124677434,1.2261987025574892,0.01626277755401079,4,0.0
836,-3.6299843391910964,1.3858164450297135,0.015473466876974639,10,0.0
836,-3.745007586097371,1.3819887424467345,0.016243437235824422,5,0.0
836,-3.751324605807542,1.2273319918649466,0.01685079836287826,4,0.0
837,-3.856303881211577,-1.7794622894182637,0.016172681272323776,6,0.012995169424608603
837,-3.6301892892534386,1.388991438334556,0.015398591067656875,10,0.004063483589938089
837,-3.7488642338483174,1.3834677589503783,0.017087984453437073,5,0.0009610652438060879
838,-3.6305701678105087,1.3850927714280938,0.015324049628471965,10,0.0
838,-3.7480615682463214,1.3852621102917106,0.01659865047039774,5,0.0
838,-3.6340142311345165,1.234065913775127,0.01494250957524437,10,0.0
838,-3.7518032495300835,1.2265093116429113,0.016265814584935773,4,0.0
839,-3.759492782947511,-1.6963118131711856,0.015977706183361175,7,0.0
839,-3.752447275938412,1.37543856060034,0.0159683662000201,5,0.0
840,-3.63220313142487,1.3886006730541507,0.01660948413694509,10,0.0019688026004738715
840,-3.754083797051513,1.375086048926934,0.0160109620120166,7,0.0
841,-3.731713973146545,-1.5473449422236283,0.015977288212142726,10,0.024254932061590247
841,-3.5877459960897786,-1.5357690018316041,0.016805589772159218,7,0.0
841,-3.6337428863615244,1.235429152063705,0.01571121181456083,10,0.0026816163664129446
841,-3.746687245327738,1.224109475797437,0.017488043054880477,4,0.0
842,-3.751913567997698,1.3762932936748193,0.016693277018899926,4,0.0
842,-3.621141746295139,1.2419139117922573,0.016629454697310888,10,0.02220117060547146
842,-3.750797341107087,1.2280358563863114,0.014940683503583033,4,0.0
843,-3.8420444727589103,-1.7650536448956362,0.017165401340060022,10,0.0
843,-3.638083231759188,1.3789475584702908,0.015747012919239668,11,0.0
843,-3.7517191233777476,1.3742197826130869,0.01646426945359252,6,0.0
843,-3.6338380887913386,1.2375514252319317,0.016671811570864198,12,0.0026852066331139266
843,-3.7504353318603414,1.2266729954698774,0.01682994790486853,5,0.003254395087323437
844,-3.6067333137009356,-1.5646375328353257,0.015490216609852541,8,0.0
844,-3.6359580947713828,1.237709649367181,0.017092980525584212,10,0.0
844,-3.752626774015725,1.2267363818027621,0.01642398252504482,4,0.0022556367084139864
845,-3.7639108915847888,-1.7026675818414365,0.017114398977670666,8,0.0
845,-3.615168113242518,1.243337328850588,0.01592698437092352,10,0.02503370646983454
845,-3.7538269475165613,1.229013220143965,0.014786186683639192,4,0.0
846,-3.5895741932871963,-1.5365531253407578,0.016816378851216188,8,0.0
846,-3.6288268109380337,1.3934467115553775,0.01516802402288603,9,0.0
846,-3.6349066729669004,1.2384053343926975,0.01696185850023334,10,0.0
846,-3.7535023472388502,1.230082623144533,0.015627888284742323,5,0.003059698218617012
847,-3.762061074928124,-1.6974717564079016,0.015802494788611062,7,0.0
847,-3.616448542150559,-1.6998048263010048,0.017439090611456914,7,0.009360447554181452
847,-3.639362886985935,1.379486749137379,0.016126867975570874,10,0.0
847,-3.752749709371342,1.3754623177739622,0.014851064304240002,6,0.0
847,-3.634559967518083,1.2372716699174442,0.01757614753581263,9,0.0
848,-3.6374391897041454,1.3765499856472099,0.015656662939533477,10,0.0
848,-3.7505006857807124,1.3739628747752404,0.01675196287540605,6,0.0
848,-3.63524541890418,1.2363755966599685,0.01562597430703703,12,0.0
848,-3.7480767476307513,1.228053109841638,0.016951120815977983,5,0.0
849,-3.6092759347861207,-1.5593962247783244,0.015844675543004012,8,0.0
849,-3.6168103096145545,1.3888131548299363,0.01601278516630759,10,0.027172031953987017
849,-3.6343923610642106,1.2351565583412412,0.015047637572973581,10,0.0
849,-3.7495477565585644,1.2266965046706224,0.015889927778818053,4,0.0
850,-3.7801154106169372,-1.7056183776763794,0.01562116948123368,8,0.0
850,-3.862474356264371,-1.7789781106457925,0.015041216180944441,4,0.0
850,-3.634345282427859,1.2382742318902333,0.01734841849475382,10,0.0
850,-3.748120492381095,1.2245108988578328,0.0170099574920113,4,0.0
851,-3.634489415055445,1.2371688242588892,0.01658483419340223,10,0.0
851,-3.751476489780557,1.2269259309152774,0.015879272565782296,4,0.004594656971672726
852,-3.8366916859442184,-1.7625939884207165,0.016382494710559713,9,0.0
852,-3.6182126381015323,1.2446171776839243,0.016760612583278822,10,0.02477112850601671
852,-3.75058982508796,1.2249773639347732,0.01737955079835686,4,0.0
853,-3.603938499423318,-1.5675793774406317,0.014603354098627617,8,0.0
853,-3.6381421950683954,1.237973372250322,0.017010340490421157,10,0.0
853,-3.7518032495300835,1.2265093116429113,0.016265814584935773,4,0.0
854,-3.6311684586328603,1.387312679012892,0.016516143615538464,10,0.0
854,-3.74967261381734,1.379588406404454,0.017560168687253325,7,0.0
854,-3.6364710591990663,1.2348356188155254,0.014526549851435049,10,0.0
855,-3.633770062672994,1.236303384899365,0.0163285478001959,10,0.0
855,-3.751476489780557,1.2269259309152774,0.015879272565782296,4,0.004594656971672726
856,-3.631625755621641,1.3864437898679327,0.01614074287189523,10,0.0
857,-3.600961403352861,-1.7010836668638096,0.014941261717889016,7,0.01961699486333988
857,-3.6234207854600458,1.3895548036023133,0.016531149433398198,10,0.020900712926447476
857,-3.6344236317521124,1.2371768925495576,0.017317698806597736,10,0.0007363641082617213
857,-3.751534949900064,1.2263426953236034,0.016578022514952342,4,0.0021516904646839783
858,-3.6052193219061732,-1.5681362989021799,0.016929253384651104,8,0.0
858,-3.6361522827167865,1.2304444391906786,0.01676796597826137,12,0.0
859,-3.597871147878474,-1.5553718111738706,0.01649656490356488,8,0.021513574641549352
859,-3.622219051800048,1.2431966358688207,0.016390631092061996,10,0.023480938393178778
859,-3.7493144060981973,1.226546321362897,0.01615878255968799,5,0.0
860,-3.60429597410994,-1.5677344777293993,0.01692169543458033,8,8.052754560964425e-06
860,-3.6047212527008283,-1.6943198843359175,0.01736320416724467,7,0.023629598201040346
860,-3.747725161918522,1.3811344598783852,0.016272889747983122,6,0.003525303401741551
860,-3.628913843112994,1.2449184647335527,0.01595611331468047,9,0.004116192350409507
860,-3.74860943719049,1.2325861477312674,0.01604982489540857,6,0.0
861,-3.6314605531564865,1.3863804893111284,0.015109712423637454,10,0.0
861,-3.748317484015274,1.3822992780448857,0.01613517184480692,6,0.001576157162757616
861,-3.630897307599236,1.2383242509818047,0.015723703111284078,9,0.004235575285564045
862,-3.853462566315181,-1.7787050066847585,0.016746652906277262,6,0.013374229170496112
862,-3.63206452767502,1.3906500777313513,0.016622067124424766,10,0.0
862,-3.7508540620873925,1.2261938107960708,0.016277507409099775,4,0.0025827272499870553
863,-3.604579853222179,-1.5761796039060754,0.01462952817099507,8,0.0
863,-3.838513445177633,-1.7634322567151377,0.01638920160515118,9,0.0
863,-3.6311193927667373,1.388160118083112,0.015520771629522482,10,0.0
863,-3.744313489063441,1.3838781007852121,0.01659288870700919,5,0.0
863,-3.6365553356417393,1.2375438624748871,0.017374133502273136,10,0.0
864,-3.7540844805804188,-1.5683397745304828,0.016517825165820406,9,0.0
864,-3.6311168156356155,1.3902838439031593,0.01660636472047648,10,0.0
864,-3.636563638054521,1.2332573773748745,0.015778527467104328,9,0.0047630647615982975
865,-3.84363054539007,-1.756761744854311,0.017152763868033095,5,0.0
865,-3.748531013043538,1.2284116535419047,0.015440027070327525,5,0.0
866,-3.8423423674706005,-1.7561722697828697,0.016786197598480632,9,0.0
866,-3.6356933131810627,1.383957290065968,0.016625173903928765,9,0.0
866,-3.6321846639611337,1.2365193172382654,0.016323623446453245,10,0.001957539204107404
867,-3.7620655624264328,-1.6974749551543729,0.014842323526859052,7,0.0
867,-3.611621265146322,-1.7146704309296634,0.017422373637436126,5,0.0
867,-3.638363960679638,1.3789487737035802,0.015026485548212638,10,0.0
867,-3.634522581694584,1.2320389864462373,0.016221268042188826,9,0.0039074073708123625
868,-3.6057280442207205,-1.7118731927573296,0.01497124025158348,7,0.0
868,-3.631549383643292,1.3864143993894802,0.015192275778756457,10,0.0
868,-3.747725161918522,1.3811344598783852,0.016272889747983122,7,0.003525303401741551
868,-3.6332369281113808,1.2393072911598848,0.017259014805575724,9,0.003280185532761666
868,-3.7504171790256353,1.2310634819741282,0.017138557382224126,6,0.0
869,-3.760240845887043,-1.6966505224940625,0.014839572799910791,7,0.0
869,-3.8585035685978286,-1.7771491932573793,0.014682393577073781,3,0.0
869,-3.600055819550663,-1.7006544217999884,0.014938981892974924,7,0.019611887681734864
869,-3.629886872217437,1.387944423201334,0.01710032259792472,10,0.0
869,-3.749870885297324,1.3798345543003463,0.016422460328550315,6,0.0
869,-3.6355087856274224,1.237976167200735,0.017567269240080688,10,0.0
870,-3.6052193219061732,-1.5681362989021799,0.016929253384651104,8,0.0
870,-3.6338881788016444,1.2355218540917157,0.01618790241433846,10,0.0
871,-3.733386997808006,-1.5447267540107739,0.016763450643385875,11,0.0
871,-3.6078360637285476,-1.5630190640621393,0.014982035358066997,6,0.0
871,-3.6359876871950156,1.2348950846640443,0.016054246243535016,10,0.0
871,-3.7488475837647806,1.2255121847422812,0.016387629373068938,4,0.0026919234305160964
872,-3.635831670826694,1.379568956181136,0.016439397654231355,10,0.002616097732464742
872,-3.750672298603693,1.3728444113976546,0.016457585438244174,6,0.0
872,-3.633464392616579,1.234839557175671,0.015063307965863042,9,0.0
873,-3.63784140885631,1.3789685210078124,0.016512673964403247,10,0.0
873,-3.633892646227609,1.2359141974146943,0.015249065719712187,12,0.0
873,-3.7497439221224718,1.2288292261341955,0.016179090891080043,5,0.0032720216641120205
874,-3.7607518520666896,-1.7035885663643617,0.015757469451120814,10,0.0
874,-3.636610405761876,1.2329055000612037,0.014408123507142169,10,0.0
874,-3.7534149034560187,1.2280153936511438,0.015793816293612185,4,0.0
875,-3.75409772508095,1.2290827200818453,0.01454829118806816,4,0.0
876,-3.5970792971152252,1.2507057861098732,0.01611809361552026,10,0.0
876,-3.750829254839977,1.2262823403094714,0.016345551624124596,4,0.0026555901825604557
877,-3.7629964443902373,-1.702254689396582,0.01711088928340375,10,0.0
877,-3.6107128984395764,-1.7142384650516098,0.01741648949506176,7,0.0
877,-3.6311813975231377,1.23684954057171,0.015151064538256178,10,0.0
878,-3.7206935883428582,-1.5586311520708616,0.01747816625282809,10,0.0
878,-3.750692252145873,1.229139896003717,0.01618127584973576,5,0.0032735495116874022
879,-3.761496837900761,-1.7017330972646298,0.016529788222769758,10,0.0
879,-3.7480094831848105,1.3791515131690928,0.01640494960576554,5,0.0
879,-3.632801662637228,1.2366949366920437,0.01612696533533803,10,0.004111375714729739
879,-3.75318482601324,1.229967398734281,0.014935906155329127,5,0.001229354648255002
880,-3.612861985583026,1.392323324697113,0.016196516355458886,10,0.024764560505689356
880,-3.752092337348488,1.228435271675032,0.014638081885397686,4,0.0
881,-3.761745333391259,-1.7039194736750138,0.01591643732416619,10,0.004445863084246396
881,-3.6143111225433087,1.39186746495165,0.016543063376093865,9,0.01786848483266498
881,-3.6325251220238957,1.2365315674145017,0.01731234809379076,10,0.0007288119827672649
881,-3.7497035828579532,1.2246961445155602,0.017315285251976165,4,0.0
882,-3.8445462752401984,-1.7571797496437627,0.017159410484796363,9,0.0
882,-3.7444469578310446,1.3839261078025797,0.017427969245603303,5,0.0
882,-3.6359491345294774,1.2371377343173955,0.016663309106436305,10,0.0
882,-3.7501495552052524,1.227083819574978,0.01519800005501701,4,0.0
883,-3.840516591115875,-1.7643518591887022,0.016568452730869064,10,0.0
883,-3.7439895353700865,1.38763484744093,0.015134846932146017,5,0.0
883,-3.7508629442360255,1.2271810841060355,0.015516729791588768,4,0.0
884,-3.6347049316120614,1.3880575056720605,0.016735243065056582,10,0.0
884,-3.747395805327135,1.3817419361217957,0.01472732341145009,7,0.0
884,-3.6334164194268737,1.2418627870594954,0.01587052871792403,10,0.0
885,-3.6126575549785844,1.3932286828733722,0.015799859875426918,10,0.024610220696101193
885,-3.7434727932201697,1.3814718250215767,0.01587102758240146,5,0.0
885,-3.7503812893751953,1.2270238599640029,0.016843346056058178,4,0.0
886,-3.7823957789275893,-1.7044401147303465,0.01595767506994137,8,0.004472974422210307
886,-3.8619063519466943,-1.7787183625380425,0.015402057715800678,4,0.0
886,-3.7494642198849744,1.3816480421276365,0.016073300443611858,5,0.0
886,-3.633089416618207,1.237799277797053,0.017036848285207594,10,0.0
886,-3.7520998255922797,1.226557972772309,0.016890274909349266,5,0.0
887,-3.84601739964766,-1.7668791881442936,0.016621112262038742,5,0.0
887,-3.617654778322507,-1.6918057182101685,0.015785283258257295,7,0.0
887,-3.625115129333117,1.2431165399324635,0.016550218169371318,10,0.025391209285727953
887,-3.7537197712891297,1.2271370506870733,0.016252477176577983,4,0.0
888,-3.6074311973250666,-1.5585998731994544,0.015834931777334735,8,0.0
888,-3.7676452497160917,1.4008123009449502,0.015138555926859393,5,0.0
888,-3.6304317587719637,1.2443595795291267,0.015855352686418238,10,0.0
888,-3.7519699041682153,1.2275435369106265,0.015374870389334612,4,0.0
889,-3.6067333137009356,-1.5646375328353257,0.015490216609852541,7,0.0
889,-3.760228026068933,-1.6966448481464926,0.01579111448022795,7,0.0
889,-3.632260492531599,1.2357472922870891,0.015538141808554689,10,0.0038472016969833007
889,-3.749092970727469,1.2271242254689327,0.01593345459389495,4,0.002841874395279962
890,-3.6300044316810283,1.386850966964401,0.01629108780310341,10,0.0
890,-3.6361371742661257,1.2327443944231657,0.016836459258986025,10,0.0
890,-3.751936154288002,1.2285279140143757,0.016483858717740902,4,0.0
891,-3.7527234864867003,1.2269008572052869,0.016353353481652143,4,0.0026577237309323553
892,-3.7624112278836392,-1.701899658168506,0.017431532518075128,10,0.0
892,-3.74893084478955,1.379488389192949,0.016423464240242058,5,0.0
892,-3.6357962117621603,1.2374571584844538,0.01576991149681218,10,0.0018765892832606702
892,-3.7516027750045313,1.2298188047164407,0.014864885179967056,5,0.0020777026149678664
893,-3.8449164154255966,-1.766372644991398,0.016435400814032077,5,0.0
893,-3.631375009179187,1.3853401740277362,0.016062770311182282,10,0.0
893,-3.7458160218185226,1.3821228567658534,0.01741590640119871,5,0.0
893,-3.6383236639468257,1.2334872612874064,0.015192427365422242,10,0.0
894,-3.6039692781176886,-1.5678474983464512,0.01570651188903084,8,0.002088599933410984
894,-3.6316636430850897,1.2435195996132768,0.015359902214975227,10,0.00994559025308054
894,-3.752325423548417,1.2296590850193159,0.015445836166532667,5,0.0
895,-3.6359393968972076,1.2387692368928112,0.017048813864938565,10,0.0
895,-3.751265851974892,1.2274266615806428,0.016391822452139455,5,0.0032678592935726607
896,-3.6057079717029374,-1.564480451786342,0.016491279416459448,8,0.0024825417488045483
896,-3.7472186764958573,1.382856686609408,0.015877523523749947,5,0.0
897,-3.6336406298434465,1.3882301791543992,0.016196151158506946,10,0.0
897,-3.7502530027822765,1.3819392982790706,0.016213966197364173,6,0.0
898,-3.7629765798354335,-1.6978861156516216,0.01580733199119477,10,0.0
898,-3.629779384288117,1.387004037449376,0.016716129918288414,10,0.003225825465768114
898,-3.7472025875500004,1.3833799008547742,0.01559221217606013,5,0.0025591369261129997
898,-3.752250351455098,1.2294799894241386,0.01654925351197377,5,0.0
899,-3.6382294948985177,1.3768490625879726,0.016478214723208148,10,0.0
899,-3.749033410399794,1.3751368755706257,0.016819963046946575,4,0.0
899,-3.632445189732616,1.2368681251705504,0.016306211613928676,10,0.002942922170624935
899,-3.749137451971278,1.2261357752236894,0.017459750798322165,5,0.0
900,-3.7228940292976773,-1.5637024105748816,0.016042460141763283,10,0.0
900,-3.843253566111139,-1.7656091243163106,0.016581443263622098,10,0.0
900,-3.639165519989881,1.3772040880788334,0.016479365636118938,10,0.0
900,-3.747078583367808,1.37664342994433,0.01747571155091204,4,0.0
900,-3.633690502949741,1.2349694482609193,0.014420678853974234,10,0.0
900,-3.750135224318895,1.2265156133190054,0.01622394990659584,4,0.003721120309602269
901,-3.781232764566315,-1.7061232868404883,0.014874977777660474,6,0.0
901,-3.8530455914879416,-1.774635072469155,0.014672655715464715,4,0.0
901,-3.6312840216986055,1.3914307912350226,0.016188085509389435,10,0.007533425543673938
901,-3.7765119584562306,1.3935927172161076,0.016541398765146216,6,0.0
901,-3.6331702505149983,1.239601058668109,0.0162501179024305,9,0.0
902,-3.603719948939368,-1.5696721126961775,0.015837114319151923,8,0.0
902,-3.6297021705408126,1.3918706154037022,0.01552315775602529,9,0.0
902,-3.7480098494036276,1.3769848236719076,0.017484706375843477,5,0.0
902,-3.633544652385021,1.2357958547399033,0.014929021179794595,10,0.0
902,-3.750412619165579,1.2280335451573845,0.01613524338660882,5,0.0017146207139120849
903,-3.588660590133315,-1.536161959258604,0.016809759548160642,7,0.0
903,-3.8413428793982356,-1.7647313550215384,0.016490544040429527,11,0.0
903,-3.633562613180769,1.3872355936300018,0.015369975925981072,10,0.0
903,-3.7465065216693203,1.3805066119942988,0.0162424422550978,6,0.0
904,-3.6327262201499257,1.3877239281105291,0.016263953203101277,11,0.0023556842843010795
904,-3.7515894155995357,1.372343327778127,0.017370845972516088,6,0.0
904,-3.6325954704050627,1.2325873974232306,0.01573428875493636,9,0.0
905,-3.588660590133315,-1.536161959258604,0.016809759548160642,9,0.0
905,-3.6372637137679362,1.3788074191632378,0.01690831077954437,10,0.0
905,-3.62463986498967,1.2359487627691823,0.016535812351695236,12,0.019576186833943045
906,-3.720863343438798,-1.5700512018013444,0.01591708641960581,11,0.0055827640386228875
906,-3.6329473200469047,1.3849297830862226,0.016078164649045216,10,0.0033061977263861807
906,-3.7507843471729716,1.3738770790739194,0.016458998628916963,7,0.0
906,-3.635473442458526,1.2341068774004877,0.016413877282800398,9,0.00659125107058844
907,-3.720813472071037,-1.5608288505775954,0.016188829011846904,10,0.0
907,-3.6092759347861207,-1.5593962247783244,0.015844675543004012,7,0.0
907,-3.63297548622175,1.3869205865093908,0.015848294726961296,10,0.004629339619253691
908,-3.8557747502473507,-1.7758919680213139,0.014677594767155562,5,0.0
908,-3.5987150879674665,-1.7000279254163617,0.017334091729278137,7,0.02358092217294211
908,-3.6318115313482915,1.2361980375669768,0.015827874116830946,10,0.0
908,-3.748194078171355,1.2282502759177965,0.015801948577549938,5,0.0
909,-3.8407544588746423,-1.7644611415544993,0.016796675902824965,11,0.0
909,-3.7471550122168584,1.3849270557906082,0.014627805518923181,5,0.0
909,-3.751324605807542,1.2273319918649466,0.01685079836287826,4,0.0
910,-3.7525314151117986,1.374644515697791,0.015610221809341747,6,0.0
910,-3.635813492224617,1.2348085977052377,0.015865186998753566,9,0.0
911,-3.608454689349441,-1.5638765493583335,0.016955244291659045,8,0.0013102539502635874
911,-3.7842232007783245,-1.7052624075057796,0.015962081421217675,6,0.004476406020389644
911,-3.859746713759051,-1.777720935737969,0.015036602231769324,4,0.0
911,-3.6382294948985177,1.3768490625879726,0.016478214723208148,10,0.0
911,-3.6348880306284843,1.2362529496520591,0.017069382666717887,12,0.0
912,-3.7219959708504904,-1.5635688881759868,0.016922448115881034,10,0.0
912,-3.5976719658612883,-1.548048665806132,0.01636346568571238,7,0.022647757832484405
912,-3.749102042263468,1.3837006404295427,0.014845044689740862,5,0.0
912,-3.7509913324158815,1.2282191637276056,0.016477908604711888,4,0.0
913,-3.6337111663966724,1.2368442799398873,0.01583564009391774,10,0.0
914,-3.8423412682630946,-1.765190466033632,0.016577131921461763,9,0.0
914,-3.6014299152369285,-1.7013117863735903,0.017356272489260038,7,0.023616095613642883
914,-3.627816433099637,1.3911485752759938,0.015504724111103724,10,0.0
914,-3.6369415210663654,1.2349851069507833,0.015986522974678993,10,0.0031906473397678038
914,-3.749584673012165,1.2257589054755662,0.016566436783899564,4,0.0
915,-3.724914944146107,-1.5624866813165539,0.015775154638699263,9,0.0
915,-3.6318608064078504,1.3865332816641311,0.015482861762741853,10,0.0
915,-3.6355227957353895,1.2345158522885564,0.014525755438539184,9,0.0
916,-3.6052180536282217,-1.5681359922198936,0.016928000789892456,8,2.230525670716825e-06
916,-3.617757199399617,1.244451074903051,0.016751331461782905,10,0.026328150710776405
916,-3.753151733190319,1.2287735285329218,0.014543459047937907,4,0.0
917,-3.8377810432031794,-1.7630942327631758,0.016556003441471696,9,0.0
917,-3.600523338304797,-1.700881566284831,0.01735370141058388,7,0.02360924698603637
917,-3.6437641938566507,1.3762421646098293,0.014485146291303236,11,0.01906935213785431
917,-3.634785324629581,1.237833485162529,0.016847525174184863,12,0.0
918,-3.7629964443902373,-1.702254689396582,0.01711088928340375,10,0.0
918,-3.5991527152413614,-1.7002288830346592,0.014929605015164275,7,0.019599331760010354
918,-3.634037443126493,1.2355646683634114,0.016014980588717486,10,0.002594437593734053
918,-3.7498573491435123,1.226814744552138,0.015558873358021443,4,0.0
919,-3.6143089608614734,1.3938619964344288,0.016482486773245583,10,0.024386893629034137
919,-3.744158937921523,1.3838191561785234,0.01578237687381161,5,0.0
919,-3.7529167912300987,1.2278528388862096,0.015378957501694638,4,0.0
920,-3.8625720280309648,-1.7744847624763593,0.01682816377868484,6,0.0
920,-3.6345937735763107,1.379064681202813,0.016121893188689587,10,0.002655503347935322
920,-3.754611535657773,1.3752793292197876,0.01552221175169493,6,0.0
920,-3.6336166057499835,1.233868465250989,0.014513135440528456,9,0.0
921,-3.7212486968478173,-1.571628548864595,0.01648225399596047,11,0.0
921,-3.6046478688506967,-1.5700752641373452,0.01584847843050201,6,0.0
921,-3.610751513007905,-1.6960137257660928,0.016572015838018775,7,0.008525675341771127
921,-3.613521931190888,1.3935621186070573,0.016179017824915095,10,0.024203210734150937
921,-3.7460145193190684,1.3865769493539042,0.015720774653566683,5,0.0
921,-3.636347035997001,1.2350734996025103,0.01644465842343364,10,0.0
921,-3.7505775366267105,1.2270877138725516,0.015778341227801893,4,0.0
922,-3.837104928725181,-1.7627838138151541,0.01677830397199492,9,0.0
922,-3.598248880372826,-1.699802155812426,0.014926298991941582,7,0.019595142052439576
922,-3.630436199310248,1.3849819684862272,0.016057103308869253,10,0.0
922,-3.637296576542667,1.2353965277152812,0.01644713781228675,10,0.0
922,-3.750121937053155,1.226938665854162,0.016198735421360893,4,0.0
923,-3.761863210568221,-1.6973824711698033,0.015592542753065942,10,0.0
923,-3.636215974379933,1.3781034578728864,0.015732832932253714,10,0.0033235829786374153
923,-3.7506604236337586,1.3739557022341764,0.015603896818747463,6,0.0
923,-3.632702496041951,1.235509656278937,0.015023830449767807,12,0.0
923,-3.7506871643597375,1.229646522866513,0.015839204143893986,5,0.002419763156914224
924,-3.760141026497355,-1.5537629667818604,0.016517929952986215,9,0.0
924,-3.611302933190298,-1.705943342632592,0.017398923274418353,6,0.0
924,-3.6335018705422533,1.2357813058683917,0.014889826863439537,10,0.0
924,-3.7533515257516896,1.2284725095921778,0.015777704261066606,5,0.002735304275763223
925,-3.7593125227605397,-1.696230490174592,0.01578627932339679,10,0.0
925,-3.634761734897316,1.3834300538877242,0.016693628924877864,10,0.004187860484000884
925,-3.6391921373049154,1.2360380043014698,0.016449281518618217,10,0.0
925,-3.7518107877902604,1.2274914858320352,0.015520103107055382,4,0.0
926,-3.71877623721837,-1.5685845092068036,0.017041727931509643,11,0.0
926,-3.7824969230595364,-1.7066915606775577,0.015246972800718383,6,0.0
926,-3.860235326337331,-1.773411393544828,0.0172009198224422,5,0.0
926,-3.637629184219902,1.3790042825548618,0.017313115240422613,10,0.0
926,-3.747609916313843,1.374830090450829,0.015295648684719136,4,0.0
926,-3.6346630971497063,1.2371695403729146,0.015841426994030544,10,0.0
926,-3.750411459823393,1.2291710186849225,0.014443191478612996,5,0.0
927,-3.8411310845940703,-1.7646341727794084,0.0171599901600567,10,0.0
927,-3.634309028513667,1.3793963582030013,0.01614081851231007,10,0.0
927,-3.63571719097292,1.2376091748132665,0.016858351631357783,9,0.0
927,-3.7480767476307513,1.228053109841638,0.016951120815977983,5,0.0
928,-3.7233232401972085,-1.5597344219494953,0.016649763577894213,10,0.0
928,-3.6084519146963676,-1.7131651866036006,0.014986225497931594,7,0.0
928,-3.6362728547985754,1.2366199440814176,0.016118771503246008,10,0.0029554572044970554
929,-3.843930648978814,-1.7568983642856546,0.016567316889119835,10,0.0
929,-3.602912628697396,-1.6934712154639118,0.017343136656427484,7,0.023602602504108658
929,-3.6315162968354593,1.3864017688581045,0.015161506154296336,9,0.0
929,-3.6348755916082958,1.2383939483986206,0.017141541759745773,10,0.0021864408541391565
929,-3.7490582882144237,1.2263814850441177,0.016454199358962727,5,0.0
930,-3.6361636256133525,1.2377219557189474,0.016374563163647913,10,0.0
930,-3.7501228579634343,1.2269386539001235,0.015323808836358012,4,0.0
931,-3.7531863939789627,-1.565930181300322,0.01686475016193822,9,0.0
931,-3.6027678098241953,-1.5712276243489238,0.015482858769150693,8,0.0
931,-3.6314785391316002,1.2420500374367405,0.015067158736856053,10,0.008997870878381825
931,-3.751048304469495,1.2289894737029532,0.015005326325245668,5,0.0
932,-3.6327942278634318,1.235105779261055,0.015708383380367917,10,0.0026819282987909634
933,-3.750076155272047,1.3736176592403773,0.01712741229151096,4,0.0
933,-3.632169003507018,1.23606708703438,0.016038711341780056,10,0.002147048531093972
933,-3.7472400039931677,1.2255079035896486,0.017459319143769848,5,0.0
934,-3.593578436248819,-1.5382650284540875,0.014532910105577264,8,0.0
934,-3.781232764566315,-1.7061232868404883,0.014874977777660474,8,0.0
934,-3.8611481541083315,-1.773829151451724,0.017204822191593704,4,0.0
934,-3.632500626929222,1.2367075228117825,0.016214118006536264,10,0.0025196487554079616
934,-3.7510161846518284,1.2281682924542976,0.015643561845003554,5,0.0021220379246356096
935,-3.6320108989669455,1.236063525306933,0.01586772895319595,10,0.002770014883368417
935,-3.7501084582865034,1.2279617578940423,0.015207789322741265,4,0.0019156638605364214
936,-3.785461652823534,-1.703612260427904,0.0171468275350981,6,0.0
936,-3.860441531116554,-1.778040875759409,0.015773832297295513,4,0.0
936,-3.599620735993451,-1.7004564186824418,0.01734103325038442,7,0.023592789818015224
936,-3.751041226806032,1.3748240423602218,0.014698797469279773,7,0.0
936,-3.6364094204240174,1.2336586092275383,0.016861368514066423,9,0.004323744372705425
936,-3.7499602451388014,1.2300201740568306,0.016888725057778723,5,0.0011601186539499906
937,-3.5877459960897786,-1.5357690018316041,0.016805589772159218,8,0.0
937,-3.602332204698933,-1.7017365245125053,0.01736944842966432,6,0.02363278858202294
937,-3.6321328772138974,1.235926974270126,0.015854038387314525,10,0.002941778974545231
937,-3.7489804744829716,1.2248025519419172,0.017100137960739906,4,0.0
938,-3.836868301882005,-1.7626751179445757,0.01655128906294394,10,0.0
938,-3.6126800500811385,-1.706593379141692,0.014994660103746468,6,0.0
938,-3.6387681969059624,1.3770536930962822,0.01606601961530156,10,0.0
938,-3.7528636131825714,1.3763784064514748,0.015009469132116189,6,0.0
938,-3.6329290395020717,1.2371606251233325,0.017139213376289156,12,0.0025465444442431748
939,-3.61554387462348,-1.6993802035211252,0.017437882405111536,7,0.009358906476011524
939,-3.632799544719555,1.2377408461553845,0.016463832874147773,10,0.00279715933991501
939,-3.7497387737876746,1.2293358544593413,0.015837071852698045,5,0.002418225965786851
940,-3.761745333391259,-1.7039194736750138,0.01591643732416619,10,0.004445863084246396
940,-3.6312691827198806,1.2389532417595557,0.016241253842736284,10,0.0
940,-3.75336912241827,1.2269965361928095,0.016586051811124842,4,0.0
941,-3.7195045438681777,-1.5666212644059667,0.01748084613443642,11,0.0
941,-3.7842232007783245,-1.7052624075057796,0.015962081421217675,6,0.004476406020389644
941,-3.860470298162053,-1.7735193454868432,0.017428574183921585,4,0.0
941,-3.629919337671001,1.235556888044421,0.015828130966295824,10,0.0
941,-3.750690158726595,1.227124899109699,0.01655482031332775,5,0.0
942,-3.6314579471380632,1.386676463451858,0.01620688282104749,10,0.0
942,-3.7465333208119755,1.3824981276123833,0.01662815102886531,6,0.0
942,-3.630573449405305,1.2377269497263987,0.015278457188959756,9,0.004035127081503856
942,-3.7494422634454008,1.2431453014891183,0.016847482994953148,6,0.0
943,-3.5991527152413614,-1.7002288830346592,0.014929605015164275,7,0.019599331760010354
943,-3.6152966957118666,1.3881786418576922,0.016346942370207188,10,0.02755359351901152
943,-3.7437240534667446,1.3814622122971865,0.016622084570454755,5,0.0
943,-3.625734424628941,1.2488542781765466,0.01478645247249523,10,0.0
944,-3.6046478688506967,-1.5700752641373452,0.01584847843050201,8,0.0
944,-3.5966561784728066,1.401145827655296,0.016491559283826666,10,0.0
944,-3.7471150606238486,1.3826615556563404,0.017017961079274238,5,0.0
944,-3.7494716222196716,1.230751514523919,0.017134220388247665,5,0.0
945,-3.725417929431089,-1.567878883906051,0.016875335006176342,11,0.0
945,-3.607769610512591,-1.5662020425493983,0.017363427199967085,6,0.0
945,-3.854489434636778,-1.7786238334982907,0.016166287810448154,6,0.012986252715018137
945,-3.631745412552575,1.2351836639680551,0.015013317460165532,10,0.0
946,-3.7222668406927077,-1.56778485532708,0.017484222919414656,11,0.0
946,-3.7593125227605397,-1.696230490174592,0.01578627932339679,8,0.0
946,-3.6107128984395764,-1.7142384650516098,0.01741648949506176,7,0.0
946,-3.7522299925087053,1.378535280683635,0.015062052117413108,5,0.0
946,-3.6335411819314265,1.2368467675770454,0.01658247101621058,10,0.0
946,-3.7517823198951312,1.2265009248568373,0.016285678338396295,4,0.0
947,-3.632760304404064,1.236257736441335,0.01736695214778083,10,0.0
947,-3.74895954009626,1.2255707579192077,0.016271692415400964,4,0.0025765048364520303
948,-3.6053172807631206,-1.5659915525491055,0.015833959773199957,8,0.0
948,-3.6199569402613427,1.395379525970591,0.016835752046387244,10,0.022449043913579325
948,-3.743942574087352,1.3814316238531397,0.017412275498901304,5,0.0
948,-3.6345306266125665,1.232199805874875,0.015186372950341396,10,0.0
948,-3.750542242098144,1.2279704007624375,0.01516701518168954,4,0.0
949,-3.630672425639767,1.3871517106617772,0.016095864914138596,10,0.002310647017899272
949,-3.7493219520416288,1.3730323390784613,0.017180308698579363,5,0.0
950,-3.747825448911258,1.2302126271267042,0.014931842325428319,5,0.0
951,-3.840385403373371,-1.764291588276159,0.016443011841522942,10,0.0
951,-3.6307488281889135,1.3861089993776756,0.015316186284700044,10,0.0
951,-3.746260198556506,1.3803359887257438,0.01653296032860651,6,0.0
951,-3.776068908748836,1.2476028810094604,0.017268473572551235,5,0.0
952,-3.6347654366406013,1.2357447773249475,0.015566655200917118,10,0.0054895096817325455
953,-3.614722370698313,1.3945374890388111,0.01640258392989907,10,0.023656257380133886
953,-3.7631386952299994,1.3866234106407347,0.01610943714117427,5,0.017283252238736932
953,-3.6358635390689833,1.230523252488281,0.015543210556327361,10,0.0
953,-3.74961862359673,1.22570316780668,0.017447545197867054,4,0.0
954,-3.7499684879989137,1.3754820051069445,0.01682349492243712,4,0.0
954,-3.631432307803356,1.2369439198813612,0.015994345806305158,10,0.0029738174730006956
954,-3.7484104970554544,1.2269315135697267,0.01565934454097467,5,0.0029384990396388007
955,-3.8394735532611257,-1.7638722359720442,0.016439208546547016,9,0.0
955,-3.6047212527008283,-1.6943198843359175,0.01736320416724467,7,0.023629598201040346
955,-3.6211869608213973,1.2414296492455001,0.015998935870322292,10,0.02320186097580797
955,-3.748792464541425,1.2265033916050667,0.016549992926644254,5,0.0
956,-3.621040853255321,1.241872710044982,0.016533427348799284,10,0.02223072588717963
956,-3.749140920270668,1.2276108368625074,0.0164300068337863,5,0.0
957,-3.7620897935272395,1.3752903194561654,0.01646412984470002,6,0.018390827689773955
957,-3.6326639799372837,1.2335427856984902,0.01450591068419177,9,0.0
957,-3.7519354116095314,1.2256200393050916,0.016058542879904884,5,0.0
958,-3.5991527152413614,-1.7002288830346592,0.014929605015164275,7,0.019599331760010354
958,-3.634676561586973,1.3849093373343742,0.016809359582153058,10,0.00596239118138607
958,-3.7493782050699096,1.3820562610245009,0.0165110771623582,5,0.005422794795035431
958,-3.752267935892593,1.2276401351880617,0.016858239227833013,4,0.0
959,-3.6215643128326263,1.2454849274430126,0.016475108964974092,10,0.021379872400792803
960,-3.842208932755514,-1.765129669733165,0.016450593155696767,11,0.0
960,-3.6315177408896155,1.2369854244898961,0.016886762637332464,10,0.001614148000502037
960,-3.7498017594679918,1.2269213227389524,0.016681749289591194,5,0.004267926805216307
961,-3.760141026497355,-1.5537629667818604,0.016517929952986215,10,0.0
961,-3.631375009179187,1.3853401740277362,0.016062770311182282,10,0.0
961,-3.6300778878540805,1.2368939422037686,0.016165247211041837,10,0.0025270773363324636
961,-3.7509913324158815,1.2282191637276056,0.016477908604711888,4,0.0
962,-3.7218117841333536,-1.561367719843148,0.01704196813647394,10,0.0
962,-3.6314976312271745,1.3783295966145273,0.016132091006834045,11,0.0
962,-3.7497211878107266,1.3716621259036856,0.017359089530085338,6,0.0
962,-3.633961383491862,1.2297418513843672,0.016472247212585365,9,0.0
963,-3.760419539669199,-1.7034853677879909,0.01542127689229632,10,0.0
963,-3.618093161400977,-1.7017569099685212,0.016421305660026694,7,0.01110817766567241
963,-3.632064024737985,1.3885215683208563,0.015531370212375491,10,0.0
963,-3.7468490676705883,1.3889273259362676,0.016002798984401125,5,0.0
964,-3.634398793249048,1.3774171068972227,0.015772671667485545,10,0.0
964,-3.743510346636941,1.3835813136139097,0.01742643683647884,5,0.0
964,-3.6356058473113047,1.237219325674043,0.017370541275419527,10,0.0
964,-3.749457268662168,1.2262896938541838,0.016003899138373932,4,0.005183234884496986
965,-3.606634323335092,-1.7123019691460728,0.014974242570030187,7,0.0
965,-3.620375385451567,1.389903968206518,0.016637232396293514,11,0.01834958571472904
965,-3.6300607718604265,1.2424723776815365,0.014805530380505095,9,0.0
966,-3.600268383656007,-1.5680720858296762,0.016041989678148606,7,0.0
966,-3.761143241415722,-1.6970577115618748,0.015795414949708743,10,0.0
966,-3.600523338304797,-1.700881566284831,0.01735370141058388,7,0.02360924698603637
966,-3.6324851252088455,1.3867714797344137,0.015195125362013555,10,0.0
966,-3.748883207580453,1.381569146718635,0.01605074408171828,6,0.003716281297934578
966,-3.629828517979594,1.2459631880844473,0.01636557428882099,9,0.004548584082794707
966,-3.7465588874956737,1.2419530793562592,0.01595719886665962,6,0.0
967,-3.722536143418407,-1.5594048007532426,0.01748012828614634,10,0.0
967,-3.5877459960897786,-1.5357690018316041,0.016805589772159218,8,0.0
967,-3.6310361383950736,1.3862179334389715,0.01646683367326915,10,0.0
968,-3.603719948939368,-1.5696721126961775,0.015837114319151923,8,0.0
968,-3.781482591370899,-1.7040284285541634,0.015955566125778867,6,0.004472718835249102
968,-3.856183631128297,-1.779963276754259,0.016756063057818363,5,0.013387184728737149
968,-3.6350450435911865,1.3814048841130926,0.01675813022093307,10,0.0
968,-3.7465811041355885,1.3816339273502711,0.01717560989204365,5,0.0
968,-3.626243331188854,1.2411665143982535,0.014771319908272709,10,0.0
969,-3.8521366348941792,-1.7742162660696588,0.01467074921436468,5,0.0
969,-3.6333983105345737,1.2353834941703026,0.01633195207910986,10,0.002512754724202323
969,-3.75058982508796,1.2249773639347732,0.01737955079835686,4,0.0
970,-3.754774209845612,-1.5621123635545304,0.016862395926640673,10,0.0
970,-3.6008878504622035,-1.574567266207952,0.014600894443547964,8,0.0
970,-3.630679637294792,1.3871526095087696,0.016100332546539566,10,0.0024220740298511335
970,-3.7472501628831427,1.3818327459189403,0.016556618833197076,5,0.0
970,-3.752496871173913,1.229524157317979,0.015403154516771754,4,0.0
971,-3.6143111225433087,1.39186746495165,0.016543063376093865,11,0.01786848483266498
971,-3.632055564002824,1.2352893392611697,0.01617985645145541,9,0.0
972,-3.6316007314044914,1.3874389794957251,0.01602762076962846,10,0.0
972,-3.7487172605213877,1.3803632826648897,0.01667446274185146,7,0.0
972,-3.7519354116095314,1.2256200393050916,0.016058542879904884,5,0.0
973,-3.7823957789275893,-1.7044401147303465,0.01595767506994137,6,0.004472974422210307
973,-3.861383083384879,-1.7739370706618303,0.017432428984147035,4,0.0
973,-3.6385662089164943,1.3793589315855348,0.01731497001503285,10,0.0
973,-3.6346094542705223,1.235427282124142,0.01757012832556583,13,0.005796647741350173
973,-3.749754022461012,1.227835289705581,0.016739484391387175,5,0.0
974,-3.6346094542705223,1.235427282124142,0.01757012832556583,10,0.005796647741350173
974,-3.751038075612342,1.2282311581609582,0.016435260435887635,5,0.0
975,-3.7508816249990953,1.3728664049460104,0.01716526362545041,6,0.0
975,-3.631418063822201,1.2361074223524016,0.01635870572504731,9,0.0
975,-3.7470543521714434,1.2299595400097276,0.015717500742898273,5,0.0
976,-3.838513445177633,-1.7634322567151377,0.01638920160515118,11,0.0
976,-3.634043655355798,1.2359657803028568,0.016270751097707425,10,0.0
976,-3.7518032495300835,1.2265093116429113,0.016265814584935773,4,0.0
977,-3.737734330690605,-1.552593635535648,0.015999885036463657,11,0.030435756205605628
977,-3.6109521418593262,-1.5645765215770713,0.016428207420053756,6,0.0
977,-3.7796562451809184,-1.7032050441517632,0.015951159386244036,6,0.004468611021921838
977,-3.853954574760335,-1.775054721524282,0.014673724108899819,4,0.0
977,-3.6356933131810627,1.383957290065968,0.016625173903928765,9,0.0
977,-3.6324170056753404,1.2443797800912866,0.016081246998411954,10,0.01056011714875892
978,-3.604860429700945,-1.567978907002783,0.014608162147915396,7,0.0
978,-3.7635267667267045,-1.6937409986431191,0.017077760864872546,7,0.0
978,-3.8530455914879416,-1.774635072469155,0.014672655715464715,3,0.0
978,-3.75040849130878,1.3758528823348348,0.015316619820431195,4,0.0
978,-3.6345029845750463,1.236168877275724,0.014974893462936524,14,0.0
978,-3.752615926165902,1.2287023897075318,0.01586678099121572,5,0.0
979,-3.8575917483946247,-1.776731475393531,0.014679793611655879,5,0.0
979,-3.7685952272387864,1.401168493284959,0.015153065402007398,5,0.0
979,-3.6316979925873443,1.237056604065196,0.016601810213463464,10,0.002603784177665658
979,-3.750539469945332,1.2279255652962917,0.015212336532368734,4,0.0023636766133172168
980,-3.7219718374810378,-1.5633175854140788,0.01604178336740186,10,0.0
980,-3.5763107769967686,-1.572091983445494,0.016840207071627866,8,0.0
980,-3.839303702974562,-1.7637953323058053,0.017148688184401597,9,0.0
980,-3.639862388042674,1.3774668332342628,0.015260382955661381,10,0.0
980,-3.7507149678043805,1.3736916566327817,0.016643768556958843,4,0.0
980,-3.6208763754640003,1.2413242453930053,0.01600091587001995,10,0.02345079431792884
980,-3.7512345036969403,1.2273216261227933,0.016239699316878856,5,0.004601931317853927
981,-3.7615164242860626,-1.5563645434020956,0.01688772570309119,9,0.0
981,-3.7593125227605397,-1.696230490174592,0.01578627932339679,8,0.0
981,-3.6348092109319436,1.3876587526177269,0.017400678438173108,10,0.0
981,-3.7484222042077793,1.3873272340445824,0.016321064963682106,5,0.0029321353094357676
982,-3.860257846665912,-1.777957195863598,0.0165455424545642,5,0.0
982,-3.601768438029611,1.2523369614958002,0.016153467961059476,10,0.0
982,-3.7520051837857085,1.2276818590696719,0.015248499569881753,4,0.0
983,-3.597689703938074,-1.5503933615455376,0.0161474842710795,8,0.02262464143579451
983,-3.781482591370899,-1.7040284285541634,0.015955566125778867,6,0.004472718835249102
983,-3.854892608053273,-1.7801424429132333,0.01708869226325662,5,0.014170585086949091
983,-3.631947379295943,1.2360441481194253,0.015845901653662568,10,0.002161707790021992
983,-3.7492842570428757,1.2277678366897626,0.016959793646447247,5,0.001077570533359265
984,-3.5978128426622127,-1.699603231845185,0.017328822359716917,7,0.023576468681547103
984,-3.6335008962301227,1.385123092682375,0.014682584730635287,10,0.0
984,-3.7469224144724538,1.378584241468378,0.017491903536892436,6,0.0
985,-3.6337177050170064,1.2368470066674315,0.015841895241140675,10,0.0
985,-3.7497413513543214,1.2268141583974834,0.016552369551943356,5,0.0
986,-3.6339765485744815,1.2359427301842207,0.015326548393179325,10,0.0
986,-3.750029432072673,1.2268251698718855,0.015392240703587681,4,0.0
987,-3.7635267667267045,-1.6937409986431191,0.017077760864872546,7,0.0
987,-3.6327345941919624,1.3885439283226626,0.0171355076304902,10,0.0
987,-3.7514881699768865,1.2282802499833807,0.015172123827804031,4,0.0
988,-3.637591149269861,1.3745950816052832,0.014768822383887886,10,0.0
988,-3.6008358759816077,1.2520104669260712,0.01614193598369821,10,0.0
988,-3.7498047927052647,1.2288805338283257,0.015092250641637085,5,0.0
989,-3.78330994307501,-1.7048507739557341,0.015959741860878313,6,0.004472901345513682
989,-3.8557955720909143,-1.7827693587116067,0.016258650594275555,5,0.011687466652602237
989,-3.634347300698723,1.2357070714438223,0.016335129773149076,10,0.0025125093840695483
989,-3.7510227970805983,1.2272333794791759,0.01537082264815994,4,0.0
990,-3.7489536895596833,1.3733857312433462,0.015402027756576838,7,0.0
991,-3.839367149332589,-1.7548114667276697,0.016546885968700794,9,0.0
991,-3.6296863396337518,1.387617396059563,0.01736417229210907,10,0.001851621251515204
991,-3.744409840583982,1.3818209074020875,0.01587101361460339,5,0.0
991,-3.6293220347050474,1.2403407914535447,0.015502956732808378,10,0.0006381737931397378
992,-3.838453615424016,-1.754394353441177,0.01654229211577083,10,0.0
992,-3.6210900020174366,1.4106633081487363,0.016595151460374456,10,0.0
992,-3.746926535382091,1.3849968428426684,0.017190730747092407,5,0.0024499357054339112
992,-3.6298836867737267,1.240998580435693,0.016339634304971012,10,0.0012026498072714113
993,-3.6325941699893396,1.3878213659007308,0.01608562783791917,10,0.0
993,-3.749525840028736,1.3825057083623677,0.015381719107141607,6,0.00244074865553882
994,-3.76047657002451,-1.6945619094342559,0.015904625970501466,7,0.0044393785963908515
994,-3.599620735993451,-1.7004564186824418,0.01734103325038442,7,0.023592789818015224
994,-3.747817371759538,1.383028826693147,0.016247776736561317,5,0.0
994,-3.625734424628941,1.2488542781765466,0.01478645247249523,9,0.0
995,-3.748988744895761,1.3833547837851596,0.01702087144963452,5,0.0
995,-3.747274583665392,1.2255301655817878,0.017419271908322615,5,0.0
996,-3.8389279824274056,-1.7636227114722591,0.016786264054555987,10,0.0
996,-3.5987150879674665,-1.7000279254163617,0.017334091729278137,7,0.02358092217294211
996,-3.6403008949278712,1.3754992975694886,0.015603892996433097,10,0.0
996,-3.6299896046719478,1.2355862022625963,0.015895402623782633,10,0.0
997,-3.607544761931521,-1.7127343577358813,0.014981991257959206,7,0.0
997,-3.634705481612352,1.3844316603561175,0.016426533536543497,10,0.0052399292771999895
997,-3.7487293604279612,1.383955716903122,0.01593605506003019,5,0.0025255814748634314
998,-3.7439498184373545,-1.5343351310251188,0.015359838147056243,10,0.0
998,-3.779757952890539,-1.7054570666821012,0.015242458012686439,6,0.0
998,-3.861383083384879,-1.7739370706618303,0.017432428984147035,4,0.0
998,-3.613838985576334,-1.7028497631474953,0.015997978392484458,7,0.017194805367724695
998,-3.631101099679115,1.3862030321927876,0.015840668224963952,10,0.0046217807837060365
998,-3.7500010895718123,1.3818459020342273,0.01557506417643331,7,0.0
998,-3.6368711842343506,1.2307199799444137,0.01654153259693543,9,0.0
999,-3.6083537168092916,-1.5589970176257668,0.015839420387361976,8,0.0
999,-3.8447139289089227,-1.7572549493479883,0.0164474759207027,9,0.0
999,-3.6387681969059624,1.3770536930962822,0.01606601961530156,10,0.0
999,-3.63094353947279,1.234911165368594,0.015145413156076667,10,0.0
999,-3.749878258847355,1.226816011327267,0.015538619199788854,5,0.0
1000,-3.5877459960897786,-1.5357690018316041,0.016805589772159218,8,0.0
1000,-3.635401161313041,1.386002006848222,0.015746533990688615,10,0.0
1000,-3.7495184702163527,1.3816680357421725,0.01602272966462024,7,0.0
1000,-3.6318199863779728,1.243831564001028,0.016406469170880088,10,0.003640206035481184
1000,-3.7490255021505328,1.22836655281769,0.01695181399666678,5,0.0
1001,-3.8445462752401984,-1.7571797496437627,0.017159410484796363,9,0.0
1001,-3.629595635660953,1.3856680707379243,0.015111059278141993,10,0.0
1001,-3.7483717761250213,1.3838358995820847,0.01628699859261117,5,0.0024888893908432304
1002,-3.6349128599562626,1.3786250139249259,0.015991850175200384,10,0.0
1002,-3.7508707254743396,1.3739091496703326,0.015503919436430327,6,0.0
1002,-3.748473491704445,1.2324289063327125,0.01524697613193176,5,0.0
1003,-3.840337997944098,-1.7642698090426787,0.016397759681182296,10,0.0
1003,-3.6387776407056767,1.3793215429800965,0.016513609984953187,10,0.0
1003,-3.7521927375108084,1.3743932584996739,0.01602150719319649,6,0.0
1004,-3.6055927711258127,-1.5661293679791664,0.016128786866119932,8,0.0005033061788707262
1004,-3.632008208334148,1.2362800603862698,0.016016332543678815,10,0.0
1004,-3.750414061273798,1.226021943921994,0.01668283748120943,5,0.0
1005,-3.6318505044063025,1.3865169234420136,0.015673576125885557,10,0.004835317130897145
1005,-3.746920537022908,1.3797941100940558,0.016647816816429566,7,0.002587697595104955
1006,-3.6357866924666533,1.3810776459063943,0.01750182730139721,10,0.0
1006,-3.752749709371342,1.3754623177739622,0.014851064304240002,6,0.0
1006,-3.6328351324444137,1.236552297294867,0.01590234978643995,12,0.0
1006,-3.7491431608014745,1.2285637306871455,0.01580236263148161,5,0.0
1007,-3.7501067688468206,-1.5752290851848623,0.016511117972961627,10,0.0
1007,-3.8625720280309648,-1.7744847624763593,0.01682816377868484,6,0.0
1007,-3.638546142417308,1.3769682759488675,0.014865735071255631,11,0.0
1007,-3.7539826458407335,1.3759585588140761,0.015430145311319582,5,0.0
1007,-3.632761238121597,1.2365214783756364,0.015831616938333844,13,0.0
1008,-3.8522749636002898,-1.7697529418807791,0.017402890819355286,10,0.0
1008,-3.632892824581409,1.3858762555066502,0.016605185496184078,10,0.0
1008,-3.7517781920982114,1.3815124899769777,0.016438744900305575,7,0.0
1008,-3.633010081189663,1.236625262727577,0.016070162612097812,12,0.0
1008,-3.74915060183901,1.2271388902226072,0.016587443130349253,5,0.005179674806267525
1009,-3.7607518520666896,-1.7035885663643617,0.015757469451120814,10,0.0
1009,-3.637489956353709,1.3787792125597196,0.01612440482842575,10,0.0
1009,-3.751045989718916,1.372091015974769,0.01697554337577311,6,0.0012522570070992705
1009,-3.6008358759816077,1.2520104669260712,0.01614193598369821,12,0.0
1009,-3.749282174378349,1.228869392252885,0.01694577142634663,5,0.002519230837021398
1010,-3.606485119391152,-1.5643382456430097,0.0161457976522797,7,0.0014517606562287509
1010,-3.7608329255878554,-1.7035060499549783,0.015914034954542994,10,0.004444284448491255
1010,-3.633356985610707,1.2376200064879959,0.016368383596647773,10,0.0021704421643075674
1010,-3.751750313676039,1.227601116818909,0.0159068051259551,5,0.0036178941532831145
1011,-3.7611536984918015,-1.6970623076265563,0.01484137159975957,7,0.0
1011,-3.6308021812484816,1.3878850448982247,0.016751938970923867,10,0.0
1011,-3.7476656679257387,1.3809867306058192,0.015997870635918347,7,0.0
1011,-3.6339763445049496,1.2410177949906482,0.016494519277623097,9,0.0020746828780580425
1012,-3.6342786693545213,1.2372799985154384,0.01654366193913734,10,0.0018656030037492392
1012,-3.7505936826172355,1.226093928183881,0.01651140912173198,4,0.0
1013,-3.7610730515018944,-1.554148603398986,0.01652673551380486,9,0.0
1013,-3.8377810432031794,-1.7630942327631758,0.016556003441471696,11,0.0
1013,-3.6311684586328603,1.387312679012892,0.016516143615538464,10,0.0
1013,-3.7476125930686752,1.379945708235354,0.016833875782730028,6,0.0
1014,-3.760141026497355,-1.5537629667818604,0.016517929952986215,9,0.0
1014,-3.609950182967613,-1.7053045903055613,0.014976223073347922,6,0.0
1014,-3.6344341023635964,1.387862640725058,0.016410913624165063,11,0.0
1014,-3.75164245002774,1.3732019296905214,0.016428742400272044,6,0.0
1014,-3.6336166057499835,1.233868465250989,0.014513135440528456,9,0.0
1015,-3.7593125227605397,-1.696230490174592,0.01578627932339679,10,0.0
1015,-3.611621265146322,-1.7146704309296634,0.017422373637436126,7,0.0
1015,-3.629595635660953,1.3856680707379243,0.015111059278141993,10,0.0
1015,-3.7502324725358602,1.384762731986449,0.01610588823554459,5,0.0
1016,-3.6314295588597796,1.3863686575733813,0.015080939528474007,10,0.0
1016,-3.750678521884276,1.3814562449605412,0.01717941134448337,6,0.0007582009888704323
1016,-3.6323213894852917,1.2413140716278734,0.015612021292934914,9,0.0
1016,-3.742511534138607,1.2365173516260581,0.01694573646714311,6,0.0
1017,-3.841429139578442,-1.7647709802292468,0.016573059416249317,10,0.0
1017,-3.600055819550663,-1.7006544217999884,0.014938981892974924,7,0.019611887681734864
1017,-3.6157209752226036,1.395418136758257,0.0161455362311019,10,0.02933977214140185
1017,-3.748541648554235,1.3808357922326662,0.01613423905635403,7,0.005000597045131841
1017,-3.633490425831443,1.2361160694029458,0.016001610350157718,9,0.0
1017,-3.7481565003319233,1.2303221620730729,0.016533845566094958,5,0.0
1018,-3.762061074928124,-1.6974717564079016,0.015802494788611062,10,0.0
1018,-3.6098000136795187,-1.7138048988640295,0.01740606520074427,7,0.0
1018,-3.5989590631574946,1.2513582873312148,0.016128529421292677,10,0.0
1019,-3.8521366348941792,-1.7742162660696588,0.01467074921436468,5,0.0
1019,-3.7441404819173654,1.3858843875806104,0.015718798146609834,5,0.0
1020,-3.8412976431479855,-1.7647105749140883,0.016447325146095298,9,0.0
1020,-3.631841345452706,1.3874454204002153,0.016000422366570306,10,0.0017818543055792232
1020,-3.7504739180750826,1.382020708030585,0.016007808653303562,6,0.0
1020,-3.749902815405279,1.2308952576649403,0.014752392110990985,6,0.0
1021,-3.860997489752928,-1.77829872156656,0.015401103625868233,5,0.0
1021,-3.6382294948985177,1.3768490625879726,0.016478214723208148,10,0.0
1021,-3.7499684879989137,1.3754820051069445,0.01682349492243712,4,0.0
1021,-3.633508397452102,1.235814454809679,0.014919039476425802,14,0.0
1021,-3.7519349204037953,1.2301214207452786,0.01542056566018221,5,0.001881601736947366
1022,-3.643732355591997,1.3769484483159289,0.014906692754062678,11,0.02047681989883832
1022,-3.756656289519108,1.3768809837168894,0.014722219566894443,6,0.0
1022,-3.6336061071191006,1.2369464533699277,0.017568344543712464,9,0.0
1023,-3.634691517412077,1.235750437417285,0.015713307843153994,10,0.0026835930652092145
1023,-3.751825849948861,1.2265183679343121,0.01624437300344258,4,0.0
1024,-3.755043808263733,-1.5667068095765095,0.016878244621614334,9,0.0
1024,-3.7812325158738154,-1.6973010331893945,0.015239465027134335,5,0.0
1024,-3.61220911522696,-1.7063717310148556,0.017402114066107244,6,0.0
1024,-3.6276425920637054,1.2495123720933172,0.014804668602907764,10,0.0
1024,-3.7516106441338763,1.2265189175697073,0.016347349909579815,5,0.002842468476662842
1025,-3.839604464239642,-1.7639323742498705,0.016564381971220184,10,0.0
1025,-3.63524541890418,1.2363755966599685,0.01562597430703703,9,0.0
1026,-3.763761361815436,-1.7028886559695315,0.016071094317556395,10,0.0
1026,-3.629093665993421,1.3867031945031705,0.016348168584861076,10,0.0021758929314755378
1026,-3.748978530516858,1.3835093640509524,0.016927765563551304,5,0.0
1027,-3.61554387462348,-1.6993802035211252,0.017437882405111536,7,0.009358906476011524
1027,-3.628159675124215,1.3842128808146372,0.014830698522740054,10,0.0
1027,-3.747519473300799,1.3850495475686404,0.016285958454264095,5,0.0030972143959587337
1028,-3.75040849130878,1.3758528823348348,0.015316619820431195,4,0.0
1028,-3.6335415922362313,1.2358366886595338,0.014957648528211553,10,0.0
1029,-3.630328650854837,1.3870001087327082,0.016608410120703843,10,0.0
1029,-3.7488792132873265,1.3850123906980052,0.016205963782664843,5,0.003913632056430113
1029,-3.6271969610014927,1.2414936700726318,0.014779560506070537,10,0.0
1029,-3.754703089646876,1.2293051568362932,0.014852833502287579,4,0.0
1030,-3.632872592455841,1.3828851811117329,0.01660733078603411,9,0.0
1030,-3.6333296348757536,1.2369578837734985,0.016540735212847255,10,0.0018651373104866358
1030,-3.7525978909868116,1.227748517970192,0.015670483209878603,4,0.0
1031,-3.59944785850597,-1.5521282905015965,0.015183434939388611,8,0.020383209138471255
1031,-3.8572911314518197,-1.772058468285771,0.01698692956906598,6,0.0
1031,-3.627968849207485,1.3855109890709338,0.0157271026802979,10,0.001476741011401583
1031,-3.7472186764958573,1.382856686609408,0.015877523523749947,5,0.0
1031,-3.6344613465335964,1.2341417339380192,0.016342454749901134,10,0.003167289941674154
1031,-3.7508629442360255,1.2271810841060355,0.015516729791588768,4,0.0
1032,-3.6325674422388805,1.387175977923408,0.016205514342240233,10,0.003397546976018918
1032,-3.748365916425329,1.2344503223248073,0.016376003990577263,6,0.009062175570666974
1033,-3.6345751163653564,1.3843705243695763,0.016308915299006015,10,0.005701720913302356
1033,-3.7477431494318645,1.381412710006019,0.016289696731753792,5,0.005611332549576743
1033,-3.629806576887459,1.2463203684078894,0.016243503590601296,9,0.0
1034,-3.860235326337331,-1.773411393544828,0.0172009198224422,6,0.0
1034,-3.6338103478384642,1.3852905092969199,0.01502276416689746,11,0.0
1034,-3.7536771999106495,1.374935773584836,0.01551734853067849,6,0.0
1034,-3.6310830676428343,1.240123754341077,0.017203352808634446,9,0.0
1034,-3.750049065207432,1.2250033863686716,0.016042993730924264,5,0.0
1035,-3.6301778062401096,1.3878001546230438,0.015512212176530527,11,0.0
1035,-3.75164245002774,1.3732019296905214,0.016428742400272044,6,0.0
1035,-3.6318839305589488,1.2362282311727386,0.015897175598663993,9,0.0
1035,-3.7487960302900287,1.2283975173656432,0.016175765903574613,5,0.0
1036,-3.7489396911199697,1.377324755644176,0.017494308637355186,5,0.0
1036,-3.6344080800266596,1.2382339250267045,0.017145374817557166,10,0.0028178088655030475
1037,-3.6328744164004374,1.3849354297113436,0.01502134659726991,10,0.0
1037,-3.7478586473312716,1.378928884585336,0.017495659723426656,7,0.0
1037,-3.636563638054521,1.2332573773748745,0.015778527467104328,9,0.0047630647615982975
1038,-3.851225417876458,-1.7737978274666968,0.014668787430423338,5,0.0
1038,-3.6283341409070355,1.3954560381270473,0.017317538536771003,10,0.0
1038,-3.6363257533126143,1.2356719861343346,0.016816131581707406,10,0.0
1038,-3.752468445348676,1.227706172792267,0.01578931583651981,4,0.0
1039,-3.860089672241334,-1.7778788565829942,0.015400157621883445,5,0.0
1039,-3.6385662089164943,1.3793589315855348,0.01731497001503285,10,0.0
1039,-3.7763778524831424,1.3852260142703317,0.016525758521809358,6,0.0
1039,-3.6173244091156205,1.2444852884475177,0.016494064049872602,12,0.02436583967874044
1039,-3.7474916126190476,1.2279138244807764,0.01655817456948275,5,0.0
1040,-3.760228026068933,-1.6966448481464926,0.01579111448022795,10,0.0
1040,-3.630436017329123,1.3779266416492413,0.015136242117982432,10,0.0
1040,-3.753701441060234,1.2281091414294227,0.015531150816320824,4,0.0
1041,-3.7574754252644915,-1.695402896873268,0.015771946565763827,8,0.0
1041,-3.6309429111250147,1.3825378268224662,0.01604453329212413,10,0.004819800340168313
1041,-3.7450773392834806,1.3862292445628455,0.01571991081656522,5,0.0
1041,-3.7518348972882842,1.2275723035855393,0.015444087550546742,4,0.0
1042,-3.8430735236325364,-1.7655264089729616,0.01640936489448629,10,0.0
1042,-3.6220888967308085,1.2452774797738786,0.01608104991703099,10,0.02153193797115147
1042,-3.7509153546528524,1.2261535202354554,0.017114336111210646,5,0.0
1043,-3.6332450939552614,1.235694192106238,0.015524795902989788,10,0.0
1043,-3.753344863260099,1.2279924782896379,0.015858231307144713,4,0.0
1044,-3.850710715836149,-1.7770092024532564,0.015566484420895565,6,0.013756926170943285
1044,-3.6160301277971554,1.2440516421039014,0.016608882354726698,10,0.024239731342376707
1044,-3.7509219719184137,1.2271300058665955,0.015448711899540411,4,0.0
1045,-3.629695634755893,1.3848239460922935,0.01453410300515481,10,0.0
1046,-3.856303881211577,-1.7794622894182637,0.016172681272323776,6,0.012995169424608603
1046,-3.6387776407056767,1.3793215429800965,0.016513609984953187,10,0.0
1046,-3.6171817557111754,1.243905041836359,0.015539366932211189,12,0.024459338369853697
1046,-3.7481884677678514,1.2258216725141005,0.01745983583136018,5,0.0
1047,-3.721041787282459,-1.5694766238034383,0.016616363051433422,12,0.0
1047,-3.600523338304797,-1.700881566284831,0.01735370141058388,7,0.02360924698603637
1047,-3.6326359038694025,1.3848063696006392,0.014759086060131718,10,0.0
1047,-3.7455971637036507,1.3821556352002071,0.016624545226329807,5,0.0
1047,-3.751854377724472,1.2284406235373628,0.01569571066537355,4,0.0
1048,-3.5877459960897786,-1.5357690018316041,0.016805589772159218,7,0.0
1048,-3.78545009292033,-1.6991951524179905,0.014877030365655597,5,0.0
1048,-3.7487957326744135,1.3824255117449362,0.01686505913025559,5,0.0
1048,-3.6325846086499416,1.2415937254584037,0.016002257287110945,10,0.011310820377475748
1048,-3.7486731219709126,1.2253935578086375,0.0174420164091666,4,0.0
1049,-3.840516591115875,-1.7643518591887022,0.016568452730869064,10,0.0
1049,-3.750033013073027,1.3836217037136869,0.015144089858296787,5,0.0
1049,-3.6391157813247785,1.2337558826000374,0.016004811862907115,10,0.0
1049,-3.748954216203826,1.2305825005513957,0.014751087622870813,4,0.0
1050,-3.860417054769674,-1.7804484856671867,0.01595785313730374,6,0.011923624000925627
1050,-3.636610405761876,1.2329055000612037,0.014408123507142169,10,0.0
1050,-3.750899873124939,1.2263222126920967,0.016290390465435657,4,0.003346736797856311
1051,-3.761330632254133,-1.7038992531318855,0.015422364439473557,8,0.0
1051,-3.6220888967308085,1.2452774797738786,0.01608104991703099,10,0.02153193797115147
1051,-3.751336851664968,1.2286763879063458,0.015536708968857796,5,0.003057653265969181
1052,-3.6201332092211476,-1.6929651685591092,0.01701396552700971,7,0.0
1052,-3.6325536860075633,1.3831575920889008,0.015829707237196337,10,0.00582000948710445
1052,-3.745007586097371,1.3819887424467345,0.016243437235824422,5,0.0
1053,-3.6335948491668075,1.3791114864312433,0.015669159063328532,11,0.004832563263832749
1053,-3.753722437506946,1.3758148671405432,0.014822264859627109,6,0.0
1053,-3.6344345955106148,1.2325491407618376,0.015569247691421111,9,0.0052380344466743094
1053,-3.7529935117711894,1.2227666390466303,0.01656530930274377,5,0.0
1054,-3.603819594109367,-1.693898116358854,0.017349588527850925,6,0.023614256240259337
1054,-3.62972988552975,1.3857193160384025,0.015235917206599637,10,0.0
1054,-3.747867542677874,1.3810601585940991,0.016688925791242423,7,0.0
1055,-3.6107128984395764,-1.7142384650516098,0.01741648949506176,7,0.0
1055,-3.749870885297324,1.3798345543003463,0.016422460328550315,5,0.0
1055,-3.6354445690296298,1.2364430776504889,0.014936940383905287,10,0.0
1056,-3.603692212363165,-1.5716309668794701,0.015490980295111449,7,0.0
1056,-3.761745333391259,-1.7039194736750138,0.01591643732416619,10,0.004445863084246396
1056,-3.7498718956233943,1.380805829657984,0.01646652859711236,7,0.0
1056,-3.6323892089250904,1.2354025877451988,0.015608186147927257,9,0.0
1056,-3.747608288013803,1.2301406805838,0.016123028880596173,5,0.0
1057,-3.7824969230595364,-1.7066915606775577,0.015246972800718383,6,0.0
1057,-3.8625720280309648,-1.7744847624763593,0.01682816377868484,5,0.0
1057,-3.6333159158790767,1.2367528164316237,0.016364663253253028,10,0.0
1057,-3.7507360284665956,1.2261509740823728,0.016375905513173212,4,0.0
1058,-3.7624160544471423,-1.6976331392594692,0.015213060116623165,10,0.0
1058,-3.639165519989881,1.3772040880788334,0.016479365636118938,10,0.0
1058,-3.7507149678043805,1.3736916566327817,0.016643768556958843,6,0.0
1058,-3.6299372514542525,1.235665975171727,0.015933717721687335,12,0.002258296359307437
1058,-3.749148057132224,1.2306461315781456,0.014554205036013497,5,0.0
1059,-3.6098000136795187,-1.7138048988640295,0.01740606520074427,7,0.0
1059,-3.631417243660217,1.2361070802944132,0.016357914043276772,10,0.0
1059,-3.7525862545939344,1.227744280928955,0.016560871818302698,5,0.0
1060,-3.6346009532351866,1.3844070262799382,0.01632188664500226,10,0.005055388084673323
1060,-3.7459442816447,1.3823371638427009,0.0162441334742957,5,0.0
1061,-3.6067894057878007,-1.5771456290412702,0.016969747877741807,9,0.0
1061,-3.6294008308587227,1.2482572967160168,0.01516135597922656,10,0.0
1061,-3.7519828213356288,1.2270684387042334,0.01746610972680161,5,0.0
1062,-3.8398420081612303,-1.7640414978889873,0.01679228825990187,6,0.0
1062,-3.7576952444116074,1.37227622868619,0.015082468404741999,5,0.0
1062,-3.6173951464385734,1.245045085078198,0.016548765463680393,10,0.023931481784821428
1063,-3.8286278715327904,-1.7364485836989298,0.016875092650877357,9,0.0119871435978793
1063,-3.631691929616362,1.3874809325394775,0.016116305852227553,10,0.0
1063,-3.744388087470263,1.3796426818884635,0.016529782763506435,6,0.0
1063,-3.6288816486078654,1.2440960677528066,0.014828236809016576,9,0.005211167952907587
1063,-3.749902815405279,1.2308952576649403,0.014752392110990985,6,0.0
1064,-3.6088220188899367,-1.5613859834424881,0.014618265845120788,7,0.0
1064,-3.764191986737576,-1.6940410448865584,0.016840011065833858,7,0.0
1064,-3.74982955329579,1.2288923897150004,0.015065719386835237,5,0.0
1065,-3.7313249348961772,-1.5503375125988967,0.016414179396471888,9,0.0
1065,-3.7593281115554302,-1.6962387906688878,0.014837898993040334,7,0.0
1065,-3.6327680071826403,1.236524301530839,0.015838092697415488,10,0.0
1065,-3.747243255278308,1.2269673693822805,0.01645567918537772,5,0.0016300568763914086
1066,-3.6033734355539084,-1.567333810370774,0.01691594626215852,6,0.0
1066,-3.7778301516198693,-1.7023814041046337,0.01594701921081853,6,0.004465275615231672
1066,-3.857017724079691,-1.7764641311505143,0.015031856728106028,4,0.0
1066,-3.638925464670817,1.377111816409241,0.01525846991609209,10,0.0
1066,-3.74891548404623,1.3731923076794108,0.016448853962665565,6,0.0
1066,-3.632941941384472,1.2355910908795469,0.015244276919106998,12,0.0
1066,-3.7478408642569345,1.22871335084387,0.015833227940025743,5,0.0024160772431080146
1067,-3.6342120562811835,1.2362857651406434,0.015738905383520855,10,0.0
1067,-3.749746024977936,1.2259336126042029,0.016469196152001875,4,0.0025046740084348883
1068,-3.7497707725908427,1.2277724500994587,0.015858446248966415,5,0.0
1069,-3.7444846855676506,1.379409666420864,0.017523109073234785,5,0.0
1069,-3.7495483129589537,1.2328948828434394,0.016060804851346262,4,0.0
1070,-3.637434896537892,1.3799515679876708,0.01740853794455386,10,0.0
1070,-3.749084306123246,1.382445062186373,0.015739327188271254,5,0.0
1070,-3.628230998164282,1.2427775809105326,0.016303430828819777,9,0.0018820573200744282
1071,-3.6365724994837287,1.3777525605844128,0.01697418036703133,10,0.0
1071,-3.7447788311304975,1.3796134016773132,0.01717500185077379,7,0.0
1071,-3.7532242920509056,1.223924103730503,0.014762589026358283,5,0.0
1072,-3.835777472303471,-1.7621754513366454,0.016377169713946794,10,0.0
1072,-3.6383755321717492,1.3769050613955622,0.015658124015962033,10,0.0
1072,-3.6318115313482915,1.2361980375669768,0.015827874116830946,12,0.0
1073,-3.7635267667267045,-1.6937409986431191,0.017077760864872546,7,0.0
1073,-3.632036274603836,1.38568330645679,0.014960898337225928,10,0.0
1074,-3.761500525224742,-1.701485311762328,0.017430851122750165,8,0.0
1074,-3.6339544168955396,1.2380797032303246,0.016955594943662576,10,0.0
1074,-3.7510567636615804,1.2286484834832616,0.015790232891357222,5,0.002935040270934281
1075,-3.6316087899195266,1.387300955192898,0.01604005475339712,11,0.0037396653904733772
1075,-3.7501141036871943,1.3735788158566822,0.016246153852549378,6,0.0
1075,-3.770858341615574,1.2458821525518764,0.014853152556627811,6,0.0
1076,-3.632837738220462,1.236553384079215,0.015904845692501373,10,0.0
1076,-3.748783301152752,1.2262045046071877,0.0167717454573485,5,0.0
1077,-3.6064925578151907,-1.5708788771022422,0.015860712980415904,8,0.0
1077,-3.633119453539049,1.236670878378097,0.01617531783542277,10,0.0
1077,-3.7508685625678555,1.2271829221262298,0.015511593957616686,4,0.0
1078,-3.6350450435911865,1.3814048841130926,0.01675813022093307,10,0.0
1078,-3.744660086713218,1.381806961991152,0.016624295100404095,5,0.0
1078,-3.7532353449501747,1.2296637453950259,0.014758517964719414,5,0.0
1079,-3.634113491177454,1.3772798058474562,0.01634173934493308,10,0.0
1079,-3.6371145993424463,1.234474150643446,0.0170380985198955,13,0.005267758234197631
1079,-3.750292417137735,1.23094148800288,0.01545728888671797,5,0.0030210058143783185
1080,-3.7602503627223527,-1.70544077419481,0.014486845428622417,8,0.0
1080,-3.6313670406836014,1.3863450185241337,0.015896162461647236,10,0.0
1080,-3.7478641355115823,1.3811446549095803,0.0157487973799769,7,0.0
1080,-3.6278640948937793,1.243849119760972,0.017026766565763976,10,0.0
1081,-3.6046478688506967,-1.5700752641373452,0.01584847843050201,7,0.0
1081,-3.6313731299433445,1.3853363742905525,0.016064941791933247,10,0.0031769426369776246
1081,-3.7480098494036276,1.3769848236719076,0.017484706375843477,5,0.0
1081,-3.7496173065632736,1.226741266740974,0.015809853534364714,4,0.0
1082,-3.5895741932871963,-1.5365531253407578,0.016816378851216188,8,0.0
1082,-3.7823957789275893,-1.7044401147303465,0.01595767506994137,8,0.004472974422210307
1082,-3.860997489752928,-1.77829872156656,0.015401103625868233,4,0.0
1082,-3.6212049266836583,1.3901567065105906,0.016150099441747192,10,0.02091255415880928
1082,-3.7483193217398694,1.3823426398381258,0.017073202659482683,5,0.0011736865758932356
1082,-3.6330151378565483,1.2424104224039778,0.016851988798164276,9,0.0
1082,-3.7541826200561466,1.2299739381859571,0.014762423012066301,6,0.0
1083,-3.8402802676131516,-1.7552289465263982,0.016550946915056434,9,0.0
1083,-3.631356621891043,1.3895133098138674,0.01567511801760445,11,0.004163717201643886
1083,-3.7505256465041286,1.3716555329044737,0.017496146375890906,6,0.0
1083,-3.635076050446545,1.2327205561516543,0.016147318303349804,9,0.0041673856267485845
1084,-3.633046878969819,1.3881904980297493,0.016665402002036686,10,0.001908623257115485
1084,-3.7507224713869083,1.3811135754779937,0.016552004114297157,7,0.0
1085,-3.7596593687182094,-1.5555960605737422,0.016877630925614145,9,0.0
1085,-3.7824969230595364,-1.7066915606775577,0.015246972800718383,6,0.0
1085,-3.861383083384879,-1.7739370706618303,0.017432428984147035,4,0.0
1085,-3.600055819550663,-1.7006544217999884,0.014938981892974924,7,0.019611887681734864
1085,-3.6339563198741525,1.3828435727165629,0.014976457348035266,11,0.00513619694477561
1085,-3.754330160016776,1.3741779249324506,0.016555788308847973,6,0.0
1085,-3.7689464776058808,1.245249634261936,0.014839108681346835,5,0.0
1086,-3.760588035981923,-1.5559792690673522,0.016882302296665125,8,0.0
1086,-3.7501943245872695,1.3854556249219436,0.015844067083243586,5,0.003917509868408823
1086,-3.6372195248653676,1.2331103449387846,0.016001334166346644,10,0.0
1086,-3.752468445348676,1.227706172792267,0.01578931583651981,4,0.0
1087,-3.860997489752928,-1.77829872156656,0.015401103625868233,5,0.0
1087,-3.6331008647906273,1.3881290715532273,0.017502482062998887,11,0.0
1087,-3.754611535657773,1.3752793292197876,0.01552221175169493,6,0.0
1087,-3.634559967518083,1.2372716699174442,0.01757614753581263,9,0.0
1088,-3.6071692983975376,-1.5667964314352512,0.015853136906967217,8,0.0
1088,-3.7500078902080545,1.3818489715592939,0.016443624847475965,6,0.0
1089,-3.6378847107534895,1.2355372822045023,0.01605656690280102,10,0.0
1089,-3.750886890266053,1.2272613685911982,0.015441218843366807,4,0.0
1090,-3.608888665531825,-1.7133720621493982,0.017397299604825337,5,0.0
1090,-3.632172701116498,1.236694000715182,0.016324354593057085,10,0.002042058003068368
1090,-3.7494414115544203,1.2263313436480836,0.017107975438972717,5,0.0
1091,-3.7599208859340827,-1.703093162336037,0.015911991718550043,10,0.0044421053475172815
1091,-3.636715123611729,1.2352562533190505,0.016845090563446307,10,0.0
1091,-3.7534149034560187,1.2280153936511438,0.015793816293612185,4,0.0
1092,-3.6356933131810627,1.383957290065968,0.016625173903928765,9,0.0
1092,-3.746141514090399,1.378463864897531,0.016394926253097623,5,0.0
1092,-3.6336440645528287,1.2358296619525841,0.01502022704227972,10,0.0
1092,-3.7522137951126346,1.2277363941506794,0.016394528422689136,4,0.0032709704999229136
1093,-3.6335348916498633,1.2361513609052557,0.015840128130183855,10,0.003478919613218467
1093,-3.7509103571633005,1.2231694702505802,0.017124283213349786,4,0.0
1094,-3.6046478688506967,-1.5700752641373452,0.01584847843050201,8,0.0
1094,-3.5994289447647008,1.4022255551492362,0.016515445537184106,10,0.0
1094,-3.633027480704196,1.2356201825304638,0.015323272247495967,10,0.0
1094,-3.75047061230334,1.224920425849204,0.01749790497469289,5,0.0
1095,-3.6012461860383906,-1.5747236791156871,0.016919964655286276,8,0.0
1095,-3.6014299152369285,-1.7013117863735903,0.017356272489260038,6,0.023616095613642883
1095,-3.633704593880159,1.232689385539997,0.016122335165230844,12,0.006374225284006306
1095,-3.7491431608014745,1.2285637306871455,0.01580236263148161,5,0.0
1096,-3.606634323335092,-1.7123019691460728,0.014974242570030187,5,0.0
1096,-3.628732711118701,1.393697702608772,0.016174587830943433,10,0.0024737632249132195
1096,-3.635294794803331,1.236027804057707,0.016336036718204792,10,0.0025143347589500226
1096,-3.751695063943855,1.2264659602248642,0.01636856553671508,4,0.0
1097,-3.6281920782735884,1.3933634691110288,0.016533399221271877,10,0.008918336247589653
1097,-3.748756529374883,1.3833293396907298,0.01627846401381444,5,0.0
1097,-3.7503812893751953,1.2270238599640029,0.016843346056058178,4,0.0
1098,-3.8411310845940703,-1.7646341727794084,0.0171599901600567,10,0.0
1098,-3.751836317376335,1.3761699889434054,0.01683239651496712,4,0.0
1098,-3.635451962092907,1.236487917625073,0.014975478303412547,10,0.0
1098,-3.753893354255279,1.2299192558421637,0.015013747740414368,5,0.0
1099,-3.6092759347861207,-1.5593962247783244,0.015844675543004012,7,0.0
1099,-3.8549832718260584,-1.7755285489741852,0.01576433300370307,6,0.0
1099,-3.615327039750615,1.2491665266850789,0.016192523635678815,13,0.01800539999561116
1099,-3.75417675445025,1.2299728293610852,0.014767503457964995,4,0.0
1100,-3.7825039072024227,-1.6978723315468547,0.015619729190803198,5,0.0
1100,-3.6363533915989006,1.237091552194841,0.01602643311523713,10,0.0
1100,-3.7516844993108696,1.2264617268344773,0.016378609363016633,4,0.0
1101,-3.631804839234276,1.3874125135267583,0.015956379598087305,10,0.0019938041737925342
1101,-3.7475467384625265,1.3830283194891948,0.015519012049429282,5,0.0
1102,-3.8540621970490383,-1.7841672317151158,0.015389362826171538,6,0.012326645120129084
1102,-3.6355672641222716,1.3789636519726742,0.016708823878893032,10,0.0015277084454459466
1102,-3.753601617216166,1.374908084414132,0.015587044967682165,6,0.0
1102,-3.6295158041300546,1.2456287622627773,0.015507322414813065,12,0.01499505257444804
1103,-3.766694732143507,1.3773701045527642,0.01554739748306374,6,0.016457845538909315
1103,-3.636361396704013,1.2360456573806122,0.017430466239389212,12,0.00590316381644459
1103,-3.7493417396075075,1.23071112705113,0.015323302684956875,5,0.0
1104,-3.7620856964723903,-1.7018403609243389,0.017110163358694853,10,0.0
1104,-3.6314863999294076,1.3920735691936472,0.017246353450305126,10,0.004411717601591675
1104,-3.750033642503,1.3837511159896903,0.01597643806170282,5,0.0
1104,-3.7505661362920693,1.2270549946100098,0.015810112195207806,4,0.0
1105,-3.6030150045910805,-1.5671775284900922,0.014596658375751616,8,0.0
1105,-3.636552784329253,1.3784244717056862,0.01612236980893078,10,0.0
1105,-3.7521927375108084,1.3743932584996739,0.01602150719319649,6,0.0
1105,-3.6339357998995117,1.2359285079775575,0.017063251741776416,9,0.0
1105,-3.7448589437880297,1.226939090808834,0.017348474918132007,5,0.0
1106,-3.838393648718147,-1.7633756209423836,0.017145687234540102,10,0.0
1106,-3.6343576306844296,1.2280874371923522,0.015242383265750111,12,0.0
1107,-3.8667952779778414,-1.7900687439809815,0.016560776605821455,11,0.0
1107,-3.6328351324444137,1.236552297294867,0.01590234978643995,10,0.0
1107,-3.7475819774133163,1.2281004361322347,0.015438140957449123,5,0.0
1108,-3.5978995502673636,-1.55146593172176,0.016331770195799525,8,0.022441161745702112
1108,-3.631128883846646,1.235288309842294,0.01624306250710758,10,0.0031652165620500673
1108,-3.749788442860841,1.2258405759860938,0.016372360041420377,4,0.0
1109,-3.603256339001805,-1.5678113214179346,0.015915697076664764,8,0.0
1109,-3.8374101931968814,-1.7539179690162499,0.016413696642602515,10,0.0
1109,-3.630181901236577,1.3899281428519215,0.016605774039734476,11,0.0
1109,-3.75348089095942,1.3738729950889244,0.016468162643865462,6,0.0
1110,-3.835823566672633,-1.7621966290746613,0.016421169412425617,10,0.0
1110,-3.751650804135933,1.3740372482866612,0.01664616856566584,4,0.0
1110,-3.632702496041951,1.235509656278937,0.015023830449767807,10,0.0
1110,-3.7497413513543214,1.2268141583974834,0.016552369551943356,5,0.0
1111,-3.718979356015064,-1.5664005231506068,0.017061720996462963,11,0.0
1111,-3.8582029704742777,-1.772476326753983,0.01699091549176461,5,0.0
1111,-3.6336533375176487,1.3883085040310155,0.017124427579551068,10,0.0
1111,-3.7466105261958553,1.3826855827940714,0.015515562624171062,5,0.0
1112,-3.6316672211104164,1.3875488738283783,0.016166010915206298,10,0.0022025600279653003
1112,-3.749071000417247,1.3815031235952697,0.016441277733146485,6,0.0
1112,-3.634122870688569,1.2399255965390517,0.01625675887450496,9,0.0
1112,-3.7723081576113073,1.2382475183302053,0.014842077441706411,6,0.0
1113,-3.8387268596318256,-1.7635303077300886,0.01659323982936669,10,0.0
1113,-3.6345937735763107,1.379064681202813,0.016121893188689587,10,0.002655503347935322
1113,-3.755686760463901,1.376528630995039,0.01474790041812044,6,0.0
1114,-3.5895741932871963,-1.5365531253407578,0.016816378851216188,7,0.0
1114,-3.7593281115554302,-1.6962387906688878,0.014837898993040334,7,0.0
1114,-3.8579247095121643,-1.7768848750180473,0.015032111596004732,3,0.0
1114,-3.6298991264568516,1.3868770470332892,0.017105160356012568,10,0.0
1114,-3.7461783523219934,1.3823124179893005,0.017017730647689983,5,0.0
1114,-3.6369359157103776,1.235217460983195,0.01605530420329606,10,0.0
1114,-3.750172454996852,1.2259251188499103,0.016914174863114917,4,0.0
1115,-3.6070720139971635,-1.568940603388704,0.016948417573078342,8,0.0
1115,-3.62313107156355,1.242190154652316,0.016409753287324292,10,0.0234403034933071
1115,-3.748120492381095,1.2245108988578328,0.0170099574920113,4,0.0
1116,-3.6364444389694186,1.3813059456822174,0.017228130995779377,10,0.0
1116,-3.750521306008784,1.3716532786040294,0.017500518835126877,6,0.0
1116,-3.6323689197110274,1.2364304926494876,0.016363542116738527,9,0.0
1116,-3.7467565448912343,1.227561757973899,0.01735164404936257,5,0.0
1117,-3.838513445177633,-1.7634322567151377,0.01638920160515118,10,0.0
1117,-3.630226984791765,1.2365239049352101,0.015142808824980923,10,0.0
1117,-3.748060900103393,1.2253942993267195,0.01627613220486497,4,0.0033374444417536824
1118,-3.618575318894958,1.3936127487607124,0.0165180886049166,10,0.021426864301894787
1119,-3.6291753129671305,1.3877089805373948,0.017326653174442295,10,0.0
1120,-3.5904818197716066,-1.5369403108944144,0.01682958061839909,7,0.0
1120,-3.6138636192328573,-1.7028664400436906,0.017414560842805165,7,0.015497837044719721
1120,-3.630984792255107,1.3852202240784284,0.015703312753472757,11,0.0
1120,-3.74785406461796,1.3729273544988738,0.01559170593212147,6,0.0
1120,-3.6353948821526814,1.2367664095344308,0.016014882788640432,9,0.0
1120,-3.7465419574941645,1.2276023166262808,0.01655696557965518,5,0.0
1121,-3.599362670564406,-1.5490349519379598,0.014557606261563561,8,0.01919789633489894
1121,-3.7593125227605397,-1.696230490174592,0.01578627932339679,10,0.0
1121,-3.6098000136795187,-1.7138048988640295,0.01740606520074427,7,0.0
1121,-3.631579104318219,1.3881330365840274,0.01691255916603098,10,0.0
1121,-3.7497408957633813,1.3817505811260966,0.01669484196993805,5,0.0
1121,-3.6319150222972256,1.2409612897417182,0.01695473366880255,10,0.0
1122,-3.760588035981923,-1.5559792690673522,0.016882302296665125,10,0.0
1122,-3.6074311973250666,-1.5585998731994544,0.015834931777334735,7,0.0
1122,-3.630009393957217,1.240309548430953,0.016940794179698345,10,0.0
1122,-3.751745272931624,1.2283462193436219,0.014944013326753212,4,0.0
1123,-3.5763107769967686,-1.572091983445494,0.016840207071627866,9,0.0
1123,-3.836189259059068,-1.7623646439032095,0.016771590058028498,6,0.0
1123,-3.6328003577296757,1.3877082765022308,0.016353757559372514,10,0.003574486605972334
1123,-3.744071263574492,1.3816438175837826,0.016241553389840784,5,0.0
1124,-3.765712215250842,-1.7035172920395174,0.017094413638767875,8,0.0
1124,-3.7466681155024775,1.3806185449255453,0.016052037756825635,5,0.0
1124,-3.6358507840865104,1.2387251386539495,0.01695995053289857,10,0.0
1124,-3.7512196606249937,1.2272981128623415,0.01606343316659218,5,0.0
1125,-3.86225809999519,-1.7788804069504187,0.015775635274911784,6,0.0
1125,-3.633704834841513,1.3840098565402903,0.016381533509666014,10,0.006245609992051192
1125,-3.7453456936821,1.3821656099564479,0.015873401676986393,5,0.0
1125,-3.748476047899091,1.2282443031295818,0.016520432604869236,5,0.0
1126,-3.5904818197716066,-1.5369403108944144,0.01682958061839909,8,0.0
1126,-3.617932988931108,-1.6919373875589903,0.017430528579838515,7,0.0
1126,-3.6346440497680956,1.2342279751943863,0.014599644644824428,10,0.0
1127,-3.6336008067032295,1.3839853511317781,0.016277218882055355,10,0.006061772634668904
1127,-3.7591803559565453,1.2420531690044285,0.01717610929136776,5,0.023568320074595934
1128,-3.854095732827337,-1.7705908384147422,0.017408655961091837,5,0.0
1128,-3.630975070422591,1.3852867818921386,0.014844956589484327,10,0.0
1128,-3.7469695806546683,1.3848581165739764,0.015786609213902396,5,0.0
1128,-3.750910568341557,1.228132044722944,0.015688873829851586,4,0.0
1129,-3.7450773392834806,1.3862292445628455,0.01571991081656522,5,0.0
1129,-3.7510676643421093,1.2272483909507275,0.016204053231227245,4,0.0
1130,-3.6166467219963723,-1.6987544903663796,0.017002003781897194,7,0.008531894540065987
1130,-3.632875335115411,1.241663862656519,0.015803280911531166,10,0.011332433269249657
1130,-3.750542242098144,1.2279704007624375,0.01516701518168954,4,0.0
1131,-3.6062447541366507,-1.5663942683941585,0.015844521863956237,8,0.0
1131,-3.623999726506715,1.2430766462165894,0.01696349399945777,10,0.022470912940508687
1131,-3.7488539284470574,1.226612456556658,0.016678540409382055,5,0.004265470469333383
1132,-3.631207849135041,1.3884557655995091,0.017452110541783993,10,0.0
1132,-3.7480345742233707,1.3810301354094472,0.015869959260871654,7,0.00562377920782922
1133,-3.6974676456292968,-1.56579082699048,0.0158261917123146,10,0.0
1133,-3.761698757673414,-1.6929186116300938,0.017071662094853363,10,0.0
1133,-3.6371464233399555,1.3785941699117812,0.015745412892026387,10,0.0
1133,-3.63551188684261,1.2375952142128772,0.017582080684825804,9,0.0
1134,-3.62933492096192,1.3877391127309633,0.017444418873293337,10,0.0
1134,-3.6340090307245148,1.2409336738028565,0.01576215818594713,9,0.0
1135,-3.7496377905337397,-1.5451938688274112,0.015388159984742841,9,0.020482804721085206
1135,-3.631606397409577,1.3864361637785143,0.01524534399721581,10,0.0
1135,-3.7486796087772873,1.3817577801734764,0.016292304397991196,5,0.0056115004535549065
1135,-3.751854377724472,1.2284406235373628,0.01569571066537355,4,0.0
1136,-3.632303775607901,1.386702380368743,0.015899083594205943,10,0.0
1136,-3.748582429627521,1.3808419287167064,0.016088316468870045,7,0.004708299634420653
1136,-3.632151467687984,1.2443195831599951,0.017575270802213397,10,0.0
1137,-3.841429139578442,-1.7647709802292468,0.016573059416249317,10,0.0
1137,-3.751344290832022,1.3761981818620548,0.015319457373911338,6,0.0
1137,-3.623389538089446,1.2421853310027136,0.01601197271464661,12,0.022930348816938822
1137,-3.7496162274804927,1.227860294000651,0.01663053269229558,5,0.0012087445410815436
1138,-3.860235326337331,-1.773411393544828,0.0172009198224422,6,0.0
1138,-3.6341086234882503,1.2358755804433976,0.015845065700160685,10,0.003111908821663687
1138,-3.7530280034161363,1.2287417791309956,0.014651977445407395,4,0.0
1139,-3.633562613180769,1.3872355936300018,0.015369975925981072,10,0.0
1139,-3.7472068512039756,1.3813825534247988,0.016045685077037335,7,0.0028543691724698906
1139,-3.6320630975826322,1.2420846319039902,0.016845040855360007,10,0.0
1140,-3.7421107647813368,-1.5335806172986197,0.015347799901475565,10,0.0
1140,-3.8594138702464864,-1.7775676724963265,0.014684445658567998,5,0.0
1140,-3.6337746615423576,1.3861139270483163,0.015808050511775952,10,0.004341184180783382
1140,-3.749417857113203,1.3854181527383989,0.016362020734007447,5,0.0
1140,-3.6218756568845976,1.2442360754083592,0.01577331788366775,10,0.02387248595960913
1140,-3.748733421395425,1.2256002752194834,0.016185311713325424,4,0.0020141173007248363
1141,-3.591393479649443,-1.537329644661375,0.016838259337928162,8,0.0
1141,-3.6340686231104926,1.2369933461084126,0.01617860280135366,10,0.0
1141,-3.7476270781759635,1.2239892382854611,0.017488385249669516,5,0.0
1142,-3.6255289409289224,1.2439386078399588,0.01662142665161889,10,0.020480452954023547
1142,-3.749092970727469,1.2271242254689327,0.01593345459389495,5,0.002841874395279962
1143,-3.606485119391152,-1.5643382456430097,0.0161457976522797,7,0.0014517606562287509
1143,-3.6328925909087744,1.2433412953602374,0.015859113404202044,10,0.008466128258046223
1143,-3.746931737234286,1.2241554184290626,0.01724553287985496,4,0.0
1144,-3.6155275832844933,1.242043556381482,0.015308078146878134,10,0.026099798527815653
1144,-3.7497111012970623,1.2246997359415297,0.017307833825003182,4,0.0
1145,-3.6046478688506967,-1.5700752641373452,0.01584847843050201,8,0.0
1145,-3.6189785525939056,1.3878701029704645,0.016793576801277736,10,0.025059289730256236
1145,-3.7529141330938973,1.375510827775856,0.01470541514880835,6,0.0
1145,-3.636448297704944,1.2336616235085114,0.01601386869335526,12,0.005573028357160622
1145,-3.748440340260722,1.2282272055685115,0.016558921301551,5,0.0
1146,-3.6192908108752353,1.395160333693471,0.016226033591562043,10,0.022537829009390973
1146,-3.7502483533951736,1.3814639143784095,0.016273118410968547,7,0.004004816812429245
1147,-3.764190930106259,-1.7050503652041926,0.01647544115955815,10,0.0
1147,-3.6329117054440077,1.236723222303069,0.016221206244676337,10,0.0039698328000956455
1147,-3.752396816727934,1.227682741128301,0.015855191786451336,4,0.0
1148,-3.5969866429490054,-1.551073243843547,0.016324607288195354,8,0.022424339727619154
1148,-3.63190474469473,1.3866814217629804,0.015624632618401444,10,0.0
1149,-3.732396862353779,-1.548810220794129,0.017108135146755264,10,0.0
1149,-3.6027678098241953,-1.5712276243489238,0.015482858769150693,7,0.0
1149,-3.7607518520666896,-1.7035885663643617,0.015757469451120814,10,0.0
1149,-3.5987150879674665,-1.7000279254163617,0.017334091729278137,7,0.02358092217294211
1149,-3.6325919368355235,1.3836410410263125,0.017078816283535955,10,0.004422389379860142
1149,-3.7480615682463214,1.3852621102917106,0.01659865047039774,5,0.0
1149,-3.626546295026101,1.2472764824538798,0.015142433251578439,10,0.0
1149,-3.7510701749435427,1.2272488790032288,0.015327665793327049,4,0.0
1150,-3.745956003812279,-1.5436250621293666,0.015362542372030665,9,0.017020217866409632
1150,-3.608131891854453,-1.7044441361868783,0.014964315324789215,5,0.0
1150,-3.63740447738129,1.3769965469402785,0.0160193232041006,10,0.003838638043778926
1150,-3.6340013827308937,1.2370961607095643,0.01622217457530675,13,0.0025932338070933864
1150,-3.7504553845894284,1.231074496747639,0.01612685840543247,5,0.0
1151,-3.608888665531825,-1.7133720621493982,0.017397299604825337,7,0.0
1151,-3.631625755621641,1.3864437898679327,0.01614074287189523,10,0.0
1151,-3.750128713273452,1.3811618888501624,0.016459971528114695,7,0.0031235782138495233
1151,-3.632895184625259,1.2431870671886842,0.015720623223737462,10,0.0
1152,-3.636182484032881,1.379630475863031,0.01582726758047337,10,0.0026997940844879446
1152,-3.7529152194886626,1.3738959791658454,0.01635076845824913,6,0.0021495444797158224
1153,-3.7206763973971575,-1.567114846654289,0.01624437552933898,10,0.0
1153,-3.606545934027263,-1.5648154545701967,0.016391422126388753,6,0.0
1153,-3.747662586382982,1.385114650967425,0.01701244827000139,5,0.0
1153,-3.7534149034560187,1.2280153936511438,0.015793816293612185,4,0.0
1154,-3.63740447738129,1.3769965469402785,0.0160193232041006,10,0.003838638043778926
1154,-3.635686972807567,1.2375231797327062,0.015916234399147595,12,0.0
1154,-3.7502869596970756,1.2270128387661663,0.01623623458413482,5,0.004599389306651205
1155,-3.760591575701693,-1.696808782748806,0.015210556176415113,7,0.0
1155,-3.633718143004313,1.3790465921396886,0.015602258490558891,10,0.0
1155,-3.7459442816447,1.3823371638427009,0.0162441334742957,7,0.0
1156,-3.6092759347861207,-1.5593962247783244,0.015844675543004012,7,0.0
1156,-3.8430735236325364,-1.7655264089729616,0.01640936489448629,10,0.0
1156,-3.749584673012165,1.2257589054755662,0.016566436783899564,4,0.0
1157,-3.7587675034103274,-1.7047677902886091,0.014843383152577374,8,0.0
1157,-3.6342124324332326,1.2369749677026212,0.01610044742054191,10,0.0014072256188944524
1157,-3.752473698871221,1.2285995430540173,0.015141817183378163,5,0.0
1158,-3.8447139289089227,-1.7572549493479883,0.0164474759207027,10,0.0
1158,-3.637390774878027,1.3805663289914385,0.017300721201612117,11,0.0
1158,-3.7544313605114255,1.3752357427892434,0.015643229706249803,6,0.0007241718801308484
1158,-3.6342206565631936,1.2372658479689091,0.01637104308904259,12,0.00979343791821482
1158,-3.7493890678842012,1.2285405858570044,0.0165596686247696,5,0.0
1159,-3.761927535311035,-1.7042135717402414,0.015105023699016002,10,0.0
1159,-3.6278717112153744,1.3861055214691835,0.01611256061219096,10,0.0024648227728437883
1159,-3.749732461092502,1.382770381272,0.01686745475599913,5,0.0
1159,-3.6321380857385765,1.2371757389848965,0.015161616809069415,10,0.0
1160,-3.6298940536275603,1.3868001927369773,0.0161834337318042,10,0.0
1160,-3.7497408957633813,1.3817505811260966,0.01669484196993805,6,0.0
1160,-3.6330779581512487,1.2394117576640928,0.016227340964305274,9,0.003905823189775567
1160,-3.752752776765447,1.2197451055173385,0.016844833825011157,6,0.0
1161,-3.7248891397483845,-1.5580611758943352,0.017472934826196405,9,0.0
1161,-3.6078360637285476,-1.5630190640621393,0.014982035358066997,7,0.0
1161,-3.60616152220686,-1.7120782451105498,0.01737854270764473,7,0.0
1161,-3.6194654534577886,1.3865434286950895,0.015345107028834118,10,0.02019980446381692
1161,-3.7483800277949535,1.38124901325766,0.016207670896419953,6,0.0
1161,-3.6302659743283625,1.2405893708181415,0.014508091511271158,9,0.0
1161,-3.7462568190529724,1.239994418357446,0.01694545646934557,5,0.0
1162,-3.7215383543693115,-1.5697492537192266,0.017044468898195813,10,0.0
1162,-3.59543312855347,-1.5556170524968418,0.014553977103093262,7,0.019184980092160245
1162,-3.60616152220686,-1.7120782451105498,0.01737854270764473,5,0.0
1162,-3.751608540160432,1.3749529063469421,0.015069065854085552,7,0.0027267128960396098
1162,-3.631868742126676,1.2436885660594335,0.016919355879356855,9,0.0
1163,-3.7245768317752037,-1.5625254719175419,0.017044856504440518,10,0.0
1163,-3.5904818197716066,-1.5369403108944144,0.01682958061839909,7,0.0
1163,-3.6337428863615244,1.235429152063705,0.01571121181456083,10,0.0026816163664129446
1163,-3.7505936826172355,1.226093928183881,0.01651140912173198,4,0.0
1164,-3.593578436248819,-1.5382650284540875,0.014532910105577264,7,0.0
1164,-3.78158231992984,-1.7062810410325948,0.015244634457313229,6,0.0
1164,-3.859325776310819,-1.772992609171242,0.017198361081191722,4,0.0
1164,-3.63302917139388,1.3887509787734018,0.016496770666952355,10,0.0021599575630173815
1164,-3.7437704746155123,1.3836755670124115,0.016184095575702814,5,0.0
1164,-3.630889751919842,1.240787144025822,0.014793527026063413,10,0.012600167582381947
1164,-3.7507481170582397,1.2261558186532766,0.01636441250557258,4,0.0
1165,-3.7531863939789627,-1.565930181300322,0.01686475016193822,9,0.0
1165,-3.6671084216800343,1.3715363144248018,0.01528102030664214,11,0.0
1165,-3.7502340514264145,1.3755206176009922,0.01566987177099794,6,0.0
1165,-3.6215373819093926,1.2448162320333231,0.015942560061626632,12,0.022201143270056917
1166,-3.7587669639735033,-1.6959843655250466,0.0152079113324981,7,0.0
1166,-3.626003273219898,1.392361685466684,0.015143390096719785,9,0.0
1166,-3.6320777728051894,1.2352966834956631,0.015319534154117138,10,0.0
1166,-3.7495523951338963,1.2267520166571257,0.0158460647034067,5,0.0
1167,-3.629886872217437,1.387944423201334,0.01710032259792472,10,0.0
1167,-3.6348187373656162,1.2346124481820433,0.016841609935149254,10,0.0
1167,-3.74961862359673,1.22570316780668,0.017447545197867054,4,0.0
1168,-3.8412976431479855,-1.7647105749140883,0.016447325146095298,10,0.0
1168,-3.63039969751292,1.3859749938774406,0.015863636151262853,10,0.0
1168,-3.7459059955494287,1.386419922274291,0.014897967804585733,5,0.0
1168,-3.634392066454626,1.2360836620011633,0.017498536549460868,10,0.0
1168,-3.74961862359673,1.22570316780668,0.017447545197867054,4,0.0
1169,-3.6358509396363243,1.2338996731574388,0.01674311185548812,12,0.006509193398387087
1169,-3.7497451232891574,1.2287110238234247,0.016176144623870105,5,0.0
1170,-3.840385403373371,-1.764291588276159,0.016443011841522942,11,0.0
1170,-3.629067067144528,1.3864941853354633,0.016287618514007254,10,0.0
1170,-3.748160145662791,1.3830617719132148,0.015970779797674767,7,0.0
1171,-3.614614204638783,1.389970607927,0.01610146614650616,10,0.0249171421303571
1171,-3.7464976327439565,1.3831435753425985,0.016283136199176006,5,0.0024855930768269826
1171,-3.640141338253506,1.2363593029289839,0.016451034491627433,10,0.0
1172,-3.7624112278836392,-1.701899658168506,0.017431532518075128,8,0.0
1172,-3.627482144587435,1.394842083458876,0.015516141859317257,9,0.0
1172,-3.636110322995427,1.2369287833807205,0.015742592196841928,10,0.0
1172,-3.751133554038997,1.2281221249584215,0.014644276686286239,4,0.0
1173,-3.8414289237280865,-1.7557546311785923,0.016781818496073637,6,0.0
1173,-3.6284257971932456,1.3952045751888857,0.01552677695146464,9,0.0
1173,-3.7499249761449773,1.225110082699559,0.0171065676861572,4,0.0
1174,-3.835953217557142,-1.7622561962735337,0.01654513507433319,10,0.0
1174,-3.7478680044790087,1.3808447860791575,0.01684929608395304,7,0.0
1174,-3.6345673555529157,1.2341898968882212,0.014516896227663292,10,0.0
1175,-3.6130663902857743,-1.704424623506269,0.01700086893104049,7,0.0
1175,-3.631884905644769,1.387642226830655,0.017221811674441208,11,0.0
1175,-3.752878979859779,1.3755004565018991,0.014736507823108856,6,0.0
1175,-3.6364657227868804,1.2379213674833676,0.01758982053291007,12,0.0
1175,-3.7481565003319233,1.2303221620730729,0.016533845566094958,5,0.0
1176,-3.7222668406927077,-1.56778485532708,0.017484222919414656,12,0.0
1176,-3.760228026068933,-1.6966448481464926,0.01579111448022795,8,0.0
1176,-3.631615367144025,1.3864730919428916,0.015279531759969399,10,0.0
1176,-3.749434326645838,1.2267137161955413,0.016839179334756704,4,0.0
1177,-3.592311588747978,-1.5377251082878909,0.016838703894568575,8,0.0
1177,-3.632964014180027,1.3851360862315658,0.016152147383771832,10,0.0
1177,-3.7463586339359893,1.3886285406542809,0.015566895480667316,5,0.0
1177,-3.6350394087931033,1.2345749854373729,0.01605320169101231,10,0.0
1177,-3.749596313257169,1.22766055129873,0.01516190741595462,4,0.0
1178,-3.8389279824274056,-1.7636227114722591,0.016786264054555987,10,0.0
1178,-3.635593906774854,1.3797601850332526,0.015609849640648044,10,0.0
1178,-3.748662988181509,1.3854859220613078,0.015007050989804793,5,0.0
1178,-3.7504628973036183,1.2290094190283116,0.016364709444439615,4,0.0
1179,-3.6313649254628295,1.2353226706535128,0.015733170902861648,10,0.0
1179,-3.7514495166855766,1.2273733047189008,0.015851475966272947,4,0.0
1180,-3.837104928725181,-1.7627838138151541,0.01677830397199492,10,0.0
1180,-3.636956284365895,1.3778462379114247,0.01609484522914948,11,0.0023778230064971954
1180,-3.7488467833138235,1.3730085666379035,0.016631916596908495,6,0.0
1180,-3.6379161494075336,1.2309239935672256,0.017580278550061584,12,0.0
1180,-3.7481988946252587,1.230335198386758,0.014552366502966662,5,0.0
1181,-3.606143933004648,-1.568538674562764,0.016937170739906603,8,0.0
1181,-3.8402802676131516,-1.7552289465263982,0.016550946915056434,9,0.0
1181,-3.6382002756826566,1.379161823151134,0.016909659138058395,10,0.0
1181,-3.7782650029293263,1.3859186229207785,0.016536898456319702,5,0.0
1181,-3.6330472276143544,1.2372582492197766,0.016823034633697196,13,0.0029960920887671313
1181,-3.748855737014757,1.2285671826585327,0.015091760049097904,5,0.0
1182,-3.630231504208423,1.3869554209912123,0.016513160547661047,10,0.0
1182,-3.7493890678842012,1.2285405858570044,0.0165596686247696,5,0.0
1183,-3.6320750083369284,1.3868039986313128,0.015827920222983256,10,0.0
1183,-3.7498740265350294,1.3808067743213226,0.016464475503438852,6,0.0
1183,-3.632299359034722,1.2445660432736347,0.016165072620846998,9,0.003069602000089278
1183,-3.7476896337730095,1.239261392374416,0.016107467163891782,6,0.007717688165905319
1184,-3.6338114176160863,1.383241697872978,0.01661218149397978,10,0.0
1184,-3.7550259069174867,1.2293880131248975,0.014568928801548506,4,0.0
1185,-3.630942589532851,1.3872087848410275,0.016295249582086994,10,0.0
1185,-3.7459442816447,1.3823371638427009,0.0162441334742957,5,0.0
1185,-3.750973936190203,1.2270183958390621,0.016435529169339852,4,0.0
1186,-3.635009359557379,1.2373856508893069,0.017090249370722822,10,0.0
1187,-3.616513771204316,-1.6912719847555953,0.017008970446396897,7,0.0
1187,-3.6345137178290745,1.385521829406975,0.01476920315733804,10,0.0
1187,-3.744660086713218,1.381806961991152,0.016624295100404095,5,0.0
1187,-3.750048402945446,1.2279108240074788,0.016470214053604357,4,0.0
1188,-3.6370530015618465,1.3764038396151699,0.01525613771485882,10,0.0
1188,-3.7524937807300924,1.3745035249289403,0.015742001796958054,4,0.0
1188,-3.750426043833291,1.2288719210499461,0.015551113485926782,5,0.0
1189,-3.604292042829435,-1.5677318836975964,0.016917174062073444,7,0.0
1189,-3.778495578815332,-1.7048875525431373,0.014871030130804118,6,0.0
1189,-3.8516796499438373,-1.7774072477164706,0.015801970788062447,5,0.01335339159605711
1189,-3.632957376878055,1.2366032814730754,0.016019556988244518,10,0.0
1189,-3.7505777269405187,1.2279795057859713,0.015135460201295164,5,0.0
1190,-3.63375653240586,1.235868130699361,0.016001427390097828,10,0.0
1191,-3.6348404123553566,1.3858477851669766,0.016158708598009486,10,0.0
1191,-3.744707689098704,1.3840237704814013,0.01618463110579221,5,0.0
1191,-3.751854377724472,1.2284406235373628,0.01569571066537355,4,0.0
1192,-3.7624112278836392,-1.701899658168506,0.017431532518075128,10,0.0
1192,-3.6327480268990637,1.3890434761368422,0.017161364936820304,10,0.0
1192,-3.7481341262199215,1.3811583966569823,0.016438081148723402,5,0.0
1192,-3.6323581374244656,1.2443335570825018,0.016852337067761677,9,0.0
1192,-3.7517951534666207,1.2212774339629613,0.016527983157343933,6,0.0
1193,-3.5969866429490054,-1.551073243843547,0.016324607288195354,8,0.022424339727619154
1193,-3.854489434636778,-1.7786238334982907,0.016166287810448154,6,0.012986252715018137
1193,-3.6382002756826566,1.379161823151134,0.016909659138058395,10,0.0
1193,-3.780164348578657,1.3866156893254211,0.0165591509341776,6,0.0
1193,-3.629351112146126,1.2432965099068611,0.01585068059906341,12,0.010238683913438885
1193,-3.7487595002440246,1.2254281780319345,0.017358558138783647,5,0.0
1194,-3.7796562451809184,-1.7032050441517632,0.015951159386244036,8,0.004468611021921838
1194,-3.860470298162053,-1.7735193454868432,0.017428574183921585,4,0.0
1194,-3.632546096652648,1.3857286967890965,0.015190502476468672,10,0.014502978117841413
1194,-3.7497248006287105,1.373614196620416,0.015598935345868536,6,0.0
1194,-3.626546295026101,1.2472764824538798,0.015142433251578439,12,0.0
1194,-3.7481988946252587,1.230335198386758,0.014552366502966662,5,0.0
1195,-3.7896749302549115,-1.6966756131552272,0.017150289155009133,5,0.0
1195,-3.635859541937897,1.2334839365036567,0.016337567928860746,12,0.004500426518260114
1196,-3.7480098494036276,1.3769848236719076,0.017484706375843477,4,0.0
1196,-3.638628545246806,1.23120053033872,0.017346813017333585,10,0.0
1196,-3.7507494836218633,1.2272301044064302,0.01668504343230539,5,0.004270560257961105
1197,-3.5966436288033705,-1.553106306418888,0.01633394073890782,8,0.022823444435728445
1197,-3.633848989332742,1.3795473957719149,0.016647294955071973,10,0.003104294284262961
1197,-3.7518362881326572,1.374465150585677,0.015325326281328324,6,0.0
1197,-3.748654941886959,1.2281891716100983,0.017352019065259728,5,0.0
1198,-3.78330994307501,-1.7048507739557341,0.015959741860878313,6,0.004472901345513682
1198,-3.8553954985685053,-1.779043441154962,0.016169574703450075,5,0.012989835733257585
1198,-3.6325536860075633,1.3831575920889008,0.015829707237196337,10,0.00582000948710445
1198,-3.7472501628831427,1.3818327459189403,0.016556618833197076,5,0.0
1198,-3.7513470376558153,1.2290459080595069,0.01474579159464462,4,0.0
1199,-3.837104928725181,-1.7627838138151541,0.01677830397199492,9,0.0
1199,-3.63169747834518,1.3844505528047748,0.014756032876224673,10,0.0
1199,-3.745250203929269,1.3842230027137599,0.01659429371714385,5,0.0
1199,-3.7532353449501747,1.2296637453950259,0.014758517964719414,4,0.0
1200,-3.6354395826403048,1.2374933917763775,0.016588952046043912,10,0.0
1200,-3.7536405080165083,1.2289653670890663,0.014950823933768264,4,0.0
