frame,center_x,center_y,radius,num_points,fitting_error
0,-0.571849022318565,-0.4871805584285298,0.01593072264299441,16,0.015238287479483996
0,-0.5574521934668251,-1.5117702503071464,0.015479363824992001,11,0.01537412231276828
0,-0.622886795049152,1.499623850206097,0.016028734826783603,18,0.016945839118869398
0,-0.5855962404065429,0.4768707216410852,0.015927473005736485,14,0.016698292363417362
1,-0.5704011448398368,-0.48713025398647725,0.015925235739143097,17,0.019115741042736507
1,-0.5574638056998145,-1.502703213056318,0.015593664155164024,11,0.005142771332320774
1,-0.6240914338806369,1.4990600269407526,0.01603839484772673,17,0.018578921222445078
1,-0.5888573525787444,0.48343761314278705,0.01585442304362381,19,0.01840824888225421
2,-0.5736377879111461,-0.49274975941709087,0.01599345134118513,17,0.020374965666189713
2,-0.555868947454394,-1.5090721236888265,0.015905078256145625,12,0.015647361519448857
2,-0.6222667003213946,1.5000350562294238,0.0159674829704197,18,0.016711129808071004
2,-0.5933325578246977,0.48818927547257907,0.015893977052067805,20,0.013550689207092962
3,-0.5716590189385551,-0.48976918904305844,0.016041509865169973,17,0.021212467582467105
3,-0.5753518082937078,-1.5283448609399073,0.01594931525843437,14,0.018767791193309253
3,-0.6219598153015585,1.4989498332919817,0.01591095429413377,17,0.016981501149261093
3,-0.5865182453824841,0.4857054295817425,0.01589103585035831,19,0.01540769477266998
4,-0.574333956364993,-0.49163135681359743,0.015885368705916444,18,0.016758173107290202
4,-0.5768999540426821,-1.531396998305049,0.016069728856486564,14,0.017772624074203935
4,-0.6157389718371478,1.4919559832493428,0.015854337553085428,16,0.020729251762509653
4,-0.5853280542200164,0.48414412340198276,0.015916914013289853,20,0.015713738467524285
5,-0.5740832770658963,-0.490521326280024,0.015907997240832514,18,0.017026160464095472
5,-0.5598393999460034,-1.50917732624015,0.016171351775445455,11,0.013548533947555267
5,-0.6231376086861664,1.49845583095093,0.01597256890387102,17,0.02035480528674189
5,-0.5867714676239552,0.4850262728364438,0.015962618545617927,20,0.018558818670665243
6,-0.5734635522294015,-0.4891036910064587,0.015816360444176437,17,0.015517816988881133
6,-0.5631872079210266,-1.516294949044309,0.01627865767421502,13,0.017028730191677673
6,-0.6253696962485118,1.5003503205404507,0.01621284163082633,17,0.016469541857544557
6,-0.588438615120777,0.48548288073896045,0.015763352972029403,20,0.01648985129881899
7,-0.5759273434479723,-0.4933417477718936,0.01587072069764136,19,0.017490275268815452
7,-0.5631671307060182,-1.5080232704647283,0.016565385043304504,12,0.011824000607293087
7,-0.6241736367213491,1.5008516259571194,0.016145209303685307,16,0.0156265698809162
7,-0.5736569212421162,0.47375755663600366,0.016182343306603408,14,0.0047532813343065874
8,-0.5763372871123944,-0.4912761517391413,0.01574097485110993,18,0.019240857506807204
8,-0.5569345850341069,-1.513764133504747,0.016272245872464893,12,0.017170548044454993
8,-0.6224726495554137,1.5000073351955188,0.015936058053471678,17,0.016069051255834535
8,-0.5952985026595232,0.4832443200679344,0.01602709971821503,14,0.019307068991223954
9,-0.5791864481558991,-0.49691145578443247,0.015883036623488223,18,0.01893529147947649
9,-0.5571611124483281,-1.5083182188917528,0.016030273227645903,11,0.014551613454892963
9,-0.6244812465651276,1.496001583628051,0.016022620629609307,18,0.0194753821597974
9,-0.5936446106996586,0.4808229083397505,0.015777989613964417,15,0.020615232707870565
10,-0.5759749863978038,-0.4889908902808832,0.015893132774999364,18,0.014329494492567579
10,-0.5620079571684692,-1.5228298274572794,0.015619771106497813,12,0.015788067794257895
10,-0.6235843409157696,1.4998319746474738,0.016097083789666844,17,0.01628393481123017
10,-0.5989139680605552,0.4889839364219981,0.015937374894194608,20,0.01292376744125674
11,-0.5723788525683318,-0.4920769133704002,0.01607043903698998,18,0.022007969422616427
11,-0.5598352556393555,-1.5115447587739583,0.015789573979234802,11,0.015631522861773096
11,-0.6210599168638595,1.4953282689434333,0.01607339160439257,19,0.020958652551365052
11,-0.5950632934413839,0.4913470686705812,0.01604615123079458,19,0.012983613249156626
12,-0.5702802157593461,-0.48949897269283205,0.016035113657677028,16,0.020335284822654807
12,-0.5668402039553763,-1.526505511457281,0.015939001626147507,13,0.015178081923549065
12,-0.6191127386280519,1.4915615936730464,0.015875439339927112,19,0.022934305263692455
12,-0.5910851520821713,0.4878857070592292,0.015925105188445702,20,0.013943654990886976
13,-0.5772580699956382,-0.4921504864314918,0.015911637817941623,17,0.014574371794204408
13,-0.5607076340433704,-1.5204165273050823,0.015808490088660632,12,0.018076334662344352
13,-0.6249465734553392,1.4966893309768052,0.01598354951790853,18,0.02062054368622645
13,-0.5823475481806324,0.4830495676725422,0.015977939085445488,19,0.01276957132396833
14,-0.5702050562560242,-0.4896927064874309,0.015961100743569455,17,0.021361913429501323
14,-0.5667344875544184,-1.528907459032939,0.015973765955651507,12,0.004888676302676576
14,-0.6218351181000239,1.496995648414117,0.015951470723518612,18,0.01744341278387936
14,-0.5849300520573775,0.4833891806393403,0.016011191807790592,19,0.01551920313985399
15,-0.5715885543833549,-0.4894088298797938,0.016066440445341078,17,0.021923839670475877
15,-0.5554956799980504,-1.5007497971919845,0.015852021285137272,10,0.003572859019411664
15,-0.6270164756089003,1.4989475265718744,0.015955030234707106,18,0.015002582453236464
15,-0.5865939754901909,0.4850008150402157,0.01591046075696173,20,0.01633939517350664
16,-0.5724005225430753,-0.4905212110352303,0.015962232343831654,17,0.021261399353472085
16,-0.5607076340433704,-1.5204165273050823,0.015808490088660632,12,0.018076334662344352
16,-0.6250579499192721,1.4979274989540228,0.01613666955425842,19,0.01792282492415968
16,-0.5897245928243005,0.4855875275821711,0.015947391583451438,19,0.015320714468595235
17,-0.570476098066473,-0.4852649933879798,0.016134934971198608,17,0.01736799217737342
17,-0.5574521934668251,-1.5117702503071464,0.015479363824992001,12,0.01537412231276828
17,-0.6229384580403797,1.499300851353,0.015998446231284942,18,0.018342639822766415
17,-0.5864616328872775,0.48489876860452014,0.01578546842023711,19,0.014789160589378826
18,-0.5669813857054775,-0.4870498428004818,0.015979893469594525,16,0.020100189340051908
18,-0.5568599368716437,-1.504436610260976,0.0159208047832046,10,0.0035872510390940913
18,-0.620541656051378,1.4995657688596922,0.015918240925580373,16,0.01842412526859356
18,-0.5844372299938516,0.4904064737324012,0.0159614734201645,24,0.011186462543229053
19,-0.5733776546085164,-0.49219316407526836,0.015932709980624116,19,0.019164208962332074
19,-0.5697722801443624,-1.5206839156773984,0.016102995486776545,12,0.018030983275774685
19,-0.6227052534524486,1.4983096844636914,0.016007367597642902,15,0.018018738147636288
19,-0.5881134604487936,0.4866228684373806,0.015801881205888293,19,0.013381748569073206
20,-0.5704408000017843,-0.4908122869426455,0.015842031286125415,16,0.022043115868512313
20,-0.5692398788536489,-1.513033848751119,0.015713659354078285,10,0.004064145839469029
20,-0.6212758270164803,1.4962503439741195,0.016046825978645374,18,0.019165253046909733
20,-0.5866060558036381,0.48463661738456665,0.01591354693101859,20,0.017249097321669512
21,-0.570580902360858,-0.4920402978229372,0.01614315722818396,16,0.022867211349276054
21,-0.6205101669042739,1.4983442550291606,0.01602933064325836,18,0.018770974505079502
21,-0.5845125481643733,0.4843848854688992,0.016018919935620837,18,0.013401109543248716
22,-0.5728028365702525,-0.49003018767655976,0.015911302517490726,17,0.02150064714043847
22,-0.5571561702089772,-1.5052331454317358,0.015200482653607095,11,0.003573212106290214
22,-0.6212630172326302,1.4982350766144612,0.01591462990240645,18,0.017767560895494697
22,-0.5865925913780091,0.4858885040027364,0.01589937060203407,19,0.01694690921402339
23,-0.5718751369355448,-0.48770895523289653,0.01569006232589977,17,0.01755393272726549
23,-0.5695622510845352,-1.5223226778058783,0.016333190776124613,14,0.020545514850998675
23,-0.6209554115123663,1.497298932970394,0.01607402476480535,18,0.020499275428831898
23,-0.5900876103995568,0.48577025740719254,0.015873478626526136,21,0.0200748555428532
24,-0.570986496333047,-0.4899313149890016,0.01595184768271578,17,0.021610184124873297
24,-0.5592688410697304,-1.5194969793315793,0.015628149703412003,12,0.016596870679924308
24,-0.6231928268050867,1.4988672529506115,0.01586357257727002,17,0.017293625101587697
24,-0.5879539303096434,0.48647024314685644,0.01594528496167516,19,0.01514357497073496
25,-0.5718974093937782,-0.48942863571594997,0.015893488369724124,17,0.01740202927232532
25,-0.5593174583876809,-1.5173293299153905,0.01579975145626948,12,0.018145414662451752
25,-0.6232383326796315,1.49825023006098,0.016015044392323464,18,0.017568453975353678
25,-0.5899180133595353,0.4871907028066061,0.016000086552917393,21,0.01727778588570958
26,-0.5716832664446498,-0.4896271192209922,0.015994061265287778,18,0.017674956271588146
26,-0.5620693218985566,-1.5220928557245523,0.016037796875018613,12,0.017900164314588105
26,-0.6209804036610196,1.4997119434205317,0.015924278676548026,15,0.020024405151370512
26,-0.5877359682586689,0.4881650881327112,0.01578075319068652,19,0.013815359981962259
27,-0.5754068967823374,-0.4940721445874207,0.015881325776412193,18,0.01945877767602782
27,-0.5570866189459152,-1.5091840669822272,0.01630612020955646,11,0.016747243263377305
27,-0.6255564193641971,1.5009114145750577,0.01597719815658855,18,0.016403322557434617
27,-0.5869297231981636,0.48665601733252356,0.01586570764194842,20,0.011815231376369133
28,-0.572303677984674,-0.48970541681695917,0.01595639816027269,17,0.020811838254662058
28,-0.5565167351576259,-1.5035084571328092,0.01590988978894689,11,0.0035843904247888562
28,-0.6254742653199268,1.4991483847339337,0.016092745783598955,17,0.013862784748586198
28,-0.588960895181742,0.48880466505439374,0.015889681501114306,19,0.012472111413825048
29,-0.5708236617869413,-0.4920201693466334,0.016039372935260785,17,0.02117749949445447
29,-0.5642637457064976,-1.5133367904116652,0.016145367335352354,12,0.015251702030439757
29,-0.6253774911613444,1.5006763943712078,0.016111097553676356,16,0.015928100504266744
29,-0.5868796659864364,0.4872673473350629,0.016063033949522545,21,0.013203569618914888
30,-0.5724271421206376,-0.490237027688949,0.0159628572377532,17,0.01764410224640451
30,-0.55936642622682,-1.5225953940968033,0.015591467279067739,12,0.017729272426947204
30,-0.6229983379130817,1.498588621767301,0.015901700873060257,17,0.017885970342248984
30,-0.5896204214057825,0.4860082043260205,0.015996840790505708,21,0.017399795722711973
31,-0.572150141814922,-0.4907818329757075,0.015845931724400967,17,0.017577162893092007
31,-0.5624416771519126,-1.5166758843316774,0.015796081328253588,13,0.01668362640209869
31,-0.6239681627500733,1.5003578685248244,0.0159394335126926,19,0.017204775170800983
31,-0.5869224757988648,0.4860072941981169,0.015889823980750138,19,0.01371011705076537
32,-0.5716629577282125,-0.4892776689631631,0.01580328168702422,17,0.017543080392874135
32,-0.5583787567843267,-1.5139302086215125,0.015913143334670424,12,0.017607943034408345
32,-0.6222405313152114,1.4998812514457467,0.015775666089413977,16,0.014938504438280532
32,-0.5853416284425385,0.4867918852314353,0.01590145544738467,19,0.013689635890615871
33,-0.5714158134791244,-0.4887833839260243,0.015887126850366678,18,0.018096799240423858
33,-0.5565167351576259,-1.5035084571328092,0.01590988978894689,11,0.0035843904247888562
33,-0.622977491607334,1.4998428272427982,0.015970697486401952,18,0.01959975202313356
33,-0.586494948850709,0.48735162534988974,0.01596663937827633,21,0.012188309341939289
34,-0.5753517956620722,-0.49203634300408294,0.015884580924412146,18,0.017210235167140955
34,-0.5585267236710847,-1.5112544583061542,0.016051797398245696,12,0.016791576707164357
34,-0.6208254367471119,1.4991140033300154,0.01598221972765872,16,0.018052126380976453
34,-0.5895644712576773,0.48601986649392503,0.016005615461004038,21,0.017077307919363398
35,-0.5757511801474658,-0.4912792246480519,0.015834321497824783,18,0.018097069391219835
35,-0.569156080768231,-1.5228204174081281,0.016095168209244202,14,0.019085927487188944
35,-0.6226293823299941,1.4981646790072705,0.01594173508499718,17,0.01738519194548242
35,-0.5863389238214111,0.48474365232639355,0.015908186448303156,19,0.01575232006553915
36,-0.5741024316363552,-0.49062445405361094,0.015884444667198627,18,0.01570419030176322
36,-0.5641753980662253,-1.5282246217435875,0.016062727869969914,13,0.01604289737452093
36,-0.6222149517067772,1.4975394862496407,0.015810639862087517,16,0.01660720868297113
36,-0.5882216357941684,0.4849474311584477,0.015983035732711603,20,0.019999227286110775
37,-0.5715132808967202,-0.4897007609732304,0.015753862672298204,18,0.01983497010972115
37,-0.5620079571684692,-1.5228298274572794,0.015619771106497813,12,0.015788067794257895
37,-0.622905145296515,1.4972004661815788,0.01578999494631146,18,0.016162554801477515
37,-0.5857986468850803,0.48621701336517514,0.015966230717534544,19,0.02083737088374877
38,-0.5794384534496184,-0.49615078131002827,0.01600686564704672,16,0.013815954763099698
38,-0.6220791522680161,1.4983589217145712,0.016345581652628092,18,0.02080146901778749
38,-0.5856810213725692,0.485351732664995,0.015995333327724393,20,0.012863406410534406
39,-0.5728202640289065,-0.49199567384529075,0.016254118284666934,16,0.022813490146372073
39,-0.5574297017477375,-1.524168575457838,0.015637163242631393,12,0.01720998893721458
39,-0.6199498966858603,1.4949143888431635,0.01576161708717184,19,0.021738750617868632
39,-0.5852746400490942,0.4864507186929558,0.015918132934888418,19,0.012696304753835545
40,-0.5723804989403163,-0.492395498812144,0.016212654026566947,17,0.02253777723932506
40,-0.5699358214930546,-1.5217719104892804,0.0161053565592731,14,0.019363459553016632
40,-0.6169554940454323,1.4973161791537009,0.016104589630233205,17,0.019860401498285333
40,-0.5875566192476933,0.4856250888851952,0.01582351311853581,19,0.01393751821093749
41,-0.5732862773117384,-0.4894360584940448,0.015924030809764466,18,0.017572325383778477
41,-0.5697759173163299,-1.523059794379095,0.016101874317797117,13,0.018515654609276667
41,-0.6256260488128281,1.4993220566737746,0.01598264477814491,17,0.016046406019706576
41,-0.5891040652291855,0.48542093105622847,0.0159008824038407,20,0.018638226903860508
42,-0.5729677835585649,-0.489185741620734,0.015984467462160177,17,0.018416138112520627
42,-0.5567657715277109,-1.5099071755169302,0.015441847639499337,11,0.015329283028294881
42,-0.6209250207485982,1.5007062751506053,0.016075056860565255,16,0.016607493345272246
42,-0.5848596510174359,0.4854161320034217,0.01593344028117028,19,0.017967614090540648
43,-0.5707546814504626,-0.48822431522119764,0.015782134929604966,17,0.01893061371488303
43,-0.6234672718352124,1.501173960651485,0.016209532670509143,17,0.016625115759160022
43,-0.5887682728501806,0.48645096271426436,0.01590388493387392,21,0.01725149872994738
44,-0.5718739972398356,-0.48955420800554844,0.015931301889472945,17,0.021909773762566583
44,-0.6231967167526017,1.4998292880359534,0.016007265242053075,17,0.015855828244704485
44,-0.5857461840647812,0.48427010359808315,0.015937184437742044,19,0.016614665261388155
45,-0.5707456236492701,-0.487675310173663,0.015846866937885146,17,0.02036069687055389
45,-0.5660504917004135,-1.5121437473430221,0.016027948867611705,11,0.012197792200583318
45,-0.6242470037602772,1.4963938755474404,0.015921582794967908,18,0.02195727012434886
45,-0.5873998672862755,0.48584876304847785,0.015915422843436583,19,0.014333367213880696
46,-0.576031771692831,-0.49621137071649885,0.015959012126751028,16,0.01790112770204543
46,-0.5589540928013483,-1.518869597029448,0.01585412763388847,12,0.01821283875849097
46,-0.6215680548266792,1.4975197640383675,0.015791758380145453,17,0.01674459744227142
46,-0.5907237688955412,0.4864156968173267,0.015916260482686302,20,0.01813852010196234
47,-0.5719315621986814,-0.4901778135678978,0.016047261665378447,17,0.02125834906074757
47,-0.5652752293118422,-1.5179723721473501,0.01624350296446279,13,0.014729909230395495
47,-0.6181902776202246,1.4926098405296098,0.016006233941738855,17,0.02018254230765806
47,-0.5869954252352398,0.48368688324143067,0.01597129398648822,20,0.018612958614674085
48,-0.5722678152907533,-0.489324150975846,0.01585575224672096,17,0.018698959237805044
48,-0.5634548924140621,-1.5191054088382463,0.016032593777326822,13,0.01691852997444767
48,-0.6238978698691101,1.4977766910411643,0.016093405934177272,19,0.018098383845395763
48,-0.5863912992595548,0.48502240934281415,0.01595394322967405,21,0.013808211091639164
49,-0.5714606304778723,-0.4902028076338947,0.0159716629421211,17,0.02058400706459553
49,-0.5746325123439799,-1.5261751979315563,0.015541737074969942,11,0.012886759835826274
49,-0.6242562667663026,1.5003446062200516,0.01618555483434933,17,0.01591551370340754
49,-0.5875465248261533,0.48535031105395043,0.015947960756319057,20,0.016544656999300633
50,-0.5728792760266788,-0.4925073796850754,0.015892247284082624,18,0.020737605975462956
50,-0.5634953807912408,-1.5133845046245185,0.016127949699415344,13,0.014626531375754351
50,-0.6202614168003601,1.49656070972832,0.015864740171546928,18,0.021059759407843735
50,-0.5878438246065057,0.4835596377479194,0.01596435050704543,19,0.01862355761804267
51,-0.5760289997178525,-0.49620990084979294,0.016046086642211386,15,0.017298566527154967
51,-0.5755724518963535,-1.524717475497004,0.01609632246931773,15,0.018234156693603797
51,-0.6195220944910547,1.4963537101517161,0.01589102087378006,17,0.020725365113812316
51,-0.5868405287620038,0.48470927928217716,0.015868666709621816,20,0.015815091224484563
52,-0.5707273233323061,-0.4912698560945601,0.015994197612606165,16,0.022503744766686942
52,-0.56393232550181,-1.5117648330914466,0.015691767578135996,12,0.012748562533996715
52,-0.6252048904407549,1.4964389309619668,0.015830281260229073,18,0.018350324450518877
52,-0.5863218014616524,0.4857463022049064,0.01600299892576788,19,0.020045477048965483
53,-0.5709892755027921,-0.49009301164838376,0.01592127905024248,17,0.019656854034719146
53,-0.5749929281814441,-1.5262431383416957,0.015792630908140298,13,0.016714056458253797
53,-0.6216503163143692,1.4997274073512221,0.01599441525417481,17,0.01765056612828596
53,-0.583761392045762,0.4858488967743328,0.015889355666686915,18,0.013462583417473509
54,-0.5685907360201092,-0.4875204160563714,0.016008694699989855,17,0.02162930394732937
54,-0.5534894110089704,-1.504287708373527,0.01543678995999682,11,0.0
54,-0.6245391575632009,1.4978894888750625,0.016010918127559573,19,0.017196125181722765
54,-0.5842416707545321,0.48561732719038475,0.015927525135081073,19,0.013517402683781495
55,-0.571806554550961,-0.4907860039126528,0.015964672980904104,17,0.02154527686410339
55,-0.5682902382184233,-1.5097720788038913,0.01578284851349057,10,0.0041516283718457
55,-0.6206231460515222,1.4986115636279491,0.01600248544958571,17,0.018270320531142623
55,-0.5828211563276358,0.4865997694941538,0.015972207717767115,19,0.0110166546345761
56,-0.5760392375064177,-0.49372750222168016,0.015873361481126173,18,0.015377449486466977
56,-0.5531464168681913,-1.5033506530561371,0.015434718308637881,10,0.0
56,-0.6212691574423788,1.4961316501307502,0.01603727158581991,16,0.022354954874083028
56,-0.5879692978347436,0.48636852590679147,0.015813316073404672,20,0.014075108757467184
57,-0.5677868695448305,-0.48754168509927337,0.01592658078362597,15,0.021623122880992496
57,-0.5622694991996154,-1.5160235642111901,0.015733905220561614,13,0.017327940206444514
57,-0.6212283238778381,1.49834867687497,0.016149721768722553,17,0.01851523217755934
57,-0.5850162967223623,0.4844725470202182,0.015904329080553163,18,0.013523141778631578
58,-0.5702554514971301,-0.4876005854062358,0.015815820142499742,17,0.018760199408905297
58,-0.5656709480079417,-1.5266304893026734,0.015938306391046486,12,0.012286235990520871
58,-0.62261700899179,1.4959468462974828,0.015971958554671716,19,0.017689448814832132
58,-0.5891902882330868,0.4859208970714248,0.015823802860772816,21,0.01651118810617513
59,-0.5750813347066918,-0.49009035443486476,0.01597779469431903,18,0.013963921148641941
59,-0.5568147055442799,-1.5043085702294305,0.01518590674078787,11,0.00357616545021681
59,-0.6198602021593215,1.4974466473800294,0.015838569307011004,16,0.01603559073947928
59,-0.5862527710617574,0.48764777631696865,0.01582161230092948,18,0.021325817436249377
60,-0.5777159749002819,-0.4928117800122303,0.01594130708151518,19,0.014246875179489757
60,-0.5681951099932967,-1.5102593782204607,0.015674924714531965,10,0.004050627135646935
60,-0.625166771156265,1.5019683053492412,0.01610342559570793,16,0.013232498320466551
60,-0.5862120489537859,0.4885000812873915,0.015855609494973066,18,0.010369007753403913
61,-0.5761705160609973,-0.4948906337018266,0.01602544597236311,16,0.01899878534459703
61,-0.5570822754202279,-1.52321999445308,0.015625132272043842,12,0.017192098748199557
61,-0.6192801355031617,1.4968868938959248,0.01585756663801568,16,0.019648435002574408
61,-0.5860728541978976,0.48533234588055923,0.01583534817865189,19,0.015635164739453526
62,-0.573905637376671,-0.49031634717211303,0.015931478564718243,17,0.020729008623773467
62,-0.5717261884935414,-1.5211120918125112,0.0160659258314414,12,0.01888778755997779
62,-0.6226885953493864,1.4983642134136481,0.015878297639132385,17,0.01787508166257182
62,-0.5857827686900541,0.4869770306949829,0.015877039700890543,20,0.0115010852247001
63,-0.5704887644663824,-0.48815055340043295,0.01590823881588096,17,0.021569944189401266
63,-0.5658676713585458,-1.517716648182629,0.016184816954732808,13,0.013987015172106876
63,-0.6228091072705094,1.4980243430361568,0.01600139925413532,19,0.018350606729790362
63,-0.5865408300278496,0.4850919514231118,0.01594904758014904,18,0.017522976953843184
64,-0.5717322735129713,-0.4873567568974441,0.015717029529038612,18,0.017484110689345654
64,-0.5603720529881298,-1.532151861650069,0.015730695009708168,11,0.0
64,-0.621844637648234,1.4983794008424534,0.016008732026868196,18,0.020982155475216507
64,-0.5894406066692469,0.486021949046861,0.015855688790899082,21,0.015381533033853062
65,-0.5773724054822812,-0.49555701148792647,0.015881023547994335,17,0.01679115470119537
65,-0.5672225106777411,-1.5257832209412427,0.016263224329592447,14,0.015263374867665071
65,-0.6221924974621111,1.4984709686958366,0.01598114073959681,17,0.022291485358069442
65,-0.5891649398138292,0.4870992437520437,0.015992244773996613,21,0.019410941010433065
66,-0.5770358496626713,-0.4963917637864721,0.015823191785529486,17,0.016448570080260873
66,-0.555497798452489,-1.5098246820057541,0.01588278251600684,11,0.015231846757518335
66,-0.6190373466653457,1.4966925042168344,0.016006507856616385,18,0.022447344508064782
66,-0.583123560937871,0.48290149393280435,0.015941935384577402,18,0.01357372124381229
67,-0.5738850377559653,-0.49484946371096616,0.015981323906337615,18,0.02124266097415332
67,-0.5644268860815841,-1.5153609639680508,0.015890565451473455,12,0.015151491619829201
67,-0.6221957868301734,1.4978051399870527,0.01597850751726011,18,0.019172134628774127
67,-0.5874510343625491,0.48398110200599054,0.01595826336504482,20,0.014949525351069106
68,-0.5728444359637745,-0.4913933417263465,0.016032304808214375,18,0.019833309736659657
68,-0.5753447989116146,-1.5271779667704843,0.015798633301893614,13,0.016724931748469903
68,-0.6217264874511355,1.4965402701009654,0.015987683030696028,17,0.017394202500827002
68,-0.5865836379152315,0.48591319830892377,0.01595579880798897,19,0.012151859241773155
69,-0.5751408278414142,-0.49216013530251196,0.01587879763460029,19,0.015806462584772047
69,-0.5591114148437827,-1.5080131454476573,0.016012339967284912,11,0.013763744218968532
69,-0.6174694659849995,1.4927807432111542,0.015714421370038353,17,0.01975221190931306
69,-0.5852087354617989,0.4833758117698278,0.015941549010191607,20,0.01630310734400667
70,-0.5710871383792988,-0.48874839594928676,0.01605408108618207,17,0.018840444009799857
70,-0.562567557058291,-1.5140121287093724,0.015654013056074254,13,0.015653609691028022
70,-0.622021103464076,1.496426933561763,0.01596065908035842,17,0.018797449657564153
70,-0.5832857856930583,0.48321573292478864,0.015956518608007966,19,0.014320885251308871
71,-0.5723236796517693,-0.4899006269948349,0.015769912917882777,17,0.018631654681458946
71,-0.56565695736476,-1.5219778486149675,0.015792750324475423,14,0.014984670100888702
71,-0.6223987157756695,1.4992909764808677,0.016069286186416575,17,0.01669458290063677
71,-0.5889469987991546,0.48617519219595107,0.015864481333731938,21,0.016898536514159724
72,-0.574303430699068,-0.4907350543447012,0.015689576828564235,18,0.0176287896142321
72,-0.5619891896412859,-1.508540638414427,0.01577405690266391,11,0.005031234524639188
72,-0.6240108898767309,1.497053044053222,0.0161236886709044,17,0.01811080118685981
72,-0.5854028295023221,0.48384618919883426,0.015930353821954422,20,0.017613153858970883
73,-0.5742634352884379,-0.49318905712249705,0.015915685120438033,18,0.019664277143653115
73,-0.625368528822542,1.4993294887442614,0.01622803561587051,17,0.01703393647520415
73,-0.5877918113507161,0.4841898276237917,0.015913381123691835,20,0.015461894871243324
74,-0.5723994936506003,-0.48935944596036335,0.015837365874701186,17,0.01974294623747634
74,-0.5625394470909685,-1.5257080174606517,0.01573505521085473,12,0.011218842324007064
74,-0.6206703961964526,1.491441458088284,0.01587960888212217,18,0.025901198675101704
74,-0.5876144213334653,0.4850336619405461,0.01589605667576606,20,0.01738764731847652
75,-0.5724550344476063,-0.4925446378555244,0.016110208325907358,17,0.02169172761148118
75,-0.5616576171838207,-1.5178617191423844,0.015984080690579692,12,0.016024532030611115
75,-0.6233914924105999,1.4993802943357903,0.016132602891881623,18,0.018873057300706063
75,-0.5882662533402255,0.48410594696479264,0.016008531205812464,20,0.016620420890594945
76,-0.5725507109963418,-0.49317717055642685,0.01584385658997339,16,0.022330022155772296
76,-0.5653070024168952,-1.5161287855227144,0.016177442065968866,12,0.015276873252609444
76,-0.6233862009075657,1.4999729875071472,0.016134281826361025,17,0.01571160750503343
76,-0.5830116967076177,0.4848505443415408,0.015902095647117847,20,0.014430140392970442
77,-0.5700776023559005,-0.48856481742347474,0.016074752525462265,16,0.019486121854597707
77,-0.5712465059641586,-1.5220438272087635,0.01619037656670619,13,0.017933504150443813
77,-0.6155866089015669,1.4976834754145427,0.01590857115434958,16,0.021452302152216884
77,-0.5832892135187223,0.48322473575664654,0.01590638715464602,19,0.019458379335807078
78,-0.5714940705106532,-0.4884836251541789,0.01581524040181163,17,0.01775871633031147
78,-0.5571561702089772,-1.5052331454317358,0.015200482653607095,11,0.003573212106290214
78,-0.6211182807368819,1.4981764147467584,0.015955580939284536,18,0.018738404161231993
78,-0.5843213584761314,0.48281989925662416,0.015976625443290097,19,0.013909359498269597
79,-0.5740138435582045,-0.48675324094112515,0.015827041845030046,17,0.013137233037235761
79,-0.555497798452489,-1.5098246820057541,0.01588278251600684,11,0.015231846757518335
79,-0.6252156315707867,1.4978682196253479,0.016009098934683275,19,0.016364844951166007
79,-0.5896627462215263,0.4851400673152334,0.01601699581011726,21,0.018914933167259482
80,-0.5759639367598341,-0.4938332634719269,0.015804798391642363,19,0.01603767077500326
80,-0.5571006271444372,-1.5186855314547265,0.015580228395415487,12,0.018152477652084855
80,-0.6224899376309099,1.5008680632674352,0.016198122032332903,17,0.015377318934400195
80,-0.5876019644518087,0.486507119014224,0.01601515175593784,19,0.021439501393753547
81,-0.5725093064696681,-0.49027022392199243,0.015914770102065445,17,0.017531044896485475
81,-0.5678737630956613,-1.5253334340292797,0.01601971771063633,13,0.0185109860647775
81,-0.6214258047947819,1.497377986808301,0.016013188435111448,17,0.01901876229168913
81,-0.584728484351109,0.4858017516995012,0.01602272540266087,19,0.02048280217399389
82,-0.5741839642112169,-0.4899549513705174,0.01590229215204932,17,0.015062465722930957
82,-0.5615122644626076,-1.5213612772120189,0.015743996360300574,12,0.01740862720253523
82,-0.6208027410506609,1.4994406585974238,0.015907476979126263,17,0.019612026236774098
82,-0.584177498852422,0.4837206234097221,0.01601941624856219,19,0.016403393049599174
83,-0.5711968296382358,-0.48886465606148005,0.015909494485098978,17,0.01731608898654985
83,-0.5607470810083837,-1.5026095729250244,0.01614948123458397,10,0.00512689063804342
83,-0.6200130022214085,1.493827989632836,0.016033043411077086,17,0.02278760484298482
83,-0.5853913627696884,0.4842105175718539,0.015815605121918423,20,0.01423422605961288
84,-0.5767942248751535,-0.4966751132869478,0.01591657803490281,18,0.018922523792391326
84,-0.572334400870358,-1.5207224442825413,0.016070274992326813,13,0.019286070462150095
84,-0.6191004713904893,1.4986665632104195,0.016013352921319637,16,0.019832738407838946
84,-0.587266257254675,0.484263734117753,0.015804366171607902,20,0.015811889871386337
85,-0.5765529490106991,-0.49658124738585785,0.016031876900495966,18,0.018812405125154846
85,-0.5663068817469507,-1.5222924009934804,0.016064427219492364,14,0.013312150080782825
85,-0.6137256324893209,1.4936162100637844,0.015942054248603774,18,0.02177892373055414
85,-0.590907046442162,0.4854690573846443,0.015933587825947775,21,0.019871849313162535
86,-0.5720736118523203,-0.4919276408906104,0.016007320824614236,16,0.02197317879473692
86,-0.5662148924167328,-1.516885763007743,0.01605106014831162,12,0.013244678221413071
86,-0.6217069750471237,1.4973186887241818,0.016107458636146182,16,0.020858176031467647
86,-0.5881305109479281,0.4862551499023026,0.015913377382189314,20,0.019342195517009563
87,-0.5704744071136585,-0.4879204647514626,0.01577906248218222,17,0.018416102544508626
87,-0.5636084956762715,-1.5272177486687626,0.015586897036631783,10,0.003050489577146368
87,-0.6213381189558778,1.4976571467956925,0.015928243766641724,17,0.019661633980180265
87,-0.5893795113526722,0.48782268790952243,0.01588949395949973,20,0.019364988415821897
88,-0.5707009445826516,-0.49002467022410007,0.015960844003545093,16,0.021894831492122797
88,-0.5631080923862789,-1.5181718975941438,0.01602134274694644,13,0.01690636951128021
88,-0.623394968855661,1.4990704462436686,0.01586962788720952,17,0.01709030475944866
88,-0.5880849333660589,0.4870053980933257,0.0158505589787531,19,0.021692337903968722
89,-0.5693773583849074,-0.48776708197878377,0.01594410948612165,16,0.01965463368078181
89,-0.5640801143993633,-1.514430380018749,0.01587810601412313,12,0.015137976343208338
89,-0.6208636113834981,1.4959322214628858,0.015863685895559077,18,0.019241581553320654
89,-0.5901239539447451,0.4878864639493804,0.01590316628582516,20,0.020747200838302095
90,-0.5804263006813896,-0.49838943764214405,0.01595961770607546,17,0.01207100948744515
90,-0.624212158932416,1.4961019929615988,0.015927670352096107,18,0.01860341643305298
90,-0.5834534530922718,0.4838351058753196,0.015927457030495463,19,0.011894688941739338
91,-0.5740084759713369,-0.49186638142414596,0.015902196884930584,18,0.017013266371492954
91,-0.5587111561611763,-1.5049503553063164,0.01538069395282873,10,0.0025137858199722266
91,-0.6250409523766294,1.5000185984362613,0.016060774164550564,19,0.018428088681410926
91,-0.5843611229236432,0.4857837478328421,0.01598222499788229,19,0.014741725352551919
92,-0.5654267536530447,-0.4853928214078614,0.016158879606680797,16,0.019080902495136835
92,-0.5531464168681913,-1.5033506530561371,0.015434718308637881,11,0.0
92,-0.6239903746141606,1.4994543427863383,0.01602304424106406,16,0.017758940083406956
92,-0.5857307430270413,0.485688334314985,0.015982838030892302,19,0.019115132001708786
93,-0.5740147731372958,-0.4965962768872013,0.016057735172719467,17,0.020640906285799884
93,-0.5657349094677702,-1.5115408329138278,0.015663146185969565,11,0.010473253615280497
93,-0.6219339088708086,1.4975270605519582,0.01605316872555533,17,0.0178415964102469
93,-0.5879595684458799,0.4849187750555875,0.015907043844119697,21,0.016788707643629337
94,-0.572984755431579,-0.4905890542708096,0.015879246934386755,17,0.019168814136966635
94,-0.5592488938581147,-1.5113451517697976,0.016071572754221393,12,0.01543277417903017
94,-0.6231526831988249,1.4984001835513752,0.01598103046506592,16,0.019009822841260113
94,-0.5842958682038795,0.486902779095845,0.015867880905685406,18,0.01075999417190397
95,-0.5728666778385189,-0.49073188558478326,0.015819154306349892,17,0.018083834770601638
95,-0.5770820621482966,-1.5290273014598967,0.015965728709490735,14,0.016551129933401573
95,-0.621461034661152,1.4971489792185124,0.015965823680314423,18,0.020841504061919543
95,-0.5863280287266178,0.4879458179015817,0.015889460471428602,19,0.00997783099504216
96,-0.5704402480240908,-0.4881783572977144,0.01595795931162757,16,0.021406658377844605
96,-0.5692398788536489,-1.513033848751119,0.015713659354078285,10,0.004064145839469029
96,-0.6203122703499506,1.4966701035306331,0.016293225350792778,17,0.019947042800035165
96,-0.5871953264585835,0.48686549916458655,0.015859423831732347,19,0.019725973960885587
97,-0.5716260389220515,-0.48961567643096315,0.015855913329571224,17,0.01733117287439026
97,-0.5709331135586793,-1.523515613433952,0.01612150611615807,14,0.01854739611330195
97,-0.6257849078054314,1.4965926513675443,0.01586079397475518,18,0.019252964182582936
97,-0.5831233166956279,0.48338451036997987,0.015934367715749832,19,0.01217761549564734
98,-0.5708745885704171,-0.49049351255034246,0.015897832717937276,16,0.022342054096618984
98,-0.5571561702089772,-1.5052331454317358,0.015200482653607095,11,0.003573212106290214
98,-0.6251704576184871,1.4967896987192724,0.01597823238937285,17,0.017334211216960195
98,-0.5859321491404033,0.4850418760421557,0.01594226296624038,21,0.01656041651826127
99,-0.5718456727477111,-0.48942348067405955,0.01587350941163687,17,0.019394546393156194
99,-0.569588133518148,-1.5139616613466709,0.015723840968668242,10,0.004068249661739428
99,-0.6239148323768766,1.4958414784027085,0.016070936073259687,18,0.022159116706827048
99,-0.5845434640885672,0.4844634351234533,0.01586068477158038,18,0.014806448097504844
100,-0.5700153595674469,-0.4892062712969232,0.016064819704858072,16,0.021021804789635404
100,-0.570911741505341,-1.520942715927117,0.016102834914346182,13,0.01860582672481617
100,-0.6198867383936136,1.4932300529014568,0.015985477332296674,19,0.023463896372997534
100,-0.5861267574191311,0.4858073234754132,0.015912591339389322,20,0.019563611017286823
101,-0.5716565621574285,-0.49059471068586363,0.015959829934823977,17,0.01932220296553723
101,-0.5529957035608488,-1.5044371556572262,0.015861314682763635,11,0.004164517880186169
101,-0.6195581490757076,1.497939896073362,0.01602280489082234,16,0.017453954124652546
101,-0.5856249557356625,0.48483578263692123,0.01594398005153375,20,0.013868674397254211
102,-0.571066820045147,-0.4867480284356091,0.01582914122088329,17,0.015364458468028875
102,-0.5629511120057841,-1.5166187465685192,0.016062925756443882,13,0.01801615789850204
102,-0.6200084011001757,1.4996827957333239,0.015905187719240006,17,0.018838465311308325
102,-0.5833370073369458,0.4750936853249916,0.015882837902325843,14,0.017846627099219747
103,-0.5730492957631352,-0.4929813886093402,0.016042580105881773,18,0.020985327746231502
103,-0.5771369874069395,-1.5279949677863138,0.016042562012043397,14,0.01640216319086126
103,-0.6229655997515441,1.5011215112339156,0.01596425156381857,17,0.01694689533134737
103,-0.5900695953859881,0.47966691460474264,0.01581043882347826,15,0.018402142478436027
104,-0.5790259462674296,-0.4980974087529136,0.01605911311582502,16,0.01292246446957279
104,-0.5692398788536489,-1.513033848751119,0.015713659354078285,10,0.004064145839469029
104,-0.6238557363253066,1.4991591286705128,0.01589754229203509,18,0.019583474364884824
104,-0.5840614979249997,0.47515720213414225,0.016072023788618606,14,0.018080560696147455
105,-0.572094649664081,-0.4899221971597548,0.015889084706084092,17,0.01871331359338401
105,-0.5629243211433144,-1.5138577971037406,0.016297928895835184,13,0.01620719486400539
105,-0.6250192609449851,1.498112252354609,0.015976883082456476,17,0.016581734752928526
105,-0.58201153185258,0.47564955475390003,0.015971593384395272,14,0.011256348430863282
106,-0.5746061127098787,-0.4916819371957458,0.01594777202404762,18,0.01616254406789891
106,-0.562567557058291,-1.5140121287093724,0.015654013056074254,13,0.015653609691028022
106,-0.6238628977374682,1.4970121626161572,0.01618242130663395,19,0.01753465861711187
106,-0.5799579396631969,0.4739834611837635,0.015941544819984815,14,0.012600309992615634
107,-0.5752445440984391,-0.4889406669924171,0.01585225082916687,18,0.013525614133336562
107,-0.575814031419381,-1.5292459695371312,0.01610233771750869,13,0.016875778195152385
107,-0.6234739455657001,1.4980185260364267,0.01582205333980661,18,0.019458542953776144
107,-0.5800908615729861,0.47775737516669703,0.01586624564355452,13,0.008292824441616378
108,-0.5733791032959248,-0.4925249548826532,0.015870995855078323,18,0.01921428750457333
108,-0.5638105045865621,-1.513259881017622,0.015776800034478494,12,0.013976128594033518
108,-0.6227022101792808,1.500943442127014,0.016158285952413906,17,0.019845519824592733
108,-0.5811510873026597,0.4746547580077392,0.016130375535078623,14,0.01598730779761196
109,-0.5698611165644323,-0.48689716770595703,0.015901148783006216,17,0.018166369398381985
109,-0.564166344628187,-1.5100743724917531,0.016020969725481195,12,0.012695280603402657
109,-0.6228535314269514,1.4970741636075042,0.01603408826760584,19,0.020253363665075897
109,-0.5813318741879213,0.4758085293449577,0.01595680212376727,14,0.015915797084487267
110,-0.5666764599908919,-0.4865818557120155,0.016014268780707355,16,0.020365543702857362
110,-0.5564113327149047,-1.516805441204347,0.01554908312207079,12,0.018110649845140502
110,-0.6231008267702971,1.4979744424474466,0.01624407425028788,18,0.018700326376027664
110,-0.5869907219398658,0.4773676395759567,0.016196050744234764,13,0.022046660808886676
111,-0.5693823058457954,-0.4882642948777813,0.015964502336124096,17,0.021625540576575408
111,-0.5571561702089772,-1.5052331454317358,0.015200482653607095,11,0.003573212106290214
111,-0.6226387532272807,1.4987799835030566,0.01605948430592047,17,0.01642852227800337
111,-0.5873577729661108,0.4780657746596329,0.015947972354780602,13,0.01843557352592736
112,-0.5727007160866405,-0.4876739389160734,0.015790441177696016,18,0.017747023798630798
112,-0.5607058864262161,-1.5330756224806819,0.01571395996741741,11,0.0
112,-0.6205131124858211,1.4959415220051977,0.015768340045457917,17,0.018655849969985316
112,-0.584312668564759,0.47842629942135,0.016058689768072676,15,0.018561833813692794
113,-0.5728801409604026,-0.48940365503418237,0.015838813323875583,17,0.014755178616898347
113,-0.5570866189459152,-1.5091840669822272,0.01630612020955646,11,0.016747243263377305
113,-0.6217511790919746,1.498565810579057,0.015981211214980466,19,0.019485725981473943
113,-0.5815808947817266,0.47568592631606793,0.015889541068193454,14,0.01631496935988793
114,-0.5759270697254701,-0.4896382304986704,0.015974258629088998,18,0.012978249026224723
114,-0.5589540928013483,-1.518869597029448,0.01585412763388847,12,0.01821283875849097
114,-0.6150959715408085,1.4953946988292983,0.01592626878635787,16,0.023055885205981005
114,-0.5843884506807406,0.4748654987950325,0.01626259869269811,14,0.01957972328814899
115,-0.5683639803688254,-0.48937914274292116,0.016065904934821604,17,0.020778539858414127
115,-0.5583787567843267,-1.5139302086215125,0.015913143334670424,12,0.017607943034408345
115,-0.6253787142300089,1.4993100393951344,0.01593489201614043,17,0.015086428924106202
115,-0.5810866328158182,0.4735316951815073,0.01577923509236405,14,0.011065565781348222
116,-0.5712420007051479,-0.48936058919236863,0.015958920102081154,17,0.021906190764108862
116,-0.555497798452489,-1.5098246820057541,0.01588278251600684,12,0.015231846757518335
116,-0.6216849622357138,1.4970027387977034,0.015899511384808673,18,0.020153013913903853
116,-0.5826333499625191,0.47551760409686117,0.0160246027912694,14,0.014154259052803618
117,-0.5720223564446455,-0.4902527604646455,0.015852663531992245,17,0.01746883848488919
117,-0.5685385859462438,-1.5089535183127192,0.01599107856665153,10,0.004032271704503374
117,-0.6198289597047536,1.4976889375042963,0.016010924484340622,17,0.02120561273685204
117,-0.583217682345084,0.4761018823236126,0.015911568284448688,14,0.012967559555266723
118,-0.5725281274767263,-0.49129532823151867,0.015945244839618997,19,0.01897679443788326
118,-0.5568147055442799,-1.5043085702294305,0.01518590674078787,11,0.00357616545021681
118,-0.6199567295359404,1.4958948875471296,0.015888097123673256,17,0.020162182775216506
118,-0.5826381595557805,0.4755799521863432,0.01602283230534386,13,0.011811730347280917
119,-0.5714569608494877,-0.48912227526274077,0.0159363805275736,17,0.01855228663431101
119,-0.5653090711217097,-1.511890833909949,0.01583267233061427,12,0.009850915553506739
119,-0.6200896469136216,1.4956792049837886,0.015951775289287238,19,0.021474586844496286
119,-0.5871688614533088,0.47644522273554846,0.015947270211789592,14,0.01817656264720907
120,-0.5722287404432886,-0.4932085891223829,0.015908674544184574,15,0.021281894497825447
120,-0.5709489748192971,-1.5447991936475924,0.01567536120220709,10,0.002383850161348236
120,-0.6247087269217151,1.500239861150216,0.016256599153486744,17,0.015851368378933858
120,-0.585559860701528,0.47607711014528936,0.01600194025248094,14,0.018403419932030853
121,-0.5737071857546358,-0.4881646829182289,0.015863604099377916,18,0.016954863772038035
121,-0.5725589115787626,-1.524231978716685,0.015839915677109028,14,0.01738649707339803
121,-0.620085879941526,1.4980596375526178,0.01596810019281637,18,0.020218306891003734
121,-0.5833573543180302,0.47810917120842983,0.01567102854776022,14,0.013643253034169373
122,-0.5689637092792118,-0.488926063386707,0.016155676601861103,16,0.020792221046667007
122,-0.5617711278783829,-1.5210945747683808,0.015678325842881893,12,0.01588633561756481
122,-0.6243430419105663,1.4985446343786621,0.016040998696496313,17,0.01505507710894507
122,-0.5888903811025193,0.4793276070052458,0.015754093732924915,15,0.018523624007576532
123,-0.5683579800699271,-0.48578785487313425,0.016050647722162917,16,0.020409749559964715
123,-0.5566508229561908,-1.5166709400455047,0.015583814613580247,12,0.01809967170807371
123,-0.6234404311107359,1.4977791534451097,0.015908032126458756,17,0.01668747114079663
123,-0.5827343438728033,0.476694019603053,0.016192328001327333,14,0.016655325815933077
124,-0.5706317476124196,-0.4905184444019949,0.01603857334357074,16,0.021755610774118896
124,-0.5724954987924669,-1.5190986244442786,0.015993305925212493,13,0.018276736546332353
124,-0.6233880256853649,1.4990085892973026,0.015932170605583662,19,0.015335086777176987
124,-0.5910777192356994,0.4808334242539178,0.015862176043489027,15,0.020632571927433983
125,-0.5689230472328308,-0.48856308808809057,0.016026904242476714,16,0.02076899564717186
125,-0.5652627887063626,-1.5152136740644724,0.01636529385706532,12,0.014391448517088542
125,-0.6240502401070215,1.4960452663802815,0.016085887862278544,18,0.019674376010034345
125,-0.584217932659849,0.47592982198778605,0.016249381933284308,13,0.01565560005669
126,-0.5698269930616532,-0.48753511393869775,0.015971030419851366,17,0.018267663120239253
126,-0.6188465431110834,1.4919018809628615,0.01594443195126987,18,0.022307882623530135
126,-0.5822770484069673,0.4746591869499015,0.016243798863406392,15,0.014972676068063429
127,-0.5729959401510187,-0.491149213467952,0.016031814170369554,19,0.018857703790467254
127,-0.5636367571976516,-1.5307230737362474,0.015391792534307586,12,0.003210944106914006
127,-0.6196509568643797,1.495349472641589,0.015932986330290482,17,0.020117718412976986
127,-0.5800908615729861,0.47775737516669703,0.01586624564355452,13,0.008292824441616378
128,-0.5748371959427158,-0.4914719652276766,0.015850817998119736,19,0.016792996113702014
128,-0.5645067050645531,-1.532133301465624,0.015870756415244693,12,0.0031677652286859832
128,-0.6207852279814983,1.4973575255174387,0.016031972410856174,17,0.018868334929531983
128,-0.5843249360761464,0.4816842047574579,0.01586860933112482,15,0.011221702225727955
129,-0.5730457958440922,-0.49088081902947256,0.015911680614200757,18,0.0206996196611576
129,-0.5670292792183422,-1.5212954501364226,0.016173845402137767,13,0.015289544951428495
129,-0.6204793906093885,1.4989136847674618,0.015831064464554644,16,0.019024536889288506
129,-0.5833100518480995,0.47740340469664544,0.01589294115824513,14,0.011825650350519815
130,-0.569465357169819,-0.4888378731136103,0.015927824665788202,16,0.020639146398654017
130,-0.5576134138529566,-1.5165107220464769,0.015901789104677443,12,0.017136877050122117
130,-0.6215541021833976,1.4967193337098919,0.01596638346061691,18,0.01914891422200765
130,-0.5816377776831605,0.479331722671653,0.015957732649678064,15,0.009975229434120257
131,-0.5712379524671538,-0.4882252450000258,0.015805771022828916,17,0.017278862754742955
131,-0.5773361033191663,-1.5283545536148966,0.01599319437107835,14,0.016654880885881195
131,-0.6235328761157912,1.4987507780874527,0.016059402601183652,17,0.018622451360996634
131,-0.5921903305324256,0.47852235696286516,0.015986566630133578,14,0.023823201497394125
132,-0.5689353737957155,-0.48865232793715024,0.01595994236510224,16,0.021052264109225376
132,-0.576655371111056,-1.5291340171814505,0.01591575277416141,13,0.01663734687976003
132,-0.6217352809114549,1.4994839995251212,0.015924514605697253,17,0.01987833558015745
132,-0.5853798708304487,0.48630106783367055,0.015970407142651074,18,0.013326411632176504
133,-0.574014154258393,-0.4894060052860338,0.015872044282685332,18,0.015627297036900353
133,-0.5578470053950445,-1.5101780833986054,0.016062224392611513,11,0.014583876409365558
133,-0.6249146962293312,1.5004170635338723,0.01610714559584813,18,0.016566433520622544
133,-0.5833141086264154,0.4841194868983396,0.01595226037241011,20,0.01570338074382153
134,-0.5779127261751843,-0.4983472609977711,0.015957816671770503,15,0.01667630865036583
134,-0.5571561702089772,-1.5052331454317358,0.015200482653607095,11,0.003573212106290214
134,-0.6164755459086653,1.4960246068841088,0.016011084418581532,16,0.022674849137776214
134,-0.5831600848088304,0.48301985054913343,0.01584495959121819,20,0.015730531276353887
135,-0.5719232939308968,-0.4905831394534834,0.01584871133201122,17,0.01978385826880827
135,-0.5687202755044206,-1.5226954348059396,0.016079552255827145,13,0.019299195269819037
135,-0.6255275969470331,1.5009765325884863,0.01615217622945296,18,0.013191700687261089
135,-0.5871519502324879,0.48519812657745276,0.01602799723472091,19,0.02021116954688285
136,-0.572163128449874,-0.4937101488612299,0.01597938709786364,17,0.020923372483553325
136,-0.55930010692171,-1.519807625503321,0.01587721674610908,12,0.01824176385955525
136,-0.6219220382853102,1.4960286649902297,0.015874101217635255,18,0.01857411008558347
136,-0.5882345439412693,0.4853562994292283,0.01598291253171509,19,0.019915263773992567
137,-0.5790427831977097,-0.499154076608662,0.015920427231578875,16,0.01340680317726247
137,-0.5571999079003048,-1.505351953695684,0.015944131196109802,10,0.003591463745436549
137,-0.622183204949697,1.4979386634112493,0.016154556778160318,18,0.01509783557964755
137,-0.586879603567903,0.48456688613783666,0.015938284056256042,20,0.01782227817433299
138,-0.5737631038471767,-0.49157540894092705,0.01593447337267225,17,0.02024370068192864
138,-0.5614624988422184,-1.5163974243168845,0.015864733003376347,13,0.018254381559956716
138,-0.6220612998386338,1.4972137224426663,0.01600432427272932,18,0.017935288820939536
138,-0.5894693471259529,0.48547320920384107,0.015937854053464227,21,0.01893982932533348
139,-0.5722226946445697,-0.49211056804928577,0.015897068526407227,15,0.021627028983780484
139,-0.5596634424540986,-1.5302185997548983,0.015672435028881805,10,0.0
139,-0.622609321233812,1.4971956200890164,0.015863729988856604,19,0.018312615655448203
139,-0.5832404284602202,0.48306333819458463,0.015958226916805606,20,0.016528613168107047
140,-0.5696263379484864,-0.48824116990791583,0.01597106004967503,16,0.01940457297591627
140,-0.5665377746132919,-1.5129098766190665,0.016279677331563457,11,0.01302635723167263
140,-0.6238573413841937,1.4977035116077082,0.016158041291413967,18,0.018712960648582497
140,-0.5824783785460431,0.48252375114073714,0.015995808493820117,19,0.014824255458689014
141,-0.5732921005453865,-0.48869094894404425,0.015867273477079905,18,0.016853363895113768
141,-0.5675732812665175,-1.5178707013218262,0.015723606514270197,12,0.014484876172288245
141,-0.6221998614046179,1.4969130365942334,0.01604002877800749,19,0.020499055044997497
141,-0.5869002523400828,0.4867699724300019,0.015918688224038052,20,0.01511763662154074
142,-0.5701433510968095,-0.48723655814021505,0.015952438832045654,16,0.018448558822384227
142,-0.5660673830396625,-1.5192263387886153,0.015949994008033715,13,0.01370635735157138
142,-0.6196915361509623,1.4951902853713774,0.015992946525606552,18,0.021665779681767874
142,-0.5893254324534885,0.4847892482786589,0.015913263264991165,19,0.01719160544395145
143,-0.5715523801179792,-0.4888510617623381,0.015860414146178472,17,0.020371200655942345
143,-0.5698324514252052,-1.5276355112632174,0.01604071605229003,11,0.0045590433498815565
143,-0.6235435723769629,1.4964283318399065,0.016113331096153868,19,0.017155262361434474
143,-0.6013459805441552,0.48760040370592805,0.01588100383360955,14,0.011918163796038985
144,-0.5718583102380949,-0.4905020525490034,0.01589759697195808,17,0.01839930360569371
144,-0.5571561702089772,-1.5052331454317358,0.015200482653607095,11,0.003573212106290214
144,-0.6233040349563453,1.4975809398750366,0.016071603694197474,18,0.017352841586030208
144,-0.5981138934278086,0.48533952263529273,0.015921237693479362,13,0.01830456826891538
145,-0.5705968391187336,-0.48783131061025675,0.01597351437113387,16,0.018821289899622146
145,-0.6228336065964565,1.499350406256393,0.016159529706690455,17,0.015871046759665833
145,-0.5871970780040519,0.48427588894473195,0.015928027215682178,19,0.017281413677674926
146,-0.5729509122523841,-0.48973444846876507,0.01595817845137388,17,0.020301863853148187
146,-0.5536250584192194,-1.505881968713302,0.016239742478002923,13,0.0048359464949375925
146,-0.622067244031719,1.5001445820590116,0.016044876528104022,18,0.0184113096651339
146,-0.5828238238856438,0.482106575504483,0.015919285060201044,19,0.013415218068311478
147,-0.5745022588505778,-0.49079123018572657,0.015975427568192757,18,0.017096150259065992
147,-0.5633867512708395,-1.5334858111613592,0.015443704912919866,11,0.002336417464075662
147,-0.6239193467830363,1.4976640108555732,0.016127330414637816,18,0.018669946485950197
147,-0.5822338584592315,0.48248249930244685,0.015926905113503875,19,0.014112772521697405
148,-0.5733309629675414,-0.49228645842462626,0.015828463439814495,16,0.02075985018755678
148,-0.561055272544312,-1.521359206321741,0.01582203962346479,12,0.018093109806200706
148,-0.6225849718059427,1.4999669354418363,0.016035114848163015,18,0.01649099229666439
148,-0.5812325419223626,0.4823638759460853,0.015888462723101404,20,0.015248206347083619
149,-0.5768793041127686,-0.49548758204682636,0.01599334759482279,16,0.018971446139225915
149,-0.5568599368716437,-1.504436610260976,0.0159208047832046,11,0.0035872510390940913
149,-0.623461313984914,1.4993883146289857,0.016093041864749184,16,0.01573623568741836
149,-0.5863557822484274,0.48350767092405117,0.016017558464830873,20,0.01822338254166593
150,-0.5678964469408355,-0.48692573668885264,0.015976857602406584,16,0.02045351037288623
150,-0.5643947889464663,-1.5136171374378575,0.016082766263074685,12,0.01445072130663217
150,-0.6244202233644416,1.4978367228327776,0.01587679948427268,17,0.016506847447780807
150,-0.5854817268693527,0.483811172030515,0.01595674188696851,19,0.01581198499751017
151,-0.5706518904808002,-0.4903887495044039,0.015988860452588252,16,0.01912461529164339
151,-0.574122822705671,-1.5266779273902658,0.015909836310033263,14,0.01787849272937433
151,-0.6227972577856403,1.4962329287636604,0.016140300005352284,19,0.01718134719830636
151,-0.5843571400339556,0.4841933366986828,0.01596303010596436,19,0.019453539033072762
152,-0.577315290474587,-0.4958831396829779,0.015875142510868304,15,0.01658741123409897
152,-0.5679417303797093,-1.508847988133689,0.01576954956646022,10,0.004146477349608636
152,-0.6215430032727501,1.4975563824244764,0.01586910897372893,18,0.019320927105388932
152,-0.5831556785783601,0.4827105168057664,0.015938469710144877,19,0.0138516389610263
153,-0.5723673083205282,-0.48935721417870154,0.01595264240983386,17,0.020977899889763802
153,-0.5564163289769426,-1.5123489988908585,0.015171993538430819,12,0.015384419310783494
153,-0.6244749296813975,1.5001422964345497,0.016062393276898897,18,0.016004875774838213
153,-0.5863567859967761,0.48464400466095864,0.015884443341055127,19,0.018266837677852248
154,-0.5717324219347838,-0.4888876039074235,0.015902475026176362,17,0.017844922082739384
154,-0.5664694855235898,-1.5123185991919479,0.016498013129984508,11,0.01237359695066621
154,-0.619509603521359,1.5002868385908754,0.016146422079950856,16,0.019335783718502964
154,-0.5864947820135851,0.48368880324874197,0.01588949098201855,20,0.019327863322839218
155,-0.5701506143044541,-0.48962926316030536,0.015966358454807778,16,0.02084136620875064
155,-0.5596700337909439,-1.5171358621060471,0.015885168642526572,12,0.01597166026467315
155,-0.6237573247937808,1.4999110561241513,0.016121274792917393,18,0.0167152219629392
155,-0.5825919531586184,0.4833296751791905,0.01593452415241881,20,0.015746270043708866
156,-0.5735879530175553,-0.4911673005329147,0.01590420008166754,18,0.01663188381201718
156,-0.5587111561611763,-1.5049503553063164,0.01538069395282873,10,0.0025137858199722266
156,-0.6205520722365875,1.4983331389335828,0.0159921563407471,17,0.019232875567764863
156,-0.5819551574547462,0.48322670047415234,0.01592532334681304,20,0.012237716649087292
157,-0.5711942333492227,-0.48945318929227144,0.01590746441076417,17,0.01764903322811603
157,-0.5587391501598895,-1.515993705532448,0.016132694533749516,12,0.01765294222866573
157,-0.6194523343448731,1.4940111924441721,0.015949431359774852,19,0.023548367138619294
157,-0.5843517829068847,0.4843440920167768,0.015938869283089747,20,0.014938969193736962
158,-0.5688654423599812,-0.4862487512853716,0.01596797462965142,16,0.019281953784645096
158,-0.5695234436302359,-1.5220805614440596,0.016060976257454087,12,0.018651296017165645
158,-0.6193009023936931,1.4988538564850136,0.015950998982538267,16,0.020471051626192113
158,-0.5845181641451095,0.4852380944800354,0.0159274472043544,19,0.014062187227276037
159,-0.5714054567241107,-0.4875355888240996,0.016022380808322138,16,0.0191388411887059
159,-0.5663982618636945,-1.513072174718187,0.016040493870199037,11,0.012209184645075052
159,-0.6264984884680432,1.5000982485664018,0.016189895247775022,18,0.016999045258258454
159,-0.5850194735849628,0.4865641673153395,0.01613970584393856,19,0.014497314995780807
160,-0.5732829247667423,-0.49315323211374834,0.015943219311845364,17,0.02147266581813924
160,-0.5684422248956843,-1.5241681289137181,0.016035188992128746,13,0.018736422949859725
160,-0.6249317145797629,1.4990400073362802,0.01600667951105818,18,0.01740661856834179
160,-0.5854052010363899,0.4843140226815411,0.01590082535218798,20,0.014231911660050976
161,-0.5743062195045153,-0.49364631723365643,0.015987336027473268,17,0.02060046344409258
161,-0.5650457241974253,-1.5132058721061667,0.015909990204402348,12,0.012591183721484362
161,-0.6228837747714512,1.4987741712487095,0.01602282805377764,18,0.01640531831589435
161,-0.5860817205319852,0.4850120339381544,0.016041887884560974,20,0.017236812900271865
162,-0.5707609610154647,-0.48977254104386564,0.015871782324068242,16,0.019821152616021197
162,-0.5565167351576259,-1.5035084571328092,0.01590988978894689,10,0.0035843904247888562
162,-0.6235933840964113,1.4989050697722592,0.015833956146986274,18,0.018313920534955758
162,-0.5830288789461749,0.4848038571170081,0.016019594662437093,20,0.015393365414563138
163,-0.5764457185118681,-0.48891808930868935,0.0159452201729981,18,0.013226225758672664
163,-0.5773984933758967,-1.530346520461694,0.01599136624919422,14,0.01755733475487866
163,-0.6251766853628109,1.5009442880405497,0.01600288235651651,18,0.01487890273495446
163,-0.5836865273764887,0.4848044231548234,0.01597227538763427,20,0.015257455468288883
164,-0.5727468154331871,-0.4903143267778611,0.015886022163154618,17,0.01742696424103753
164,-0.56393232550181,-1.5117648330914466,0.015691767578135996,12,0.012748562533996715
164,-0.622623750273846,1.4996366475692458,0.016001895432056063,18,0.01932417728809811
164,-0.5851475330503267,0.48328226075133607,0.016079593846175827,20,0.019397489211660263
165,-0.5690004862182434,-0.4896065870533637,0.01597583361951874,16,0.021226312916805767
165,-0.6250098548514936,1.4977367812383613,0.01599365313290492,19,0.019437783326525182
165,-0.5861537020905495,0.48612848889380345,0.015872037585484826,21,0.015043033427374635
166,-0.5752259822421714,-0.4905554730162384,0.01571848277364634,18,0.016040283653768257
166,-0.56393232550181,-1.5117648330914466,0.015691767578135996,12,0.012748562533996715
166,-0.6214255535186182,1.4987956445339097,0.01580396417517224,17,0.01658009602176661
166,-0.5832502891770047,0.4825094938876035,0.015936526040344828,18,0.015161917441938151
167,-0.576640942708102,-0.49153054837783566,0.01585901619169069,18,0.018586067887630363
167,-0.5615931621478867,-1.5143550460936337,0.01582412639947476,13,0.017914614443552752
167,-0.6206369508932449,1.4977909282328505,0.015876481735224376,16,0.018354107422925967
167,-0.5880410143590604,0.4834531472265126,0.01587690181399462,21,0.018120255007778863
168,-0.5759029220942152,-0.495559915666527,0.015867222818074723,15,0.02025875474161399
168,-0.5642637457064976,-1.5133367904116652,0.016145367335352354,12,0.015251702030439757
168,-0.6200830899943962,1.498456643300864,0.015975335610750416,16,0.019385294134978002
168,-0.5808911410884001,0.48112782065804305,0.01578767319019217,19,0.012703642704888609
169,-0.5715490495266147,-0.491554762588076,0.016020705105357507,16,0.02196006839191659
169,-0.5644966852422046,-1.5115759959441526,0.015936304337913945,12,0.010857795698929936
169,-0.6185978929467568,1.4957478894289495,0.016211622846969934,18,0.02251123139162096
169,-0.582279018540115,0.4805118416092985,0.0160731156865516,20,0.01614773470754526
170,-0.573489264297233,-0.49317464860128357,0.015857159382230653,18,0.020209031701865176
170,-0.5578470053950445,-1.5101780833986054,0.016062224392611513,11,0.014583876409365558
170,-0.6212809341303911,1.4983844830247595,0.015975325719097305,18,0.02052155833356391
170,-0.5798066537665365,0.48085121968547595,0.01593183853071532,19,0.010272675388779007
171,-0.5739916712769122,-0.4941620288326516,0.01590903017478728,18,0.020808026067143905
171,-0.5688917491663407,-1.5121108177714662,0.015698968444136634,10,0.004058252415502632
171,-0.6219063846489783,1.4970624162699246,0.01614289851038393,18,0.0220728893728984
171,-0.5853992650225046,0.4837597328329735,0.015826634799353364,20,0.017527124736180844
172,-0.5711567243827477,-0.49183107941692106,0.016132552682957504,17,0.020603435922743826
172,-0.6203148403294049,1.49509421526687,0.0160179924329641,15,0.020551141556322865
172,-0.5870989943654552,0.48425312256577246,0.016019182913413726,19,0.014788865393416848
173,-0.5712644328238724,-0.487196138643579,0.016002884744515174,17,0.015974267852285794
173,-0.6254131556171091,1.49910113143,0.016000195370761288,19,0.01837376015601778
173,-0.5888420872298545,0.48592408068076265,0.016002611958098448,20,0.016890406879792368
174,-0.5738154299683943,-0.49255776708231414,0.01597264908345848,18,0.019916394538088095
174,-0.5681951099932967,-1.5102593782204607,0.015674924714531965,10,0.004050627135646935
174,-0.625253883633007,1.4994117988932036,0.016019351260109733,16,0.014257565471657357
174,-0.5930949439038748,0.4869405632077848,0.015747486082705927,20,0.01569595492175008
175,-0.5711747965806867,-0.4864646892756539,0.015807336600359767,17,0.017122525220194286
175,-0.5668596032699973,-1.514774640829108,0.016477287637430515,12,0.010975668484249385
175,-0.619693983445954,1.499753302299297,0.016101977187046545,16,0.01773443879558471
175,-0.5867166890384566,0.48685391960740665,0.01588589287468516,19,0.016697965346234835
176,-0.5728492121206865,-0.48968196376804274,0.015893232510269414,17,0.01627320837530197
176,-0.5773361033191663,-1.5283545536148966,0.01599319437107835,14,0.016654880885881195
176,-0.622372421477298,1.4989467558262977,0.015872205701242578,17,0.017500840160184244
176,-0.5883723436705952,0.4839662202781835,0.015938938694890374,20,0.017528355746552187
177,-0.5748494213038586,-0.49448006244994136,0.01594855121069215,17,0.02092350438131599
177,-0.5674985535387838,-1.5084066589981109,0.01565169085359437,10,0.004040947417970487
177,-0.6221910942332277,1.4976698698049118,0.01611225278873774,17,0.016121525618131752
177,-0.5891047045076585,0.48658324963447336,0.015947782812471962,20,0.018973997496405118
178,-0.571705596789412,-0.49008690032679364,0.01586057753578288,17,0.020891340645068417
178,-0.5713326589878402,-1.520185956247707,0.016070498780892055,12,0.01698853591637553
178,-0.6229093405715149,1.497564674585711,0.015884673609947487,16,0.01485531030820272
178,-0.5848415384026013,0.48129426072832626,0.015970654145712755,19,0.015855331104261707
179,-0.5719783677964896,-0.4895186912422524,0.016037123219995765,17,0.020371354948519386
179,-0.569588133518148,-1.5139616613466709,0.015723840968668242,10,0.004068249661739428
179,-0.6200998898031248,1.4970734876771121,0.01597348240320843,17,0.019438238453028122
179,-0.5883332559736794,0.4844927050916434,0.01586282149937669,20,0.020807463972013687
180,-0.574030692726261,-0.4930634006439839,0.015920605157381387,18,0.019492625180166354
180,-0.5622792084551693,-1.5281744878562635,0.015654434143117804,10,0.0
180,-0.6197949906255792,1.4971110101608849,0.015871053882098966,18,0.023171518797238277
180,-0.5836885922825952,0.4830913686913558,0.015974608440099233,20,0.015398494010568505
181,-0.5763963937486922,-0.49432087798132046,0.01582990459910674,18,0.01915234211762939
181,-0.5693365214109593,-1.5125484141894647,0.015819452874111375,10,0.004166211548428744
181,-0.6220569144342488,1.498066107734001,0.015819837105425203,18,0.01924434511193213
181,-0.5871010908231462,0.48393593815527214,0.01591244705988015,21,0.016689947624971238
182,-0.5704938412235709,-0.4897780846000172,0.01594668648804968,16,0.02169966137727915
182,-0.5597217572032102,-1.5154389367763474,0.015668207052713826,12,0.016527059949554248
182,-0.6202750192534526,1.4972346766838471,0.015799105721501984,18,0.021315590762326277
182,-0.5827874441406112,0.4831661324974265,0.015941118629720002,18,0.014397641892041629
183,-0.570848140548386,-0.4877640189647991,0.015990666475384097,17,0.019866893690636586
183,-0.5685441992414315,-1.5254640814109792,0.015960227241820394,13,0.017348294926748036
183,-0.6256334468398261,1.5011622215441922,0.015960689260618225,17,0.016930163443303697
183,-0.5855808436610118,0.48468698854671244,0.01601712284021304,20,0.01583901308364237
184,-0.5736915256950995,-0.4939439174760583,0.016149187778472972,17,0.02215057696237397
184,-0.5658122849577344,-1.5203565819676848,0.01609939034962389,14,0.014595986027673327
184,-0.6267496044939902,1.5007079498642812,0.015875335115946236,18,0.01744911283799527
184,-0.581877412016085,0.48289578187304955,0.016024891642457594,20,0.013933678187796495
185,-0.5722082785136755,-0.4917911957893095,0.01609259570376945,17,0.022103574852018134
185,-0.5729778137166419,-1.5240203168939777,0.01594879060353434,12,0.014731163730480005
185,-0.6227535758254377,1.4968840377842438,0.01591944861159256,19,0.017828700187373467
185,-0.5844599864527119,0.4842729570881311,0.01597838787970525,19,0.018226233808260574
186,-0.5734931364716709,-0.49187335919704683,0.015785357712833167,18,0.018774896330512957
186,-0.6222400651878338,1.4964385279837091,0.01595081479549983,20,0.02052731439806039
186,-0.5892562617464163,0.4837659257626922,0.015973190749695155,21,0.02075745099143884
187,-0.5712988503174672,-0.48841531813082395,0.015924115532039984,17,0.017636744666600705
187,-0.5597999693753587,-1.5098724772150587,0.016041184487157377,11,0.013790253156164726
187,-0.6260260911635831,1.4989743376676834,0.01603936491828927,18,0.016578285924655968
187,-0.587336447400935,0.4846056490516895,0.015909533283877238,20,0.020465459044593206
188,-0.575162742467285,-0.4937859672845882,0.015954263851326877,19,0.01791607906529076
188,-0.5723531140619533,-1.5218719146440354,0.01598795320734837,13,0.018087751346577516
188,-0.6254083652118272,1.4982197220837896,0.015986532286474377,18,0.01756512524024638
188,-0.5828603764693938,0.4820789762792465,0.016041849181710754,19,0.013224434357926624
189,-0.569805815917743,-0.4880314191802942,0.015947339695276543,15,0.02010509526806887
189,-0.56466563417747,-1.5302288954655228,0.015976032533482027,12,0.0032454478120789534
189,-0.6203528387094241,1.497837767646193,0.016098585283799587,19,0.022158274419030892
189,-0.5854210253432658,0.48264783371733044,0.015810035767419225,20,0.01626621055721137
190,-0.5746075572170144,-0.4950875125405897,0.01592101992708291,17,0.020457779924344936
190,-0.5627538169240974,-1.5254121398231966,0.015834284678176994,12,0.003937200080657453
190,-0.6261521556186839,1.5009747364217831,0.01601676390686843,17,0.015944087268042972
190,-0.5827531272671648,0.4827392285065975,0.016059956443251016,19,0.012371382215307897
191,-0.5723005201976619,-0.49062408763220616,0.015789132868355246,17,0.019168599709300117
191,-0.5575043069018119,-1.5092524596568306,0.01604425100590168,11,0.014569125187289663
191,-0.6248503732949215,1.4995866275873195,0.015958255358712977,18,0.01760860514876038
191,-0.5857262616069617,0.4844375466913097,0.015912878892169073,20,0.015426843814213761
192,-0.5714183417645147,-0.49056237491831944,0.015830430936193626,16,0.02238784763239665
192,-0.6255061625521625,1.4993768667272753,0.015863157443679207,18,0.01621981262783915
192,-0.5851626806938283,0.4857214384516127,0.01608782301809699,19,0.020831749972488142
193,-0.5739864468124755,-0.4895993071264582,0.015852410219250275,18,0.017495238364130326
193,-0.5578470053950445,-1.5101780833986054,0.016062224392611513,11,0.014583876409365558
193,-0.6218057194140266,1.4988006932284081,0.015862251604103803,17,0.01619195673798811
193,-0.5851166047805711,0.4822466800906206,0.015854378290460706,20,0.018098841240319852
194,-0.5730279440174589,-0.49038025197678037,0.01585406601313627,17,0.017735942590988527
194,-0.622812502041272,1.498364547244626,0.015995936551415124,18,0.01761123748258306
194,-0.5852603355640462,0.4840777652353938,0.016007811272699072,19,0.014353871525491868
195,-0.5722466172864084,-0.4884205583433876,0.015751392199751205,17,0.016599113251271277
195,-0.5639517675047513,-1.515135681989857,0.01605993021628451,13,0.015150657030091214
195,-0.6211694832229556,1.4983874271752917,0.015951604012168514,17,0.01772936177634546
195,-0.586971150992494,0.4857250806016782,0.015852900010828515,20,0.021170243515979324
196,-0.5704402480240908,-0.4881783572977144,0.01595795931162757,16,0.021406658377844605
196,-0.5563072928307449,-1.515735025000136,0.015567120733693273,12,0.018081073172688013
196,-0.621173723539312,1.4964621355805305,0.015903265282949684,18,0.019057113845856895
196,-0.5812251085956166,0.4813322907111838,0.016060085271716873,19,0.00985948862488774
197,-0.5677649675514844,-0.4884058502107703,0.016112434735021282,17,0.02069402906384751
197,-0.5571561702089772,-1.5052331454317358,0.015200482653607095,11,0.003573212106290214
197,-0.624512916686451,1.496019920747435,0.016044705315862468,19,0.018275061110033124
197,-0.5821040718406967,0.4823240482025558,0.015996527279907625,19,0.012548126318742928
198,-0.5718511521244234,-0.49078783728872244,0.016132838336982893,17,0.021648545691261345
198,-0.567846786798699,-1.523878969896758,0.01607588280657415,13,0.019169706761508257
198,-0.6236673564663074,1.498582415423915,0.016093984788925705,17,0.016210425413509512
198,-0.5896467318723707,0.48569262728371615,0.016014330621440812,20,0.016738037649926298
199,-0.5714258045717033,-0.4896140067341683,0.016007285610049705,17,0.020538763875011135
199,-0.55936642622682,-1.5225953940968033,0.015591467279067739,12,0.017729272426947204
199,-0.6220257082044577,1.4956294768117644,0.016171682458272867,18,0.019836353242817743
199,-0.5826957080613544,0.48332571476319686,0.016023041845420617,19,0.012490720901307836
200,-0.5760691827965141,-0.49247551322633404,0.01578938675325955,19,0.01707715731931355
200,-0.5663066649904256,-1.52505839233927,0.016230115880976052,13,0.01906486744533121
200,-0.6219400544713337,1.4954759695283668,0.015782528181165514,15,0.01807266063406567
200,-0.5821041660162674,0.4807043080151852,0.01596244471828055,20,0.016836711675685696
201,-0.5748071920705664,-0.4940068858962322,0.015963681161790966,17,0.020288123056134002
201,-0.5573964487215483,-1.5332326712734123,0.015726653833406778,11,0.0
201,-0.6218995609694808,1.4983153729596959,0.01589024429277984,16,0.016196483594896758
201,-0.5858374615535968,0.4840063550550447,0.015963009270854953,19,0.015648654316698925
202,-0.5748938109670287,-0.49219236765729474,0.01586765572184516,18,0.017181555449441447
202,-0.571310610043296,-1.5225999690460772,0.016070291125717385,13,0.019184109183183525
202,-0.6202445138984699,1.4970705010023542,0.01607447541895904,18,0.02334020216066552
202,-0.5855948985631609,0.485479323018282,0.016020150764801518,20,0.014315259875116882
203,-0.5738232832106325,-0.49433125732862815,0.016053370817342223,16,0.020909066752558905
203,-0.5671853927618291,-1.523385990844873,0.016339156309051483,13,0.019753182592658812
203,-0.6250509923150751,1.49841033036941,0.015917756774594168,16,0.01696568241239867
203,-0.5890712346391762,0.4868781610359463,0.016011048909337768,19,0.022114732859195126
204,-0.5805476776129329,-0.49839320860904607,0.015850255657695073,17,0.016587091654045715
204,-0.5667209642017267,-1.5101767745167942,0.015731600372604734,11,0.004535728231821936
204,-0.6219042648979348,1.4980813068743508,0.015881335520618094,18,0.017584690360063295
204,-0.5869656023046564,0.4840979657523622,0.016032009807829598,20,0.017226390314622635
205,-0.5751398474992728,-0.4927904641644242,0.01591939218565491,17,0.0176748930605877
205,-0.6236081146751787,1.4968997924347516,0.01590985182203159,17,0.018261975066658685
205,-0.5882229701401813,0.48596847197322135,0.0158894259575164,20,0.019713700133853127
206,-0.5768306715418264,-0.4917346461517718,0.015761260389669723,18,0.014564329655688785
206,-0.5643621214427056,-1.514291051881398,0.016061518665653515,12,0.014316453517327086
206,-0.6238818845241273,1.4991929097992804,0.01582184104724359,16,0.015224037468392404
206,-0.5912404339329542,0.4858411465624076,0.0159757627819664,19,0.01734296994812851
207,-0.575108823077911,-0.4924945824114115,0.01584325541744626,18,0.016270868761536304
207,-0.5580261280080887,-1.5031018966970402,0.015351732037812586,10,0.0025118932362646956
207,-0.6249279871244621,1.4962913457146592,0.015784956711340153,18,0.017623296381868957
207,-0.5870246172337663,0.48616473325344306,0.016007399470414442,19,0.014974220486263685
208,-0.5709792579624478,-0.4865080939479091,0.016120324337936857,16,0.021035517789569205
208,-0.5565167351576259,-1.5035084571328092,0.01590988978894689,10,0.0035843904247888562
208,-0.6211141387154944,1.4968518963126483,0.015881103208859992,17,0.017238514707449578
208,-0.5831547501378826,0.4834866821898686,0.0160320207670146,19,0.011076542986238953
209,-0.5739851626688232,-0.494991184906135,0.015920886241938822,15,0.021185478991871943
209,-0.555497798452489,-1.5098246820057541,0.01588278251600684,11,0.015231846757518335
209,-0.6241558974759536,1.4988320539814022,0.015958112446502477,16,0.016318972549770182
209,-0.5845755409723481,0.4827927595699316,0.015952080564172768,20,0.015120743512702485
210,-0.573103327086862,-0.4895301448323771,0.015829614926343678,17,0.01810581818797958
210,-0.5697295188165862,-1.5218290672745638,0.016074597607252317,12,0.01866821406246069
210,-0.6214667746331815,1.497150354618289,0.016029677819157557,17,0.019878459433600604
210,-0.583388662732298,0.4840665949698743,0.01598200669881293,20,0.013583447158075948
211,-0.5768556882254537,-0.49259573834380344,0.015818133354048962,18,0.014157936293525273
211,-0.5640801143993633,-1.514430380018749,0.01587810601412313,12,0.015137976343208338
211,-0.6221978327666811,1.4966158522124307,0.016032268100660017,18,0.018938966087732746
211,-0.5898103386033208,0.4874190242230377,0.01588878224935907,21,0.01711073448997607
212,-0.5735199942055368,-0.4912425649688808,0.01576017200735659,18,0.018574558038790007
212,-0.5658766573827726,-1.5106745578092529,0.015881676760664917,11,0.00995840323273536
212,-0.6185753514412865,1.493558326362781,0.01591412158507874,18,0.02213054313240694
212,-0.5868122359517662,0.48522676352796923,0.01586057287279828,20,0.01595324008876629
213,-0.5732493568615739,-0.4926352176109566,0.015779105126085293,18,0.020369984096266114
213,-0.6278160979503232,1.4974036130023214,0.015902643625622718,18,0.017197545187985316
213,-0.585010288364693,0.485110565920919,0.01600877597214116,19,0.014775453403566457
214,-0.5755201836617444,-0.49254418265296096,0.015872995161991754,18,0.016565062850738912
214,-0.566235364556594,-1.5135114699037175,0.01629936065964822,12,0.01195183304807574
214,-0.6248783630781618,1.4984877209360952,0.0160318300843581,17,0.017462594286551697
214,-0.5859256209477733,0.48580655602126904,0.015835863624572313,20,0.016408420686629663
215,-0.5735361965507022,-0.4899129826431717,0.01594346117643577,17,0.015911993617916943
215,-0.6229782058794652,1.4984838622834675,0.015959028721672326,17,0.018334267183424836
215,-0.5879458703848318,0.48636391872605816,0.01590553995088857,19,0.022160695647936986
216,-0.5724520922436988,-0.48985090729126657,0.015840641557095643,17,0.018239010384462448
216,-0.5606945105477932,-1.5159318483309148,0.016173635208113494,12,0.016033077746091046
216,-0.6240129046404078,1.4999196965742796,0.01601813277442165,17,0.017871834054076302
216,-0.5874583584486895,0.4856948343553562,0.016002782146279173,19,0.017546443932987734
217,-0.5747061988907409,-0.49296557993338685,0.015753358900647687,18,0.016895399921368796
217,-0.5633406188137502,-1.5310585046650973,0.01572657944345534,11,0.0
217,-0.6231396204375007,1.5002462899425109,0.015987638680648973,16,0.015046434248848689
217,-0.582963705338393,0.4847726911619823,0.015868332589959913,19,0.011579712050866355
218,-0.5719275554116054,-0.488649435556039,0.015791097659807844,17,0.016395377412870844
218,-0.5712079091112792,-1.5178365198934698,0.016402819822807477,12,0.01794851867337028
218,-0.6229329557368681,1.50063234818329,0.01613889083103947,18,0.01970414619410429
218,-0.5868932963891222,0.48401143275785613,0.015931111806264213,21,0.017131035553287783
219,-0.5716309526853162,-0.4887597608526048,0.015763425412987413,17,0.01695811520406326
219,-0.5639246196758423,-1.5123368577870417,0.01573699850414933,12,0.013072180298859828
219,-0.6228211062221577,1.4988671832040557,0.01591803082257724,16,0.01806487864876189
219,-0.5870245324920413,0.48476777473519056,0.01590715623039612,20,0.01736137977453506
220,-0.5717420793360865,-0.48941661168657774,0.015802525481408095,17,0.017458723385178287
220,-0.6229697859885038,1.4995175778947532,0.015788703700107782,17,0.0168640194469407
220,-0.5855107051830165,0.4873935720231815,0.016058937376486757,19,0.015560373342832107
221,-0.5720425061699235,-0.48868585362366274,0.015866014889512028,17,0.016339401531739624
221,-0.5639589026406375,-1.511237299896611,0.015671320483847867,12,0.011033202032936396
221,-0.6254183680344357,1.497747017263989,0.016028226601879005,18,0.017683302301136
221,-0.58598760406653,0.48415701351996376,0.015984152999320385,20,0.014049477048241003
222,-0.5769406543284651,-0.4910466017181336,0.01598369622157928,17,0.013543101997716375
222,-0.566414567279553,-1.513609359512309,0.015866015218159172,12,0.010605684882097774
222,-0.6210802823245359,1.4977906567757324,0.015993688102635094,18,0.02010393964172799
222,-0.5867457143825955,0.4846541971835443,0.01601308363350872,20,0.018645019840612648
223,-0.5732924876802955,-0.487854878860158,0.01590122979619272,17,0.014569265370062784
223,-0.5618511786595702,-1.5069327433175164,0.016668969401651548,11,0.004966570619879333
223,-0.624094870480221,1.5012530237550095,0.015987938518925514,16,0.013948964641541453
223,-0.5880055911939194,0.4836973198499176,0.015928837170868522,21,0.01860046895323913
224,-0.5742005763791505,-0.48778019079900264,0.01581454230040488,17,0.016746058242600136
224,-0.560570636223921,-1.531862967517882,0.01565345592083754,12,0.0023776484631279162
224,-0.6223736461298973,1.4990929350039508,0.01597432071129681,18,0.018068306629342612
224,-0.589607661637873,0.48644376157443786,0.015945900444951082,21,0.018241761778926485
225,-0.5755565401521671,-0.49347867479386887,0.015960991915811535,19,0.01864345731518741
225,-0.5597999693753587,-1.5098724772150587,0.016041184487157377,11,0.013790253156164726
225,-0.6250679132225214,1.49756226380233,0.01593955042439874,17,0.01616397321656749
225,-0.5848525183224894,0.4829925612776291,0.016101198220720866,20,0.016190909320821782
226,-0.5737996245219135,-0.4924455400243231,0.01587562891872137,17,0.01773713712412006
226,-0.5667881469699975,-1.5135249325574922,0.016007072924239536,12,0.00895383153661036
226,-0.6254034968276825,1.4985273171995825,0.01602280719920993,17,0.015571952849804078
226,-0.5866514029158569,0.48508858399741056,0.015997250877383292,19,0.014981132125337132
227,-0.5689542737243423,-0.4893363840852514,0.015894615750872816,17,0.020971122361379924
227,-0.6202381922280406,1.4971161022644026,0.015941861863770702,17,0.02057424396247448
227,-0.5888757257490546,0.48437405820247986,0.01589495601253681,20,0.021245763343182834
228,-0.5730386909092365,-0.489955785092087,0.015922614362733616,17,0.016078935960948292
228,-0.5601440389170816,-1.5107982747269408,0.01605695223675643,11,0.013805002759800124
228,-0.6236488399398338,1.4999257945516729,0.01591193742017676,16,0.01407762695039003
228,-0.5894691509524876,0.485994662820744,0.01594992164029098,20,0.020578632593757345
229,-0.5749788853795939,-0.49261362548605214,0.015912202652033407,18,0.018573643733302184
229,-0.5502270187920443,-1.5044119789800972,0.015443215821645756,10,0.0
229,-0.6177066545112547,1.4964085270623901,0.015882253686140716,16,0.01808018973890434
229,-0.5894721074078059,0.48414128542942975,0.015952167119198588,20,0.019177348167152622
230,-0.5753035825630411,-0.4931642008388766,0.015851738052616658,18,0.019555021389950578
230,-0.5589507426899127,-1.5144185189227457,0.015588609290175541,12,0.016697655039785528
230,-0.6255302403460702,1.5005501485025727,0.016077898684935553,18,0.01734323745268205
230,-0.585898493758055,0.4830452239678239,0.015924865177708067,19,0.015364417178832229
231,-0.574331184035496,-0.4911830279972151,0.015896257366907963,17,0.01905656691172467
231,-0.566799163959296,-1.5200751752888007,0.015500019011579035,12,0.016142409423866674
231,-0.6225223183577742,1.4990005911497326,0.01595028484513857,16,0.01840911266511451
231,-0.5870717152767199,0.48675251306761325,0.016027875249812425,19,0.022123491300864735
232,-0.5737519477805783,-0.48979337869409983,0.015888067832530224,17,0.016091131603813192
232,-0.5651057091418606,-1.514140503197872,0.015914020650237247,12,0.012462388476828304
232,-0.6236487555779153,1.4963405540049342,0.01592681565704351,19,0.019359582172828682
232,-0.5899274880115036,0.4846554343077001,0.016005832336051722,22,0.01854737115634314
233,-0.5726880517469002,-0.4886056259421575,0.015966808681376326,18,0.01746438948774883
233,-0.5627552579830861,-1.5152021741829103,0.015752826490626485,13,0.0162760983574779
233,-0.6228195676972222,1.496780259065881,0.01609738008062203,18,0.01810655956588742
233,-0.5858156919459379,0.482969008834686,0.016049521291096734,19,0.018845254991952762
234,-0.5818297078837014,-0.5000077125558982,0.015978326058272707,15,0.0032736036798541365
234,-0.5567444857103083,-1.5082593665422694,0.016281912111046938,11,0.01672226538050777
234,-0.62381581254606,1.4970849415758765,0.015693808236243244,16,0.015867081926398473
234,-0.5848374426869667,0.4837206197172211,0.016031385676765538,21,0.01552694875023212
235,-0.5746923770305132,-0.48942420968826705,0.01573785821718401,18,0.016430128549145735
235,-0.5555472457920022,-1.520975556779857,0.01578467971004455,13,0.021166083247804578
235,-0.621743805751217,1.4990319509909313,0.016078794145749784,17,0.017307403307789036
235,-0.5823525854380526,0.48335039485920095,0.01597930551505484,20,0.014378640316518964
236,-0.5727355809366083,-0.49248033094709925,0.01606504653793702,18,0.02251720688172414
236,-0.5779997869416993,-1.5328682767313118,0.015889295246579383,13,0.016579019046791068
236,-0.6234492423992981,1.500263263194048,0.01607704640951661,17,0.015875734039288977
236,-0.5830017966726667,0.4826784048014583,0.01596583132101315,20,0.015131232308120253
237,-0.5729560576571359,-0.4900962351813192,0.01572258029723108,18,0.017131598748312177
237,-0.5611490442816636,-1.5166158629058053,0.016081741127586716,13,0.018962062901929384
237,-0.6206009757002796,1.498407258378973,0.015750572998664426,16,0.01829685404430014
237,-0.5845397892320233,0.4843850959400842,0.016061743286347834,20,0.013893227770625245
238,-0.5722268629924137,-0.48966619858932864,0.015947240636332537,17,0.017300206440926086
238,-0.5645990684624564,-1.5276207511589122,0.015359452244311109,10,0.002326458883341414
238,-0.6239386928839639,1.5004573255897409,0.015750999310832594,16,0.014335059346539622
238,-0.5818722275420409,0.48141683976758803,0.01600531931772652,20,0.01419078946639233
239,-0.5725313402669754,-0.4892984014854029,0.01580888844347159,18,0.01769609815325911
239,-0.5640432039995275,-1.5115318411781882,0.016103654836435,12,0.013336560923224102
239,-0.617888983575213,1.4955385408836717,0.01578549332795536,19,0.023343423372560658
239,-0.5818775240134922,0.4824830682574413,0.015896922132211822,19,0.011322694626053908
240,-0.5731831588018992,-0.4907124158286767,0.015930258497648064,17,0.019900474716067203
240,-0.5710215858149436,-1.5274979708763976,0.01568403239000532,13,0.015716812265354138
240,-0.6256379062855408,1.4997168257775835,0.015935191747977126,17,0.016271311159744725
240,-0.5793070917293432,0.4826460475891255,0.015813167043100526,18,0.008797281835437896
241,-0.5741225369421533,-0.4937684433591302,0.015870611574318856,16,0.020472000996238547
241,-0.5702808608501689,-1.524649844886036,0.01603134166075576,15,0.019173218124362762
241,-0.618461521512574,1.4963056683945342,0.015984929149873404,17,0.022732429516433127
241,-0.5843381536626711,0.4836899809158106,0.016012983758899656,19,0.01440910138617279
242,-0.5729460408915271,-0.4895347442632487,0.01593201828784596,17,0.016658839684153173
242,-0.5662892311557605,-1.5141417386420373,0.015833134222330958,11,0.013146312164630374
242,-0.6193659147018679,1.4940208865783542,0.01592931450621475,18,0.021367158697039413
242,-0.5827405409856963,0.4830573905828132,0.015961550784749902,20,0.01635248852256216
243,-0.5754355531962987,-0.4910220204843697,0.015999544794306785,18,0.013743807422825936
243,-0.5772012983792039,-1.5279598102176044,0.01594036974288268,16,0.016044916803076834
243,-0.6213049138042679,1.497438460361282,0.015971813384104007,17,0.019217371550199987
243,-0.5837312128851209,0.48310688795609086,0.015887168491329106,19,0.014475401294340995
244,-0.5708239102759805,-0.4934407717449016,0.0163349051764009,18,0.022609866032765116
244,-0.5565167351576259,-1.5035084571328092,0.01590988978894689,11,0.0035843904247888562
244,-0.6233706154953136,1.5002270357949359,0.015901963499902437,19,0.017078631830630197
244,-0.5840140407995756,0.48412579097910063,0.015900847571015966,19,0.012795190267474088
245,-0.5738554281009641,-0.4909238021297814,0.015851956841530443,18,0.01512664776417186
245,-0.6245910541807718,1.4991423391683056,0.0161192722238173,17,0.014605850885007786
245,-0.5900087756676955,0.4860712026451884,0.015896104297291918,20,0.020840237865362852
246,-0.5633127968657369,-0.4865824445070243,0.015780719985150043,15,0.019161086814652485
246,-0.5603720529881298,-1.532151861650069,0.015730695009708168,10,0.0
246,-0.625086405291289,1.4990306671110092,0.016079277080118994,17,0.015310078565476854
246,-0.5897772944517224,0.485336101165223,0.015970257265869453,20,0.0214735876664866
247,-0.5719693766645667,-0.4882773847068101,0.01592830717034707,17,0.016152846396001008
247,-0.5639246196758423,-1.5123368577870417,0.01573699850414933,12,0.013072180298859828
247,-0.622837457526253,1.4995070082006563,0.015997526597302057,19,0.02069943885593675
247,-0.5811716278068804,0.4835823220733407,0.015942437577877985,20,0.013566000191562025
248,-0.5743595526690707,-0.4927125413112467,0.015844709021954704,18,0.018724140698236785
248,-0.5633220931845526,-1.5114996332631012,0.01602351294239009,12,0.014277656420370799
248,-0.6205527215143032,1.4933537383457598,0.015704789566551226,19,0.019920904363107804
248,-0.5849299090184895,0.48240977314679756,0.015913237489875436,20,0.016515335712030507
249,-0.5676724434446186,-0.486720754400311,0.016054725354187515,16,0.019772956143553035
249,-0.622733614206101,1.4986618794113924,0.01596076114529261,16,0.015177403349897128
249,-0.5880804607234309,0.4849951168050233,0.015955557055754965,20,0.016413874105171603
250,-0.5760139462218951,-0.49791611100748756,0.015951906204134222,19,0.019913080296063337
250,-0.5642708549149783,-1.5132656376503817,0.015749300892574106,12,0.013083661549264136
250,-0.6241028926653932,1.4992850281202832,0.016140559311677734,18,0.016223792482683443
250,-0.5892172912592185,0.48470094316105694,0.015892419788398095,20,0.017339424133544612
251,-0.580434762430035,-0.5018331205309455,0.016214405974043673,16,0.003943185358758381
251,-0.5747589958329812,-1.523084753770313,0.016025721721221915,13,0.018366870100286425
251,-0.6234251583789127,1.49982823538695,0.01587912095881107,17,0.017230493423084938
251,-0.5854707717033337,0.48463292436882477,0.0159873310591716,20,0.01741455234102263
252,-0.5724599032702338,-0.49529311662700704,0.01611607252387732,17,0.021078248216874138
252,-0.5624016933632212,-1.5162653780157622,0.016078554660836734,12,0.015089353513831246
252,-0.6214431281331877,1.4982576096348377,0.015975260762688948,17,0.018548255022637978
252,-0.5828782364426826,0.48329067480863613,0.015973799172560626,20,0.013937793685071509
253,-0.5718932880668334,-0.4873258684293507,0.01585402051946638,17,0.018251227223731965
253,-0.5576582458622965,-1.5134772309157525,0.015934807880318834,12,0.01637422511314518
253,-0.6235994000816916,1.4960616478893998,0.015864708345763687,18,0.018881718303085628
253,-0.589782951151027,0.4860543333800318,0.015861727996750254,20,0.021133653234413633
254,-0.5715144491736518,-0.48915615836498194,0.015862826478456372,17,0.020212829382073645
254,-0.5603720529881298,-1.532151861650069,0.015730695009708168,10,0.0
254,-0.624879948805274,1.4999811566673167,0.016012284680581447,17,0.016801750221580255
254,-0.5856704389277704,0.4826430645462383,0.016028387348971145,20,0.014904621447789297
255,-0.5711654129885941,-0.48713300081116817,0.015882947735663115,16,0.02031551740524392
255,-0.5734569917693013,-1.5205012238608204,0.016148665162801088,13,0.01936646216783782
255,-0.6253870698558203,1.496648541899946,0.016056363063953468,18,0.017172828698841427
255,-0.5849105309794439,0.4838924210864578,0.016048628755837006,20,0.016522264325497037
256,-0.5756562274982057,-0.4930578972217742,0.015818280001190628,18,0.019479893741081118
256,-0.5688917491663407,-1.5121108177714662,0.015698968444136634,10,0.004058252415502632
256,-0.622315796410131,1.4978765772552856,0.016040269473341407,17,0.019182615748648397
256,-0.5858762316520489,0.4848344734797177,0.01589039193015647,20,0.014485091063499602
257,-0.5689718093175764,-0.4877055332520326,0.016005280375762824,16,0.019541430409603867
257,-0.5720143668246613,-1.5228130951943772,0.01620150584392173,13,0.019742242659840356
257,-0.620254954686428,1.4974116316264692,0.015970418416761542,17,0.019033358302406194
257,-0.5864347976987354,0.48501177148801855,0.01592046645656161,20,0.018229452519879483
258,-0.5732121837534317,-0.48973224485572925,0.01586745462219259,18,0.018312674227804505
258,-0.5635186312519259,-1.5131661899448965,0.016408832542044748,13,0.015407795630375695
258,-0.6195644190658638,1.4951348049839324,0.016001380232206652,18,0.022314252523911227
258,-0.5879985084498563,0.48187810617437393,0.01596549141681609,19,0.02159225762827046
259,-0.5734347011107422,-0.49199898981914886,0.01597172464259024,18,0.020305721889351577
259,-0.5647424407194374,-1.5145480017477655,0.016093857286108647,12,0.014460968627866293
259,-0.6215371953092315,1.4972219149103205,0.0160380807258288,17,0.01792876507899071
259,-0.5901534272160721,0.48496870602497616,0.01594788999478984,20,0.021594484401855504
260,-0.5708619314250295,-0.48882278625998726,0.015986268844572885,18,0.021581648686471003
260,-0.5576582458622965,-1.5134772309157525,0.015934807880318834,12,0.01637422511314518
260,-0.6215557658811534,1.4978095264226043,0.015911673583871022,17,0.016485559226680876
260,-0.5869993067104677,0.48677107628317257,0.015932857914678224,19,0.01516929641369892
261,-0.5714314994147272,-0.48725730042005677,0.015895155390231314,17,0.01687231619742377
261,-0.5634592025615922,-1.5165205107377462,0.01581973164737351,13,0.016623924397668417
261,-0.622252114508753,1.4974435518660743,0.015962952291062923,17,0.017227939851028194
261,-0.5850178355168467,0.48416530710726124,0.015965292955527285,19,0.011464701264098147
262,-0.5716162945423017,-0.48776190984754725,0.015902356700040306,16,0.01795001739492941
262,-0.560980073115635,-1.5171282127022014,0.015837834487452813,12,0.016492143953179505
262,-0.6250863521205309,1.5004161227074153,0.016000348722739123,19,0.01805943532203806
262,-0.5856978453406176,0.485154222304091,0.016011590727772442,19,0.014960756205892038
263,-0.5700978491701881,-0.4910083284885029,0.016012513612793003,17,0.02188051673514518
263,-0.5584902715326184,-1.5054704593647363,0.015642532685239862,11,0.005154460055716526
263,-0.6229965285339036,1.5028583263550928,0.016207870854855883,17,0.018999115694167682
263,-0.5866619773639206,0.4844399492692324,0.015835777220643863,19,0.0152346684166468
264,-0.5766120295959365,-0.4959979814237885,0.016035058497876942,19,0.020351343984771963
264,-0.5524716413138867,-1.501520155761301,0.015385933935579537,11,0.0
264,-0.6227426819477232,1.4996719036005228,0.015942574515002233,18,0.01713123508348656
264,-0.5875070154252607,0.4840851351514654,0.01590947123724743,21,0.017717865212663924
265,-0.580534344622777,-0.503046017753735,0.016263468506008887,16,0.004228109188748617
265,-0.5744986489289187,-1.5263576173506015,0.015976041120239592,14,0.014351429725059959
265,-0.6174777336698188,1.4958064660922183,0.01592872608375587,16,0.0232162384142001
265,-0.5865988838906557,0.48360177480027183,0.016065039331244358,21,0.016620625297786153
266,-0.5769108635881183,-0.4955754513091897,0.015981537477917102,19,0.019623128934145303
266,-0.5789475079527018,-1.5323868840059445,0.016163622319230443,17,0.01625884877643744
266,-0.6200383834870209,1.4984989361857597,0.016237743144366903,17,0.02113468459760738
266,-0.583895612816674,0.48361277349534054,0.015972684523887823,19,0.012979637578264815
267,-0.5724676943185784,-0.49290617086766203,0.0160959756305797,16,0.022162048073026692
267,-0.5750970992250457,-1.5269540821079017,0.01592278873033944,13,0.016488593911256053
267,-0.6231511973603056,1.5014935796530418,0.016031055001675187,17,0.01451066956751612
267,-0.5866364970961482,0.48529749347030887,0.01601661034654427,20,0.017858366550464955
268,-0.570284769213548,-0.48682449406038963,0.01585919686095689,17,0.01669905747750388
268,-0.5660129850438368,-1.5309863309554674,0.015240331604843688,12,0.0042541233485730474
268,-0.6223523708848445,1.5004035548970895,0.015947352169283495,17,0.017777390502073692
268,-0.5861206002664218,0.4855727834509449,0.015996315787277945,20,0.015031101863287101
269,-0.5744078553049317,-0.49118133598755104,0.015884839705671817,18,0.015369304231420605
269,-0.5610280285096245,-1.5192685559917165,0.015997058341591087,12,0.017849652346742868
269,-0.6211648230550691,1.4997451209159012,0.01603979325127418,18,0.01814667894435097
269,-0.5849325017410859,0.4870300374668099,0.015954546830570022,18,0.012285943063590484
270,-0.5727899624605128,-0.4900672806121897,0.015860786886834226,17,0.01662183271852033
270,-0.5682320804358731,-1.5199533830074243,0.0159423134041363,12,0.014484766089903796
270,-0.6219686487860753,1.4990308983969505,0.015973230599595375,17,0.017629225237039796
270,-0.5839929161269863,0.4852012178216226,0.01604567743402998,18,0.013530850218175803
271,-0.5720404361249304,-0.49369847791206084,0.016056482680715363,17,0.02159621519550886
271,-0.5631478032409427,-1.5079252044696456,0.015665464775475924,10,0.004564670773702522
271,-0.6226395385788297,1.4997723115752146,0.015884464499108245,18,0.018256522105221794
271,-0.5811446102480872,0.4833160745030615,0.01591628906615662,20,0.012316928163250319
272,-0.5762265850709153,-0.49478838497799266,0.01586615723651466,19,0.018611297014210472
272,-0.5598582876009487,-1.5050533812748863,0.015904547293000258,10,0.004172450278819455
272,-0.621095195021912,1.4970245266736928,0.016069249270021634,18,0.019470141396715646
272,-0.5795630512550438,0.4800918736547968,0.01604275454127881,20,0.010715284354992296
273,-0.5743710162701987,-0.4899692048591005,0.01581758063551618,18,0.018538360861547108
273,-0.5564113327149047,-1.516805441204347,0.01554908312207079,11,0.018110649845140502
273,-0.6236330678021461,1.4978428748031485,0.01588004907046923,19,0.0190169811720881
273,-0.5821996000488034,0.4823701287273074,0.015963929996202296,19,0.012281323517658064
274,-0.5711933651851324,-0.4841939141653958,0.01594793904021526,16,0.01181809326497104
274,-0.5612964095756552,-1.5123063446294058,0.015874374178530642,13,0.01763154396189482
274,-0.6262199392186437,1.5002934658517155,0.01593265209695018,17,0.014192524953676178
274,-0.5877391444486244,0.48315950021259657,0.015925381696997813,20,0.018806427421086392
275,-0.5711181272713527,-0.48977324426231067,0.015954339787211363,17,0.018122087972006824
275,-0.6238861534418114,1.4993719490459385,0.01606183498816221,18,0.014168232415971423
275,-0.5850146109502857,0.48097301450083435,0.01587163908320337,19,0.017524840192218033
276,-0.5712020153408901,-0.4888953047259704,0.015917009287598496,17,0.015794060435409946
276,-0.5766656723293238,-1.5291638099211133,0.016013432983981134,13,0.01680262313236352
276,-0.6237771785774394,1.4989043100327304,0.015752755099345823,18,0.01588303856294566
276,-0.5856637541833553,0.48416622445078095,0.01600501352054961,20,0.019067363470528214
277,-0.568794154348522,-0.48962431613878854,0.01605612233529244,16,0.021478759519261394
277,-0.5624720320698237,-1.507230020533225,0.016222853697189857,10,0.0051605114210641675
277,-0.6221384851990822,1.4995313928516356,0.015987331682240286,18,0.017297284598840536
277,-0.5869479161764211,0.4860887069486716,0.01597361079414546,21,0.01544165235128746
278,-0.5735889481000869,-0.4857877157133054,0.01574624561060097,16,0.01306839550209402
278,-0.5593116913001906,-1.529259271182285,0.015650339181519517,10,0.0
278,-0.6226801113054599,1.4990835698307856,0.01608257646427696,18,0.015228403204891666
278,-0.5921934344702953,0.4813232481980817,0.016236364613425903,14,0.02170532966302308
279,-0.5700825990710536,-0.48853185476530886,0.01601822954078013,16,0.021531015367281043
279,-0.5602028175305391,-1.5059832260405142,0.01591437287358623,10,0.0041729776857311295
279,-0.6237172445869354,1.4978319779387632,0.01596959553747537,19,0.01845110452454892
279,-0.5842166214216803,0.47784077221921145,0.015773107992816313,15,0.02010058644243023
280,-0.5718334367666248,-0.48906108987249136,0.015785792341616353,16,0.017652875171494106
280,-0.5679041524487595,-1.5155631473475404,0.01613508720774691,12,0.005743557312277409
280,-0.6227716703754224,1.5002663521671047,0.01593387809176581,17,0.015228792965173113
280,-0.5806336665138554,0.481272701041951,0.015869984017967503,15,0.008027741171130599
281,-0.5711902065409881,-0.48643330723816175,0.01578321106487362,16,0.016031913164139877
281,-0.5588558467652464,-1.5126994760455208,0.016070715962554896,12,0.016635228445466155
281,-0.6202638008342996,1.4969044619622698,0.015887006760554403,17,0.020571182099322897
281,-0.5855566623441186,0.47722510694938985,0.01583956745412409,15,0.01854722539364828
282,-0.5733845638362997,-0.4917579496090662,0.016039884550207186,17,0.020312520643240423
282,-0.558901382655808,-1.513718988292656,0.015544358158162411,12,0.018056195718196263
282,-0.6199820942103692,1.4967134354474114,0.016002762580741587,17,0.019311752503404358
282,-0.5803958449282152,0.47404064030966236,0.016103064782993247,14,0.015970364820122856
283,-0.5725254927093557,-0.4891472800356401,0.015829575263077433,18,0.019173660062704677
283,-0.5657283064903498,-1.516322290006282,0.0163851118345168,12,0.014250983541099566
283,-0.6214233911537841,1.4964065732487621,0.016029675481982066,19,0.022163362432771425
283,-0.5954309871064833,0.48382197957102835,0.01598811182588555,16,0.019870613233799125
284,-0.5682349511943617,-0.48766510608106095,0.01601227422584707,15,0.02155161554335031
284,-0.5564163289769426,-1.5123489988908585,0.015171993538430819,12,0.015384419310783494
284,-0.6210075178434518,1.4971877332371928,0.01592329570738456,17,0.018577395697943512
284,-0.5862165566172888,0.48599551069311564,0.015976600331247034,19,0.017148126272827295
285,-0.5731529638043886,-0.4918160080016807,0.015939922875225974,17,0.020769006860077214
285,-0.5560675642379267,-1.5158694067502747,0.015529220889754135,11,0.018088460867188245
285,-0.619721329608941,1.4974422415507593,0.01587073223819929,17,0.01949448717077523
285,-0.5871727660288873,0.4846848267225213,0.01591878818793495,20,0.01568063733810463
286,-0.5710317918025498,-0.4888138952321795,0.01600836917188659,16,0.019599643764871427
286,-0.5568779664614703,-1.506274750591643,0.01598084798752941,12,0.004387366498409285
286,-0.6190643748498416,1.4953368670924334,0.016066245596733655,18,0.021760399890635062
286,-0.5853604987610521,0.48251581163027024,0.015965511570651028,21,0.015747496793452113
287,-0.5727288529704907,-0.4926946310327353,0.0158826087545236,18,0.01970231960685127
287,-0.5649152733877356,-1.5142836201608583,0.01635492818997701,12,0.014381851721884352
287,-0.6186927569749453,1.4980263164490852,0.01586938006073362,18,0.020871310572856593
287,-0.5827067237102952,0.4826363121290499,0.0160089224541638,20,0.015183125699598086
288,-0.5763544477208701,-0.495837177612784,0.015899125705014082,17,0.01937281462781835
288,-0.625990830496843,1.496250762013634,0.015947167279004172,18,0.018334934150427112
288,-0.5871638768147267,0.4838820081795354,0.015994197395746847,20,0.0203127277303375
289,-0.578756806468639,-0.49643602374404205,0.015939069049975763,18,0.01566255904313304
289,-0.6211552856698398,1.4971705482934041,0.01599441103428773,17,0.019583125728206818
289,-0.5853625096043886,0.4840252149260199,0.015939444306754043,20,0.013520667034489241
290,-0.5728554376156487,-0.48739049150229674,0.01580412182905346,17,0.01690491412222387
290,-0.5589540928013483,-1.518869597029448,0.01585412763388847,12,0.01821283875849097
290,-0.6231739875079053,1.497062992854418,0.016131811349317838,17,0.016985044595253476
290,-0.5875337579434008,0.48573910680278715,0.016039503272082457,20,0.021330230537472083
291,-0.5714647592584403,-0.48920419075451815,0.015875533683058114,17,0.017329521531833272
291,-0.56393232550181,-1.5117648330914466,0.015691767578135996,12,0.012748562533996715
291,-0.6247399546648398,1.497702612622617,0.015977986985145066,18,0.016083360890297497
291,-0.586776255120903,0.48450592025437034,0.016009439761853955,20,0.019419564976952512
292,-0.5722821064234456,-0.49001869460572783,0.016016972885530386,17,0.018390796324073245
292,-0.5603720529881298,-1.532151861650069,0.015730695009708168,10,0.0
292,-0.6235189649607532,1.5007551873885023,0.0159868405062868,17,0.017038739475202937
292,-0.5888678691124387,0.4865827296507235,0.015938229197178737,20,0.02161673154767547
293,-0.5718026055835133,-0.49019977846279394,0.015988089012794124,17,0.02053616993023784
293,-0.5558398679885138,-1.5107527533113005,0.01589562741346519,11,0.015241943814216202
293,-0.6223542870436551,1.4963738943068274,0.016046133896600895,19,0.023059263573200022
293,-0.5917115085218133,0.48828594291454647,0.015981162352189233,20,0.02174648614064791
294,-0.5756618759275979,-0.4930126095747021,0.01586400931898123,20,0.018921677603916127
294,-0.5587111561611763,-1.5049503553063164,0.01538069395282873,10,0.0025137858199722266
294,-0.6220421216346832,1.4993707531143279,0.015950032333738817,17,0.018974185748568108
294,-0.5881809206123114,0.4855504974064632,0.015960825495928182,19,0.021584268631690665
295,-0.5766055794059053,-0.4924325895098537,0.015955733569314207,18,0.01651097507363906
295,-0.5576837501079698,-1.502178350428397,0.01533638859449796,10,0.002511418227542489
295,-0.6228621013739725,1.496804285509731,0.015752375548820613,17,0.020932022931242824
295,-0.5854215633264103,0.4854169881591481,0.016089827732733843,19,0.017907002458290022
296,-0.5747945837972238,-0.49120512842919456,0.015975191500840855,18,0.016180368766356402
296,-0.5644373199321399,-1.5140523766672755,0.01574736155642137,12,0.01365646761309959
296,-0.6238900055650665,1.501228389597212,0.01616664114436469,16,0.017808003829743322
296,-0.5867570483360134,0.4851942620295154,0.015941341986712182,19,0.020346334558896652
297,-0.5723982794184294,-0.4873304712693305,0.015855964792206606,17,0.016407607217158327
297,-0.567510611270521,-1.5253611607074127,0.016053246707934427,13,0.01888789438889693
297,-0.6262313408101103,1.5007154031837648,0.016020493702466363,17,0.015938518705429238
297,-0.5816772237294764,0.48358608717376583,0.016008168056567892,19,0.01256437851989195
298,-0.5744083165142654,-0.4926849753113907,0.015894838419893066,18,0.017446855670659088
298,-0.5603720529881298,-1.532151861650069,0.015730695009708168,10,0.0
298,-0.6148166980762119,1.4908406173135165,0.015821677888532306,17,0.01945969305204708
298,-0.5935866905570452,0.4867478218549114,0.015946039859974108,21,0.01694222183083438
299,-0.575749435514161,-0.4893332294289157,0.016018670863112823,18,0.016673715560628213
299,-0.5668863387887718,-1.5138379533138824,0.0162897371040117,11,0.013030455238044922
299,-0.6250353327470863,1.500093082506501,0.015967788134659024,17,0.016993054477314237
299,-0.5888063978709507,0.4842703944882945,0.01603513466731117,19,0.01785115122845581
300,-0.572366068726087,-0.4893222544174342,0.015930677461725645,16,0.01862081693273792
300,-0.5595252364693634,-1.5117462155355987,0.016260497714269132,12,0.017151163665133026
300,-0.6240316726213991,1.5013902932162346,0.016172598445034526,17,0.017664929698098426
300,-0.5916450956028593,0.48652359064055434,0.016031539137920325,20,0.019772383326035585
301,-0.5751509224048968,-0.48900981540415867,0.015802361368208635,18,0.015626429670667245
301,-0.5646300073118764,-1.5155384313861784,0.01629180611771911,13,0.013875453186306765
301,-0.6208088437183837,1.4947288343630303,0.016204765345147698,18,0.020877846391147818
301,-0.5894669953714271,0.48498123137144455,0.015978715662608743,20,0.018204501427342853
302,-0.5712203774387233,-0.4871481890001685,0.015864835360053425,17,0.01794781672836036
302,-0.5612997383583983,-1.5066906045452377,0.01574640119492946,11,0.005020901068659975
302,-0.6214123486052181,1.4986967125350334,0.015875219211276985,17,0.017249585246542153
302,-0.5898734803107076,0.48418955243487727,0.015865970110284663,20,0.01769393005815378
303,-0.5769199990294103,-0.4922369390600895,0.015981029107974314,18,0.014586007230525746
303,-0.5613487841325606,-1.5175342746231033,0.01591949318595688,12,0.01622514588157293
303,-0.6220195639418589,1.496663558055622,0.015925451744258464,16,0.018830436850197203
303,-0.58447321458407,0.48452699139138566,0.015940858192654145,18,0.015488944107498452
304,-0.5753870866632788,-0.49137034698619275,0.0158491296272895,17,0.014416124591869965
304,-0.5642419728272049,-1.5151561334627968,0.016390912821769885,13,0.014733780260004981
304,-0.6208595255334636,1.4984897551525769,0.01582483582953706,17,0.018907524252949226
304,-0.5916819885370544,0.4865480997965457,0.015939937346936415,20,0.021243526318140058
305,-0.5708275960000536,-0.48939396025040083,0.016022710994071012,16,0.0209229156314061
305,-0.5571999079003048,-1.505351953695684,0.015944131196109802,10,0.003591463745436549
305,-0.6245397838162222,1.5004249895619215,0.01600070172675581,16,0.014825440348389821
305,-0.5862684766694084,0.48486464058863665,0.01609390427281974,18,0.015343794772239041
306,-0.5747246359251333,-0.491457215520707,0.01587431460047863,17,0.0197008843904524
306,-0.561055272544312,-1.521359206321741,0.01582203962346479,12,0.018093109806200706
306,-0.6224216873182322,1.4993133525348519,0.0159854803382681,17,0.016447396388668704
306,-0.5875700151999645,0.48688242792048697,0.015884274900025887,19,0.01724869797270679
307,-0.573396906903264,-0.4898099046645262,0.01595057896414379,18,0.019369090983896088
307,-0.5574521934668251,-1.5117702503071464,0.015479363824992001,11,0.01537412231276828
307,-0.6198959355749392,1.4964788687105741,0.01590418381356316,18,0.022019730901107176
307,-0.604000990811998,0.49078957324927514,0.015897984511062647,14,0.002986256595518321
308,-0.5717284717827522,-0.48990418862154844,0.01600600526013496,17,0.02106812774270109
308,-0.5677763497930005,-1.5109240862587725,0.01597134582737448,11,0.004120539138293434
308,-0.6218359573568216,1.4980640481930807,0.01604725769830141,18,0.018967817230836532
308,-0.5837094791083854,0.47475687659307897,0.016103731072380383,14,0.012964285491602341
309,-0.5693463965119745,-0.487024777021956,0.016007410789371894,16,0.021178253395030086
309,-0.5626155889918202,-1.527097952440298,0.016348192880710603,12,0.01563278158892098
309,-0.6255461719182297,1.5008541316513309,0.016002285137988542,17,0.014788028153299201
310,-0.5714113984628791,-0.4856676886858159,0.015826960017330662,16,0.014996345470636848
310,-0.5643290192919858,-1.515581061805418,0.01598551726428697,12,0.014573271824893545
310,-0.6220525654653526,1.5001673844506407,0.016072573692245528,17,0.016743428112808312
310,-0.5909416591415277,0.48250419222772845,0.015821819437086503,19,0.02067093391431312
311,-0.5709482377661327,-0.48670335017250554,0.01582922328335122,16,0.01812935759679731
311,-0.559713019218505,-1.5235371482120446,0.015612354452124638,12,0.017754706156199607
311,-0.6214967945109646,1.5006905795667043,0.015997690517766294,16,0.014165439964541155
311,-0.5908082174227334,0.4880544494712264,0.015852602685643456,20,0.017277947168525026
312,-0.5714800408750216,-0.48740962093481954,0.01593924439479787,17,0.016723922886705843
312,-0.5756614306564576,-1.5298898919093993,0.015911828870345222,14,0.01897408164935729
312,-0.6197115274007454,1.4978863407963579,0.01590433565853664,15,0.02101177137242139
312,-0.5915042141603577,0.4901462104503491,0.015966973161253114,19,0.016002878451852273
313,-0.5731708934935253,-0.492269029605737,0.015869708685217587,18,0.019368089410185807
313,-0.5640906334073297,-1.5131218556094201,0.015734919870963333,12,0.013645015354015431
313,-0.6226158728393345,1.5008560538638533,0.016220874539395882,18,0.015004811285000587
313,-0.5888290347752558,0.48705050502186886,0.01596831456334939,19,0.014725142286686024
314,-0.5746330621611587,-0.49079439471431796,0.01588743410086724,18,0.01608670152707495
314,-0.5643621214427056,-1.514291051881398,0.016061518665653515,12,0.014316453517327086
314,-0.6212287405237827,1.4984351191644085,0.016080431459983675,18,0.01797233926339345
314,-0.5883094235050436,0.4837239840282474,0.01597916902132384,20,0.015838308712849223
315,-0.5725057383582132,-0.4871889303047207,0.015891974982466847,17,0.014984285236855353
315,-0.5640801143993633,-1.514430380018749,0.01587810601412313,12,0.015137976343208338
315,-0.6204748269250142,1.4927515910852398,0.01579610932209017,19,0.02251177068229051
315,-0.587485630145054,0.4856462960156539,0.016044424209714393,19,0.014810359889096977
316,-0.5724162125112667,-0.48641014997954346,0.015794455965051798,17,0.015315166550443099
316,-0.5692398788536489,-1.513033848751119,0.015713659354078285,10,0.004064145839469029
316,-0.623358870917452,1.4945443404570071,0.015964160605258213,18,0.021328263913330772
316,-0.5867516218771557,0.4848341787572659,0.01599879318397877,20,0.0158756169846423
317,-0.5681591741988682,-0.4905667756860513,0.015914544265612014,16,0.020937246572099603
317,-0.5693365214109593,-1.5125484141894647,0.015819452874111375,10,0.004166211548428744
317,-0.6227122986143422,1.5005675531905265,0.016015902326770394,17,0.017691202232450007
317,-0.5867076925282823,0.4841682809666601,0.01594449686421165,20,0.01723434624651921
318,-0.5760926398434264,-0.49210659579809163,0.015877586355266263,18,0.01597237462634905
318,-0.5692130748173893,-1.5249256341852848,0.016123446580468215,13,0.018823284393563098
318,-0.6181763192130965,1.4956357316012094,0.015992508471535924,17,0.02178335563723856
318,-0.5868349793118403,0.48463414828078,0.01593649060001712,21,0.01695673648105793
319,-0.574654928276786,-0.49193204113931055,0.015855541701318327,17,0.01580625990172132
319,-0.6237521407634695,1.4961894689811175,0.016064556638276904,18,0.0201970010237532
319,-0.5945695076295225,0.48752705735323737,0.015967474258150254,19,0.01624214600396227
320,-0.5720736118523203,-0.4919276408906104,0.016007320824614236,16,0.02197317879473692
320,-0.5591510950415554,-1.5073215117422403,0.016139576526774068,11,0.01351744096875267
320,-0.6252094806409719,1.4986514583285664,0.016215574762003266,18,0.022176420366957172
320,-0.5861610105089231,0.4781593982085727,0.01623414480222286,13,0.020726742207595128
321,-0.5717719198256663,-0.490235221880096,0.01598209490886935,17,0.022071232346409977
321,-0.557985745708134,-1.5173668352659568,0.01528774874568111,12,0.016641238829936032
321,-0.6218917351508854,1.4967138320197535,0.016013228060024694,19,0.019816705927678726
321,-0.5840577652353615,0.4769251623198624,0.01621238244104382,13,0.017502008781229126
322,-0.5720223564446455,-0.4902527604646455,0.015852663531992245,17,0.01746883848488919
322,-0.5687202755044206,-1.5226954348059396,0.016079552255827145,13,0.019299195269819037
322,-0.6211633683318313,1.496690105509519,0.015747950652443884,18,0.018599692475113224
322,-0.5828972970581243,0.4725952970292237,0.01612019437605941,14,0.016146467954797943
323,-0.5717718230791546,-0.48871612240302037,0.01592441067291841,17,0.016522726988512062
323,-0.622638288946608,1.4974092680410467,0.01592514948524133,18,0.020255269043793978
323,-0.5992913424157268,0.4866860981898441,0.015928093393510975,14,0.013227019973730216
324,-0.5694772017351792,-0.48926546570049473,0.015932187995134555,16,0.02159065836860085
324,-0.5732261241476092,-1.5204873618037489,0.01611026761523622,13,0.01738176984778942
324,-0.6197624315827158,1.497366529222202,0.015864666612730418,17,0.017380252458889685
324,-0.5997619617488388,0.48827842267674665,0.01589989844547541,14,0.008883363889787839
325,-0.5701132677733389,-0.4887305432064628,0.015817797742305163,17,0.01963880312982233
325,-0.5644534647598372,-1.5081991320469768,0.016219490745622574,11,0.011511161649233936
325,-0.6218779197004557,1.4961998709191255,0.01603091451236499,18,0.017971992969772387
325,-0.5983827555664276,0.487448994108586,0.015890499012761496,14,0.01349988875861257
326,-0.5737824558743666,-0.4934190302554427,0.015831285996828762,16,0.02039627690854831
326,-0.5573964487215483,-1.5332326712734123,0.015726653833406778,12,0.0
326,-0.6201579025578616,1.4966428671544028,0.015915811264722007,17,0.02062368011425305
326,-0.5985515461711381,0.4860583664844645,0.016346376875195426,14,0.017163186825192238
327,-0.5754061391108352,-0.49369787417875466,0.015949733966908505,18,0.019407850030711007
327,-0.5578470053950445,-1.5101780833986054,0.016062224392611513,11,0.014583876409365558
327,-0.6228249518370726,1.4962469450493128,0.016060944177157522,17,0.01858260552559827
327,-0.5967463754497048,0.4838427025349978,0.01597915064808897,14,0.018290484515502862
328,-0.5744603454320735,-0.4904751304149556,0.01582424587273547,18,0.017837549641566156
328,-0.5574983026366106,-1.5061554835662656,0.015216885033610385,11,0.0035750200301948912
328,-0.6238366860574981,1.5002118133549098,0.01598039621356007,16,0.014477193670946756
328,-0.5821953294734051,0.4848949999569461,0.015912394107376743,18,0.010626912914079963
329,-0.5735792833578318,-0.49406015583926655,0.01580943910364356,17,0.02137194213428793
329,-0.5644268860815841,-1.5153609639680508,0.015890565451473455,12,0.015151491619829201
329,-0.6203416120928351,1.4969841762229337,0.015949107898597707,16,0.016427249519753214
329,-0.5871835381978311,0.48557201614106466,0.015755517535189965,22,0.016587805433992443
330,-0.5721431243045849,-0.492315085608704,0.01588541695110149,18,0.02015563221210762
330,-0.5678464766406227,-1.50933343623931,0.01566310312515861,10,0.0040459941331181075
330,-0.6214398147613538,1.4975208744473938,0.01613279549409681,18,0.019830976277738936
330,-0.5841452038579023,0.4831929544436227,0.01590440291401635,20,0.015047577590659143
331,-0.5738524777779154,-0.4938122185645169,0.015745067809773992,16,0.021504696065868995
331,-0.5704101392437297,-1.5226786869833244,0.016036579361436775,14,0.01988310268683485
331,-0.6225578614199456,1.4985309798601754,0.01596379678767316,18,0.018446780590986124
331,-0.5878150406457023,0.48385758547870666,0.015949518130811233,20,0.019675763001678028
332,-0.5743113744456418,-0.4927157193089983,0.015910339886000505,18,0.02130180542338419
332,-0.5565167351576259,-1.5035084571328092,0.01590988978894689,10,0.0035843904247888562
332,-0.6244283425209327,1.4983444953772227,0.01609707617215467,18,0.01599599642349865
332,-0.5879135011567377,0.48068308920820135,0.015923735706478984,15,0.0168931906065377
333,-0.5728014187062666,-0.48964938655353557,0.015846875329313195,17,0.01791294547151462
333,-0.5624416771519126,-1.5166758843316774,0.015796081328253588,13,0.01668362640209869
333,-0.61858658059162,1.4941643373751075,0.01577313496089196,18,0.021513283032689342
333,-0.5804323510135138,0.47514305841996923,0.015812164637068207,13,0.016811185466496317
334,-0.5720196110434719,-0.48991580355521847,0.015820493594831644,17,0.02003281710550036
334,-0.5750102717053854,-1.523028733893881,0.01600642226242737,12,0.014187575794369574
334,-0.6212267495719395,1.4987134242379159,0.016167767571154946,17,0.019960213852608183
334,-0.595460430561078,0.4848072507637914,0.015983878125359723,14,0.015680190216567743
335,-0.5704396113683294,-0.4876594417691423,0.015801042358157533,16,0.02099775340562862
335,-0.5642438613858932,-1.5166830060145808,0.016364538151346548,13,0.014915358697800467
335,-0.622945054363892,1.5002721349450527,0.015945924554753684,17,0.012782659271106094
335,-0.5819676612322957,0.4757980560150595,0.01585953075038938,15,0.014949427104179971
336,-0.5720365916573854,-0.4892311799479765,0.01589777669398846,16,0.021425069465237978
336,-0.56393232550181,-1.5117648330914466,0.015691767578135996,12,0.012748562533996715
336,-0.62388849915237,1.4989462503451962,0.01605487366341814,17,0.016786130141735318
336,-0.594465989681759,0.4906802157014255,0.016025175135546018,21,0.015333827217234848
337,-0.5727934362609647,-0.48786199424557497,0.015755294289983752,17,0.01902153827652619
337,-0.5541641512706041,-1.5061181079233101,0.015485678132231367,10,0.0
337,-0.6204649773237673,1.4966496786169534,0.015994028018793016,18,0.02264126712766237
337,-0.5971121987663061,0.4850674496691099,0.01679417368722172,12,0.017622170740838914
338,-0.5701266699843157,-0.4896756813596625,0.015935012499518772,16,0.021558399434088625
338,-0.5577076269790766,-1.5089997424348487,0.01562050820613904,11,0.015137388864340894
338,-0.6197864915581276,1.4997347473254445,0.015987490955135582,18,0.0201101778034859
338,-0.5834046687576347,0.474126270143722,0.01635017235385059,14,0.0173560421469341
339,-0.5765878355292864,-0.4916253542715473,0.01588996359354389,18,0.01262558139868124
339,-0.5681951099932967,-1.5102593782204607,0.015674924714531965,10,0.004050627135646935
339,-0.6211125916132444,1.4983249319670207,0.01600305110354944,17,0.017880395072552232
339,-0.5893286982261247,0.4792028999988176,0.015979281261904538,14,0.021191151151895096
340,-0.5760423240509791,-0.4951721717625822,0.015742294271459106,16,0.01937239588504384
340,-0.5610624194278745,-1.5340452898638977,0.0157468441210161,11,0.0
340,-0.6225586323216558,1.4993234851806838,0.016007348682504984,18,0.016787547657917835
340,-0.5886280401285281,0.47822817932144035,0.01586978874476729,15,0.021223288947874584
341,-0.5701291486219855,-0.4893668131028113,0.016019861569307906,16,0.021728984694564427
341,-0.5589540928013483,-1.518869597029448,0.01585412763388847,12,0.01821283875849097
341,-0.6144725805770619,1.4925703451152768,0.01591308276516521,16,0.021036867044571923
341,-0.5983468307189611,0.48811350290158684,0.015831169590046407,14,0.0033226642708908518
342,-0.5747802652184288,-0.4900113111281889,0.015759893888814443,18,0.016363536226830823
342,-0.5632763240863963,-1.5156985530505307,0.016314882217918755,13,0.015792348573312315
342,-0.6223552411754558,1.4964455713233984,0.016021956786561254,18,0.019133596194988247
342,-0.5859433249332859,0.47765631656847657,0.015882261544717433,14,0.018920209527086812
343,-0.5728589459841609,-0.48977579196963383,0.01588949381409828,17,0.018048824502011375
343,-0.5626858707419087,-1.5315683257204071,0.01585897682903846,12,0.0012969665127343568
343,-0.6245976171497004,1.4984408362854047,0.016065889676717113,17,0.019533422607184714
343,-0.5860898594817682,0.4780669286832327,0.016120589224687915,14,0.02024179311748355
344,-0.578684172251845,-0.4976486797533056,0.015889946200436995,16,0.011763130552844657
344,-0.5673370823928621,-1.5084195018578925,0.015860686578705336,10,0.004028899022738086
344,-0.6208426780271572,1.500320828705278,0.0160339824511471,17,0.020609974736196055
344,-0.592868559406492,0.48090817470565633,0.01576158791484271,15,0.021315292136629256
345,-0.572463979030097,-0.49238756469406436,0.015850649302056177,18,0.02264355608641491
345,-0.5565563867972202,-1.5185514469456352,0.015911631864106886,12,0.021629497124426626
345,-0.6191051535253286,1.496382698542759,0.016054765752027505,18,0.0241681910812619
345,-0.589841764847553,0.4802529047122107,0.016068238502147357,14,0.02135139123122584
346,-0.5785272479149148,-0.49617318936771765,0.016073554116724956,16,0.014675533039293715
346,-0.5561760497738172,-1.5025872288801378,0.01589225212306447,11,0.0035807830058407425
346,-0.6192239195174214,1.4963657015059642,0.016018039104363318,17,0.021068575855499254
346,-0.5881313071190257,0.47857352201151493,0.015765960732686924,14,0.02206223224472659
347,-0.5725652488149797,-0.49082795827455933,0.015966874645016196,17,0.02115853882384721
347,-0.5714379958841744,-1.5190262788655966,0.016034395122006814,13,0.019240051894736765
347,-0.6213589593711117,1.4990947255504947,0.015939676561938974,17,0.019006278662348945
347,-0.598477392150786,0.48661352063858815,0.01605948547394253,14,0.010101598263992331
348,-0.574008783180271,-0.4909512676636989,0.015938369973001517,17,0.020744977090120437
348,-0.5743937332251257,-1.5304131581529232,0.015742160715322535,12,0.0190793294969471
348,-0.6246152109255942,1.4968125679874238,0.015955983448652705,17,0.01706079715339003
348,-0.5957913127086971,0.48340352458558306,0.016020464130023063,14,0.017420717547915732
349,-0.5739096304880095,-0.48866923256744177,0.016055285078606624,18,0.016977105385961918
349,-0.5626925747304728,-1.5116312404178145,0.016040542056849186,13,0.013741240861199305
349,-0.6250878983507301,1.4975637631623637,0.015948934337019164,18,0.016552583418813955
349,-0.5803893175079923,0.4716435337782266,0.01635375621112148,14,0.013122115677586914
350,-0.573731118769058,-0.49179642070997576,0.015964563491700497,18,0.021010789579433614
350,-0.5643831993760567,-1.5146619592579267,0.01598575047412348,14,0.018255436659009954
350,-0.6272652867320011,1.5026265053750127,0.016095472648125195,18,0.01257402065515655
350,-0.5987875349069863,0.4844491046165808,0.015796354459894982,14,0.015580433556504568
351,-0.5720220271526425,-0.48907510891597833,0.015957041727998417,17,0.018288125424525445
351,-0.5559306932373431,-1.501917402216157,0.015549642237649312,11,0.0037765057685321016
351,-0.6249996083184872,1.5019368031024642,0.016172311706525364,17,0.016929159375118748
351,-0.5859618418561895,0.4781007855320213,0.01598688197468249,15,0.018057571247117835
352,-0.5753003816914102,-0.4943613255359187,0.01592703020273408,18,0.021236826456624523
352,-0.5687262019966369,-1.522998513187989,0.016743333472890323,17,0.009525134896375147
352,-0.6236250513399402,1.4979970916114576,0.01605608439311061,17,0.018226601033158495
353,-0.5769524616737863,-0.4951065249297416,0.015978392262833378,17,0.02133194130970748
353,-0.5698869497372739,-1.5219320809301808,0.015953600662477592,14,0.01807088856388978
353,-0.6222741296487675,1.4940432930194252,0.0158438642229597,18,0.021659460237280142
353,-0.5982199545723249,0.48088599373280655,0.016844973021418668,14,0.02142807249543753
354,-0.5740031548539393,-0.49384716667037154,0.015869791895231668,16,0.021266922422640794
354,-0.5685918365063247,-1.5229598151868913,0.01604734068687326,11,0.016664990653321245
354,-0.6205753718069211,1.4978419103942364,0.01609053488762872,19,0.021850012203531676
354,-0.5910490862249571,0.4792542354986096,0.01660935055032193,14,0.023242600409474096
355,-0.5753473842580894,-0.4940252790120505,0.01589277052726,16,0.019714419159595126
355,-0.5742216183181129,-1.5251916218734571,0.0156322021307881,13,0.01782158341282409
355,-0.6220486264854259,1.498815389016803,0.016001440298649368,17,0.01800469438272654
355,-0.5954490601211923,0.4842576883221188,0.016155533639114303,15,0.021205663652677027
356,-0.5702882440880446,-0.4860173845848107,0.015966101971152738,16,0.019301336553349046
356,-0.6221811879133488,1.5010482880953757,0.015960917803740995,16,0.018255181415053928
356,-0.5872870129296345,0.4768059470247138,0.016302299174166673,14,0.020085710834711914
357,-0.5768515840002642,-0.49435909999708194,0.015845339984307576,19,0.0182978304588742
357,-0.5572683819118149,-1.515571097360057,0.01588796491576478,12,0.017120557262584886
357,-0.6220510594487062,1.498774150917496,0.015975331298237215,18,0.018398594123522162
357,-0.5844997118358461,0.47585877139745303,0.016004892944946746,15,0.01585331632715713
358,-0.572666298121906,-0.4930358753347694,0.015920737076161533,18,0.02148251626007394
358,-0.6227269572636274,1.4995050392628537,0.016145868314756725,16,0.019710032471330827
358,-0.5802250825289086,0.47533989058165516,0.015807477380292038,14,0.012248042152112908
359,-0.5718047125633978,-0.48826304971908596,0.015747579557934207,17,0.017622526005499614
359,-0.5617711278783829,-1.5210945747683808,0.015678325842881893,12,0.01588633561756481
359,-0.6180479109529448,1.4971696823516676,0.015909720150297672,18,0.023408965984210203
359,-0.5831342982536184,0.47780521316057933,0.016007202747350707,14,0.017178498425152955
360,-0.575191996997353,-0.4952348354554035,0.015925644493621043,18,0.01932682295431164
360,-0.578058832952993,-1.522620191559036,0.01583403260505554,14,0.01315397199637512
360,-0.6257361082898297,1.5004571916863951,0.016002880925505645,18,0.018258900861241406
360,-0.5868210475668801,0.4775001047675236,0.016206122842015405,14,0.020201146289678264
361,-0.5763278318527345,-0.4964390457293653,0.01613418826732236,17,0.018617695750752956
361,-0.5574521934668251,-1.5117702503071464,0.015479363824992001,11,0.01537412231276828
361,-0.625612905614442,1.4999208019189896,0.015861581980950647,17,0.015260598023976585
361,-0.5826518643821947,0.4780816184044534,0.015899257210322697,15,0.011035408609453536
362,-0.5749759750794733,-0.4919797968468627,0.015813157400779175,18,0.01944251432592697
362,-0.5565167351576259,-1.5035084571328092,0.01590988978894689,10,0.0035843904247888562
362,-0.6270871806124256,1.4995303281406,0.016043638375604994,18,0.015153067909249331
362,-0.5933971018796428,0.48008083783484773,0.01613271309008188,15,0.021325740965591887
363,-0.5715829714876205,-0.49147284507659045,0.016000850257608303,18,0.01988186429009228
363,-0.5688917491663407,-1.5121108177714662,0.015698968444136634,10,0.004058252415502632
363,-0.622072444628458,1.4981813146093195,0.01612554122187328,18,0.019001435176782894
363,-0.589841764847553,0.4802529047122107,0.016068238502147357,14,0.02135139123122584
364,-0.5730687101101078,-0.49024013321799126,0.01596541570777622,18,0.0180139916359196
364,-0.5633863695414381,-1.5125693498011432,0.015855758813102895,12,0.015118168848711682
364,-0.6218083866387951,1.4983609678313508,0.01586224009831876,17,0.01678338640133074
364,-0.5880224449359167,0.48016498298018484,0.01610931457554323,16,0.019796896323307767
365,-0.5707411378682686,-0.4905232638599184,0.016026316389395057,16,0.021614810725733215
365,-0.557171298068784,-1.5121744208517902,0.01525858459784994,12,0.014754015820476968
365,-0.6257605360988324,1.5004722925780873,0.016093057291448422,18,0.017241225560306318
365,-0.5798507582837599,0.47442494316592754,0.015918344557990516,14,0.007143241590961363
366,-0.5709532927496453,-0.4902505307379747,0.016086690766100416,17,0.020906923678119003
366,-0.5564163289769426,-1.5123489988908585,0.015171993538430819,12,0.015384419310783494
366,-0.6233771467653154,1.4997979886664223,0.015839704757261944,18,0.01767660172281428
366,-0.583184735931363,0.47860195943796885,0.015871272863622866,15,0.01092928419640977
367,-0.5718583102380949,-0.4905020525490034,0.01589759697195808,17,0.01839930360569371
367,-0.6239102592284672,1.5004990042801847,0.01605097366060898,17,0.013964351787499902
367,-0.5780313239134455,0.4782791461624852,0.016415378087621203,18,0.01071570308730964
368,-0.571919028766856,-0.49194496438244906,0.015960808661595716,17,0.020521292483779895
368,-0.5524716413138867,-1.501520155761301,0.015385933935579537,10,0.0
368,-0.6259313339102933,1.4999616747070048,0.015931392735805416,17,0.013783574004518127
368,-0.5785315789699444,0.4732863999901878,0.0162691553674419,14,0.010039656951866068
369,-0.5706375040906512,-0.4901958101399155,0.01594556365498901,17,0.021258336360652216
369,-0.555497798452489,-1.5098246820057541,0.01588278251600684,11,0.015231846757518335
369,-0.6246244324260138,1.500609745569526,0.016007041502503302,16,0.016009162817806354
369,-0.5918214123250208,0.47987128490836306,0.015877884665332204,15,0.02036671657042582
370,-0.5714371501498732,-0.48997717265304047,0.015990857429292283,17,0.020763676367871478
370,-0.5660504917004135,-1.5121437473430221,0.016027948867611705,11,0.012197792200583318
370,-0.6212280627841078,1.4968375486548113,0.01608732444760968,17,0.01945545177989454
370,-0.5844834505918716,0.4743983612272616,0.016100635677053218,14,0.01699984077550487
371,-0.5718641921830061,-0.4919610601653291,0.015910122623721077,17,0.020911460504028104
371,-0.5628990589920653,-1.5162356989568433,0.016171417504516963,13,0.017110130326990294
371,-0.6247578334278602,1.4992422483282355,0.01618562111273586,16,0.01578367736241467
371,-0.5849522016934341,0.4765544296769287,0.0162043714188918,13,0.020649071410273043
372,-0.5742039777486048,-0.4883342573998144,0.01583667020098449,17,0.015515657083467475
372,-0.5684793586307925,-1.5236022907847333,0.016015900300945386,14,0.019178503496117192
372,-0.620983925523035,1.4989573201951478,0.01605366157756578,16,0.01824376167727687
372,-0.5827462233579181,0.47383216897881214,0.01591040569091677,14,0.015968822731081092
373,-0.5705872770449433,-0.48478130307596246,0.015965849085814287,16,0.015621100363153055
373,-0.5571561702089772,-1.5052331454317358,0.015200482653607095,11,0.003573212106290214
373,-0.6231355033628857,1.4987652807609662,0.016141405100680652,17,0.016210048637902787
373,-0.6009819268545918,0.4865486599439963,0.01608114874304656,12,0.0035313776133614845
374,-0.5736009786021925,-0.493175860291903,0.015890104510847755,16,0.021003088906199754
374,-0.5692398788536489,-1.513033848751119,0.015713659354078285,10,0.004064145839469029
374,-0.6246718422670093,1.4995772518676471,0.016079046865497264,18,0.019517650606092538
374,-0.5901121024882535,0.4803861553166937,0.015839559778141322,15,0.020322283587330774
375,-0.5756320669942343,-0.4962807461195336,0.016088157163620526,17,0.019474143187657226
375,-0.5587111561611763,-1.5049503553063164,0.01538069395282873,10,0.0025137858199722266
375,-0.6216811720364901,1.4981776538862657,0.015963115624125654,18,0.018455217349405008
375,-0.5867297643823244,0.47567563417797615,0.016100999128504958,14,0.020953033704315678
376,-0.5725322915052385,-0.49028666546403266,0.015877292240755014,17,0.018133596834002143
376,-0.6251012616043828,1.498943121690563,0.01602339626415887,18,0.016403760636991997
376,-0.5848166426462017,0.47506784386442497,0.0162638314396816,13,0.02014031912802215
377,-0.5721901706297805,-0.48961061220647156,0.015896666512325956,17,0.01691547004572856
377,-0.5574983026366106,-1.5061554835662656,0.015216885033610385,11,0.0035750200301948912
377,-0.6213664749406034,1.4965129476828003,0.015966466257628802,18,0.019298914820537274
377,-0.5957608166553993,0.48833294164868046,0.01598225888782256,21,0.014925616900464338
378,-0.5747248708738162,-0.4938051110930562,0.015785464418998803,18,0.0185731387863287
378,-0.559713019218505,-1.5235371482120446,0.015612354452124638,12,0.017754706156199607
378,-0.6231617125794171,1.4968082954565403,0.01597922910379161,16,0.018592286761506496
378,-0.5808045075695839,0.4737285310289115,0.015905276754774076,13,0.010468268757042683
379,-0.5749189469094425,-0.4908473870500095,0.015845195815832682,18,0.01680635626032412
379,-0.559663428896539,-1.518268420928081,0.0158118696056862,12,0.018160690771071675
379,-0.623699975555439,1.496969489771439,0.01612268332724531,19,0.021109143219615625
379,-0.5890317079773444,0.4778821606305457,0.01603842617148534,15,0.020841721548020633
380,-0.5721246331713743,-0.4881556731179424,0.015729263317320094,16,0.016405216060501906
380,-0.5682068314062009,-1.5215479585472724,0.01587001535814079,12,0.015446509816442789
380,-0.6202266820134765,1.4950119471327714,0.01601868714144999,18,0.021081802501699096
380,-0.5903972079588681,0.4770120874007002,0.01671672253830845,14,0.022146101422048273
381,-0.5727516618975099,-0.49255211749937244,0.016067156903325462,18,0.02076582184307692
381,-0.5607058864262161,-1.5330756224806819,0.01571395996741741,10,0.0
381,-0.6187214443709153,1.4973685086021724,0.015771455101071773,16,0.0227491443985897
381,-0.5802871967563801,0.47365535960757166,0.01585021518720101,15,0.01214373834501302
382,-0.575483457728088,-0.49510224457601526,0.015998485796027653,17,0.019940124355867755
382,-0.5565167351576259,-1.5035084571328092,0.01590988978894689,10,0.0035843904247888562
382,-0.6215769370540398,1.4978663373859462,0.0158943985567298,18,0.01956846135500345
382,-0.579384039441459,0.47331870456308195,0.01573116310122866,14,0.012045681977242692
383,-0.5762586522676694,-0.495313025516227,0.016130093336288117,17,0.020680342017399378
383,-0.5633406188137502,-1.5310585046650973,0.01572657944345534,10,0.0
383,-0.6206992474948437,1.4983783885188315,0.01597036587686729,17,0.018182615046754967
383,-0.5778801952627032,0.4694753679055095,0.016102572951485934,14,0.0027953430617836043
384,-0.574703512698321,-0.4914690198847471,0.01613743678882472,15,0.02228957624523708
384,-0.5587111561611763,-1.5049503553063164,0.01538069395282873,10,0.0025137858199722266
384,-0.6212736384110691,1.4962545036653692,0.015841453890190853,17,0.02056056899157787
384,-0.5790813826495156,0.47560316631748584,0.01584546647602312,14,0.007149313761599361
385,-0.5734421491338701,-0.4910205962069868,0.015906285239736466,17,0.019292845186616146
385,-0.6230796615886108,1.4970360808959469,0.015788953025894104,19,0.020850380683972658
385,-0.579092086880569,0.4743543733683351,0.015863316958979995,14,0.010916107563340051
386,-0.576581819374493,-0.49450952291573513,0.01585435316303484,18,0.019988072213373335
386,-0.5571561702089772,-1.5052331454317358,0.015200482653607095,11,0.003573212106290214
386,-0.6241186561607719,1.4996238867276905,0.015878413471980997,19,0.016846497127744567
386,-0.5845189161388419,0.4739945926077767,0.015878598167586522,14,0.015580241994455724
387,-0.5747952473954203,-0.4924509384783955,0.01584980416392923,18,0.02128795965541766
387,-0.5571561702089772,-1.5052331454317358,0.015200482653607095,11,0.003573212106290214
387,-0.6241857770256117,1.4996861206673537,0.015930705085123363,18,0.0183762181803113
387,-0.5818422299460408,0.4762741353233782,0.015818933046936025,14,0.011674091690703634
388,-0.5760231350987974,-0.4911645317503772,0.015782103785898297,18,0.015904165407674333
388,-0.5568599368716437,-1.504436610260976,0.0159208047832046,10,0.0035872510390940913
388,-0.6219611239588919,1.498727973456257,0.01598470912464167,17,0.018360256058930834
388,-0.5802603358924207,0.48075984518062037,0.016160750039973824,18,0.010551223487893856
389,-0.5747629963274936,-0.4896445288763179,0.015886615309347728,18,0.018390736292352047
389,-0.5558398679885138,-1.5107527533113005,0.01589562741346519,11,0.015241943814216202
389,-0.6231275716875372,1.5003527027555184,0.01606399042718724,17,0.0168233684618884
389,-0.586381266789531,0.4768424684740623,0.016271150167459943,14,0.018472014891205993
390,-0.5702839113940386,-0.4864239798572704,0.015902907750209007,16,0.016958170533898937
390,-0.5635012668453888,-1.512595124995448,0.016536006820817354,13,0.014123839678235859
390,-0.619341715465629,1.4945285103624193,0.016017836060412943,18,0.020385879345060275
390,-0.5826504038734496,0.47853704708028394,0.015663522177015797,15,0.013952414121691282
391,-0.5772306402284183,-0.4958342636834917,0.015932635744398797,17,0.017349449673286176
391,-0.5653878922594662,-1.5106120716254683,0.015650476512037576,11,0.01046177788658871
391,-0.6206056945595824,1.4962922936224352,0.016005421730892762,18,0.020509673158091313
391,-0.5822266860031331,0.47796715149619284,0.015958409937343446,14,0.011167931802066131
392,-0.5775949929383386,-0.49768347980729316,0.01587611452814699,16,0.01614172246469389
392,-0.572334400870358,-1.5207224442825413,0.016070274992326813,13,0.019286070462150095
392,-0.6241898520468113,1.498317134411517,0.016029797760068635,18,0.015414430776587726
392,-0.5874815051691182,0.4763899263895109,0.016262474280157733,13,0.020550934614687915
393,-0.5768506806270829,-0.49780251984094925,0.015860801151421876,16,0.01697525333604241
393,-0.5737744749966748,-1.5182745541005538,0.016051707118692724,12,0.014458227085617916
393,-0.6185328579556348,1.4956661660599315,0.01586464355117749,17,0.020591190807098383
393,-0.5796260601389918,0.47612348162774315,0.015891714227192693,14,0.00647134550542222
394,-0.5693773583849074,-0.48776708197878377,0.01594410948612165,16,0.01965463368078181
394,-0.5622180571389118,-1.5087184480581848,0.015657370514237347,12,0.015186438273035976
394,-0.6258082203422531,1.4988571674274869,0.01604877120139596,18,0.01961430957443367
394,-0.5845742682478695,0.4749735771478423,0.016015544275290203,14,0.01540449253284938
395,-0.5744822934834687,-0.4952859488677639,0.015884953614918203,16,0.01969932324830724
395,-0.5689872979835552,-1.511623605602957,0.01580665150126903,10,0.004160706953898508
395,-0.6266170655374713,1.5003774119979538,0.015979073447584067,17,0.015034602720373581
395,-0.5823702028202274,0.47717950108885737,0.01571787306285592,13,0.011010075952695719
396,-0.5735247962043776,-0.49189127902685187,0.01597246862181209,18,0.0199023107344002
396,-0.5674985535387838,-1.5084066589981109,0.01565169085359437,10,0.004040947417970487
396,-0.6243287774352978,1.4988015068076344,0.016074405359490382,19,0.019148099635875146
396,-0.5803456228834039,0.4772310634076519,0.015984036445391467,15,0.005101410320927318
397,-0.5718108998214025,-0.4913466340076561,0.015930734580671613,18,0.018725724624194202
397,-0.5558398679885138,-1.5107527533113005,0.01589562741346519,11,0.015241943814216202
397,-0.6227972169590869,1.495554812298911,0.015947847032507092,19,0.019977537296132927
397,-0.5841091424628242,0.47844952713453875,0.01594803827923144,14,0.013397263662018708
398,-0.5713598185423664,-0.48933246565825195,0.01578836554202824,17,0.01748958446751332
398,-0.5574297017477375,-1.524168575457838,0.015637163242631393,12,0.01720998893721458
398,-0.6207787890653517,1.497334095689523,0.0159259543302725,18,0.019805084646235392
398,-0.5817040287582415,0.4768553838868809,0.015866045843594682,15,0.011194953372681142
399,-0.5704938412235709,-0.4897780846000172,0.01594668648804968,16,0.02169966137727915
399,-0.5706737114223297,-1.5229725865378372,0.01608080052607139,13,0.01876132965533586
399,-0.6229079290376066,1.498769936276821,0.015974376604745752,17,0.017440305423141806
399,-0.579533439106409,0.47171160063728457,0.015729426875527294,14,0.012386968557834173
400,-0.5696351021390414,-0.4892563360889358,0.01599624147102815,16,0.02037160776055509
400,-0.5677181188423953,-1.5165356366256248,0.01587431923168514,12,0.012223343137663267
400,-0.623773538388051,1.4988548129374788,0.01597559112920189,19,0.019633827030715107
400,-0.5795639550721441,0.47541821521933914,0.016015997431946337,14,0.009066806162488741
401,-0.5714137806230385,-0.4899487397277417,0.01598132817444701,17,0.019595728260453922
401,-0.5633406188137502,-1.5310585046650973,0.01572657944345534,11,0.0
401,-0.6223046728284322,1.5000648705292416,0.015981755574791725,17,0.0157184257781807
401,-0.5838189562685578,0.47435921442356105,0.01597639506303973,14,0.015360595988715607
402,-0.5723029131573073,-0.4906406709867609,0.01603607665242668,17,0.02045882240663163
402,-0.5662612756321546,-1.5088137302172644,0.016194359196366723,11,0.00905270566663637
402,-0.6212098801201772,1.496772049245762,0.015853287397874963,19,0.022556160415030033
402,-0.5879282466313994,0.4758496728265622,0.01631759871741922,14,0.021864298934693757
403,-0.5740436162568019,-0.4920551673510564,0.01586964495905046,18,0.01951165228479257
403,-0.5568147055442799,-1.5043085702294305,0.01518590674078787,11,0.00357616545021681
403,-0.6255909564291366,1.4993686881797619,0.01598553737556458,17,0.015871746137554984
403,-0.5807099392348891,0.4745974739090807,0.0159787145668055,14,0.012636270470408785
404,-0.5731185182964385,-0.4912497190485075,0.015944293285140233,17,0.021268164245493562
404,-0.5573964487215483,-1.5332326712734123,0.015726653833406778,11,0.0
404,-0.6247382803250777,1.498115893096815,0.015891705579072928,18,0.01740900396967103
404,-0.5805836196743843,0.4761192495895771,0.015904797148341365,14,0.009366601407568996
405,-0.575124423034291,-0.4938076498573716,0.01589827999041861,18,0.018939945803857605
405,-0.6210962352445608,1.497184482828991,0.01588324404011097,18,0.018379213227193283
405,-0.5808788054707931,0.4772224195579705,0.015716538865264952,14,0.00855641831894364
406,-0.5748318166352369,-0.4936938688495267,0.015871065785638346,18,0.020007208232890407
406,-0.5644268860815841,-1.5153609639680508,0.015890565451473455,12,0.015151491619829201
406,-0.6231409423988756,1.49705546789019,0.015827513293686108,19,0.017868647900140002
406,-0.5867554546305495,0.47898571280545343,0.015819962984812946,15,0.01588647826626395
407,-0.5720901956818372,-0.48787947415665106,0.01588559589201872,18,0.01861028923007697
407,-0.5571561702089772,-1.5052331454317358,0.015200482653607095,11,0.003573212106290214
407,-0.6185242724393174,1.494374409180668,0.015870644096397143,17,0.02171639461742405
407,-0.5812371205082374,0.4743642664835181,0.01598782256937688,14,0.012909523226115271
408,-0.5731579877525638,-0.49014947411906723,0.015866917322563723,18,0.019067612104149274
408,-0.5668863387887718,-1.5138379533138824,0.0162897371040117,11,0.013030455238044922
408,-0.6235160741609145,1.4965674401576694,0.01590644758916751,17,0.017335554647676086
408,-0.5829890681965371,0.4753381790342661,0.015898543145873262,14,0.014305413830561277
409,-0.5728351477805038,-0.4909100482032195,0.01585920717823101,17,0.01796114902190122
409,-0.563508480413113,-1.5167340123784412,0.016458259479946738,13,0.01666047373303027
409,-0.620583654380448,1.4951126511423423,0.015895831074848876,16,0.019451818120799665
409,-0.583324007931223,0.47784834425377337,0.015787327405716305,14,0.013818273723930111
410,-0.5719683526176654,-0.4908932846643337,0.015872639408499433,17,0.020690469339655633
410,-0.5639156906288388,-1.5102561012760711,0.015787613387841282,12,0.011964426053870037
410,-0.6209294008226645,1.4959178158630329,0.016020175838135736,18,0.020003571324352265
410,-0.5815466483582539,0.4797502110378594,0.015827486152970794,15,0.009768443815855536
411,-0.5732222366883587,-0.4905622769493243,0.015932024526970096,17,0.01763106018292174
411,-0.5598926614061448,-1.510999122995203,0.015733921105730502,12,0.013323412342270968
411,-0.6206235844304697,1.4947597026969113,0.01594186515217153,18,0.021977595766158667
411,-0.5810322523688186,0.47541429297143456,0.01588372842687859,14,0.014054814410414848
412,-0.5724022982573428,-0.48819321048119885,0.015667938356464895,17,0.01636047919212759
412,-0.6216231544428877,1.4991168407687687,0.01610512125958172,17,0.016160076396913386
412,-0.5830424894028207,0.4785827340714414,0.016007276105087738,14,0.011936955310484176
413,-0.5757891819814901,-0.49131273565650274,0.015792615121155124,18,0.017916355819239973
413,-0.5610015159896959,-1.5060777929830784,0.016192487157824897,11,0.005235101929716018
413,-0.6236879412980647,1.5005706264852108,0.016151299059288877,17,0.015802155436980565
413,-0.5794086289158474,0.47353411303833104,0.0161544260327153,12,0.0029725027414430386
414,-0.5727152512794668,-0.49027744949565505,0.01590874920427951,17,0.01881825086867285
414,-0.5718789701530098,-1.5213038768892382,0.016068889452477416,12,0.017756384923566834
414,-0.6240060262477171,1.4978933575728453,0.016340013774904242,19,0.015887942013270703
414,-0.5884824350196697,0.4784427648829266,0.016106596463611258,14,0.021478131145944084
415,-0.5671644594214191,-0.48407971138850253,0.01602440459974323,15,0.019413786168375864
415,-0.5565914761289933,-1.5128305916828326,0.016261180827903385,12,0.0171596888374827
415,-0.6214166652051316,1.497624606713972,0.01596352879053998,17,0.018517928658967286
415,-0.5968101003558807,0.4860913810125554,0.016049595414124176,14,0.015416762373235889
416,-0.5707632330541508,-0.48826581824749943,0.015815397518668423,17,0.01854137172207593
416,-0.5581395408458751,-1.513637214342439,0.015503888009201085,12,0.015397502564455831
416,-0.6233976644257176,1.4965642023362984,0.016080729619704314,19,0.019777480833659235
416,-0.5878291277647001,0.4798343900253785,0.015828416852080574,14,0.01999010287040919
417,-0.571743033345023,-0.48932482368892033,0.015878334197093617,17,0.01873950511664754
417,-0.558430133301816,-1.5083742858980544,0.01582942077977623,11,0.014298958090547194
417,-0.6194445901566874,1.4998459417154357,0.01597422747951408,17,0.017922483750420267
417,-0.5891328056928974,0.48136438686003025,0.016060341504552354,16,0.021688278731409646
418,-0.5716230143306542,-0.4883544369155675,0.01582446095319908,17,0.016809846389778067
418,-0.5580973549592565,-1.5110307906955163,0.015548087909504441,12,0.014654555319647386
418,-0.6225866428064332,1.498491845023284,0.01610407686663581,18,0.01713292443421439
418,-0.5861385374259855,0.4791351197964411,0.015885812592487863,15,0.017723047272876782
419,-0.573588902230246,-0.4896293356716929,0.01582637577440521,18,0.017054924985829372
419,-0.5613667794710552,-1.5088918991438196,0.01633493731540471,13,0.016622240793993916
419,-0.6218052063689526,1.498980837354734,0.016055947780515643,17,0.01784114075878248
419,-0.5835923105989608,0.4783921252602501,0.015979543266754888,14,0.01505628410764716
420,-0.575705084620479,-0.4943863921255818,0.015884458331266754,17,0.019627892571728374
420,-0.5614365521674656,-1.5044543555515273,0.01618170597593083,10,0.005143951274648581
420,-0.6218399259001196,1.497903006483629,0.01598121674831506,18,0.019430358443668357
420,-0.5811375308026454,0.47753169054433225,0.01572708588704207,14,0.011400798617507066
421,-0.5752698897567651,-0.489898554964865,0.015907552005825415,19,0.015856829977392416
421,-0.5573964487215483,-1.5332326712734123,0.015726653833406778,11,0.0
421,-0.620963065655259,1.499065028703683,0.015996432390729936,17,0.01875026828004115
421,-0.5840676965626995,0.4782600193585996,0.015542909220659144,14,0.017801007222401743
422,-0.5702005476336479,-0.48981830350988775,0.015897886436750195,16,0.02063451712172591
422,-0.5565914761289933,-1.5128305916828326,0.016261180827903385,12,0.0171596888374827
422,-0.625204322472405,1.496988334444461,0.016060358203592397,18,0.01871935307404031
422,-0.58766002766597,0.4769676855792019,0.01626235428149452,14,0.02160056365526222
423,-0.5718605337934111,-0.4909037799768203,0.01584722182618331,16,0.021257537372984338
423,-0.5545061456265004,-1.507048631277059,0.015495199389795598,10,0.0
423,-0.6226155854881037,1.4994524218674083,0.016116767198337347,20,0.019320189138491692
423,-0.5960240387707861,0.48302254823845925,0.01616972133653576,13,0.020570024735423957
424,-0.5771937606807813,-0.4932299578350545,0.01569537110683883,19,0.014797902883359216
424,-0.576831709528862,-1.531844083396675,0.01579175886501119,12,0.016611368379075755
424,-0.6254852692108034,1.4980525329756498,0.01613728880279941,17,0.014840600321012958
424,-0.6037866913720014,0.48833437856366996,0.01642422329854797,14,0.004034197009868101
425,-0.5735109307017657,-0.48868493634793225,0.01566153985475746,18,0.01726675415403389
425,-0.6224062953013505,1.4978711827960853,0.016042154814558892,18,0.016342823520209826
425,-0.5819597708729206,0.4751009282750125,0.015910414194445045,14,0.013724852675584853
426,-0.5726640536534728,-0.4884080681233336,0.015865471667480438,17,0.01858421884318802
426,-0.5670499578763802,-1.5102437907676178,0.015846603089047864,11,0.004282024917321119
426,-0.625997500457908,1.4985975939084135,0.01599221050302342,17,0.016157077488826492
426,-0.5794452583335159,0.4731298832572228,0.016005167008276814,14,0.012363160779082566
427,-0.5717326994658439,-0.48935139648634857,0.015786826632254176,16,0.022126137601649876
427,-0.5574521934668251,-1.5117702503071464,0.015479363824992001,11,0.01537412231276828
427,-0.6209198172368248,1.498261506793546,0.01605131551514026,18,0.019699680805175708
427,-0.5851820018271559,0.47734546477242573,0.015946712548145392,14,0.017152700439883907
428,-0.5697464187882086,-0.48737862549220007,0.0159912700467616,17,0.02062032227445105
428,-0.6227108421131461,1.4990331149719962,0.01596245462638973,17,0.017063692883302676
428,-0.5838538533338671,0.4762056770317359,0.016066112807660148,15,0.016854651603631532
429,-0.5702594387219125,-0.48873188548945456,0.01587106836115382,17,0.022109838620313717
429,-0.5565914761289933,-1.5128305916828326,0.016261180827903385,12,0.0171596888374827
429,-0.6234601010367185,1.4984874964765358,0.016066036122358837,18,0.016406328246024268
429,-0.5892294824531605,0.47940712832235993,0.01598679167592142,15,0.019955910527034066
430,-0.5721966707788024,-0.4901293525236681,0.015933653772015013,17,0.02060530748691282
430,-0.555497798452489,-1.5098246820057541,0.01588278251600684,11,0.015231846757518335
430,-0.6204063323406009,1.498464203256019,0.0160202314708865,18,0.019891840905822633
430,-0.5825660967254834,0.4751340993060263,0.015867495644377796,14,0.016187725066616195
431,-0.5699034111436486,-0.4886812171270641,0.01610419140887679,17,0.02021635041511519
431,-0.5534894110089704,-1.504287708373527,0.01543678995999682,11,0.0
431,-0.6249442870682363,1.4976830877659617,0.016179703181292544,19,0.018071886667164777
431,-0.5809982230510715,0.47859179052433576,0.015713376110988105,15,0.008214477196608047
432,-0.5754998924369181,-0.4959793871622929,0.016040027706019526,17,0.01865336074863131
432,-0.6216004093829887,1.4961377711044646,0.016044518318099554,18,0.01987875060125332
432,-0.5838917654151823,0.47921859754161417,0.015919952440242784,16,0.014609225682661165
433,-0.5752413404799005,-0.49249229451790655,0.015754645017892734,19,0.01619228330638291
433,-0.5792302409599575,-1.531435749402713,0.015980261908909787,11,0.012085603182179881
433,-0.6250407670379966,1.4967228062874671,0.01611014821079532,20,0.01987159212101863
433,-0.5832439293830732,0.4777057632581275,0.015880940466873744,15,0.014017874775712225
434,-0.5717196405643884,-0.48954347202984794,0.0159439793422465,17,0.021425873629575938
434,-0.5631481748510787,-1.5160831954780298,0.015866484425613083,13,0.01558966127482982
434,-0.6206570880826758,1.49585643345144,0.015854283327457114,18,0.019818337081370638
434,-0.5823467615527979,0.4755192823880592,0.016107084528342218,14,0.012637322073903997
435,-0.5711617073546166,-0.4895383911894033,0.01587288980775442,17,0.020660750593806742
435,-0.5678464766406227,-1.50933343623931,0.01566310312515861,10,0.0040459941331181075
435,-0.625190033227198,1.4972473728267184,0.01602494130132726,18,0.01898537255941382
435,-0.5819039132850402,0.4752737672313896,0.016161546095251614,14,0.01600285433737062
436,-0.5713663258836477,-0.4875129791811312,0.015936301257282105,17,0.019729701504100867
436,-0.618789586620683,1.4940245851352187,0.01604490663785115,17,0.020037411033423415
436,-0.5968490214376788,0.48360230671464577,0.01607954118558048,14,0.019248259884215416
437,-0.5774557283267214,-0.4939944986174399,0.015914080529132683,19,0.014091917447519689
437,-0.5631671307060182,-1.5080232704647283,0.016565385043304504,12,0.011824000607293087
437,-0.6238962690380626,1.5003707708549738,0.01635906225453933,17,0.016581045862101438
437,-0.5829018189148042,0.4751675281427316,0.01591333680355931,14,0.014190880954051957
438,-0.5706688483082266,-0.49039569744727063,0.015989375210604253,18,0.020465431146402296
438,-0.5638105045865621,-1.513259881017622,0.015776800034478494,12,0.013976128594033518
438,-0.6228716848985903,1.4983026489661402,0.016050418685951577,18,0.017671486271554335
438,-0.5983591008478555,0.48361341152878196,0.01606531201079594,14,0.019842436054740883
439,-0.5738893496562574,-0.49207236349921163,0.01582214574026714,18,0.019345705697188284
439,-0.5571561702089772,-1.5052331454317358,0.015200482653607095,11,0.003573212106290214
439,-0.6208707136073525,1.4979374717523863,0.015908084766316586,16,0.020358343426341165
439,-0.5971039574776681,0.4856374606789663,0.015733945506689134,14,0.017105764309417345
440,-0.572719100033185,-0.488649423169914,0.015916060253480985,17,0.01624880602886012
440,-0.5672344917377369,-1.5147656938493599,0.016301768931032704,11,0.013038817593977174
440,-0.6209697287358416,1.4985145757353198,0.015754079381865117,17,0.01936705604127395
440,-0.5830687197133972,0.4746136467372502,0.01597289314714245,14,0.015022392797184743
441,-0.5704974680702886,-0.4853552007151516,0.015950985238269096,16,0.01638799732678786
441,-0.5593979142692656,-1.5068013161205012,0.015407915317852718,10,0.002517332777659043
441,-0.6212027290306974,1.4970863779262489,0.016028511284611767,18,0.018853200915218523
441,-0.583601848933071,0.4810173703359642,0.015831501053492295,14,0.01238872115403921
442,-0.5758831425273859,-0.491973247364818,0.015804957018653372,18,0.014605377436160248
442,-0.55930010692171,-1.519807625503321,0.01587721674610908,12,0.01824176385955525
442,-0.6233214729647455,1.5000966487483787,0.016304721212907717,19,0.02036407753164636
442,-0.5888490967699606,0.4795721958911244,0.016032753430286928,15,0.018623172631426207
443,-0.569078348847916,-0.4873273954971846,0.0161062773414455,15,0.018957245732736723
443,-0.565011150841233,-1.519293209346186,0.016238008333594598,13,0.01579045720933708
443,-0.62094139944527,1.5008055852956328,0.016033985057462428,16,0.01865094379144526
443,-0.6010459463254914,0.48818690945893856,0.016229630264595105,12,0.015445799849458932
444,-0.5737159590567097,-0.4919322617007023,0.015833856640464432,18,0.019585412545730724
444,-0.5656546311700459,-1.5170586289072352,0.016188783030303626,12,0.015286804927747397
444,-0.6229879517157142,1.4993333278777725,0.015807094090542137,18,0.018295376029344855
444,-0.588720731411313,0.4779449614993156,0.015880878412514447,15,0.019420716307834276
445,-0.571830414228974,-0.48802172317235254,0.01588562253537006,17,0.017906371197100864
445,-0.5673674143199132,-1.5143919742331164,0.016367280639971758,11,0.012215412130129832
445,-0.623329895270941,1.4975293702026833,0.016032857679754958,18,0.018867643621320172
445,-0.5840538414038553,0.4785941425905547,0.01596315396485059,13,0.01832472653381843
446,-0.5747171570665646,-0.4890992312541654,0.01586041472247865,17,0.016045765278593003
446,-0.566512306674743,-1.513846540777977,0.016466421093592764,12,0.010968411917293622
446,-0.622652643967494,1.5008171227021727,0.01620327939077122,17,0.01626840751630633
446,-0.5863008753180042,0.47633944650792037,0.015970074962017137,13,0.01684310801155196
447,-0.5751758788048492,-0.4913005591547886,0.015880657391053297,18,0.019360116688756833
447,-0.5687285335467139,-1.5121203509645444,0.015911451189007726,10,0.004046457872111815
447,-0.6191281782698778,1.4953553730270093,0.015947928476241515,17,0.02156811702621597
447,-0.5816396199451623,0.47538077389906325,0.016032996458582503,14,0.007816086069830225
448,-0.576634842111221,-0.4926464972818081,0.015879466743502248,19,0.019464787744227045
448,-0.5640906334073297,-1.5131218556094201,0.015734919870963333,12,0.013645015354015431
448,-0.61601541498419,1.4938102644173081,0.015966671439177505,17,0.02249790240587696
448,-0.5984483581495238,0.48875668855984933,0.015998428472392617,15,0.01964012648150256
449,-0.5733006899413516,-0.48722809778786874,0.01587277679227372,17,0.013910159318733493
449,-0.6233067591298653,1.4998733647657054,0.01623724238416579,19,0.01683089036329882
449,-0.5873193112421838,0.47764282346318826,0.015839228759866514,14,0.020272221167689144
450,-0.5748373941971195,-0.48979269428968486,0.015837225282675248,17,0.014598686132640608
450,-0.621701170525858,1.497227841341798,0.016027887052633992,17,0.01508551285690495
450,-0.5849692481860423,0.478905224070771,0.015939030422175034,14,0.018545288121322452
451,-0.5745487756340089,-0.491312994881199,0.015744476998980107,18,0.01645089202777735
451,-0.5685433488983066,-1.5111847255632196,0.015687507293924194,10,0.004055256252639492
451,-0.6218493958878194,1.4963435251922068,0.01607398042486248,18,0.019336965776646026
451,-0.601501937424568,0.4904083720034036,0.016208796712775062,14,0.01101027723200295
452,-0.575184419105497,-0.4935530422135114,0.015888363990107388,17,0.020529019179895792
452,-0.5634548924140621,-1.5191054088382463,0.016032593777326822,13,0.01691852997444767
452,-0.6230370719826749,1.5005543531137233,0.01605968127673167,17,0.017937309456820278
452,-0.5954587204179601,0.48304622798673075,0.016025903627917264,14,0.022305505529859423
453,-0.5738459364341351,-0.49005280473487434,0.015912467716082714,17,0.017532689389069323
453,-0.56393232550181,-1.5117648330914466,0.015691767578135996,12,0.012748562533996715
453,-0.6245756006123656,1.5000314571338376,0.015995996786131034,16,0.016827691185075114
453,-0.5809097157463021,0.47639265910543294,0.015991519832040384,13,0.008180409601975918
454,-0.5728620117481541,-0.4872530406671961,0.015744863839232723,17,0.015060451082778918
454,-0.555497798452489,-1.5098246820057541,0.01588278251600684,11,0.015231846757518335
454,-0.6209858935391054,1.4971528136951258,0.016002466578716054,18,0.019371657358364762
454,-0.5851310220072699,0.4779615453810702,0.0160413119289683,14,0.016240693650697635
455,-0.5692110115806087,-0.4861565704527659,0.015922036239075846,16,0.017247259379139037
455,-0.5630184275942776,-1.51765966298294,0.01605282530795732,13,0.01655937312934783
455,-0.6206788495798428,1.4965463050741088,0.01610370730878156,18,0.020161388809512296
455,-0.5941901985926681,0.48122655196510067,0.016366467835679643,13,0.022716194718135886
456,-0.5737041896447668,-0.4914884747072762,0.015901499137426486,17,0.01842256198199768
456,-0.6210254877430362,1.4970881948542982,0.015972906128859574,17,0.02049978379567467
456,-0.6033711096904707,0.4893540951891069,0.015805469745703602,14,0.0032249504608474608
457,-0.5751789144595351,-0.4900513531952647,0.015965527616513743,18,0.016165366841434214
457,-0.5609153575301937,-1.5328096168735754,0.015661054217211534,12,0.002383390274963643
457,-0.6204307354424631,1.496189335431876,0.016193888592555532,19,0.022160851273707958
457,-0.5868671638256201,0.47891155604448243,0.015839720810397438,13,0.021645930635159686
458,-0.5764767720143793,-0.49341258578703845,0.015975632030786963,18,0.016537289779302366
458,-0.5646252406405554,-1.5136232206910103,0.015716722765551465,12,0.01277133662778542
458,-0.6204018184613201,1.4972449254160376,0.015941534292029068,17,0.018071669945875366
458,-0.5978892002777857,0.48970606525521343,0.01586676123561544,14,0.0074538694221053985
459,-0.575795934652195,-0.49448939696818733,0.01597995597302388,18,0.020644358610835623
459,-0.6216398698758386,1.497299129850996,0.015844886811347627,17,0.019952201498084056
459,-0.5979074009094758,0.48369421770457177,0.015924337004112304,15,0.019690467063080655
460,-0.5758650031776286,-0.49167869687695764,0.01594539394454852,19,0.0184237384052361
460,-0.55936642622682,-1.5225953940968033,0.015591467279067739,12,0.017729272426947204
460,-0.6199301476871744,1.4963887697584775,0.01592215884903433,17,0.019022540532949956
460,-0.5995029646133954,0.4872327255733652,0.016036282379344756,13,0.013884681184987048
461,-0.5703426422153489,-0.4896773351009468,0.0159096573803691,16,0.02142222956496804
461,-0.559663428896539,-1.518268420928081,0.0158118696056862,12,0.018160690771071675
461,-0.6236614274993172,1.496235545110553,0.016086652144413953,19,0.019777757611553648
461,-0.5906184876332576,0.4808849264660278,0.016105521045415294,14,0.02140609573311378
462,-0.5780341924762843,-0.4977908371750202,0.01584891815369623,15,0.01585576469011943
462,-0.5576134138529566,-1.5165107220464769,0.015901789104677443,12,0.017136877050122117
462,-0.6221017636332746,1.4982167219046079,0.016244289415788236,18,0.020067621526792256
462,-0.5971307028385696,0.4862803615527131,0.01568712382198251,14,0.018787704329289032
463,-0.5699143754529488,-0.4874063198946255,0.015951731195504224,16,0.020482414825815434
463,-0.5567567414889192,-1.5177480188621766,0.015578641917010246,11,0.01815161403513962
463,-0.6209149891317417,1.4967383315622151,0.01610166316466696,16,0.020140579815481757
463,-0.5866194928750117,0.4769569085695642,0.015932021949307682,15,0.016733072105417444
464,-0.5720540588719453,-0.48603785570868396,0.01569631713094034,17,0.01447507241759276
464,-0.5558398679885138,-1.5107527533113005,0.01589562741346519,11,0.015241943814216202
464,-0.6174045481656573,1.49317511425695,0.01590346814198312,18,0.023655801240830082
464,-0.5905116246476934,0.480210566065753,0.016184336784477553,18,0.020206338950362945
465,-0.5759885394502772,-0.4910983591174724,0.01584567269412558,17,0.01458517683734104
465,-0.5614565131657636,-1.5101677400311757,0.016049465664787474,12,0.01679587859797944
465,-0.6228552652350113,1.4975467109529281,0.01607900744810775,19,0.018777798009112393
465,-0.6049543876534643,0.49132761378719103,0.015918291453181785,15,0.002878882716452568
466,-0.57172320677651,-0.488361507479777,0.01592708326660943,17,0.016023851801696926
466,-0.5727077861144417,-1.5231080054937902,0.01612682196821016,13,0.0185612606156476
466,-0.6220925559796889,1.4982553043254392,0.01607381834962865,17,0.017192799161402296
466,-0.5937855599569692,0.48335803019324447,0.016047047157115673,13,0.02237795760897175
467,-0.5762038745405261,-0.4944440773161678,0.015876652854994316,19,0.017996491505153537
467,-0.575292794733806,-1.521472438015228,0.016045497640719268,13,0.017818136975199274
467,-0.6237762259428575,1.500134270542423,0.016162209475558405,18,0.01571484677975452
467,-0.5847227834911255,0.47787828348250566,0.01607984674451546,13,0.017972017680347313
468,-0.5730517824378326,-0.48753536760587934,0.015860081742495365,17,0.016606063315809393
468,-0.5575983432679621,-1.5189759205274844,0.015781951581128807,12,0.019163384137028387
468,-0.6246287529373187,1.4972527622240392,0.01581101062443794,17,0.017514076040195534
468,-0.5932868351786091,0.48168779345688695,0.016029236782929876,15,0.020614013156653035
469,-0.5729529021479676,-0.4907145698199469,0.015757986180689073,18,0.017928383012236662
469,-0.5633406188137502,-1.5310585046650973,0.01572657944345534,10,0.0
469,-0.6214647658902686,1.4966818845001595,0.015917473396035515,18,0.01946799680617114
469,-0.5949409068422974,0.48253474040886074,0.01588608578736988,15,0.021039338152449877
470,-0.5726696018661835,-0.49110395327330836,0.015940563231017436,17,0.019887732396420162
470,-0.560308582917447,-1.522322257431467,0.015675215995054996,12,0.016651715592728343
470,-0.622279652508756,1.498265006580939,0.015986996426107968,18,0.018217537862383847
470,-0.5867898953909686,0.48032779283790905,0.015838301467000087,15,0.018909781467904587
471,-0.5779600140997458,-0.49988107069723936,0.016117700263111004,15,0.012780545247176974
471,-0.5627784463632438,-1.517277616404232,0.01591490740046212,13,0.017840713670719675
471,-0.6223150304463881,1.4941286104746325,0.016051843715817492,19,0.019046344775146953
471,-0.6052277197408841,0.4887573386749125,0.016536344091003873,13,0.0036769372106015205
472,-0.574099287553364,-0.49178814088933515,0.015960437425839864,17,0.02019448284003008
472,-0.5534894110089704,-1.504287708373527,0.01543678995999682,11,0.0
472,-0.6232066894542462,1.4942704656301036,0.015875879575820796,18,0.02010709244536203
472,-0.581221605325816,0.47678250685996104,0.01584695627094539,14,0.013752402706411697
473,-0.5770625455145656,-0.49775764014107243,0.016186385298131843,16,0.014623168784424559
473,-0.5700323425862145,-1.5286216110927702,0.016054503279272058,11,0.004504554460309546
473,-0.6240504697278489,1.500663431911827,0.01613432460808208,17,0.016112428776218046
473,-0.5818133544507306,0.4755500780791511,0.01597479926936096,13,0.01487965681132128
474,-0.5712405674849101,-0.49019514002021053,0.01596773640888297,17,0.021601323294591527
474,-0.6186951498874097,1.4973512004030058,0.015844237364967647,16,0.01888640385483911
474,-0.6007418090226947,0.48879693534198254,0.015877257961845356,14,0.008532943484673707
475,-0.5678817147470062,-0.48746207473883085,0.01595729215221579,16,0.020710877831963452
475,-0.5644140579612746,-1.5221084644888305,0.01570738816242198,14,0.0172759572052049
475,-0.6203114188513197,1.4950646272083417,0.01590675226736988,18,0.022418920487583795
475,-0.5783614923002632,0.4762582918488472,0.01587883238113226,14,0.014571352914067867
476,-0.5683011178840838,-0.48591978411415204,0.016096412085625476,17,0.01912593164008463
476,-0.5611675917012915,-1.510961028282254,0.015912320770615676,11,0.012479895504789043
476,-0.6220703287193686,1.4964220275707547,0.015902247007913234,19,0.019712386928717098
476,-0.5839982827243998,0.4764187841372157,0.015768321264202793,14,0.020370638568192448
477,-0.5714716557654586,-0.4920257058202391,0.016040118442969292,17,0.02096217793904412
477,-0.5597999693753587,-1.5098724772150587,0.016041184487157377,11,0.013790253156164726
477,-0.6212417457021723,1.500236744601567,0.015791912590908192,16,0.015934420719708554
477,-0.5803535217764265,0.47417902833866293,0.01603851426129555,14,0.011120387943046992
478,-0.5722214616086838,-0.4892492532467694,0.015861822636225834,18,0.01741548987421288
478,-0.5594473636669404,-1.519477255315701,0.01581837250156258,12,0.018975054158058238
478,-0.6192060827056286,1.495506618081207,0.015965108591534806,17,0.01876266531008835
478,-0.5916933021646199,0.47741991438053005,0.016210325631193994,14,0.022078418894608026
479,-0.5718194342695805,-0.48711810733114314,0.01580207267945865,17,0.015864292516363773
479,-0.559663428896539,-1.518268420928081,0.0158118696056862,12,0.018160690771071675
479,-0.6262347746351873,1.499849993936291,0.015881515452601375,17,0.015666191272545597
479,-0.5892165142094198,0.4842319140316994,0.01606385336436429,20,0.02005907454699797
480,-0.5708017269473579,-0.48762980697714026,0.01596555063001534,16,0.01765340337219446
480,-0.5677763497930005,-1.5109240862587725,0.01597134582737448,11,0.004120539138293434
480,-0.6171999771361721,1.4958791068761907,0.015954454238387688,16,0.020624358909065076
480,-0.5892202335232942,0.48426062783379914,0.015962704670068974,21,0.019313801323076113
481,-0.5782561543358067,-0.4979161272278569,0.015991491258095205,17,0.015465791911033831
481,-0.561953748343552,-1.5318791135573466,0.015305819348017847,12,0.002820267453205138
481,-0.6217247678412726,1.4994444170119274,0.01613576305648227,16,0.01762022851861976
482,-0.5729588461726983,-0.4906778278681749,0.015925248143897557,17,0.020397320816943447
482,-0.561695059617033,-1.518469992921785,0.015933675550785245,12,0.0162423346201969
482,-0.6211449040939324,1.4955675102419779,0.015914892472981286,18,0.0198540913993526
482,-0.585327392421269,0.4828976712810984,0.01590034360700792,20,0.018447372447526342
483,-0.5779973721596796,-0.49669341719305493,0.015995103485910652,16,0.013880010700499183
483,-0.5699553535752604,-1.522621786483249,0.01577450776902394,12,0.017162149259771314
483,-0.6226800746524545,1.4967304314810705,0.015818146594029765,16,0.019052568050168757
483,-0.5869079098251228,0.483625298034079,0.01584397152845218,18,0.016398514174883583
484,-0.5722931002952307,-0.4917794459459831,0.0157610962207945,16,0.02072348988015366
484,-0.57458768878721,-1.5256859990044762,0.015939745049840456,15,0.01836912856403963
484,-0.6193476020744926,1.4955334446688275,0.015935989003138546,17,0.02050913980146666
484,-0.5898143058866182,0.4855367072758897,0.01595184098680532,18,0.016702481664143263
485,-0.5713143978292204,-0.4878938948670072,0.015934327577184975,16,0.01829719996884642
485,-0.5679417303797093,-1.508847988133689,0.01576954956646022,10,0.004146477349608636
485,-0.6242030068978127,1.4997622845047334,0.01611057290883039,18,0.018870943388905458
485,-0.5787747621121462,0.4749629199044424,0.016264909502998984,13,0.012909230393521069
486,-0.5708477928781271,-0.4902377189779876,0.015935029941605092,16,0.020782432735170164
486,-0.5707961960348071,-1.5217984105531759,0.016041801369430935,12,0.018558893868580922
486,-0.6257602216050933,1.500579464217269,0.01616975725031192,18,0.01922188273317687
486,-0.5925668132344587,0.4872694297657919,0.015900067048364164,19,0.015384494097617664
487,-0.5737832083678329,-0.48959023054922773,0.015821592448367925,18,0.017921108317162256
487,-0.6210883702600362,1.4981137718996498,0.01594472216946618,17,0.01932981302405083
487,-0.5939027547820931,0.48707540659605036,0.016015316855279918,19,0.015374783897217232
488,-0.5732389027714502,-0.49318956476090947,0.015831375294328105,16,0.021209524338512326
488,-0.5677763497930005,-1.5109240862587725,0.01597134582737448,11,0.004120539138293434
488,-0.6248730515628097,1.4976836083738976,0.01588812872577773,16,0.01568287889225013
488,-0.5861102558751634,0.4850624228761224,0.015926834882668772,20,0.01724487759351595
489,-0.5727313206394266,-0.49505427583683,0.016150333443099192,17,0.022148358245553723
489,-0.5631478032409427,-1.5079252044696456,0.015665464775475924,10,0.004564670773702522
489,-0.620923143130145,1.498973248931488,0.01603014094151863,16,0.016595951706164836
489,-0.5863676548355843,0.48405700184084843,0.015963450890658756,20,0.020530327288987703
490,-0.5717382023772569,-0.4897840723522531,0.016064756674046006,17,0.021461052148381777
490,-0.5650116833699081,-1.5242175988066813,0.015840620251328003,14,0.018670332960290078
490,-0.6222597570025341,1.5004657417261502,0.01588430709565598,17,0.01885244296123621
490,-0.5828937708387865,0.4850663248589592,0.015950350328408355,20,0.012604401783552086
491,-0.5708975191024144,-0.488966132823618,0.01593018323169805,17,0.020699335862331268
491,-0.5599381326757835,-1.5132094426538645,0.016101538816743408,12,0.015468005034219726
491,-0.6192127607982356,1.4972805962362168,0.015862484645399206,17,0.020267672610247547
491,-0.5870529862992913,0.484969196267312,0.01592602999843659,20,0.013891170246512926
492,-0.5713698747758744,-0.4904424245938308,0.01598215894432335,17,0.02111308465346411
492,-0.5578470053950445,-1.5101780833986054,0.016062224392611513,11,0.014583876409365558
492,-0.6204182285502384,1.497072576725364,0.015997472554185474,18,0.021481096145227994
492,-0.587312721969235,0.4846328865419422,0.015910249746621488,19,0.015113485407998352
493,-0.5719940237089276,-0.49071620592849724,0.015962952569107174,18,0.01722428735145862
493,-0.5688917491663407,-1.5121108177714662,0.015698968444136634,10,0.004058252415502632
493,-0.6193708661397238,1.4953373163652444,0.015971185680801137,19,0.02414449368857184
493,-0.5870854734944716,0.4853916342345482,0.015885855704130123,20,0.01642934217807651
494,-0.5718424252686861,-0.48657480571511724,0.01577459402940661,16,0.015568557022054383
494,-0.5594645410517706,-1.5094486633486162,0.016524671671496835,13,0.01287377599703186
494,-0.624223307008028,1.5000729194405926,0.015969968800929348,17,0.01911077556319847
494,-0.5874942901325464,0.4875301166918076,0.01587581733611217,20,0.015856260921097917
495,-0.5764509763776378,-0.4972805503982134,0.016010026844802933,17,0.018122594261624884
495,-0.5599062842393323,-1.5149908074588512,0.01611444197724435,12,0.016867616959319157
495,-0.6239438988173073,1.5006589509851287,0.015960638699036446,18,0.017791936191094804
495,-0.5891570640484346,0.4859772961562661,0.01602724288567443,20,0.016824893195023474
496,-0.5753669284570887,-0.49125675568849553,0.015756287276351696,19,0.01679909543332485
496,-0.5718266828760116,-1.5236255896270345,0.016254888120278276,14,0.020335359131291662
496,-0.6224490925760239,1.4989102326841417,0.01591098691355055,18,0.019925270563682918
496,-0.5867117273320548,0.48264211791383227,0.015939410483459725,20,0.017552996028198545
497,-0.5755953849457806,-0.4932156689034142,0.015817800204060168,18,0.018169952889402066
497,-0.5725515746197607,-1.5209201296414672,0.016101234562697183,13,0.019809443281817496
497,-0.6202970351482415,1.4985408447987856,0.016015248243206843,21,0.023538647519919353
497,-0.5865402291478721,0.48400165226737624,0.015862065558428,21,0.01747461047896504
498,-0.5721297275341951,-0.48997231158965465,0.015755889483393865,17,0.018744671415885643
498,-0.5574983026366106,-1.5061554835662656,0.015216885033610385,11,0.0035750200301948912
498,-0.6228833564624296,1.4993985847092701,0.01596297426545987,17,0.015115654138555125
498,-0.5878922851822245,0.48801129294760454,0.015948572422495408,19,0.012578348479793814
499,-0.5698536839861754,-0.48584754340959774,0.015702579514606994,16,0.015576199850965929
499,-0.5697847178684128,-1.5221766729220827,0.016434475145013505,14,0.021340001901502557
499,-0.6241157237274019,1.4999442994435117,0.01604764129781816,18,0.01398126082151258
499,-0.5876629303733356,0.48805128554702837,0.015907741121206766,19,0.01266271700122372
500,-0.5723446975813471,-0.4894507877075617,0.01578969570129345,17,0.0173186872665467
500,-0.5571561702089772,-1.5052331454317358,0.015200482653607095,11,0.003573212106290214
500,-0.6214820787846045,1.49870802902847,0.01588444911744973,18,0.019740441812018384
500,-0.5848132999517976,0.4845351005494482,0.015925534042615003,18,0.013482977818798548
501,-0.5720464816566145,-0.4871592327843908,0.01567246278093055,17,0.01585288593933986
501,-0.5571561702089772,-1.5052331454317358,0.015200482653607095,11,0.003573212106290214
501,-0.6220593104517776,1.4979528521580194,0.01600174808614186,18,0.021430969052041927
501,-0.5853892710048967,0.48402342794680003,0.01600701853065174,19,0.02021259781485727
502,-0.5739672592634185,-0.49123759934258915,0.01584594913123293,18,0.017731809419934054
502,-0.6210776537432151,1.4932827666354496,0.01589299583434441,19,0.021578944357623957
502,-0.5869441161355096,0.48451509342973254,0.01604401194459407,20,0.018583759392739745
503,-0.574182467841474,-0.4915678311405155,0.015851880311012083,17,0.017202939796308332
503,-0.5732495598191131,-1.5219714033394849,0.015949901232752268,12,0.018413837615159016
503,-0.6230412884164181,1.4977776496630437,0.016029100167585,19,0.017469201769504564
503,-0.5852476275722549,0.4832643334755833,0.015985401924149364,21,0.014818694758184266
504,-0.5709407416154834,-0.48971651313677694,0.015950401884956833,16,0.020585593492169627
504,-0.5577210056597566,-1.5147898804286108,0.015723027962726698,11,0.018856183040326883
504,-0.6237056337619171,1.496920917863609,0.01586657173798285,18,0.01782341533761699
504,-0.5856341512949372,0.4845845033189552,0.015948072292463505,19,0.018221015647258615
505,-0.570267944660325,-0.48870962563792214,0.016028909481162448,16,0.02062100339603959
505,-0.5595573992744425,-1.5095979365868561,0.015880449404373508,12,0.016310727024391528
505,-0.623580849950801,1.497168920609402,0.016001131386761236,19,0.019016325233808057
505,-0.5885014648265142,0.48583274751927846,0.01603176918404984,20,0.02071441661009605
506,-0.5782596028576755,-0.49546623152419855,0.015970767252880068,15,0.01745078489486694
506,-0.5656255032974059,-1.5125222864181893,0.016250724275265315,12,0.011079970216430224
506,-0.6256866579802067,1.499622694268471,0.015897287818348236,17,0.016569880408824633
506,-0.5903167126549435,0.48527041730056486,0.01599770286227531,21,0.0212936745689831
507,-0.5726605241132914,-0.4907063241532228,0.01608695372582405,17,0.020211130810773355
507,-0.5644907688165681,-1.5117271811120976,0.016336666421012565,12,0.013380411498626711
507,-0.6204411115715533,1.49830043375903,0.01596398636000845,17,0.019420139052432728
507,-0.5877325699324543,0.48453560238500315,0.015911878317530923,21,0.01729147662296385
508,-0.5666990688483812,-0.4849557348784632,0.015983203205295574,15,0.01939771273171676
508,-0.5640618536626711,-1.5102204695140742,0.015811680920523114,12,0.012122590433793165
508,-0.6218011191256141,1.4976785931931504,0.015822107541141113,18,0.020630649084789027
508,-0.5910453988697904,0.48573503416746444,0.015945615146684418,21,0.020553704222586244
509,-0.5746208529588399,-0.49177286177168567,0.015715601127865728,18,0.018206244482824572
509,-0.5636911910165056,-1.5142221460882161,0.01611596437201343,13,0.014647349123129996
509,-0.6240145740634131,1.4973333624486724,0.016000532415165015,18,0.01652847716144805
509,-0.5891870012962496,0.4839519657172847,0.015949259396988595,20,0.023693584518310887
510,-0.572778851718643,-0.49195842753011804,0.015943485122940613,17,0.02139387706653544
510,-0.566819924208014,-1.5247001569887382,0.016266373966785756,13,0.018467811409464876
510,-0.6240747549554755,1.498095438997494,0.01598634493888613,18,0.01770789249627755
510,-0.5844421642186546,0.48424016778871976,0.015826360468834004,19,0.019589648237441665
511,-0.5772194182119885,-0.49421094253926773,0.015803096705135817,17,0.018598702520193532
511,-0.5776913118523535,-1.5328359974188024,0.016102512838429266,16,0.015499048595215632
511,-0.6221309630194317,1.4973180423232904,0.01621524403310936,18,0.017698055325712607
511,-0.5853699113777285,0.48491373111476266,0.015989296059150847,20,0.014322812091614777
512,-0.5762598031875481,-0.49493893967775665,0.015961805360532877,18,0.019017839959586526
512,-0.5561810398999788,-1.5116790024168139,0.015916083588269826,11,0.015260675387992032
512,-0.6238535595358954,1.4971582676649657,0.01581013610820436,16,0.014937381930840956
512,-0.5841265243542123,0.48332657568978515,0.015993462495759614,20,0.016456820619548264
513,-0.5775626850046842,-0.49669704853819513,0.01593525361148768,16,0.014671907990827694
513,-0.5644268860815841,-1.5153609639680508,0.015890565451473455,12,0.015151491619829201
513,-0.625528303800863,1.4979984188334412,0.016061172149130953,18,0.016009941533169345
513,-0.583806239066116,0.4842533305632357,0.015872157545273546,20,0.013659388769404288
514,-0.5733009245231204,-0.4938754979682065,0.016114284006499148,16,0.02121375391830925
514,-0.5531464168681913,-1.5033506530561371,0.015434718308637881,11,0.0
514,-0.6180306776714584,1.4976736251708689,0.015909947747881705,16,0.019013325999963436
514,-0.5847224925215883,0.4841368238636258,0.016005316965301827,20,0.019316788419868954
515,-0.5726645137043372,-0.49006753850177137,0.015855439339058322,17,0.019059376280539015
515,-0.5665864413761778,-1.5224997228085038,0.01627152908315592,13,0.020142990058042768
515,-0.6199376129750701,1.4942337160413295,0.016160904627313188,19,0.019742060682492076
515,-0.5848831327218463,0.4829445272621989,0.015936542046275454,20,0.016712043368250856
516,-0.5677335828603866,-0.4859094037582562,0.01584781077243016,15,0.020925958790817722
516,-0.5589540928013483,-1.518869597029448,0.01585412763388847,12,0.01821283875849097
516,-0.623950449791841,1.498869034027006,0.01615572034085661,17,0.017988432211145787
516,-0.5850415895170642,0.4829379834393221,0.015931708210012583,19,0.015889560836890734
517,-0.5746550047446745,-0.4938161462573901,0.01579819228332581,15,0.020347386141042804
517,-0.5663982618636945,-1.513072174718187,0.016040493870199037,11,0.012209184645075052
517,-0.6189602327532795,1.4958451153434529,0.01606203878366982,17,0.02171253138988902
517,-0.5835162952614091,0.48526748031837263,0.016087646606418888,19,0.012001978145533146
518,-0.5713349750865381,-0.49014117170717714,0.016074474727925638,17,0.020496750754205876
518,-0.557171298068784,-1.5121744208517902,0.01525858459784994,12,0.014754015820476968
518,-0.6257180754261127,1.4986530931728101,0.016117880514778412,17,0.017452390602012324
518,-0.5843890922839445,0.4843895481150397,0.015911110591822535,18,0.018082089184550156
519,-0.5714297418707308,-0.48920915467650167,0.015958964743718787,18,0.017708053261143074
519,-0.5721217739167054,-1.519286727680985,0.01611528708623223,13,0.0186985981463511
519,-0.6214929087460006,1.4959505379127616,0.016023947375531807,19,0.02375317820279322
519,-0.5882981732702243,0.48325243481448554,0.01595694296222178,20,0.019751443100796982
520,-0.5740868686229871,-0.4960696046889175,0.016038266170683328,17,0.02132441881238653
520,-0.5696839949388802,-1.51347469023531,0.01583098917003698,10,0.004170561416583411
520,-0.6224511964499472,1.497984345927823,0.015904496709446825,17,0.01776068627477423
520,-0.5847698447058729,0.48383655404949477,0.01597767019440258,19,0.018837262001100398
521,-0.5725163007123271,-0.49103412089717374,0.015995473112406636,17,0.019571795055704437
521,-0.5528094466715452,-1.5024370649957326,0.015408695528904186,11,0.0
521,-0.6229750272100686,1.496867652988906,0.015886607036222192,19,0.019048829994741338
521,-0.5903028521100812,0.48626586573207536,0.015649071608303363,20,0.02164690493333057
522,-0.5704931022926265,-0.4905064842974041,0.01609639797541348,16,0.021042991522095
522,-0.5616220683066606,-1.5286815542479735,0.015783047265419913,11,0.0012928196625208131
522,-0.6198274163575388,1.49563842310713,0.01594958686665708,18,0.02146419061245395
522,-0.5891210367566069,0.4848310662506868,0.015920142470361068,20,0.02132952149529131
523,-0.5683517324101899,-0.4870425408939472,0.015873005918261233,17,0.019950585300012473
523,-0.5570822754202279,-1.52321999445308,0.015625132272043842,12,0.017192098748199557
523,-0.6255180947958576,1.498249384723435,0.01575060573938522,18,0.01591194323742318
523,-0.5862379511110751,0.48575590103872324,0.016029010380191878,20,0.02132371036809152
524,-0.5750284824919843,-0.4918625790966408,0.01594750944888949,18,0.015840093841098173
524,-0.5641843968114021,-1.5100721269097568,0.016150091683303478,12,0.012950556354359925
524,-0.6215933295870284,1.4971675545611836,0.016170649830547695,17,0.01756349683315309
524,-0.5863414392273842,0.4840710786315536,0.015917896430397534,20,0.01476480520689364
525,-0.5702011042789217,-0.4866992015713923,0.01596125490155359,17,0.015889266323522118
525,-0.5681414459082541,-1.5226575851269637,0.01600661530868162,13,0.018885885291582423
525,-0.6223021037825739,1.4984296909992887,0.01590865919038648,17,0.016371922913437493
525,-0.5846374106297074,0.48172747001974714,0.015971447421296924,20,0.015927483582596286
526,-0.5686905663371179,-0.4890071807316234,0.0161224747490522,16,0.020867671231958082
526,-0.5567657715277109,-1.5099071755169302,0.015441847639499337,11,0.015329283028294881
526,-0.6227140480474209,1.498495297756487,0.01604930350509521,18,0.020059636302624553
526,-0.5845602901765652,0.4812894781786124,0.015901726348020565,20,0.015974237564710447
527,-0.569613492964304,-0.48531703799636644,0.01588264342956378,17,0.015384566579602228
527,-0.5565167351576259,-1.5035084571328092,0.01590988978894689,10,0.0035843904247888562
527,-0.6233326091760222,1.4987543487152264,0.015921833404615757,18,0.016883849613701582
527,-0.5868416629663097,0.48455454897941325,0.015965125227444733,21,0.016489329374136028
528,-0.5706582301207651,-0.490772154799555,0.015877434035991723,17,0.021652927657603988
528,-0.5565167351576259,-1.5035084571328092,0.01590988978894689,11,0.0035843904247888562
528,-0.62473720698976,1.4974586951889908,0.016151994328433734,19,0.016726889328650598
528,-0.5867300162372816,0.4838990109645092,0.01599595816315137,19,0.018338825065186137
529,-0.5771943018888128,-0.499202004108416,0.015942255186031852,15,0.015306130562899166
529,-0.555497798452489,-1.5098246820057541,0.01588278251600684,11,0.015231846757518335
529,-0.623045871671193,1.4972002546370813,0.01583206187912986,17,0.018879801640192352
529,-0.5873413553916681,0.48464062141997455,0.01607044960481526,19,0.021349853506331083
530,-0.5723806617448788,-0.4902373874559699,0.016016736162503754,18,0.020340135853839474
530,-0.5778116310680688,-1.527243044654454,0.016025267458647987,14,0.015947211861002723
530,-0.6196253996158106,1.494595897524406,0.015935245014708332,18,0.02101481487486823
530,-0.5878953519892973,0.4858189580199424,0.015970526030962294,20,0.019145121414448123
531,-0.5722968757919765,-0.49060684881779026,0.01601937624564573,17,0.02135200680081721
531,-0.5658255310185636,-1.5102067338359761,0.015793984831023903,11,0.009410024290414692
531,-0.6198314606220224,1.4946682117747163,0.015998656516214925,18,0.02191631618307061
531,-0.5845075264310309,0.48610019283751277,0.015879014531876266,19,0.015481727805758554
532,-0.5701506143044541,-0.48962926316030536,0.015966358454807778,16,0.02084136620875064
532,-0.5574521934668251,-1.5117702503071464,0.015479363824992001,11,0.01537412231276828
532,-0.6230337068836036,1.499760730018891,0.016120455115184482,18,0.017993124545445608
532,-0.5848138794771354,0.4826354181303834,0.01607553037164402,19,0.01656235806574789
533,-0.5725656783606048,-0.4882925330811071,0.015887985219263344,18,0.017148872460924617
533,-0.5653929237833073,-1.5141365389578634,0.015922273052185257,12,0.012604377450773759
533,-0.6235392066971177,1.4960964103076688,0.015925345788179418,19,0.02204074925712951
533,-0.5890368710245428,0.4852854974880634,0.016005048428476838,21,0.020719946507209534
534,-0.5728051600327406,-0.4909156330757761,0.015944979388776214,17,0.020982246178880105
534,-0.56262877574808,-1.5291258263511833,0.015667856471813024,11,0.0
534,-0.6217712328274351,1.4986894581646208,0.016124348059831452,20,0.020461861146308973
534,-0.5838071312662506,0.4852802510110648,0.015896460793408753,18,0.017502483750019896
535,-0.575219136714974,-0.4955565176971972,0.01607344142709893,18,0.02062099219084144
535,-0.5746376453553047,-1.5260969244900373,0.016016128920517955,13,0.017031680927451682
535,-0.6206367179298147,1.49957858973518,0.01577286855439257,16,0.017329483694947335
535,-0.5884436850627247,0.48445683985219723,0.0159957638391957,19,0.018718787293274107
536,-0.5759152261374842,-0.4975939466255321,0.01596892181892848,15,0.01837539247828639
536,-0.5624720320698237,-1.507230020533225,0.016222853697189857,10,0.0051605114210641675
536,-0.6224202270223562,1.5001234707857787,0.015972232200236178,18,0.01802153550549566
536,-0.5829435896854107,0.48516757763689344,0.01592233093483282,18,0.016446009021076555
537,-0.5737718603387914,-0.4923935842410801,0.01585383198847354,18,0.02014361081123508
537,-0.558190673476863,-1.5111102231285054,0.016074104747723666,11,0.014595698390482133
537,-0.6225893468428562,1.4968881084833416,0.015964654575939662,18,0.019971456111535626
537,-0.5865066710244092,0.4856059653562858,0.015925306988681484,19,0.020067862999376282
538,-0.5748395118146608,-0.4909203045612133,0.015801715150309533,18,0.018874482311981418
538,-0.5665557591375587,-1.5203602544845685,0.015965934298765593,13,0.014000402840888678
538,-0.6228538951880817,1.4961041789920317,0.015979108156513065,16,0.01900909882546416
538,-0.5910418392063941,0.4860917693624013,0.015871085484348478,21,0.01962005478501643
539,-0.5731452692021786,-0.49089273726545773,0.015940964475613335,17,0.018139823225691434
539,-0.5565243645952672,-1.5126157260104984,0.01592974012283856,11,0.015277908969122041
539,-0.6185543089218961,1.498584036614815,0.016004628769999453,19,0.021047160351699477
539,-0.5877000237146547,0.4852206190990587,0.015944320081038743,19,0.015387261511548764
540,-0.5743660827843833,-0.49200294008684164,0.01592776383498339,18,0.018910063774146158
540,-0.5581827254188078,-1.508003632886803,0.015247355883962808,11,0.003578625324892222
540,-0.6240319214054626,1.496546845343715,0.01580256750031448,17,0.017891351642358524
540,-0.5841780299028301,0.48319060148568593,0.0158759765936435,21,0.014996551649537882
541,-0.5703641005999661,-0.4891261721043937,0.016266409562428828,15,0.022419169606906136
541,-0.5707810807557075,-1.5242907140988065,0.015909992193088852,12,0.017924938520356214
541,-0.6211336915904494,1.4960918198170463,0.0158820941405667,18,0.020786067965392063
541,-0.5848048989099363,0.48321735075998246,0.016009127556391223,20,0.018041626537086297
542,-0.5737881846421097,-0.49197782243623284,0.01573979150080385,18,0.017409529161756553
542,-0.5678029669520351,-1.5161599870920774,0.016133795795393983,11,0.011850635739854749
542,-0.6234640823909321,1.4985757681178222,0.016020886396675676,18,0.018110992621653468
542,-0.5888532106889182,0.48600864972063706,0.015870400959688398,21,0.01981703892520459
543,-0.5714620383645088,-0.49151314447751066,0.0160246496518841,18,0.02154278957313912
543,-0.5719653401643737,-1.5452420509078149,0.016019547435193265,10,0.0
543,-0.6238843099827446,1.4987387044247338,0.015949404310101778,16,0.014027401704876355
543,-0.582982017462258,0.48603397029380646,0.015844505885197792,19,0.011821836054909203
544,-0.5723161596221403,-0.48990399550689867,0.015864537062666453,17,0.019275225870367438
544,-0.5564731643586732,-1.5033849061711402,0.015170833818222715,11,0.0035704040344199505
544,-0.6212617219835124,1.4981912447406058,0.015837871403745485,17,0.017539790663882192
544,-0.589918837625044,0.48531489202781647,0.015968005524786118,20,0.019810522712656722
545,-0.5699501908436312,-0.48953977132466225,0.01609129897414036,16,0.020300366172179195
545,-0.566345107966698,-1.5097646837872927,0.016393573610886766,11,0.011054194529875928
545,-0.6242275250937063,1.4978189304291478,0.01591084464945197,17,0.017165900502375313
545,-0.5871051444319613,0.4897796058958702,0.01589006637976529,19,0.011731882769245933
546,-0.5699242521432247,-0.48967100686759857,0.016170866638701438,17,0.02182698445886412
546,-0.5681490750831529,-1.522248350581193,0.01593531226261522,13,0.01626941367320135
546,-0.6223967593806637,1.5025903601041857,0.016103515001341138,17,0.01521090704044778
546,-0.584542283495228,0.48474601293182845,0.015918954265820098,20,0.015412585401743466
547,-0.5724508359822097,-0.4912183826069492,0.01600876670242568,17,0.01990783737195775
547,-0.5599624564766084,-1.521382977912496,0.01566041700918473,12,0.016637083852500643
547,-0.6201578684174381,1.4971207163103477,0.015882637918872965,19,0.02157364665862195
547,-0.586369632525252,0.4843770428208289,0.015837206387234657,21,0.0169132938708433
548,-0.5719215096628035,-0.48939748317083065,0.015835767748449157,17,0.017267418032086892
548,-0.5661091041044719,-1.520502761103977,0.015893870831599443,13,0.014687345582986651
548,-0.6217838165504108,1.4981789090258004,0.01612241030504121,18,0.01717529605697836
548,-0.5859676742213745,0.48356326137950056,0.015963336449451675,19,0.015818904393498326
549,-0.5737091344405045,-0.4930921353386489,0.015893253589637817,18,0.016588081013256182
549,-0.5565167351576259,-1.5035084571328092,0.01590988978894689,10,0.0035843904247888562
549,-0.6214870772905575,1.4992239906417921,0.015916508351059715,19,0.020328481847707306
549,-0.5923329903592863,0.48613562396629806,0.015929225167483727,21,0.02040568893384343
550,-0.5707054127008369,-0.4898097651769181,0.016024638344990044,16,0.020954673299332875
550,-0.558338609505926,-1.5039436813653402,0.016107645054162255,11,0.00442853622131064
550,-0.626022263755861,1.4989984455100935,0.01593492062272626,18,0.015774384644319035
550,-0.586382316027128,0.48291228980282835,0.015982467234550015,20,0.015975566918126665
551,-0.5747251924167712,-0.4946303023460362,0.015938787596936135,18,0.019612528168581042
551,-0.5641745828099687,-1.5171122396881103,0.015945146684337014,13,0.01498112953977579
551,-0.6243251986917064,1.5002805101408618,0.01615039824752921,18,0.014777522021081112
551,-0.5874836609305121,0.48435904197943247,0.015843029550211708,19,0.016753832486759452
552,-0.5735070199595736,-0.48964568718258433,0.01585349293055722,17,0.019140120985818042
552,-0.555612977704836,-1.5192279129196304,0.015580066232160943,12,0.017207047514132906
552,-0.6232501194383331,1.498056596444239,0.01619469528139081,18,0.01778654651289528
552,-0.5869009981509441,0.48326149603239227,0.015959544808541,20,0.01610060088781907
553,-0.5716527310201219,-0.4905018273979059,0.01592604719330531,18,0.01985571054828719
553,-0.5558398679885138,-1.5107527533113005,0.01589562741346519,11,0.015241943814216202
553,-0.6221060532590016,1.49661548475302,0.016016186465668318,19,0.019245613457161404
553,-0.5870511578752547,0.4851616475743838,0.016010972584764957,21,0.017058531041740318
554,-0.5715715559232871,-0.49226837864247164,0.016034713426301077,16,0.021911026780286984
554,-0.5672344917377369,-1.5147656938493599,0.016301768931032704,11,0.013038817593977174
554,-0.6232874165399023,1.4980920699843179,0.01596539458308553,19,0.01820433623087049
554,-0.5884957725499396,0.48490015732046127,0.015933303008465984,20,0.015678673893042092
555,-0.5764008443562482,-0.49709622593212294,0.016002399723307255,17,0.017724416475175357
555,-0.5746502628932667,-1.525381275282888,0.016017749557990856,17,0.01755435432537576
555,-0.6224526146639899,1.499549522091977,0.016140453098887484,17,0.016232471512528164
555,-0.5854013502260473,0.48649522190602346,0.015867417517398008,19,0.013619888701217933
556,-0.573195299704161,-0.4911531363565728,0.016091766299079296,17,0.021878541499404023
556,-0.5728866276050107,-1.5235510247762583,0.015973485942661292,14,0.016578562186549763
556,-0.623658154383924,1.4982146858179397,0.01617443184784247,19,0.019678276035654307
556,-0.581094663817121,0.4833339518383577,0.015977271827772983,19,0.011853174506630497
557,-0.5744186396314771,-0.4901962444679495,0.01586139959698957,18,0.01847136294813578
557,-0.560366202668089,-1.5131421161045608,0.016060196986122557,12,0.016112258533247752
557,-0.6236230168849266,1.4968811001765512,0.016255724164854074,18,0.01715861725927499
557,-0.5846788691137914,0.48653328792883416,0.015956728521775747,19,0.012285063319311984
558,-0.5781937949460193,-0.498194856935218,0.01586421032031725,16,0.01534827786721348
558,-0.5736146354836501,-1.52251462787283,0.016159486374543536,14,0.018963221471285714
558,-0.6238921873101607,1.50060029966377,0.01587587415573903,17,0.014961799231098022
558,-0.5837966197314625,0.48408329051410837,0.01589933401444648,19,0.013967226762224323
559,-0.5729873849511528,-0.49115108939411517,0.015943329647393107,18,0.018277423248810924
559,-0.576702257157592,-1.533102583710687,0.01594878797617654,12,0.016949879975720006
559,-0.6234404592641078,1.4997762161299557,0.015998838307382766,16,0.015335727392071972
559,-0.5851773851742862,0.4840329868216071,0.015804068734413052,19,0.01613659496608038
560,-0.5722185308868792,-0.4902321400855492,0.01592156797494792,17,0.018720816987270773
560,-0.5608394279574165,-1.5172297397625645,0.01607940403776816,12,0.018297394815125878
560,-0.6234525222878766,1.500392469898388,0.01588912203865209,17,0.013592429978287739
560,-0.5848443401273796,0.4838188000681965,0.015871110861483156,20,0.015369369280344644
561,-0.5687061942880436,-0.4860302086537261,0.016076369079977174,15,0.01868034361165502
561,-0.5687391485643011,-1.517787467726449,0.015989082020774734,11,0.011407959835279839
561,-0.6266205418660036,1.4992585814621338,0.016041995441724133,18,0.015116849767948033
561,-0.583962653261418,0.4837069865687588,0.015926164839151782,19,0.01481830335421254
562,-0.5724976966924329,-0.4904350598935732,0.016102260800074826,17,0.021519031282529442
562,-0.5662241503509763,-1.5116024084697444,0.01589413146153321,11,0.009968116494386357
562,-0.6257669922599078,1.4988123336126,0.016000355751378446,17,0.014320265484399245
562,-0.5857212575861022,0.4851367371515692,0.016005214227136473,19,0.019742513848854563
563,-0.5725559394204168,-0.49138593044925283,0.01596158596643932,17,0.018942106345751466
563,-0.5575140020136601,-1.51310148046498,0.015271852799668698,12,0.01476186721508156
563,-0.6217954255479539,1.4952707291750131,0.015921095823006378,19,0.02220017879125475
563,-0.5807052935645721,0.4824518075632936,0.016089910999856443,25,0.014385173557437271
564,-0.5729007458850475,-0.49066955890247727,0.015856890256168495,17,0.01814342593423085
564,-0.5571085799932081,-1.5108364866801034,0.01545984923685215,11,0.015347349975048509
564,-0.6215812639560722,1.4971499543520796,0.016014204535789358,18,0.02080197293237054
564,-0.5880012865460045,0.4848894299900592,0.015986058752992822,20,0.019243362413474567
565,-0.5736872362397227,-0.49157139865228133,0.015932369545073204,18,0.017363004051067638
565,-0.555612977704836,-1.5192279129196304,0.015580066232160943,12,0.017207047514132906
565,-0.6197906616624196,1.495882470149012,0.016171524264293614,17,0.020329033704437848
565,-0.5858166178888359,0.48384297348707744,0.01585751669609229,19,0.013927456647252189
566,-0.5707486951525168,-0.48768556717021916,0.015975200113307806,17,0.017796676782212466
566,-0.618675569823105,1.4948077206133663,0.0159261007821319,18,0.02290751007301668
566,-0.5849924047024068,0.4850698631584387,0.015953252090270074,19,0.013874977032792588
567,-0.5737243844992905,-0.4921565061067352,0.01594936915346027,16,0.02113196207675011
567,-0.5643129801562285,-1.5291254124964184,0.015620431070757657,11,0.003052255052411912
567,-0.6238404517460261,1.5014455179016895,0.016140962829441722,18,0.015875099986367443
567,-0.5834148362596888,0.4836254850360346,0.015930443504376415,20,0.01482087736525428
568,-0.5731606536508242,-0.49228288164487216,0.015961338790767804,17,0.02144819730557873
568,-0.5699813042166318,-1.5157758706945246,0.016315134093272968,13,0.011997622809684822
568,-0.6213107093587008,1.497703054222679,0.015850875678428036,17,0.01993503632502271
568,-0.5864151123544202,0.4845832060422983,0.015973507408381313,21,0.01803944988549313
569,-0.5707768231213444,-0.4888974521138285,0.016002473707899267,17,0.02008879993870937
569,-0.6243148875612908,1.4971898145815759,0.01597603576816311,18,0.018188686002639308
569,-0.5874371121713219,0.4855570173042498,0.01600454191155132,19,0.020820040678989283
570,-0.5645762086139612,-0.4849603843135356,0.016069360806674014,15,0.017964817372904167
570,-0.5648985726544858,-1.5330028851813329,0.015695431024672704,10,0.004335967808563577
570,-0.6205611453442206,1.4947662775566752,0.015886751492370208,19,0.02360056236846677
570,-0.5862626099079233,0.4824994313335316,0.01594534395891859,20,0.017812766625112803
571,-0.5732049261711878,-0.4906006232251334,0.016051007274428774,18,0.017374795977773572
571,-0.5531261244347043,-1.5169448536928736,0.015537097861306345,11,0.018076957532265684
571,-0.6231575626585486,1.498916265582617,0.016068759030588017,17,0.016519250165708176
571,-0.5868090763933195,0.48507583001095017,0.0160694526518964,20,0.01674699781002524
572,-0.5701746959099154,-0.4877490985221217,0.01600603255904498,16,0.01826968775584687
572,-0.5568599368716437,-1.504436610260976,0.0159208047832046,12,0.0035872510390940913
572,-0.624708062385707,1.50073431434679,0.01608555745466457,18,0.015551571137020324
572,-0.5884812322864903,0.4844715179435633,0.015975625269435686,20,0.020254114184556155
573,-0.5732922935080709,-0.490758584308765,0.01582412518634572,18,0.01748725293106218
573,-0.5565167351576259,-1.5035084571328092,0.01590988978894689,10,0.0035843904247888562
573,-0.6246776125274967,1.4962123307146942,0.0159682958528949,18,0.020727484982921155
573,-0.5816333320508047,0.4821963709950111,0.01598908761006297,25,0.015470734046517972
574,-0.5716285501260421,-0.4927742940549403,0.01606408432865606,16,0.022399048378113295
574,-0.557996213375062,-1.50301697078002,0.016095182616413763,11,0.004429081792888624
574,-0.6210265555183062,1.496257174303623,0.01601023562872546,18,0.02140128977120473
574,-0.5842170534862724,0.48290134098554605,0.0160631179677683,18,0.015824425274572736
575,-0.5734047948128965,-0.49093666159328603,0.015862108522069172,18,0.01772994952115789
575,-0.555497798452489,-1.5098246820057541,0.01588278251600684,12,0.015231846757518335
575,-0.6219073235151883,1.4947257797076408,0.016026509660070045,19,0.021675777916951883
575,-0.5885165878037816,0.48524081635236066,0.016019616112913304,20,0.019712399801477556
576,-0.5705452692327394,-0.4903975874162837,0.015983618302435606,16,0.021938833826911357
576,-0.5739228953104082,-1.5174108871573027,0.016188414776761587,13,0.01767272613555598
576,-0.6217761688553749,1.4966979665920297,0.016003769562960013,18,0.017164100805200883
576,-0.5868797489322067,0.485117861742635,0.015943041737621677,19,0.015811434899347183
577,-0.5788264893388723,-0.49817290485612997,0.0159301495639003,18,0.013689674960044265
577,-0.5571561702089772,-1.5052331454317358,0.015200482653607095,11,0.003573212106290214
577,-0.6248971737625449,1.4980263771917934,0.016106064062883875,19,0.015624103578903556
577,-0.5851702338032568,0.48513096933557753,0.01589606511222689,20,0.016666779631429363
578,-0.5746235252322015,-0.4951295043180461,0.015846937528652735,16,0.019954561755137445
578,-0.5688917491663407,-1.5121108177714662,0.015698968444136634,10,0.004058252415502632
578,-0.6221061399707484,1.4960648773532503,0.015988967513379627,18,0.019577744262713907
578,-0.5861712242693843,0.4867885877861665,0.015954954515753846,19,0.013985324599946669
579,-0.5713450063583025,-0.4902899268659059,0.015920295564891076,17,0.01807394759937485
579,-0.5624184139371462,-1.5291281246509272,0.015575525839735293,12,0.0050623591428506955
579,-0.6246500509517997,1.5000967644927183,0.016129772161413366,18,0.017367751344096002
579,-0.5844742930194694,0.4848971353135391,0.01591278204977426,19,0.012817743604305123
580,-0.5752544726989133,-0.4937703365518275,0.016022251885309997,17,0.02125215686303232
580,-0.5591510950415554,-1.5073215117422403,0.016139576526774068,11,0.01351744096875267
580,-0.6119256658582167,1.4866969970213262,0.015938589206045118,17,0.01910013703669084
580,-0.5887919822785813,0.48561553327070706,0.015950430068668867,20,0.014854153307060408
581,-0.5717487433763611,-0.49113572786303117,0.01591815435161902,15,0.022249198961195878
581,-0.561060340178496,-1.5209052075394531,0.01595281181708496,12,0.0160550235422623
581,-0.6160252010832227,1.4933067235462782,0.015992288779330507,17,0.022974162484369474
581,-0.5877054650788357,0.4868315309073037,0.01593961964118536,20,0.014796152832052007
582,-0.5726129625980917,-0.4900457864501738,0.015887169675222447,17,0.01750390863037016
582,-0.5621596257585971,-1.5293808195052374,0.016133720736382983,11,0.003972871816962493
582,-0.6211739063777131,1.4941542719196717,0.016085104836737533,20,0.024699106681870957
582,-0.5884426169592195,0.487924955884242,0.015909532629921813,19,0.01831036739317731
583,-0.5704152411502501,-0.49226326151990557,0.015963354278576057,17,0.022490033908579572
583,-0.62302833071258,1.5006550242380592,0.016131232375098656,16,0.016941567420797617
583,-0.5878355769101942,0.4867647039179491,0.015926120691199606,20,0.017415703526032125
584,-0.5721301191422451,-0.49211278283910015,0.016028493838274056,18,0.0212815829181741
584,-0.5644911193563218,-1.5239177479338761,0.015301892329277525,11,0.003200576677671779
584,-0.6239199686251867,1.4964516485593564,0.01623293257864521,18,0.021759812014246902
584,-0.5885557867307954,0.4876531488350103,0.015922982461427215,20,0.017122372869450554
585,-0.5751947187344773,-0.49480014936617017,0.015794555484323226,16,0.019597306109141063
585,-0.5622982109626394,-1.5270049802697154,0.015670539306760038,12,0.01382889823449775
585,-0.6232057194980125,1.4994759230156165,0.01601505484126814,18,0.017377902434011012
585,-0.5912119620341951,0.48731824139495744,0.015917729006165792,19,0.01389163346029346
586,-0.5747411176888924,-0.4933876900390168,0.015814556656559408,17,0.02004185397454014
586,-0.5722049026308477,-1.5211515222196565,0.015987343471476775,12,0.01835857594475491
586,-0.6224184042139066,1.4978801656367813,0.015778972734237808,16,0.017189957912115025
586,-0.5880403878685382,0.4869740754502945,0.01591158389011497,20,0.017108907334571002
587,-0.5705217015987721,-0.48911709050333513,0.015888727766334394,17,0.018417397003985293
587,-0.5769691894248282,-1.5284392325371492,0.016058235569241797,14,0.017123888311183263
587,-0.6191028608879264,1.4967898408860467,0.015877576210443754,18,0.02037162825405074
587,-0.5859368147749473,0.4858794509424126,0.01586402690976808,20,0.01322361789302617
588,-0.568133488647507,-0.4860303637807813,0.01623031532529786,17,0.018396525290182535
588,-0.5661877854884331,-1.517131306007439,0.016282267691859427,12,0.014236221540688128
588,-0.6219433820887682,1.4999963778975178,0.016065360195354875,15,0.017979877638930213
588,-0.5849372662064126,0.48455941465486474,0.01590773682828783,20,0.015136014641872891
589,-0.5726327140231117,-0.490977122286746,0.015955280698138896,17,0.02036111589117698
589,-0.560308582917447,-1.522322257431467,0.015675215995054996,12,0.016651715592728343
589,-0.6201605146713758,1.4987269699061736,0.016100848376641767,17,0.020338187066747296
589,-0.5887630962921876,0.4879010235145161,0.015916961233135244,20,0.02055451116885254
590,-0.5704908987520348,-0.4915074390019868,0.0163337395585444,17,0.02280814610310038
590,-0.578690926980582,-1.5318641442085055,0.015964776696526357,12,0.014121556372338414
590,-0.6221837241235958,1.4995419837294792,0.016123672414888702,17,0.01765731613900085
590,-0.5872224129736933,0.4858427052475612,0.015983972211238876,21,0.01485582125881441
591,-0.5738576796210112,-0.49117018071876467,0.015926081271211007,17,0.02125323612243679
591,-0.5590832988937359,-1.51692545510327,0.016154159021751484,12,0.017678312977263494
591,-0.618254890287468,1.4965798165685975,0.015976771929721155,16,0.02040740079658447
591,-0.5845610384447887,0.48397628654743846,0.016109387327909192,20,0.01802646128491258
592,-0.576800513832194,-0.49623365553776017,0.01590073818754742,16,0.01805955961954892
592,-0.5688917491663407,-1.5121108177714662,0.015698968444136634,10,0.004058252415502632
592,-0.6246612525508417,1.4999050540630618,0.01589938170217724,19,0.017140265069748264
592,-0.5875907266672712,0.48533668939455565,0.01596922940031124,18,0.015327187395454432
593,-0.5746879812841584,-0.4897410704258771,0.015920960168565958,18,0.01675684422589446
593,-0.5600110052421079,-1.531170945794919,0.01568586497277309,11,0.0
593,-0.6246627946413199,1.5013123444481236,0.01611546027318908,18,0.014409737941062067
593,-0.5870814171540237,0.48602115942626783,0.01589781472065098,20,0.020251820389701174
594,-0.5756431210072805,-0.4929751734495039,0.015959731806532207,17,0.019928413966791562
594,-0.5593116913001906,-1.529259271182285,0.015650339181519517,10,0.0
594,-0.620974308178708,1.499581846351653,0.015867198065090026,18,0.020768254983121782
594,-0.5878050767563071,0.4860192431551623,0.01590958629011655,19,0.01905969120041111
595,-0.5778424546482858,-0.4963438951935545,0.016070298892832627,17,0.020202307301622185
595,-0.5679417303797093,-1.508847988133689,0.01576954956646022,10,0.004146477349608636
595,-0.6247935025824664,1.500776902539045,0.015976840305956377,16,0.01670827933086037
595,-0.5841979351400389,0.4833519497356136,0.016029927459992606,19,0.013502222511102713
596,-0.5792615329454586,-0.4963742684716758,0.015972753529012288,17,0.01812709853206844
596,-0.5574517586481252,-1.5121013912138157,0.01570384844669515,12,0.016511898295257885
596,-0.6240642479996433,1.5005940439027787,0.015950575964588497,19,0.01693336269669673
596,-0.5849909579441337,0.48438647107434835,0.015961716218627162,19,0.014812547415781302
597,-0.575370249029795,-0.4940086813869814,0.015957038594129114,16,0.019834542393919175
597,-0.5673830822966293,-1.515606324576922,0.016382789044578138,12,0.010490822730051906
597,-0.6225299580418553,1.498866728457261,0.015984798062956825,17,0.017653427658142117
597,-0.5894719715241921,0.48712479081699034,0.01586331616970601,19,0.014293675812998579
598,-0.5749660233045761,-0.4953130690717551,0.015936108701253855,17,0.020396476883381465
598,-0.5748200272792711,-1.5209241196930805,0.016129337410921547,16,0.018816304299153482
598,-0.6263237879036848,1.4989428639447284,0.015929300608808115,18,0.01671068130114897
598,-0.5893031424162986,0.4863201546682827,0.01597096098394613,21,0.016914460421579746
599,-0.5724522921303998,-0.48829106451264326,0.01585280537162272,17,0.01660537256288118
599,-0.5579519205835137,-1.504817394991974,0.01624464549255516,12,0.004287434930477001
599,-0.6158397524002749,1.492971225117177,0.016048027037066804,17,0.022345288453314665
599,-0.5862934319459694,0.48704896008310544,0.01581313372436086,19,0.013683088315027327
600,-0.5712464581069916,-0.4893771886231427,0.016008410303477435,16,0.02126374262982314
600,-0.5660676208511981,-1.512681980081479,0.01585430984988952,12,0.010597359512215966
600,-0.6207162032245129,1.4964281385367715,0.015996282952560746,18,0.02086459957538943
600,-0.5877226624744274,0.4884694739596994,0.015783136675363577,20,0.018207921157695334
601,-0.5711388364974639,-0.49051812481290746,0.016056177150202702,17,0.02134607824124883
601,-0.6185696156621607,1.495515657007961,0.016208176369014757,16,0.02096278302180451
601,-0.5902207255219707,0.4868269820542337,0.01595038844209915,19,0.015340359547121266
602,-0.5733546227615423,-0.49156729140863437,0.01576967268396301,18,0.020174407573159966
602,-0.5576134138529566,-1.5165107220464769,0.015901789104677443,12,0.017136877050122117
602,-0.622673471002945,1.4989092077614778,0.01616167191081589,17,0.01639917892945172
602,-0.5878449551217937,0.48656903980888744,0.015917251340507275,19,0.013365661636058013
603,-0.5775930703939992,-0.4965087222687033,0.015836013751187886,20,0.018541517477952536
603,-0.5677152174824294,-1.5153213002714125,0.016377349154113593,11,0.012222534643223322
603,-0.6243691348182676,1.4996707151702675,0.01604582391325061,17,0.01436022885691374
603,-0.5918965912631209,0.48445094619702067,0.015883795505344835,20,0.015466462200307781
604,-0.5768539697604126,-0.49366679652362977,0.015920753248405726,19,0.015778823071898943
604,-0.5647551726508933,-1.5120754478976282,0.0158344892395362,12,0.012135541805363104
604,-0.6230152288661132,1.5008106613026806,0.01602000462638599,17,0.015503596497902462
604,-0.5877917304333254,0.4839272142865523,0.015926293759546187,19,0.01604359875839747
605,-0.5758973544694823,-0.4941242573544872,0.015799276404858804,18,0.01877288919950523
605,-0.5725459419685065,-1.5266384729964049,0.015958228963011124,12,0.01399845260542205
605,-0.6202318202792212,1.4990089314795456,0.015985212384565396,17,0.018478935627627934
605,-0.5883318030886563,0.4858839562694339,0.015954293769286136,20,0.018085095539037782
606,-0.5753831487546232,-0.4923937417716747,0.015832452234223967,19,0.01925347625586038
606,-0.5627784463632438,-1.517277616404232,0.01591490740046212,13,0.017840713670719675
606,-0.619526954344867,1.496834454332334,0.015829288126551287,18,0.02219620902223302
606,-0.5853241133531848,0.48441987667330194,0.015989927657495802,19,0.01926286912160485
607,-0.5724999829244215,-0.49180125720658047,0.01595387618204942,17,0.019027089441569472
607,-0.6212390637217136,1.49788748083482,0.01602599843146052,18,0.020509388178211806
607,-0.5860333996054827,0.4856876288293066,0.01606400730277208,19,0.01912612267116191
608,-0.5735647873820097,-0.4933061198431087,0.01610116302242105,15,0.021367227668301375
608,-0.5631549515320666,-1.514433442841587,0.015803563260987096,13,0.015486791799193692
608,-0.6164789541557395,1.4945058546134813,0.015917178791058244,17,0.022415511107817362
608,-0.5887294313504369,0.48449720469085455,0.015835679408551313,20,0.021734325246732286
609,-0.5755851010627024,-0.4923504213450923,0.015865784016009927,18,0.017240884118266964
609,-0.5571561702089772,-1.5052331454317358,0.015200482653607095,11,0.003573212106290214
609,-0.6243141566064639,1.4998267233709253,0.016219250296205877,19,0.016950456124061646
609,-0.5856321436077833,0.48487022421263815,0.015995535522859206,18,0.01812564745476927
610,-0.5742550724983876,-0.4902484500964463,0.015712849326507534,18,0.01592002504736047
610,-0.5663464874105805,-1.5198833852707987,0.015995583952602282,13,0.013883253549136523
610,-0.6235273854958232,1.499480505520724,0.015795010574042215,16,0.016677848923398922
610,-0.5895122406576293,0.4860994913869292,0.015905782022663555,20,0.014138522575884313
611,-0.5783571489075744,-0.4966587016686468,0.01586040268490071,16,0.016322956929922923
611,-0.5613136935178458,-1.505492150171373,0.016239205415442798,11,0.004847809944640761
611,-0.6255005079830764,1.4972453036516857,0.016043323974776456,18,0.0191712667922821
611,-0.5894189195995881,0.48647189534206653,0.015939804204060007,19,0.013962580863507724
612,-0.5779647511183768,-0.49582857915068634,0.015958633288160332,16,0.01743376618231732
612,-0.5713205702810429,-1.5232280033974959,0.01587849628276217,14,0.018378105073408396
612,-0.6221153759708937,1.4976787284848185,0.01599213270082819,17,0.01691238590799008
612,-0.5861884381194881,0.4871884236254926,0.015971042082894734,19,0.018264114539717873
613,-0.5779647511183768,-0.49582857915068634,0.015958633288160332,16,0.01743376618231732
613,-0.5598582876009487,-1.5050533812748863,0.015904547293000258,10,0.004172450278819455
613,-0.6209935935417331,1.4962213047511037,0.01586726555581471,17,0.019468346005530275
613,-0.5843600294352365,0.4857152953772656,0.015907322831294504,19,0.012249670264580202
614,-0.5733110721430479,-0.48947347091267057,0.015737237713553405,17,0.01841739933715977
614,-0.5699362858080546,-1.514886569871486,0.015736757848213205,10,0.00407333175843187
614,-0.619926572040703,1.4964722354303683,0.016018456517287043,17,0.02122720857958699
614,-0.5878401506177149,0.484997210055819,0.01589057594522147,20,0.017327683319915667
615,-0.5743815056479625,-0.4889432498323484,0.015769259775584858,18,0.017708063942485443
615,-0.5636854005007834,-1.531999561471889,0.015729265621326358,10,0.0
615,-0.6243969654354532,1.4981145110102208,0.015936896921132163,17,0.017984187670111968
615,-0.5882096056135884,0.48732167653267194,0.015844989391054613,19,0.022782738428623432
616,-0.5746691006351371,-0.4926913818320904,0.0158427220851876,18,0.019574986978974487
616,-0.5603720529881298,-1.532151861650069,0.015730695009708168,11,0.0
616,-0.6192931029858697,1.4955383091731156,0.01597413751788482,17,0.022080906468943028
616,-0.5872634252278301,0.48466819618246,0.015980419428807215,21,0.01850233972592709
617,-0.5722775485258704,-0.4883398438740168,0.015862812898144476,17,0.019614546381603554
617,-0.5640852337268163,-1.5182151800138235,0.01612492319108186,13,0.017048524377894426
617,-0.6228637623399929,1.4986169925628399,0.015827545468954547,18,0.017823341087130556
617,-0.5862238004198974,0.48384294821813795,0.016040493876487438,20,0.01824170694110754
618,-0.5715002212620199,-0.48937414120518336,0.015689185115308594,16,0.016226740502223974
618,-0.573901454410629,-1.5228297677183944,0.01602344661189719,13,0.01832643650088187
618,-0.6273824383262027,1.4992301148626144,0.01604701695603344,18,0.017563042025986207
618,-0.586929361366023,0.48549719113567,0.01582040903981344,20,0.016653376473206284
619,-0.5710990672040699,-0.4887363308077608,0.015889889181185023,16,0.019594142853905445
619,-0.5577946858183827,-1.5126981113518791,0.01549181271649329,11,0.0153837155028148
619,-0.6217334727742432,1.5005114149691225,0.015999120256463127,15,0.018443579116883962
619,-0.5892663317023322,0.4858619139084509,0.01591005138695384,19,0.015422517408462814
620,-0.5725973502607861,-0.4929318399375936,0.016143635938785428,16,0.022720944450425922
620,-0.5631872079210266,-1.516294949044309,0.01627865767421502,13,0.017028730191677673
620,-0.6225235093858048,1.4996127172864597,0.016199614633172033,19,0.02035647914371654
620,-0.5912558440970677,0.4858404110870968,0.015855740301139058,20,0.01474757843353951
621,-0.5721554841901335,-0.4937419243700654,0.016274750461376684,15,0.022653173149215357
621,-0.624301712768893,1.498525563447054,0.016262700518517897,19,0.016846684427386554
621,-0.5887521291355956,0.48594729420013344,0.015997111830916854,20,0.013916816498539106
622,-0.5722056911991411,-0.4883825987930375,0.016006920166512742,17,0.016219162729030283
622,-0.5634794517480084,-1.510433877685781,0.016124964401161464,12,0.014485912787973659
622,-0.6251435686434186,1.4984034345724997,0.016081355101015483,19,0.015275814338693105
622,-0.586784795485315,0.48643435420253756,0.015940548416469698,19,0.01986987121558299
623,-0.5717343866595624,-0.4894546576516146,0.015979558621915906,17,0.018493021402278206
623,-0.5740409396929993,-1.5241506007330623,0.01590531387788819,13,0.016454236742634566
623,-0.6207397251917466,1.4972669550069628,0.01607529615275688,20,0.02186594713480539
623,-0.5900161327654038,0.4876484264495654,0.01603772151222644,20,0.020387669640639542
624,-0.5710134237106568,-0.488491087467168,0.016051819842206543,16,0.02049380683886861
624,-0.561781427864191,-1.5053782508685236,0.01619628240193994,10,0.005149231600239027
624,-0.6197786313401424,1.5001589353994524,0.016076454007953243,16,0.01903063440514257
624,-0.586434391125819,0.4861954459622319,0.01593573453857991,19,0.0141570425994007
625,-0.5793552190598384,-0.4965021260610433,0.015846861627041138,16,0.014895830670272399
625,-0.5665829250858468,-1.5144391486491051,0.016311254781372936,12,0.011959726213462448
625,-0.6222092217571693,1.498054608404457,0.015982321564499538,18,0.018768655101243387
625,-0.590504749296659,0.4860619972875845,0.015987730644928724,20,0.015757281138053927
626,-0.5710501882717665,-0.49441499293691576,0.01619882988749777,16,0.022179115807112904
626,-0.5690468864096828,-1.5236217745653193,0.015936309715736823,13,0.01912956716857728
626,-0.6238712320839981,1.4983296434923739,0.015972839051834407,19,0.01830258699776313
626,-0.5892537706873866,0.4860986773101053,0.015860078950775743,21,0.01793806293327582
627,-0.5698654756480668,-0.48741658809035565,0.016090434361641127,16,0.019461751991485858
627,-0.5688917491663407,-1.5121108177714662,0.015698968444136634,10,0.004058252415502632
627,-0.6222727515243127,1.4992456476878708,0.016077556695661084,17,0.01833368453546883
627,-0.5850314024101395,0.484739344651542,0.01584072659500438,19,0.013439244500838828
628,-0.5697379863799603,-0.4915183548974327,0.01608943745126555,16,0.02220346160800892
628,-0.560308582917447,-1.522322257431467,0.015675215995054996,12,0.016651715592728343
628,-0.6249371705129704,1.4995492982721514,0.015933108301742577,19,0.019215283704474336
628,-0.5855008427617351,0.48532204734437173,0.016015499134125737,18,0.013900600006554058
629,-0.5720376504202048,-0.49076056029706844,0.015966592133975166,17,0.01901415722612258
629,-0.5683759777398807,-1.519148580612799,0.015821468538519606,11,0.011982463228989673
629,-0.6234352944736324,1.4994330496284611,0.015944542075435355,18,0.018489307986044055
629,-0.5822492956820409,0.4854426453312696,0.016038421573691453,18,0.008792765411264473
630,-0.5731177716251625,-0.4920651662163586,0.016016502486000252,18,0.021390860116359475
630,-0.5615931621478867,-1.5143550460936337,0.01582412639947476,13,0.017914614443552752
630,-0.6149183020515266,1.4927213690140997,0.016024410981263084,17,0.02308191787403246
630,-0.5844331945925363,0.48539584483081205,0.01592051986780743,20,0.016162598743442547
631,-0.5723603446176997,-0.4894245815913597,0.015868888011378115,17,0.017863222351620373
631,-0.5568147055442799,-1.5043085702294305,0.01518590674078787,11,0.00357616545021681
631,-0.6204116428393752,1.495587506983437,0.01604067927521589,15,0.020032623610962016
631,-0.5831755735178937,0.4832118102654012,0.015898181771838268,19,0.013335757147004093
632,-0.5744124564820589,-0.4885016908364609,0.01586068934319601,17,0.01532082366971486
632,-0.5692148555909342,-1.5235879885526922,0.016105031951077466,14,0.01946908165554613
632,-0.6215177406089342,1.4969651241478783,0.016101617026079425,19,0.020876659923845107
632,-0.588240761383042,0.48378584723499307,0.01585073961826929,18,0.01519680810020945
633,-0.571364014479773,-0.48867440905435083,0.015937789711657907,17,0.018482405960351174
633,-0.5715998662983001,-1.5216166227485763,0.016079328808473015,13,0.019223760651082642
633,-0.6236202616017832,1.498172035162686,0.015972518126409818,18,0.01919816792369671
633,-0.5858594204577015,0.4859260819806743,0.016038762185538725,19,0.01646282446121232
634,-0.5728175633259343,-0.49370692272710537,0.016108650302607583,16,0.021524342342532726
634,-0.5574983026366106,-1.5061554835662656,0.015216885033610385,11,0.0035750200301948912
634,-0.6223037193558445,1.4988069651297948,0.01591031148521367,19,0.01759005616036713
634,-0.5905883924229735,0.4854830831293052,0.015889735916292117,19,0.016812802335175025
635,-0.5772709343840662,-0.49777066896417993,0.015967523213050387,17,0.016687911726718137
635,-0.5558398679885138,-1.5107527533113005,0.01589562741346519,11,0.015241943814216202
635,-0.6216328249038371,1.4967821570316708,0.015920704371421814,17,0.01902804711695008
635,-0.5877957782052189,0.48553027765278167,0.01594312083300049,20,0.014964436060569488
636,-0.5754238553466715,-0.49448684239717594,0.01589679314061901,17,0.019794599381367687
636,-0.5637536264514532,-1.5145558099345457,0.015773497845815113,13,0.014611429275705294
636,-0.6226333970728944,1.4952849278069145,0.016071895105131285,19,0.020552415089346944
636,-0.5890763983425784,0.48586505586373707,0.01595645237244531,19,0.015491130205185579
637,-0.5766107963185948,-0.49444133211053803,0.015838101083723986,18,0.018925019029126643
637,-0.5538625862651829,-1.518797800861602,0.015584172538539325,12,0.021881143256978597
637,-0.6224101479032245,1.4982526740126487,0.015743593255823363,16,0.019668612783071596
637,-0.5878928005820171,0.48500088590310403,0.016121419173707525,20,0.017725832429946093
638,-0.5750501604684616,-0.4899654056041547,0.015821058910897686,18,0.016069330363055127
638,-0.6235114015968175,1.4989946070549418,0.01605069940375887,18,0.018257161500946428
638,-0.5871369796160277,0.4857871883684976,0.01603873996175211,20,0.017443691686493446
639,-0.5703051875907739,-0.48910461604291955,0.015885297196978582,17,0.01927377077906301
639,-0.5580342936783811,-1.5129918556076032,0.015901890509941674,12,0.017594488099035157
639,-0.6229546327865183,1.4990730009322293,0.015839296379478708,18,0.01818428943676282
639,-0.5874619852298958,0.4847202031659599,0.01591344839875188,19,0.01602625467105987
640,-0.5717245204394417,-0.48888588531599797,0.01597951817516799,17,0.01968969881530271
640,-0.5714379958841744,-1.5190262788655966,0.016034395122006814,13,0.019240051894736765
640,-0.6178921603941572,1.4947131784038719,0.015914422810892576,16,0.019065761006186777
640,-0.5873738666166491,0.4842211468306201,0.015833552730862573,20,0.0211681855481291
641,-0.5753433638811647,-0.4960935599257682,0.015883587558257622,16,0.01956206110152323
641,-0.5571085799932081,-1.5108364866801034,0.01545984923685215,11,0.015347349975048509
641,-0.6201914362637689,1.4973084233747829,0.016026418438697013,17,0.01860996476888827
641,-0.5873694741473646,0.48676409209471533,0.016001974336325483,18,0.020620328336733877
642,-0.5711248719726784,-0.485602545705836,0.015923975369561878,16,0.02162488461230833
642,-0.568811177905082,-1.5214418845164523,0.01609233313118118,12,0.01921153121945932
642,-0.6200404109552432,1.4982802699615045,0.01603396791958805,18,0.020043914206798862
642,-0.5873547499790923,0.4861548082035127,0.016074712676265507,19,0.01759989967832868
643,-0.574202439697245,-0.4906771407163944,0.01581912760885657,18,0.018519978512246744
643,-0.5693365214109593,-1.5125484141894647,0.015819452874111375,10,0.004166211548428744
643,-0.6183280456337582,1.4972773484721893,0.01610953605815761,17,0.020627006985357688
643,-0.5918458545077736,0.48885321903670187,0.01593138598481388,19,0.015875667996800475
644,-0.5732410978258654,-0.490050794101043,0.015819054344651966,18,0.018525564781070886
644,-0.5558061591390416,-1.5106702224834192,0.016027045704835784,12,0.015115119869838607
644,-0.623335457642715,1.4981605916587948,0.015880751571508648,16,0.019152800020938176
644,-0.5925034027583606,0.48049190593240776,0.016195312679049,14,0.022385706488048003
645,-0.5790482985757681,-0.4992659736642393,0.01598399427837515,16,0.011146795739373347
645,-0.5581395408458751,-1.513637214342439,0.015503888009201085,12,0.015397502564455831
645,-0.6228247440154744,1.5009220329135287,0.01603599177242825,17,0.019782729317644812
645,-0.5818715494119111,0.4746895275770598,0.015932957992486542,14,0.0157280850809999
646,-0.5735379005586997,-0.4896476972700486,0.01581594583431896,17,0.018516648387390023
646,-0.5561810398999788,-1.5116790024168139,0.015916083588269826,11,0.015260675387992032
646,-0.6187096679642048,1.4959583279065776,0.016057522618515487,16,0.01983285120299011
646,-0.5875998513120192,0.4767229037454775,0.016254131741158875,13,0.02212609160016986
647,-0.571864704669784,-0.4902882505993717,0.015905800707099366,17,0.017733110609180616
647,-0.565374076352522,-1.516074369053189,0.015871089577364297,12,0.014112537585606726
647,-0.6198524470608774,1.4954136229543598,0.015944532993808103,17,0.01886689158927862
647,-0.5852567837511504,0.47405672481538297,0.016516295297481776,13,0.0205806527249156
648,-0.5778940265465251,-0.49736840376211144,0.01594668857917503,16,0.014732986455299576
648,-0.5607058864262161,-1.5330756224806819,0.01571395996741741,12,0.0
648,-0.6167967051347245,1.496305612310533,0.016089538310782973,20,0.023443183122943512
648,-0.5896845607818763,0.4805828274918514,0.01600872033997264,16,0.021655714992141202
649,-0.5727487652624655,-0.4918535728526471,0.016018337314181598,19,0.02102449822517821
649,-0.5632463853726453,-1.5151205826275564,0.01585568525520212,13,0.015357654149800427
649,-0.6213833430615896,1.4960784331742127,0.015909048244075116,17,0.018180771949740354
649,-0.5789494872078679,0.47418222767926843,0.016118526346736814,14,0.00851742368704761
650,-0.5753433638811647,-0.4960935599257682,0.015883587558257622,16,0.01956206110152323
650,-0.5634218261932011,-1.5068778548467026,0.016592562893153927,10,0.004619167690513483
650,-0.6219590541422124,1.4963030301985343,0.01600872077550196,17,0.02097629193822703
650,-0.5843171936711034,0.4757166129536508,0.015832653980178007,15,0.01580433381605545
651,-0.56796381613527,-0.48475436219984236,0.01600790108666164,16,0.01906326859764429
651,-0.5597999693753587,-1.5098724772150587,0.016041184487157377,11,0.013790253156164726
651,-0.6242165956752435,1.4969665604480036,0.015995714705044014,19,0.019958945054898616
651,-0.5943374917538138,0.4819784297227404,0.01649828977594754,13,0.02297967476500872
652,-0.5697840034378167,-0.4839918997884508,0.015892118256221527,16,0.017790535479874227
652,-0.5574983026366106,-1.5061554835662656,0.015216885033610385,11,0.0035750200301948912
652,-0.6231680664337303,1.497013742909386,0.016066333797234673,18,0.020077285010369404
652,-0.5871457870170548,0.484573222606484,0.01581962018478959,20,0.018000318791131863
653,-0.5722082785136755,-0.4917911957893095,0.01609259570376945,17,0.022103574852018134
653,-0.5542025809011057,-1.5197340475408645,0.015590941940172335,12,0.021886657211856238
653,-0.6239306202315846,1.4987489263849294,0.0159414453245971,16,0.01786290690188815
653,-0.5790350341874644,0.4739577284472502,0.01607959671418653,14,0.002683958023690313
654,-0.5695932673984091,-0.4895214449055459,0.016415390435865995,16,0.022542327404897037
654,-0.5534894110089704,-1.504287708373527,0.01543678995999682,11,0.0
654,-0.614808734562722,1.4939837481913483,0.0161130720036737,17,0.01958653018453439
654,-0.5943245957584458,0.48814091961983935,0.01590771214746403,18,0.014276124765321245
655,-0.5728580312005396,-0.4943095299079628,0.016201076627827337,15,0.021423994177483766
655,-0.5646252406405554,-1.5136232206910103,0.015716722765551465,12,0.01277133662778542
655,-0.6232978087092995,1.4994555974863355,0.015853091746620654,16,0.01783822145286699
655,-0.5843329625579549,0.47675094692171466,0.015903980279146187,14,0.018439828870173283
656,-0.5784788928258218,-0.4994299580603243,0.015902439789381568,17,0.012717825166526354
656,-0.5659962689051968,-1.5100021386213063,0.01588872587289075,11,0.01026621849641583
656,-0.6226568608910787,1.4980687473923417,0.016130508101001355,19,0.018459614188593116
656,-0.594241578599147,0.49079474086701014,0.016029964499000703,19,0.0139116952853422
657,-0.5770540084361092,-0.4976808467017877,0.01646617747548237,16,0.017405288407569393
657,-0.5663438998865183,-1.5109312927719716,0.015900247459556472,11,0.010274996956390536
657,-0.6241023256922436,1.4993032210783943,0.016062773610323773,19,0.018751371560625587
657,-0.5864689882698462,0.478711704506237,0.01566308803486668,15,0.02022473791858459
658,-0.5762568445316177,-0.4965563728587865,0.0159790692354514,17,0.01961444829864431
658,-0.5618630678371475,-1.5144015786031746,0.016039252040382455,13,0.016851023918183772
658,-0.6209122260989406,1.497604516258408,0.01611875842681987,18,0.021219627864566357
658,-0.5890096446683603,0.48675007331282344,0.015872891579884647,19,0.015519432826989248
659,-0.5733139371583841,-0.49158965843296876,0.01583881220410754,17,0.019100789792903604
659,-0.5636387851755164,-1.5114208410260763,0.015812428750096898,12,0.01405359545778511
659,-0.6206138318357652,1.4978326694735489,0.01610936620424912,17,0.017638329647662467
659,-0.5829917942131936,0.47698487961578656,0.015792300407041392,14,0.0170970306128802
660,-0.572421850654119,-0.49052505954114645,0.015784581558774116,17,0.018058747892274452
660,-0.562054242485409,-1.5136126905343312,0.016079542281062856,12,0.013933963548512066
660,-0.6241717348754052,1.4992884091501522,0.016208831609139614,18,0.014051040009655654
660,-0.5941800159573907,0.48189515793237603,0.01593067956734781,15,0.020912874124503655
661,-0.5749611059187631,-0.4904803947730599,0.015742024500438954,17,0.01431637605062912
661,-0.5733735810394309,-1.522026734870828,0.01601497995395202,14,0.01971459061401955
661,-0.6238702302519598,1.4971681486731072,0.016085333639970882,19,0.018812535426442577
661,-0.5896495887325551,0.48444824440432493,0.016148667898932965,19,0.018619679951917233
662,-0.5748733743506115,-0.48962744505837247,0.015780322724870063,17,0.014266597519595341
662,-0.560308582917447,-1.522322257431467,0.015675215995054996,12,0.016651715592728343
662,-0.6265296382503037,1.4993274785270967,0.016057234928737143,18,0.017672417826268584
662,-0.5829509543623388,0.47270439215477983,0.016441603784746697,14,0.01792167005144054
663,-0.5729811942783035,-0.4932336908075004,0.016072687374246074,18,0.02112115473959762
663,-0.5565167351576259,-1.5035084571328092,0.01590988978894689,10,0.0035843904247888562
663,-0.6236932716666672,1.4996383875378232,0.01605529358721312,16,0.016560694102411577
663,-0.589787504668703,0.47953596666930504,0.01617234747996951,14,0.022506233634587862
664,-0.5720736118523203,-0.4919276408906104,0.016007320824614236,16,0.02197317879473692
664,-0.5566508229561908,-1.5166709400455047,0.015583814613580247,12,0.01809967170807371
664,-0.6217805390996154,1.499114092761864,0.01594223047967843,17,0.018746457037640253
664,-0.5843550929271674,0.47516801186526103,0.015875183471566027,14,0.018320293296523255
665,-0.5718282505393462,-0.48693111986699006,0.015817296504551492,16,0.017671231137938188
665,-0.5638127914585244,-1.5151002877077449,0.015873052148324386,13,0.015065786695840902
665,-0.6221829872752219,1.4977797544704667,0.015930198330218158,19,0.021658467568100734
665,-0.5947583084351289,0.48191159453051985,0.016744272624491515,13,0.021281947814906735
666,-0.574506709619409,-0.48827779134415195,0.015939237059072846,19,0.015505766505088784
666,-0.5645912602523642,-1.5336272403050017,0.015695843885284538,12,0.0023860346259605637
666,-0.6237300724793967,1.5002232773814077,0.015963951861103595,16,0.016428283933059302
666,-0.5809492778417129,0.47776234428772296,0.015873859756412926,13,0.012536435705904004
667,-0.5709186149196809,-0.4906341053019498,0.01594931105686685,16,0.02118634773275695
667,-0.5716090516784729,-1.523645299497474,0.016188562969664973,13,0.018586272501791137
667,-0.6241331580605776,1.4998277330803818,0.015995270419625417,18,0.014385410216042872
667,-0.5887046336476267,0.4787899068081197,0.015868356452556298,15,0.019639515613893384
668,-0.575101829938735,-0.49249305348567207,0.01592796876224374,17,0.0207337343475407
668,-0.5584902715326184,-1.5054704593647363,0.015642532685239862,11,0.005154460055716526
668,-0.6244355143114287,1.5005731108506375,0.015946008584459784,17,0.015629824374269
668,-0.6006042045139949,0.4840518011895191,0.01689384383885792,13,0.01773648833158871
669,-0.5745537951600822,-0.4889860434056429,0.01588848166844967,17,0.016358722502559826
669,-0.5656898021072045,-1.514013613655314,0.016349681891069525,12,0.012722557965449495
669,-0.6228423734789185,1.4968483047871495,0.015957309996599143,17,0.02059197518267678
669,-0.5887242337155587,0.4787892531749587,0.016445701994590473,13,0.022357906400353893
670,-0.5739209870989334,-0.4921160683183742,0.01595791212911656,17,0.019177630181653724
670,-0.5576900700863566,-1.5120611690308723,0.01588118513434678,12,0.017573903442122934
670,-0.6215098878942392,1.4990353746432319,0.016040838865280207,17,0.019450636760598963
670,-0.5877063999863729,0.47875150211137946,0.016061251780002953,14,0.02258440978799328
671,-0.5722355045767041,-0.4919340582817921,0.01601606836398323,17,0.02154303927611275
671,-0.5608174943471074,-1.5194787513614008,0.015712057233272184,12,0.017367142396770802
671,-0.6274302133967123,1.499365076696733,0.016025654595917517,18,0.015737394902241013
671,-0.5921429613796348,0.4826330555176475,0.01588691325526066,15,0.02043821477726557
672,-0.5697840156976457,-0.48592878878397944,0.01602743697866889,16,0.017300344661688463
672,-0.5801458929263501,-1.5342576258823117,0.01601132062391022,13,0.00910994049923812
672,-0.6219842723002041,1.501368178589384,0.01597384362656507,17,0.016856299706749338
672,-0.5831306971025969,0.47465528031190585,0.016054746259391694,13,0.01752594177399117
673,-0.5748346061120329,-0.4901095643800745,0.015889406496346143,17,0.01945276919163645
673,-0.5709599103282974,-1.5233578031778645,0.016081972080349078,14,0.019151493288373202
673,-0.6211679094029653,1.5001274663995585,0.016221688721120956,17,0.018884232854227113
673,-0.5853711022826793,0.47935375308349204,0.01604223531435354,14,0.021105820004822227
674,-0.5749554648755302,-0.4946331164634047,0.016005929672558945,17,0.020537823177002586
674,-0.6215523858440778,1.4966169742557547,0.01590754670846599,18,0.020443573806220246
674,-0.5949403531681628,0.4898192367598226,0.015860386047283154,19,0.011924484549902607
675,-0.5715739693946126,-0.48957100455878627,0.015877668506833715,17,0.02236785524045196
675,-0.5654967124174756,-1.5174820211501012,0.01636981425037671,13,0.013772030575763703
675,-0.6211678434135737,1.4982945573963378,0.015908429478278446,18,0.01947257475040642
675,-0.5961017522102976,0.48766689366164584,0.015995321179597385,20,0.017002568185902223
676,-0.5729447084115303,-0.49232826800430096,0.016058602309361614,17,0.022208010994620952
676,-0.56746924990146,-1.5148090798344815,0.01617936632998127,12,0.005662503553236005
676,-0.6196739846994569,1.4960725913669726,0.01619628893044373,18,0.02232359965177738
676,-0.5805808563683713,0.4748135300049472,0.016002348424915738,15,0.012965025583066593
677,-0.5791520430080305,-0.49854038952100577,0.016089303315385804,18,0.01806419865756994
677,-0.5607058864262161,-1.5330756224806819,0.01571395996741741,10,0.0
677,-0.619221395023385,1.5003826513696321,0.015917556935481584,16,0.019464486430613694
677,-0.5916267696031704,0.4803147436001037,0.016011147930882146,14,0.022139446176299156
678,-0.5748910178585891,-0.49209910304747234,0.015887024257912816,16,0.021379470592168985
678,-0.5679417303797093,-1.508847988133689,0.01576954956646022,10,0.004146477349608636
678,-0.6231978303976385,1.4974755085522555,0.015775582703242613,16,0.01811336752164795
678,-0.5856332285553706,0.47680218813645076,0.01604912776296059,15,0.018837965946284358
679,-0.5746880158199064,-0.4931055755865148,0.01585499411768365,17,0.02140984107961237
679,-0.5754718121956626,-1.5288381150230188,0.015994855816142087,17,0.01841138250441756
679,-0.6190160532136657,1.4960596265604318,0.016106099325764227,17,0.01984464695907706
679,-0.5890607810395475,0.485102971505964,0.015964820473190415,20,0.018773493363658973
680,-0.5763743328287896,-0.4923366887115604,0.015855180306229857,18,0.01854397919280489
680,-0.5592880521014281,-1.5152952012564025,0.016067620627541544,12,0.017320166807699225
680,-0.6216714894129928,1.4984604105976287,0.01600279949734188,17,0.019351271958115816
680,-0.5879341009539933,0.48019253040420284,0.01587894495684454,15,0.019278767698406418
681,-0.5743747122609923,-0.4910374202633934,0.01577524707839769,17,0.01929454471434149
681,-0.5578470053950445,-1.5101780833986054,0.016062224392611513,11,0.014583876409365558
681,-0.6233261728438704,1.498190976814082,0.016046219669406198,18,0.021147478236258656
681,-0.5899331572468818,0.48544151169075883,0.015882646704054766,19,0.01701248167968211
682,-0.5735912042036231,-0.4906155053110692,0.01586612530758667,17,0.020616553231079946
682,-0.5620668431412507,-1.5232220487350097,0.015984274676011108,12,0.017280461660012833
682,-0.6210383808234762,1.4993782386192795,0.016063877749276378,18,0.02020383047040466
682,-0.5996866008198231,0.4887456681482634,0.01601966297250612,13,0.0027010889113394474
683,-0.5731775480627834,-0.48906121623765464,0.015850792163399473,18,0.017813738172162717
683,-0.5606345664898491,-1.5269846138724876,0.015877000136430487,12,0.01600513072585951
683,-0.625995041764202,1.4996730554150433,0.016062772709048788,17,0.017662066323677433
683,-0.58634095035761,0.4779110586069685,0.01616030067533605,15,0.021485422530599006
684,-0.5739403836161167,-0.4913580238904989,0.015840342737182572,17,0.018182484074039117
684,-0.5603720529881298,-1.532151861650069,0.015730695009708168,10,0.0
684,-0.6242591908771079,1.5006221587132493,0.01590387377124972,17,0.014692277097030514
684,-0.6013459805441552,0.48760040370592805,0.01588100383360955,14,0.011918163796038985
685,-0.5664930389987649,-0.4869483857817921,0.016103664163376753,15,0.02008757806069077
685,-0.566512306674743,-1.513846540777977,0.016466421093592764,12,0.010968411917293622
685,-0.622242171157189,1.4982493842576998,0.015932270071180275,17,0.018928999428838286
685,-0.5868944701400053,0.47797331966954626,0.015948745848342445,15,0.01630625763286836
686,-0.5730068046035708,-0.49135719179714854,0.015926349268637473,17,0.018991485376809232
686,-0.5670259932128573,-1.5282567954555084,0.016297421401031038,12,0.004813969976950889
686,-0.6252810400583654,1.498071018777773,0.016146306909418463,18,0.020062652516264125
686,-0.5950599771871464,0.49052623280095015,0.01589728667235968,18,0.014139154541102745
687,-0.5751276338450867,-0.49234476100220803,0.015836010486359655,18,0.017580631442268683
687,-0.5714304050549965,-1.5169419547009295,0.016044543214863986,12,0.01639123584304081
687,-0.625910006468694,1.4987039706856609,0.016079988925731366,18,0.01807765038684298
687,-0.5902175334326778,0.4864401773007727,0.015888616721859886,19,0.01711739546333898
688,-0.5734179031590034,-0.48829002520021286,0.015878188030421268,17,0.016249625383662026
688,-0.5593174583876809,-1.5173293299153905,0.01579975145626948,12,0.018145414662451752
688,-0.6242695067098716,1.49873039933734,0.016051295804872887,17,0.018936808246011835
688,-0.5955671700374041,0.4870701710551301,0.0159634442794862,18,0.015604787687118003
689,-0.573527903157077,-0.4932486284538377,0.015920030643333215,18,0.021149723625573817
689,-0.5718226768149599,-1.5209951858047026,0.01601219396347718,13,0.017871611162433867
689,-0.6243792029606255,1.5001076460128178,0.016123003058268557,17,0.018611350104575108
689,-0.5905562154953499,0.47735172914601554,0.016803533065766367,14,0.023233696703531762
690,-0.5701706983473214,-0.4908833073918602,0.01630643762249112,15,0.02247143629876534
690,-0.5568599368716437,-1.504436610260976,0.0159208047832046,10,0.0035872510390940913
690,-0.6226093818754715,1.4996317419573357,0.015904988148997348,18,0.017838375759612935
690,-0.5987374620765898,0.4893597441633094,0.015927688618053788,20,0.01503991657844894
691,-0.5749406758977004,-0.4895629833733543,0.015955978568300326,18,0.016272185510096734
691,-0.5652368564934039,-1.5283710095262504,0.01566068414218637,12,0.004735222952567487
691,-0.6247100780764245,1.5014739498415324,0.016003536702537388,16,0.013182069605189818
691,-0.5922492207773773,0.4863461780352172,0.015985116079990022,20,0.01710482826227099
692,-0.5763742008660201,-0.4955046570204248,0.015853242880212833,17,0.018975933754427597
692,-0.5642605545711331,-1.5114608297493275,0.015799398817375743,12,0.012369032424622744
692,-0.6255325699896209,1.4990624480696815,0.01594469950908122,17,0.014934377330035026
692,-0.5872079566081596,0.4830755019471755,0.015896489970436085,19,0.01908425758072229
693,-0.5757492695784877,-0.491270802990147,0.015870565513376927,17,0.01607616489234814
693,-0.56839279433015,-1.5255769772054049,0.015953165323292953,13,0.01853566650377635
693,-0.6255925146212629,1.4999631999656327,0.016090125729089994,16,0.016761309540298888
693,-0.597634293964156,0.49083490165177995,0.015912302388627505,19,0.013111545135284022
694,-0.5741494127347185,-0.49278068899677385,0.01576168672011886,18,0.01924975420917662
694,-0.5607058864262161,-1.5330756224806819,0.01571395996741741,11,0.0
694,-0.6206283431816962,1.4969067122633204,0.01583712834781357,17,0.019233998671143986
694,-0.5867845310962478,0.4768572300776253,0.015978275076065435,14,0.01853047371919307
695,-0.5751526321352738,-0.4908799478726568,0.015758433680775268,18,0.018513667679120334
695,-0.5648452685165274,-1.5141795612411524,0.016100474135193738,12,0.013695001831116676
695,-0.6189871200613558,1.4950671949628327,0.0159229446439404,17,0.018551173260465736
695,-0.5988313284675544,0.49559848125128325,0.01596251649029228,19,0.011557882920155645
696,-0.5731833464179611,-0.48826011178008705,0.01591698502801739,17,0.015597939214550154
696,-0.5673674143199132,-1.5143919742331164,0.016367280639971758,11,0.012215412130129832
696,-0.6200854459259263,1.4967200542183152,0.015926465255370937,17,0.019391824566026786
696,-0.5822343752678625,0.47569743409234433,0.015954371327758305,14,0.015517201229796575
697,-0.5721143124694481,-0.4879994426507225,0.015874051229523102,16,0.016798485290889526
697,-0.5711274943957132,-1.5238087764419337,0.016240759636218238,14,0.01897701822799506
697,-0.6233271682918919,1.4978702344348909,0.015920228890552786,19,0.01753750089710514
697,-0.5924291159573443,0.48633217122532774,0.015908310739255783,19,0.016191195084182007
698,-0.5746291228367805,-0.4913116914760089,0.015860829791968057,17,0.014775008924217266
698,-0.5770166691567553,-1.529906249170708,0.015970167449958505,13,0.01837788760470996
698,-0.6241647331239335,1.5008222391957209,0.01626182329221872,16,0.0180005856284235
698,-0.5927233629549807,0.480822939548405,0.016323120128443894,14,0.021733442094848204
699,-0.5683558669331972,-0.48297840891601995,0.015932708439788897,16,0.01226849957881184
699,-0.5598582876009487,-1.5050533812748863,0.015904547293000258,10,0.004172450278819455
699,-0.6240984281975006,1.4998509694017488,0.016073847565982083,16,0.01722766344315327
699,-0.5953238882722154,0.48643465768916083,0.016024499870440433,19,0.016660465253569692
700,-0.5752127308683519,-0.49190198088184695,0.015998273607848956,19,0.017934474271782047
700,-0.5574983026366106,-1.5061554835662656,0.015216885033610385,11,0.0035750200301948912
700,-0.6208695087419961,1.50005606554239,0.0160091769038971,17,0.01808763370453078
700,-0.600171382775878,0.49134700593685576,0.01598894523837359,20,0.014315230829099869
701,-0.5732687243266734,-0.48911887811877836,0.015966309529707248,17,0.017059967290246576
701,-0.5531464168681913,-1.5033506530561371,0.015434718308637881,10,0.0
701,-0.6258796993720541,1.5011422055214036,0.016064683321180637,16,0.013494687803954145
701,-0.6000845013588367,0.4908157584386207,0.015990509344153206,20,0.013016903928889344
702,-0.5743586769155531,-0.49204300292499137,0.01590588599667237,18,0.020124173544123703
702,-0.5574983026366106,-1.5061554835662656,0.015216885033610385,11,0.0035750200301948912
702,-0.6244470795739759,1.5001637609587382,0.016102060064143903,17,0.01737278273161687
702,-0.5927818191276764,0.4858522509505791,0.015968510644237523,19,0.017604125195427256
703,-0.57850244614492,-0.49762419652206125,0.015967295406514346,17,0.016301669277873174
703,-0.5571561702089772,-1.5052331454317358,0.015200482653607095,11,0.003573212106290214
703,-0.6233051146416072,1.500507682616694,0.016017692200057058,17,0.016791473666358313
703,-0.5921153364361127,0.48527548741506865,0.015985483308927375,18,0.01697685133566716
704,-0.5745381702151511,-0.4919209827009591,0.01597258056938944,18,0.018057615175420545
704,-0.5725797946892122,-1.5260184158267767,0.016033942879245526,13,0.014567134986656821
704,-0.6249952807592922,1.498623790761943,0.015988544170427162,18,0.019302876951148087
704,-0.5899851124938748,0.4864052163792543,0.015998777311864276,19,0.016195549946751087
705,-0.5738220102553127,-0.4898217379048134,0.015893594245780213,17,0.015782584105712174
705,-0.5565167351576259,-1.5035084571328092,0.01590988978894689,10,0.0035843904247888562
705,-0.6256290444482586,1.5002404689278408,0.015911525106036307,16,0.01308303980665753
705,-0.5975729009353483,0.4948254232085475,0.01600779436072825,19,0.011337631308638218
706,-0.5729694101745054,-0.49118899620646733,0.01600815465308047,17,0.019288136336950784
706,-0.5565167351576259,-1.5035084571328092,0.01590988978894689,11,0.0035843904247888562
706,-0.6221390731145936,1.5009784640396275,0.016121965891811158,16,0.017577320802662076
706,-0.5923186696822669,0.479825154005357,0.01630125978728657,14,0.02222207126987052
707,-0.5729689728221443,-0.4879629667473111,0.01595786380692919,17,0.01829867732960126
707,-0.5627552579830861,-1.5152021741829103,0.015752826490626485,13,0.0162760983574779
707,-0.6238904744536087,1.499595776745502,0.016173089754243093,19,0.019161509479772007
707,-0.6013459805441552,0.48760040370592805,0.01588100383360955,14,0.011918163796038985
708,-0.5745912437961651,-0.4913237000850207,0.01588104442177952,17,0.020309720038357425
708,-0.6213569722195642,1.4975881663873756,0.015787452124959862,18,0.02113634828793545
708,-0.6018806649693761,0.49244730900982325,0.016063013683439323,13,0.0027023927134353877
709,-0.5776598565950652,-0.4929581392540497,0.015863515335321546,18,0.014498154810239397
709,-0.5620585733964033,-1.5131613735690075,0.01578685056399202,13,0.015969976889486797
709,-0.6205519453476921,1.4953794595196324,0.01600226042298782,18,0.024427589949741074
709,-0.5998346923981976,0.4932811654157617,0.016169110689311168,20,0.012555631943571729
710,-0.5752911513862371,-0.4944420667453242,0.015952459590422168,18,0.020990106551018343
710,-0.5712118062398235,-1.5221530382500497,0.016120931842670237,14,0.02071703477962277
710,-0.6233178506767169,1.495796892296233,0.015933081199863662,18,0.02206870552623275
710,-0.5972640049121444,0.4929309331274447,0.01600999240325924,19,0.01256970298162489
711,-0.5728885385304258,-0.48927119247866524,0.01575928535764829,17,0.01693113411039213
711,-0.5688917491663407,-1.5121108177714662,0.015698968444136634,10,0.004058252415502632
711,-0.6227980726185891,1.4987052179902274,0.015996725949640325,18,0.018452838038585082
711,-0.596231813870449,0.4867082275886345,0.015878504778960457,18,0.016313622224918917
712,-0.5739956408846876,-0.4907906327733828,0.01583718718589778,17,0.015939015043968295
712,-0.560308582917447,-1.522322257431467,0.015675215995054996,12,0.016651715592728343
712,-0.6187012800018212,1.495282330903187,0.015948172454440374,17,0.021661974623463358
712,-0.5792969201901846,0.4725012804075913,0.015834989677648088,14,0.010404919130158768
713,-0.5743904383562728,-0.4936538800414933,0.015820883018727475,19,0.017551374968503147
713,-0.5655494700553172,-1.5267743646518643,0.015349192500403737,11,0.003206282252469087
713,-0.6219927230527211,1.4980169763586644,0.016007876206835366,18,0.01872654524666828
713,-0.5855157883848631,0.47799981771364897,0.015790799764905397,15,0.016068377222328765
714,-0.5744343718644028,-0.4937422907075701,0.01586224380670742,18,0.019448693775302762
714,-0.5754007803542677,-1.5291024774697985,0.016028977804319364,14,0.015119827211400039
714,-0.6195601606272888,1.497657000257049,0.015898613253218986,17,0.020547081776403794
714,-0.5816432750563086,0.4790980414097155,0.016063863358663326,14,0.012722510929178896
715,-0.5745448355142384,-0.49060449203973283,0.015855205629774292,18,0.016328745497881086
715,-0.5625948927101183,-1.5148997828461301,0.015750764909105548,13,0.01586442954668328
715,-0.6213071943339268,1.5000007139329312,0.016037766709873925,17,0.019257063810966094
715,-0.5834046687576347,0.474126270143722,0.01635017235385059,14,0.0173560421469341
716,-0.575907004501792,-0.4931580699901135,0.015813184908994526,19,0.019719981785918335
716,-0.5587111561611763,-1.5049503553063164,0.01538069395282873,10,0.0025137858199722266
716,-0.6194158068045644,1.4956486891695013,0.0159395547773771,16,0.01924375168367879
716,-0.603002833626732,0.4877717169593987,0.01597358502371083,14,0.0027042240037427464
717,-0.5734577772628646,-0.48754246652868466,0.01595076583583172,18,0.016204838821638
717,-0.5660504917004135,-1.5121437473430221,0.016027948867611705,11,0.012197792200583318
717,-0.6228535795903604,1.5006679159667864,0.016063808605071412,16,0.016928529148461467
717,-0.5869856081112887,0.4767396681353014,0.01614259580019777,14,0.020191275072347813
718,-0.5705777628022094,-0.4911143124321329,0.015943374836998165,17,0.02163296908347497
718,-0.5591420360658426,-1.5130828565552876,0.016214029957075105,12,0.016116052606197542
718,-0.6210336340232834,1.4991240380174127,0.015931133270403415,19,0.021469085892954546
718,-0.594204740330254,0.48710566516220277,0.015942168789339357,21,0.015208910849106812
719,-0.5743233694423133,-0.495738927343243,0.01610047567948324,17,0.020688182732513456
719,-0.5601845473005017,-1.510110443938457,0.016186492246296622,11,0.013568942999164967
719,-0.6219987087565514,1.497421010115608,0.01584380796493075,19,0.02091055634659477
719,-0.586075240023774,0.4870148556971999,0.015949900048520513,18,0.013373320266513085
720,-0.572530486750792,-0.48756978438878784,0.015729372154323764,18,0.01659949533670036
720,-0.6222019209501402,1.4977157949875324,0.015981257579781076,18,0.019324864981119266
720,-0.5930780424835501,0.48770327925655566,0.01601270265224084,19,0.015493105443352495
721,-0.5722965633278482,-0.48903643045203865,0.015987223308128674,17,0.019259473458644517
721,-0.5620816869889126,-1.516241490610988,0.016168964006056722,13,0.017476704043865022
721,-0.6208561669888384,1.4993806600298307,0.016024940628182792,18,0.01980553647860309
721,-0.577907942481385,0.4720178078732901,0.016143193075328247,14,0.0025259562311124788
722,-0.5768875656236996,-0.493769413111389,0.016063598758365914,17,0.0204499446764814
722,-0.5641617913876513,-1.5169871862222628,0.01582198484108098,13,0.014706878835025318
722,-0.6211404950611864,1.499210377653196,0.016004621845253978,17,0.01714013965274142
722,-0.595826339622982,0.48468055747586486,0.016051034180323887,14,0.018671997932511696
723,-0.5737818261120237,-0.4911228588367206,0.015811662556082965,17,0.01920918162056126
723,-0.5597217572032102,-1.5154389367763474,0.015668207052713826,12,0.016527059949554248
723,-0.6194714545974672,1.4914911799092925,0.01576473995824388,19,0.022124657175516448
723,-0.5844702088344041,0.4748558645331555,0.016262091082322936,14,0.018425278237006713
724,-0.5759900243517996,-0.4967546870631364,0.015965729202999976,17,0.0207955470572382
724,-0.564039717865717,-1.5176644108088524,0.016047681622200407,13,0.015530564490802796
724,-0.6172347835493603,1.4970856959200873,0.015864525474439155,19,0.021401239396410546
724,-0.5818503144837398,0.4738392817517608,0.016270021820325685,13,0.01550880004074025
725,-0.5759441790721285,-0.49124352143438343,0.01588493998286373,18,0.018573405315407868
725,-0.5567444857103083,-1.5082593665422694,0.016281912111046938,11,0.01672226538050777
725,-0.6226904470499641,1.4966336348225617,0.01604348649506682,18,0.020118439996534287
725,-0.5903862333549584,0.4784449942622755,0.016419572849427886,14,0.022036463028506897
726,-0.5735288945120934,-0.49259592686492865,0.016051745617646596,17,0.021123756587067014
726,-0.5528094466715452,-1.5024370649957326,0.015408695528904186,11,0.0
726,-0.6261429826721681,1.4999650817620112,0.01600504398885479,17,0.014728708095979308
726,-0.5847393816619911,0.4738738930818263,0.016105643656341106,14,0.01681363008849612
727,-0.5738367490996076,-0.4881594564086837,0.01575916138404923,17,0.016942601714111563
727,-0.5571006271444372,-1.5186855314547265,0.015580228395415487,11,0.018152477652084855
727,-0.6230385170581776,1.4984241370579574,0.01607789815704524,17,0.014385181942730684
727,-0.5835039114751336,0.4701697339445794,0.016379168385109538,13,0.0170815343061028
728,-0.5717449057049595,-0.48976588843582847,0.015956306937367222,17,0.02106101831236823
728,-0.5558398679885138,-1.5107527533113005,0.01589562741346519,11,0.015241943814216202
728,-0.6244510297652767,1.4985098761254303,0.016037637313760945,18,0.01711006823774708
728,-0.5810342154602014,0.476149854691175,0.015932743177114107,15,0.014173183912381848
729,-0.5748040818424186,-0.4920237471181247,0.015756439807141507,18,0.015726418895254404
729,-0.5603720529881298,-1.532151861650069,0.015730695009708168,10,0.0
729,-0.6191965853593143,1.4994060174649309,0.016094517940912434,18,0.019513729103533033
729,-0.5912571791969365,0.4860798359861016,0.016083515825971256,20,0.018911864335480855
730,-0.5733650229663312,-0.4949974172006868,0.01592681418982483,18,0.021307614262020446
730,-0.5729945527232571,-1.5208854168526853,0.01605630472987954,14,0.015952289812762494
730,-0.6239376574162134,1.4989799224126927,0.016056439939761826,19,0.019937772318904052
730,-0.5869763240147133,0.47840950224428364,0.015839347334314743,15,0.020595446844125676
731,-0.572750198881682,-0.4897105042966347,0.015903493506505478,16,0.021491547405399054
731,-0.561930641137188,-1.5272231506177374,0.015641013066283,10,0.0
731,-0.6252399799548667,1.4990889715433382,0.015998101021741713,17,0.017191298595848965
731,-0.5830959564570938,0.47621378584081386,0.015964250313956103,14,0.018088378928928745
732,-0.5762449883374776,-0.49348112990106097,0.015811717309028875,19,0.020389994538080644
732,-0.558807024982227,-1.5063951403574103,0.016122629293499273,11,0.013499744779969772
732,-0.6203720201238878,1.5014123482497577,0.016246862665095254,17,0.0182914569734358
732,-0.5907994558281056,0.4796548516570157,0.01580568867664152,15,0.022261543544358258
733,-0.5724709543344848,-0.48967757002970547,0.015809260817189356,17,0.01931929828171018
733,-0.5671058505354761,-1.5143016401385476,0.016115618023931282,11,0.011840012831840408
733,-0.6244971772190814,1.501535851830856,0.016188272806687068,17,0.015133607589561457
733,-0.5898865621267734,0.4797270360659219,0.01600768419295191,15,0.0211656945119552
734,-0.5707715016278727,-0.4868032613193028,0.016027346162195026,17,0.018165057788554036
734,-0.56393232550181,-1.5117648330914466,0.015691767578135996,12,0.012748562533996715
734,-0.6204523365977377,1.4955550629346972,0.015995734573808807,15,0.018949637499879143
734,-0.5822920197506488,0.476097842304833,0.015790789908909572,14,0.017547511958807414
735,-0.5751026298563371,-0.49424572752049833,0.015914229366949268,18,0.02031203346449791
735,-0.5616444511021331,-1.5076138863144204,0.01576163217300407,11,0.005026903835015036
735,-0.6241353154595033,1.4974329908204584,0.016075660580317317,16,0.018073273464114126
735,-0.5857639603094453,0.4793665547311282,0.01576751808509916,16,0.020217100977964836
736,-0.5724291680475664,-0.4902825222436377,0.015933113864045303,18,0.01856366303124463
736,-0.5620079571684692,-1.5228298274572794,0.015619771106497813,12,0.015788067794257895
736,-0.6231158713679232,1.4983213554284225,0.0158755395920855,18,0.01647044958185341
736,-0.5837743978200346,0.4766628221916369,0.015943810827870542,14,0.016802418001886543
737,-0.5690498206347703,-0.487791911091597,0.016149229673014392,17,0.019880216098863247
737,-0.5720770474597773,-1.5219229986975087,0.016079280330311748,15,0.020080449562877918
737,-0.620140176403704,1.494163163857798,0.016175643400319455,18,0.02252574337255099
737,-0.5840026315601871,0.47934032069872556,0.015993519987987526,16,0.01864903871625266
738,-0.5750113833430502,-0.49489834677952976,0.016058689859890576,15,0.01999044073271685
738,-0.5720143668246613,-1.5228130951943772,0.01620150584392173,13,0.019742242659840356
738,-0.6224643106438315,1.499192506320149,0.016123105348315122,19,0.016940051451672693
738,-0.586177378261864,0.47884666069372606,0.01591743741853958,15,0.01844512085077416
739,-0.5692643784092098,-0.4870755923646339,0.016118495230662555,16,0.020831186451354587
739,-0.5565914761289933,-1.5128305916828326,0.016261180827903385,12,0.0171596888374827
739,-0.6218406461964795,1.497699051228376,0.015940522029627972,17,0.016878840241572858
739,-0.5999326760261934,0.48603748520991685,0.016003093334246297,14,0.013818800609678902
740,-0.5725770586779513,-0.4907612516473806,0.0158415036286177,17,0.017593012473198683
740,-0.5581646837404488,-1.5117849465642483,0.015577367081808378,12,0.015007969727997577
740,-0.6225173362798554,1.4948768402391028,0.015897004120457244,19,0.020567544303505624
740,-0.5833998543371862,0.47663221387006555,0.015832326657856277,12,0.01657461601125429
741,-0.5710043720181719,-0.4899316958088607,0.01602359433771655,17,0.01880535614509253
741,-0.5571561702089772,-1.5052331454317358,0.015200482653607095,11,0.003573212106290214
741,-0.6218536497555381,1.4950660587768019,0.01591701566256288,19,0.02150979864170577
741,-0.5847059907077352,0.47740690586838663,0.01578197667109366,15,0.018029536665037364
742,-0.568441479951738,-0.48838898523891716,0.0159998256556056,18,0.021110876844148672
742,-0.5643048857246468,-1.5173218334770247,0.015941699753826203,13,0.014400103056042635
742,-0.6238193470689231,1.498801152477313,0.015984466879509537,18,0.016703707148345296
742,-0.5798526914777083,0.47399654365105814,0.016036644019388084,13,0.012022752907740894
743,-0.568208931000033,-0.48911495576066266,0.016065675342306747,16,0.02163379565431491
743,-0.5686274129432873,-1.5271299728583028,0.016135251892174973,14,0.015599308971595772
743,-0.6266767799931736,1.4999837822556612,0.016043761710153488,16,0.014092500634663167
743,-0.5952423486232795,0.48087877266320667,0.016047617609578704,14,0.02021663011603144
744,-0.5721198344820577,-0.4893688625441629,0.015846064983021123,17,0.02154856230324622
744,-0.6222714763980904,1.5013101894441316,0.015961141173937005,15,0.017585514825967145
744,-0.5805605967992871,0.4730790124888145,0.01587739264498768,14,0.013686701453405508
745,-0.5734901369955008,-0.49034906769220543,0.015739604488900192,18,0.01989315241553512
745,-0.568645215440706,-1.5237988083421175,0.015743691554386468,11,0.016406593898272297
745,-0.6214611294959519,1.499681925808946,0.015926238742278387,17,0.016954602432030615
745,-0.586988878108245,0.47668641660743893,0.015859380465309672,15,0.019220712874347005
746,-0.5701336650915715,-0.48739282586531085,0.01596966666296325,16,0.02087134610580348
746,-0.6220585839782302,1.4992910403740094,0.016099806438782525,17,0.019013558433527183
746,-0.593432919556309,0.4793397453808906,0.01619820585596338,14,0.022395063083954374
747,-0.5692086201922998,-0.4913691608595929,0.01639621622506933,16,0.022867213648479864
747,-0.6248329100625548,1.4983167357834455,0.015871059895745956,18,0.017806835700335585
747,-0.584421198547684,0.47685896937062977,0.016076025651726694,14,0.01788035449159015
748,-0.5713105353360203,-0.4912716474180488,0.015971016675725903,16,0.021919665265907905
748,-0.5650557622611493,-1.5161510910714622,0.01608584677523535,12,0.014339367954447148
748,-0.6220858214466265,1.4979398837160658,0.01600686784057853,18,0.019541695199640087
748,-0.5860850059370819,0.47721212134973073,0.015866882211584405,15,0.01952264308193279
749,-0.5739111848409485,-0.49012401457856347,0.015786740202696763,18,0.01919009231155467
749,-0.5628015019307417,-1.5151486876209799,0.015854056064262084,13,0.015575719281401673
749,-0.6246765926612493,1.498793012930423,0.01599984182222144,19,0.02022403788932872
749,-0.6025488935717516,0.488116753379218,0.016061850179368762,14,0.0035003165097185736
750,-0.5764430958597424,-0.4901432711903292,0.015847073031994383,18,0.015271448335022277
750,-0.5679417303797093,-1.508847988133689,0.01576954956646022,10,0.004146477349608636
750,-0.6224723216925995,1.4969045164755066,0.015991959012685967,17,0.01828394352577716
750,-0.5922887458266931,0.48293559850361595,0.01587563686265665,15,0.020514231957886025
751,-0.5724137971036549,-0.4895698434154379,0.015997648343344915,16,0.02195589194551833
751,-0.5609449070355831,-1.5158690277179037,0.016385234895500537,13,0.020914355770674863
751,-0.6212974452018389,1.4980896328350959,0.01589471483894672,18,0.01722640686802051
751,-0.5877434824696631,0.47987808812342586,0.016140126465086006,14,0.021258305590601996
752,-0.5755055647153853,-0.49334181599794885,0.015932938202727343,17,0.020213019892225716
752,-0.5728703114259919,-1.5227063325913848,0.01614669152386172,14,0.019831308112905136
752,-0.6243750469972483,1.4997908548000478,0.016082980154877368,17,0.016048692724405803
752,-0.5865055588661364,0.47668624702056084,0.015960032341813778,14,0.019181027890173438
753,-0.5753359876694735,-0.492503339907486,0.015850561979269533,18,0.018290305161647716
753,-0.5584902715326184,-1.5054704593647363,0.015642532685239862,11,0.005154460055716526
753,-0.6239763267416553,1.5006786515014938,0.016038542950589475,19,0.015913020202307258
753,-0.5913083521393184,0.48733161405129294,0.015986031774028985,19,0.014261075586000363
754,-0.5773991069708446,-0.49696536333394337,0.016266075811893366,17,0.01771264212532302
754,-0.5590543422911021,-1.5058723785322552,0.015397083119436241,10,0.002515268319589638
754,-0.6235435798697807,1.497666100370262,0.016177644722935685,18,0.017387906551062093
754,-0.5830077894418232,0.47383344489342194,0.015954433161089878,15,0.01285615549137709
755,-0.5779353386816103,-0.4957219289634333,0.015904314249997834,15,0.017115273755805935
755,-0.5603649945400941,-1.5190183803559925,0.015919077659392426,12,0.01601141239919167
755,-0.6244418504003068,1.4998681632904287,0.01605036370668991,16,0.01570708516843174
755,-0.5809399207235104,0.47302699455031666,0.015902701935344942,14,0.011222537105573775
756,-0.5713940332814063,-0.48828262807585615,0.015905352421262807,16,0.021098337608156884
756,-0.5558398679885138,-1.5107527533113005,0.01589562741346519,11,0.015241943814216202
756,-0.6226407692610691,1.4962268247150297,0.01592928975872254,19,0.02022667989377854
756,-0.5974536911089178,0.4876745347668966,0.015906557512268125,14,0.01443361044234667
757,-0.5721531202339009,-0.49043750471832526,0.015884199987923335,17,0.01834215328735327
757,-0.5710460092513935,-1.5219379014263146,0.01602654536807245,14,0.017903495801246543
757,-0.6197867734637227,1.4980835756680884,0.01607275422565141,17,0.018436750666893497
757,-0.5890509707889706,0.47907702459569185,0.015841915138037246,15,0.022262211949224574
758,-0.5703199084673947,-0.49237730371432903,0.016019004306284706,17,0.022677432899733476
758,-0.5623935317135687,-1.5155930977000722,0.01590127398678884,13,0.01655341824155739
758,-0.6198097867376036,1.4984605437139993,0.015831585513344258,17,0.020132545474486212
758,-0.5983916588748351,0.4895431409942362,0.015708705838571705,13,0.008502646872482571
759,-0.5753667693223127,-0.4915302056593017,0.015766318287535004,19,0.018365649077077866
759,-0.5640801143993633,-1.514430380018749,0.01587810601412313,12,0.015137976343208338
759,-0.6180213316614954,1.4981651465185484,0.015992172073867415,16,0.020289139838619453
759,-0.5800953323591055,0.47574463614421325,0.01614392435862147,13,0.008430867474666138
760,-0.5737572510036963,-0.49361626237990835,0.015985152310366398,18,0.02198993801783708
760,-0.6230946400899718,1.498798089620212,0.016078862920523965,18,0.018907257546213366
760,-0.581348399930648,0.47567311735455686,0.015803746068885512,14,0.016717184195234668
761,-0.5760579169425402,-0.49399794831495414,0.015854844401464497,19,0.018454197102262718
761,-0.55936642622682,-1.5225953940968033,0.015591467279067739,12,0.017729272426947204
761,-0.6222379751086131,1.496349152120919,0.016071010642144425,18,0.020865654074551217
761,-0.5983349355952514,0.48626839787939174,0.016040497473020457,14,0.014698857387843682
762,-0.5729526439741895,-0.49074681602712117,0.015977685361849955,17,0.019451416591619745
762,-0.5603720529881298,-1.532151861650069,0.015730695009708168,10,0.0
762,-0.6225571277609595,1.4980806192517635,0.015744318589670174,18,0.018452665222127813
762,-0.5797038826885673,0.4743123449060299,0.016021802381965856,13,0.009864041235456037
763,-0.5725766732402838,-0.49452524457666824,0.016265699260726033,15,0.02144100352908876
763,-0.5574983026366106,-1.5061554835662656,0.015216885033610385,11,0.0035750200301948912
763,-0.6200604092624498,1.499154274080613,0.015997578207429766,17,0.020643014008875873
763,-0.5896810840975366,0.4856869855855673,0.015844622216814652,20,0.018091059266399822
764,-0.5778698263094706,-0.4975668728048807,0.016009764610039685,18,0.019417745713266547
764,-0.5646252406405554,-1.5136232206910103,0.015716722765551465,12,0.01277133662778542
764,-0.6277633438608766,1.496929395986595,0.01586883042530165,19,0.016106369532234124
764,-0.5881198537809744,0.47591183696262196,0.01596504364884044,14,0.0209131475097134
765,-0.5765570482601656,-0.4915688608346731,0.015794493536598092,18,0.016559190258549787
765,-0.56090768530453,-1.5151497960043294,0.015844935257183484,12,0.015436257494203104
765,-0.6200882596309785,1.497403675320783,0.01592026919554464,17,0.021014258265267156
765,-0.5821602600082226,0.47467731366160226,0.015994557439256724,14,0.01611453939990249
766,-0.5696077848360315,-0.4909349018632215,0.01610226914128209,17,0.02214196068188862
766,-0.56393232550181,-1.5117648330914466,0.015691767578135996,12,0.012748562533996715
766,-0.6250210238646775,1.5001247606795414,0.016022885060691765,15,0.015198483386665634
766,-0.577689259806617,0.47069475594729565,0.01619280667002237,14,0.0027626017966277724
767,-0.5743042795919977,-0.4926634440234143,0.015950197860055304,18,0.020321773489047647
767,-0.5692398788536489,-1.513033848751119,0.015713659354078285,10,0.004064145839469029
767,-0.6230416545311078,1.4989359487680594,0.015983432835230935,19,0.017772645600276527
767,-0.6003064302140333,0.4847213298808005,0.016584653134220164,14,0.01709121027906512
768,-0.5769623090626854,-0.49823496107292115,0.016123523020274737,18,0.020858155886551783
768,-0.5578470053950445,-1.5101780833986054,0.016062224392611513,11,0.014583876409365558
768,-0.6218597779840802,1.4981812036036228,0.01589031671220285,16,0.01665915722714437
768,-0.5853173154127156,0.47695140428710525,0.01593031603412416,15,0.01867360677261122
769,-0.5739293049559623,-0.4885721866078988,0.015818442822743865,17,0.017923096547569472
769,-0.5699087187641599,-1.5208748495346263,0.01607747984541665,14,0.017902975270495388
769,-0.6191849943690634,1.49887566471985,0.015909073240185447,17,0.02043131616109189
769,-0.5766635711673304,0.4705148194755093,0.01600652808329037,14,0.0025377310100254064
770,-0.5741534253322961,-0.491842711563869,0.01596458457854891,17,0.019484047737081848
770,-0.562827726100543,-1.5122744042640934,0.016119361340518487,12,0.015511853280364252
770,-0.623964020449998,1.494632866065676,0.015894374053902996,18,0.01996200790479576
770,-0.5788255736098705,0.4721637438396639,0.016351424136618095,13,0.015129593799145526
771,-0.5733017126803228,-0.49081335138345206,0.015900817188846096,17,0.01729461893565406
771,-0.5774089959870808,-1.5269387187000218,0.01601497754651833,14,0.015409934074458516
771,-0.6211358681746719,1.4977621403134487,0.016024900289969498,18,0.017116063181244836
771,-0.587512232855348,0.482201658174499,0.01616827636413511,19,0.019088243823196047
772,-0.5723776621869173,-0.49012074928274196,0.016044092158603338,17,0.020643195165175734
772,-0.5764845509419608,-1.5231029204879807,0.016068364122456172,12,0.012538726804332004
772,-0.6206463695701777,1.4987552473017496,0.016050730936541757,18,0.018846681890874538
772,-0.6023188489503843,0.4884042188804323,0.015919329166309542,14,0.0088172147409314
773,-0.5756500552189595,-0.49328858740306547,0.015838093865530176,19,0.017117907952166056
773,-0.6248721210537014,1.4979410619671714,0.01615183498029363,19,0.019114266618454973
774,-0.570471858866407,-0.4898585429270229,0.01596859639176317,16,0.019263639233488478
774,-0.573549506074052,-1.5204397809908503,0.016030513325730213,15,0.018001401132225557
774,-0.6230567944285863,1.4973395137083307,0.01594384496121726,19,0.019190032871030868
774,-0.5972265464269069,0.48489932945483444,0.016487254735778792,14,0.02016026538011064
775,-0.5714117704659653,-0.4885758720113846,0.01594559812517785,17,0.01850591811222285
775,-0.5729171036624646,-1.5207851921956552,0.016040665571272577,12,0.01656205400448887
775,-0.6225128147103515,1.4993306474413237,0.016111022453068977,18,0.016657576997606473
775,-0.5891345651021801,0.4787244238094997,0.016061908320726882,16,0.02009164197735086
776,-0.5745531980786409,-0.49320451247491287,0.015936133838407248,18,0.01991683100084336
776,-0.5635660084528679,-1.5168888693330156,0.01584147613862101,13,0.01539255387271999
776,-0.6247183035296505,1.4996361543372378,0.016130667610941923,18,0.016546036275524745
776,-0.5840459925388802,0.47627585252697996,0.01604498835276655,14,0.02057380555535579
777,-0.5745235598433355,-0.4927688008969932,0.015907589301632975,17,0.019795058971532557
777,-0.56393232550181,-1.5117648330914466,0.015691767578135996,12,0.012748562533996715
777,-0.6248176689594799,1.500105596595803,0.016094838951823853,17,0.01605423539793157
777,-0.6013459805441552,0.48760040370592805,0.01588100383360955,14,0.011918163796038985
778,-0.5743102118567666,-0.49230344494972655,0.01582145898293798,18,0.020536488542593132
778,-0.5656590450041913,-1.5300319542757836,0.015222254342372236,12,0.004254183125280052
778,-0.6231769652309799,1.5006887728121274,0.016002881801028837,18,0.018775139740087043
778,-0.5879929439943035,0.47977684735112675,0.01607387772372319,15,0.01945407802899833
779,-0.5718136448703971,-0.4870665816858965,0.01596894352029297,18,0.0184249631103678
779,-0.553826372146817,-1.505201272847206,0.015462837825866035,11,0.0
779,-0.6156695469919439,1.4940485841048856,0.0159437552993963,18,0.02347480271914654
779,-0.5841351380670826,0.47198785730966886,0.01645357810829351,12,0.019749669038229486
780,-0.5740707213731626,-0.4945379047723159,0.01615244780917146,16,0.02126523401161017
780,-0.5558398679885138,-1.5107527533113005,0.01589562741346519,11,0.015241943814216202
780,-0.6216743387444397,1.4976906692013439,0.015875427457315072,18,0.01679367360667684
780,-0.5801166360906551,0.47603212598812344,0.016035591211689362,14,0.013771075628813422
781,-0.573628147793015,-0.4907999066547637,0.01598881141445418,17,0.022041674525574213
781,-0.5670499578763802,-1.5102437907676178,0.015846603089047864,11,0.004282024917321119
781,-0.6235834360231801,1.4988758588076505,0.01602746610599431,19,0.018940340690085357
781,-0.580827713346903,0.4756339003847664,0.01611533296557761,14,0.014022828599197049
782,-0.5771247472614516,-0.49577814987894814,0.015906000220733695,19,0.019225295023097458
782,-0.5626586539116244,-1.51667890570067,0.015772635240899183,13,0.016314271280081664
782,-0.6241241379501896,1.4974715915378567,0.015995408682115304,17,0.017738784002861357
782,-0.5810752303198249,0.4728961860276269,0.01645025671866348,14,0.015440134763290706
783,-0.5704950965425695,-0.4921721201726833,0.016129140076545045,16,0.022262906802030476
783,-0.5628990589920653,-1.5162356989568433,0.016171417504516963,13,0.017110130326990294
783,-0.6218434690726904,1.4977221761262027,0.01584382672708619,16,0.018021859648787927
783,-0.585907124775934,0.47584923323489,0.01587129085731213,14,0.017834535759425434
784,-0.5717031387852375,-0.4893133880917732,0.01589703892085137,17,0.018585580314078084
784,-0.5655233501261904,-1.5145777580219772,0.016430299136024604,12,0.013706756339564079
784,-0.6245020827206886,1.4977729730613105,0.016000828022224682,16,0.017230928286056074
784,-0.5978112039248501,0.49042061887905486,0.015701336157484338,14,0.002645167189095802
785,-0.5753780148939466,-0.49447296306652444,0.01602537639588677,18,0.021161809109086882
785,-0.5588293285798053,-1.5022873090353108,0.015855206413871042,10,0.004161907037225435
785,-0.6250434074819998,1.498407252400417,0.01575256592897852,16,0.015274135583392686
785,-0.5938894530103321,0.48189513262167566,0.016218311053572028,15,0.021405811115766497
786,-0.5728873189988984,-0.4891378015505843,0.01583673622372618,18,0.019118211969331052
786,-0.5627060814462758,-1.5166952054569225,0.016018552942341415,13,0.016718312752748276
786,-0.6228479190523105,1.4966676090176971,0.016057479621517434,19,0.017563780906925855
786,-0.586389833663586,0.47809869074046873,0.015858068383909643,15,0.018999712733526405
787,-0.5705659957579007,-0.4925565755564514,0.016017912640023772,17,0.022945258566650625
787,-0.5607839425657111,-1.5140096787457753,0.015935834770309368,12,0.016451116912259617
787,-0.6250702190152494,1.4982123086002646,0.01594767493655194,17,0.015430510811537986
787,-0.5948918824094263,0.48204245991634703,0.015973684644814894,14,0.02010003963066586
788,-0.5768143571151961,-0.4972744010157689,0.015989418801393797,18,0.02067527503230004
788,-0.5692398788536489,-1.513033848751119,0.015713659354078285,10,0.004064145839469029
788,-0.621051159105314,1.4965179393420005,0.015948788481800594,19,0.01997797441268847
788,-0.5877168453032996,0.47416177208075866,0.01658184437686541,14,0.020660720679127633
789,-0.5750576969252239,-0.494076826824756,0.01591429163283739,18,0.020836425794711507
789,-0.5721535531750461,-1.5220054307080284,0.016027978934919033,13,0.019637312107918407
789,-0.6215210193632954,1.5014099939201107,0.015983127621819294,17,0.015147364235442095
789,-0.5929170758320969,0.4803826643842901,0.01597049912363108,15,0.020805343266611216
790,-0.5773211419829842,-0.49413343840775453,0.01583898097413701,18,0.019776270013641777
790,-0.5651588774912263,-1.512587871126565,0.016423914592942363,12,0.01218266410208982
790,-0.6259224208178625,1.4996391551490862,0.015816065442849348,17,0.01623616526099276
790,-0.6014265989772631,0.4881790036109539,0.016065457975074318,14,0.009597570716558288
791,-0.572703012809439,-0.49014300638348535,0.01602322312330905,16,0.020118705563063072
791,-0.5528094466715452,-1.5024370649957326,0.015408695528904186,10,0.0
791,-0.6231137054753033,1.4989833408133975,0.01599200762020461,16,0.01940204447512872
791,-0.5928181149056302,0.4816728238053724,0.016109695373181538,14,0.021860492437195553
792,-0.5718953973024467,-0.48775185818449485,0.015840099218770044,16,0.018085522821721583
792,-0.5685433488983066,-1.5111847255632196,0.015687507293924194,10,0.004055256252639492
792,-0.6261014477655762,1.4997396768397335,0.01600790331454354,17,0.013666965593718177
792,-0.5926210601001735,0.4799531758263463,0.016280593589224228,13,0.0225828109212515
793,-0.5739187873128471,-0.49401729605821454,0.015967532359065676,18,0.020461300032154055
793,-0.6244061955906792,1.5003501740892928,0.016135441834362496,18,0.017265773835195588
793,-0.5983181734104768,0.48330036398604137,0.015972419587204103,14,0.018620634525174352
794,-0.5742150574466851,-0.4941871517807828,0.016004462481827013,17,0.02043620780713626
794,-0.5702803137651606,-1.5288510281236218,0.015970459437423958,11,0.015710285407141814
794,-0.6258534290921538,1.5002839034585296,0.016019016061795163,18,0.017874603567561497
794,-0.5997995346031948,0.48577860713498794,0.016145180094515932,15,0.016646384791078588
795,-0.5771478305686014,-0.49801079825412925,0.01630722679505875,17,0.020387045815276297
795,-0.5628226062521045,-1.5099094154230088,0.0157331947201622,12,0.013316886884945875
795,-0.6244465763333399,1.4985582565042919,0.01609256118294421,16,0.016464659431884354
795,-0.597982447494,0.4899462874009115,0.01597382544730179,19,0.012419602097761129
796,-0.5768648298263153,-0.49720501866322664,0.016074865595636686,18,0.019952573952960878
796,-0.5764216985753936,-1.5282494280716667,0.0160179126341782,11,0.017070638398010134
796,-0.6226802624912043,1.4981450104505647,0.016173561971802464,19,0.020048005366333305
796,-0.5778327188335555,0.4707950054843753,0.01592685163446343,14,0.0026854829389333598
797,-0.5785695674444986,-0.49597595337918055,0.015972801690181525,19,0.018349287003646474
797,-0.5589540928013483,-1.518869597029448,0.01585412763388847,12,0.01821283875849097
797,-0.6225336297308962,1.4992181630970605,0.016068304474982843,18,0.019547543914793495
797,-0.5856787073234699,0.47645271528356353,0.016113008905461454,14,0.018856119397160278
798,-0.5736857868157585,-0.4924290697017973,0.01585080140838155,18,0.018174887560601635
798,-0.559663428896539,-1.518268420928081,0.0158118696056862,12,0.018160690771071675
798,-0.6212879391445705,1.4963094029189208,0.01617678311486448,18,0.021444970858213955
798,-0.59254304411497,0.4824538154414753,0.016106537629182637,15,0.02139019186064403
799,-0.5740368525222604,-0.4927104613380817,0.015950002438384993,17,0.020169523122980575
799,-0.5575692009087887,-1.5106770797397164,0.015524348551316472,12,0.016617425208273265
799,-0.6216080718971171,1.499220698933614,0.016039813420165812,18,0.019482241563469043
799,-0.5914492116184759,0.4804031377793949,0.01630861745289162,14,0.022891521451471466
800,-0.5747951532077281,-0.4932310226158396,0.015768240601257835,18,0.01827744237515291
800,-0.5570866189459152,-1.5091840669822272,0.01630612020955646,11,0.016747243263377305
800,-0.6253023964786739,1.4972512717410411,0.015978637586940313,18,0.018443765086203448
800,-0.591453013986616,0.48207464726552063,0.015986602783247022,15,0.020840639240441033
801,-0.5717749963996184,-0.4859784795350588,0.01596399148808206,16,0.014953998958614493
801,-0.5626058859494804,-1.5293133979058706,0.015886833154547295,12,0.002930446821787591
801,-0.6210769839381812,1.499828201533948,0.016006235816824796,16,0.019239355995515715
801,-0.5983505095245154,0.4903070311609024,0.01595530257872706,21,0.012977930947799065
802,-0.5761525479324661,-0.4947125842380883,0.016015004358985143,19,0.020032406471217956
802,-0.566512306674743,-1.513846540777977,0.016466421093592764,12,0.010968411917293622
802,-0.6230149478938175,1.4981945687390252,0.016082120481185028,18,0.016504886895092663
802,-0.5910745664758775,0.48008397459195423,0.015733571405558987,14,0.02270853303915174
803,-0.5790900068232454,-0.49480802653624817,0.01582741808199911,18,0.01414106775895265
803,-0.5603720529881298,-1.532151861650069,0.015730695009708168,11,0.0
803,-0.6181495623125848,1.5010100837075777,0.01606178683599533,16,0.021100096877531768
803,-0.5916300705933268,0.48828882768569837,0.015881423832983955,18,0.016219131426074583
804,-0.5753954359398581,-0.49242002856585576,0.01584059188362465,17,0.019065762314192238
804,-0.5724694371165042,-1.525970811247937,0.015886726309187534,12,0.01679166846958394
804,-0.624337387929042,1.4977236710867128,0.01587178168109959,17,0.015558112605040357
804,-0.5989159231062453,0.4881071209753962,0.01596186010912968,14,0.014071600541545168
805,-0.5746557603575619,-0.4934216109556505,0.016192327479513872,17,0.021917800774766814
805,-0.5598393999460034,-1.50917732624015,0.016171351775445455,11,0.013548533947555267
805,-0.6229900404395422,1.4997157992199757,0.016133973522468145,18,0.01613038954830529
805,-0.5981838221413073,0.4861865910964183,0.016120365397531335,15,0.018131959814775635
806,-0.5754925022854372,-0.49382804143964215,0.01605454834637481,17,0.02150609135581505
806,-0.5580911095336081,-1.5292802105273202,0.015684412991682373,12,0.0189962042449088
806,-0.6228088676113432,1.4986818376768478,0.015964329045842298,18,0.020823011195064377
806,-0.5981383554886879,0.48991313230362665,0.015972804793358213,20,0.014284118873282839
807,-0.5766394095214031,-0.4958559264786248,0.016172932764669253,17,0.021422695863294285
807,-0.5668596032699973,-1.514774640829108,0.016477287637430515,12,0.010975668484249385
807,-0.622814236644725,1.4995021717583046,0.016005363902406897,19,0.02035016415430539
807,-0.5871933514148081,0.47848603277352975,0.01602958879383866,15,0.019183793318982838
808,-0.5814332546122268,-0.49784317356627983,0.016049161934927007,14,0.013926511221211496
808,-0.5639838564893588,-1.5155728403401978,0.01608611122289273,13,0.014741150392653914
808,-0.6217316426218004,1.5012442600544011,0.01611580348014045,17,0.01799156587855061
808,-0.5822848366759644,0.4752429739153856,0.015867723484193835,14,0.01072635449597316
809,-0.5764815852989762,-0.49311439255132444,0.015985093791809013,18,0.019992999829518437
809,-0.555497798452489,-1.5098246820057541,0.01588278251600684,11,0.015231846757518335
809,-0.6218128895558809,1.497347256346153,0.016180732493849725,18,0.02221435949636267
809,-0.5890308371402727,0.47807192404112797,0.016123815018534486,14,0.021021648452937237
810,-0.5734497181901413,-0.48880201919930494,0.01580397501223283,16,0.01896909416880366
810,-0.555497798452489,-1.5098246820057541,0.01588278251600684,11,0.015231846757518335
810,-0.6247435830020925,1.5005477890451608,0.015950132725380123,16,0.01775602374174169
810,-0.5912699323218666,0.47826784925498744,0.01611468857476017,15,0.02096864946134428
811,-0.5735482888748631,-0.4915003383384934,0.015877645557111568,17,0.02106157608712481
811,-0.5574521934668251,-1.5117702503071464,0.015479363824992001,12,0.01537412231276828
811,-0.6213017773632441,1.497539467736607,0.015828331683875558,18,0.019412110321020394
811,-0.5955849896707758,0.48316915360677026,0.0159848271539994,15,0.022048184581939644
812,-0.5752332696365549,-0.4918276813399136,0.01586365097271113,18,0.01693640476988667
812,-0.5694522940325629,-1.5250497044600364,0.016085725305855635,14,0.018388527641754162
812,-0.620065612943433,1.4968956346568614,0.015985669177273624,17,0.02109929878548944
812,-0.5859309647167348,0.4768625525618629,0.015886940478898173,15,0.020926004192419127
813,-0.5780228073808316,-0.494756466406453,0.015915373506799925,18,0.014662148240119464
813,-0.565051077856955,-1.5187535687694207,0.016273481832102466,13,0.01587144437556751
813,-0.6223563106901226,1.498445640716864,0.016122961106143606,17,0.02040759437148261
813,-0.5824512741838599,0.4783690728655698,0.015734064624922668,15,0.010736929755536879
814,-0.5763506052398254,-0.49569997705736846,0.01598359390331958,19,0.020823837840994966
814,-0.5640506195361493,-1.5134931484260825,0.015864916388743808,12,0.01443146444369022
814,-0.6219216568267166,1.4993469687418766,0.016187313035213386,18,0.018263300491879755
814,-0.5891909286599043,0.4800261997778153,0.01602805717493138,14,0.019578048810146322
815,-0.5727897818132867,-0.4900394273261348,0.016020611136055973,16,0.020735326392428657
815,-0.5635770573810149,-1.5113817178268798,0.016063988993018502,12,0.013408261679120268
815,-0.6218437008122079,1.4996997647908281,0.0159317977934357,16,0.018208154567864666
815,-0.5881710208578009,0.47832373149954355,0.01609060017996651,14,0.02006186220194442
816,-0.5714678229653,-0.4879219477256905,0.015959035843417072,16,0.020738754612884942
816,-0.5558398679885138,-1.5107527533113005,0.01589562741346519,11,0.015241943814216202
816,-0.6228312794185717,1.49640046803738,0.016007338742083557,19,0.021654689539136535
816,-0.5881795285343784,0.4777906239647736,0.01596682725353157,14,0.019503690550940964
817,-0.5712298455220753,-0.4857421819395803,0.015856171834980254,17,0.015646597141559134
817,-0.5578470053950445,-1.5101780833986054,0.016062224392611513,11,0.014583876409365558
817,-0.6214599359508208,1.497544281130704,0.015827071103531844,17,0.019473553493351784
817,-0.5826869700787846,0.4748709211547139,0.015901741692482815,14,0.01194294969070099
818,-0.5740630468227075,-0.4918466652037533,0.015767133590851252,18,0.018686814002259165
818,-0.5614068476268035,-1.5218440856844526,0.015967391508396996,12,0.01606950866365431
818,-0.6261683547910029,1.5000971490539379,0.016128582116939155,18,0.017119140927534922
818,-0.5968294540922429,0.48497452318206935,0.016218410889070407,14,0.020645939535191102
819,-0.5735169952057326,-0.4883079717431505,0.01611108054140814,18,0.016892915399901842
819,-0.560308582917447,-1.522322257431467,0.015675215995054996,12,0.016651715592728343
819,-0.6223421011145458,1.4961300648148945,0.015973428434762998,18,0.019135922381961795
819,-0.5886360786277681,0.480687300004704,0.016010051967333922,15,0.019289971364103976
820,-0.5746318140147986,-0.4933284425136581,0.015853267585048625,18,0.01903049278171295
820,-0.569588133518148,-1.5139616613466709,0.015723840968668242,10,0.004068249661739428
820,-0.6219406543931985,1.4978329998945887,0.016013831571797105,16,0.018274869857909756
820,-0.5853549248422037,0.47718341676947246,0.015841233660136556,14,0.016958951475764844
821,-0.5716199203019567,-0.4843610452390302,0.01580893809819759,16,0.014482476759532174
821,-0.5580973549592565,-1.5110307906955163,0.015548087909504441,12,0.014654555319647386
821,-0.6250823936249471,1.497992119784316,0.015945507553497253,18,0.020111041984162966
821,-0.5883505253713528,0.47494979495415146,0.016621756222428424,14,0.020976097046796
822,-0.5721844335831461,-0.4870240776991223,0.015958053416526157,17,0.01594934663747005
822,-0.5602028175305391,-1.5059832260405142,0.01591437287358623,10,0.0041729776857311295
822,-0.6215159582615465,1.4971591819814094,0.015977657042238542,17,0.01789012825396923
822,-0.5925100623199429,0.4807719119726619,0.016086979165864105,15,0.021360733123631195
823,-0.574767468323684,-0.4943366816282993,0.016163273377687234,17,0.021352131509611027
823,-0.5678029669520351,-1.5161599870920774,0.016133795795393983,11,0.011850635739854749
823,-0.6193073494419525,1.4955422122696849,0.01592161056581228,17,0.0192070372009256
823,-0.5966739008558024,0.48395112622160685,0.016159330329959958,14,0.02037038242181502
824,-0.5751175610654304,-0.4917486541928791,0.016003960757677686,18,0.02085689251912606
824,-0.5696001085410113,-1.52263869198871,0.016213274162385355,13,0.01984358744891411
824,-0.6227639432512209,1.5002850844149735,0.016139548529232488,17,0.01822029823099514
824,-0.58084701704259,0.47749659086880697,0.016075843501400247,18,0.010918258827864114
825,-0.5748486893261202,-0.49389024499258805,0.016221860402827425,17,0.022038567358049002
825,-0.5614068476268035,-1.5218440856844526,0.015967391508396996,12,0.01606950866365431
825,-0.6226703142877902,1.4990224440918933,0.01598478754186112,18,0.02030720360739105
825,-0.5988168004727472,0.49015046684806046,0.0159109173525602,19,0.014035806989721046
826,-0.5797986125032267,-0.5000322154472764,0.016160166631069495,17,0.018649702912430392
826,-0.5638419768865255,-1.5175656486500086,0.01604228804169296,13,0.015587921678525385
826,-0.6227196138162902,1.5014357529767002,0.016023791319885707,16,0.016796178935503524
826,-0.5879198067222254,0.48492207647201896,0.015955604876659767,19,0.017312642652068683
827,-0.578124120782446,-0.49851884911158245,0.015775831897387124,15,0.01695163518719697
827,-0.555497798452489,-1.5098246820057541,0.01588278251600684,11,0.015231846757518335
827,-0.622932737165445,1.4990964728771876,0.016051811612662073,17,0.01500647693074116
827,-0.5812883561776796,0.4752936052037437,0.016085491610803835,14,0.011970866244433427
828,-0.5751498644397735,-0.4935198088029916,0.015887962141464783,15,0.020274098517325104
828,-0.5574521934668251,-1.5117702503071464,0.015479363824992001,11,0.01537412231276828
828,-0.6187088532357967,1.4962289733608416,0.015962691672312804,18,0.02186601673442559
828,-0.6019053268835037,0.4860109208681561,0.016666728453761794,14,0.017184373324009378
829,-0.5755430682690663,-0.4908746588436124,0.015808689456723705,18,0.016807045067073954
829,-0.5587111561611763,-1.5049503553063164,0.01538069395282873,10,0.0025137858199722266
829,-0.6200664522385451,1.497870812849129,0.015883983288795235,17,0.02053027131547367
829,-0.6000635778909652,0.48689828398196106,0.015963461257130943,14,0.015495129228539389
830,-0.5735416908554158,-0.4902416601906188,0.015795524557651073,17,0.018744365986758823
830,-0.6229892359946264,1.4988970400463766,0.01590952690438925,18,0.019766900200522422
830,-0.5903340314278706,0.4803881860212749,0.016030735586574803,15,0.02051009835564194
831,-0.571562593216291,-0.4912457457446913,0.0160441467256142,17,0.022071557966170254
831,-0.5642637457064976,-1.5133367904116652,0.016145367335352354,12,0.015251702030439757
831,-0.6272893334476984,1.4994312099534426,0.01627095219515923,19,0.0166101287667477
831,-0.5919361962591352,0.47970038139187926,0.01650557976981391,14,0.022158952989764537
832,-0.5730985306121225,-0.4913917843811458,0.015990089019540302,17,0.01937991376279845
832,-0.5632647886655264,-1.5144913550606305,0.01575616917323025,13,0.015037433592462844
832,-0.6199687546780243,1.4985454856341407,0.015871099011138225,17,0.02192049621571453
832,-0.584317691703523,0.47674416396607106,0.016040407894702503,14,0.017023490830245583
833,-0.5745486644299892,-0.49248254559947574,0.015831111827219812,18,0.02056134598620273
833,-0.5593116913001906,-1.529259271182285,0.015650339181519517,10,0.0
833,-0.6208672294110371,1.5003239516909452,0.0158528959596244,16,0.017671219594444607
833,-0.597635760414699,0.48937578311607094,0.016000088712757037,19,0.014858569230317272
834,-0.5719322563368325,-0.49073188930047257,0.01601785605876343,17,0.021826369110944786
834,-0.6244109153539453,1.5010025378283747,0.016186596183042242,18,0.018013872213951072
834,-0.5946304926548382,0.48225199420644205,0.015865239691647416,15,0.020447655150411685
835,-0.5744032906695462,-0.4915370740302395,0.01598038741879719,17,0.02092128652174482
835,-0.5616083169404481,-1.5215329775223225,0.01590179737391617,13,0.016091492243437665
835,-0.6248327729130384,1.5002034977085836,0.016109396657739347,17,0.018096756071956342
835,-0.5824614525708663,0.47377506649000345,0.01586594116461567,14,0.017389145385370182
836,-0.572109848064708,-0.4870370363424875,0.01603272673823267,18,0.016585471749264977
836,-0.5744795494881384,-1.529489872408622,0.015821733161543058,12,0.018891441386012023
836,-0.6185061163297844,1.4960758439525372,0.01595998304821404,17,0.023394999504561087
836,-0.5950795072102573,0.4889407255710084,0.01590912898536602,19,0.010037988237486742
837,-0.576626228834505,-0.4970538462179738,0.015921397844489614,20,0.01928775965729679
837,-0.5604771869916757,-1.5091006799021256,0.01588233358198147,11,0.012446149512146943
837,-0.6180674191247623,1.494392998259157,0.0159265155595849,17,0.019246998627623177
837,-0.5803521205495015,0.47668610601906264,0.01608042409476219,15,0.01693356516784004
838,-0.5730046216649103,-0.4923159513046313,0.015976014570318768,17,0.0217685108434852
838,-0.560366202668089,-1.5131421161045608,0.016060196986122557,12,0.016112258533247752
838,-0.6233261986098231,1.4984471503667596,0.015884194078846125,18,0.016752937942912452
838,-0.5812582059142171,0.47460540443600663,0.016207073883735334,14,0.01622051548653246
839,-0.5744052905865775,-0.4942002578338122,0.015962066328376358,18,0.021284553696347214
839,-0.5521294772141716,-1.5005854112338064,0.015380612679984633,11,0.0
839,-0.6261056239703722,1.4996530434006579,0.01603013063814776,18,0.01599200875818897
839,-0.587359715098406,0.47658268799540887,0.016247572533898053,14,0.02117104634244013
840,-0.5765566924253821,-0.4959081514534671,0.015869281148160674,18,0.02011331152284426
840,-0.5668863387887718,-1.5138379533138824,0.0162897371040117,11,0.013030455238044922
840,-0.6260521261717692,1.4989522188792475,0.015929990599461114,16,0.015619031249860403
840,-0.5984161779766329,0.4850338902848332,0.01601628498066737,14,0.016074526384098026
841,-0.5775472704991256,-0.49688235698051314,0.016021800442918645,18,0.019698560435744392
841,-0.5575043069018119,-1.5092524596568306,0.01604425100590168,11,0.014569125187289663
841,-0.6242138795295911,1.4987513172272708,0.01610210694098946,19,0.020468020309545622
841,-0.5946240748619844,0.4828568701728178,0.015810208542012157,14,0.02195242008659424
842,-0.570103406757756,-0.49067366615070157,0.015968402102325474,17,0.0221390775127149
842,-0.555497798452489,-1.5098246820057541,0.01588278251600684,11,0.015231846757518335
842,-0.6222872373184128,1.4960655109441439,0.01598571257607981,19,0.021695945282758637
842,-0.5873545653752767,0.4764761718281277,0.01608772027529131,15,0.019408654357730253
843,-0.5731024545149069,-0.4894669976854173,0.01586176954961102,18,0.01825586225491709
843,-0.5571561702089772,-1.5052331454317358,0.015200482653607095,11,0.003573212106290214
843,-0.6245955434232582,1.4977607384718705,0.015950287465817566,17,0.019466465734830882
843,-0.5825223501692156,0.47315419427067296,0.0161619394431609,14,0.017441525074463757
844,-0.5723109158746853,-0.4918505184506224,0.016012005676573564,17,0.022037521503378968
844,-0.561040136749479,-1.5148134692971265,0.015842846474107376,13,0.0169607868078463
844,-0.620811939868346,1.4972148239235739,0.015929487839260147,17,0.017808042101785534
844,-0.5843776566762912,0.4771358736443227,0.016003004305539217,13,0.020227718204595024
845,-0.5730016538378232,-0.49176809972315016,0.015950721846220497,17,0.02164446918229215
845,-0.5634548924140621,-1.5191054088382463,0.016032593777326822,13,0.01691852997444767
845,-0.6213412483298715,1.5000089753920287,0.015970914559015968,17,0.01589041189233163
845,-0.598075046802833,0.4826821267712823,0.016869213688198246,14,0.021454548861502384
846,-0.5727901843308489,-0.4907742831452556,0.01589815862737434,17,0.02064765433185306
846,-0.5647732836979151,-1.505838897031952,0.01666998217037922,11,0.0049686901022251255
846,-0.6210814974231293,1.4939360087615352,0.016010950423255878,16,0.01911564765180805
846,-0.5888950563575172,0.4765386170382809,0.01600320215571652,14,0.020964689343156297
847,-0.5707567932569179,-0.4862818402117284,0.015795163700109444,17,0.01655906419573371
847,-0.5702802917125317,-1.5281557529775343,0.016233651457338728,11,0.0042173332917150716
847,-0.6194512814307601,1.4954656533159585,0.015889858769965657,17,0.018210193839109715
847,-0.5798970310522112,0.47424446570110773,0.016277329368844164,15,0.013452382225483386
848,-0.5751388382488729,-0.49396352095556617,0.0159068554648067,19,0.01897502729680084
848,-0.6231493158238468,1.4972466935176798,0.015954451267761526,19,0.018278314348849488
848,-0.5783664040940728,0.4743591543016417,0.01596206477887904,16,0.010197354918868022
849,-0.5700147919933607,-0.4891089315628951,0.016013531635443518,15,0.02194799287898822
849,-0.5657847451589219,-1.5109280199287056,0.01571800179734415,11,0.010364889915829765
849,-0.6232027661512886,1.4974613126713445,0.016073179740335064,18,0.016725921929359223
849,-0.5810518510868847,0.4781319353283769,0.016019924266983652,14,0.01255998585323696
850,-0.5728807200405192,-0.49116303352630214,0.015956432059144605,17,0.01625187922742388
850,-0.565685870648068,-1.524346212709052,0.015927381101800624,14,0.016858858449388715
850,-0.6226315976555343,1.4959680315988029,0.015889638862110773,19,0.020887701639095785
850,-0.5847619828762267,0.4757111462757352,0.016301002801618825,14,0.021318404928382922
851,-0.5722679736180638,-0.4901911076272176,0.015897832639050678,17,0.016649372078250367
851,-0.5739215789254829,-1.5259753327993721,0.015785165486865007,14,0.018169428368764597
851,-0.6242468784782317,1.4969904577842217,0.016156857537801803,19,0.020270042526033587
851,-0.5806344023724466,0.47424014347389376,0.015996673377069337,14,0.0132700695224632
852,-0.5736293523379008,-0.4863020734401362,0.015827336593503497,18,0.01502138475379865
852,-0.572322260496215,-1.522295130294462,0.016134352023839758,14,0.01808238554663281
852,-0.6247159132380079,1.4995888192641642,0.015919520475437852,16,0.017407154180670348
852,-0.587821710426298,0.4774948012824586,0.01642071595591601,14,0.022675528298761048
853,-0.5750450370540279,-0.4922441000345082,0.015735891328631547,19,0.019050216909899463
853,-0.5720143668246613,-1.5228130951943772,0.01620150584392173,13,0.019742242659840356
853,-0.6243591743764858,1.498459156413955,0.015873673443259486,16,0.016061896058674648
853,-0.5832484568909387,0.47515892687031747,0.01596660276103392,14,0.015730687298150504
854,-0.5725202499600285,-0.49160303132015004,0.015972157047943285,17,0.021486176551539227
854,-0.5663187304424104,-1.5167066653260537,0.016277544430462622,12,0.013311693118706542
854,-0.6252292499428218,1.4995738082129078,0.01612055235500614,19,0.019102406853686214
854,-0.5786671950573493,0.47423876982732366,0.01592603385815913,13,0.010804104158125192
855,-0.5722241052323604,-0.49133267581728896,0.016040144997664794,16,0.022015076645773766
855,-0.572308495024704,-1.5261917615901444,0.0160218992280576,12,0.013625586655129002
855,-0.6251927690883464,1.4977032209566243,0.016026207405345556,18,0.01586383472490569
855,-0.5844521428167913,0.47457081966527087,0.015917738225892635,13,0.02003397297824966
856,-0.576590926171123,-0.49564728388192314,0.015855230221552642,19,0.021359003503032138
856,-0.5608394279574165,-1.5172297397625645,0.01607940403776816,12,0.018297394815125878
856,-0.6202207653846369,1.4983066889052645,0.016192817534321866,18,0.02095315668314156
856,-0.5780507468869106,0.47331070962635147,0.016107972303138252,14,0.007967865276703085
857,-0.575353298532938,-0.49038134398998695,0.015709514272008406,18,0.01963475630970142
857,-0.5575140020136601,-1.51310148046498,0.015271852799668698,12,0.01476186721508156
857,-0.6209075255339671,1.498741146143751,0.015812482786894365,17,0.020053166225945086
857,-0.595778577726058,0.4828037425161408,0.016024512871574585,13,0.019161665996019973
858,-0.5764106777788994,-0.49313872968975225,0.015894314381770823,18,0.01953444871967126
858,-0.5634766567035313,-1.5188437846544318,0.015962725541985395,13,0.01682349221888254
858,-0.6196900970467968,1.4964339607083483,0.01593584193081169,18,0.021250181968490697
858,-0.5943401555692849,0.4825233307024093,0.01592394711029942,15,0.019782833318051838
859,-0.5723834414525749,-0.49149361742572734,0.015867336148617708,17,0.02011972849075496
859,-0.5605143716910561,-1.51259941327345,0.015808851689169942,12,0.015294533346285962
859,-0.6233504094048289,1.4949329760299221,0.015908842423934318,18,0.01886143895097094
859,-0.581626970087128,0.4755584596950307,0.016275618548017755,14,0.01657488233607382
860,-0.5734844537331073,-0.49119639521393205,0.015993360494402406,17,0.019536062410424663
860,-0.6197536109091237,1.4970310737306216,0.01592145051051588,17,0.02044032937463925
860,-0.5925695428725298,0.4827416498712487,0.015933657814729166,14,0.020646071317245947
861,-0.5730171575643999,-0.4914920059844349,0.01599506180435355,17,0.020186680031230395
861,-0.5554407801427037,-1.5150062442592402,0.015913292472543198,12,0.01761148117810561
861,-0.6207667486182984,1.495800222775023,0.015920157086313995,18,0.02193365161809982
861,-0.5894937573590107,0.47980084327139055,0.015983733004520852,14,0.020528720757789755
862,-0.5745826422783501,-0.4888111403245894,0.01581840470361936,17,0.015563373042021064
862,-0.570568008715671,-1.5254336990090884,0.016131940024982635,13,0.01815582628998117
862,-0.6175581054728538,1.4937488336253646,0.015896505999838946,19,0.023759540503077214
862,-0.5967669308855785,0.487250281437129,0.015907342044718747,13,0.015285562864721044
863,-0.5766693727928183,-0.4923229771462475,0.015795976397500994,18,0.014481365977930169
863,-0.572087339991471,-1.5251265983820643,0.015895337778013947,13,0.012415946710640521
863,-0.6259328996401267,1.49884165529456,0.01597443341500055,18,0.01849119497075147
863,-0.5846618506867027,0.47775424407624495,0.015805456460284396,14,0.018353003308125518
864,-0.5717819236078996,-0.4899909615033406,0.015949539783409756,17,0.018695983191267487
864,-0.5595151398657895,-1.5041302940662566,0.015889186530485957,10,0.004172579370389
864,-0.621709192845282,1.4964576379701522,0.015970911754759152,18,0.019787052496092666
864,-0.6033418166933711,0.48831455360713494,0.015826751596468867,14,0.002978098449212475
865,-0.5715779544142909,-0.489977437512074,0.015990373947199515,17,0.01657483486334288
865,-0.5720065864384286,-1.5229978066795726,0.01616914165368451,14,0.018708735117981247
865,-0.6203070675285884,1.4932396735114428,0.015914263230210616,17,0.019822163411848743
865,-0.5934072857733405,0.48267695397745336,0.016138247156919267,14,0.022237747102334667
866,-0.5706512373363215,-0.4924691309513309,0.016132648320817438,16,0.022451325908836587
866,-0.5710756168029988,-1.523571617520298,0.01622927685650689,14,0.019852592940644197
866,-0.6216200174390348,1.494852421129356,0.015882327138554413,19,0.019608323219293837
866,-0.5988145948373328,0.4848158418285901,0.016149389722481287,15,0.018921529451868542
867,-0.5700153595674469,-0.4892062712969232,0.016064819704858072,16,0.021021804789635404
867,-0.5558398679885138,-1.5107527533113005,0.01589562741346519,11,0.015241943814216202
867,-0.6229376755499186,1.499402293463142,0.016104874909419722,18,0.018404552259246358
867,-0.5855134138659221,0.48095134731363487,0.015796666087210674,15,0.014125908255840404
868,-0.5742406469559207,-0.49311428372670923,0.01596062986029558,18,0.02025888554038931
868,-0.5635209670770972,-1.5162284116444817,0.01608537222287398,13,0.015168158513228759
868,-0.6206128845179031,1.4988154721414022,0.015869350387513543,17,0.01849392926738596
868,-0.5888970813875167,0.47847296845947995,0.015991392743743695,14,0.019438004204884132
869,-0.5726921778360636,-0.4904411130041725,0.01585708297256819,17,0.02091224654169713
869,-0.5671240847050629,-1.5152512340990008,0.015713514524825688,11,0.010511216292986788
869,-0.6205019525302954,1.4976845415762003,0.01606301221557574,20,0.021257975102705315
869,-0.5849406683172266,0.477262074416047,0.01582584574133549,14,0.014361939566571018
870,-0.5719888316170691,-0.48995763715977364,0.015857731293692945,16,0.021901395132192605
870,-0.5568599368716437,-1.504436610260976,0.0159208047832046,11,0.0035872510390940913
870,-0.6203580903057241,1.4978640882243213,0.015886535530631567,18,0.021474058950080397
870,-0.5789686328122923,0.4775887090169559,0.01587659631773235,12,0.011442617098626996
871,-0.5758779862403096,-0.4952429522885337,0.0159791916161921,17,0.019118617246826723
871,-0.5584541995234655,-1.5112214212624877,0.01618518722720662,12,0.016084978693956035
871,-0.6230352611789404,1.499938475840943,0.016125275499456655,17,0.016060182608132318
871,-0.5880068831390018,0.4785044429610888,0.0158604321085113,15,0.0197215346078976
872,-0.5733855044842368,-0.4897611728750424,0.015866199534740538,17,0.018209687830074706
872,-0.5587391501598895,-1.515993705532448,0.016132694533749516,12,0.01765294222866573
872,-0.6214020203387401,1.4968550170830521,0.016010442755884053,17,0.018129982617142645
872,-0.5868210475668801,0.4775001047675236,0.016206122842015405,14,0.020201146289678264
873,-0.5722238520097702,-0.4908976921490089,0.015984181718974994,17,0.021765514586288337
873,-0.5574983026366106,-1.5061554835662656,0.015216885033610385,11,0.0035750200301948912
873,-0.6254007488674966,1.4982219534117633,0.01612322279047843,19,0.020681515584892524
873,-0.5814297402021841,0.4752633998512539,0.01595603131762445,13,0.013789645677088158
874,-0.57502033123422,-0.49127397115237076,0.01596840645498863,18,0.018514387555513084
874,-0.5587111561611763,-1.5049503553063164,0.01538069395282873,10,0.0025137858199722266
874,-0.6221325374324451,1.4985489574284077,0.016124966943119438,19,0.020832313874082613
874,-0.5821022132427933,0.47644191566161403,0.016035414109087053,15,0.01237140317666194
875,-0.5744500590564019,-0.4949667137109289,0.016079108552676382,18,0.022179619888196427
875,-0.5588293285798053,-1.5022873090353108,0.015855206413871042,10,0.004161907037225435
875,-0.6223244741448698,1.498883119727745,0.015984957420326473,17,0.017055130198003535
875,-0.5781640774157151,0.47173559950445926,0.01607270298825764,14,0.002552211666755701
876,-0.5747116220876659,-0.4914716754232644,0.015853001141586744,18,0.02100836931372391
876,-0.5638375802358366,-1.5147270841737157,0.01614106757732823,13,0.01471711452502151
876,-0.6214188022596608,1.4989063275677486,0.015872080770771804,17,0.0181785482856981
876,-0.5983827555664276,0.487448994108586,0.015890499012761496,14,0.01349988875861257
877,-0.5760274553650376,-0.4938778797381933,0.015890402235493324,19,0.020637857539014468
877,-0.5615575296726417,-1.5118317437281297,0.01616931438513737,12,0.01415782731300297
877,-0.6205257098012843,1.4976906154082852,0.015951577362575565,17,0.018304157023685562
877,-0.5910540849290594,0.4806838994328801,0.016575022599893022,14,0.022548399953614753
878,-0.5771949505207754,-0.49491156307799256,0.015873771619812557,18,0.020191745257678577
878,-0.5871386670855399,-1.5408057431352196,0.015698258890255615,13,0.012657225511355884
878,-0.6212494265137039,1.4955383751976863,0.015939562424911246,19,0.019777821411992465
878,-0.5860799638783422,0.47863322892855636,0.015993338283989755,15,0.018691332271008526
879,-0.572667217291269,-0.489180161268535,0.016075361415654868,17,0.02204894725408969
879,-0.5591420360658426,-1.5130828565552876,0.016214029957075105,12,0.016116052606197542
879,-0.6232421051455639,1.4971606932672223,0.01604237292027819,18,0.019116084332206677
879,-0.5907652269675249,0.4785666477966009,0.01621919676379857,14,0.022102816034852642
880,-0.5749595288484328,-0.49388332049965616,0.01582030921276696,18,0.021169298379937817
880,-0.5633406188137502,-1.5310585046650973,0.01572657944345534,10,0.0
880,-0.6223033438702662,1.4988845672197626,0.015906323142363236,18,0.017235674574729336
880,-0.5895951006228545,0.47986918254259353,0.016323368764545328,14,0.021938303819280535
881,-0.5776805668029132,-0.4965790414446773,0.0158797020510365,16,0.019364619123710087
881,-0.563912792285659,-1.5192757917521835,0.016214666068602942,13,0.01630181756425778
881,-0.6246351798674081,1.498847678143554,0.016033592495075733,17,0.015594253545740585
881,-0.6039263987309532,0.4865138708100308,0.016389182040316006,14,0.004032265485012364
882,-0.5757526005904153,-0.49298988575624214,0.015944653929986133,17,0.02113698534577882
882,-0.5612566320631145,-1.5299761201611204,0.015278318958819667,11,0.002812868673040139
882,-0.618629202830235,1.4968388306074922,0.015928851449225373,16,0.021384067765118513
882,-0.6042747988802397,0.48682616545897694,0.016426089525665478,14,0.004074681235817029
883,-0.5748139677086191,-0.493231160118201,0.015954366903203645,16,0.020586994724530475
883,-0.566333945636013,-1.515680969111935,0.0163489730482077,12,0.013062487236299047
883,-0.6237332220288493,1.4978484601297137,0.016039523745911534,19,0.018730191203161835
883,-0.5990868715790983,0.4835895634065236,0.015874421013440942,14,0.019016055259284226
884,-0.5753087551248798,-0.49656772834647445,0.016017329753280986,17,0.020330301876614613
884,-0.5648450333921473,-1.5285138849248523,0.015804361941466137,12,0.0035095414011594313
884,-0.6207333394607845,1.495692073667165,0.01584668159031995,18,0.01925237485556555
884,-0.5794956062186477,0.4731965849946492,0.016092857639648423,13,0.012906257891328958
885,-0.5766767155079529,-0.49545267246025015,0.01591202194933918,17,0.0195958382017861
885,-0.5640906334073297,-1.5131218556094201,0.015734919870963333,12,0.013645015354015431
885,-0.6214442811770674,1.4951661250073764,0.015876403520733818,19,0.020849375237874238
885,-0.5895723579363187,0.48273674878024714,0.01612174369459454,13,0.02198509179843947
886,-0.5688353579356922,-0.48963363326452086,0.01621871244097802,16,0.021502165687469505
886,-0.5633220931845526,-1.5114996332631012,0.01602351294239009,12,0.014277656420370799
886,-0.6197922936110186,1.499212935051063,0.016099870572852566,17,0.021338155145398285
886,-0.5943080741297764,0.4820327243910313,0.016052385424186657,14,0.020227694795697408
887,-0.5713791519989195,-0.4889893400060509,0.015935865528141007,16,0.02188561993500627
887,-0.5599381326757835,-1.5132094426538645,0.016101538816743408,12,0.015468005034219726
887,-0.6251660605726205,1.4975465439914313,0.016000877362212014,18,0.01933576490348607
887,-0.5997563100484363,0.4884516032265155,0.015797797137391455,14,0.01069879534798651
888,-0.574719779670408,-0.4939843739325868,0.015914133436792387,19,0.019834153030233892
888,-0.5601845473005017,-1.510110443938457,0.016186492246296622,11,0.013568942999164967
888,-0.6207936325007253,1.498599278139006,0.016107307109368387,17,0.020213196380855142
888,-0.5912180705190399,0.4828108725995415,0.01597320936348724,15,0.020789554817736023
889,-0.5718170533536301,-0.4898759073966733,0.01588306630668144,17,0.01920588461726923
889,-0.5584902715326184,-1.5054704593647363,0.015642532685239862,11,0.005154460055716526
889,-0.6267300243961225,1.4994775187447171,0.01598657432194448,18,0.016225752790609612
889,-0.5791309071323044,0.47248341412874445,0.016389769792116603,13,0.012343022754803751
890,-0.5760301654889547,-0.4938404225976853,0.015858018545325526,18,0.019196833129688562
890,-0.5558349182361219,-1.5016631623940135,0.015877279182939328,10,0.0035795240906806346
890,-0.6246281634141294,1.496790387406776,0.016161328348644432,19,0.01732459199070109
890,-0.5871577725768875,0.47522596156456753,0.01627287261815912,14,0.021794355949173293
891,-0.5746787132740577,-0.4920735739177287,0.015820703620310614,17,0.020085493107251527
891,-0.5622340634727423,-1.5269126834142912,0.015330191484773903,12,0.0032068339753721026
891,-0.6206086102566676,1.4952039091409546,0.016154217315551733,19,0.023939062231674805
891,-0.5956187186300951,0.48265887197267676,0.015987255622158913,15,0.020401898761205045
892,-0.5787117395106756,-0.49740602118290633,0.01597344257873599,18,0.017953309002881012
892,-0.5633863695414381,-1.5125693498011432,0.015855758813102895,12,0.015118168848711682
892,-0.6201632404998318,1.4950397939281836,0.01598033378946507,18,0.022330511670327464
892,-0.5820547048628819,0.47120958155423565,0.01630855984693452,15,0.013414235879232086
893,-0.5760199881615027,-0.49470958781296737,0.01588663471854481,18,0.02073015401301898
893,-0.5629058026460898,-1.507371845482482,0.016735268212380115,12,0.013279751668937943
893,-0.6239165686392475,1.4979342575342243,0.015920565800375177,19,0.01938908662024269
893,-0.5794751395490149,0.472390529485985,0.016013828669302302,14,0.009006138684515464
894,-0.5745587459880737,-0.49180189446987266,0.01593984119993168,18,0.01862997888501236
894,-0.5646158139645933,-1.5100354493079196,0.015807798748694438,12,0.009831117965311291
894,-0.6211947460697334,1.4971550142676842,0.015967075394072185,17,0.018863058860667168
894,-0.5877316769939708,0.47777786280321616,0.0161184468974478,14,0.021826833479465672
895,-0.575298125910018,-0.4949421412669501,0.015885407759215642,18,0.021124402551332286
895,-0.6219950557878637,1.4972356016807185,0.01606438580686886,18,0.019164693140854977
895,-0.5847518928391144,0.4756343427024646,0.015967876185232977,14,0.017517165901442054
896,-0.5760230582379916,-0.4952684736218112,0.015926673981604085,18,0.020290816699959947
896,-0.6220052186003406,1.4997752232916528,0.01616125549804973,18,0.019577835143556228
896,-0.5886334977045701,0.47301984982690976,0.01658029328384924,14,0.02064138188115908
897,-0.5798501457204779,-0.49995635468712807,0.015927913792419687,17,0.01573198158580658
897,-0.6182722235767496,1.4955984723531208,0.015857620713766403,17,0.021983828053044455
897,-0.592248834695942,0.4808017469314821,0.016615110242061477,14,0.023163722120485564
898,-0.5779663247787408,-0.49352283611538617,0.01574103373564271,19,0.016930184145251156
898,-0.6226923104936656,1.4960319331079126,0.01612608855172828,19,0.01932416227628601
898,-0.592021788069511,0.4777046109541689,0.015930885801533644,14,0.02149387433090962
899,-0.5731649853287686,-0.48785944807012094,0.015611502287814239,17,0.01693162955966975
899,-0.5534894110089704,-1.504287708373527,0.01543678995999682,11,0.0
899,-0.6241866018766399,1.4985377662536166,0.015771181249482895,16,0.014576973613757807
899,-0.5820601025075512,0.47492139836871883,0.015900575863350933,14,0.014095774569615374
900,-0.5752840212435166,-0.4945543901847141,0.01593117050047089,18,0.020893237466880384
900,-0.5676850792383155,-1.5093481940055011,0.01587053230943627,10,0.004029856923710319
900,-0.6219410723164457,1.4964085415382382,0.01590368111153237,18,0.018884541181568792
900,-0.580972225323797,0.47290890414463055,0.01597261296498844,15,0.015077059990869727
901,-0.5752854927047384,-0.4910184472036442,0.01590280292517054,18,0.016870398187258905
901,-0.5742545990339999,-1.5253662516705686,0.01594095788068949,12,0.016936831777811995
901,-0.6228857531836225,1.500442352313866,0.01603798109827598,16,0.017281215276598143
901,-0.5797844062177226,0.47387807885327893,0.01558573083370467,14,0.014579171466159916
902,-0.5763976126609175,-0.49414423956544135,0.015878933740795,19,0.019038202810267295
902,-0.5597999693753587,-1.5098724772150587,0.016041184487157377,11,0.013790253156164726
902,-0.6233688245537198,1.4992579745376597,0.0162395178298858,16,0.01658200230520362
902,-0.5820090204671068,0.47526871193623094,0.016033376593299772,14,0.014391187833000564
903,-0.5719592345480619,-0.4921186002433369,0.01591971290171697,16,0.02215947236816615
903,-0.5647858869618774,-1.5159573593382685,0.016137968041613462,13,0.014412123358188237
903,-0.6223768795341815,1.500395305992318,0.016112726548270395,17,0.014656882173322878
903,-0.5924101054232686,0.48095021084880474,0.016046162833200057,14,0.02219044665006576
904,-0.5733066008856899,-0.48923024456348174,0.015731782843583248,17,0.01809656390228388
904,-0.5641990087648721,-1.5118162986006953,0.015869816429299074,12,0.012908690214816797
904,-0.6199571072682347,1.4938861201287432,0.01607258409536287,19,0.022484596093609404
904,-0.5834046687576347,0.474126270143722,0.01635017235385059,14,0.0173560421469341
905,-0.5715348498231375,-0.48770777946755145,0.01586990595174627,17,0.01789727992288476
905,-0.5629825355730961,-1.53008511377309,0.01568992001302802,11,0.0
905,-0.6176162201171872,1.4955155941663039,0.015926075861961975,16,0.01868686574752393
905,-0.602988378009357,0.4876909732046184,0.016398197691020393,14,0.004029650140054933
906,-0.576730066979951,-0.49866142798771196,0.01616264174209208,17,0.020276298422921533
906,-0.5638696105448385,-1.5279248384704196,0.015256125779815895,11,0.0028063274935294664
906,-0.6190451829646066,1.4964622854433804,0.015905985099821204,17,0.02107716516654425
906,-0.5885904531694094,0.47841966750053977,0.01643654142010707,13,0.022134292731331835
907,-0.5731267286651631,-0.48712998673684077,0.015787638690889984,17,0.01633621076890563
907,-0.6241235656315509,1.5016001856837047,0.016143046965743545,18,0.018011666761145167
907,-0.597852121714918,0.484773451301502,0.016490897774906796,14,0.019024401253569617
908,-0.5740796582177713,-0.49082459041585025,0.01589444873127603,18,0.018480896822288498
908,-0.5620972286335283,-1.513568731436644,0.01575027419885038,13,0.015797061563759037
908,-0.6263235819268816,1.5007546543451058,0.016082732235892856,18,0.01479474540693923
908,-0.5969516322742052,0.48632707602458586,0.01598610723037172,14,0.016777851037882326
909,-0.5746775297207994,-0.4921284233178306,0.015949532073022937,18,0.01637497295963206
909,-0.5740300584206999,-1.5254858824835529,0.015541322961907281,12,0.014418078524407065
909,-0.6214286402077834,1.4994139278281644,0.016008170453386632,18,0.020767315350347884
909,-0.5991968529252053,0.48742334807083465,0.015927464418199838,14,0.008375457668368207
910,-0.573638160089493,-0.49351306507148884,0.01602564095596902,18,0.021416516421332583
910,-0.6234354343284526,1.495883849509984,0.016051785832134288,18,0.021000429730469578
910,-0.5957582839128293,0.48379222633497854,0.015946818540430896,15,0.018964070873784596
911,-0.5727712984491738,-0.49123125965728187,0.01598205441887661,18,0.021840579684427507
911,-0.6237423980060052,1.4973219818670407,0.015938615302314368,18,0.01682128169986997
911,-0.5973280451132483,0.48309919287262376,0.01606706467646634,15,0.0197010897973172
912,-0.5730300720756517,-0.49197958859379737,0.01607932983221669,17,0.021758927261501408
912,-0.5649383146679429,-1.5062778177319869,0.016248058163034654,11,0.004915386008011027
912,-0.6203563476375727,1.4964860811949092,0.015898367815448372,19,0.01983497866942998
912,-0.5865033127776039,0.47448753402799165,0.01625429492364679,13,0.020662251290439637
913,-0.5734488116843323,-0.4907903281804486,0.01595358491902495,18,0.019494324409730868
913,-0.5571561702089772,-1.5052331454317358,0.015200482653607095,11,0.003573212106290214
913,-0.6211449736219403,1.4992148572785156,0.015856722231592065,18,0.01897472258224122
913,-0.5928698338773983,0.4816746416681775,0.016141968419410947,14,0.021448081605405726
914,-0.5722729491041885,-0.49209735624193823,0.01588155416981306,18,0.02175907180860557
914,-0.5668863387887718,-1.5138379533138824,0.0162897371040117,11,0.013030455238044922
914,-0.6149740831444304,1.4937662990345226,0.016026178324846648,17,0.021698959730106326
914,-0.5834185155879978,0.4748683475717122,0.016187060141067487,14,0.018404484330805812
915,-0.5712749000084476,-0.49186242550682746,0.015925798222479023,16,0.021944450601112442
915,-0.5616444511021331,-1.5076138863144204,0.01576163217300407,11,0.005026903835015036
915,-0.6189021756105777,1.4923372349037336,0.01608473461913953,19,0.02375169883426857
915,-0.5827467953789477,0.47293205907686653,0.01620180443387501,13,0.019881439760035573
916,-0.5709430726688618,-0.49061028467916057,0.01585892914137549,16,0.020870692658651224
916,-0.5634124030595855,-1.5094279649998685,0.015885556105659244,12,0.012264362953978133
916,-0.6179646668565578,1.495773686171151,0.015880490341227193,17,0.02035653348801979
916,-0.5779436474526212,0.4753428903812095,0.015978006890884276,14,0.00452282179415874
917,-0.5722057135940327,-0.49146737292527004,0.01599008170934267,17,0.021418045570700713
917,-0.5651661135331257,-1.5111466827119775,0.015942044038245902,11,0.011394115279272842
917,-0.6237007370715534,1.5008968957561541,0.016260756748971626,18,0.016172102890464526
917,-0.5792614645003138,0.474913824443082,0.01608176311600222,14,0.007899046608545617
918,-0.5754502482787356,-0.4902853617171126,0.01584640052068693,18,0.019163700489488518
918,-0.6199358939162458,1.4932528631288895,0.01591461818575538,19,0.020847690724671665
918,-0.5821065315744443,0.47322578747254745,0.016185979524127037,14,0.015128223909170823
919,-0.5756119753636468,-0.4947089134069398,0.01589317778119921,18,0.02015667686489562
919,-0.55936642622682,-1.5225953940968033,0.015591467279067739,12,0.017729272426947204
919,-0.6225921623341057,1.500369763829813,0.016086824338781672,18,0.015813102616884993
919,-0.5870428793593221,0.4780515933618518,0.015912823005275432,14,0.018476538949648354
920,-0.5739684985229269,-0.49042697211851105,0.01583922451209689,18,0.01891804147850031
920,-0.5609452580023251,-1.5247724366407196,0.01540006097538149,12,0.014443102735518232
920,-0.6223930805078002,1.4985906233824826,0.01596693487505758,16,0.018214046418062346
920,-0.5823348282286753,0.4763026711942541,0.015922414917089622,14,0.016347061198506357
921,-0.57110241672221,-0.49112763671125187,0.015952273954825763,16,0.021713936688481903
921,-0.5576186615565749,-1.5193395268789918,0.015814403192065212,13,0.020784060081341784
921,-0.6186645178727859,1.4981490423374293,0.016124763948481138,17,0.01957173107814085
921,-0.5949087387620149,0.4843793032205491,0.016010107336369362,14,0.02081596091765158
922,-0.5707149366126832,-0.4883060461720649,0.016002749797964663,17,0.01754241570774341
922,-0.5574521934668251,-1.5117702503071464,0.015479363824992001,12,0.01537412231276828
922,-0.621250118908539,1.4988231117329842,0.01582583903797489,17,0.01919686714881498
922,-0.5834123447325706,0.4769537547903197,0.015846048812867157,15,0.01767710276674628
923,-0.5740467707243819,-0.49404409639112473,0.016041204542791964,18,0.020451924021299892
923,-0.5713584962913437,-1.5232983720421038,0.015906745572998093,14,0.017355020987656223
923,-0.6261416240066005,1.4986111480474205,0.016045828307537285,17,0.016766392840397326
923,-0.5801166360906551,0.47603212598812344,0.016035591211689362,14,0.013771075628813422
924,-0.5723350899913447,-0.4938464409511573,0.01609143560500876,16,0.021516260084637154
924,-0.5706932603929815,-1.5196254690881652,0.01602823808400794,12,0.01729878734173959
924,-0.623058697518394,1.4972177053577451,0.01605979403484942,19,0.021301135161647045
924,-0.5859100170542808,0.47838586438473896,0.01607793762813629,13,0.020333696341275378
925,-0.5724275264202721,-0.49120901434890046,0.015997256324063448,17,0.02041188178822121
925,-0.5574521934668251,-1.5117702503071464,0.015479363824992001,12,0.01537412231276828
925,-0.621356086743618,1.499576265334073,0.01611438106385373,18,0.019049966235971157
925,-0.5910540849290594,0.4806838994328801,0.016575022599893022,14,0.022548399953614753
926,-0.5734864322520455,-0.4934743254251852,0.016008006697064137,17,0.021727284091097223
926,-0.561055272544312,-1.521359206321741,0.01582203962346479,12,0.018093109806200706
926,-0.620977590502545,1.498556957180279,0.01574327912568292,16,0.01646335896657188
926,-0.6025926390899111,0.48944406573402216,0.015849342106947568,13,0.002791261147479474
927,-0.5752986606380573,-0.49609416897490444,0.016047358782548864,16,0.021225636265871484
927,-0.5659282796272962,-1.5269821690043137,0.015951481786255287,11,0.004876158042800471
927,-0.6217409775152668,1.4976969372864883,0.015984185156694853,18,0.018325864753332696
927,-0.5810446800818686,0.47666992399768215,0.01597992091802995,18,0.015365582816631423
928,-0.5764875466281557,-0.49754597696884095,0.0159653377979025,16,0.018257608638926677
928,-0.567953652720194,-1.5281888164945583,0.015993996780875444,14,0.01531714274108385
928,-0.6181530227397128,1.4951249608898356,0.016047635594470564,17,0.021219713712023178
928,-0.5978642908715748,0.48570306606221325,0.015876423523162174,14,0.014010961953452495
929,-0.5755296510277715,-0.4922583028417063,0.015927021576659848,18,0.015343532829364381
929,-0.5599624564766084,-1.521382977912496,0.01566041700918473,12,0.016637083852500643
929,-0.6208995619767306,1.4971743978310204,0.015853626757957835,18,0.018556192554453375
929,-0.5980815707375953,0.48537430481436467,0.01609748283276099,15,0.017830712556057997
930,-0.5734704495282366,-0.4925268584843942,0.015954173036702483,18,0.018991269003841047
930,-0.560308582917447,-1.522322257431467,0.015675215995054996,12,0.016651715592728343
930,-0.6213334378902475,1.4978581002591855,0.015871212274013346,18,0.01897218852044587
930,-0.5989548294665082,0.4881404738766589,0.016115649886445364,14,0.009579500468910162
931,-0.5763751452077273,-0.49383466160971173,0.015770353474023717,19,0.018544260375745795
931,-0.5570866189459152,-1.5091840669822272,0.01630612020955646,11,0.016747243263377305
931,-0.6229827724135294,1.4988063137067151,0.015976570329232973,17,0.017915988157709135
931,-0.5969618026411208,0.4850316041364816,0.01602790483553561,14,0.016490336072171968
932,-0.5778751232161383,-0.49761893007088936,0.015928871744070625,17,0.01619555909069035
932,-0.5771152032098876,-1.538701434541047,0.016031396563536523,12,0.02151529062000018
932,-0.6216679559951068,1.49776029659644,0.01586537276102525,17,0.01987301427113302
932,-0.5883277530094014,0.48170141384435017,0.01594705614315539,18,0.020507344264857237
933,-0.5734684454984077,-0.49385802866682493,0.016220666743823376,17,0.02227101660158874
933,-0.5628226062521045,-1.5099094154230088,0.0157331947201622,12,0.013316886884945875
933,-0.6230518988947293,1.4993091523679727,0.01591087126800837,17,0.015272838427093075
933,-0.5840951013112805,0.47598678762037117,0.0159409998807987,13,0.01769921228247946
934,-0.5740514720728963,-0.49214999454378366,0.015880578039027787,18,0.017084385591426644
934,-0.556048213499704,-1.520387836490101,0.015574273565168046,12,0.017134382191893237
934,-0.625250313939066,1.4980298371269893,0.015969962429029174,16,0.015262243222334826
934,-0.5988259703018765,0.48671435448678696,0.015998000007616923,15,0.013662861287133643
935,-0.5730455833021852,-0.48953123569173335,0.015917004182333133,17,0.016328148115182066
935,-0.563811237130588,-1.511387663086568,0.016148992534048723,12,0.014218053652203395
935,-0.6231589265092393,1.498903330563008,0.016018992484929526,18,0.01759001358442494
935,-0.5847422845869668,0.4776782053411429,0.015891058266138007,15,0.01998691760548255
936,-0.5726284851229461,-0.4944032032098868,0.015918282521632368,17,0.021202730906786774
936,-0.570887076823792,-1.5249646453666474,0.01584268332263303,13,0.018093237566466257
936,-0.625149761337354,1.4983680027356603,0.016018278019145297,19,0.018291156523094862
936,-0.6007527693708735,0.4862066902057447,0.01642134032944246,13,0.014605741965505079
937,-0.5742555671051155,-0.48818971535267697,0.01589293989504356,18,0.014820566532846878
937,-0.5700288100820213,-1.5242209439410896,0.01616976373589963,13,0.019111450625117484
937,-0.6212329888180509,1.499046065562765,0.015995836279542333,17,0.019435143023860322
937,-0.5976931216077409,0.4856847158433039,0.015892356516145515,15,0.018418402529345318
938,-0.5680561612199435,-0.48747882142537546,0.015902630838297425,17,0.018733356970981385
938,-0.6209235049483867,1.4969641756140613,0.016075477468933595,18,0.021231102089560226
938,-0.5992771822162047,0.4881089295785729,0.016334898996249205,14,0.011968580827150313
939,-0.5672695811804854,-0.48710160765939414,0.016159749873924902,17,0.01869437176211572
939,-0.566235364556594,-1.5135114699037175,0.01629936065964822,12,0.01195183304807574
939,-0.6226864296033282,1.497719669809058,0.015961646113639986,18,0.0188657994246247
939,-0.5919566482459562,0.477967277512362,0.01666020284109723,15,0.02373717663592053
940,-0.5730486294960442,-0.4912179900796421,0.01577998538656364,18,0.018554796198112244
940,-0.5720199362643229,-1.5223559371290467,0.015967552341149206,13,0.019402691957577663
940,-0.6256104405831231,1.4984931047911088,0.015940602300836895,17,0.015877592808837663
941,-0.5733318551865769,-0.4941404896881876,0.015834557311291516,17,0.021772398838698893
941,-0.5564226494482308,-1.5089779161976486,0.015423299836116875,11,0.015307893879418189
941,-0.6245194767199884,1.4964389022614535,0.016087832679532114,19,0.019003529320055654
941,-0.5961520384153481,0.48513465970408953,0.016260368675038262,13,0.01749718602430917
942,-0.5726331090627806,-0.49020222115295864,0.01596514645323925,17,0.021959093605973
942,-0.5683292154119625,-1.5205312241487519,0.016402681794834617,12,0.019658939935091616
942,-0.6224853681203512,1.4977468796073428,0.015900579937097988,18,0.01746983739016609
942,-0.5814694220633203,0.47534403924082386,0.016073837766295184,15,0.014380303697721688
943,-0.5752227555754682,-0.495234655817904,0.015992908141503545,16,0.020021679598805697
943,-0.5574638056998145,-1.502703213056318,0.015593664155164024,11,0.005142771332320774
943,-0.6263068417586576,1.5000499542294046,0.016046413305107088,16,0.013557000712760541
943,-0.5841552702505319,0.47611893125946353,0.016004963654728487,15,0.017468735462881264
944,-0.573306072795448,-0.49121598852186854,0.015754040871208158,17,0.01898610735001943
944,-0.5643745929836365,-1.5172257358403825,0.016251822111168285,13,0.014704734496371046
944,-0.6237263635466904,1.497709552903689,0.01591074469031511,18,0.01913676558279472
944,-0.5936238185923116,0.48070899720920374,0.01610033477968194,15,0.021200557566627243
945,-0.5749594925994651,-0.4913204351361818,0.015811702246916137,19,0.01719142091305396
945,-0.5640823484340258,-1.5101308366312642,0.01622542280120922,12,0.013453093004656769
945,-0.6236058852097833,1.4948412701114,0.015992951341197537,18,0.01924736436702984
945,-0.5899619628779442,0.4791299160181508,0.01596678013891145,15,0.020235800563289247
946,-0.5700638551653386,-0.48959660833204444,0.01605238677525124,16,0.020484097878026734
946,-0.5608224385087245,-1.5100325603034068,0.015894934089940443,11,0.012459480692051658
946,-0.621053929053892,1.4954412991091899,0.016001348153701796,18,0.020118833237008873
946,-0.6002986466608843,0.4851265416430431,0.016157372229307545,14,0.015900117583332218
947,-0.5754847847913994,-0.4944824756565079,0.015900310345196192,18,0.019901835781574773
947,-0.5616234412066721,-1.5125643470088623,0.01609970661939627,13,0.017663603262134713
947,-0.6220753593080413,1.497233515649127,0.016020351935856623,17,0.016719816229752205
947,-0.5858731801536613,0.4772847268759648,0.015914769187538265,15,0.018829400472569976
948,-0.5778760353928766,-0.49718476039870635,0.01593314078771027,16,0.015747093401942355
948,-0.5565167351576259,-1.5035084571328092,0.01590988978894689,10,0.0035843904247888562
948,-0.6254468790709841,1.497363139588831,0.01619664327118481,19,0.016128474990425856
948,-0.5810219749246256,0.47261009177013436,0.016094143797543706,14,0.012738628076449092
949,-0.5748414380257536,-0.4928179688677004,0.016002097865652994,18,0.019015232283451984
949,-0.5574521934668251,-1.5117702503071464,0.015479363824992001,12,0.01537412231276828
949,-0.6216560971706334,1.4961397742302849,0.015934476537170263,18,0.01910272842480043
949,-0.5837202758638571,0.475483603742534,0.015966741883923198,14,0.0163452844920347
950,-0.5729081670667465,-0.49357125459608076,0.01592914850047585,17,0.020757334652382154
950,-0.5531464168681913,-1.5033506530561371,0.015434718308637881,11,0.0
950,-0.6189712226293111,1.4963245134259757,0.015999632211982497,17,0.019961140745476308
950,-0.5861483981529995,0.47903857189590776,0.016058377723057817,15,0.018030127489165982
951,-0.5695079775561644,-0.4889246135318668,0.015988697313526392,16,0.021492343832201367
951,-0.5681951099932967,-1.5102593782204607,0.015674924714531965,10,0.004050627135646935
951,-0.6216610137204602,1.4982826450792543,0.0160333164176084,17,0.018698917527173592
951,-0.5902749666546296,0.4800511495235148,0.016538143719667137,14,0.022491256739266167
952,-0.5765553317612744,-0.495846407607251,0.015961820995371204,18,0.020405544633414405
952,-0.5598582876009487,-1.5050533812748863,0.015904547293000258,10,0.004172450278819455
952,-0.6211621417438239,1.498970843535451,0.015949748314978557,17,0.01939150041119243
952,-0.5966048246235663,0.48299503910404146,0.016240689417364337,15,0.020061370852894965
953,-0.5768624105975476,-0.49882849173983407,0.016241709443730993,17,0.016547393007751324
953,-0.5594473636669404,-1.519477255315701,0.01581837250156258,12,0.018975054158058238
953,-0.6236158003199963,1.5002686651497883,0.01591790913569788,18,0.015496957634017584
953,-0.5939816554311915,0.4828076061984632,0.01626996798208188,15,0.020783078982189916
954,-0.5737574299015634,-0.49135062682595937,0.01587285499826401,18,0.018250199621446937
954,-0.5584902715326184,-1.5054704593647363,0.015642532685239862,11,0.005154460055716526
954,-0.6238680283090183,1.4995784700329373,0.01602778142440223,18,0.018432660425900242
954,-0.5944856302545671,0.48235539110998654,0.015958630213999653,15,0.0216735446848659
955,-0.5765342914548466,-0.4927591128961937,0.015862276042744785,18,0.01703677275997526
955,-0.6215938284035841,1.497845910737653,0.01589052473908861,17,0.01842793277102957
955,-0.5869856081112887,0.4767396681353014,0.01614259580019777,14,0.020191275072347813
956,-0.5769926024753078,-0.4929080281763642,0.015920035355350106,18,0.018161270285448942
956,-0.5587679510995972,-1.5084138048142737,0.016048800626126247,11,0.014918735834504432
956,-0.623856600247399,1.5000872208666916,0.016084131019786535,18,0.015585977944125563
956,-0.5875604227784934,0.4781998856829023,0.015931780911548683,14,0.019199702416918697
957,-0.5763100484409316,-0.49488861236243026,0.016061504336181236,17,0.021730831707511868
957,-0.5635329043289238,-1.5148088417291736,0.016515814347064325,13,0.015618044943760968
957,-0.6250142320670931,1.4975200378563416,0.015972687060728085,19,0.01844629270279505
957,-0.6028659382430146,0.48694725381984666,0.01614841882403095,13,0.003719701289470425
958,-0.5772617790763568,-0.49757175907031487,0.01605009194108896,17,0.018587691911492843
958,-0.5720245650448841,-1.522093685869773,0.015887710735653385,15,0.018100693065083433
958,-0.6236237380382553,1.499400257881826,0.016120089069746324,18,0.01612334502040265
958,-0.587495907247889,0.47842374481565025,0.015883955181683562,14,0.020455646526468554
959,-0.5723377153004322,-0.48835157306302496,0.01580413502869875,17,0.018301388282592826
959,-0.5594954015868668,-1.5082515066603364,0.016154011986495662,11,0.013531959063994816
959,-0.6203198336249613,1.4957055235125372,0.016173760390424386,16,0.01944575041442742
959,-0.5873593459403731,0.476850526260231,0.016060957746086776,14,0.02000933006107377
960,-0.5708593755738821,-0.4911972648684836,0.01591063009489883,16,0.021631880530531066
960,-0.5637173967670994,-1.518246136525745,0.016344825586090055,13,0.017070684621831228
960,-0.6220175354592928,1.4980336105110588,0.015995415031760808,17,0.018553067005341005
960,-0.5911081964905277,0.4856461154262728,0.015955910488516193,21,0.018480305543925647
961,-0.5698421556082712,-0.487966615231954,0.01585073417199859,16,0.018276520430588333
961,-0.5524716413138867,-1.501520155761301,0.015385933935579537,11,0.0
961,-0.6236552643271619,1.4980496447297815,0.015782407387858934,18,0.019402165396209294
961,-0.5809308677288308,0.4738626438002788,0.015721619829890978,14,0.01587486317553074
962,-0.5777255484015482,-0.49472785764186905,0.015893597428249334,18,0.015257588573855185
962,-0.5534894110089704,-1.504287708373527,0.01543678995999682,10,0.0
962,-0.6225283188933857,1.4994419758812592,0.0159522536640448,17,0.017255823792836168
962,-0.5830227705408807,0.47715126309376255,0.016014867877784274,15,0.015899920676759927
963,-0.5688903740542638,-0.4895170199927547,0.01620798722507145,15,0.022038019213494325
963,-0.5618856941958639,-1.5123487604127028,0.01574416137025098,13,0.015704040085844206
963,-0.6230602113605539,1.4987433772253096,0.015885641468132778,18,0.017066074284961336
963,-0.599542668532788,0.4878000451376602,0.015872416230943258,13,0.0030867119587000796
964,-0.5749837254742415,-0.4939488769938548,0.015912910445249107,18,0.020275222484905805
964,-0.5723814405736508,-1.524200562556903,0.016208126555716698,14,0.018474391977336524
964,-0.6260940032591936,1.5002782172107614,0.016001385114909956,16,0.013101719520613437
964,-0.5904950920562857,0.4808952364474303,0.01597261042972904,15,0.021083562241442737
965,-0.5791790857492933,-0.5007655179177235,0.0163354677583034,18,0.01664868338393963
965,-0.5637328678981098,-1.512669522723058,0.016002117541310402,12,0.013962933909237581
965,-0.6209238431990752,1.4985726572068552,0.01590908648307053,16,0.014390452551208917
965,-0.5892994015134266,0.48107073889755014,0.01597089224267298,15,0.02000888202053115
966,-0.577267276980432,-0.49430261298110273,0.015814899035388744,19,0.01917629414349875
966,-0.5628019264828859,-1.514766269361953,0.016004747581427423,13,0.015547213546677272
966,-0.6246719302131303,1.4991767315527895,0.01596880151207695,16,0.014339657754428777
966,-0.5858803796116563,0.4777144037005944,0.01595081765411011,13,0.018351154297169183
967,-0.5755155632596742,-0.49221166372648734,0.015978305961447704,18,0.018193909128782153
967,-0.5565167351576259,-1.5035084571328092,0.01590988978894689,10,0.0035843904247888562
967,-0.6208176097971465,1.498603543344657,0.01594065053483406,15,0.01995254312476901
967,-0.5839077504347824,0.4755060949679183,0.016229498894195196,13,0.018492732312744283
968,-0.5701718607717249,-0.49004003804292723,0.016207951679967574,17,0.02191090968784903
968,-0.5642801888147501,-1.5133279336955037,0.01612109995784759,12,0.015016389036623426
968,-0.6240837709364968,1.5003505409785445,0.01602787702414232,16,0.016416914478793496
968,-0.5789503848383719,0.4692347554595914,0.016157338227429267,14,0.002822519443719131
969,-0.5766714559173907,-0.49635615615367606,0.01590536461243252,17,0.019731568365584817
969,-0.5671351817152507,-1.523343510586807,0.015941307628168994,13,0.015131697967119764
969,-0.6223650254545549,1.49946486617656,0.01601234373786484,15,0.01875553800037282
969,-0.6013145144588894,0.48733996295257775,0.015772201077791582,15,0.013213720492131703
970,-0.5749117518180649,-0.49193248493047476,0.015807631689318,18,0.01958367964787267
970,-0.5712417876380989,-1.5222485988657986,0.016041058662980764,14,0.01696298838918512
970,-0.6245411269152674,1.498998626531246,0.015982340821172735,19,0.01709816204431463
970,-0.5913514131871198,0.48083015838461385,0.01590701386355554,15,0.021967492662398353
971,-0.5737215661173805,-0.4890320083993171,0.01591767075566149,18,0.018028227728842803
971,-0.5736763725916437,-1.529062894043272,0.01593676975799845,17,0.01629309969326843
971,-0.6219609271058361,1.4969368330132684,0.015936633894064987,17,0.018849154511406077
971,-0.5843329625579549,0.47675094692171466,0.015903980279146187,14,0.018439828870173283
972,-0.5769435706295141,-0.4940815897502699,0.01584590572046485,18,0.019467226028483102
972,-0.558190673476863,-1.5111102231285054,0.016074104747723666,11,0.014595698390482133
972,-0.6227420086734847,1.4947306573469714,0.016027441260024398,19,0.020376887361999683
972,-0.593681575052715,0.4818112714080655,0.015878963274125416,15,0.02163536338991823
973,-0.5761537227305689,-0.4954900007720345,0.015890765258287677,17,0.02089215244037495
973,-0.5662892311557605,-1.5141417386420373,0.015833134222330958,11,0.013146312164630374
973,-0.6235905942872099,1.499917632395178,0.016041185681496335,18,0.016799077024885485
973,-0.5836889483925625,0.47585984051250424,0.016057896488576813,13,0.0172630796611533
974,-0.5719823014487043,-0.49013602963471287,0.015999523268738842,17,0.020596207184504993
974,-0.5629825355730961,-1.53008511377309,0.01568992001302802,11,0.0
974,-0.6232861169978346,1.497826852571826,0.016015818392130822,18,0.019590915766290785
974,-0.5817145087109891,0.4743440780757376,0.015858133074667588,14,0.01089233758755385
975,-0.5702074037659632,-0.4862539657957766,0.015823096858080032,16,0.016547533200986266
975,-0.564069070638248,-1.511741206215169,0.01619246956646537,12,0.012918515732994898
975,-0.6253793350064326,1.4983057963560984,0.016040306662175777,18,0.015743515210525354
975,-0.5862413162455101,0.47659743692574646,0.01598902844977351,14,0.018022282818597222
976,-0.5709402731278941,-0.4871934531308055,0.01584356662454961,17,0.016926776288689417
976,-0.6234292652252778,1.5017400075837106,0.016409135793442355,17,0.013069974561244046
976,-0.5830241500438134,0.47630284500984843,0.015901453600465253,14,0.013270975925866955
977,-0.5756834976049913,-0.4937077125341122,0.015978104628876805,18,0.020033747086978703
977,-0.5669892223088486,-1.507495970085714,0.01584667657338145,10,0.004023303199231713
977,-0.622873811396874,1.4995959961323062,0.016068796125619816,18,0.016609422233472084
977,-0.5811085560512361,0.4789465575138091,0.01594181143686296,15,0.007814384131621308
978,-0.5772111466659412,-0.49803213890521086,0.015996880739307114,18,0.019297979337648947
978,-0.5651661135331257,-1.5111466827119775,0.015942044038245902,11,0.011394115279272842
978,-0.6222968115221182,1.496804070944749,0.01616314243319296,15,0.019459294411364805
978,-0.5803185502820126,0.4766619095063528,0.015874360965321004,14,0.006311064641482569
979,-0.5710712778298789,-0.4874451691788296,0.015944683475592372,17,0.015226574625892404
979,-0.5586060914703536,-1.513487068009835,0.01556995842417452,12,0.016672806737291004
979,-0.6169657053047631,1.4923340253414277,0.01577654442062755,17,0.02310706012079489
979,-0.5917315794890167,0.4790987568533985,0.015958686552091088,15,0.02032781813442555
980,-0.5762529352946302,-0.49410988255609223,0.015942510630559355,19,0.020189743430262988
980,-0.5689872979835552,-1.511623605602957,0.01580665150126903,10,0.004160706953898508
980,-0.6236036540034096,1.5002175368048827,0.016092981420011525,20,0.018247661950216487
980,-0.5949320517698123,0.4820803611905023,0.015872588224506875,15,0.02113388633032907
981,-0.5759248354780375,-0.4954814699259514,0.016050832714323948,18,0.02033557608959183
981,-0.6232826353008688,1.499843325695362,0.016398509447409868,18,0.01609987876033873
981,-0.5850810305574865,0.4757395413660761,0.016275047416059472,13,0.020664887355684725
982,-0.5743621500516227,-0.49301502353605736,0.015934385235601686,17,0.02058878595738288
982,-0.567479280446591,-1.5141668993342992,0.016273921217459304,11,0.011517549441302993
982,-0.6235240702186297,1.4965422439769078,0.01578212851637444,18,0.0193543994386678
982,-0.5881567075339131,0.477242970070796,0.01638521706501241,14,0.022486037838684213
983,-0.5773195752136421,-0.4972770167062983,0.01597721082245654,18,0.02030842755513296
983,-0.5620919960173937,-1.5298690608782615,0.016171210110271308,12,0.017321042014152122
983,-0.6245071617840695,1.4966034349531663,0.015972665139725433,18,0.01881102897804874
983,-0.5906750233917801,0.4814404624859356,0.015949614081531775,15,0.020786602684397006
984,-0.5745985312062787,-0.49379452065729834,0.0159784343839626,18,0.02195919120054717
984,-0.5556675988333358,-1.5192102847233238,0.015584426371396915,12,0.020951917665942257
984,-0.6239131389163465,1.4965285574275105,0.016177066050143855,19,0.02165095861090752
984,-0.591604942339648,0.48106937743328493,0.0161204484076561,14,0.021138236775558053
985,-0.5768200683639281,-0.4928915742107211,0.01584181244837699,18,0.016167253199339995
985,-0.555497798452489,-1.5098246820057541,0.01588278251600684,11,0.015231846757518335
985,-0.6237550702248447,1.4978076556418334,0.015885777391752846,17,0.017791876684408202
985,-0.5869856081112887,0.4767396681353014,0.01614259580019777,14,0.020191275072347813
986,-0.5741150877822898,-0.4902435536880892,0.015714186195053038,17,0.018080622358217644
986,-0.5706949171301215,-1.5210022585763898,0.016018954345925075,14,0.0178905085812437
986,-0.6193982846669007,1.5003125478418777,0.015974307528262507,17,0.021109457667291522
986,-0.5812230219763835,0.4751882021752026,0.015818870859541357,14,0.010880737221817977
987,-0.5806278815517877,-0.50034021580236,0.016000486902768948,18,0.015304382910089833
987,-0.5703296918568638,-1.5218476728527524,0.015975457814868824,12,0.01807728658737738
987,-0.6191297941060251,1.494665169778714,0.015935133596874203,17,0.02067725024315966
987,-0.5961572192487125,0.48300094535553245,0.01608901185669411,14,0.019781916124029002
988,-0.5767222577906471,-0.49569201910370975,0.01613968110856495,17,0.020923774060114017
988,-0.5642637457064976,-1.5133367904116652,0.016145367335352354,12,0.015251702030439757
988,-0.6216781262350852,1.5006908808100563,0.015976962212385246,17,0.015837204981005104
988,-0.5844647933152048,0.4779821066071256,0.015950734062932372,15,0.01598826522889708
989,-0.5763045325684775,-0.4944135097499809,0.015838461497569255,18,0.01945524127947754
989,-0.5565167351576259,-1.5035084571328092,0.01590988978894689,10,0.0035843904247888562
989,-0.6190574029217383,1.4980976952378962,0.015865809836631255,17,0.021635119724300367
989,-0.5929170758320969,0.4803826643842901,0.01597049912363108,15,0.020805343266611216
990,-0.5723994936506003,-0.48935944596036335,0.015837365874701186,17,0.01974294623747634
990,-0.5687202755044206,-1.5226954348059396,0.016079552255827145,13,0.019299195269819037
990,-0.6184723023705466,1.4956767090414274,0.015911630963338953,17,0.01953040703173303
990,-0.5981766971606548,0.48771955518804555,0.015902614653989705,13,0.010815056733805513
991,-0.5725001541226902,-0.4877113412599115,0.015980507433232094,17,0.018023488127259624
991,-0.5683043574420894,-1.5232219790540757,0.016066805998391203,13,0.019348284783282915
991,-0.6188922037700342,1.4923491173549759,0.015936101296837462,18,0.02171960332908465
991,-0.5894015828454398,0.47909950048490024,0.015655105240473016,15,0.021525536782329692
992,-0.5740976889305063,-0.48929317701388175,0.015885324425818904,18,0.017696525264168088
992,-0.5614083475878865,-1.5179106914561438,0.01579433913013076,12,0.015701508646203823
992,-0.6248873144245115,1.5004472682358194,0.016192413452772555,17,0.012998279860386567
992,-0.5851775168278099,0.47548610953044534,0.015989720552737147,15,0.021034609808805272
993,-0.5734526515269458,-0.4927792234483916,0.016046120681358574,18,0.021498087959122517
993,-0.620826826875266,1.4988506121572545,0.016025349461304145,17,0.020390006985320147
993,-0.5794855962056392,0.47241017323811885,0.016069339361966656,14,0.009669828667864961
994,-0.5723438926949559,-0.49179515917447586,0.01616255814032438,17,0.023421205928058745
994,-0.572897007648687,-1.5193246492790442,0.016147548259247385,13,0.018713916492389987
994,-0.6223541776812418,1.4955671016609906,0.015821471596877874,17,0.018088819296013293
994,-0.5810658247647842,0.4752888589282487,0.01598750517169357,14,0.013635949395567904
995,-0.5773258216062941,-0.49692507894004967,0.01635221420099162,17,0.021428186349138626
995,-0.5565167351576259,-1.5035084571328092,0.01590988978894689,11,0.0035843904247888562
995,-0.6225871715013287,1.500357778680808,0.015877929032527317,17,0.016113648387716326
995,-0.5954312305808749,0.48219151586523845,0.015999945635431903,15,0.021847179605594923
996,-0.5732936942219597,-0.4917494277348848,0.015987804016829626,17,0.019271538594544987
996,-0.5648298507487863,-1.5113517547342132,0.016232721815194296,12,0.011725114907079186
996,-0.6236871196514955,1.4994161021456551,0.01600440086418708,17,0.016593178876847203
996,-0.5973144412778957,0.48512509365190276,0.015906132777639644,14,0.015419884930961905
997,-0.5748140324123935,-0.49263534075782967,0.015994153971864083,19,0.020881678358691987
997,-0.5597926289097782,-1.5112800950699528,0.016419929400229984,12,0.015867167587478314
997,-0.6198762389181964,1.4964650304461304,0.016155978698809238,17,0.021378477430454217
997,-0.5995134850226024,0.4863127490530111,0.016009369259627045,14,0.012457423207901162
998,-0.5723701261082876,-0.4904907664155235,0.015937605251203493,17,0.020159087648336085
998,-0.6190695646324474,1.495328475532404,0.01587766166549129,17,0.020169496129636727
998,-0.5801233330331185,0.47589664967753686,0.01586094528045185,14,0.014392577495783996
999,-0.5718487176151015,-0.49121678543379677,0.01607401851056794,17,0.021311774245577488
999,-0.5663689968115977,-1.5166600610169458,0.015864304827535872,13,0.0167667686708575
999,-0.6227529087385165,1.4994931397455191,0.016217546091372933,17,0.01432769362175982
999,-0.5777832128727973,0.4726746485555392,0.01623155221349681,14,0.010010511602928016
1000,-0.5730875610648289,-0.49346167989434164,0.01619048406943413,17,0.023146505176360205
1000,-0.5574638056998145,-1.502703213056318,0.015593664155164024,11,0.005142771332320774
1000,-0.6225954059544427,1.4988898594864293,0.015994506318186198,16,0.015590772358850124
1000,-0.5809412546116943,0.4743530271983805,0.016003634513055413,14,0.01243496204466449
1001,-0.5730611396835253,-0.4901778859502439,0.015827450697299104,17,0.017885793149795725
1001,-0.5713347806473732,-1.521701557094477,0.016019516304945244,12,0.01751218570363968
1001,-0.6185680982800126,1.4973372679492518,0.015934653060461965,16,0.022195030226999108
1001,-0.592529273307585,0.47997430027653953,0.016379214137528943,14,0.02229439218570104
1002,-0.5690505536097933,-0.4914560568259207,0.01602837702631034,15,0.022615428870917272
1002,-0.5588293285798053,-1.5022873090353108,0.015855206413871042,10,0.004161907037225435
1002,-0.6222986927801274,1.4945254595265174,0.015992297282712946,17,0.02044220696588527
1002,-0.5819468643391085,0.4729746312467528,0.015996415562066477,14,0.017295685314336492
1003,-0.576002470852083,-0.49522981163742835,0.015943703180427714,17,0.019257534255408
1003,-0.5571085799932081,-1.5108364866801034,0.01545984923685215,11,0.015347349975048509
1003,-0.6194338347834185,1.4963737079211024,0.016145074237073644,19,0.02381952639815793
1003,-0.5932090059070906,0.48244701464944956,0.01594103392269048,14,0.019876579359265092
1004,-0.5757149235792811,-0.49498240374867514,0.015867671695819784,19,0.019859754568200987
1004,-0.5574638056998145,-1.502703213056318,0.015593664155164024,11,0.005142771332320774
1004,-0.6219349934603252,1.4985164765722134,0.016119912298058158,18,0.019841893502780077
1004,-0.5850079958793294,0.4730044147435109,0.015622935669917216,13,0.019065139037602468
1005,-0.5751433562641589,-0.49349728768265044,0.01600114490088486,18,0.021089740374211626
1005,-0.565287022381512,-1.5152521799967684,0.016111839924596468,13,0.01199085925213093
1005,-0.6265130824633425,1.5000128254012006,0.015974944768282463,19,0.01623383274032827
1005,-0.584330481449683,0.47751275014981526,0.015902910195404237,15,0.01521452342562464
1006,-0.5725922310731758,-0.492360271161143,0.01604400485013686,17,0.021124274394421768
1006,-0.5608733698840682,-1.5119661815247056,0.016216453900140534,11,0.01359553982542544
1006,-0.6235848607977889,1.5000107330120702,0.015942596793737163,18,0.015891363721626434
1006,-0.5873593459403731,0.476850526260231,0.016060957746086776,14,0.02000933006107377
1007,-0.5774539658463974,-0.49420755501993446,0.015943296839350238,18,0.01567732482606051
1007,-0.5581395408458751,-1.513637214342439,0.015503888009201085,11,0.015397502564455831
1007,-0.6248962766843399,1.498748671086756,0.01599298922984353,17,0.01610177646114323
1007,-0.5821412699525588,0.4765267446298786,0.015609663557751827,14,0.015074155994874624
1008,-0.5742226313214893,-0.49191495416118464,0.01595813045056802,17,0.021082395752683683
1008,-0.5589507426899127,-1.5144185189227457,0.015588609290175541,12,0.016697655039785528
1008,-0.618185482729349,1.4969518485460007,0.015878102450186483,18,0.02367931277948008
1008,-0.5851322891949048,0.4771475739244605,0.015901271942836633,14,0.018485106770549223
1009,-0.5770960095957072,-0.4942068620895801,0.015971511819764823,18,0.014351260267690057
1009,-0.5616576171838207,-1.5178617191423844,0.015984080690579692,12,0.016024532030611115
1009,-0.6240322151882298,1.4996390093981735,0.016051442470206016,18,0.017633826074044512
1009,-0.582538024542115,0.4738400411026625,0.016016987919131618,14,0.012207742178563803
1010,-0.5712162477356965,-0.4918421861806147,0.01613006671262594,16,0.021679716059426993
1010,-0.5700671556972909,-1.521280061670869,0.01608620260662026,15,0.02016716091920957
1010,-0.6196183272792736,1.4947288606764395,0.015995617592819023,20,0.021412904645574063
1010,-0.5874030922542829,0.4776998566129322,0.01605165040606985,14,0.020006667887895884
1011,-0.5798555745318311,-0.4980379472422596,0.015977912633871355,19,0.018134869505899546
1011,-0.5731051658523869,-1.519570019731959,0.016139373642404153,13,0.019351225998952278
1011,-0.6232742776803929,1.496259066581717,0.015964136079099737,18,0.017697046185617446
1011,-0.5873416122318763,0.4776668274598462,0.015974645041496243,14,0.018832206209870275
1012,-0.5765248666233941,-0.494572985000096,0.01603235878401166,19,0.01866157643446389
1012,-0.5759831301074403,-1.5180852985139104,0.016449419913770354,11,0.012823046859989999
1012,-0.6255365060940249,1.4992281607796643,0.016271054175077272,19,0.01509103135986456
1012,-0.5838124039271604,0.4776289653336712,0.016084395231362854,14,0.019124302013858337
1013,-0.5721310906148593,-0.48958121921763126,0.016004611785260813,15,0.021441921901362897
1013,-0.5580973549592565,-1.5110307906955163,0.015548087909504441,12,0.014654555319647386
1013,-0.6245654557135898,1.4989147035081587,0.01604610169018465,16,0.013755998259646268
1013,-0.5995239281895383,0.48878102113429844,0.01600382153728864,14,0.002814209571588336
1014,-0.5742943559437845,-0.49028794156284766,0.015803081796511416,18,0.01754051204689601
1014,-0.5574521934668251,-1.5117702503071464,0.015479363824992001,11,0.01537412231276828
1014,-0.621306154452552,1.496083839552554,0.016047384883150204,20,0.02054069391391449
1014,-0.5814314526663061,0.4753213480791272,0.0159987025853378,14,0.01385145342498318
1015,-0.5755224241183742,-0.4936685881896675,0.016011196170880843,19,0.020076080536244243
1015,-0.5688917491663407,-1.5121108177714662,0.015698968444136634,10,0.004058252415502632
1015,-0.6214679821885939,1.497010765391959,0.015926080642884786,18,0.01868193065285462
1015,-0.5783534667496943,0.47100784379569016,0.01580295401922501,14,0.008739689700571585
1016,-0.5741952764433452,-0.4926914231606622,0.015970426561000856,17,0.019866885435738106
1016,-0.5578470053950445,-1.5101780833986054,0.016062224392611513,11,0.014583876409365558
1016,-0.6269467649102641,1.4991329444170152,0.015859581050561237,18,0.014678137623451897
1017,-0.5793567984796337,-0.5005648070493696,0.016272990131918037,16,0.011632016553363964
1017,-0.5635041000946716,-1.5188211251247588,0.01613185169492356,13,0.01763387951222815
1017,-0.623129280871306,1.4989889765532938,0.016138696772109645,18,0.01631638644397105
1017,-0.5929170758320969,0.4803826643842901,0.01597049912363108,15,0.020805343266611216
1018,-0.5753433638811647,-0.4960935599257682,0.015883587558257622,16,0.01956206110152323
1018,-0.5633398480554417,-1.5181152417160027,0.01563665372613892,12,0.014851008307018337
1018,-0.622854313036533,1.4987019399474732,0.01584096524829113,17,0.018419573602814064
1018,-0.5915218937247418,0.48011165949714296,0.01657256985966429,14,0.022567561935630552
1019,-0.5793834205124686,-0.49752005601185745,0.01591524107274913,17,0.017496855765666307
1019,-0.5589540928013483,-1.518869597029448,0.01585412763388847,12,0.01821283875849097
1019,-0.6212983870322576,1.498420031037492,0.015951029685799423,17,0.018182716144492933
1019,-0.597226124172509,0.4892878503558943,0.015968144115662684,20,0.014148101089296136
1020,-0.5763565895473729,-0.4959489322211022,0.01591106008396076,18,0.020385278423991654
1020,-0.5587111561611763,-1.5049503553063164,0.01538069395282873,10,0.0025137858199722266
1020,-0.6223475078358011,1.5014410874095994,0.016107205350790434,17,0.0168039783316802
1020,-0.5846257939370191,0.4761718437483588,0.015890864449071163,14,0.018098221458735703
1021,-0.5757521482741718,-0.4934357774009034,0.015883585439174664,17,0.02030445501798911
1021,-0.5596935416117316,-1.5121965843610918,0.015188052819264245,12,0.015388040112055601
1021,-0.624330049879908,1.4999303908673285,0.015969231413450562,18,0.01639633170253389
1021,-0.5807923027890706,0.4743906748137005,0.015948948270130277,13,0.013764786963887379
1022,-0.5726636413722096,-0.49105899809742615,0.0158598994293328,17,0.019795743197264053
1022,-0.5564731643586732,-1.5033849061711402,0.015170833818222715,11,0.0035704040344199505
1022,-0.6219196552371946,1.497536315514071,0.016156159145487327,18,0.021459055499572312
1022,-0.5826184185479736,0.47412696132040244,0.015985581490371617,15,0.014117843658503996
1023,-0.5741209354291565,-0.49302219456394636,0.016070108421358684,17,0.020520780106150584
1023,-0.5706932928331898,-1.5217815607997693,0.01600430614017771,14,0.018573931276510598
1023,-0.6181122830846476,1.4925592443919087,0.016102034023981755,18,0.023486557891896784
1023,-0.5888367645298912,0.47896089316592005,0.01579820401854917,14,0.022486396645220535
1024,-0.5758951538443091,-0.4953059000356228,0.01589961552219802,18,0.019513203525312207
1024,-0.5707961960348071,-1.5217984105531759,0.016041801369430935,12,0.018558893868580922
1024,-0.6260840420417789,1.5004835968952057,0.016288498565618627,17,0.015586949399413037
1024,-0.5858354948850715,0.47806057093972176,0.015739298567315325,15,0.01887569074733912
1025,-0.5757689000951816,-0.49484336821867086,0.015974549288353686,19,0.020078895130757245
1025,-0.5648595715541699,-1.5184206601524155,0.016198362043535926,13,0.015154541948851461
1025,-0.6251086439308191,1.4971310018674568,0.01583153058947354,17,0.01543760252024751
1025,-0.5849548060618224,0.4775451804752722,0.015946047225053824,14,0.018422903273081295
1026,-0.5747618677153645,-0.49120433241634687,0.015856519265363606,18,0.018594715242439275
1026,-0.5605809423512191,-1.5128552975194345,0.015761860145045346,12,0.013346746895215165
1026,-0.6237908683441279,1.4992106729444148,0.01585275313777733,18,0.017849908603659995
1026,-0.589841764847553,0.4802529047122107,0.016068238502147357,14,0.02135139123122584
1027,-0.5750196193114444,-0.4962811250625858,0.016070901869446878,18,0.021654355120868933
1027,-0.5580022444885158,-1.5144114301992884,0.01594623044591176,12,0.016386689017710905
1027,-0.6264949054778033,1.4976275722459815,0.01591826910306873,18,0.015380598596248993
1027,-0.5956401062190863,0.48421042496271105,0.01618769312335341,12,0.0191733122232232
1028,-0.5726103066315231,-0.4902768967461864,0.015898537293840574,17,0.01808959372808645
1028,-0.5691696610280161,-1.5189213737078755,0.0160350370336364,11,0.012933659550441222
1028,-0.6212270323815341,1.4957665887260259,0.015956232123642614,18,0.020133766914538467
1028,-0.5977083027057295,0.4897771471122503,0.01587102838751209,13,0.008039328524973187
1029,-0.5745672967180343,-0.49468522714129265,0.01599877414944252,18,0.020833569157672666
1029,-0.5578470053950445,-1.5101780833986054,0.016062224392611513,11,0.014583876409365558
1029,-0.621993298062867,1.4972831475522588,0.015935496660306272,17,0.017382879248675515
1029,-0.5968101003558807,0.4860913810125554,0.016049595414124176,14,0.015416762373235889
1030,-0.5772414976077802,-0.4945018143722879,0.015877760628123943,19,0.01919201492232161
1030,-0.5574638056998145,-1.502703213056318,0.015593664155164024,11,0.005142771332320774
1030,-0.6196186506758564,1.495581484617384,0.015871462872709713,17,0.018965370825333505
1030,-0.5948334274651916,0.4899123447350525,0.015907998573480464,18,0.010705223455383217
1031,-0.5761291111993916,-0.4948088195442775,0.01602632294527368,17,0.020760343424845663
1031,-0.5721225980507375,-1.521118523660191,0.016020162533191544,11,0.016421562917992592
1031,-0.6231189911679957,1.4959139529908807,0.0160722857107738,19,0.018663017156968505
1031,-0.5913090840228029,0.48059569789296097,0.015961465449619724,15,0.0211398893077105
1032,-0.581413990783075,-0.5002935297031917,0.015896487226989036,16,0.009871180040513905
1032,-0.5658705237265754,-1.5155066638184804,0.01644017868517969,12,0.013714462757035091
1032,-0.623179103124985,1.499649669292429,0.01588699811082649,17,0.01546215486076561
1032,-0.5840532306026707,0.47588563031109493,0.015962609285808595,14,0.017471454406111322
1033,-0.5732354494159214,-0.4910211307991794,0.015958491236534856,17,0.020768659199010286
1033,-0.5605143716910561,-1.51259941327345,0.015808851689169942,12,0.015294533346285962
1033,-0.6237151555186268,1.4992275645490918,0.01589679072441337,18,0.016443117711413664
1033,-0.5972375472166485,0.4896620518302438,0.016012956309183562,19,0.014388982615776334
1034,-0.5762781379559382,-0.4936772094817313,0.015934537051845755,18,0.021245525663915802
1034,-0.5717263304779441,-1.5201846134981019,0.01604548640711356,13,0.018213580123899967
1034,-0.6212663381587301,1.4958392623573773,0.01593291690672249,18,0.020374089721274635
1034,-0.5834046687576347,0.474126270143722,0.01635017235385059,14,0.0173560421469341
1035,-0.5748420139308785,-0.4944160933443892,0.016045028461915925,18,0.021072834943902396
1035,-0.5636552536679258,-1.516799545581829,0.0160631470473778,13,0.01604777712219154
1035,-0.6236472034293227,1.4984542917826977,0.01600757894343611,19,0.017198295233180578
1035,-0.5793488364724801,0.4720339967556498,0.016257285479404474,14,0.0118087565323383
1036,-0.574976968816953,-0.4925558697209239,0.015795153187007024,18,0.019865401306478788
1036,-0.5601325769039274,-1.5081732018736602,0.015866916024360463,11,0.01243104350500389
1036,-0.6222985576392084,1.4992439052002449,0.015951160466121904,16,0.017938653472242005
1036,-0.5988932178587885,0.4841889419401384,0.016213502728772877,14,0.016548384937924022
1037,-0.5758662307897991,-0.49653482535682664,0.015961623735028782,19,0.02055841282172129
1037,-0.5762590060318598,-1.5215657050381908,0.016093503895542073,16,0.017468542951495223
1037,-0.6226346180142285,1.4962580589723533,0.01602868636593613,19,0.019071401707401615
1037,-0.591604942339648,0.48106937743328493,0.0161204484076561,14,0.021138236775558053
1038,-0.5726462774012973,-0.4924738674357061,0.016074262376831815,17,0.022056865825729275
1038,-0.6223810224677562,1.496429272229434,0.015755351710107498,18,0.019132929411820553
1038,-0.5866216926073654,0.4787451575122058,0.015868612617754425,15,0.017315751964807342
1039,-0.5722380087412762,-0.49089050188438665,0.015980192370916163,17,0.019500475859385913
1039,-0.5565914761289933,-1.5128305916828326,0.016261180827903385,12,0.0171596888374827
1039,-0.6233635923084566,1.5003002201278646,0.015965357159241005,17,0.015739229236685998
1039,-0.580413507904155,0.4720718082311022,0.016091320575655287,13,0.012903464217690647
1040,-0.5729248815550007,-0.49065063322557356,0.015934572128289425,17,0.02092639915537103
1040,-0.5597999693753587,-1.5098724772150587,0.016041184487157377,11,0.013790253156164726
1040,-0.6205311496749074,1.4952641363838521,0.0160055782175095,19,0.021441607677180036
1040,-0.5894627647014051,0.4793003224691082,0.015937147726890605,15,0.01995076184661272
1041,-0.5762118720004996,-0.4947645700229191,0.015938944239129973,17,0.020699277954890075
1041,-0.5577076269790766,-1.5089997424348487,0.01562050820613904,11,0.015137388864340894
1041,-0.6213320661905612,1.4982811862092806,0.015865236671786097,15,0.017175302036067305
1041,-0.5911853919422427,0.4814720242777091,0.015884641516083764,14,0.020840206214657372
1042,-0.5733758313324552,-0.49409742054940914,0.015761893311495166,17,0.021719875265031486
1042,-0.5623318760329604,-1.5217353601527495,0.015972545236633235,12,0.014793271150150326
1042,-0.6198482003752217,1.4959995602969296,0.015994979779327994,17,0.01984766093088459
1042,-0.5965915244172433,0.48405331429817994,0.016062616503643837,14,0.017465992579699746
1043,-0.5723823977489059,-0.49044000262551546,0.015835671862147283,17,0.02222193185007379
1043,-0.5628977577129349,-1.523861402435244,0.015715446529416623,12,0.013875040211223252
1043,-0.6207961604155778,1.4945140751376609,0.016045804721262692,19,0.02126036123125852
1043,-0.5795499466308942,0.468844703671603,0.01622204385591788,12,0.016898908429323983
1044,-0.5766488365577729,-0.4964352130735486,0.015966878799501594,18,0.019946576724967937
1044,-0.5624314982485802,-1.5030387172705908,0.015892447863789044,10,0.004171793184677081
1044,-0.6210364097730813,1.4980580507795944,0.0159901332357324,17,0.018506010168462653
1044,-0.5905859895716081,0.4778748781390752,0.01631281423659662,14,0.022038947464884325
1045,-0.5795272601803766,-0.497769244499369,0.015812027263906393,17,0.0099736530901081
1045,-0.5534894110089704,-1.504287708373527,0.01543678995999682,11,0.0
1045,-0.6231173009118969,1.4985732405755672,0.015875189471607556,18,0.016127283813601626
1045,-0.5840584084397766,0.4773059322462688,0.015993885166437103,15,0.020173221195554158
1046,-0.571676496149653,-0.4892842137567072,0.015905635264264573,17,0.02100899877227899
1046,-0.5628015019307417,-1.5151486876209799,0.015854056064262084,13,0.015575719281401673
1046,-0.6239379907447541,1.4980865162477355,0.016092565147256255,19,0.017889639876155484
1046,-0.5868774426855391,0.4758298528037927,0.01601361120838372,15,0.020402837398963973
1047,-0.5777567443410326,-0.49333051836638786,0.015817552684575024,18,0.018958407320717713
1047,-0.5574890775333133,-1.5191112392309087,0.015854517128376548,12,0.016302671180981193
1047,-0.62127760282345,1.4991266661770548,0.015984233084979843,18,0.017479766661915006
1047,-0.5889842503874275,0.4792642347124319,0.015901181900697038,15,0.020303399746462107
1048,-0.5739055526569149,-0.4944467107441998,0.016120277945355505,18,0.02124939835557372
1048,-0.5584099767061003,-1.5032388238759071,0.015885178491120693,11,0.0036379201158857517
1048,-0.6225029775355388,1.4998376255837962,0.016000425897644447,17,0.01614127461577999
1048,-0.5987102226984923,0.4856607446795895,0.015971891413822804,14,0.012435371922303366
1049,-0.5695472768662193,-0.49230199910437344,0.01627406013054499,16,0.02211825396937253
1049,-0.6245505454458655,1.5005886907911228,0.01619452024259902,17,0.01491603573158095
1049,-0.5932641975384996,0.4824466228117601,0.016108361475653917,14,0.020304104737966074
1050,-0.5717578747818886,-0.4908999817820262,0.015992582640672468,17,0.020548448326884086
1050,-0.5645556916704294,-1.521871678044317,0.015803913327442524,14,0.017127155968356234
1050,-0.6161816435090453,1.4976778743570183,0.015807897796764208,16,0.02094737285157796
1050,-0.5853241239280139,0.4753799495655893,0.016169186308044047,14,0.021296670957566648
1051,-0.5734311116381035,-0.49213622099486903,0.01602261874168542,17,0.022163975686716172
1051,-0.5799902290282788,-1.5212187020741066,0.0165206968934615,10,0.011997456943163481
1051,-0.6242868901103609,1.4986789231850737,0.016027366039585867,18,0.01581708037996675
1051,-0.5980446602035218,0.48723802172669833,0.015878176944526104,14,0.011993735909198328
1052,-0.5763019465886309,-0.49694987557432196,0.015921258787372727,17,0.018065553665613864
1052,-0.5754164170582825,-1.5260411569819983,0.016055786094030588,12,0.013548477032386798
1052,-0.6251606456843901,1.4960642993761486,0.016028019400825943,18,0.01822485364920747
1052,-0.5971548796082591,0.48470227140978095,0.016171713740697823,14,0.016495302148590445
1053,-0.5730388405594694,-0.49053666999369816,0.015940571243390423,17,0.02050846115858756
1053,-0.5564964867571355,-1.5056943886803347,0.01567222061257202,12,0.00392120832915964
1053,-0.6213076061160863,1.4966175378338151,0.0159284094996193,17,0.01899558435343027
1053,-0.5822159899609363,0.4757401884921917,0.015710907401631412,13,0.020230593429628234
1054,-0.5749548241653023,-0.49446079923192915,0.015914346977872765,18,0.020871666752693623
1054,-0.5702961808511594,-1.5226508007584116,0.016055716789629092,15,0.015098035513070918
1054,-0.6255271063537893,1.4970078876282582,0.016014701648949747,18,0.01468302674104704
1054,-0.5796380597774365,0.47285744083550013,0.01600623496832958,13,0.016619589990466095
1055,-0.5751163743843103,-0.49287930474215996,0.01586079997733624,17,0.01971352518532229
1055,-0.5611160584319099,-1.5202143044573575,0.01575079975975749,13,0.016263373248972195
1055,-0.6223558522518821,1.4986699763803901,0.015969705232836643,20,0.017760329544818588
1055,-0.5860616014197735,0.4765808034381541,0.015986678986239296,15,0.020542241513161717
1056,-0.5703821575814679,-0.48926899357886744,0.016098778557327137,17,0.021565895680341438
1056,-0.561113425333646,-1.5364956666816125,0.01548792940501953,12,0.0023544308529974316
1056,-0.6247944854864826,1.497419538005688,0.016124313944589595,19,0.018445141995549107
1056,-0.5714563556574281,0.47021248360247986,0.016207879565592782,13,0.003607370905145042
1057,-0.5785729352296308,-0.4982028364323659,0.015896134835532674,18,0.016428602060185638
1057,-0.5665590231460564,-1.5147505582048608,0.01608031490827629,11,0.011542319026662012
1057,-0.6211744304948605,1.492680622943915,0.015976839172336173,19,0.02245262979547427
1057,-0.5827581369170443,0.47764335849902795,0.015895125452734,15,0.016478168726552212
1058,-0.5742755776422469,-0.49220607334841376,0.015824999811338353,19,0.02052141276001251
1058,-0.5775173032392069,-1.5310376982768898,0.015913399764615255,11,0.014230125381094845
1058,-0.6185694262500779,1.4950917807382138,0.015907944150043946,17,0.020187453186005733
1058,-0.5815244892597556,0.4754730582471018,0.01576252995019034,14,0.017505396761029073
1059,-0.5727293817244888,-0.4895934037039643,0.01589208445458716,17,0.020736704580513216
1059,-0.6217665935930288,1.4964546656011928,0.01607360238547321,18,0.020526014309329706
1059,-0.5858458050851548,0.477070454181423,0.015793727670757856,14,0.01985948985405108
1060,-0.5718779638498185,-0.4908500368985098,0.01571445229642357,16,0.021518730802415117
1060,-0.5667509852225256,-1.5269561419334277,0.016095218283853487,12,0.00964776440163222
1060,-0.623699915708647,1.4983498621428812,0.015821136150470375,17,0.015472182408261054
1060,-0.5824634469811906,0.4741014619319816,0.01600162697736455,14,0.01638765046885993
1061,-0.5688122793427773,-0.48863599648516737,0.01578660251011423,16,0.021947336480417082
1061,-0.5627513400074152,-1.5231684513842143,0.015763519829299185,12,0.014085493820102452
1061,-0.6214327347872589,1.4995198346811751,0.016197380186406762,17,0.01587613444003172
1061,-0.5906281065974303,0.4800525862412233,0.01616435529318757,14,0.021603046030162325
1062,-0.5712761804556018,-0.4871413147294316,0.015954733369105724,17,0.019815203564324188
1062,-0.5614222936974559,-1.5201504848955716,0.01566238364389661,12,0.01586724584162813
1062,-0.6233405015377875,1.4961401815977193,0.01605334118858864,19,0.020372741927455786
1062,-0.5828951491112158,0.4754807376636808,0.015840408304552387,14,0.017016095951508017
1063,-0.5722047905210473,-0.48920703326365295,0.01589100815704904,17,0.02097466390489065
1063,-0.5576134138529566,-1.5165107220464769,0.015901789104677443,12,0.017136877050122117
1063,-0.6201258929194601,1.496040825294926,0.015879544192051495,18,0.0193802905296245
1063,-0.5813014863165944,0.4746324062336285,0.015981961988558252,14,0.01583403277486851
1064,-0.5687122709943951,-0.4869486005697414,0.015808844339659463,16,0.020199315912631393
1064,-0.5570866189459152,-1.5091840669822272,0.01630612020955646,11,0.016747243263377305
1064,-0.6214581488240156,1.4963306265970404,0.015932474352814988,17,0.017729220524619557
1064,-0.5781625202753019,0.4725518807993514,0.015948839736488776,14,0.011173046247462648
1065,-0.5717931208984104,-0.48927283776445557,0.015909067385795953,17,0.018591705646443704
1065,-0.5564226494482308,-1.5089779161976486,0.015423299836116875,11,0.015307893879418189
1065,-0.6226241970222662,1.4975538007106037,0.015979893291908263,18,0.018135718338886185
1065,-0.5925944421927348,0.48148802853344785,0.015806964883181923,14,0.019800891303580054
1066,-0.5765500391159243,-0.4944331600661802,0.015968427007112575,17,0.01849746291156938
1066,-0.6222369655328251,1.499673014303897,0.016155699097068318,17,0.017785052835007836
1066,-0.5973279759366678,0.48468016878083797,0.016104585779851924,14,0.014549159403047277
1067,-0.5744795537669444,-0.49223349779209785,0.015943105905926257,17,0.020699408417191225
1067,-0.5702641135871132,-1.5214819659244794,0.016068734641618572,14,0.017730095987479887
1067,-0.624967096231439,1.4975963042137024,0.01620440321678625,19,0.018429590005549695
1067,-0.5964361259045049,0.4845303153293299,0.015940397839813176,14,0.016770100990093156
1068,-0.5755317697814136,-0.4929366413357758,0.015821910482759476,18,0.019555092581424675
1068,-0.5665377746132919,-1.5129098766190665,0.016279677331563457,11,0.01302635723167263
1068,-0.61845709231228,1.4973807659806704,0.016150204977081258,21,0.01984874113149446
1068,-0.5811993960988465,0.4754728491805635,0.015934760498976148,15,0.01696912588365394
1069,-0.5732771906482833,-0.4908412314319498,0.01592367583995994,17,0.020348547274920255
1069,-0.5576582458622965,-1.5134772309157525,0.015934807880318834,12,0.01637422511314518
1069,-0.6232281576951448,1.4997462566099453,0.016022171038317365,18,0.016818275691252976
1069,-0.5969213379168794,0.4832131700094134,0.016283023553106627,14,0.01659978949603664
1070,-0.5762750902761646,-0.49441183909969905,0.01592391443313251,17,0.021365820199325595
1070,-0.555497798452489,-1.5098246820057541,0.01588278251600684,11,0.015231846757518335
1070,-0.6231194875251168,1.4988052227756237,0.016009787782463463,19,0.015756066426593097
1070,-0.5859753870164764,0.4756380767894899,0.015986270017009634,16,0.019234991620642856
1071,-0.5752751548304008,-0.4935784197139538,0.01582869265923529,18,0.020076000961740687
1071,-0.5719067380995437,-1.5193608125153475,0.016208720039759126,15,0.017593681977338006
1071,-0.6228518133462996,1.4979815630922741,0.016102852132248425,18,0.01809461449886689
1071,-0.5904950920562857,0.4808952364474303,0.01597261042972904,15,0.021083562241442737
1072,-0.5758442099671367,-0.4919576323748402,0.015822028248328193,18,0.015105342484753821
1072,-0.5600110052421079,-1.531170945794919,0.01568586497277309,10,0.0
1072,-0.6246674520850758,1.5004392679679326,0.01631698118417611,18,0.015265591049678038
1072,-0.5894944836184614,0.47941650815062353,0.01649808645889532,14,0.022430699367579868
1073,-0.5717645139514965,-0.4892884036683182,0.01586361277672161,17,0.01712958203791384
1073,-0.5531464168681913,-1.5033506530561371,0.015434718308637881,10,0.0
1073,-0.624008310739389,1.4994220009037955,0.016040978089769,18,0.016137489587723056
1073,-0.588964973198603,0.4801401010666186,0.01586205520134743,15,0.019983994267511747
1074,-0.5763585782795098,-0.4942263681460945,0.015867487871138848,19,0.01954512275146028
1074,-0.557311445185786,-1.5011740663761963,0.016060798962635438,11,0.004419128246560944
1074,-0.6216444530729677,1.4987227440540494,0.01593915479121219,18,0.02203826461628479
1074,-0.5853814292327975,0.47635340444536245,0.016028679362573118,15,0.0168082622950778
1075,-0.5751304579148665,-0.4944164422731517,0.01595216595821166,18,0.021503527064938036
1075,-0.5686391478453496,-1.5106987621417305,0.01579411777871799,10,0.004156145963147154
1075,-0.6210452135253683,1.4954085283102245,0.01605996970938645,18,0.020167330594594433
1075,-0.5818170229927989,0.4746837665895432,0.01596638587538849,14,0.011615281604659227
1076,-0.5752557232492702,-0.4939220386572426,0.01571956692070058,18,0.021267415545201177
1076,-0.5568186735712097,-1.5073938969023482,0.016011305718286056,11,0.014537300787190024
1076,-0.6178609796900376,1.4930043271324887,0.015965579876315285,19,0.026415544362382137
1076,-0.5860499970736435,0.47687402003953083,0.016168219006862352,14,0.02015075920534848
1077,-0.577025026254107,-0.49384047471718096,0.015862759897348398,18,0.015075000773073425
1077,-0.5658874595043208,-1.5125837521434369,0.016289007551917378,12,0.011947564971195965
1077,-0.6253456541227844,1.4993848638038247,0.01604194077292866,19,0.017552907290284164
1077,-0.5909276315471257,0.4788882630588271,0.016020706391610472,15,0.019989581911602033
1078,-0.5720932686443548,-0.4904526374353348,0.01579237988151829,18,0.020694280238627537
1078,-0.5626155889918202,-1.527097952440298,0.016348192880710603,12,0.01563278158892098
1078,-0.6222028463628456,1.495540838214429,0.01595532854646512,19,0.022502073041689007
1078,-0.5864060544048868,0.4758257193471111,0.015911230519878302,14,0.01813070899494984
1079,-0.5760071998662473,-0.4913239909572347,0.015909741505128593,18,0.015077070646412661
1079,-0.5678645108972299,-1.5254797511395972,0.015984499303331623,13,0.018271264113292555
1079,-0.6212404788281581,1.4964541067711203,0.01598353339324436,18,0.019434524557918324
1079,-0.5808360824226898,0.4754470181538101,0.0159292076318003,14,0.008451751392779192
1080,-0.5728854740690393,-0.4930890560698187,0.01595432235925611,16,0.021166997717682053
1080,-0.5574521934668251,-1.5117702503071464,0.015479363824992001,11,0.01537412231276828
1080,-0.6230537770305422,1.499956468603797,0.01603767048420006,19,0.01765969247623166
1080,-0.5817289490924743,0.47518135419043905,0.015974416571130145,14,0.012205960589721924
1081,-0.5721660542000865,-0.4885130998616779,0.015835067345122193,17,0.018725248374169487
1081,-0.5574638056998145,-1.502703213056318,0.015593664155164024,11,0.005142771332320774
1081,-0.6206068514424247,1.4966157912235978,0.01601015433601496,17,0.0196876828139681
1081,-0.5986031185028924,0.48805617416543945,0.015791975741082393,13,0.0028654381288518633
1082,-0.5760427858831013,-0.49172291894910475,0.015719606940090246,19,0.01849563748822942
1082,-0.5575140020136601,-1.51310148046498,0.015271852799668698,12,0.01476186721508156
1082,-0.6226942435327394,1.499702197333947,0.015986968068738644,17,0.016692690207847184
1082,-0.5943080741297764,0.4820327243910313,0.016052385424186657,14,0.020227694795697408
1083,-0.5738189990217529,-0.490417012516345,0.015866409712844448,18,0.018490333790249388
1083,-0.5607058864262161,-1.5330756224806819,0.01571395996741741,11,0.0
1083,-0.6227909468998688,1.4967563544557074,0.01604327291155761,16,0.018313116389695072
1083,-0.5803518832353969,0.46876427349169425,0.016224206246937316,12,0.0011405460796922937
1084,-0.5747761264888981,-0.4926331304575296,0.015883625335364915,18,0.01918102358814132
1084,-0.562328691399893,-1.530600709361512,0.01582769356937043,11,0.0013072133179674993
1084,-0.6242245007382983,1.4989589766196105,0.016433796461494704,18,0.015486417100455386
1084,-0.5873038413457196,0.4772322341064965,0.016008681418963094,15,0.017843892905493274
1085,-0.5774747767181881,-0.49609717169581463,0.01592166032080363,19,0.018344026920688823
1085,-0.5585267236710847,-1.5112544583061542,0.016051797398245696,12,0.016791576707164357
1085,-0.6208022399857805,1.4985622916752048,0.01586292589654412,16,0.0139920816934401
1085,-0.5852127917268158,0.47470845921743016,0.01607593395310892,14,0.018201853024211654
1086,-0.5706847542761962,-0.48974628833385525,0.015900339720406748,16,0.022463243972026828
1086,-0.5581479044754869,-1.5045474019703362,0.015626904911655425,11,0.005154056287981682
1086,-0.6236647703239967,1.4985576869536783,0.016065124005570603,17,0.015386622333074624
1086,-0.5820478438686151,0.4732257608649113,0.01570271705355574,13,0.015364869948149156
1087,-0.5772497036458257,-0.49711645942189564,0.015810028197916357,15,0.01582087794752414
1087,-0.5688213076604809,-1.5179919528930714,0.01602124575379844,11,0.012918696984180548
1087,-0.6246914440830984,1.4989643111042386,0.015920302359077005,18,0.015746959619157046
1087,-0.5802737564677808,0.47654618568220547,0.015926582898417904,14,0.011128269098066738
1088,-0.5800402255105449,-0.4985201622034088,0.0159775840953155,16,0.006495193168531411
1088,-0.5635770573810149,-1.5113817178268798,0.016063988993018502,12,0.013408261679120268
1088,-0.6256186937020258,1.4997435372747159,0.016140799709440008,16,0.014736278559007918
1088,-0.5846686055804738,0.47585560353324885,0.015785901321131373,13,0.02033101389313713
1089,-0.5700695111853908,-0.4858834189762572,0.01596190125792884,16,0.015964571458091742
1089,-0.5715641677362782,-1.5265461147892625,0.01586757895618358,13,0.015237481061781313
1089,-0.6210080361673745,1.4958150289571317,0.01595668287675131,18,0.021270620303578704
1089,-0.5809657395779532,0.4754766116937246,0.01591419524828951,14,0.014431548002094403
1090,-0.5669387113341449,-0.486967680076767,0.016070678232135066,17,0.019458378509785573
1090,-0.5630400541592328,-1.511639683203466,0.01584258165078775,12,0.015103455578786402
1090,-0.6230531375921059,1.4977325982888825,0.015841134787473902,17,0.01767709810398049
1090,-0.5816885760774787,0.47868583858606956,0.015849534442732554,14,0.010473024658127389
1091,-0.5725934502461251,-0.4911120083564666,0.015921707735531584,18,0.01982395574844516
1091,-0.5583683699685309,-1.5040228674255611,0.015369147150415928,10,0.002513035373168491
1091,-0.6215416903638821,1.497673825689581,0.01591413456653947,17,0.017582161949922823
1091,-0.5843949086989575,0.47621995945442086,0.016042194510952932,15,0.013850962060553506
1092,-0.57291264392238,-0.4905551445769507,0.01587775344506958,17,0.018714088029315346
1092,-0.5498975072804433,-1.5035194915816714,0.015395527611210337,10,0.0
1092,-0.6218654689408415,1.4977026866550538,0.01599357883358005,18,0.018959034612209998
1092,-0.587321670519558,0.47943880383269144,0.015791861851957745,14,0.015136215555354562
1093,-0.5754671526080251,-0.49255943345403497,0.015905202031770732,18,0.01820071157831358
1093,-0.5571561702089772,-1.5052331454317358,0.015200482653607095,11,0.003573212106290214
1093,-0.6231487360518541,1.4982967600025547,0.015971333932137774,19,0.016968429895528978
1093,-0.5866152341150908,0.47778574623856623,0.015860197753311846,14,0.020140467224295595
1094,-0.572141900708375,-0.48847208014722676,0.01596306733366624,17,0.016504703528510183
1094,-0.5586754254549884,-1.5192431511440099,0.015319070287988493,12,0.01668100485542263
1094,-0.6230076518680757,1.4984063278303077,0.016062658040456503,17,0.017526680639475604
1094,-0.5887972822404316,0.4782249571311533,0.01626980388421542,14,0.022223115724507105
1095,-0.5724266376222298,-0.48676812171130746,0.015783327043497757,17,0.016350145358359054
1095,-0.5590543422911021,-1.5058723785322552,0.015397083119436241,10,0.002515268319589638
1095,-0.6219547753238946,1.5002992318875448,0.01624516563589287,16,0.016589452955773607
1095,-0.5796306218744935,0.47102862889079833,0.01632267140689544,14,0.0130924228537669
1096,-0.5667151175957499,-0.48663171659571225,0.016123932051258102,16,0.019538441479092953
1096,-0.5622793847160733,-1.5262114263198459,0.015251806198720718,12,0.015512998515020348
1096,-0.6227685316100424,1.496416560171499,0.0160163506313645,16,0.019204971624349615
1096,-0.5866128657085143,0.4799190619959446,0.01601496230611889,15,0.01643000476129826
1097,-0.56962867195957,-0.48921374479120183,0.01590711534681576,16,0.021407652742535754
1097,-0.5571006271444372,-1.5186855314547265,0.015580228395415487,11,0.018152477652084855
1097,-0.6219360138229623,1.499446376742716,0.016006639446441435,18,0.01768583347328956
1097,-0.5850202589999435,0.476258519693653,0.015938185131546226,14,0.016849236073156026
1098,-0.5722693667193786,-0.4907474092823733,0.0159312895651918,17,0.021954633137667053
1098,-0.5565167351576259,-1.5035084571328092,0.01590988978894689,11,0.0035843904247888562
1098,-0.6212000103262025,1.4963914838514616,0.015913059546571517,16,0.018970539141569893
1098,-0.5958367364520396,0.48464875720468525,0.01590798312326753,14,0.018643597190514023
1099,-0.5780224617397262,-0.49680820922220686,0.016007523832172663,18,0.019466894009601988
1099,-0.5661944546855053,-1.5113378858463327,0.01613259313203835,11,0.012184909739376032
1099,-0.626166303200398,1.4981828429817208,0.01599452390244164,18,0.016589447461326227
1099,-0.6013715156826026,0.4857359088736313,0.01600285052749161,14,0.013466276492298378
1100,-0.5810600278662512,-0.500537424833355,0.01610807485128807,15,0.003638325932392584
1100,-0.5692398788536489,-1.513033848751119,0.015713659354078285,10,0.004064145839469029
1100,-0.6210239439992205,1.4956254907358053,0.01598204512489813,18,0.02129465365402664
1100,-0.5853571739402543,0.4767205706136534,0.015786364556490146,13,0.017869679380449154
1101,-0.5774336111822894,-0.496150655847876,0.015915949679057233,19,0.018922162927095365
1101,-0.5626804375432909,-1.5226792994882652,0.01598650239907065,12,0.014808071179137539
1101,-0.623717367173631,1.4985124348164063,0.01611866124609796,18,0.018153290026180238
1101,-0.581319508065749,0.4736952215292971,0.01591054514496213,14,0.013724009651149022
1102,-0.5765981199277941,-0.4969137204469934,0.016136158301149423,18,0.020695903689014254
1102,-0.5571561702089772,-1.5052331454317358,0.015200482653607095,11,0.003573212106290214
1102,-0.6228774788413228,1.5016699250457322,0.016040947743197347,17,0.01690239482927544
1102,-0.5917315794890167,0.4790987568533985,0.015958686552091088,15,0.02032781813442555
1103,-0.5766660675318986,-0.4957800138733143,0.016204301860057075,19,0.02209330665461553
1103,-0.553599338544814,-1.5045820277717201,0.01591281588222263,10,0.0035845942736559395
1103,-0.6252694581326247,1.5003659735472332,0.01604864970499421,17,0.01589073201942161
1103,-0.5837569149863964,0.4769940973714556,0.015839316531329292,14,0.01289872394933914
1104,-0.5791849232061923,-0.49881159116604235,0.01622000787469849,17,0.017148515247498004
1104,-0.5574521934668251,-1.5117702503071464,0.015479363824992001,11,0.01537412231276828
1104,-0.6264110787089364,1.498190820846129,0.015899098745215026,18,0.016859074941136882
1104,-0.5833716736954079,0.4746632815943575,0.015897514259392464,13,0.013964431326217821
1105,-0.5769358373948865,-0.4958420889158754,0.016069303268043265,17,0.020785230540201306
1105,-0.5574638056998145,-1.502703213056318,0.015593664155164024,11,0.005142771332320774
1105,-0.6247230778939324,1.4973167815834536,0.015946058043272083,18,0.019409345998164736
1105,-0.5808918308923533,0.47822932045220284,0.01564871913672708,13,0.00755344662697564
1106,-0.5722284919570475,-0.4913738020895808,0.01606942218400124,17,0.02294788943324046
1106,-0.5610652558853417,-1.503460894682218,0.015627951869747556,11,0.005158206402830378
1106,-0.6226183207419899,1.4964048047593812,0.0159407248035969,17,0.019420063946606607
1106,-0.5830750248898309,0.47673936950901713,0.015972931602297877,14,0.014001928239296553
1107,-0.5738708097889218,-0.4903068125356808,0.015910032641657988,17,0.017029266213823707
1107,-0.5660676208511981,-1.512681980081479,0.01585430984988952,12,0.010597359512215966
1107,-0.6249144528160416,1.5001420311007647,0.016041106682536846,18,0.017236439928832108
1107,-0.591526250360103,0.48002424569950863,0.015996838255216098,15,0.020032875877965255
1108,-0.5704551715509925,-0.4892721020350634,0.015966985606537497,17,0.019092186681430118
1108,-0.5653070024168952,-1.5161287855227144,0.016177442065968866,12,0.015276873252609444
1108,-0.623627127088439,1.4967750693547262,0.01608894383314792,19,0.02042398611018037
1108,-0.5841896661125503,0.47628093456026704,0.01608019796907497,14,0.014903406313832971
1109,-0.577649232413941,-0.49750146476136464,0.015969601432420974,18,0.01996898933873609
1109,-0.5618167575713137,-1.5114566284341102,0.01583647107268901,13,0.01446460415828689
1109,-0.6193652300702872,1.4962538862809245,0.01588986487598413,16,0.019892521117111477
1109,-0.5817430226798349,0.4759854746321142,0.016183832087696987,13,0.01720088431649219
1110,-0.5747823735920249,-0.4955961354421858,0.015855930593248215,16,0.02076043508557741
1110,-0.5674985535387838,-1.5084066589981109,0.01565169085359437,10,0.004040947417970487
1110,-0.6226521527599183,1.4966359451206186,0.01614764046439263,17,0.020793292138804903
1110,-0.5928404017662399,0.4800746237439276,0.016059801489168024,15,0.021139055588320445
1111,-0.5736087082728483,-0.49096179205588475,0.015868914078069396,18,0.01707344166494001
1111,-0.6240341804756722,1.4987586457190891,0.016206123880405068,18,0.020409018079723694
1111,-0.5872024773885777,0.47736227849388324,0.016152824320210736,14,0.02044283354469884
1112,-0.5737360680431053,-0.4910613341684637,0.01595582250894434,18,0.01852940770347444
1112,-0.5665714139626477,-1.5261234088571922,0.015589013186015799,10,0.003049624882592413
1112,-0.6255786820167953,1.498982496461451,0.01618654413606191,18,0.017187909279279604
1112,-0.5822751738708026,0.4772617657163429,0.015935633098695935,14,0.01199024251226163
1113,-0.5742091229407127,-0.4896932912611234,0.015779513593056675,17,0.015598582675727977
1113,-0.5633571623345174,-1.5116328265329186,0.01583616390381534,12,0.01440057048498657
1113,-0.6245868820613856,1.4961452499359351,0.01599731732215874,19,0.018938625377928616
1113,-0.5817800836218706,0.47329889898048233,0.01598187857951132,14,0.015221657558770753
1114,-0.5748497296538095,-0.49448276833497073,0.015825288925876348,17,0.02034195482995768
1114,-0.5584840847442051,-1.514901492011208,0.015753235339140654,12,0.01656619250887998
1114,-0.6266876860538532,1.498866755034878,0.015891146297419844,17,0.015734898239675322
1114,-0.5826120162976389,0.4754829167793228,0.01604213313507554,14,0.01328341436793437
1115,-0.5744052905865775,-0.4942002578338122,0.015962066328376358,18,0.021284553696347214
1115,-0.5595252364693634,-1.5117462155355987,0.016260497714269132,12,0.017151163665133026
1115,-0.6260254066955796,1.4992620836786505,0.015885617166132012,18,0.015953109144740067
1115,-0.5872497846293714,0.4771025195049119,0.015888856663769192,15,0.01631401385454337
1116,-0.5716553347327389,-0.4897675203235938,0.015970413053885312,17,0.01843498912669878
1116,-0.5572724724722202,-1.5080335865642074,0.016282673637166786,12,0.01357673160181636
1116,-0.6222104344564933,1.499291462187573,0.016031845150088705,18,0.018482789387404486
1116,-0.5852127917268158,0.47470845921743016,0.01607593395310892,14,0.018201853024211654
1117,-0.5783808169223226,-0.4987179459680691,0.015914906343439186,16,0.01444295916678055
1117,-0.568924458216215,-1.5245637780619974,0.016000586116259766,13,0.01857782063240074
1117,-0.6191815182826299,1.4991839826796498,0.01575497925652438,16,0.01812292762171335
1117,-0.5907320375224154,0.479755956216914,0.016004406680254348,15,0.0202888350187423
1118,-0.5730775236565477,-0.4898573040301972,0.016004348664006112,18,0.01752771814229093
1118,-0.5569942550063258,-1.5176052881005655,0.015597867739024879,12,0.018115860620149717
1118,-0.624775783873352,1.499195640021671,0.01604641805388738,18,0.01708584801606008
1118,-0.584057218212716,0.4779571059018386,0.016093287650751104,14,0.017643206837627958
1119,-0.5717928260388009,-0.4912834505433555,0.015853777544446467,17,0.019285139347059308
1119,-0.5649222452571881,-1.5140244660378717,0.015996532583368587,12,0.013168428280788446
1119,-0.6183454746993124,1.4927932345996844,0.015942360709963004,18,0.02235315892597413
1119,-0.6025488935717516,0.488116753379218,0.016061850179368762,14,0.0035003165097185736
1120,-0.5769376155244008,-0.4956266079255762,0.01600456646945267,18,0.02046804615877725
1120,-0.5642622385810191,-1.511184234644199,0.015801145982903178,12,0.011977084062216767
1120,-0.6229325814913385,1.498194427707981,0.01602684430805557,17,0.02097667999586214
1120,-0.589533677673448,0.47988659448678667,0.01588167788790455,14,0.0201999650393245
1121,-0.5772160539280229,-0.497084767552526,0.016007303501670615,18,0.020321967870059965
1121,-0.5648308547873935,-1.5259702456359612,0.01538968844665055,11,0.004259214213380949
1121,-0.6235045858501513,1.4966358278504845,0.016021042933324067,19,0.02076228884908498
1121,-0.5887683824672235,0.47855317971781164,0.016123426744015037,14,0.020709313779904318
1122,-0.5755823046786527,-0.49293166135740557,0.01588334347228347,17,0.021135396000655678
1122,-0.623403549756109,1.4972527327881393,0.016233920808444994,19,0.01859114852502839
1122,-0.5887683824672235,0.47855317971781164,0.016123426744015037,14,0.020709313779904318
1123,-0.5765566228636669,-0.4902476699864254,0.015716370706431095,19,0.019163771265042734
1123,-0.5767763970264232,-1.5286029501129181,0.016205860781515192,16,0.015581949958733455
1123,-0.6228374380111852,1.4975800889511124,0.015994861844325574,19,0.01973833871902168
1123,-0.5821281026379651,0.47530656794418275,0.01602146912851977,13,0.015574504775830911
1124,-0.5774101593946559,-0.49682566469198414,0.016015390160140548,18,0.019445067815921528
1124,-0.562827726100543,-1.5122744042640934,0.016119361340518487,12,0.015511853280364252
1124,-0.6251243800279431,1.4995860325080237,0.015963408004991162,17,0.015020485524331856
1124,-0.5858455175237071,0.4771586301108343,0.01581959525978186,14,0.020082417991151763
1125,-0.5772981237126759,-0.4948178430384206,0.015908284646480385,18,0.020330062881433845
1125,-0.5612826534442273,-1.5277582657300304,0.015341389735322434,10,0.002318350848128063
1125,-0.6242103268631572,1.4990542617897267,0.01611137353105529,19,0.018571466333430306
1125,-0.5891445739899448,0.47797629788095997,0.016340147110236392,13,0.022253517318783472
1126,-0.5750265214858449,-0.49276054815132087,0.01594764505865694,17,0.02200776294478383
1126,-0.5578470053950445,-1.5101780833986054,0.016062224392611513,11,0.014583876409365558
1126,-0.6213305845434811,1.4991431960410257,0.01601199940718936,16,0.01962686504539731
1126,-0.5840532306026707,0.47588563031109493,0.015962609285808595,14,0.017471454406111322
1127,-0.5719468374051195,-0.48879361815496186,0.015946453618949825,17,0.01950473416155847
1127,-0.5576582458622965,-1.5134772309157525,0.015934807880318834,12,0.01637422511314518
1127,-0.6250018809874277,1.5005957731650543,0.01613798378130381,19,0.018315402640836045
1127,-0.5839439945196092,0.476628063223734,0.01588662472112335,15,0.015394645340264421
1128,-0.5718578063545537,-0.49100214641183815,0.016073486350032,18,0.021700873547333095
1128,-0.560308582917447,-1.522322257431467,0.015675215995054996,12,0.016651715592728343
1128,-0.6189741852071967,1.4960896933708214,0.015930363500852338,17,0.020178377197599965
1128,-0.5812783406251502,0.47324109138825415,0.01601562981646332,14,0.014791153842027699
1129,-0.5751245281830893,-0.4908554984816636,0.015855553238661974,18,0.016138497260894218
1129,-0.5644268860815841,-1.5153609639680508,0.015890565451473455,12,0.015151491619829201
1129,-0.6257343828446453,1.5002575235704683,0.015987326721503332,19,0.016796836559109296
1129,-0.5834665752421865,0.4773525465503465,0.015862658532243234,13,0.013212625787480904
1130,-0.5736790564961599,-0.4880235081588388,0.0158914950639926,17,0.014578172283173107
1130,-0.562333785976449,-1.5094635385572743,0.015789550702337087,11,0.005037862169141839
1130,-0.6203020718451364,1.4991779928137863,0.015995719345383824,19,0.021720961971387703
1130,-0.5846772024560912,0.4765504942675671,0.01617370571335083,15,0.017210889456180704
1131,-0.5710625981285115,-0.4865355529191977,0.01590789846370834,17,0.01560932907246233
1131,-0.5737248636393892,-1.5229593580760283,0.016023581627105384,14,0.01973020609471764
1131,-0.6229962408525263,1.4969776293192114,0.01603706326255026,19,0.020792649947080116
1131,-0.5809272719844865,0.4763793891087418,0.01574398409419868,14,0.01059731355153206
1132,-0.570823694033994,-0.4890344748691976,0.015953489970868585,17,0.0192957591558791
1132,-0.5693130105196673,-1.5249462469705102,0.01614520081086071,14,0.018737732892971693
1132,-0.616057898111273,1.4939664418995855,0.016058109862228616,17,0.022567729222831366
1132,-0.5851500565585915,0.47711077472586255,0.015985795466085705,14,0.01631932085586922
1133,-0.5769768261087946,-0.4956398553683511,0.01597795908352813,19,0.018403606134093954
1133,-0.5561810398999788,-1.5116790024168139,0.015916083588269826,11,0.015260675387992032
1133,-0.6247952616693009,1.5009831443300035,0.016189356748350345,17,0.016937191644535037
1133,-0.5822088151360066,0.4768184064383462,0.016108242381688564,14,0.01437364115758371
1134,-0.5701861922376144,-0.49102354370749224,0.016141080889988293,17,0.02161909791692815
1134,-0.5607058864262161,-1.5330756224806819,0.01571395996741741,10,0.0
1134,-0.622650644675183,1.4993328453161703,0.016199989169462022,18,0.017705529353659426
1134,-0.585894503365859,0.4777687402270691,0.015939718601434345,14,0.01853597389204293
1135,-0.5688103546494916,-0.48764071401469905,0.01602161641578935,15,0.020607263214963662
1135,-0.5622110356063187,-1.5302884016539906,0.01547717318268912,12,0.005342651830548346
1135,-0.6208893060407276,1.4969418090079363,0.016008996382190162,17,0.019140751632610777
1135,-0.5826384137309063,0.4769220016193415,0.015937607467976893,14,0.012997049841147345
1136,-0.5747364753343696,-0.4913046598975348,0.01571318408385385,18,0.018256577106142598
1136,-0.5685433488983066,-1.5111847255632196,0.015687507293924194,10,0.004055256252639492
1136,-0.6237130602783287,1.4980229204677793,0.015917645475089625,17,0.019110032061369894
1136,-0.581104923338474,0.4747938384319532,0.01606916980443703,14,0.011139053318825455
1137,-0.5801362694371671,-0.49692182946686503,0.015941171359282694,15,0.010227955919681612
1137,-0.5656546311700459,-1.5170586289072352,0.016188783030303626,12,0.015286804927747397
1137,-0.6185546840008044,1.4950397046119017,0.01592466853738223,17,0.020043001881662942
1137,-0.5812138397359583,0.47550735426242907,0.016120764251752764,14,0.014138869422559486
1138,-0.5718350478892709,-0.48963304308337813,0.0159718384976072,16,0.021593880485239816
1138,-0.55936642622682,-1.5225953940968033,0.015591467279067739,12,0.017729272426947204
1138,-0.6210418602603117,1.4969085068009236,0.01589082236167894,18,0.017272399716981798
1138,-0.6036123124286566,0.4874550388012843,0.016461352622559804,13,0.0036692813274686216
1139,-0.5791822626106345,-0.4987433087588592,0.015837401342583827,17,0.011278218363456917
1139,-0.5682447079888392,-1.5283569282966385,0.015839048580535524,10,0.003980968481614268
1139,-0.6233608851678976,1.4985947283766665,0.0160557710416348,18,0.0176460519193918
1139,-0.5795273777445593,0.4742814039615407,0.01610662139259795,15,0.007963220759531282
1140,-0.575645858041326,-0.4959149158437621,0.015916384082201897,16,0.02038508300667756
1140,-0.5568599368716437,-1.504436610260976,0.0159208047832046,10,0.0035872510390940913
1140,-0.6211036454386824,1.4982081452175977,0.015944085807686432,18,0.01864425113056261
1140,-0.5781287806009703,0.47082382483995516,0.01580077555661764,14,0.003025513146941043
1141,-0.5764391656528689,-0.49385629768882927,0.015934526213086973,18,0.01926588416594429
1141,-0.5587111561611763,-1.5049503553063164,0.01538069395282873,10,0.0025137858199722266
1141,-0.6259722632573466,1.4988647583952124,0.016105816790394144,18,0.016800469475864357
1141,-0.5796509326424405,0.47343742362375074,0.015815195978565517,13,0.010961545829696032
1142,-0.5753322122264909,-0.48958564339594196,0.01582467217613794,18,0.016235542665031764
1142,-0.5574521934668251,-1.5117702503071464,0.015479363824992001,11,0.01537412231276828
1142,-0.6197062107088489,1.4971617599545022,0.015949895555786898,17,0.02021786522980035
1142,-0.5856544248016754,0.4777971784207978,0.015814317025368275,15,0.015175846690213065
1143,-0.5737041480955225,-0.4886001189754614,0.015643761911030327,16,0.020960327102844005
1143,-0.5571561702089772,-1.5052331454317358,0.015200482653607095,11,0.003573212106290214
1143,-0.6223214689878634,1.500612903498014,0.015984088122713215,16,0.019195001536155044
1143,-0.582594439029872,0.47649769240090195,0.015992913315787848,14,0.010966305547942274
1144,-0.5756464865258091,-0.4920081558776809,0.01586928199787231,18,0.015061197363024548
1144,-0.5574983026366106,-1.5061554835662656,0.015216885033610385,11,0.0035750200301948912
1144,-0.6224207426075785,1.4977528486341534,0.016022679180040918,18,0.01717037848900727
1144,-0.580733731212095,0.4749927270210249,0.01578137766870645,14,0.006756997021929464
1145,-0.571889234026766,-0.4904892538237833,0.01603032711114694,17,0.02061996526570698
1145,-0.5603649945400941,-1.5190183803559925,0.015919077659392426,12,0.01601141239919167
1145,-0.6260240835229333,1.499635947040357,0.016196756151414297,17,0.013917136163719836
1145,-0.5814015591209513,0.47431629832203764,0.01592302010277051,15,0.010631120924357118
1146,-0.5768428285717729,-0.49485141569842617,0.015854624391151158,19,0.018575087810614104
1146,-0.571148690631506,-1.5226793014415874,0.015758993354075105,13,0.018438291518960714
1146,-0.6245279533674774,1.4978275594688688,0.01595720233630266,16,0.015612697815097087
1146,-0.5889302757071109,0.4788275983794881,0.01659838180967741,13,0.02320848158546653
1147,-0.5736426159133007,-0.4922376941102497,0.01595674925547708,17,0.02104791233211741
1147,-0.5607380149009197,-1.5222572006547,0.01611559228153655,13,0.01913788891709554
1147,-0.6212554788559844,1.4945605018371892,0.016041985784605736,17,0.02092786133670629
1147,-0.5828117221173758,0.47691405784106367,0.016019025172293436,13,0.015423787892285176
1148,-0.5710192038224449,-0.4884432285324152,0.01595931787233967,17,0.02089100621180843
1148,-0.5683103856383968,-1.5229812541133692,0.015785909583478554,12,0.017611362445545994
1148,-0.6231419037212212,1.4970850267771298,0.01607520205383878,18,0.020592378448860756
1148,-0.592965810396733,0.48820025187133503,0.01601271692115328,21,0.0166365177494313
1149,-0.5710185041798419,-0.4901259474590066,0.016065651738710756,17,0.020410670778408465
1149,-0.5599624564766084,-1.521382977912496,0.01566041700918473,12,0.016637083852500643
1149,-0.6228667582744968,1.499379063933619,0.01608428826152421,19,0.0199095676038651
1149,-0.5829916586076139,0.4796815378205412,0.015808921423750823,15,0.01196131135250327
1150,-0.5740094240856,-0.4918274092189724,0.015918361561878553,17,0.020280462098345036
1150,-0.5634766567035313,-1.5188437846544318,0.015962725541985395,13,0.01682349221888254
1150,-0.6222595513559857,1.4989777023960213,0.01605042149389806,17,0.01883175111474255
1150,-0.5790984962411436,0.4729610675908665,0.015806196103281822,13,0.008474185358176373
1151,-0.5721977932564959,-0.49236391944376634,0.016036976847371147,17,0.021313933144186684
1151,-0.5584902715326184,-1.5054704593647363,0.015642532685239862,11,0.005154460055716526
1151,-0.6251740573769067,1.4995184976983749,0.015948056044561013,19,0.017743664453776786
1151,-0.5780047025585585,0.46906820002690336,0.01605762086012321,13,0.002436404362911402
1152,-0.5726922237038348,-0.49000962157182976,0.015916281845879867,18,0.017948386491606877
1152,-0.5587111561611763,-1.5049503553063164,0.01538069395282873,10,0.0025137858199722266
1152,-0.6234328003727326,1.5000260414157875,0.01598797047163576,17,0.017015958590445114
1152,-0.5890317079773444,0.4778821606305457,0.01603842617148534,15,0.020841721548020633
1153,-0.5706846812035189,-0.48640399848470145,0.016054376935152704,16,0.019709386052611588
1153,-0.5651520729963337,-1.5165820031336907,0.015976221734353712,12,0.015498741399454152
1153,-0.6199364719292716,1.4971717835452654,0.016048657215989467,17,0.019597816807169276
1153,-0.5922606769774518,0.4801887742843633,0.015811748774950517,15,0.02249463070796763
1154,-0.5717819945724661,-0.4912756763305681,0.01606661994686985,17,0.02241544522187468
1154,-0.576935578386503,-1.524388920908821,0.015969149549380474,14,0.01732897922682975
1154,-0.6183580477728172,1.4963557071864404,0.016013747101453375,17,0.023052683428684332
1154,-0.5818133544507306,0.4755500780791511,0.01597479926936096,13,0.01487965681132128
1155,-0.5716042950540262,-0.49083545183279226,0.01615659085293807,17,0.021214733068168685
1155,-0.5678227400724187,-1.5166508512714711,0.0163806497838367,12,0.00935710957270353
1155,-0.6261809934679002,1.5015418963040637,0.016085294466453088,16,0.014240489284127952
1155,-0.5833435926501574,0.4771682006462426,0.016041835674868547,13,0.01796698602880446
1156,-0.5742448621774593,-0.4915375833246413,0.01587750699280111,18,0.016888475010190106
1156,-0.558190673476863,-1.5111102231285054,0.016074104747723666,11,0.014595698390482133
1156,-0.6251182186313029,1.4997669538997154,0.01613792312198564,17,0.017312280673154084
1156,-0.5828688394175797,0.4761763740607597,0.01601408203205655,14,0.014848977751499537
1157,-0.5800876532220061,-0.5004775053976558,0.016047942676540805,17,0.015088611892976877
1157,-0.6206534147597752,1.4984637515747166,0.016113687526202573,19,0.02036559732031926
1157,-0.5840603775942657,0.4766731105278853,0.016007773203782175,14,0.017167167480123143
1158,-0.5764718833415291,-0.49451285346390556,0.01600049129843162,18,0.020301876080798243
1158,-0.5633406188137502,-1.5310585046650973,0.01572657944345534,11,0.0
1158,-0.620575777300594,1.4943312107760294,0.016063126733401507,19,0.022471664393893736
1158,-0.5842627714574152,0.4756625877489264,0.01614604141348232,13,0.02039594280979089
1159,-0.5729342664240342,-0.4893321609850154,0.015915977201028112,16,0.018403764407826637
1159,-0.5632196174770316,-1.5159557364880256,0.015829708788469902,13,0.015378889608765845
1159,-0.618976461708065,1.496902510097483,0.01598895821676432,16,0.02103455138665052
1159,-0.5950963447016853,0.4826717802478985,0.01608587115499811,14,0.02027280734250256
1160,-0.5741226254806334,-0.4870848454585633,0.015870441194058855,18,0.01739727816737703
1160,-0.5615872021894645,-1.5140388102065843,0.015897391706619586,13,0.0167735329401084
1160,-0.6195535819408067,1.5000755469008795,0.015897490804050094,16,0.018605254723783084
1160,-0.5906184876332576,0.4808849264660278,0.016105521045415294,14,0.02140609573311378
1161,-0.575914990888202,-0.49285627654986036,0.01586280600790393,18,0.01947268008542359
1161,-0.5630761365724636,-1.5059522112729467,0.016579329261883637,10,0.004613067181105638
1161,-0.6210291351334556,1.498351936567867,0.016166792377414703,18,0.01984427656881847
1161,-0.5979813616932795,0.48583303441096426,0.01615922887464935,14,0.019361641236179415
1162,-0.5754554129350165,-0.49105131791306494,0.015810438390745158,18,0.018092742089189567
1162,-0.5740760291765973,-1.523058112653574,0.015776427679382348,12,0.015639252307873913
1162,-0.6156651476649752,1.4964408815799828,0.015775228143823948,16,0.022163761338902476
1162,-0.5871168881524352,0.4784246445920579,0.015989884342821892,14,0.019490409511009023
1163,-0.5734097904222094,-0.48905234254833274,0.016054079269771024,18,0.017130755629465082
1163,-0.5726257209879789,-1.5228693028912068,0.016216120822675192,13,0.019284102602694978
1163,-0.6228279781508351,1.4991769251426563,0.01615713817429117,18,0.02078330455235413
1163,-0.5823307602064273,0.4731882347279477,0.01601710611544906,14,0.011173189405358844
1164,-0.5752608137858937,-0.4932121322405336,0.015997359425426544,17,0.021946256517009592
1164,-0.5578470053950445,-1.5101780833986054,0.016062224392611513,11,0.014583876409365558
1164,-0.622960855327325,1.4987064718430596,0.01591555125554167,17,0.01664028369216116
1164,-0.5865032132678301,0.47592553619448374,0.01631554863601464,14,0.019619378458429725
1165,-0.5726308560580533,-0.49123085057977445,0.01592203915009776,16,0.021745731246683792
1165,-0.5649305934506934,-1.5147520006345871,0.01611898528033849,12,0.014897520886782267
1165,-0.6203072683899608,1.499050044209972,0.01591901446044018,17,0.018764946677779185
1165,-0.5808015689467175,0.47112088305797195,0.016176584439162117,14,0.002897680696573512
1166,-0.5757709461083114,-0.4958072000360493,0.015960518382409146,16,0.019647198389971424
1166,-0.5671206674761448,-1.516360687782126,0.016154794148337637,12,0.00950309030603895
1166,-0.6221191936687303,1.4980795323613467,0.016032108971330464,19,0.02020772021179819
1166,-0.5890640811254405,0.48136270718774216,0.01582490235078595,16,0.021343372197009797
1167,-0.5768786480691352,-0.4935662900495744,0.01588902411327918,18,0.018614116571622697
1167,-0.5622081307485546,-1.5120176442731341,0.015927721863893192,13,0.015301402158845918
1167,-0.624325157707467,1.498509357968881,0.015991488272620306,18,0.01681901595903805
1167,-0.5908619106897239,0.47862951353245586,0.01607602483495066,15,0.020847727242783422
1168,-0.5758615410277762,-0.49515036358686604,0.01598313344378583,17,0.020567412583517936
1168,-0.5602246654562167,-1.5189613639005544,0.01577189335883744,13,0.016294267831740674
1168,-0.6261042430335338,1.499696613504882,0.01623421156820392,17,0.016925602891127867
1168,-0.6016522405581334,0.4888890783870445,0.015886529323159142,12,0.0030622870676529504
1169,-0.5766355903806415,-0.49465151170646426,0.015915810431791806,18,0.01881992204251252
1169,-0.5621105069141057,-1.5051477532147974,0.015625986434302512,10,0.004547888313590711
1169,-0.6192203469517773,1.5004533523709789,0.015910636908151653,17,0.02050084201147671
1169,-0.582009489745728,0.4759536648233839,0.016130260281102756,14,0.013967631230881768
1170,-0.5756641488893897,-0.49264708834640564,0.015943680187760333,18,0.01692391755835645
1170,-0.5578470053950445,-1.5101780833986054,0.016062224392611513,11,0.014583876409365558
1170,-0.6231280713284318,1.5008783489749882,0.01595267476044777,18,0.018297505018910913
1170,-0.5955501312716099,0.48255396845370274,0.01678159179444009,13,0.021335227467329295
1171,-0.5735520273717413,-0.49214967433221196,0.01601527948497897,17,0.020372859715426166
1171,-0.5678227400724187,-1.5166508512714711,0.0163806497838367,12,0.00935710957270353
1171,-0.6173334297294869,1.497857815868049,0.01591319320605843,17,0.021294521623535113
1171,-0.5951904849961833,0.4824826250331212,0.015906988492089755,15,0.020542845612083624
1172,-0.5691256289595225,-0.4864980784811358,0.0162599335050639,16,0.019499942917555812
1172,-0.5602297889084406,-1.5210437457266262,0.015628624340837245,12,0.01776168314787586
1172,-0.6209592323045231,1.4986519847543052,0.015850280902591624,18,0.02003463939348246
1172,-0.5993551228719638,0.48677768508852287,0.01597598846890736,15,0.016164032095660065
1173,-0.5683170697738043,-0.4881776705739363,0.016119212919533853,16,0.020820774832756985
1173,-0.5764130810016878,-1.521646077828897,0.016332119854799907,11,0.01605691328209146
1173,-0.6216833473698002,1.4990624215127517,0.016108534194729004,18,0.01888615347267537
1173,-0.6006060892510967,0.4878284933392925,0.015928795924894715,14,0.011305310149047197
1174,-0.5713996217700874,-0.4909920577839308,0.01600422497488169,17,0.02206320235224657
1174,-0.5561810398999788,-1.5116790024168139,0.015916083588269826,11,0.015260675387992032
1174,-0.6224803159125483,1.499939843233933,0.015930929221001623,18,0.020262198879543513
1174,-0.591604942339648,0.48106937743328493,0.0161204484076561,14,0.021138236775558053
1175,-0.570535931684358,-0.4905151410550512,0.016008164805888236,16,0.022047110944183018
1175,-0.5627008928390583,-1.51748623492613,0.015948804229552582,13,0.01815931700981584
1175,-0.6228518399562117,1.4972505411300447,0.015918613067879252,17,0.017674091078801392
1175,-0.5829588185237223,0.4753293751595965,0.016292750422956918,13,0.018454725745098537
1176,-0.5761254845134637,-0.4931890017704003,0.015911258136193953,18,0.01853599265587095
1176,-0.5652000987106518,-1.508316747038538,0.015877846147820177,12,0.004826851545784555
1176,-0.6237423195441756,1.4981295602954317,0.01593785246257618,16,0.019165974380598506
1176,-0.5816073415798859,0.4746467309317141,0.015851684284151967,15,0.011110040999456044
1177,-0.575107031487646,-0.49243829356454655,0.01571788350073793,18,0.019512865290188683
1177,-0.5611675917012915,-1.510961028282254,0.015912320770615676,11,0.012479895504789043
1177,-0.6230992150579745,1.5001156300964527,0.01624806379118646,16,0.01671890237693547
1177,-0.5888510945229256,0.4785541902430311,0.015779754819968624,15,0.02048741411222711
1178,-0.5752218227350774,-0.4952609385511247,0.016228574507317586,17,0.02226636590748965
1178,-0.5524716413138867,-1.501520155761301,0.015385933935579537,10,0.0
1178,-0.6185631069844234,1.498779381882224,0.015886462420927634,19,0.021365508466189526
1178,-0.5956265873465211,0.48295369447105035,0.016361683954833686,13,0.020977392708410092
1179,-0.5753132982352458,-0.4931487346612373,0.015861542888210473,18,0.020615138472094233
1179,-0.5588291450728133,-1.5158398344294806,0.015766863260290937,12,0.016579768240780102
1179,-0.6234355330094756,1.4977587108286434,0.015900801250562476,18,0.017956996755375036
1179,-0.5975643342301021,0.4856970130062282,0.015822835513093766,15,0.017828041745373713
1180,-0.5747377924246141,-0.4898911683763392,0.01582749175538565,18,0.017192970690998392
1180,-0.5655147331349969,-1.5145657532845687,0.01629229826457634,12,0.013189149208108467
1180,-0.6251457783314939,1.496839769535686,0.015926731882891607,18,0.01754066905754875
1180,-0.5980450265717655,0.49436883065448,0.016086528022130342,20,0.013542393331652422
1181,-0.5746024375099849,-0.49333798907694,0.016062759525447244,17,0.021708010902545385
1181,-0.5657349094677702,-1.5115408329138278,0.015663146185969565,11,0.010473253615280497
1181,-0.6233023521779304,1.4994139743252821,0.01596484879561858,16,0.01818296178625785
1181,-0.5837753613411174,0.48082645208528374,0.015907795379745734,15,0.01290463012044201
1182,-0.5781268558272046,-0.4980011975472545,0.016180010633465303,16,0.017696297909214415
1182,-0.5620693218985566,-1.5220928557245523,0.016037796875018613,12,0.017900164314588105
1182,-0.6245725796665055,1.499991270977689,0.016054512437942252,16,0.016350799841928512
1182,-0.5867577938578104,0.4757581971436505,0.016159268982492835,14,0.019484473033404035
1183,-0.5755567703803327,-0.4935882611292692,0.015955732666502697,16,0.021312620807867916
1183,-0.5617003204093198,-1.5206446186095879,0.016004889200120102,12,0.017626284031431193
1183,-0.6209843283445173,1.4985378145424921,0.015928960938625787,17,0.018492884184082018
1183,-0.5881590920126897,0.47904100894756513,0.015926998688074356,14,0.020233373298283324
1184,-0.5709997064131958,-0.4881778886473076,0.01602152066498765,16,0.021251812458697783
1184,-0.5626858707419087,-1.5315683257204071,0.01585897682903846,11,0.0012969665127343568
1184,-0.6209603194018197,1.4977067030848028,0.015951036826135457,18,0.01961498116682472
1184,-0.5878947309964236,0.48034762286952193,0.01586328148088845,15,0.01990464300743334
1185,-0.572754581310036,-0.4939249476336124,0.016131952248280342,16,0.021389603795079114
1185,-0.5692398788536489,-1.513033848751119,0.015713659354078285,10,0.004064145839469029
1185,-0.6200759966197369,1.4973233359324154,0.01588763971229636,18,0.020967456807028773
1185,-0.5841896661125503,0.47628093456026704,0.01608019796907497,14,0.014903406313832971
1186,-0.5702892621793971,-0.4867365195427788,0.015920939027758086,16,0.017695486480761843
1186,-0.5605932531939695,-1.5123910753329206,0.01593562111625767,12,0.0163693048917188
1186,-0.6243307555073397,1.497726977361149,0.015977880482947925,18,0.021165689424898774
1186,-0.5812071618741566,0.47274517038063957,0.015784731047443164,13,0.00974200413276534
1187,-0.57243695546472,-0.4853052274435033,0.015879555064389993,16,0.014430509478397078
1187,-0.5657400857392489,-1.5150640876186934,0.015934135364064652,12,0.012611349848785546
1187,-0.6217125512446687,1.5001793138877184,0.015872029800222013,17,0.01849823401561951
1187,-0.5889502803109055,0.47922032379151447,0.016012223431854905,15,0.020471447782173722
1188,-0.5723875579008244,-0.48941861178344653,0.015951400554220625,17,0.017743701973478805
1188,-0.5617124735154371,-1.5132498412853574,0.015994358057698707,13,0.01633199836364261
1188,-0.6177127777446154,1.492328487778572,0.016078012049006045,19,0.023350721362752448
1188,-0.5818342221881924,0.47658464232011954,0.01601508101060994,14,0.012317083623513664
1189,-0.5759239807206673,-0.49452690568024305,0.015939359677779513,19,0.018868870574688845
1189,-0.5586807604609184,-1.512957356351505,0.01604026280455123,12,0.016638578485258026
1189,-0.6200448132142681,1.4965937559681894,0.016168250812585463,18,0.021978872155656595
1189,-0.5787699109009087,0.4772895012477948,0.016058018965492672,14,0.0028273200206504014
1190,-0.5736448574015494,-0.49361999989726807,0.015867819251157152,17,0.02109970528322616
1190,-0.6208298489564024,1.4971036101314037,0.016132850595127278,18,0.022183216702392403
1190,-0.5834253851038098,0.47680452362075626,0.015815278517764847,14,0.012642842641395903
1191,-0.5726289155948955,-0.48993403357319976,0.015812362576885244,17,0.01768001580446066
1191,-0.6230574284237501,1.4970846842724754,0.016139532972909883,19,0.01972619702475329
1191,-0.5803553315664608,0.4728034724082483,0.016294132075237958,12,0.01427333875381123
1192,-0.5702745539386784,-0.49011218198221407,0.016007722665334432,16,0.021890598482964006
1192,-0.5633406188137502,-1.5310585046650973,0.01572657944345534,11,0.0
1192,-0.6218618773758671,1.5002839938173558,0.01591369693961164,17,0.016207862675970304
1192,-0.5813840287627402,0.47888788118283615,0.015782278240011712,13,0.01023908992154251
1193,-0.5776181520769027,-0.4953712397022665,0.015910325758595054,19,0.015535909585191195
1193,-0.5567444857103083,-1.5082593665422694,0.016281912111046938,11,0.01672226538050777
1193,-0.6228194538453511,1.5002246027954744,0.016068229033291102,17,0.016789894316003938
1193,-0.5888810934986163,0.4784367523871673,0.015924494362018673,15,0.02113873449545072
1194,-0.5748914638099997,-0.4952467304600147,0.016180393180432254,17,0.021656503891601946
1194,-0.5665377746132919,-1.5129098766190665,0.016279677331563457,11,0.01302635723167263
1194,-0.6191692664032371,1.4970202662065095,0.01601999662871374,17,0.02182171557259454
1194,-0.5830657572971475,0.47682256851744714,0.0160300240647105,14,0.014277691631065133
1195,-0.5713141588616205,-0.4899318035941913,0.015872547008485602,16,0.021442332252721675
1195,-0.5724738733652138,-1.5253639001328836,0.015669277780231933,13,0.016501145450551494
1195,-0.6225442411029396,1.4960050040206403,0.016091326619291416,19,0.022791338564348822
1195,-0.5869063520445817,0.4783225800278279,0.015973811348880297,15,0.01667601748620147
1196,-0.5724880527218553,-0.4915390040999936,0.016000824306715816,18,0.019341749965632832
1196,-0.6234862549104226,1.5002196120549547,0.01608719097484012,18,0.017941320272277215
1196,-0.5803726733484103,0.47354057209081235,0.015873353017305435,12,0.010359641505734271
1197,-0.5724576450450203,-0.491077767252522,0.015940470407847476,17,0.0206612674984153
1197,-0.570157498665867,-1.5220350886789866,0.016109219788377503,13,0.019571412827766983
1197,-0.623587801845848,1.4981833675718272,0.016182101469399354,17,0.014782550986333968
1197,-0.5805252530702608,0.47509137004825724,0.01609822204796768,14,0.007877924085934246
1198,-0.5764527303869391,-0.49642118214395264,0.01595781766901259,17,0.017916490593741004
1198,-0.5677763497930005,-1.5109240862587725,0.01597134582737448,11,0.004120539138293434
1198,-0.6222406159190382,1.4984701145055068,0.015865290508774353,18,0.018503938624250607
1198,-0.5891303913320383,0.478262263226199,0.01583263070021388,15,0.01827744444828978
1199,-0.5726872003505605,-0.48959725869763815,0.015883925153024572,17,0.019613462902605114
1199,-0.6202227215988176,1.4978689658087816,0.015975187218719843,17,0.019373505858484404
1199,-0.5956244048800061,0.4831707896752385,0.01623835538152703,14,0.020177437378987008
1200,-0.576268130716694,-0.4935980805412545,0.015932920512016543,18,0.01969964607390521
1200,-0.5720707900626479,-1.5264500272663677,0.016315309785040148,12,0.009804355938338146
1200,-0.6207990790973418,1.4935048947230298,0.015938225420548957,18,0.022697312470632353
1200,-0.5922962153278264,0.47735934946361414,0.016362454880274796,14,0.022109574512024784
