frame,center_x,center_y,radius,num_points,fitting_error
0,-3.0263002796560325,-1.651403384583634,0.017263154682141957,10,0.022269148293727517
0,-3.0095522647927653,1.4591863209807454,0.017448223604540042,10,0.0
1,-3.182475553337869,-1.6749896434424267,0.01628418976823151,5,0.003160435773921502
2,-3.058687134123196,-1.674909323877986,0.016327189885943817,10,0.021011214224408024
2,-3.037757458081703,1.4614664828992758,0.01506729258037478,10,0.0
4,-3.181813107036543,-1.6774741418324073,0.016813260854469016,5,0.001491439310372076
4,-3.0675749776784604,-1.6739150661920106,0.01715090983163345,7,0.023553908215141063
5,-3.0401263717168177,1.4650852737750832,0.016071051362875944,10,1.6178220223143564e-06
6,-3.041386763051288,1.4609051798836967,0.015094848877897651,10,0.0
7,-3.041869842546924,-1.6560268243370584,0.016897116635999868,9,0.013694955650780214
7,-3.040700865721125,1.4587227247428771,0.014746980308752372,11,0.0
7,-3.1589973415917205,1.469852660006504,0.017126133797504276,8,0.0
8,-3.180343241130384,-1.673865876338878,0.015895794571247346,5,0.003181732495772171
8,-3.024561868931367,-1.6504445613213075,0.01673381062824009,9,0.022952967043824345
8,-3.0407492126117317,1.4610314687804062,0.01642519183404629,10,0.0038110351584123283
9,-3.184523364232127,-1.6740950619614383,0.016127275162672396,6,0.0
9,-3.040058504806374,-1.670333370325481,0.016186613520001024,9,0.023686003340269362
9,-3.0442870492671434,1.4548657018333155,0.016929092418961865,10,0.0
9,-3.180529497573302,1.462311759568677,0.016506834030945994,8,0.0192917935588735
10,-3.1509166016501213,-1.6622839464848815,0.01648701388265522,6,0.004147869017606472
10,-3.0290397626544694,-1.668143982540002,0.016042475165453332,9,0.011681965426993866
10,-3.175312931176708,1.4699211816273323,0.01602475835747387,9,0.019181947416870373
11,-3.1821149134111417,-1.6747998219056424,0.015899133379883582,5,0.003181971705712265
11,-3.0240023381983874,1.4681304758816882,0.016011428108972103,10,0.019230011557913873
11,-3.1910896088233485,1.4648074501212855,0.01626357479074442,8,0.0
12,-3.148513012641022,-1.6651435097581704,0.016600375852179505,7,0.0021746077612905847
12,-3.029915903440712,-1.6686259413420568,0.016044322198218816,8,0.011686302854017793
12,-3.033421074521786,1.4644294692854114,0.016408131037290996,11,0.01675256057593032
12,-3.173975787924434,1.4693068251792138,0.017184730803686585,8,0.017141704815744625
13,-3.055190899232285,-1.6679074819382531,0.01632277353092244,14,0.022810739334053184
14,-3.146218675732681,-1.6578545181754296,0.015356584788873556,6,0.0
14,-3.029915903440712,-1.6686259413420568,0.016044322198218816,10,0.011686302854017793
14,-3.0395730818175677,1.46233948574685,0.015082102777035195,10,0.0
15,-3.0398247712528383,-1.6625610623673612,0.016465812073363895,11,0.02583064527811525
15,-3.1563000480858925,1.4685991566354664,0.01710086458864482,8,0.0
16,-3.1590642348223974,-1.6607110294890572,0.014438757582184691,6,0.0
16,-3.041146609231952,-1.6537192601505812,0.017135904023076954,10,0.016713538873137965
16,-3.021685861442332,1.4706409971963939,0.01600480700647628,10,0.01599983022811753
16,-3.1563000480858925,1.4685991566354664,0.01710086458864482,8,0.0
18,-3.045188855364488,-1.6693054746219957,0.015553372448190786,9,0.024243405916852638
18,-3.0060921954054654,1.4703019572099187,0.015937682801700263,11,0.0
19,-3.0435315260833233,-1.6550147490644664,0.017371133695375504,9,0.01662002079731082
19,-3.1563000480858925,1.4685991566354664,0.01710086458864482,9,0.0
20,-3.0702104258361675,-1.6753545532464178,0.01718165064555143,17,0.023601426556340913
20,-3.1580961331364166,1.469434943681715,0.017119735225339175,8,0.0
21,-3.0434951488950017,-1.6722226507352438,0.015602774405101615,10,0.023025423206869296
21,-3.174883329537014,1.4697268358956599,0.017194766338906445,8,0.017154119728109485
22,-3.0456808350595344,-1.6695607866606712,0.01612377618299298,9,0.026558720259537802
23,-3.160711220702174,1.458291975791841,0.016129473014502373,9,0.0
24,-3.020787287584159,1.4702029875628533,0.015989493537194727,10,0.01598027578262378
24,-3.1563000480858925,1.4685991566354664,0.01710086458864482,8,0.0
25,-3.1664880106898363,-1.6724883506428445,0.014487433360114318,7,0.019249772799155816
25,-3.0603914644569965,-1.6723882886053731,0.01611527352630993,9,0.019976705997900614
25,-3.0376323928352917,1.466362557088592,0.015080521632265302,10,0.0
26,-3.1586487892497495,1.4690423171800708,0.01569698255632322,10,0.0
28,-3.040865310169399,-1.670778589731659,0.015598304439439187,10,0.023013275322459097
28,-3.00983584862086,1.4649037261016242,0.01594041051861191,11,0.0
28,-3.1930116099495462,1.458197019595385,0.016258962099717618,9,0.0
30,-3.1504302131961817,-1.660074543294969,0.014685117440953077,5,0.0
30,-3.0286018825536627,-1.6679032430295908,0.016440226268806573,10,0.01168589073097001
30,-3.189275469508781,1.4663631841385998,0.016263783812383747,8,0.0
31,-3.00917173460083,1.4754253813756597,0.015064716788587312,10,0.0
32,-3.0392127893932903,1.4646449273688733,0.016057576952994753,9,0.0
33,-3.1822555709652756,-1.6729007842853891,0.016553806062419303,6,0.0
33,-3.069330585700492,-1.6748731635132015,0.017175101117174053,6,0.023589358575560194
36,-3.0263161708366484,-1.6514009669534286,0.016747838881944064,9,0.022971274907211795
37,-3.0371816885978316,-1.6738633321732717,0.016030781393041187,10,0.019340868449070795
38,-3.0404760936300153,1.4604682829709148,0.015085352796807514,10,0.0
38,-3.173975787924434,1.4693068251792138,0.017184730803686585,8,0.017141704815744625
39,-3.044780731090846,-1.6690802387736057,0.0159555918523137,9,0.024565138251211132
40,-3.1813694907591095,-1.6724383935622311,0.0165540073739834,6,0.0
40,-3.0684525317823086,-1.6743941201424595,0.01716271934237569,6,0.02357103827770015
40,-3.039214659053035,1.4646464219159625,0.01605975313454801,10,0.0
42,-3.182365889310122,-1.672959937426443,0.015699263017125327,4,0.0
42,-3.006987674954888,1.4707394277166648,0.015941225227485364,10,0.0
42,-3.176746810818656,1.4668374318007165,0.0171925865357339,8,0.020343040752288037
43,-3.178346303882251,1.4706732225940433,0.015801287510785744,10,0.02025100544151319
44,-3.050021249674789,-1.6681132594877952,0.015591835480153325,10,0.023137030042606213
44,-3.021685861442332,1.4706409971963939,0.01600480700647628,10,0.01599983022811753
44,-3.1580961331364166,1.469434943681715,0.017119735225339175,8,0.0
45,-3.180343241130384,-1.673865876338878,0.015895794571247346,5,0.003181732495772171
45,-3.038545865408446,1.4668020506664956,0.01509377071437938,10,0.0
45,-3.157198607010653,1.4690172904406573,0.01710974164027971,8,0.0
46,-3.1002190347878704,-1.6729281813085692,0.01662551967484615,12,0.05679824905769065
46,-3.023903607562616,1.4356431092567767,0.015939320158511464,10,0.0
46,-3.157198607010653,1.4690172904406573,0.01710974164027971,8,0.0
47,-3.0263161708366484,-1.6514009669534286,0.016747838881944064,9,0.022971274907211795
47,-3.1935927067928653,1.463402202220554,0.017254501733649934,9,0.0
49,-3.1778105793388836,1.482357501089183,0.016051584206853372,9,0.0
50,-3.040865310169399,-1.670778589731659,0.015598304439439187,11,0.023013275322459097
50,-3.157198607010653,1.4690172904406573,0.01710974164027971,8,0.0
51,-3.1836374904183726,-1.6736302942789396,0.01612675732968033,6,0.0
51,-3.1580961331364166,1.469434943681715,0.017119735225339175,8,0.0
52,-3.1504302131961817,-1.660074543294969,0.014685117440953077,6,0.0
52,-3.0307917610860966,-1.6691090011805458,0.016045834629755635,10,0.011688136481468759
53,-3.054312791556729,-1.6674285168284861,0.016321211458488052,10,0.022805940964675926
54,-3.0710884818350754,-1.675833598234557,0.017194043417116285,12,0.023619764318325135
55,-3.02231003389509,1.4685509924026285,0.015510873429875333,10,0.01794114605184821
55,-3.1563000480858925,1.4685991566354664,0.01710086458864482,8,0.0
56,-3.0420530297333053,1.458749529836524,0.01606283907041947,10,0.0
56,-3.157198607010653,1.4690172904406573,0.01710974164027971,8,0.0
57,-3.039949030849607,1.4626845647715008,0.01658239380065354,10,0.002714949074116704
58,-3.0410408218139837,-1.6708743112121411,0.015772049415466602,9,0.023310172520456626
58,-3.0373719386332603,1.4566239449958585,0.016634820386694275,11,0.016131497937260632
58,-3.1864208940328536,1.4701539690366936,0.016256488198109077,7,0.0
59,-3.1626388526785747,-1.6586775129325462,0.015444098477958967,6,0.0
59,-3.0434147742067736,-1.660697794086877,0.017131275292606565,9,0.023652065094353577
59,-3.008278953543028,1.4749879806330477,0.015058493403863801,11,0.0
60,-3.150516448827293,-1.66402345537367,0.017382533414688105,15,0.0
60,-3.173975787924434,1.4693068251792138,0.017184730803686585,9,0.017141704815744625
61,-3.021924826743584,1.4658842200545972,0.015502487691037521,10,0.02068556360410294
61,-3.157198607010653,1.4690172904406573,0.01710974164027971,8,0.0
62,-3.1857745836798737,-1.6668770850389696,0.01654904774029186,7,0.008713387090866874
62,-3.042794335644106,-1.671836960428444,0.015775008926599606,9,0.02331845974763788
63,-3.1814793871167777,-1.672492864690454,0.015697534948429848,5,0.0
64,-3.0570490913090453,-1.6681333438795782,0.016054442938325236,11,0.026541941700902197
64,-3.006987674954888,1.4707394277166648,0.015941225227485364,11,0.0
64,-3.154501254321373,1.4677615213227855,0.017085059528663262,8,0.0
65,-3.1840271282488133,-1.6738351567127718,0.016556907726296127,5,0.0
66,-3.1810761731338877,-1.6762229501576051,0.016253467982306022,5,0.0
67,-3.0396033807009113,-1.6700828584126657,0.016255189524123713,11,0.023487197757158892
68,-3.180593350103981,-1.6720302974664634,0.01569767702967317,12,0.0
68,-3.042955341208899,1.4591793641397401,0.016062380076190003,10,0.0
68,-3.1638254734658466,1.4546368836201136,0.015858371480201854,9,0.0
69,-3.041636466190928,-1.671200753746317,0.016013634936627923,11,0.023384994745445892
69,-3.019333466343298,1.4701490571867437,0.015731311427758035,10,0.021259306243787558
69,-3.163605909602039,1.4557348671904955,0.01620731229971924,9,0.0
70,-3.0649041686334364,-1.6672414779732536,0.01647154659118172,9,0.023050518388581645
70,-3.029761769704311,1.4625088193349531,0.01601647820287593,11,0.02294018373708129
71,-3.1814793871167777,-1.672492864690454,0.015697534948429848,5,0.0
71,-3.0684525317823086,-1.6743941201424595,0.01716271934237569,7,0.02357103827770015
71,-3.0395730818175677,1.46233948574685,0.015082102777035195,10,0.0
72,-3.1617439200233193,-1.666023525484418,0.016168747430336347,6,0.019572842498083557
72,-3.035727855281448,-1.649822093570707,0.01659460692583811,8,0.02243717595029525
73,-3.057453779609232,-1.671663486731799,0.01619591489152067,10,0.026166493050201103
73,-3.043312836175553,1.456875486545191,0.015089792694288146,9,0.0
75,-3.0365980675191713,1.4731332751161512,0.015098733346493119,10,0.0
75,-3.1599009148444464,1.470272661380879,0.017130671337817868,8,0.0
76,-3.0452826378428863,-1.6559662660449912,0.017379987074576733,10,0.016631906089154394
76,-3.192011545896557,1.465229828073736,0.016277222909811127,9,0.0
78,-3.0384867277002456,1.4692540976619652,0.01605699205834347,10,0.0018987733184411457
78,-3.1911975361735685,1.4597536587708773,0.01625538376195703,9,0.0
79,-3.0078775302189724,1.4711751474983203,0.01595089614710532,10,0.0
80,-3.034901387224876,-1.6637029636394045,0.016840180568868466,9,0.00852495391046592
82,-3.180979170064723,-1.6722331622673532,0.016123083068361438,4,0.0
82,-3.069330585700492,-1.6748731635132015,0.017175101117174053,8,0.023589358575560194
82,-3.1831948946829143,1.481111271261022,0.01723816803293501,9,0.0
83,-3.1836374904183726,-1.6736302942789396,0.01612675732968033,5,0.0
83,-3.0675749776784604,-1.6739150661920106,0.01715090983163345,7,0.023553908215141063
83,-3.1883585739787024,1.4659417629781961,0.01625473548402105,9,0.0
85,-3.188651997500884,-1.6683785592640026,0.01612855495499727,7,0.0
85,-3.0433898151542333,-1.672164151194324,0.01601626957610921,9,0.023391935548979087
86,-3.1827516703941128,-1.6731627125498185,0.016124584545510922,5,0.0
86,-3.0251559711254377,1.4626860045362695,0.015512881657709712,11,0.017965372930834504
86,-3.1712647740017634,1.4643950185494428,0.01714286056481783,9,0.02334822930735304
87,-3.0522513779014186,-1.6729948388862474,0.016186877184670292,10,0.02378837508919012
88,-3.0395626847506936,1.460029989320684,0.015072235988718862,11,0.0
90,-3.1840271282488133,-1.6738351567127718,0.016556907726296127,5,0.0
91,-3.1798176109527905,-1.6735907121412614,0.01627915043505638,5,0.0031567600420961362
91,-3.011394688428575,1.460904266515948,0.014985789683112946,10,0.0
92,-3.0281606975019835,1.4705478562278016,0.016055979793148625,10,0.018185149585444784
93,-3.1835350605943518,-1.6735744798730992,0.016989906455035952,5,0.0
93,-3.0684525317823086,-1.6743941201424595,0.01716271934237569,7,0.02357103827770015
94,-3.182475553337869,-1.6749896434424267,0.01628418976823151,5,0.003160435773921502
95,-3.1849135858395328,-1.6743001979704326,0.01655805329986379,4,0.0
95,-3.0392874036264454,-1.669910885821396,0.01576965915947114,11,0.02330372399637237
96,-3.0462961101372,-1.6711901287942854,0.01637312950570685,9,0.022262043418111815
97,-3.025436337234953,-1.6509195787865223,0.016732823477955728,9,0.0229462831706598
97,-3.0060921954054654,1.4703019572099187,0.015937682801700263,10,0.0
97,-3.1589973415917205,1.469852660006504,0.017126133797504276,8,0.0
98,-3.1772686148946625,1.4633559476168012,0.017186639483689717,9,0.02371798108809339
102,-3.0386670556159,1.461904131652263,0.01507706421129756,10,0.0
103,-3.180343241130384,-1.673865876338878,0.015895794571247346,5,0.003181732495772171
103,-3.024970732245957,1.4626922635069806,0.015545342576734476,10,0.01510865149573816
104,-3.1812292617681717,-1.6743330517636275,0.015897407895333594,5,0.0031826125528114464
104,-3.0414314240562397,1.459764734701587,0.015268624468713647,10,0.0
105,-3.1818658386613605,-1.6726959623945508,0.016123584422706883,6,0.0
105,-3.0505100366066196,-1.6683810353575181,0.01580651632164548,9,0.022989248211117704
105,-3.0422897338651422,1.4591729126739619,0.015416315806943316,10,0.001348262372832582
106,-3.0410408218139837,-1.6708743112121411,0.015772049415466602,11,0.023310172520456626
106,-3.1926700989817656,1.4629812517642673,0.017240580085589676,9,0.0
107,-3.1832512638270023,-1.6734272253946108,0.015700923292956137,5,0.0
107,-3.0702104258361675,-1.6753545532464178,0.01718165064555143,7,0.023601426556340913
107,-3.006987674954888,1.4707394277166648,0.015941225227485364,10,0.0
109,-3.1624429436101664,-1.6585741607099138,0.016544986301599056,5,0.0
109,-3.041147953514719,1.4583163743140388,0.01605908585373497,9,0.0
109,-3.1917665116055898,1.4625633870109338,0.017244675957143622,9,0.0
110,-3.0358261329069083,1.4654886890361192,0.015073272134891468,10,0.0
111,-3.1723565086543304,1.4615531567807079,0.016098092561095654,9,0.016401977288128217
112,-3.1814793871167777,-1.672492864690454,0.015697534948429848,6,0.0
112,-3.0386670556159,1.461904131652263,0.01507706421129756,10,0.0
113,-3.180703273162112,-1.6740553225473245,0.016280194425962013,5,0.0031602251205258445
113,-3.0702104258361675,-1.6753545532464178,0.01718165064555143,7,0.023601426556340913
113,-3.1822791707959976,1.4806848065496847,0.017227901880025896,9,0.0
114,-3.0684525317823086,-1.6743941201424595,0.01716271934237569,6,0.02357103827770015
114,-3.039518283617536,1.4600232273253086,0.015028489057361009,11,0.0
115,-3.190180899455812,1.4643900014216695,0.016262752175659298,8,0.0
116,-3.069330585700492,-1.6748731635132015,0.017175101117174053,12,0.023589358575560194
116,-3.1930116099495462,1.458197019595385,0.016258962099717618,8,0.0
117,-3.0606768553926935,-1.667552117119898,0.01611656448603349,9,0.02036945534643711
118,-3.043380453854657,-1.6682994104368123,0.016118954212533947,9,0.026515696193606955
118,-3.0393953125683506,1.4696934335867684,0.016945312964204328,10,0.0
119,-3.1341050242359225,-1.6706781232867973,0.016510448950284046,12,0.046115408520430654
119,-3.0410299476092035,1.4655210006356663,0.016074725499596834,10,0.0
119,-3.173042882955631,1.4689392819872198,0.01717463935551696,10,0.023739992253945828
120,-3.1798176109527905,-1.6735907121412614,0.01627915043505638,5,0.0031567600420961362
121,-3.0372451179089417,-1.657334016488778,0.016839428591400453,10,0.008514363194527554
121,-3.009532450578283,1.4792254931040159,0.01755987880586672,10,0.0
122,-3.05829918059478,-1.6663580951822439,0.015808858591230594,9,0.019079074374576677
122,-3.040588928043053,1.4555723472590447,0.015069706066892785,10,0.0
123,-3.048003587927941,-1.6719762816520083,0.015895969549510763,10,0.025127631114617265
123,-3.0411383644210828,1.4583117749466028,0.016048671767332538,10,0.0
124,-3.1787119743998624,-1.6710392408190202,0.01655031045429532,5,0.0
124,-3.027960342750272,1.4578577226920917,0.016081020020487505,10,0.01768176698541674
125,-3.0728393104528884,-1.676785650602631,0.017209829695623083,8,0.02363569158032147
125,-3.00983584862086,1.4649037261016242,0.01594041051861191,11,0.0
126,-3.043592586976828,-1.6697070628149966,0.016300929244977988,13,0.019496183142111587
126,-3.039612057343331,1.4627757443455458,0.016334195389925216,10,0.003073745599341225
127,-3.044546921450251,-1.6689527110080078,0.015752127054451687,11,0.024378426674917745
129,-3.0547297236688737,-1.6476974774971354,0.014845867560852977,10,0.0
130,-3.180593350103981,-1.6720302974664634,0.01569767702967317,5,0.0
131,-3.1598015664076398,-1.657189103389792,0.01652624166787503,5,0.0
133,-3.0386670556159,1.461904131652263,0.01507706421129756,10,0.0
133,-3.1759098880514416,1.462728130995183,0.017167451829310842,9,0.01708645995568727
134,-3.179457050165852,-1.6734009377614563,0.015894155260372956,5,0.003178325450617769
134,-3.0420530297333053,1.458749529836524,0.01606283907041947,11,0.0
136,-3.181762714901458,-1.67264515149459,0.01698865943182673,6,0.0
136,-3.005209004960564,1.4698685311954685,0.015921956745550615,10,0.0
137,-3.00860994064324,1.4751508503844175,0.016544899093417432,10,0.0
138,-3.1584728650111895,-1.6682281746746974,0.014457907983458024,6,0.0
138,-3.0487411690094555,-1.6713253287936956,0.015955490185085103,10,0.022622680788974624
139,-3.1739597365816845,-1.6868809002718301,0.016426342073473682,6,0.0
140,-3.1814793871167777,-1.672492864690454,0.015697534948429848,5,0.0
140,-3.0675749776784604,-1.6739150661920106,0.01715090983163345,7,0.023553908215141063
141,-3.180593350103981,-1.6720302974664634,0.01569767702967317,5,0.0
141,-3.0684525317823086,-1.6743941201424595,0.01716271934237569,7,0.02357103827770015
141,-3.1676606786586246,1.4634250916626776,0.01568235722618578,9,0.018348615380159885
143,-3.005209004960564,1.4698685311954685,0.015921956745550615,10,0.0
144,-3.0432608224764297,-1.668247613287319,0.015752750772855716,9,0.02446649137830764
144,-3.0404760936300153,1.4604682829709148,0.015085352796807514,10,0.0
145,-3.1827516703941128,-1.6731627125498185,0.016124584545510922,6,0.0
145,-3.0397788828548054,-1.6701786009293211,0.016430603561022956,9,0.023754959523705772
146,-3.0399882990083906,-1.6702962632542744,0.015597260585002609,9,0.023010559081935413
147,-3.1815892346836376,-1.6745224946117974,0.01628175323965464,5,0.0031610985721691335
147,-3.0675749776784604,-1.6739150661920106,0.01715090983163345,7,0.023553908215141063
147,-3.0257137861054244,1.462030090535793,0.015348527422291647,10,0.01889599252215585
147,-3.1589973415917205,1.469852660006504,0.017126133797504276,8,0.0
149,-3.155551578972912,-1.6588666329451653,0.014406045335977878,5,0.0
149,-3.042882158714047,-1.6642305879392254,0.016138217247553016,11,0.025461389551719758
149,-3.0404760936300153,1.4604682829709148,0.015085352796807514,10,0.0
150,-3.1564297341010215,-1.659327317045724,0.014414692611103619,6,0.0
150,-3.0431386049278144,-1.6548018170547156,0.016926755298416415,9,0.016835335370255673
150,-3.006987674954888,1.4707394277166648,0.015941225227485364,10,0.0
151,-3.062764986915686,-1.663804197130623,0.015974343443452343,11,0.02326007723378487
151,-3.0424062622073995,1.456441068832894,0.015084128609885934,10,0.0
152,-3.153066066624229,-1.6614640795489748,0.016498022814514134,6,0.0
152,-3.0472274116418765,-1.6474675152844882,0.016410414971516404,8,0.0
152,-3.1580961331364166,1.469434943681715,0.017119735225339175,8,0.0
153,-3.1403101914886267,-1.6688130968248265,0.015747362328569752,12,0.04655726775356244
153,-3.031734936239283,1.460173010854506,0.015699388305740466,11,0.021471496074798913
153,-3.177440485574558,1.4609620997089092,0.0166896827715339,8,0.01925638486662539
154,-3.0410408218139837,-1.6708743112121411,0.015772049415466602,10,0.023310172520456626
154,-3.0433527509916214,1.4586179184529944,0.01618222840615655,10,0.003981747121417315
156,-3.0532762732819614,-1.6679368338788751,0.016034725247736588,11,0.02202363058620109
156,-3.006987674954888,1.4707394277166648,0.015941225227485364,10,0.0
156,-3.162509061739628,1.4591202805711962,0.01615005726049728,9,0.0
157,-3.0366217982921433,-1.664645058633936,0.0172911502587147,9,0.0
157,-3.039612057343331,1.4627757443455458,0.016334195389925216,10,0.003073745599341225
158,-3.180343241130384,-1.673865876338878,0.015895794571247346,5,0.003181732495772171
159,-3.1113615287567313,-1.6701403581909637,0.01685809043971251,12,0.0616229190388054
159,-3.1902935813048066,1.4625411361081595,0.01580919647452664,9,0.0
160,-3.1697925487289464,-1.6925600912044996,0.016418484728715446,7,0.0
160,-3.033242077861117,-1.6641422463952835,0.016877178553177392,9,0.007441035017618556
160,-3.0320814349210785,1.4467705812972365,0.01599363119889264,10,0.02201975122304086
160,-3.1727877587973365,1.4674811703870332,0.016682324200514284,8,0.018024237348008107
161,-3.0684525317823086,-1.6743941201424595,0.01716271934237569,6,0.02357103827770015
162,-3.117425746512031,-1.6704387778813985,0.016625951942997756,12,0.06341584746215059
162,-3.0415205535388967,1.460627478626319,0.016116330086535596,11,0.0
163,-3.1869247886818988,1.4672413618429174,0.014984996642310825,9,0.0
165,-3.0357782255160597,-1.664184184775897,0.015967544290239503,9,0.008485278158677723
165,-3.0404760936300153,1.4604682829709148,0.015085352796807514,11,0.0
166,-3.0312554021498928,-1.6464842771572974,0.01727926222843809,9,0.022309387145733817
166,-3.031854861215323,1.446970554132875,0.01533827051963985,10,0.02118946532669167
167,-3.0684525317823086,-1.6743941201424595,0.01716271934237569,6,0.02357103827770015
167,-3.0405438161696643,1.4603293211695274,0.016035724820082833,10,0.001851747760957883
168,-3.1739597365816845,-1.6868809002718301,0.016426342073473682,7,0.0
168,-3.0404663471826963,1.4582999687318234,0.015395080376037255,10,0.001337414844461371
169,-3.180343241130384,-1.673865876338878,0.015895794571247346,6,0.003181732495772171
169,-3.0228273652853943,1.4663217796844639,0.015509144719391462,10,0.020689418870800835
169,-3.173068251354428,1.468886314377472,0.017175816469280784,8,0.017130312891177356
170,-3.0401254742973567,1.4650849985155783,0.01607014269525614,10,0.0
170,-3.157198607010653,1.4690172904406573,0.01710974164027971,8,0.0
171,-3.069330585700492,-1.6748731635132015,0.017175101117174053,7,0.023589358575560194
172,-3.1842476405812676,-1.6759219331328064,0.016287450683912724,5,0.0031642023960919948
172,-3.0702104258361675,-1.6753545532464178,0.01718165064555143,7,0.023601426556340913
172,-3.0238567191309764,1.4710302640975896,0.015958288473793582,10,0.019973673493422557
172,-3.1721113641349756,1.46906584803087,0.016718874666415716,9,0.0199591410795567
173,-3.047645454759835,-1.6706504163273372,0.01576020132667115,11,0.02448983350583294
173,-3.031314828018779,1.4682482059319546,0.01591532383502544,10,0.017835126539993956
174,-3.0226491523475403,1.4674741990531905,0.01599823749029604,10,0.01898371831893679
175,-3.0464165298232446,-1.6661294921078125,0.016264570920301105,11,0.021645907141956588
175,-3.039676692063159,1.4614831130005461,0.016842390673158042,10,0.0024962640427728874
176,-3.0264678714376227,1.458472709786827,0.015988536176514682,10,0.01591932673018421
177,-3.180703273162112,-1.6740553225473245,0.016280194425962013,5,0.0031602251205258445
177,-3.1580961331364166,1.469434943681715,0.017119735225339175,9,0.0
178,-3.184523364232127,-1.6740950619614383,0.016127275162672396,4,0.0
178,-3.043669347160373,-1.6684738348070163,0.01535025195906043,11,0.024061581656976746
180,-3.0684525317823086,-1.6743941201424595,0.01716271934237569,6,0.02357103827770015
180,-3.188245891785343,1.470996438542828,0.016267423218988424,9,0.0
181,-3.044777796247619,1.46005620672407,0.0160848427717245,10,0.0
181,-3.190143307554712,1.4679465895525843,0.0163500129551668,8,0.0
182,-3.1827516703941128,-1.6731627125498185,0.016124584545510922,6,0.0
182,-3.190180899455812,1.4643900014216695,0.016262752175659298,8,0.0
183,-3.1814793871167777,-1.672492864690454,0.015697534948429848,5,0.0
183,-3.0666964445409564,-1.6734348643518082,0.017149244503717992,7,0.02355117466653537
184,-3.180593350103981,-1.6720302974664634,0.01569767702967317,5,0.0
184,-3.0476062855357333,1.454147210753132,0.016086623692959368,11,0.0
184,-3.157198607010653,1.4690172904406573,0.01710974164027971,8,0.0
185,-3.042955341208899,1.4591793641397401,0.016062380076190003,10,0.0
185,-3.1736897532332327,1.4667036459311635,0.016686246907969503,8,0.019228285464383512
186,-3.03141650490322,1.4690684401391938,0.015787017578315313,10,0.01703293411393009
186,-3.1926700989817656,1.4629812517642673,0.017240580085589676,8,0.0
187,-3.042896196397689,-1.6546701466676972,0.01714635137893498,10,0.01672647743284402
188,-3.1815892346836376,-1.6745224946117974,0.01628175323965464,5,0.0031610985721691335
188,-3.1580961331364166,1.469434943681715,0.017119735225339175,8,0.0
189,-3.0316842325883586,-1.6467092652720954,0.015695260391000665,9,0.019263806478113293
190,-3.0492992396398533,-1.6717036509786276,0.015610077148707654,10,0.02347199772890473
191,-3.0361885574102923,1.4675727797478413,0.015424479224844594,11,0.003755778563556073
192,-3.027193620473785,-1.651879236036945,0.01675058715897483,9,0.022974051218455645
193,-3.060044637445304,-1.6707032466210223,0.016324692959382863,9,0.018638269992683476
193,-3.0220087151922477,1.4419331226338192,0.015947232723115434,11,0.0
193,-3.157198607010653,1.4690172904406573,0.01710974164027971,8,0.0
194,-3.015081962380636,1.4494095507091922,0.01592529789590741,11,0.02212232434982437
194,-3.1740207310768125,1.4655801235945594,0.017169682548076992,8,0.020319231820054705
195,-3.1871724591975394,-1.6676043845655786,0.017429355421663448,6,0.0
195,-3.0414609636895538,-1.6711050170619945,0.015839905905932275,10,0.023128233368566477
195,-3.0274792231842995,1.465820456836864,0.01595525921028972,10,0.01755511252143755
195,-3.190180899455812,1.4643900014216695,0.016262752175659298,8,0.0
196,-3.1818658386613605,-1.6726959623945508,0.016123584422706883,5,0.0
197,-3.1813694907591095,-1.6724383935622311,0.0165540073739834,6,0.0
197,-3.0244487574379644,1.4683485712544855,0.016012818667899657,11,0.01899761362565578
198,-3.1857994345660647,-1.6747652616037962,0.0165586186090676,6,0.0
198,-3.0438665659847555,1.4596177834685153,0.01607360804452615,11,0.0
199,-3.0367270300790827,1.4659241622740888,0.015074280952484689,11,0.0
200,-3.064500232805264,-1.6658311272162907,0.01592014348347389,10,0.019055527312298096
201,-3.17030872812862,-1.6685768510823724,0.016537739721772405,12,0.020348518177064494
201,-3.0078775302189724,1.4711751474983203,0.01595089614710532,10,0.0
201,-3.1910896088233485,1.4648074501212855,0.01626357479074442,9,0.0
202,-3.1840271282488133,-1.6738351567127718,0.016556907726296127,5,0.0
202,-3.0728393104528884,-1.676785650602631,0.017209829695623083,7,0.02363569158032147
203,-3.1832512638270023,-1.6734272253946108,0.015700923292956137,5,0.0
203,-3.0395730818175677,1.46233948574685,0.015082102777035195,9,0.0
204,-3.1842476405812676,-1.6759219331328064,0.016287450683912724,5,0.0031642023960919948
204,-3.042955341208899,1.4591793641397401,0.016062380076190003,10,0.0
205,-3.041238415709592,-1.65568454651994,0.01667164989207879,9,0.01379731128047167
206,-3.042688805508498,-1.6717781661202384,0.01619028740965748,15,0.023695387005767687
206,-3.0376323928352917,1.466362557088592,0.015080521632265302,10,0.0
208,-3.1814793871167777,-1.672492864690454,0.015697534948429848,5,0.0
208,-3.069330585700492,-1.6748731635132015,0.017175101117174053,7,0.023589358575560194
208,-3.0105506255024355,1.4724808509785565,0.015975385372488694,10,0.0
208,-3.1910896088233485,1.4648074501212855,0.01626357479074442,8,0.0
209,-3.0263161708366484,-1.6514009669534286,0.016747838881944064,9,0.022971274907211795
209,-3.021685861442332,1.4706409971963939,0.01600480700647628,10,0.01599983022811753
210,-3.07196540585773,-1.6763113454160048,0.017198045486465977,7,0.023624445534396098
211,-3.03622566190104,-1.6644278661465495,0.016848127921591922,10,0.0
211,-3.026335791188995,1.4656484202619486,0.016019566544568244,10,0.01598954064124894
211,-3.1600492528671293,1.4628911586325901,0.017103179276415137,9,0.0
212,-3.0422380694653617,1.463794212379546,0.0169427656141022,10,0.0
214,-3.065102325331542,-1.6714886693456694,0.015831464977576235,15,0.06306239793550579
215,-3.1930303293549698,1.4605929037445844,0.016271438302668126,9,0.0
216,-3.0423375878830385,-1.6715865066500541,0.015841014113204023,10,0.02313080496796704
216,-3.006987674954888,1.4707394277166648,0.015941225227485364,10,0.0
217,-3.0381226786203874,-1.6578150498133848,0.016840244351007415,10,0.00851771662309658
217,-3.0404760936300153,1.4604682829709148,0.015085352796807514,10,0.0
217,-3.1600492528671293,1.4628911586325901,0.017103179276415137,9,0.0
218,-3.040584182277787,-1.6706229601213387,0.01583832798959128,11,0.023123301306906513
219,-3.1814793871167777,-1.672492864690454,0.015697534948429848,5,0.0
219,-3.0087187801210287,1.461898460113385,0.014959139778478014,10,0.0
220,-3.0432608224764297,-1.668247613287319,0.015752750772855716,10,0.02446649137830764
220,-3.0420530297333053,1.458749529836524,0.01606283907041947,10,0.0
220,-3.157198607010653,1.4690172904406573,0.01710974164027971,8,0.0
221,-3.1815892346836376,-1.6745224946117974,0.01628175323965464,6,0.0031610985721691335
221,-3.0432608224764297,-1.668247613287319,0.015752750772855716,9,0.02446649137830764
222,-3.1844454487929346,-1.6661810513760025,0.01698133556872266,6,0.008730438904308094
222,-3.044780731090846,-1.6690802387736057,0.0159555918523137,10,0.024565138251211132
222,-3.028790973607829,1.4675992828783413,0.016254998638821516,11,0.01696899683127966
222,-3.1580961331364166,1.469434943681715,0.017119735225339175,9,0.0
223,-3.1867756203399695,-1.6673967438244335,0.016990690932829823,5,0.0
223,-3.052587751421176,-1.6667407915733161,0.01575155902973774,11,0.025705116363797225
224,-3.1840271282488133,-1.6738351567127718,0.016556907726296127,5,0.0
224,-3.023632824996241,1.4643408433012586,0.015989242405185823,10,0.015949823261341
224,-3.191758651905797,1.4625616878198873,0.017237315902687518,9,0.0
225,-3.1841376524846234,-1.6738922967450611,0.015702025364079594,5,0.0
225,-3.0087720405785725,1.4716121439933927,0.015955494640543178,10,0.0
226,-3.046299749099745,-1.6699156882762056,0.01535509893035437,10,0.024075473177503567
227,-3.0437724833577753,-1.6551455869943965,0.017149658989935444,10,0.016731376158229342
227,-3.0207628091802965,1.470252972828054,0.015992443550177787,10,0.021999772908026086
228,-3.050654349740243,-1.6688125562299103,0.016075094091250606,11,0.027600912389435787
230,-3.185888124689805,-1.6669340876893604,0.016989891411945547,5,0.0
230,-3.043819139392226,-1.6647214580422431,0.01583862009073398,11,0.023128574177286153
230,-3.0404760936300153,1.4604682829709148,0.015085352796807514,10,0.0
231,-3.0464439336302447,-1.6712954033242622,0.016006478961267737,10,0.025315453485624948
231,-3.042955341208899,1.4591793641397401,0.016062380076190003,10,0.0
231,-3.1589973415917205,1.469852660006504,0.017126133797504276,8,0.0
232,-3.0799068875207056,-1.6574574595236022,0.017182254452708462,12,0.0236178064823592
233,-3.0646757539080145,-1.6690520685334604,0.016073875598181065,7,0.011506444994676904
233,-3.0298493485143947,1.463874244936808,0.016204280671541584,10,0.02177932532845655
233,-3.1599009148444464,1.470272661380879,0.017130671337817868,8,0.0
234,-3.0477579212707284,-1.671993587107357,0.016086448226174516,10,0.022206958090272726
234,-3.0368478635442444,1.4610288356338852,0.015057524292693945,10,0.0
234,-3.1589973415917205,1.469852660006504,0.017126133797504276,8,0.0
235,-3.02335555681051,1.4618163558598671,0.015494810894851932,9,0.017949189397979702
235,-3.160709073883115,1.460662834086141,0.016137551626767967,9,0.0
236,-3.1347159135683658,-1.6729220063471761,0.016240698959864838,12,0.04869901621543472
236,-3.039211505942905,1.4646449023188086,0.016056325702313412,11,0.0
237,-3.0413324448221397,1.462032477515124,0.017590518223676722,10,0.0023910736199591626
238,-3.1832512638270023,-1.6734272253946108,0.015700923292956137,5,0.0
239,-3.0387115096765607,1.4584597085812812,0.015250917466760881,10,0.0
240,-3.0463891821134546,-1.6666190816477713,0.01597134485103056,10,0.024215866722021178
240,-3.0405438161696643,1.4603293211695274,0.016035724820082833,10,0.001851747760957883
241,-3.0381226786203874,-1.6578150498133848,0.016840244351007415,9,0.00851771662309658
241,-3.0448766345533773,1.45284431041361,0.01606177052469015,10,0.0
241,-3.173382070120062,1.4619872118351465,0.016383974906500485,8,0.02013846200064466
242,-3.0507243009072025,-1.668496281193653,0.0161973865976612,15,0.02322398649157237
242,-3.0199296308431007,1.4703638435666888,0.01573910121967486,10,0.018700362414409824
242,-3.1562615943273693,1.4723064501911678,0.017587643778068332,8,0.0
243,-3.024561868931367,-1.6504445613213075,0.01673381062824009,9,0.022952967043824345
243,-3.006987674954888,1.4707394277166648,0.015941225227485364,11,0.0
243,-3.181597762607849,1.4608638676935033,0.016460374747258002,9,0.019235135601828324
244,-3.116635662518295,-1.6700407545348284,0.016731188057131856,12,0.06131734543823184
244,-3.006987674954888,1.4707394277166648,0.015941225227485364,10,0.0
244,-3.17352129121992,1.4694838562157466,0.016468593977439706,9,0.023423055139206568
245,-3.0405438161696643,1.4603293211695274,0.016035724820082833,10,0.001851747760957883
246,-3.152340996534639,-1.66575715358984,0.017546357649962437,12,0.0
246,-3.0395109090814296,1.4600058597546508,0.015017156310914541,10,9.663402603315307e-05
247,-3.1664824834188057,-1.6724981926811997,0.016591479770099817,6,0.02070936522239295
247,-3.0524318939352826,-1.6697481303410808,0.015413722307867292,9,0.02431374312555748
248,-3.040598906419303,-1.657875942469797,0.01650652303276616,9,0.018528944092840973
248,-3.041386763051288,1.4609051798836967,0.015094848877897651,10,0.0
248,-3.190180899455812,1.4643900014216695,0.016262752175659298,8,0.0
249,-3.1580961331364166,1.469434943681715,0.017119735225339175,9,0.0
250,-3.1749331759184316,-1.6875287757325588,0.016621135569772884,6,0.0
250,-3.0589423235598416,-1.6681295841065604,0.016065510550246145,9,0.02147277099692218
251,-3.041181198179239,-1.6709501209880528,0.016083887602558033,9,0.023292667771322304
252,-3.0585761676905836,-1.6659647910845348,0.015868121098586964,9,0.020089779973834092
252,-3.009659809914547,1.4720456618319266,0.015966760638870856,10,0.0
253,-3.0538534750654804,-1.647224346888399,0.014841120188105865,9,0.0
254,-3.1664880106898363,-1.6724883506428445,0.014487433360114318,11,0.019249772799155816
254,-3.0353485291855495,-1.6639445610485728,0.016846658502741033,10,0.0
254,-3.176360309889836,1.4629463310799384,0.016207387268289547,9,0.01800456864203998
255,-3.180979170064723,-1.6722331622673532,0.016123083068361438,5,0.0
255,-3.026056734770506,1.4631213181062028,0.015522461706864285,10,0.01797377933225485
256,-3.1814793871167777,-1.672492864690454,0.015697534948429848,5,0.0
256,-3.0684525317823086,-1.6743941201424595,0.01716271934237569,7,0.02357103827770015
256,-3.0438665659847555,1.4596177834685153,0.01607360804452615,10,0.0
256,-3.1910896088233485,1.4648074501212855,0.01626357479074442,9,0.0
257,-3.1759098880514416,1.462728130995183,0.017167451829310842,9,0.01708645995568727
258,-3.0577579282569918,-1.6720848717194743,0.016485566878428413,10,0.026670322927184558
258,-3.0401271461778023,1.465085804265056,0.01607196007083889,10,0.0
259,-3.069330585700492,-1.6748731635132015,0.017175101117174053,7,0.023589358575560194
259,-3.038587840547223,1.463357455901745,0.016299104729437228,11,0.007721333921953372
259,-3.1605885120593027,1.4609290147606915,0.017154205433768305,9,0.0
260,-3.0245482196882865,1.4660201313166654,0.01622301802732016,9,0.021749855693905782
261,-3.059837446487231,-1.6673898878450237,0.016045463617876298,9,0.020548743974125788
261,-3.0374458381858855,1.4631701107628783,0.014740158452367714,10,0.0
262,-3.0482111053880483,-1.6719377216284748,0.0159715420955798,10,0.02278418133042952
262,-3.0246677442235965,1.4659717552936995,0.01643952821156952,10,0.022482238273708932
263,-3.0538534750654804,-1.647224346888399,0.014841120188105865,9,0.0
264,-3.033586054381095,-1.66298217919176,0.01728155232409733,9,0.00854070497019972
265,-3.041636466190928,-1.671200753746317,0.016013634936627923,11,0.023384994745445892
266,-3.1599414031874145,-1.6611694383578215,0.014448907387311105,6,0.0
266,-3.0470416061640506,-1.6664738651427657,0.015979863661362184,10,0.018643329677972865
266,-3.1690611066964105,1.463592471387023,0.016752364842401744,9,0.02103900085092212
268,-3.1656048138018553,-1.6720226323604077,0.014482146589224266,6,0.019243845840652397
269,-3.0263161708366484,-1.6514009669534286,0.016747838881944064,9,0.022971274907211795
269,-3.1764562623969965,1.464234840488132,0.01669481671876774,9,0.02302902306434703
270,-3.1744761664942223,1.4658341349857786,0.017171066111858244,9,0.023783590229766522
271,-3.0395626847506936,1.460029989320684,0.015072235988718862,9,0.0
271,-3.1910684564129874,1.4596416751869339,0.016088626969627734,9,0.0
273,-3.0874014958756186,-1.673059661064469,0.016084602168007365,12,0.0
273,-3.1598099396156547,1.4602476012443122,0.016127924978288126,9,0.0
274,-3.03622566190104,-1.6644278661465495,0.016848127921591922,10,0.0
275,-3.0439041816604573,-1.6686014512808114,0.015550452262210253,9,0.024243280353340706
276,-3.170687676145052,-1.6753535976942362,0.01627315256865655,5,0.020161305185306625
276,-3.025872048101864,1.4653964654834177,0.016012252095815735,10,0.023834555846504443
277,-3.185023540298657,-1.6743573874067343,0.01570264861114007,5,0.0
277,-3.069330585700492,-1.6748731635132015,0.017175101117174053,7,0.023589358575560194
278,-3.1849135858395328,-1.6743001979704326,0.01655805329986379,5,0.0
278,-3.02372530601827,1.4667573166225851,0.015516499462070257,10,0.020700003360067918
279,-3.1857035233490008,-1.6747154610548125,0.017431633212686308,5,0.0
279,-3.0494939175527627,-1.6712777445327163,0.015943625753245906,10,0.023615181637472303
279,-3.0258636908937357,1.4653957540665665,0.01600893735836659,10,0.023361482959812926
280,-3.1827516703941128,-1.6731627125498185,0.016124584545510922,5,0.0
280,-3.069330585700492,-1.6748731635132015,0.017175101117174053,7,0.023589358575560194
280,-3.1589973415917205,1.469852660006504,0.017126133797504276,8,0.0
281,-3.1827516703941128,-1.6731627125498185,0.016124584545510922,5,0.0
281,-3.0263161708366484,-1.6514009669534286,0.016747838881944064,9,0.022971274907211795
281,-3.1745928709798825,1.4671211969015001,0.016691655008041796,8,0.019238564840978002
282,-3.1832512638270023,-1.6734272253946108,0.015700923292956137,5,0.0
282,-3.0684525317823086,-1.6743941201424595,0.01716271934237569,7,0.02357103827770015
283,-3.182475553337869,-1.6749896434424267,0.01628418976823151,5,0.003160435773921502
283,-3.0234843900505166,1.4715165067898701,0.016018049872158692,10,0.016015372848147337
284,-3.0326679321255603,1.4674921525196487,0.01624794534828691,10,0.02217891154188373
284,-3.1607994649026483,1.4706907905981428,0.01713955825576217,8,0.0
285,-3.0469663587437577,-1.670285738984954,0.016638653312096973,10,0.023713270533304888
285,-3.03945447435455,1.467240782278856,0.01510314996651284,10,0.0
286,-3.1901847691917893,1.4667800247800933,0.016264849932968815,9,0.0
287,-3.0383819581624176,-1.674524759343851,0.016322965637918727,10,0.01965606453311683
287,-3.009659809914547,1.4720456618319266,0.015966760638870856,10,0.0
288,-3.042967089821074,1.4591849965154262,0.01607513838237979,10,0.0
288,-3.157198607010653,1.4690172904406573,0.01710974164027971,9,0.0
289,-3.0493616093347478,-1.6713789083226782,0.015960671491995333,10,0.02376274291162616
289,-3.157198607010653,1.4690172904406573,0.01710974164027971,9,0.0
290,-3.053527260526939,-1.671298692768692,0.015835426552256494,10,0.02465266301729705
290,-3.041386763051288,1.4609051798836967,0.015094848877897651,11,0.0
290,-3.157198607010653,1.4690172904406573,0.01710974164027971,8,0.0
291,-3.042955341208899,1.4591793641397401,0.016062380076190003,11,0.0
293,-3.180703273162112,-1.6740553225473245,0.016280194425962013,5,0.0031602251205258445
293,-3.0280717074913066,-1.6523589921212356,0.016761351864630656,9,0.022990550523687325
293,-3.02549206500157,1.46580679103023,0.01577658172195645,11,0.01874887146709521
294,-3.182475553337869,-1.6749896434424267,0.01628418976823151,5,0.003160435773921502
294,-3.1580961331364166,1.469434943681715,0.017119735225339175,8,0.0
295,-3.0547297236688737,-1.6476974774971354,0.014845867560852977,9,0.0
295,-3.1910896088233485,1.4648074501212855,0.01626357479074442,8,0.0
296,-3.02650594020366,1.4644620952686926,0.015530319019745626,10,0.02576203934167502
296,-3.167823788479018,1.4667275711807868,0.016669840409623854,9,0.022056999862354435
297,-3.1612968817002702,-1.6670902234035534,0.0159468643009766,7,0.019774837161788773
297,-3.031667730852022,-1.6695911248078485,0.016047350361449955,8,0.011692254175430244
297,-3.1955118091499997,1.4567865986106918,0.017249603196630298,9,0.0
298,-3.02264466156117,1.4716725713668866,0.015774565926734218,10,0.018722967200697545
298,-3.1607994649026483,1.4706907905981428,0.01713955825576217,8,0.0
299,-3.1755044437441384,1.4675412440401199,0.0167016783536577,8,0.01924297356264877
300,-3.0078775302189724,1.4711751474983203,0.01595089614710532,10,0.0
300,-3.1580961331364166,1.469434943681715,0.017119735225339175,8,0.0
301,-3.0521476152248477,-1.6708426624356805,0.01601370926452449,10,0.024827904702220512
301,-3.00983584862086,1.4649037261016242,0.01594041051861191,11,0.0
301,-3.1618499877838437,1.4637235444810033,0.01711956170543149,8,0.0
302,-3.0451343501883477,1.457749043039065,0.01510974189238593,11,0.0
302,-3.1589973415917205,1.469852660006504,0.017126133797504276,8,0.0
303,-3.0563939924162327,-1.6731595979190226,0.01613569287613927,10,0.025010012978428357
304,-3.1589973415917205,1.469852660006504,0.017126133797504276,8,0.0
305,-3.041216333252976,-1.6709700380396981,0.015947452633768903,11,0.0236437717254601
305,-3.0438665659847555,1.4596177834685153,0.01607360804452615,10,0.0
305,-3.175833720286743,1.4664169558853857,0.017183356941546976,8,0.0203293059601836
306,-3.1876624687310415,-1.6678594349007476,0.01699115025596385,6,0.0
306,-3.0587515971520363,-1.6689108671786947,0.016103059624846778,10,0.02346416399068921
307,-3.0247938310959834,1.4729744668448654,0.015690378532727336,11,0.0207030102050138
308,-3.044531348651951,-1.6689297857206005,0.016292500232738254,9,0.026503894446566895
308,-3.0401353180532005,1.466648277489052,0.01669185074229926,11,0.001785194779809634
308,-3.1589973415917205,1.469852660006504,0.017126133797504276,8,0.0
309,-3.181762714901458,-1.67264515149459,0.01698865943182673,5,0.0
309,-3.0087720405785725,1.4716121439933927,0.015955494640543178,10,0.0
309,-3.1589973415917205,1.469852660006504,0.017126133797504276,8,0.0
310,-3.0467682844117228,-1.6701705423552236,0.01575856272251136,11,0.024484078553778696
310,-3.160709073883115,1.460662834086141,0.016137551626767967,9,0.0
311,-3.0447445774357798,-1.6556687500962834,0.016569034186155705,11,0.017821203753847867
311,-3.1859360587424055,1.4664476581334929,0.01623613998253981,9,0.005129936021858577
312,-3.0344628107487965,-1.6634635027870308,0.017282642878578523,9,0.008544726262494959
313,-3.182365889310122,-1.672959937426443,0.015699263017125327,6,0.0
315,-3.0612129284908414,-1.6673957680203741,0.015872114283133353,9,0.020099932766584193
315,-3.039214659053035,1.4646464219159625,0.01605975313454801,10,0.0
315,-3.1628755266107813,1.45675759351959,0.017108308537045914,8,0.0
316,-3.0710884818350754,-1.675833598234557,0.017194043417116285,6,0.023619764318325135
316,-3.0438665659847555,1.4596177834685153,0.01607360804452615,10,0.0
317,-3.1817618568930075,-1.6746139929403272,0.015523162302981966,5,0.0032045151861958207
317,-3.0280717074913066,-1.6523589921212356,0.016761351864630656,9,0.022990550523687325
317,-3.0194560138484468,1.4744106006838624,0.015509828117556107,11,0.017914779299419932
319,-3.025436337234953,-1.6509195787865223,0.016732823477955728,10,0.0229462831706598
320,-3.0399882990083906,-1.6702962632542744,0.015597260585002609,11,0.023010559081935413
321,-3.039434601681718,1.4674117593844218,0.01614723849896176,10,0.0
322,-3.1818658386613605,-1.6726959623945508,0.016123584422706883,5,0.0
322,-3.0401254742973567,1.4650849985155783,0.01607014269525614,11,0.0
322,-3.173086262933354,1.4694719292722853,0.01679432387407238,9,0.019982736185165547
323,-3.1599414031874145,-1.6611694383578215,0.014448907387311105,6,0.0
323,-3.0456757609805085,-1.6561712680655356,0.01606850890978384,9,0.018750394605696448
323,-3.018118940938628,1.4653574000624623,0.015955978519507242,10,0.02144113747813764
323,-3.1775308094878403,1.470322875876963,0.015413647934530508,8,0.019398218187927762
324,-3.0399882990083906,-1.6702962632542744,0.015597260585002609,15,0.023010559081935413
324,-3.021685861442332,1.4706409971963939,0.01600480700647628,11,0.01599983022811753
324,-3.1935927067928653,1.463402202220554,0.017254501733649934,9,0.0
325,-3.0425132617554214,-1.6716816387607358,0.016014988111458406,9,0.023388405019482795
325,-3.188922801494323,1.4687551665104748,0.017245430000130534,8,0.0
326,-3.052725781860572,-1.6631807490986426,0.016040226519986264,9,0.025668525630752646
326,-3.0300934853224835,1.4651994792321734,0.016402281653645625,10,0.023297804631140444
327,-3.04118233076929,-1.6581938030631662,0.016804459138242214,9,0.018841337685414905
327,-3.00983584862086,1.4649037261016242,0.01594041051861191,9,0.0
328,-3.180593350103981,-1.6720302974664634,0.01569767702967317,5,0.0
328,-3.0666964445409564,-1.6734348643518082,0.017149244503717992,7,0.02355117466653537
328,-3.1883585739787024,1.4659417629781961,0.01625473548402105,8,0.0
329,-3.182365889310122,-1.672959937426443,0.015699263017125327,5,0.0
330,-3.18666058732219,-1.6673405790097657,0.016550195255767508,6,0.008714478487420433
330,-3.044137866619811,-1.6687285364327504,0.01575392071000167,10,0.02447060192466986
332,-3.0396259206129503,1.463528300180623,0.015271309370290326,10,0.0
333,-3.0562712086962374,-1.664143820592501,0.016198402793072726,10,0.02751642167394981
334,-3.0558868602562543,-1.6731870902866177,0.016328916383160422,10,0.025246618285217695
334,-3.006987674954888,1.4707394277166648,0.015941225227485364,10,0.0
334,-3.157198607010653,1.4690172904406573,0.01710974164027971,8,0.0
335,-3.0375003416702313,-1.6651241228051692,0.01729173464104564,9,0.0
335,-3.042080266368626,1.462392683543235,0.016663052098557705,10,0.0
335,-3.1589973415917205,1.469852660006504,0.017126133797504276,8,0.0
336,-3.178044912478258,-1.6726575993494626,0.01627501410821909,5,0.003155983658896888
336,-3.1765397911110496,1.4617420311885874,0.01668730878954163,8,0.018055536174796584
337,-3.180593350103981,-1.6720302974664634,0.01569767702967317,5,0.0
337,-3.0078775302189724,1.4711751474983203,0.01595089614710532,10,0.0
338,-3.180593350103981,-1.6720302974664634,0.01569767702967317,6,0.0
338,-3.0666964445409564,-1.6734348643518082,0.017149244503717992,6,0.02355117466653537
338,-3.044777796247619,1.46005620672407,0.0160848427717245,10,0.0
339,-3.0399543846712413,-1.6702743485900178,0.016607523536092746,11,0.024073969804599298
339,-3.029734613939625,1.4818640914498302,0.01605090718995006,10,0.0
340,-3.053458926256505,-1.6672346167163887,0.016249396781492606,9,0.02287226311062453
342,-3.0263161708366484,-1.6514009669534286,0.016747838881944064,9,0.022971274907211795
342,-3.0440297189148224,1.4540818873772605,0.017586066579966482,11,0.0
343,-3.0451882332375413,-1.673141852974453,0.016073000026739732,9,0.021590360940142276
343,-3.0263907257399314,1.4609047231998225,0.0150403192805053,10,0.015051023592623194
344,-3.053742978364542,-1.6471652471350766,0.015852298963204368,9,0.0
344,-3.029375014486222,1.467112119222352,0.016026353132016568,10,0.021626294030334885
345,-3.0281695012824272,-1.644801096098808,0.01567038514349227,9,0.01922820119416687
346,-3.1581846788796133,-1.6602490506207737,0.014432017410448063,5,0.0
346,-3.0555280526182873,-1.6689783568459768,0.016427236399262697,11,0.023278145671560037
346,-3.0414537510953417,1.460766617605213,0.016045490326363737,10,0.001845210333353847
347,-3.0242430071218176,1.4615716995180068,0.015792285612171872,11,0.02306785272547672
347,-3.160711220702174,1.458291975791841,0.016129473014502373,9,0.0
348,-3.164719484588772,-1.6715543303744993,0.014475873965308377,6,0.01923310985271655
348,-3.0409609888767135,-1.66826377079731,0.01629690785543338,9,0.019484620369839032
349,-3.0467008800003175,-1.671437819759241,0.015811358287518052,10,0.02523482372598767
350,-3.0387302050390708,1.4594583187972976,0.016023175342466625,10,0.0018482291198979237
351,-3.180593350103981,-1.6720302974664634,0.01569767702967317,5,0.0
351,-3.0228038884884376,1.4603045749277772,0.015971942934582255,11,0.01992843613386306
351,-3.1563000480858925,1.4685991566354664,0.01710086458864482,9,0.0
352,-3.138082530758553,-1.667631642363597,0.015280113370479331,12,0.04588956202931471
352,-3.0386670556159,1.461904131652263,0.01507706421129756,10,0.0
353,-3.1800933388945483,-1.6717664122095706,0.01612208338930253,5,0.0
353,-3.0675749776784604,-1.6739150661920106,0.01715090983163345,7,0.023553908215141063
354,-3.1676843174877387,-1.6691478452793724,0.015920127758515003,6,0.021037093013231662
355,-3.1917665116055898,1.4625633870109338,0.017244675957143622,9,0.0
356,-3.024561868931367,-1.6504445613213075,0.01673381062824009,9,0.022952967043824345
356,-3.031104828866334,1.4499255187468965,0.015995149978011002,10,0.021539460613337176
357,-3.173068251354428,1.468886314377472,0.017175816469280784,8,0.017130312891177356
358,-3.0432142646834857,-1.6720676388210989,0.01584265026585152,11,0.023136164893601627
359,-3.041147953514719,1.4583163743140388,0.01605908585373497,11,0.0
360,-3.0496711628352684,-1.667909231570629,0.01647019027176262,10,0.02174833727846737
360,-3.0420530297333053,1.458749529836524,0.01606283907041947,10,0.0
361,-3.184888554343846,-1.6664116562905682,0.017420528153417568,7,0.008754286706667854
361,-3.0456580463498604,-1.6695630376001807,0.015553518957317844,9,0.02425239652315772
361,-3.0420530297333053,1.458749529836524,0.01606283907041947,10,0.0
362,-3.048170689088547,-1.6670889571227727,0.016267842299740355,11,0.02165531217352436
362,-3.0241725611980703,1.4669758148701213,0.015518798708789187,10,0.02047354567452297
363,-3.0400376713441486,1.4618352921820688,0.01630990781295694,10,0.0036128713389687933
364,-3.0372451179089417,-1.657334016488778,0.016839428591400453,10,0.008514363194527554
364,-3.0408352576621054,1.4602237936560516,0.016330972933759718,10,0.002725114191820417
365,-3.0408637158939618,1.4596564523850946,0.016423774194516162,10,0.003171195970165187
365,-3.191106230615633,1.4672039645625892,0.016278635475516636,8,0.0
366,-3.042955341208899,1.4591793641397401,0.016062380076190003,10,0.0
366,-3.173691688101221,1.4678986576103754,0.016687295786624264,8,0.018034159774505593
367,-3.0367270300790827,1.4659241622740888,0.015074280952484689,10,0.0
368,-3.0407596939223707,-1.6707186816018207,0.016012072965618695,10,0.023380163681222702
369,-3.1821149134111417,-1.6747998219056424,0.015899133379883582,5,0.003181971705712265
369,-3.020626637368595,1.4773786946906236,0.016016633259069844,11,0.016045768192698893
370,-3.1821149134111417,-1.6747998219056424,0.015899133379883582,6,0.003181971705712265
370,-3.0282254064277923,1.4695329411899687,0.016232856974907364,10,0.01905366990109561
371,-3.0569099952443524,-1.665628828266102,0.015762390468114906,11,0.024807047548209307
372,-3.162354442982923,-1.6781589380071842,0.014480593294873901,7,0.019231444088140315
372,-3.043208297194766,1.4578916759345044,0.016574037163474893,10,0.002526594155337493
372,-3.1921081670518054,1.460171248351646,0.016258049804636295,8,0.0
373,-3.056184004694249,-1.6686748277721162,0.01618259735524743,10,0.02818975509692822
373,-3.0408743057172765,1.4608309124749692,0.017500500183188553,11,0.0
374,-3.150075825609342,-1.6665834327354427,0.015415293971962372,7,0.0
374,-3.0321055053714994,-1.6698322884381662,0.015657029423848542,8,0.011686885105294087
374,-3.0386569695714423,1.459595927436026,0.015067462681645629,10,0.0
375,-3.123292700379378,-1.6631116357340476,0.01602057692443576,12,0.0323305894258018
376,-3.0512511954687382,-1.668784203650151,0.015893430856806574,9,0.02316726692633038
377,-3.0538534750654804,-1.647224346888399,0.014841120188105865,9,0.0
378,-3.0308055314842317,-1.6462331257095657,0.015688606820399735,9,0.019255063494143805
378,-3.0415205535388967,1.460627478626319,0.016116330086535596,10,0.0
379,-3.1581846788796133,-1.6602490506207737,0.014432017410448063,6,0.0
379,-3.0381226786203874,-1.6578150498133848,0.016840244351007415,10,0.00851771662309658
379,-3.04145795822822,1.4607683630890786,0.01692816027603372,10,0.0
380,-3.038306050170052,1.464207928237016,0.01605097979751054,10,0.0
381,-3.0317214703249817,-1.669614094008891,0.016407085851216165,9,0.0
382,-3.0370054848759422,-1.673766036272773,0.0164406476919476,10,0.019542530358922186
382,-3.1910896088233485,1.4648074501212855,0.01626357479074442,9,0.0
383,-3.169448974569987,-1.6700796247964602,0.015927422322486392,6,0.02104238819605473
383,-3.0395730818175677,1.46233948574685,0.015082102777035195,10,0.0
384,-3.0512423214192066,-1.6690369541257426,0.016167087785634214,10,0.027343302707214513
385,-3.1836374904183726,-1.6736302942789396,0.01612675732968033,5,0.0
386,-3.1827516703941128,-1.6731627125498185,0.016124584545510922,5,0.0
386,-3.0629450178938216,-1.659807673319037,0.017594565367909404,7,0.0
386,-3.021685861442332,1.4706409971963939,0.01600480700647628,10,0.01599983022811753
386,-3.173018030590268,1.4694858682358094,0.016727165214270045,8,0.019967723538357626
387,-3.1833614213904093,-1.6754553381126693,0.016285343947384227,5,0.0031618843384966155
387,-3.0710884818350754,-1.675833598234557,0.017194043417116285,7,0.023619764318325135
387,-3.039612057343331,1.4627757443455458,0.016334195389925216,10,0.003073745599341225
388,-3.0530059868850934,-1.669744475920244,0.015896754945068165,9,0.023177131854295083
388,-3.03945447435455,1.467240782278856,0.01510314996651284,10,0.0
388,-3.1563000480858925,1.4685991566354664,0.01710086458864482,8,0.0
389,-3.180593350103981,-1.6720302974664634,0.01569767702967317,5,0.0
390,-3.1815892346836376,-1.6745224946117974,0.01628175323965464,5,0.0031610985721691335
391,-3.0516898979529383,-1.6735867124085688,0.016047592097967675,9,0.022729556205832276
391,-3.0248150892825847,1.4615959443093343,0.01534094975167694,10,0.01888648322094967
392,-3.0396196012144054,1.4588953067787698,0.015257838510231747,10,0.0
392,-3.1589973415917205,1.469852660006504,0.017126133797504276,8,0.0
393,-3.0702104258361675,-1.6753545532464178,0.01718165064555143,7,0.023601426556340913
393,-3.0404760936300153,1.4604682829709148,0.015085352796807514,9,0.0
395,-3.1798176109527905,-1.6735907121412614,0.01627915043505638,5,0.0031567600420961362
395,-3.1580961331364166,1.469434943681715,0.017119735225339175,8,0.0
396,-3.149206093608964,-1.6555280949445639,0.017547765991684297,5,0.0
396,-3.0290392173603164,-1.668146850337264,0.01626050384789482,10,0.012574931976744025
397,-3.1840271282488133,-1.6738351567127718,0.016556907726296127,6,0.0
398,-3.057325361899928,-1.6715925116023396,0.016293539406658362,10,0.02626134566414987
398,-3.024625237619619,1.468707220521521,0.016504934672934984,10,0.0247865890287499
399,-3.032106106190273,-1.6698302876784892,0.016401964500988596,9,0.00851606294382863
399,-3.0402350499788118,1.4679608990106068,0.017098647032518025,10,0.0
400,-3.1591496771211176,1.4624750102260984,0.017094323573032012,8,0.0
401,-3.069330585700492,-1.6748731635132015,0.017175101117174053,7,0.023589358575560194
401,-3.04611830625788,1.4486610155834718,0.015084156107087162,10,0.0
402,-3.1668628054198997,-1.6687236532339362,0.016665095508232208,6,0.021650617831782386
402,-3.046836101669016,-1.6472559658241932,0.015975174612378424,8,0.0
403,-3.1857994345660647,-1.6747652616037962,0.0165586186090676,6,0.0
403,-3.07196540585773,-1.6763113454160048,0.017198045486465977,6,0.023624445534396098
404,-3.0407555019276846,-1.655419785405087,0.017112002925796302,10,0.013930388718195564
404,-3.006987674954888,1.4707394277166648,0.015941225227485364,10,0.0
405,-3.0225848511248836,1.4710784967636577,0.01600833965992985,10,0.01600335964943282
405,-3.175833720286743,1.4664169558853857,0.017183356941546976,10,0.0203293059601836
406,-3.05854957479364,-1.6745506575656441,0.01647110656314043,9,0.020885479653115865
406,-3.038717001686726,1.4630908213590352,0.015263104159583483,10,0.0
406,-3.190842855142972,1.4621429567484614,0.01722962345587428,8,0.0
407,-3.1916216638750865,1.4675076501716018,0.0158789350100904,9,0.0
408,-3.042688805508498,-1.6717781661202384,0.01619028740965748,9,0.023695387005767687
409,-3.069330585700492,-1.6748731635132015,0.017175101117174053,6,0.023589358575560194
409,-3.1627042143380746,1.4553194875859605,0.01620018676318883,10,0.0
410,-3.055604223014351,-1.648168637061336,0.014852407218664074,10,0.0
411,-3.020787287584159,1.4702029875628533,0.015989493537194727,10,0.01598027578262378
412,-3.041636466190928,-1.671200753746317,0.016013634936627923,11,0.023384994745445892
412,-3.0282254064277923,1.4695329411899687,0.016232856974907364,10,0.01905366990109561
413,-3.180703273162112,-1.6740553225473245,0.016280194425962013,5,0.0031602251205258445
413,-3.042080266368626,1.462392683543235,0.016663052098557705,10,0.0
414,-3.1849135858395328,-1.6743001979704326,0.01655805329986379,6,0.0
414,-3.0228273652853943,1.4663217796844639,0.015509144719391462,10,0.020689418870800835
414,-3.1580961331364166,1.469434943681715,0.017119735225339175,9,0.0
415,-3.0450148010371563,-1.6692093281598723,0.015755610951579256,9,0.024475142235121282
415,-3.193930553905677,1.4586168005546085,0.016268665390327872,9,0.0
416,-3.042896196397689,-1.6546701466676972,0.01714635137893498,9,0.01672647743284402
416,-3.0367270300790827,1.4659241622740888,0.015074280952484689,10,0.0
417,-3.0414609636895538,-1.6711050170619945,0.015839905905932275,10,0.023128233368566477
417,-3.007155068051751,1.4636007178955117,0.015921035061287496,11,0.0
418,-3.04950858946399,-1.6644070573351735,0.016324982249222908,9,0.022809535527470157
418,-3.0438665659847555,1.4596177834685153,0.01607360804452615,10,0.0
419,-3.0354186557535447,-1.667785137121256,0.01548993417496473,11,0.022906177533036184
419,-3.0401271461778023,1.465085804265056,0.01607196007083889,11,0.0
419,-3.157198607010653,1.4690172904406573,0.01710974164027971,8,0.0
420,-3.0601243879991475,-1.665169225396358,0.016110781848199855,10,0.025965423942084054
420,-3.0420530297333053,1.458749529836524,0.01606283907041947,11,0.0
421,-3.0684525317823086,-1.6743941201424595,0.01716271934237569,6,0.02357103827770015
422,-3.0385618927773317,-1.6580528537209718,0.01728395816891961,10,0.008539491487947899
422,-3.173975787924434,1.4693068251792138,0.017184730803686585,8,0.017141704815744625
423,-3.069330585700492,-1.6748731635132015,0.017175101117174053,12,0.023589358575560194
423,-3.1563000480858925,1.4685991566354664,0.01710086458864482,10,0.0
424,-3.0395730818175677,1.46233948574685,0.015082102777035195,9,0.0
425,-3.0594166992131067,-1.6685514931696512,0.016361299224272548,10,0.027886262394116224
425,-3.0358746208957723,1.4689834711055183,0.015264488911672152,10,0.0
426,-3.1608088511347407,-1.6655327301454088,0.016223901598327872,6,0.01971373519300254
426,-3.033579988850253,-1.6502488126820456,0.01663584610441946,8,0.02398281559593291
426,-3.0284492200650246,1.4700288279305704,0.015769910570281504,10,0.01841784630598738
426,-3.173939952404414,1.4692908516903964,0.014987959924346376,9,0.01836103079743933
427,-3.0648817219903437,-1.6673719006302508,0.01587569596259652,10,0.02337817363847463
427,-3.1628755266107813,1.45675759351959,0.017108308537045914,10,0.0
428,-3.0480122071163733,-1.6709968426785948,0.015922968264746193,10,0.023787980239777125
429,-3.182365889310122,-1.672959937426443,0.015699263017125327,5,0.0
431,-3.030354200402133,-1.6688644474150056,0.01639967326736487,10,0.008511202265287248
432,-3.1896729458407638,1.46670935395713,0.016779035539255666,9,0.0012588978773852826
433,-3.178044912478258,-1.6726575993494626,0.01627501410821909,5,0.003155983658896888
433,-3.157198607010653,1.4690172904406573,0.01710974164027971,8,0.0
434,-3.0280717074913066,-1.6523589921212356,0.016761351864630656,9,0.022990550523687325
434,-3.1580961331364166,1.469434943681715,0.017119735225339175,9,0.0
437,-3.1835350605943518,-1.6735744798730992,0.016989906455035952,5,0.0
437,-3.042116135301084,1.463648494501463,0.015593996369118669,11,0.006744795126533201
437,-3.193930553905677,1.4586168005546085,0.016268665390327872,9,0.0
438,-3.044777796247619,1.46005620672407,0.0160848427717245,10,0.0
439,-3.0357782255160597,-1.664184184775897,0.015967544290239503,10,0.008485278158677723
441,-3.0078775302189724,1.4711751474983203,0.01595089614710532,10,0.0
441,-3.188245891785343,1.470996438542828,0.016267423218988424,8,0.0
442,-3.0078775302189724,1.4711751474983203,0.01595089614710532,11,0.0
443,-3.00860994064324,1.4751508503844175,0.016544899093417432,11,0.0
444,-3.0495649181747377,-1.671491599193669,0.015801738265303494,10,0.02359116417799226
444,-3.007723152504749,1.4747150546489693,0.016533540788928443,10,0.0
445,-3.0425132617554214,-1.6716816387607358,0.016014988111458406,10,0.023388405019482795
445,-3.0325958854284356,1.4660460447451826,0.015799630847915132,10,0.018954064626244445
447,-3.157198607010653,1.4690172904406573,0.01710974164027971,8,0.0
448,-3.1580961331364166,1.469434943681715,0.017119735225339175,8,0.0
449,-3.147886261485303,-1.6728161157647226,0.015954297958872685,12,0.045694872453358355
449,-3.0254328981150316,1.4652123633686451,0.01600756800910437,11,0.015972844251685214
449,-3.164726836068223,1.4550504995561007,0.015866857846784137,9,0.0
450,-3.050200641971846,-1.6643708484050583,0.016638689745591732,11,0.023712649384729462
451,-3.1827516703941128,-1.6731627125498185,0.016124584545510922,5,0.0
451,-3.0702104258361675,-1.6753545532464178,0.01718165064555143,7,0.023601426556340913
451,-3.0105149614046716,1.4604787591762567,0.01496385106664828,10,0.0
451,-3.1831948946829143,1.481111271261022,0.01723816803293501,9,0.0
452,-3.1844208697374743,-1.6740421767539673,0.01699211198744279,5,0.0
452,-3.0702104258361675,-1.6753545532464178,0.01718165064555143,7,0.023601426556340913
453,-3.0985024114739312,-1.659686573447403,0.017343730351989526,12,0.0
454,-3.1833614213904093,-1.6754553381126693,0.016285343947384227,5,0.0031618843384966155
455,-3.0528673565794158,-1.6466924415586308,0.015846918113596713,9,0.0
456,-3.0418121424447864,-1.6712958858269829,0.016189283522570826,9,0.023693998044239793
456,-3.1910896088233485,1.4648074501212855,0.01626357479074442,9,0.0
457,-3.0404801134120025,-1.6705647709677538,0.01625613696494458,12,0.02348966145903695
457,-3.0306396692184348,1.4823085200485262,0.0160598091995932,10,0.0
459,-3.0675749776784604,-1.6739150661920106,0.01715090983163345,7,0.023553908215141063
460,-3.0425132617554214,-1.6716816387607358,0.016014988111458406,10,0.023388405019482795
461,-3.0423375878830385,-1.6715865066500541,0.015841014113204023,11,0.02313080496796704
462,-3.0277139079223017,-1.671242276028008,0.016141785449681187,10,0.00999508370155477
462,-3.0087720405785725,1.4716121439933927,0.015955494640543178,10,0.0
463,-3.0242497270199657,1.4622488239912357,0.015505762940074174,11,0.01796531935263476
464,-3.0308055314842317,-1.6462331257095657,0.015688606820399735,9,0.019255063494143805
465,-3.182365889310122,-1.672959937426443,0.015699263017125327,5,0.0
466,-3.1609504172434395,1.46330739886321,0.017110700152739928,9,0.0
468,-3.1815892346836376,-1.6745224946117974,0.01628175323965464,5,0.0031610985721691335
469,-3.1912055021451273,1.462959132718627,0.015813241975994013,9,0.0
470,-3.0308055314842317,-1.6462331257095657,0.015688606820399735,9,0.019255063494143805
470,-3.176360309889836,1.4629463310799384,0.016207387268289547,9,0.01800456864203998
472,-3.180593350103981,-1.6720302974664634,0.01569767702967317,5,0.0
472,-3.0684525317823086,-1.6743941201424595,0.01716271934237569,7,0.02357103827770015
473,-3.03884667933508,-1.6569205859924512,0.016500487991170074,11,0.01852812736342319
473,-3.041147953514719,1.4583163743140388,0.01605908585373497,11,0.0
474,-3.1822791707959976,1.4806848065496847,0.017227901880025896,10,0.0
475,-3.0969500803741425,-1.67024932685667,0.016946717554374508,12,0.052945603979691024
476,-3.045657509171516,-1.6695607261785783,0.015956907761637506,10,0.024568941024611234
476,-3.173975787924434,1.4693068251792138,0.017184730803686585,8,0.017141704815744625
477,-3.0427930373823497,-1.6679916899460265,0.015749316135939516,9,0.02436902778013485
477,-3.0400376713441486,1.4618352921820688,0.01630990781295694,10,0.0036128713389687933
478,-3.0399543846712413,-1.6702743485900178,0.016607523536092746,11,0.024073969804599298
479,-3.1070142386830804,-1.67422684567666,0.016675821349610327,12,0.06671461711552035
479,-3.173975787924434,1.4693068251792138,0.017184730803686585,9,0.017141704815744625
480,-3.169426270343333,-1.6681120728904308,0.01563696376992687,12,0.019889667613816674
481,-3.041216333252976,-1.6709700380396981,0.015947452633768903,11,0.0236437717254601
481,-3.1930303293549698,1.4605929037445844,0.016271438302668126,9,0.0
482,-3.053527361997482,-1.6714757567353302,0.015875897103554398,10,0.024967822508627554
483,-3.157198607010653,1.4690172904406573,0.01710974164027971,9,0.0
484,-3.054027327086038,-1.6668932106092489,0.016129851131291142,10,0.02270015826111122
484,-3.024624067104294,1.4660402134821537,0.015520423718675347,10,0.02185902795882815
485,-3.1800933388945483,-1.6717664122095706,0.01612208338930253,5,0.0
486,-3.0414609636895538,-1.6711050170619945,0.015839905905932275,10,0.023128233368566477
486,-3.015978875806097,1.4498399467702425,0.015930739633284847,11,0.02213014979521149
487,-3.180593350103981,-1.6720302974664634,0.01569767702967317,5,0.0
488,-3.009659809914547,1.4720456618319266,0.015966760638870856,10,0.0
488,-3.1563000480858925,1.4685991566354664,0.01710086458864482,8,0.0
489,-3.071517755062745,-1.6695405018630207,0.01676351648197517,7,0.009076945499560654
490,-3.1827516703941128,-1.6731627125498185,0.016124584545510922,5,0.0
490,-3.006987674954888,1.4707394277166648,0.015941225227485364,10,0.0
491,-3.0280717074913066,-1.6523589921212356,0.016761351864630656,9,0.022990550523687325
492,-3.0526477607701086,-1.6740101218612107,0.015516666089238428,10,0.022314309985991643
492,-3.00983584862086,1.4649037261016242,0.01594041051861191,11,0.0
493,-3.1836374904183726,-1.6736302942789396,0.01612675732968033,5,0.0
493,-3.069330585700492,-1.6748731635132015,0.017175101117174053,7,0.023589358575560194
493,-3.1616102924141556,1.4587062602735836,0.016139569151845005,9,0.0
494,-3.062047713152624,-1.670350349814911,0.016378037676568934,10,0.023494503966276604
494,-3.0404760936300153,1.4604682829709148,0.015085352796807514,11,0.0
495,-3.1075955803274855,-1.674556347973093,0.01668752143607606,12,0.06514869541829454
496,-3.0596425028804677,-1.6680005406964429,0.016485481930736224,11,0.025848604944988543
497,-3.1827516703941128,-1.6731627125498185,0.016124584545510922,5,0.0
497,-3.0702104258361675,-1.6753545532464178,0.01718165064555143,7,0.023601426556340913
497,-3.0272280523563033,1.4660703251519198,0.016606496638075674,11,0.019064988222624337
498,-3.182365889310122,-1.672959937426443,0.015699263017125327,6,0.0
498,-3.0702104258361675,-1.6753545532464178,0.01718165064555143,6,0.023601426556340913
498,-3.0234843900505166,1.4715165067898701,0.016018049872158692,10,0.016015372848147337
499,-3.0243788808385004,1.471940290245149,0.016609051628959377,10,0.019043652870070496
500,-3.0136304057310856,1.477612369624219,0.015099084172399357,10,0.0
501,-3.0278424878453913,1.4651149470088107,0.015542563632437313,10,0.02509058805275327
502,-3.1849135858395328,-1.6743001979704326,0.01655805329986379,6,0.0
502,-3.1755044437441384,1.4675412440401199,0.0167016783536577,8,0.01924297356264877
503,-3.1634138917566323,1.4619123846038151,0.01615848699420389,9,0.0
504,-3.150150230720879,-1.6740117217569421,0.01587234989893313,12,0.04707649390862358
506,-3.1832512638270023,-1.6734272253946108,0.015700923292956137,5,0.0
506,-3.0404862707238416,1.4627803145479108,0.015095698969083244,11,0.0
507,-3.0458001214149717,-1.6734767727025512,0.016199755108071163,9,0.018955887864726795
508,-3.171524034783676,1.469001343857993,0.01661090827341662,9,0.022863677251322535
509,-3.0496908693023124,-1.6717623662613021,0.016048518339772555,10,0.023774123730967538
510,-3.069330585700492,-1.6748731635132015,0.017175101117174053,6,0.023589358575560194
511,-3.0060921954054654,1.4703019572099187,0.015937682801700263,10,0.0
512,-3.00983584862086,1.4649037261016242,0.01594041051861191,10,0.0
512,-3.1822791707959976,1.4806848065496847,0.017227901880025896,9,0.0
513,-3.0078775302189724,1.4711751474983203,0.01595089614710532,11,0.0
514,-3.180979170064723,-1.6722331622673532,0.016123083068361438,5,0.0
515,-3.182475553337869,-1.6749896434424267,0.01628418976823151,5,0.003160435773921502
515,-3.0432048830563616,1.4640865601109652,0.015112357901098905,10,0.0
515,-3.1589973415917205,1.469852660006504,0.017126133797504276,8,0.0
516,-3.0426556911459066,-1.6545370559398624,0.017367108332133927,9,0.016613135003592544
516,-3.1580961331364166,1.469434943681715,0.017119735225339175,8,0.0
517,-3.052026398435475,-1.6710759363205663,0.016222797591398868,15,0.032600871755567605
518,-3.1910896088233485,1.4648074501212855,0.01626357479074442,9,0.0
519,-3.0576714833529652,-1.6740722059939266,0.016470231440009635,9,0.020883564053156112
519,-3.1901847691917893,1.4667800247800933,0.016264849932968815,8,0.0
520,-3.154501254321373,1.4677615213227855,0.017085059528663262,8,0.0
521,-3.176670353869581,-1.6830439170492408,0.017014496730299956,6,0.0
521,-3.0447445774357798,-1.6556687500962834,0.016569034186155705,10,0.017821203753847867
522,-3.063207492210556,-1.6711522650071764,0.016561246408040953,9,0.018415578190188398
522,-3.035154956280238,1.4720141154877218,0.016338807138003043,10,0.002725803315951344
523,-3.1536347575915844,-1.6637162752614651,0.016416418861002854,6,0.004019468386423744
523,-3.029915903440712,-1.6686259413420568,0.016044322198218816,9,0.011686302854017793
523,-3.021410554708293,1.4692669292532683,0.01550891330971728,10,0.01678215675146131
523,-3.1580961331364166,1.469434943681715,0.017119735225339175,8,0.0
524,-3.153027725558239,-1.66535268036488,0.017592918933188,7,0.0
524,-3.0264118729171714,-1.6666960360527925,0.016037340302146052,8,0.011672326295257773
524,-3.0395730818175677,1.46233948574685,0.015082102777035195,10,0.0
524,-3.191504852459181,1.4675510211509186,0.016795309485144287,9,0.0012623524415055435
525,-3.045891737412086,-1.6696901609016683,0.015756925107588502,11,0.024479495466847703
525,-3.1901847691917893,1.4667800247800933,0.016264849932968815,8,0.0
526,-3.1804831052499147,-1.6719713219395123,0.01655238433542539,5,0.0
526,-3.0438665659847555,1.4596177834685153,0.01607360804452615,10,0.0
526,-3.175552754321763,1.465011954179075,0.016692091801070286,9,0.021830160553905468
527,-3.0409475440679143,-1.6612522708764836,0.015839871772920587,10,0.018418239701021046
527,-3.041206215696601,1.4632099170675055,0.015583689379452766,10,0.006742402552218329
528,-3.1763476269563906,1.4601390769476676,0.01597268668174911,9,0.01839669726873267
529,-3.1872688161848632,-1.6676534948196278,0.016556512532865986,7,0.0
529,-3.039459584525072,1.4695543447386852,0.015113690986221968,9,0.0
530,-3.0542336442632436,-1.6704150060795024,0.016203629960128668,9,0.023242909507707073
531,-3.1813694907591095,-1.6724383935622311,0.0165540073739834,5,0.0
532,-3.030392210047991,-1.646003617830032,0.016752523277139636,10,0.022982889328120905
533,-3.180703273162112,-1.6740553225473245,0.016280194425962013,5,0.0031602251205258445
534,-3.1901847691917893,1.4667800247800933,0.016264849932968815,9,0.0
535,-3.045039066221191,-1.6730680410076968,0.016438279525735913,10,0.02377634706833865
536,-3.04258481424755,-1.6717196162515315,0.016611173840990517,9,0.024083625449496646
537,-3.1827516703941128,-1.6731627125498185,0.016124584545510922,5,0.0
537,-3.0060921954054654,1.4703019572099187,0.015937682801700263,11,0.0
538,-3.178044912478258,-1.6726575993494626,0.01627501410821909,12,0.003155983658896888
538,-3.0405438161696643,1.4603293211695274,0.016035724820082833,10,0.001851747760957883
539,-3.0437724833577753,-1.6551455869943965,0.017149658989935444,10,0.016731376158229342
540,-3.1815892346836376,-1.6745224946117974,0.01628175323965464,5,0.0031610985721691335
540,-3.006987674954888,1.4707394277166648,0.015941225227485364,10,0.0
542,-3.0566837548836734,-1.6713391584097606,0.016236511543773743,10,0.026474387760144075
542,-3.005209004960564,1.4698685311954685,0.015921956745550615,10,0.0
543,-3.0397073859077723,-1.670141572138943,0.01583736661368671,10,0.023120779446539834
543,-3.031333503804498,1.4613558827975588,0.01653401216959487,10,0.021552543621266067
545,-3.180593350103981,-1.6720302974664634,0.01569767702967317,6,0.0
545,-3.004314494931611,1.4694315347539901,0.01591735790005366,11,0.0
545,-3.1813710951375977,1.480263966119022,0.017227129331756495,9,0.0
546,-3.0535452829931935,-1.67025827664773,0.015948512535330025,10,0.025630464985223544
546,-3.022109840108852,1.434791632757949,0.015924423327365808,11,0.0
548,-3.032134489877871,-1.6469619302582057,0.01729111835994722,10,0.02232711821950982
549,-3.1822555709652756,-1.6729007842853891,0.016553806062419303,4,0.0
549,-3.157198607010653,1.4690172904406573,0.01710974164027971,8,0.0
550,-3.060549314615018,-1.6671571155970206,0.016287602507518262,10,0.020371004804249627
550,-3.0263517420221304,1.4692201907421902,0.015660693236861783,10,0.018106157208538497
550,-3.157198607010653,1.4690172904406573,0.01710974164027971,8,0.0
551,-3.041216333252976,-1.6709700380396981,0.015947452633768903,11,0.0236437717254601
551,-3.0230134931258696,1.4712826359796831,0.015112611603658083,11,0.018032398736086464
552,-3.043670699365749,-1.6723191631084688,0.015776393715359306,15,0.02332121211101425
552,-3.0274590170223816,1.4659809062879192,0.01654236390657525,11,0.018353411746760202
553,-3.1800933388945483,-1.6717664122095706,0.01612208338930253,5,0.0
553,-3.0684525317823086,-1.6743941201424595,0.01716271934237569,7,0.02357103827770015
554,-3.10713334057902,-1.6743140895867297,0.0168287947864881,12,0.06434513542074624
554,-3.0067686838114853,1.4681669003473614,0.014967896236310256,10,0.0
555,-3.026915217626475,1.4586979471394077,0.015030596237395033,10,0.01674303080960452
557,-3.058320567087829,-1.6751068737569188,0.016446386162899226,9,0.026096117810853227
557,-3.008936769289238,1.4644676586617873,0.015939289891429488,11,0.0
558,-3.042955341208899,1.4591793641397401,0.016062380076190003,10,0.0
559,-3.0492992396398533,-1.6717036509786276,0.015610077148707654,10,0.02347199772890473
560,-3.020787287584159,1.4702029875628533,0.015989493537194727,10,0.01598027578262378
561,-3.021685861442332,1.4706409971963939,0.01600480700647628,10,0.01599983022811753
561,-3.174931322371003,1.4659991653463242,0.0171822055912414,8,0.020333437935879373
562,-3.1833614213904093,-1.6754553381126693,0.016285343947384227,5,0.0031618843384966155
562,-3.0684525317823086,-1.6743941201424595,0.01716271934237569,7,0.02357103827770015
562,-3.1907062922473743,1.4670867003715733,0.01587144857434777,9,0.0
563,-3.0684525317823086,-1.6743941201424595,0.01716271934237569,6,0.02357103827770015
563,-3.040293867022095,1.4627709606141661,0.015571450854227653,11,0.006743999883191949
564,-3.034024221554284,-1.6632226919649393,0.015965025657675547,10,0.008480161557745933
564,-3.039211505942905,1.4646449023188086,0.016056325702313412,10,0.0
565,-3.040163915753099,-1.6703923189241565,0.01577109345441768,11,0.023307593455569726
565,-3.024382157107409,1.457590807168495,0.015538361866021297,11,0.024014180034811157
565,-3.1563000480858925,1.4685991566354664,0.01710086458864482,8,0.0
566,-3.0409352053613636,-1.670814408429378,0.016187476183920996,9,0.023688167528256525
567,-3.1835350605943518,-1.6735744798730992,0.016989906455035952,5,0.0
567,-3.0684525317823086,-1.6743941201424595,0.01716271934237569,7,0.02357103827770015
567,-3.021685861442332,1.4706409971963939,0.01600480700647628,10,0.01599983022811753
568,-3.1815892346836376,-1.6745224946117974,0.01628175323965464,4,0.0031610985721691335
568,-3.039211505942905,1.4646449023188086,0.016056325702313412,10,0.0
569,-3.040584182277787,-1.6706229601213387,0.01583832798959128,9,0.023123301306906513
569,-3.191106230615633,1.4672039645625892,0.016278635475516636,8,0.0
570,-3.1873325899380447,1.4705739993429845,0.01626124196133409,8,0.0
571,-3.0316681543756987,-1.6695878216964437,0.015966843135902596,10,0.008494150820585465
571,-3.042292867969635,1.4613415337646933,0.015100832677242632,10,0.0
572,-3.173042882955631,1.4689392819872198,0.01717463935551696,9,0.023739992253945828
573,-3.044780991396561,-1.669081800394275,0.015552146153717238,11,0.024248171724943077
573,-3.0087720405785725,1.4716121439933927,0.015955494640543178,10,0.0
574,-3.0684525317823086,-1.6743941201424595,0.01716271934237569,7,0.02357103827770015
574,-3.0254328981150316,1.4652123633686451,0.01600756800910437,10,0.015972844251685214
576,-3.168883502519752,-1.6678263100808595,0.015770334487162235,6,0.019558820401668592
576,-3.039211505942905,1.4646449023188086,0.016056325702313412,11,0.0
577,-3.1730436518328666,1.468940157203344,0.017173502102167566,9,0.023739485413934995
578,-3.042021569825082,-1.6541930254362955,0.017141097787841456,10,0.01671901553691002
578,-3.189266246196678,1.4639693408714451,0.016256166332197935,8,0.0
579,-3.0407073522661947,-1.6611190699113851,0.016060652847524948,9,0.018746011612246767
579,-3.0376323928352917,1.466362557088592,0.015080521632265302,10,0.0
580,-3.180979170064723,-1.6722331622673532,0.016123083068361438,5,0.0
580,-3.0684525317823086,-1.6743941201424595,0.01716271934237569,7,0.02357103827770015
580,-3.031854861215323,1.446970554132875,0.01533827051963985,10,0.02118946532669167
580,-3.1563000480858925,1.4685991566354664,0.01710086458864482,8,0.0
581,-3.1523229016094523,-1.664979640319219,0.014412655583723349,6,0.0
581,-3.0397073859077723,-1.670141572138943,0.01583736661368671,9,0.023120779446539834
581,-3.0432513979198674,1.4606382843604069,0.015286851284364869,10,0.0
581,-3.1883585739787024,1.4659417629781961,0.01625473548402105,8,0.0
582,-3.178321647609777,-1.6708340633385128,0.01611939546679056,6,0.0
583,-3.1589973415917205,1.469852660006504,0.017126133797504276,9,0.0
584,-3.041110899562574,-1.6709095146094737,0.016364646045410883,11,0.024033211152951775
584,-3.0132314631627573,1.4618150234540073,0.014935606116941523,10,0.0
585,-3.0260120612558676,1.4582636879504065,0.015022733696431196,10,0.016731246495032118
586,-3.157198607010653,1.4690172904406573,0.01710974164027971,8,0.0
587,-3.038306050170052,1.464207928237016,0.01605097979751054,10,0.0
588,-3.151100587028418,-1.6698361632054055,0.016342507573086137,7,0.006786019740139659
588,-3.027287894333772,-1.6671789593364854,0.016039323862986087,8,0.011675433492215895
588,-3.0241725611980703,1.4669758148701213,0.015518798708789187,10,0.02047354567452297
589,-3.032544348715929,-1.6700714373839318,0.01596739266459212,10,0.008495108010960513
589,-3.0304811060472345,1.4647307186977514,0.016243114342681338,10,0.020208592557102646
590,-3.0432608224764297,-1.668247613287319,0.015752750772855716,10,0.02446649137830764
591,-3.0263161708366484,-1.6514009669534286,0.016747838881944064,9,0.022971274907211795
592,-3.025436337234953,-1.6509195787865223,0.016732823477955728,9,0.0229462831706598
593,-3.0295137093314994,-1.6455261200188258,0.01674761793589345,9,0.022975985182577582
594,-3.1832512638270023,-1.6734272253946108,0.015700923292956137,6,0.0
594,-3.044780731090846,-1.6690802387736057,0.0159555918523137,9,0.024565138251211132
595,-3.1826493120517987,-1.673107712972191,0.01698897613570661,5,0.0
595,-3.0310202825424652,1.4614827235166121,0.016165528889364695,11,0.02400863048217798
595,-3.173975787924434,1.4693068251792138,0.017184730803686585,8,0.017141704815744625
596,-3.034866713739887,-1.6636839543414061,0.017289736176792803,10,0.0
596,-3.0236961158762483,1.4668294009596543,0.016435383106217553,10,0.020648819155053948
597,-3.0424062622073995,1.456441068832894,0.015084128609885934,10,0.0
597,-3.157198607010653,1.4690172904406573,0.01710974164027971,8,0.0
598,-3.152340996534639,-1.66575715358984,0.017546357649962437,12,0.0
599,-3.0995544862974267,-1.6668977948546373,0.017178968523405648,12,0.03745509076195648
600,-3.025436337234953,-1.6509195787865223,0.016732823477955728,9,0.0229462831706598
600,-3.006987674954888,1.4707394277166648,0.015941225227485364,10,0.0
602,-3.037757458081703,1.4614664828992758,0.01506729258037478,10,0.0
603,-3.179457050165852,-1.6734009377614563,0.015894155260372956,5,0.003178325450617769
603,-3.0408352576621054,1.4602237936560516,0.016330972933759718,11,0.002725114191820417
604,-3.1832512638270023,-1.6734272253946108,0.015700923292956137,5,0.0
605,-3.024561868931367,-1.6504445613213075,0.01673381062824009,9,0.022952967043824345
606,-3.0427773626106993,-1.667967640301299,0.016288298597957704,10,0.02649321713968163
608,-3.028311213297542,1.4557210879513196,0.01503619231075588,11,0.022150106061238288
608,-3.1831948946829143,1.481111271261022,0.01723816803293501,9,0.0
609,-3.0405570590707613,1.4636473570388289,0.017591326568552872,10,0.0
609,-3.1907062922473743,1.4670867003715733,0.01587144857434777,10,0.0
610,-3.177684763910703,-1.672468045273865,0.01589044675333363,6,0.003177499333515508
611,-3.0419161820735003,-1.6675102515540605,0.015747688144440795,9,0.024364682954925793
612,-3.05390527787234,-1.6719715543750289,0.016065814490518995,10,0.025163475433567357
613,-3.0397769084809,-1.660614072398499,0.01656144177850486,10,0.017819776408858373
613,-3.0347255737701198,1.4530184505535069,0.0165425551648587,10,0.021695572639370206
616,-3.180703273162112,-1.6740553225473245,0.016280194425962013,4,0.0031602251205258445
616,-3.018088677390834,1.4688904563283027,0.01596603829509854,10,0.015951672870013055
617,-3.180343241130384,-1.673865876338878,0.015895794571247346,5,0.003181732495772171
617,-3.0666964445409564,-1.6734348643518082,0.017149244503717992,7,0.02355117466653537
617,-3.022731589337946,1.4639048195520634,0.015986914443104183,11,0.01594650232456319
617,-3.190180899455812,1.4643900014216695,0.016262752175659298,9,0.0
618,-3.1826493120517987,-1.673107712972191,0.01698897613570661,6,0.0
618,-3.044780731090846,-1.6690802387736057,0.0159555918523137,9,0.024565138251211132
618,-3.044777796247619,1.46005620672407,0.0160848427717245,11,0.0
618,-3.1554075045680583,1.4681815850524194,0.01708600719664575,9,0.0
619,-3.121959305982572,-1.6662347828004003,0.016277351632570883,12,0.03779133763871787
620,-3.024561868931367,-1.6504445613213075,0.01673381062824009,9,0.022952967043824345
620,-3.0358746208957723,1.4689834711055183,0.015264488911672152,10,0.0
621,-3.027178309342581,-1.6518824132404861,0.01727272549038221,9,0.02228392287636665
621,-3.0245935366027936,1.4653707261820212,0.015768897674468117,10,0.01874079963105113
622,-3.160899263160484,1.4544888632194215,0.016186358637794947,9,0.0
623,-3.0675749776784604,-1.6739150661920106,0.01715090983163345,6,0.023553908215141063
624,-3.058049584075368,-1.6688328133396224,0.016427188935024612,11,0.02679374405434408
625,-3.0418121424447864,-1.6712958858269829,0.016189283522570826,12,0.023693998044239793
625,-3.0107267064897236,1.4653374563287087,0.01595007453583092,10,0.0
626,-3.1836374904183726,-1.6736302942789396,0.01612675732968033,4,0.0
627,-3.182365889310122,-1.672959937426443,0.015699263017125327,6,0.0
627,-3.0702104258361675,-1.6753545532464178,0.01718165064555143,6,0.023601426556340913
627,-3.0408637158939618,1.4596564523850946,0.016423774194516162,10,0.003171195970165187
628,-3.0572170559224676,-1.6698981110665343,0.016147602842994466,15,0.025241385303676346
628,-3.0411890143528764,1.4577115819481228,0.014749527725266212,10,0.0
629,-3.0263002796560325,-1.651403384583634,0.017263154682141957,9,0.022269148293727517
629,-3.0227328488959717,1.4639048441426141,0.015988142407197103,11,0.015949014437232584
630,-3.0592433173425087,-1.66262979830384,0.016153337784233453,11,0.028003769301988817
630,-3.186418920642084,1.4725432888080048,0.01625725809098392,8,0.0
631,-3.1838872961095515,-1.675732280509185,0.015902726311099236,5,0.003185758575086863
631,-3.0684525317823086,-1.6743941201424595,0.01716271934237569,7,0.02357103827770015
631,-3.0421078305735176,1.4604175979914191,0.017589709878800576,10,0.0
632,-3.0386670556159,1.461904131652263,0.01507706421129756,10,0.0
633,-3.0526535427678905,-1.6695522835376013,0.015596561200304077,10,0.023150971741536845
633,-3.0392696631156935,1.461265208318704,0.015942861138015515,10,0.0027950778369828996
634,-3.0395730818175677,1.46233948574685,0.015082102777035195,10,0.0
634,-3.173068251354428,1.468886314377472,0.017175816469280784,8,0.017130312891177356
635,-3.0405259958039297,1.459330766244074,0.015264091520494537,10,0.0
635,-3.1869247886818988,1.4672413618429174,0.014984996642310825,8,0.0
636,-3.0403770486072106,1.4604006091804367,0.014968317285932686,10,0.0
636,-3.1883499138457205,1.4635499536845171,0.01624788580068802,8,0.0
637,-3.0342963557134306,-1.671035919778424,0.015969598645648314,10,0.008499343859736585
637,-3.006987674954888,1.4707394277166648,0.015941225227485364,10,0.0
638,-3.182475553337869,-1.6749896434424267,0.01628418976823151,5,0.003160435773921502
638,-3.173068251354428,1.468886314377472,0.017175816469280784,8,0.017130312891177356
639,-3.0564804698339985,-1.648641766742723,0.014857156372048258,11,0.0
639,-3.1799204967144816,1.458373062386042,0.016701784733549378,9,0.018223080023647566
640,-3.027193620473785,-1.651879236036945,0.01675058715897483,9,0.022974051218455645
641,-3.036710478961291,-1.6646912069205864,0.01640893576055479,9,0.0
641,-3.0060921954054654,1.4703019572099187,0.015937682801700263,10,0.0
642,-3.035712948928187,1.4448989053782682,0.016011988986920408,11,0.02157324213145336
642,-3.157198607010653,1.4690172904406573,0.01710974164027971,8,0.0
643,-3.157198607010653,1.4690172904406573,0.01710974164027971,8,0.0
644,-3.182647798123333,-1.6750797741708248,0.015524425136610481,5,0.003205961374724643
644,-3.1589046921123276,1.4574575021890201,0.016118990656155168,9,0.0
645,-3.05236487061512,-1.66970320422494,0.01604050329334376,10,0.027432685173612074
645,-3.1823977243055617,1.4732369505090805,0.017200162802513647,8,0.0
646,-3.044137866619811,-1.6687285364327504,0.01575392071000167,11,0.02447060192466986
646,-3.185503603977031,1.4697309411651975,0.016246372040019018,8,0.0
647,-3.027628863467837,1.4614092144454833,0.015531974734343607,10,0.018105607931330193
648,-3.1840271282488133,-1.6738351567127718,0.016556907726296127,5,0.0
648,-3.0282722864306466,1.4593407713758486,0.01600673205813994,10,0.015944324765831897
649,-3.0591668087083224,-1.6702252746387103,0.016323430975654602,11,0.018634802220351496
649,-3.030202428204483,1.4616384153246302,0.016200411919649643,10,0.018123981853651383
650,-3.041499533554987,1.4560089891763643,0.015079481658397247,10,0.0
651,-3.1833614213904093,-1.6754553381126693,0.016285343947384227,5,0.0031618843384966155
651,-3.041147953514719,1.4583163743140388,0.01605908585373497,11,0.0
652,-3.1842476405812676,-1.6759219331328064,0.016287450683912724,5,0.0031642023960919948
652,-3.041168331381101,1.4619532709841068,0.016650926476104323,11,0.0
652,-3.157198607010653,1.4690172904406573,0.01710974164027971,8,0.0
653,-3.047176729877774,-1.670396238421347,0.01535643451160159,9,0.02408019086853109
653,-3.042955341208899,1.4591793641397401,0.016062380076190003,10,0.0
653,-3.175833720286743,1.4664169558853857,0.017183356941546976,8,0.0203293059601836
654,-3.1797074740000717,-1.6715635535733526,0.015696638562617764,5,0.0
655,-3.021685861442332,1.4706409971963939,0.01600480700647628,10,0.01599983022811753
656,-3.1821149134111417,-1.6747998219056424,0.015899133379883582,5,0.003181971705712265
658,-3.054405543168329,-1.6717779769972316,0.015837003261150902,10,0.024657241640366017
659,-3.0415323769344713,-1.6711409897530416,0.016433265219196587,9,0.023762778106028642
661,-3.1832512638270023,-1.6734272253946108,0.015700923292956137,5,0.0
661,-3.0702104258361675,-1.6753545532464178,0.01718165064555143,7,0.023601426556340913
661,-3.037757458081703,1.4614664828992758,0.01506729258037478,10,0.0
662,-3.1841376524846234,-1.6738922967450611,0.015702025364079594,6,0.0
662,-3.07196540585773,-1.6763113454160048,0.017198045486465977,6,0.023624445534396098
662,-3.006987674954888,1.4707394277166648,0.015941225227485364,10,0.0
663,-3.0404232140806315,1.4629206261680705,0.016928564990857552,11,0.0
663,-3.1721359512793077,1.4685199420762431,0.01716352076498774,9,0.02372491985633242
665,-3.0442237367238785,1.4573123972742537,0.015099957471932855,10,0.0
666,-3.05380731911333,-1.668997553534729,0.016281906776041875,11,0.02214179935678865
666,-3.038353673346486,1.4636079366441574,0.014747932691691121,10,0.0
666,-3.173068251354428,1.468886314377472,0.017175816469280784,9,0.017130312891177356
667,-3.1814793871167777,-1.672492864690454,0.015697534948429848,5,0.0
668,-3.0702104258361675,-1.6753545532464178,0.01718165064555143,7,0.023601426556340913
668,-3.0411074557871105,1.4590227427896316,0.01673543143245074,10,0.004725891244008254
668,-3.161696983572508,1.4711084397835834,0.017149560258888086,9,0.0
669,-3.108309544688088,-1.6749433030063106,0.016837557126581165,12,0.06474780829926827
670,-3.182475553337869,-1.6749896434424267,0.01628418976823151,5,0.003160435773921502
670,-3.0060921954054654,1.4703019572099187,0.015937682801700263,10,0.0
671,-3.1656048138018553,-1.6720226323604077,0.014482146589224266,6,0.019243845840652397
671,-3.0423234650203397,-1.6690077405213737,0.016736483571442237,9,0.019896983353495393
673,-3.1833614213904093,-1.6754553381126693,0.016285343947384227,5,0.0031618843384966155
673,-3.0702104258361675,-1.6753545532464178,0.01718165064555143,7,0.023601426556340913
674,-3.180979170064723,-1.6722331622673532,0.016123083068361438,5,0.0
674,-3.0424062622073995,1.456441068832894,0.015084128609885934,10,0.0
674,-3.182694132877045,1.467560762129673,0.01636129567424549,8,0.015982692676533704
675,-3.048635414253068,-1.672473685191344,0.016087510683720236,9,0.022210420413558786
675,-3.0395730818175677,1.46233948574685,0.015082102777035195,10,0.0
675,-3.179225391467739,1.4648636190414497,0.01645791158786895,10,0.02429653154457739
676,-3.1607994649026483,1.4706907905981428,0.01713955825576217,9,0.0
677,-3.053527361997482,-1.6714757567353302,0.015875897103554398,10,0.024967822508627554
677,-3.028829519104571,1.4814218133787609,0.016043469057289275,10,0.0
678,-3.027178309342581,-1.6518824132404861,0.01727272549038221,10,0.02228392287636665
678,-3.037399465844939,1.463769744412384,0.01604339456278349,10,0.0
679,-3.039111894847117,-1.6698151582749585,0.015595888487111558,10,0.02300651052918919
679,-3.0386670556159,1.461904131652263,0.01507706421129756,10,0.0
680,-3.0550205797794994,-1.6633752952307728,0.015944051291750614,10,0.02564100728443044
681,-3.1831418552236075,-1.6733678023794636,0.01655531701443622,5,0.0
681,-3.1580961331364166,1.469434943681715,0.017119735225339175,8,0.0
682,-3.0531490816158864,-1.6664154600606154,0.01612866109498773,10,0.022696113831100706
682,-3.006987674954888,1.4707394277166648,0.015941225227485364,11,0.0
684,-3.0399966807622416,1.461476253526317,0.016514122433931758,10,0.0025832057453192715
685,-3.0506537319983518,-1.6531469512754777,0.014839492146972588,9,0.0
685,-3.1768209798299973,1.463146680426572,0.017178840505032537,9,0.01710290998546731
686,-3.0666964445409564,-1.6734348643518082,0.017149244503717992,6,0.02355117466653537
687,-3.0565559199506493,-1.6657274927888053,0.015838788067578997,9,0.02487795220945191
687,-3.1598124428766403,1.4578779504204442,0.016118994798493193,9,0.0
689,-3.139141126982667,-1.6682122505614998,0.01577544260326785,12,0.044536250478526954
689,-3.0087720405785725,1.4716121439933927,0.015955494640543178,10,0.0
690,-3.17959776228095,-1.6715059988018195,0.01655127346639321,5,0.0
691,-3.056754257051646,-1.66745044813443,0.016136431956236767,10,0.025438408552974592
692,-3.0498121289072486,-1.6721980279717574,0.015725531768513774,10,0.022449687957366432
693,-3.069330585700492,-1.6748731635132015,0.017175101117174053,7,0.023589358575560194
693,-3.163605909602039,1.4557348671904955,0.01620731229971924,9,0.0
695,-3.1833614213904093,-1.6754553381126693,0.016285343947384227,5,0.0031618843384966155
696,-3.0560714565823432,-1.663948443981852,0.015816210260309858,10,0.025544692124569873
697,-3.0456757609805085,-1.6561712680655356,0.01606850890978384,11,0.018750394605696448
697,-3.0420530297333053,1.458749529836524,0.01606283907041947,10,0.0
698,-3.056888603721696,-1.6711029544576677,0.016111264074012786,10,0.02594787138013062
698,-3.044876520059403,1.4528441734241662,0.016061596498902254,10,0.0
698,-3.1768209798299973,1.463146680426572,0.017178840505032537,8,0.01710290998546731
699,-3.009659809914547,1.4720456618319266,0.015966760638870856,10,0.0
700,-3.180979170064723,-1.6722331622673532,0.016123083068361438,6,0.0
701,-3.1822555709652756,-1.6729007842853891,0.016553806062419303,5,0.0
701,-3.1744761664942223,1.4658341349857786,0.017171066111858244,9,0.023783590229766522
702,-3.0507959135979323,-1.6685244738654288,0.016202119318385222,10,0.018988673797707106
703,-3.0312713274816088,-1.6464818974418711,0.016768267022857667,9,0.023006812390634717
703,-3.026756467602583,1.465832881108974,0.016022931763494546,10,0.022901358360736094
704,-3.0385618927773317,-1.6580528537209718,0.01728395816891961,10,0.008539491487947899
704,-3.0402759905330754,1.4611350923315591,0.016281697853760435,10,0.002462267929780401
704,-3.157198607010653,1.4690172904406573,0.01710974164027971,8,0.0
705,-3.0087720405785725,1.4716121439933927,0.015955494640543178,10,0.0
707,-3.1813694907591095,-1.6724383935622311,0.0165540073739834,6,0.0
708,-3.169135008271529,-1.6738992108335173,0.016608518087972087,7,0.020734164034032658
708,-3.0538534750654804,-1.647224346888399,0.014841120188105865,9,0.0
708,-3.0376451174512127,1.4686759826966567,0.015097849663192697,10,0.0
709,-3.027193620473785,-1.651879236036945,0.01675058715897483,9,0.022974051218455645
709,-3.0305146529751927,1.4686300785942827,0.015780366956375184,10,0.017026964396142076
709,-3.157198607010653,1.4690172904406573,0.01710974164027971,8,0.0
710,-3.1812292617681717,-1.6743330517636275,0.015897407895333594,5,0.0031826125528114464
710,-3.0248161560768483,1.4691129738501065,0.015056718584891314,9,0.013272981540266958
711,-3.0228022520232205,-1.6494818299193663,0.016712287964370326,9,0.02291603479539933
711,-3.0229916549736195,1.460879672618791,0.015348026748761059,10,0.025276328147785933
713,-3.0521476152248477,-1.6708426624356805,0.01601370926452449,10,0.024827904702220512
713,-3.0249715080818937,1.4649593959282026,0.016001802651837684,10,0.0238244423398201
714,-3.0303773489335857,-1.646007757448411,0.017274445419583083,10,0.022303583535259068
716,-3.169250812738019,-1.6699754359522436,0.015708147295619083,6,0.020520762493002748
716,-3.189146170037537,1.4662505747306085,0.01609646175163178,8,0.0
717,-3.1833614213904093,-1.6754553381126693,0.016285343947384227,5,0.0031618843384966155
717,-3.0675749776784604,-1.6739150661920106,0.01715090983163345,7,0.023553908215141063
717,-3.0245311217932973,1.4647763285886828,0.016004716293342814,10,0.015968448832868198
717,-3.1589973415917205,1.469852660006504,0.017126133797504276,8,0.0
718,-3.1831418552236075,-1.6733678023794636,0.01655531701443622,6,0.0
718,-3.069330585700492,-1.6748731635132015,0.017175101117174053,6,0.023589358575560194
719,-3.0405854089586035,-1.6680577766219777,0.01617515588080584,9,0.019489658745752966
719,-3.1707408308508738,1.466785079205305,0.016281137628874717,9,0.021048383968375262
721,-3.0702104258361675,-1.6753545532464178,0.01718165064555143,7,0.023601426556340913
721,-3.0060921954054654,1.4703019572099187,0.015937682801700263,10,0.0
722,-3.0495432741097557,-1.6730317167242639,0.016057425139765668,10,0.022783387710495318
722,-3.042292867969635,1.4613415337646933,0.015100832677242632,10,0.0
722,-3.193930553905677,1.4586168005546085,0.016268665390327872,9,0.0
723,-3.017047066539632,1.4492142822596894,0.014977773656129874,9,0.0
723,-3.1643366800792263,1.454339497301802,0.01665192978146749,9,0.0022268484576478953
724,-3.1814793871167777,-1.672492864690454,0.015697534948429848,5,0.0
724,-3.0234843900505166,1.4715165067898701,0.016018049872158692,10,0.016015372848147337
725,-3.0303592552626,-1.6459849541482177,0.01469886851771465,9,0.017070984654050672
726,-3.182365889310122,-1.672959937426443,0.015699263017125327,5,0.0
727,-3.046880880024878,-1.6715118367613595,0.016084812860738106,10,0.022202147424549748
727,-3.006987674954888,1.4707394277166648,0.015941225227485364,11,0.0
727,-3.1580961331364166,1.469434943681715,0.017119735225339175,8,0.0
728,-3.044137866619811,-1.6687285364327504,0.01575392071000167,9,0.02447060192466986
728,-3.007723152504749,1.4747150546489693,0.016533540788928443,10,0.0
728,-3.1580961331364166,1.469434943681715,0.017119735225339175,8,0.0
730,-3.040865310169399,-1.670778589731659,0.015598304439439187,10,0.023013275322459097
731,-3.041768252519925,-1.661705409672575,0.016347522579915265,10,0.017494301304008954
732,-3.0433898151542333,-1.672164151194324,0.01601626957610921,11,0.023391935548979087
732,-3.041499533554987,1.4560089891763643,0.015079481658397247,9,0.0
732,-3.160711220702174,1.458291975791841,0.016129473014502373,9,0.0
733,-3.0303773489335857,-1.646007757448411,0.017274445419583083,9,0.022303583535259068
733,-3.0268559080792614,1.4877414181059299,0.016053678807971955,10,0.0
733,-3.174883329537014,1.4697268358956599,0.017194766338906445,10,0.017154119728109485
734,-3.041636466190928,-1.671200753746317,0.016013634936627923,9,0.023384994745445892
735,-3.1589973415917205,1.469852660006504,0.017126133797504276,8,0.0
736,-3.0407596939223707,-1.6707186816018207,0.016012072965618695,10,0.023380163681222702
737,-3.1840271282488133,-1.6738351567127718,0.016556907726296127,5,0.0
737,-3.069330585700492,-1.6748731635132015,0.017175101117174053,7,0.023589358575560194
737,-3.028289958170447,1.4557946978332494,0.015029970749946293,10,0.020926332371830857
737,-3.1915957916690116,1.4600991666764869,0.01677077803636723,9,0.0012591576754632846
738,-3.1563000480858925,1.4685991566354664,0.01710086458864482,9,0.0
739,-3.180593350103981,-1.6720302974664634,0.01569767702967317,12,0.0
740,-3.178931125529761,-1.673123314352186,0.016277072272363958,5,0.003155979252132294
740,-3.0675749776784604,-1.6739150661920106,0.01715090983163345,7,0.023553908215141063
741,-3.181762714901458,-1.67264515149459,0.01698865943182673,6,0.0
741,-3.032853373472539,-1.6498603258639088,0.0168314301020801,8,0.02508193001554862
742,-3.1716389466912482,-1.6712390548657756,0.016145321043741855,6,0.02054485542050171
742,-3.0474113613183045,-1.649478621573715,0.016061359406385776,8,0.0030402741822376416
743,-3.0512485509512657,-1.665081006900524,0.015923222031772325,10,0.023810215047239888
743,-3.005021963083263,1.4770069477830137,0.01594728625931269,11,0.0
744,-3.0588885927269365,-1.6695094884833672,0.0158398721995943,10,0.023372883649888685
745,-3.040865310169399,-1.670778589731659,0.015598304439439187,10,0.023013275322459097
746,-3.027193620473785,-1.651879236036945,0.01675058715897483,9,0.022974051218455645
746,-3.013331342397253,1.4569212712586983,0.014979441385455549,10,0.0
747,-3.05236487061512,-1.66970320422494,0.01604050329334376,10,0.027432685173612074
747,-3.0245311217932973,1.4647763285886828,0.016004716293342814,10,0.015968448832868198
747,-3.157198607010653,1.4690172904406573,0.01710974164027971,9,0.0
748,-3.1832512638270023,-1.6734272253946108,0.015700923292956137,6,0.0
748,-3.172160653092055,1.4684663027099307,0.017160860757815005,9,0.017112719742677078
750,-3.00983584862086,1.4649037261016242,0.01594041051861191,11,0.0
750,-3.17166661005088,1.4688748628889625,0.016018061321783617,9,0.02100743585014949
751,-3.1797074740000717,-1.6715635535733526,0.015696638562617764,5,0.0
751,-3.0059164269655962,1.4774464151013185,0.01595084392131549,11,0.0
752,-3.0078775302189724,1.4711751474983203,0.01595089614710532,10,0.0
752,-3.1869247886818988,1.4672413618429174,0.014984996642310825,8,0.0
753,-3.0336977696830587,1.4513184861927702,0.015708829614554155,10,0.020133030547400056
753,-3.1727877587973365,1.4674811703870332,0.016682324200514284,9,0.018024237348008107
754,-3.1799895518681844,-1.673679768769997,0.015519161568512553,5,0.0032042371751343744
754,-3.026800529307513,1.4574043113832111,0.015511476833237173,11,0.017149081116287736
755,-3.182365889310122,-1.672959937426443,0.015699263017125327,4,0.0
755,-3.0439041816604573,-1.6686014512808114,0.015550452262210253,11,0.024243280353340706
756,-3.032313173872259,1.4609097361205132,0.01584338885306751,10,0.023485989093932173
757,-3.14709980323564,-1.6583185627120773,0.015361472986845101,5,0.0
757,-3.0281637975184608,-1.6676613423576552,0.01604091591459448,10,0.011679229428899174
757,-3.039214659053035,1.4646464219159625,0.01605975313454801,10,0.0
758,-3.0546694549960485,-1.6674194407115654,0.015777629821332132,9,0.022725221495910053
758,-3.0367270300790827,1.4659241622740888,0.015074280952484689,10,0.0
759,-3.048215573762051,-1.6711098526157813,0.015763980955479852,10,0.023605793186281462
759,-3.0249715080818937,1.4649593959282026,0.016001802651837684,10,0.0238244423398201
760,-3.1774351710789355,-1.670368666514556,0.01611813055842918,5,0.0
763,-3.178321647609777,-1.6708340633385128,0.01611939546679056,5,0.0
764,-3.1814793871167777,-1.672492864690454,0.015697534948429848,5,0.0
764,-3.0236848684782958,-1.6499662364422023,0.016723087521236545,9,0.022938279575433616
764,-3.042955341208899,1.4591793641397401,0.016062380076190003,10,0.0
765,-3.0411890143528764,1.4577115819481228,0.014749527725266212,10,0.0
766,-3.180703273162112,-1.6740553225473245,0.016280194425962013,6,0.0031602251205258445
766,-3.0329640326032448,-1.649911616377948,0.016919494294847508,8,0.024336105784159456
766,-3.023620074460092,1.464309165761979,0.015998384327717614,10,0.023581372028584027
767,-3.173068251354428,1.468886314377472,0.017175816469280784,9,0.017130312891177356
770,-3.0418227677820484,-1.6617292487504565,0.015843230190572932,10,0.018416999734882113
770,-3.157198607010653,1.4690172904406573,0.01710974164027971,8,0.0
771,-3.052794440034794,-1.6710764204382385,0.01576045684019584,10,0.024783413395120975
771,-3.0234843900505166,1.4715165067898701,0.016018049872158692,10,0.016015372848147337
772,-3.1854098429193356,-1.6745604600133088,0.016128542788124388,5,0.0
772,-3.044137866619811,-1.6687285364327504,0.01575392071000167,10,0.02447060192466986
772,-3.040532093801651,1.463964070458254,0.015277527684336906,11,0.0
773,-3.1826493120517987,-1.673107712972191,0.01698897613570661,6,0.0
773,-3.0418121424447864,-1.6712958858269829,0.016189283522570826,9,0.023693998044239793
773,-3.157198607010653,1.4690172904406573,0.01710974164027971,8,0.0
774,-3.1822555709652756,-1.6729007842853891,0.016553806062419303,5,0.0
774,-3.032645185306952,1.4482741445702367,0.015517084518204558,10,0.021794848698102935
774,-3.188922801494323,1.4687551665104748,0.017245430000130534,8,0.0
775,-3.0397473951270277,1.4612708251866398,0.015763843635338743,11,0.0029383518854533257
776,-3.1827516703941128,-1.6731627125498185,0.016124584545510922,5,0.0
776,-3.006987674954888,1.4707394277166648,0.015941225227485364,10,0.0
777,-3.0234843900505166,1.4715165067898701,0.016018049872158692,10,0.016015372848147337
778,-3.0087720405785725,1.4716121439933927,0.015955494640543178,10,0.0
778,-3.1926700989817656,1.4629812517642673,0.017240580085589676,8,0.0
779,-3.043312836175553,1.456875486545191,0.015089792694288146,11,0.0
780,-3.0087720405785725,1.4716121439933927,0.015955494640543178,10,0.0
781,-3.0248930710497524,1.458026372413717,0.015329692882041312,10,0.015751252895183462
782,-3.0580711311489854,-1.6652014055588436,0.01673887603852354,11,0.027782698230186486
783,-3.0376323928352917,1.466362557088592,0.015080521632265302,10,0.0
784,-3.0249726396647505,-1.6506718906746944,0.015670285841988985,9,0.01920951566275579
784,-3.0315642498761917,1.4584474171322306,0.016320712292647213,10,0.02020433412510697
784,-3.1822791707959976,1.4806848065496847,0.017227901880025896,9,0.0
785,-3.0433898151542333,-1.672164151194324,0.01601626957610921,10,0.023391935548979087
785,-3.044777796247619,1.46005620672407,0.0160848427717245,10,0.0
786,-3.038043013752955,-1.6743364094485411,0.016587944486695965,9,0.019683123598556427
786,-3.037635217752859,1.4641957842679194,0.015398321392354076,10,0.0013455264698828788
787,-3.0382349127123467,-1.6693331557700692,0.01559447324064341,9,0.02300284199021361
787,-3.0404760936300153,1.4604682829709148,0.015085352796807514,10,0.0
789,-3.1518817776228327,-1.6530346250760135,0.014675777321128191,5,0.0
789,-3.034023838350902,-1.663226348369267,0.016046025912393982,11,0.01167714100756169
789,-3.0410299476092035,1.4655210006356663,0.016074725499596834,10,0.0
789,-3.1891668466983822,1.4714208424574327,0.016281096259102186,8,0.0
790,-3.0235456848636693,1.4679102904565167,0.01600469883700022,10,0.018986814376395423
791,-3.0407596939223707,-1.6707186816018207,0.016012072965618695,10,0.023380163681222702
791,-3.0424062622073995,1.456441068832894,0.015084128609885934,10,0.0
792,-3.044799063231478,-1.6556930157896395,0.01606538100804784,9,0.018747341555184864
792,-3.172160653092055,1.4684663027099307,0.017160860757815005,9,0.017112719742677078
793,-3.08809399783131,-1.677312989847055,0.01754673756065345,12,0.0
795,-3.0521284845030916,-1.669264931198627,0.015895265442698297,9,0.023173103448597288
796,-3.1808761541258623,-1.6741472230475452,0.01552138347997881,5,0.0032051139926886317
796,-3.069330585700492,-1.6748731635132015,0.017175101117174053,7,0.023589358575560194
796,-3.038545865408446,1.4668020506664956,0.01509377071437938,11,0.0
797,-3.061051346807756,-1.6684963671764261,0.016326123633658447,11,0.0210183781263441
797,-3.0376323928352917,1.466362557088592,0.015080521632265302,10,0.0
797,-3.1580961331364166,1.469434943681715,0.017119735225339175,8,0.0
798,-3.040058504806374,-1.670333370325481,0.016186613520001024,11,0.023686003340269362
798,-3.1705409829040776,1.4679862230881582,0.016693643999380958,9,0.022091786770357225
799,-3.1817618568930075,-1.6746139929403272,0.015523162302981966,5,0.0032045151861958207
799,-3.0702104258361675,-1.6753545532464178,0.01718165064555143,7,0.023601426556340913
799,-3.039211505942905,1.4646449023188086,0.016056325702313412,10,0.0
801,-3.0399882990083906,-1.6702962632542744,0.015597260585002609,10,0.023010559081935413
801,-3.0401259782449763,1.4624461931128363,0.016375665627425193,10,0.0028479056929051573
802,-3.0424576202123648,-1.6620748900687647,0.01606824847661919,10,0.018746631337587208
803,-3.0418121424447864,-1.6712958858269829,0.016189283522570826,9,0.023693998044239793
804,-3.1853067183532655,-1.674506864217223,0.01699256761148157,4,0.0
804,-3.0477579212707284,-1.671993587107357,0.016086448226174516,11,0.022206958090272726
804,-3.0225848511248836,1.4710784967636577,0.01600833965992985,10,0.01600335964943282
805,-3.0289510120166137,-1.6528396812720434,0.016777252765331624,9,0.02301595776452556
805,-3.0383044431162776,1.4642059893793593,0.01604852517371151,10,0.0
806,-3.037757458081703,1.4614664828992758,0.01506729258037478,10,0.0
807,-3.1608258126396365,-1.661637809242924,0.014448437384620169,5,0.0
807,-3.0308055314842317,-1.6462331257095657,0.015688606820399735,9,0.019255063494143805
807,-3.006987674954888,1.4707394277166648,0.015941225227485364,10,0.0
808,-3.180343241130384,-1.673865876338878,0.015895794571247346,5,0.003181732495772171
808,-3.040188642669,1.4586777323958673,0.017531543814473534,11,0.0
809,-3.1815892346836376,-1.6745224946117974,0.01628175323965464,5,0.0031610985721691335
810,-3.1563000480858925,1.4685991566354664,0.01710086458864482,9,0.0
811,-3.1608258126396365,-1.661637809242924,0.014448437384620169,5,0.0
811,-3.0585672213645867,-1.6701826801722102,0.016314073233876,11,0.017792132287346545
812,-3.0702104258361675,-1.6753545532464178,0.01718165064555143,7,0.023601426556340913
812,-3.173067135896063,1.4688862952751012,0.017174726935286905,8,0.017128088796447005
813,-3.149940164254402,-1.6689820837920006,0.016268488269682805,7,0.0
813,-3.02947773205092,-1.668383934505647,0.0164420322027035,8,0.011689611025466918
813,-3.0245311217932973,1.4647763285886828,0.016004716293342814,11,0.015968448832868198
814,-3.1554075045680583,1.4681815850524194,0.01708600719664575,8,0.0
815,-3.041386763051288,1.4609051798836967,0.015094848877897651,10,0.0
816,-3.0632831182879827,-1.668642168858908,0.01620457565366007,10,0.020237724681573806
816,-3.0395730818175677,1.46233948574685,0.015082102777035195,10,0.0
817,-3.039518283617536,1.4600232273253086,0.015028489057361009,10,0.0
817,-3.1917665116055898,1.4625633870109338,0.017244675957143622,8,0.0
818,-3.180703273162112,-1.6740553225473245,0.016280194425962013,5,0.0031602251205258445
818,-3.069330585700492,-1.6748731635132015,0.017175101117174053,7,0.023589358575560194
819,-3.0263161708366484,-1.6514009669534286,0.016747838881944064,9,0.022971274907211795
820,-3.184523364232127,-1.6740950619614383,0.016127275162672396,5,0.0
820,-3.0702104258361675,-1.6753545532464178,0.01718165064555143,7,0.023601426556340913
821,-3.0397769084809,-1.660614072398499,0.01656144177850486,9,0.017819776408858373
824,-3.0225848511248836,1.4710784967636577,0.01600833965992985,10,0.01600335964943282
825,-3.1822555709652756,-1.6729007842853891,0.016553806062419303,5,0.0
825,-3.0684525317823086,-1.6743941201424595,0.01716271934237569,7,0.02357103827770015
826,-3.180593350103981,-1.6720302974664634,0.01569767702967317,5,0.0
826,-3.0675749776784604,-1.6739150661920106,0.01715090983163345,7,0.023553908215141063
827,-3.188549284370234,-1.6683261445088682,0.01699336325605891,5,0.0
827,-3.042618661771723,-1.6717418283177619,0.01560103492834522,11,0.023020771788690515
827,-3.0414537510953417,1.460766617605213,0.016045490326363737,10,0.001845210333353847
827,-3.175833720286743,1.4664169558853857,0.017183356941546976,8,0.0203293059601836
828,-3.1840271282488133,-1.6738351567127718,0.016556907726296127,5,0.0
828,-3.042233718853083,-1.6715274992107745,0.016258927435936998,10,0.02349832169884081
828,-3.005209004960564,1.4698685311954685,0.015921956745550615,10,0.0
829,-3.060868761472906,-1.6660796704058303,0.01658494049313749,9,0.026798385340330997
830,-3.0273730885968937,1.45890680388043,0.016003899092975442,10,0.015943433148580835
831,-3.1813694907591095,-1.6724383935622311,0.0165540073739834,5,0.0
832,-3.1832512638270023,-1.6734272253946108,0.015700923292956137,5,0.0
832,-3.0280717074913066,-1.6523589921212356,0.016761351864630656,9,0.022990550523687325
833,-3.0410408218139837,-1.6708743112121411,0.015772049415466602,10,0.023310172520456626
833,-3.1752846672227983,1.4699820417552227,0.016026350452339966,9,0.020305803717841502
834,-3.1840271282488133,-1.6738351567127718,0.016556907726296127,6,0.0
834,-3.0702104258361675,-1.6753545532464178,0.01718165064555143,6,0.023601426556340913
834,-3.0215264371599497,1.477818237324729,0.01602194613192805,11,0.016052934628376637
835,-3.1818658386613605,-1.6726959623945508,0.016123584422706883,5,0.0
835,-3.069330585700492,-1.6748731635132015,0.017175101117174053,7,0.023589358575560194
835,-3.0405259958039297,1.459330766244074,0.015264091520494537,10,0.0
835,-3.174883329537014,1.4697268358956599,0.017194766338906445,8,0.017154119728109485
836,-3.044546921450251,-1.6689527110080078,0.015752127054451687,9,0.024378426674917745
836,-3.0424062622073995,1.456441068832894,0.015084128609885934,11,0.0
836,-3.1653881234427224,1.456255599123364,0.014546151306711457,9,0.0
837,-3.0420580449807,-1.6714323671000924,0.01608495343768261,9,0.02329591507939716
837,-3.039211505942905,1.4646449023188086,0.016056325702313412,11,0.0
838,-3.054594533566385,-1.6708330374760347,0.015820492857114395,10,0.02553423536889099
839,-3.0280802619415144,1.4604795952465013,0.015529980727540986,10,0.017191743138212326
840,-3.1797074740000717,-1.6715635535733526,0.015696638562617764,5,0.0
840,-3.035693698037227,1.4726928749604107,0.015092482136887641,10,0.0
841,-3.1797074740000717,-1.6715635535733526,0.015696638562617764,5,0.0
841,-3.006987674954888,1.4707394277166648,0.015941225227485364,10,0.0
842,-3.045891737412086,-1.6696901609016683,0.015756925107588502,9,0.024479495466847703
843,-3.055492139722242,-1.6481086629414243,0.01586525885664901,9,0.0
844,-3.1832512638270023,-1.6734272253946108,0.015700923292956137,5,0.0
844,-3.0702104258361675,-1.6753545532464178,0.01718165064555143,7,0.023601426556340913
844,-3.157198607010653,1.4690172904406573,0.01710974164027971,9,0.0
845,-3.1821149134111417,-1.6747998219056424,0.015899133379883582,5,0.003181971705712265
845,-3.0675749776784604,-1.6739150661920106,0.01715090983163345,7,0.023553908215141063
845,-3.1580961331364166,1.469434943681715,0.017119735225339175,8,0.0
846,-3.0299262282419224,-1.6457547908322547,0.015682423438492486,9,0.0192450746767578
846,-3.0404760936300153,1.4604682829709148,0.015085352796807514,10,0.0
847,-3.0313796189477245,1.4602220000330213,0.015263469408003579,10,0.016816685118593425
848,-3.0424062622073995,1.456441068832894,0.015084128609885934,10,0.0
848,-3.1580961331364166,1.469434943681715,0.017119735225339175,8,0.0
849,-3.153951609107407,-1.6619303557961769,0.014706706549231468,12,0.0
850,-3.039679821293011,-1.6605672626527028,0.01714695772087449,9,0.016732290786698835
850,-3.023632824996241,1.4643408433012586,0.015989242405185823,11,0.015949823261341
850,-3.1602679535049805,1.4518417614372647,0.017548246756799134,9,0.0
851,-3.1580961331364166,1.469434943681715,0.017119735225339175,8,0.0
852,-3.030392210047991,-1.646003617830032,0.016752523277139636,9,0.022982889328120905
852,-3.0405438161696643,1.4603293211695274,0.016035724820082833,10,0.001851747760957883
853,-3.0271275019062367,1.466589631201077,0.015083931404471475,10,0.025427519874760347
854,-3.053742978364542,-1.6471652471350766,0.015852298963204368,9,0.0
854,-3.0312747886681466,1.465148724790744,0.01621429060049622,10,0.021014826474067785
854,-3.188922801494323,1.4687551665104748,0.017245430000130534,8,0.0
855,-3.009659809914547,1.4720456618319266,0.015966760638870856,10,0.0
855,-3.172160653092055,1.4684663027099307,0.017160860757815005,8,0.017112719742677078
856,-3.182365889310122,-1.672959937426443,0.015699263017125327,5,0.0
856,-3.021298795013469,1.466859614591335,0.01598552957824357,11,0.02220679588195078
856,-3.1874310086305564,1.4631265305160865,0.016236343268241506,9,0.0
857,-3.0542673314571767,-1.6693111444773137,0.016732803781487247,10,0.028290806989170376
857,-3.0376472133408248,1.4607712839451157,0.016338855832165343,10,0.002256752818888416
857,-3.188229783383658,1.4658295757117659,0.01608806206526476,8,0.0
858,-3.182365889310122,-1.672959937426443,0.015699263017125327,5,0.0
858,-3.0290617663731294,1.4632033562317808,0.01602025904901801,10,0.020434188481957823
859,-3.1656989072247925,-1.666151180450786,0.01540920955064683,12,0.019370695823581353
859,-3.0420530297333053,1.458749529836524,0.01606283907041947,11,0.0
860,-3.0372451179089417,-1.657334016488778,0.016839428591400453,9,0.008514363194527554
861,-3.1822555709652756,-1.6729007842853891,0.016553806062419303,5,0.0
861,-3.025339246856824,1.4669472093943547,0.016297960432559225,10,0.025619519963058716
862,-3.012737634955862,1.4771749738869382,0.015092850292221408,9,0.0
862,-3.1936774428435153,1.4559512384583562,0.01723364762496109,10,0.0
863,-3.0376323928352917,1.466362557088592,0.015080521632265302,10,0.0
864,-3.0560040945330917,-1.666613500923013,0.016479851401684176,10,0.02654214137661353
864,-3.018425887466269,1.4696934849846017,0.015746804220959525,11,0.021261382164999357
864,-3.1889378506045554,1.460854428487999,0.01599440881732184,9,0.002371882784844393
865,-3.0263161708366484,-1.6514009669534286,0.016747838881944064,9,0.022971274907211795
865,-3.0266616171614977,1.4656094923106409,0.016251929188369343,11,0.021425919662395137
866,-3.0290087766658598,1.464514351212717,0.015368625156545532,10,0.022079440723903332
866,-3.1935927067928653,1.463402202220554,0.017254501733649934,9,0.0
867,-3.16440012633734,-1.6596005858941636,0.015455854066379992,5,0.0
867,-3.0449855347102313,-1.6557995880262135,0.016347559480715645,10,0.01748960970388626
867,-3.0236936403380694,1.464934736910093,0.01576064510970252,11,0.018732389082030614
868,-3.182365889310122,-1.672959937426443,0.015699263017125327,5,0.0
868,-3.1712282824470086,1.4680997629790546,0.01715349589291733,9,0.023710337906727556
869,-3.1814793871167777,-1.672492864690454,0.015697534948429848,5,0.0
869,-3.0358746208957723,1.4689834711055183,0.015264488911672152,11,0.0
870,-3.044780731090846,-1.6690802387736057,0.0159555918523137,11,0.024565138251211132
871,-3.0465342142354594,-1.6700413657601025,0.015958459273136282,9,0.024574076588801466
871,-3.0432733391308995,1.461640207514329,0.01694249118034822,11,0.0
872,-3.131563053852762,-1.6668614943202613,0.016451261034106584,12,0.03317576219669386
873,-3.032134489877871,-1.6469619302582057,0.01729111835994722,9,0.02232711821950982
873,-3.1563000480858925,1.4685991566354664,0.01710086458864482,8,0.0
874,-3.03622566190104,-1.6644278661465495,0.016848127921591922,9,0.0
874,-3.173068251354428,1.468886314377472,0.017175816469280784,8,0.017130312891177356
875,-3.047190685127256,-1.6702245148315442,0.016017482094230963,10,0.023620165020419127
875,-3.006987674954888,1.4707394277166648,0.015941225227485364,10,0.0
875,-3.172160653092055,1.4684663027099307,0.017160860757815005,8,0.017112719742677078
876,-3.05677960604238,-1.6643318627583235,0.015948736562924976,10,0.02565483634014119
877,-3.181762714901458,-1.67264515149459,0.01698865943182673,5,0.0
877,-3.0666964445409564,-1.6734348643518082,0.017149244503717992,7,0.02355117466653537
877,-3.157198607010653,1.4690172904406573,0.01710974164027971,9,0.0
878,-3.1840271282488133,-1.6738351567127718,0.016556907726296127,6,0.0
878,-3.1910896088233485,1.4648074501212855,0.01626357479074442,8,0.0
879,-3.0567439947200783,-1.6722256514560683,0.015647254615999567,9,0.019887121822330944
880,-3.180343241130384,-1.673865876338878,0.015895794571247346,5,0.003181732495772171
881,-3.1818658386613605,-1.6726959623945508,0.016123584422706883,5,0.0
881,-3.0403013003167216,1.4701325248678705,0.01607300884527492,10,0.0018990531696154544
882,-3.1589046921123276,1.4574575021890201,0.016118990656155168,9,0.0
883,-3.0245311217932973,1.4647763285886828,0.016004716293342814,11,0.015968448832868198
884,-3.1814793871167777,-1.672492864690454,0.015697534948429848,5,0.0
885,-3.0456757609805085,-1.6561712680655356,0.01606850890978384,10,0.018750394605696448
886,-3.056901887897045,-1.6679021162121368,0.016169355572335616,11,0.023527648265728125
887,-3.040865310169399,-1.670778589731659,0.015598304439439187,10,0.023013275322459097
887,-3.034913170025465,1.4582035899383492,0.016026681750785525,10,0.012734688822378392
888,-3.040232235966065,1.4578756743664931,0.016042902420594078,10,0.0
889,-3.0433898151542333,-1.672164151194324,0.01601626957610921,11,0.023391935548979087
889,-3.021996266084959,1.462283488317857,0.015488455156033802,10,0.025258720333500743
890,-3.1109623463970855,-1.6707537525223848,0.01681822249484261,12,0.05505891432306301
890,-3.1607356744702573,1.457553291442512,0.015830819720503538,9,0.006273672109672053
892,-3.1814793871167777,-1.672492864690454,0.015697534948429848,5,0.0
892,-3.0675749776784604,-1.6739150661920106,0.01715090983163345,7,0.023553908215141063
893,-3.0263161708366484,-1.6514009669534286,0.016747838881944064,9,0.022971274907211795
893,-3.008728995755769,1.4596127805636565,0.014948553504749449,10,0.0
894,-3.1844208697374743,-1.6740421767539673,0.01699211198744279,6,0.0
894,-3.0418121424447864,-1.6712958858269829,0.016189283522570826,9,0.023693998044239793
896,-3.0267281554161674,-1.6516294029133203,0.015681360545437555,9,0.019225416705507828
897,-3.1777740109872976,-1.6810199962652272,0.017212833989275172,6,0.013190434348459802
898,-3.0423375878830385,-1.6715865066500541,0.015841014113204023,10,0.02313080496796704
899,-3.0340244368318006,-1.6632235176366659,0.01683945393511297,9,0.008524303542532094
900,-3.0432348213246927,-1.6548477210487893,0.016338801377572185,9,0.017490989264095397
901,-3.080786270797873,-1.6579295200562534,0.017187180968482367,12,0.023622960750588985
902,-3.04058393230042,1.461918484068824,0.01684905238202439,10,0.002498020386191936
902,-3.1727877587973365,1.4674811703870332,0.016682324200514284,8,0.018024237348008107
903,-3.045827665224137,-1.662015618019951,0.016487906201721372,10,0.02358157248077142
904,-3.0245311217932973,1.4647763285886828,0.016004716293342814,10,0.015968448832868198
905,-3.0431386049278144,-1.6548018170547156,0.016926755298416415,10,0.016835335370255673
905,-3.0096099414104995,1.462331540592153,0.014968802857391014,10,0.0
908,-3.043923830421927,-1.6552191024135512,0.016061161359656635,9,0.018750543427031245
909,-3.0684525317823086,-1.6743941201424595,0.01716271934237569,6,0.02357103827770015
909,-3.175006305584662,1.4623101980342006,0.017167233001282207,8,0.017090837953522606
910,-3.180343241130384,-1.673865876338878,0.015895794571247346,5,0.003181732495772171
911,-3.0554731129177486,-1.6713124647539053,0.015822824694623212,10,0.025541348099217903
911,-3.1598099396156547,1.4602476012443122,0.016127924978288126,9,0.0
912,-3.159567025241822,-1.6648762769673702,0.016793330023142112,6,0.02085615683022867
912,-3.0482916776351496,-1.649954511442265,0.016062981244767096,8,0.00304141241225174
914,-3.0425976590776047,-1.6679211987095677,0.016487201646288245,10,0.023580890655153994
915,-3.182475553337869,-1.6749896434424267,0.01628418976823151,5,0.003160435773921502
915,-3.008936769289238,1.4644676586617873,0.015939289891429488,10,0.0
915,-3.1930303293549698,1.4605929037445844,0.016271438302668126,9,0.0
916,-3.0525987181735,-1.6691010219310145,0.015596052113737244,11,0.023689327811707787
917,-3.0386318361569913,1.461871647343821,0.015030394700277458,9,0.0
918,-3.1835350605943518,-1.6735744798730992,0.016989906455035952,6,0.0
918,-3.042618661771723,-1.6717418283177619,0.01560103492834522,9,0.023020771788690515
918,-3.039638263627971,1.4598953504349161,0.016031125869927706,10,0.0018520648128046507
919,-3.040588928043053,1.4555723472590447,0.015069706066892785,11,0.0
919,-3.160709073883115,1.460662834086141,0.016137551626767967,9,0.0
921,-3.0316681543756987,-1.6695878216964437,0.015966843135902596,9,0.008494150820585465
921,-3.009659809914547,1.4720456618319266,0.015966760638870856,10,0.0
921,-3.1910896088233485,1.4648074501212855,0.01626357479074442,8,0.0
922,-3.0434951488950017,-1.6722226507352438,0.015602774405101615,11,0.023025423206869296
922,-3.0107267064897236,1.4653374563287087,0.01595007453583092,10,0.0
922,-3.1609504172434395,1.46330739886321,0.017110700152739928,8,0.0
923,-3.061290343432052,-1.6707001828245471,0.015979677960698532,10,0.023253798206798248
925,-3.1876624687310415,-1.6678594349007476,0.01699115025596385,7,0.0
925,-3.042688805508498,-1.6717781661202384,0.01619028740965748,9,0.023695387005767687
926,-3.1818658386613605,-1.6726959623945508,0.016123584422706883,5,0.0
926,-3.0658183710262703,-1.6729557950692326,0.017135071086483614,7,0.02353024842132584
927,-3.0236848684782958,-1.6499662364422023,0.016723087521236545,9,0.022938279575433616
927,-3.0395730818175677,1.46233948574685,0.015082102777035195,10,0.0
928,-3.03945447435455,1.467240782278856,0.01510314996651284,10,0.0
929,-3.0299262282419224,-1.6457547908322547,0.015682423438492486,9,0.0192450746767578
929,-3.021685861442332,1.4706409971963939,0.01600480700647628,10,0.01599983022811753
930,-3.052402500868906,-1.6540942468536628,0.014850760813867245,10,0.0
930,-3.0223796255106827,1.4661030444310907,0.015507373506498912,10,0.020916652179246625
931,-3.1598099396156547,1.4602476012443122,0.016127924978288126,9,0.0
932,-3.118713549069529,-1.6695057297250009,0.016577189784695173,12,0.048358483893606106
933,-3.1849135858395328,-1.6743001979704326,0.01655805329986379,5,0.0
933,-3.0612010165253145,-1.6588620818684205,0.01757830577088236,7,0.0
933,-3.0376323928352917,1.466362557088592,0.015080521632265302,10,0.0
934,-3.044889063385151,-1.655755313464923,0.016936741175136594,10,0.016849313411097654
934,-3.0060921954054654,1.4703019572099187,0.015937682801700263,10,0.0
934,-3.173068251354428,1.468886314377472,0.017175816469280784,8,0.017130312891177356
935,-3.035832513388265,-1.6642123118441137,0.016408918772557783,11,0.0
936,-3.0426556911459066,-1.6545370559398624,0.017367108332133927,10,0.016613135003592544
938,-3.178044912478258,-1.6726575993494626,0.01627501410821909,5,0.003155983658896888
939,-3.054422985675257,-1.6725517408636201,0.016154737502900512,10,0.025291750187628245
939,-3.0244487574379644,1.4683485712544855,0.016012818667899657,11,0.01899761362565578
939,-3.1745928709798825,1.4671211969015001,0.016691655008041796,9,0.019238564840978002
940,-3.178446130310833,-1.6839828595908162,0.017024036578230494,6,0.0
940,-3.0290480056047144,-1.6452785974236936,0.01567559868944424,10,0.019235527469116685
941,-3.1815892346836376,-1.6745224946117974,0.01628175323965464,5,0.0031610985721691335
941,-3.164485379294303,1.4558398963438262,0.014540089513581801,9,0.0
942,-3.1814793871167777,-1.672492864690454,0.015697534948429848,5,0.0
942,-3.0675749776784604,-1.6739150661920106,0.01715090983163345,7,0.023553908215141063
943,-3.1812292617681717,-1.6743330517636275,0.015897407895333594,5,0.0031826125528114464
944,-3.1814793871167777,-1.672492864690454,0.015697534948429848,5,0.0
945,-3.1589973415917205,1.469852660006504,0.017126133797504276,8,0.0
946,-3.1835350605943518,-1.6735744798730992,0.016989906455035952,5,0.0
946,-3.0328140899321085,1.4655431897629982,0.0160745375474863,11,0.018223636910554727
947,-3.049924511102412,-1.668240450096821,0.01612848828901436,10,0.027187228463657356
947,-3.0279368279191234,1.4680536462381157,0.015701341342294263,11,0.022959478062340742
948,-3.1840271282488133,-1.6738351567127718,0.016556907726296127,5,0.0
948,-3.0124446497022337,1.4542010461974726,0.014961102870667412,9,0.0
948,-3.183056983709271,1.4668632009363642,0.01690177523842207,10,0.0220812179982907
949,-3.0728393104528884,-1.676785650602631,0.017209829695623083,6,0.02363569158032147
950,-3.1815892346836376,-1.6745224946117974,0.01628175323965464,5,0.0031610985721691335
950,-3.027193620473785,-1.651879236036945,0.01675058715897483,9,0.022974051218455645
951,-3.0263161708366484,-1.6514009669534286,0.016747838881944064,9,0.022971274907211795
951,-3.0395626847506936,1.460029989320684,0.015072235988718862,10,0.0
952,-3.041386763051288,1.4609051798836967,0.015094848877897651,10,0.0
952,-3.1580961331364166,1.469434943681715,0.017119735225339175,8,0.0
953,-3.1797074740000717,-1.6715635535733526,0.015696638562617764,12,0.0
953,-3.0424062622073995,1.456441068832894,0.015084128609885934,10,0.0
954,-3.1821149134111417,-1.6747998219056424,0.015899133379883582,5,0.003181971705712265
954,-3.0658183710262703,-1.6729557950692326,0.017135071086483614,7,0.02353024842132584
955,-3.0372451179089417,-1.657334016488778,0.016839428591400453,9,0.008514363194527554
955,-3.0260120612558676,1.4582636879504065,0.015022733696431196,10,0.016731246495032118
956,-3.1814793871167777,-1.672492864690454,0.015697534948429848,6,0.0
957,-3.1835350605943518,-1.6735744798730992,0.016989906455035952,6,0.0
957,-3.0409352053613636,-1.670814408429378,0.016187476183920996,9,0.023688167528256525
958,-3.1814793871167777,-1.672492864690454,0.015697534948429848,5,0.0
958,-3.0666964445409564,-1.6734348643518082,0.017149244503717992,7,0.02355117466653537
959,-3.0394277639562035,-1.6699868027427835,0.016081356654708646,11,0.023285388145582092
959,-3.157198607010653,1.4690172904406573,0.01710974164027971,8,0.0
960,-3.1609374577883216,-1.6656003517457056,0.01636570361122396,6,0.01993039524737334
960,-3.046346563813432,-1.6469928555992288,0.016409986457053338,8,0.0
960,-3.041386763051288,1.4609051798836967,0.015094848877897651,11,0.0
960,-3.1599009148444464,1.470272661380879,0.017130671337817868,8,0.0
961,-3.1648658317632794,-1.6676648926203403,0.016749041148955184,6,0.02130756602905016
961,-3.045138722097559,-1.6482484490322729,0.016455007095979968,8,0.003016980172432175
961,-3.0424062622073995,1.456441068832894,0.015084128609885934,10,0.0
962,-3.180703273162112,-1.6740553225473245,0.016280194425962013,5,0.0031602251205258445
962,-3.069330585700492,-1.6748731635132015,0.017175101117174053,7,0.023589358575560194
962,-3.0386569695714423,1.459595927436026,0.015067462681645629,9,0.0
963,-3.036710478961291,-1.6646912069205864,0.01640893576055479,9,0.0
963,-3.1754497742195014,1.4625275256827988,0.016195749884516275,9,0.01798758394856171
964,-3.069330585700492,-1.6748731635132015,0.017175101117174053,7,0.023589358575560194
964,-3.1910896088233485,1.4648074501212855,0.01626357479074442,9,0.0
965,-3.0294979092290104,-1.6455298382265917,0.017263711050582192,9,0.022286269193411756
965,-3.0078775302189724,1.4711751474983203,0.01595089614710532,10,0.0
966,-3.0327296557346335,1.4652003802722933,0.01602583980768547,10,0.01796187319484396
966,-3.1889204075272612,1.4687524622769437,0.017241902824568413,8,0.0
967,-3.1902935813048066,1.4625411361081595,0.01580919647452664,9,0.0
968,-3.043312836175553,1.456875486545191,0.015089792694288146,10,0.0
968,-3.1589973415917205,1.469852660006504,0.017126133797504276,8,0.0
969,-3.041386763051288,1.4609051798836967,0.015094848877897651,11,0.0
970,-3.0419173501265,-1.6713556610098372,0.015773657855746588,9,0.023314347325138065
972,-3.0078775302189724,1.4711751474983203,0.01595089614710532,10,0.0
973,-3.1812292617681717,-1.6743330517636275,0.015897407895333594,5,0.0031826125528114464
973,-3.0702104258361675,-1.6753545532464178,0.01718165064555143,7,0.023601426556340913
974,-3.0438665659847555,1.4596177834685153,0.01607360804452615,10,0.0
974,-3.1596816475203022,1.4739012095670223,0.015967416482263234,8,0.0
975,-3.1815892346836376,-1.6745224946117974,0.01628175323965464,5,0.0031610985721691335
975,-3.0702104258361675,-1.6753545532464178,0.01718165064555143,7,0.023601426556340913
975,-3.0413920016632443,1.4632143948323668,0.015100345528892231,10,0.0
975,-3.1909840532553795,1.4649117858165803,0.01720020646198429,8,0.0
976,-3.0307917610860966,-1.6691090011805458,0.016045834629755635,10,0.011688136481468759
976,-3.1910896088233485,1.4648074501212855,0.01626357479074442,8,0.0
977,-3.06627451014861,-1.6663097630518267,0.016756586152982443,10,0.02465143673843692
978,-3.052941310603058,-1.6711580274799722,0.015648921119814623,10,0.024636105785240323
978,-3.042292867969635,1.4613415337646933,0.015100832677242632,9,0.0
979,-3.056468035393049,-1.6699613400426698,0.016077108761378942,16,0.04134664817892195
980,-3.056446411988745,-1.6706161838510742,0.015938660708311528,10,0.02570818228641622
980,-3.044118088273653,1.464527397741625,0.01512597255115874,10,0.0
981,-3.058353153822723,-1.674280002380608,0.01604759799243654,10,0.020543970577445517
981,-3.1634168192328493,1.459540733476067,0.01615005328155923,9,0.0
982,-3.1844208697374743,-1.6740421767539673,0.01699211198744279,6,0.0
983,-3.0281798754395837,-1.6714987937514525,0.01573501211747138,9,0.009994589707979833
985,-3.028484464091889,-1.6525882196770323,0.015695809362671034,8,0.01924805046039732
985,-3.026056734770506,1.4631213181062028,0.015522461706864285,10,0.01797377933225485
985,-3.1777313630555315,1.463565219324517,0.017188201078825523,8,0.017116267199484662
986,-3.0087720405785725,1.4716121439933927,0.015955494640543178,11,0.0
987,-3.0621309240782097,-1.6681972526233761,0.015788984028492093,11,0.020239221662686255
987,-3.025916572050825,1.4602619056511807,0.016275271560691466,10,0.017293887915772778
989,-3.1842476405812676,-1.6759219331328064,0.016287450683912724,5,0.0031642023960919948
989,-3.0684525317823086,-1.6743941201424595,0.01716271934237569,7,0.02357103827770015
990,-3.1818658386613605,-1.6726959623945508,0.016123584422706883,5,0.0
991,-3.0367270300790827,1.4659241622740888,0.015074280952484689,10,0.0
992,-3.1590642348223974,-1.6607110294890572,0.014438757582184691,5,0.0
992,-3.0357446513974757,-1.66416168469088,0.017289641827989814,11,0.0
992,-3.0384898444558,1.4692556437106572,0.016938797061723368,10,0.0
993,-3.042107872986773,1.4601848883843853,0.016573748292375082,9,0.0020127116201754166
993,-3.161607860511839,1.461077839634915,0.01614758422381024,9,0.0
994,-3.051111179309957,-1.670082770825623,0.015891453037675005,9,0.020396012568676347
994,-3.0260330360609733,1.4642433653324103,0.015525444624378396,10,0.024616838660435042
995,-3.053810304968099,-1.6726828273829764,0.015463766474263304,15,0.03739650978529552
995,-3.0401254742973567,1.4650849985155783,0.01607014269525614,10,0.0
996,-3.0754752647758674,-1.6782263076319357,0.017232828107379916,6,0.023672670669234383
996,-3.0087720405785725,1.4716121439933927,0.015955494640543178,9,0.0
997,-3.0538534750654804,-1.647224346888399,0.014841120188105865,10,0.0
998,-3.0263161708366484,-1.6514009669534286,0.016747838881944064,9,0.022971274907211795
1000,-3.0368060318970573,-1.6570960751888872,0.017282041745024315,10,0.008534891741457804
1000,-3.0404760936300153,1.4604682829709148,0.015085352796807514,10,0.0
1001,-3.157198607010653,1.4690172904406573,0.01710974164027971,9,0.0
1002,-3.024561868931367,-1.6504445613213075,0.01673381062824009,9,0.022952967043824345
1003,-3.0728393104528884,-1.676785650602631,0.017209829695623083,6,0.02363569158032147
1004,-3.0498121289072486,-1.6721980279717574,0.015725531768513774,10,0.022449687957366432
1005,-3.0538534750654804,-1.647224346888399,0.014841120188105865,11,0.0
1006,-3.180979170064723,-1.6722331622673532,0.016123083068361438,5,0.0
1006,-3.0236848684782958,-1.6499662364422023,0.016723087521236545,9,0.022938279575433616
1006,-3.038545865408446,1.4668020506664956,0.01509377071437938,10,0.0
1007,-3.055021877792644,-1.6516820442315159,0.017338303559107607,10,0.0
1008,-3.0404862707238416,1.4627803145479108,0.015095698969083244,10,0.0
1008,-3.157198607010653,1.4690172904406573,0.01710974164027971,8,0.0
1009,-3.0574747695458946,-1.6738012877280428,0.016046501533779043,10,0.020541703326010477
1009,-3.043312836175553,1.456875486545191,0.015089792694288146,10,0.0
1009,-3.1930116099495462,1.458197019595385,0.016258962099717618,9,0.0
1010,-3.0333207837510674,1.4597586479116422,0.016225440826148668,11,0.015486770929265188
1010,-3.1718240744923185,1.467197409251579,0.017182791844988055,8,0.01749753037344306
1011,-3.0415501388366066,1.4571933794086773,0.01526370037198147,10,0.0
1012,-3.042993913601861,-1.6547174176952058,0.016560340214598068,9,0.01782313247036932
1012,-3.0424062622073995,1.456441068832894,0.015084128609885934,10,0.0
1012,-3.1580961331364166,1.469434943681715,0.017119735225339175,9,0.0
1013,-3.069330585700492,-1.6748731635132015,0.017175101117174053,6,0.023589358575560194
1014,-3.182365889310122,-1.672959937426443,0.015699263017125327,5,0.0
1014,-3.0675749776784604,-1.6739150661920106,0.01715090983163345,7,0.023553908215141063
1014,-3.0254717132351523,1.4658109802077233,0.0157565986427095,10,0.018744313602430913
1015,-3.1591496771211176,1.4624750102260984,0.017094323573032012,8,0.0
1016,-3.042618661771723,-1.6717418283177619,0.01560103492834522,11,0.023020771788690515
1016,-3.1917665116055898,1.4625633870109338,0.017244675957143622,9,0.0
1017,-3.0423437487186256,1.4552601768956457,0.01757373282294046,10,0.002388114125132018
1017,-3.1822791707959976,1.4806848065496847,0.017227901880025896,9,0.0
1018,-3.173068251354428,1.468886314377472,0.017175816469280784,9,0.017130312891177356
1019,-3.0658183710262703,-1.6729557950692326,0.017135071086483614,7,0.02353024842132584
1020,-3.1618035691008504,1.4549056309991641,0.01619126711851531,9,0.0
1021,-3.0263161708366484,-1.6514009669534286,0.016747838881944064,9,0.022971274907211795
1022,-3.1836374904183726,-1.6736302942789396,0.01612675732968033,6,0.0
1022,-3.0702104258361675,-1.6753545532464178,0.01718165064555143,6,0.023601426556340913
1023,-3.1826493120517987,-1.673107712972191,0.01698897613570661,5,0.0
1023,-3.0675749776784604,-1.6739150661920106,0.01715090983163345,7,0.023553908215141063
1023,-3.1589973415917205,1.469852660006504,0.017126133797504276,8,0.0
1024,-3.1857994345660647,-1.6747652616037962,0.0165586186090676,5,0.0
1024,-3.011615521464455,1.465771164218755,0.01596075531828646,9,0.0
1024,-3.16576044566185,1.4597596317072852,0.015569345409133654,9,0.006293201213136828
1025,-3.167976301327117,-1.6693022422888033,0.015272467558107228,6,0.019487956315414744
1026,-3.180593350103981,-1.6720302974664634,0.01569767702967317,6,0.0
1027,-3.1840024456494476,-1.6659481365159197,0.01654659769508401,5,0.008706730820976543
1027,-3.049678653076951,-1.6679199996692096,0.016072534814109016,11,0.026351777181281177
1027,-3.1930116099495462,1.458197019595385,0.016258962099717618,9,0.0
1029,-3.0107267064897236,1.4653374563287087,0.01595007453583092,10,0.0
1030,-3.163605909602039,1.4557348671904955,0.01620731229971924,9,0.0
1032,-3.0248141529154777,1.4703366493622645,0.0163105854052008,10,0.02080341493850995
1033,-3.0404862707238416,1.4627803145479108,0.015095698969083244,10,0.0
1035,-3.1832512638270023,-1.6734272253946108,0.015700923292956137,5,0.0
1035,-3.0675749776784604,-1.6739150661920106,0.01715090983163345,7,0.023553908215141063
1035,-3.0404862707238416,1.4627803145479108,0.015095698969083244,10,0.0
1036,-3.0386670556159,1.461904131652263,0.01507706421129756,10,0.0
1037,-3.157198607010653,1.4690172904406573,0.01710974164027971,9,0.0
1038,-3.1835350605943518,-1.6735744798730992,0.016989906455035952,5,0.0
1038,-3.192534697689708,1.4679290777484575,0.015884121449695327,8,0.0
1039,-3.1814793871167777,-1.672492864690454,0.015697534948429848,5,0.0
1040,-3.0675749776784604,-1.6739150661920106,0.01715090983163345,8,0.023553908215141063
1040,-3.190180899455812,1.4643900014216695,0.016262752175659298,9,0.0
1042,-3.180593350103981,-1.6720302974664634,0.01569767702967317,5,0.0
1042,-3.0666964445409564,-1.6734348643518082,0.017149244503717992,7,0.02355117466653537
1042,-3.0404862707238416,1.4627803145479108,0.015095698969083244,10,0.0
1042,-3.1940287980699043,1.4535632608161926,0.016261638665217164,9,0.0
1043,-3.1251033699131767,-1.6745101932803734,0.016348242298576433,12,0.06685407627357186
1043,-3.0395730818175677,1.46233948574685,0.015082102777035195,10,0.0
1044,-3.161737097139032,1.4584429607466305,0.017153576212393388,9,0.0
1045,-3.051993944808155,-1.6462219001305822,0.01583920796056154,10,0.0
1045,-3.1800059525238034,1.4654990383204323,0.016871889864887666,9,0.025174022572885365
1046,-3.150997883481704,-1.662326865092836,0.016396926055554997,6,0.0040194179668778685
1046,-3.045138722097559,-1.6482484490322729,0.016455007095979968,8,0.003016980172432175
1046,-3.1831948946829143,1.481111271261022,0.01723816803293501,9,0.0
1047,-3.024561868931367,-1.6504445613213075,0.01673381062824009,9,0.022952967043824345
1047,-3.0395626847506936,1.460029989320684,0.015072235988718862,10,0.0
1048,-3.0496682304229585,-1.6526129340090168,0.01584567484249816,9,0.0
1049,-3.0358261329069083,1.4654886890361192,0.015073272134891468,11,0.0
1049,-3.1921015451815973,1.457781335208851,0.01625772398645814,9,0.0
1050,-3.0418121424447864,-1.6712958858269829,0.016189283522570826,9,0.023693998044239793
1050,-3.191174038966114,1.4573580089550622,0.01623875785034391,9,0.0
1051,-3.17959776228095,-1.6715059988018195,0.01655127346639321,5,0.0
1051,-3.027193620473785,-1.651879236036945,0.01675058715897483,9,0.022974051218455645
1051,-3.011135702405842,1.4691507400143953,0.01505753897898787,11,0.0
1051,-3.163483935494107,1.4564489673816217,0.01487257042958315,9,0.0
1052,-3.0556164522025706,-1.6669874046415671,0.015869807977914,10,0.02617776325820735
1052,-3.0395730818175677,1.46233948574685,0.015082102777035195,10,0.0
1054,-3.1945871474157053,1.4563671882655003,0.017234550074142325,9,0.0
1055,-3.1512959772867677,-1.6671766025269434,0.015996218089653357,7,0.0
1055,-3.0307917610860966,-1.6691090011805458,0.016045834629755635,8,0.011688136481468759
1055,-3.007155068051751,1.4636007178955117,0.015921035061287496,10,0.0
1056,-3.1844208697374743,-1.6740421767539673,0.01699211198744279,4,0.0
1056,-3.042688805508498,-1.6717781661202384,0.01619028740965748,11,0.023695387005767687
1056,-3.0087720405785725,1.4716121439933927,0.015955494640543178,10,0.0
1057,-3.0587871641768616,-1.6707802692909521,0.016095363611124056,15,0.0481549627257633
1057,-3.044777796247619,1.46005620672407,0.0160848427717245,11,0.0
1058,-3.042794335644106,-1.671836960428444,0.015775008926599606,9,0.02331845974763788
1060,-3.0370054848759422,-1.673766036272773,0.0164406476919476,10,0.019542530358922186
1060,-3.0283162582532164,1.4557440571832347,0.01503108594357893,10,0.01621377448955023
1061,-3.179207975174915,-1.6713010748964217,0.016120942978470144,5,0.0
1061,-3.0087720405785725,1.4716121439933927,0.015955494640543178,10,0.0
1062,-3.1718240744923185,1.467197409251579,0.017182791844988055,8,0.01749753037344306
1063,-3.1814793871167777,-1.672492864690454,0.015697534948429848,5,0.0
1063,-3.069330585700492,-1.6748731635132015,0.017175101117174053,7,0.023589358575560194
1063,-3.0401254742973567,1.4650849985155783,0.01607014269525614,10,0.0
1063,-3.157198607010653,1.4690172904406573,0.01710974164027971,8,0.0
1064,-3.1826493120517987,-1.673107712972191,0.01698897613570661,6,0.0
1064,-3.0684525317823086,-1.6743941201424595,0.01716271934237569,6,0.02357103827770015
1064,-3.0438665659847555,1.4596177834685153,0.01607360804452615,11,0.0
1065,-3.053742978364542,-1.6471652471350766,0.015852298963204368,9,0.0
1065,-3.0293176243024234,1.464948577287486,0.01619023725767307,10,0.02087103656997864
1065,-3.1907062922473743,1.4670867003715733,0.01587144857434777,8,0.0
1066,-3.0244487574379644,1.4683485712544855,0.016012818667899657,9,0.01899761362565578
1068,-3.0263161708366484,-1.6514009669534286,0.016747838881944064,9,0.022971274907211795
1068,-3.0227093715640887,1.4639543372681718,0.01598791328205082,10,0.021997809813559012
1069,-3.1814793871167777,-1.672492864690454,0.015697534948429848,5,0.0
1069,-3.0666964445409564,-1.6734348643518082,0.017149244503717992,7,0.02355117466653537
1070,-3.058064491987813,-1.6676513951087113,0.016064308960590044,11,0.021468488261426163
1071,-3.0516017229077685,-1.6689748313780595,0.016198633528493697,10,0.023228246343625834
1071,-3.0404862707238416,1.4627803145479108,0.015095698969083244,10,0.0
1071,-3.157198607010653,1.4690172904406573,0.01710974164027971,8,0.0
1072,-3.0078775302189724,1.4711751474983203,0.01595089614710532,11,0.0
1072,-3.1736897532332327,1.4667036459311635,0.016686246907969503,9,0.019228285464383512
1073,-3.16771401940251,-1.6705358454292067,0.01585006155600409,7,0.018577762652944627
1073,-3.0286018825536627,-1.6679032430295908,0.016440226268806573,8,0.01168589073097001
1074,-3.1848171934014102,-1.6742505544424007,0.01743066204117741,5,0.0
1074,-3.0531719295306194,-1.671572707244483,0.01595015734401074,10,0.02499033110880248
1074,-3.0438665659847555,1.4596177834685153,0.01607360804452615,10,0.0
1075,-3.0625316148827504,-1.6678600064303049,0.016378401571925376,7,0.01136945093834557
1075,-3.1563000480858925,1.4685991566354664,0.01710086458864482,8,0.0
1076,-3.0407596939223707,-1.6707186816018207,0.016012072965618695,9,0.023380163681222702
1076,-3.021685861442332,1.4706409971963939,0.01600480700647628,10,0.01599983022811753
1076,-3.1580961331364166,1.469434943681715,0.017119735225339175,8,0.0
1077,-3.0223163962030504,1.4697077052066607,0.01551953744533903,10,0.0167821315403127
1077,-3.192011545896557,1.465229828073736,0.016277222909811127,8,0.0
1078,-3.0254328981150316,1.4652123633686451,0.01600756800910437,10,0.015972844251685214
1079,-3.0702104258361675,-1.6753545532464178,0.01718165064555143,6,0.023601426556340913
1079,-3.164485379294303,1.4558398963438262,0.014540089513581801,9,0.0
1080,-3.056187970249902,-1.6720243592070738,0.015970621171766952,11,0.019971731438001118
1080,-3.1599009148444464,1.470272661380879,0.017130671337817868,9,0.0
1081,-3.180703273162112,-1.6740553225473245,0.016280194425962013,5,0.0031602251205258445
1081,-3.0415205535388967,1.460627478626319,0.016116330086535596,10,0.0
1081,-3.1580961331364166,1.469434943681715,0.017119735225339175,8,0.0
1082,-3.180979170064723,-1.6722331622673532,0.016123083068361438,5,0.0
1082,-3.040027667971108,1.461405419344978,0.016107969092972158,10,0.0018001367026056533
1084,-3.0400376713441486,1.4618352921820688,0.01630990781295694,10,0.0036128713389687933
1085,-3.0511211134638354,-1.6457508810490056,0.015830944252403337,9,0.0
1085,-3.1563000480858925,1.4685991566354664,0.01710086458864482,9,0.0
1086,-3.0245448021745736,-1.6504459632792874,0.017250671485109552,9,0.02225136700128274
1086,-3.0266478953269953,1.4691535285399837,0.015759214941412338,10,0.018408068025673165
1087,-3.0710884818350754,-1.675833598234557,0.017194043417116285,7,0.023619764318325135
1087,-3.0334991119949617,1.4664827082860463,0.015807362221023108,10,0.018963403818223402
1088,-3.1739597365816845,-1.6868809002718301,0.016426342073473682,6,0.0
1088,-3.0370931330040394,-1.6649084750838323,0.0164497323914976,10,0.011692813720850345
1088,-3.041386763051288,1.4609051798836967,0.015094848877897651,9,0.0
1089,-3.027315561666958,1.4619176291161398,0.015133040612723372,10,0.01688495733817401
1090,-3.189436133069738,-1.6687888361076588,0.01699382304826794,5,0.0
1090,-3.032544348715929,-1.6700714373839318,0.01596739266459212,11,0.008495108010960513
1090,-3.0314672458385843,1.4598418016503987,0.017011228575634082,10,0.01717111336037789
1091,-3.174883329537014,1.4697268358956599,0.017194766338906445,9,0.017154119728109485
1092,-3.042618661771723,-1.6717418283177619,0.01560103492834522,9,0.023020771788690515
1092,-3.0404760936300153,1.4604682829709148,0.015085352796807514,10,0.0
1093,-3.0542603853400982,-1.6716977557463504,0.015950601947260862,10,0.024826706094261602
1094,-3.1836374904183726,-1.6736302942789396,0.01612675732968033,5,0.0
1095,-3.0621168508303125,-1.6730663333508529,0.01623084311188304,9,0.022576141918885656
1096,-3.155015334645391,-1.6624899076119004,0.015416084428813547,12,0.0
1096,-3.0415501388366066,1.4571933794086773,0.01526370037198147,10,0.0
1097,-3.0454230836050584,-1.6694349093450855,0.015353389794141784,10,0.024071157971113852
1097,-3.042955341208899,1.4591793641397401,0.016062380076190003,10,0.0
1098,-3.0532767672215853,-1.654567273692279,0.014857539906761506,9,0.0
1098,-3.0241725611980703,1.4669758148701213,0.015518798708789187,11,0.02047354567452297
1099,-3.0538534750654804,-1.647224346888399,0.014841120188105865,9,0.0
1099,-3.0438665659847555,1.4596177834685153,0.01607360804452615,10,0.0
1099,-3.1687299485897444,1.4671475620678838,0.016677956037462527,9,0.022068938822457952
1100,-3.1736897532332327,1.4667036459311635,0.016686246907969503,8,0.019228285464383512
1101,-3.040671790407135,-1.675784893804364,0.01659234491678396,10,0.01969607728288815
1101,-3.041265290848266,1.4681152007050984,0.015113905599618243,11,0.0
1102,-3.027193620473785,-1.651879236036945,0.01675058715897483,9,0.022974051218455645
1102,-3.025461868666946,1.458020505819886,0.01599871724871239,11,0.02831409578935803
1103,-3.1835350605943518,-1.6735744798730992,0.016989906455035952,5,0.0
1103,-3.0405560737351585,-1.6610486884032696,0.017150057249864632,10,0.016737682983663064
1104,-3.027193620473785,-1.651879236036945,0.01675058715897483,9,0.022974051218455645
1104,-3.0376451174512127,1.4686759826966567,0.015097849663192697,11,0.0
1105,-3.1813694907591095,-1.6724383935622311,0.0165540073739834,5,0.0
1108,-3.0710884818350754,-1.675833598234557,0.017194043417116285,7,0.023619764318325135
1108,-3.0234843900505166,1.4715165067898701,0.016018049872158692,10,0.016015372848147337
1109,-3.1815892346836376,-1.6745224946117974,0.01628175323965464,5,0.0031610985721691335
1109,-3.0438665659847555,1.4596177834685153,0.01607360804452615,11,0.0
1109,-3.1926700989817656,1.4629812517642673,0.017240580085589676,8,0.0
1110,-3.0402350499788118,1.4679608990106068,0.017098647032518025,10,0.0
1110,-3.16329578797548,1.4637459494162115,0.01571109499257239,9,0.0
1111,-3.0547297236688737,-1.6476974774971354,0.014845867560852977,10,0.0
1111,-3.1768209798299973,1.463146680426572,0.017178840505032537,9,0.01710290998546731
1112,-3.097912032119085,-1.6727547186335032,0.016483521413480633,12,0.04721943774655208
1112,-3.174539826071793,1.4684553268921874,0.017210013214634605,9,0.017513587714199343
1113,-3.0407073522661947,-1.6611190699113851,0.016060652847524948,10,0.018746011612246767
1113,-3.0385458067295397,1.469110818636223,0.015098366833010766,10,0.0
1115,-3.0528673565794158,-1.6466924415586308,0.015846918113596713,10,0.0
1115,-3.005021963083263,1.4770069477830137,0.01594728625931269,10,0.0
1116,-3.032148036494556,-1.646957047483831,0.016770291496418427,9,0.02300669679355248
1117,-3.006987674954888,1.4707394277166648,0.015941225227485364,10,0.0
1118,-3.041768252519925,-1.661705409672575,0.016347522579915265,9,0.017494301304008954
1119,-3.1813694907591095,-1.6724383935622311,0.0165540073739834,5,0.0
1119,-3.0710884818350754,-1.675833598234557,0.017194043417116285,7,0.023619764318325135
1119,-3.189992518982151,1.4666890109721735,0.01605932955111455,9,0.0003430260640775268
1120,-3.1814793871167777,-1.672492864690454,0.015697534948429848,5,0.0
1120,-3.0702104258361675,-1.6753545532464178,0.01718165064555143,7,0.023601426556340913
1120,-3.042955341208899,1.4591793641397401,0.016062380076190003,10,0.0
1120,-3.1910896088233485,1.4648074501212855,0.01626357479074442,8,0.0
1121,-3.157198607010653,1.4690172904406573,0.01710974164027971,8,0.0
1122,-3.0407596939223707,-1.6707186816018207,0.016012072965618695,10,0.023380163681222702
1123,-3.025416435713936,1.4651772558190301,0.01600663811164766,10,0.023592539138795728
1124,-3.0710884818350754,-1.675833598234557,0.017194043417116285,6,0.023619764318325135
1125,-3.040655624850995,-1.6706604977953112,0.01643154018324688,9,0.023757182280969406
1125,-3.0420530297333053,1.458749529836524,0.01606283907041947,10,0.0
1125,-3.174883329537014,1.4697268358956599,0.017194766338906445,9,0.017154119728109485
1126,-3.0469663587437577,-1.670285738984954,0.016638653312096973,10,0.023713270533304888
1127,-3.0340244368318006,-1.6632235176366659,0.01683945393511297,9,0.008524303542532094
1127,-3.1883585739787024,1.4659417629781961,0.01625473548402105,8,0.0
1128,-3.1818658386613605,-1.6726959623945508,0.016123584422706883,5,0.0
1128,-3.0702104258361675,-1.6753545532464178,0.01718165064555143,7,0.023601426556340913
1128,-3.1910896088233485,1.4648074501212855,0.01626357479074442,9,0.0
1129,-3.0087720405785725,1.4716121439933927,0.015955494640543178,10,0.0
1130,-3.167852694968194,-1.6706489197206824,0.016032177532898303,7,0.01956565470071238
1130,-3.027725982587308,-1.667420850756944,0.01564857364701964,8,0.01167075636460452
1130,-3.036728914011121,1.4682319012966178,0.015080143817734298,11,0.0
1130,-3.1822791707959976,1.4806848065496847,0.017227901880025896,9,0.0
1131,-3.1840271282488133,-1.6738351567127718,0.016556907726296127,5,0.0
1131,-3.157198607010653,1.4690172904406573,0.01710974164027971,8,0.0
1132,-3.029267490147179,1.452648559092601,0.015992586190757697,11,0.02201219867300778
1133,-3.1563000480858925,1.4685991566354664,0.01710086458864482,9,0.0
1136,-3.055323815382469,-1.6667418080712002,0.016101837490377757,11,0.02329761024244861
1139,-3.180593350103981,-1.6720302974664634,0.01569767702967317,5,0.0
1139,-3.0675749776784604,-1.6739150661920106,0.01715090983163345,7,0.023553908215141063
1139,-3.03986811390691,1.4607441538332488,0.01580656666149246,10,0.0020110285180942
1140,-3.0684525317823086,-1.6743941201424595,0.01716271934237569,7,0.02357103827770015
1140,-3.039949030849607,1.4626845647715008,0.01658239380065354,10,0.002714949074116704
1141,-3.0295137093314994,-1.6455261200188258,0.01674761793589345,10,0.022975985182577582
1141,-3.005209004960564,1.4698685311954685,0.015921956745550615,10,0.0
1142,-3.1814793871167777,-1.672492864690454,0.015697534948429848,5,0.0
1142,-3.158246099563734,1.4620570090574674,0.01708979004542079,9,0.0
1143,-3.0254218809685476,-1.6509240149483781,0.017258816842279978,10,0.022262587889699433
1143,-3.0395730818175677,1.46233948574685,0.015082102777035195,10,0.0
1144,-3.153066066624229,-1.6614640795489748,0.016498022814514134,11,0.0
1144,-3.044099736286273,-1.6457760396769556,0.016845124799072707,8,0.0
1146,-3.069330585700492,-1.6748731635132015,0.017175101117174053,12,0.023589358575560194
1147,-3.0420513094280337,1.4587474632211381,0.016060218061503345,10,0.0
1148,-3.179207975174915,-1.6713010748964217,0.016120942978470144,5,0.0
1149,-3.1409688175182477,-1.6692076526120996,0.01707435952696462,12,0.04144933389990424
1149,-3.0424302664957676,1.4610643373823442,0.01612491176516979,10,0.0
1150,-3.182365889310122,-1.672959937426443,0.015699263017125327,5,0.0
1151,-3.180979170064723,-1.6722331622673532,0.016123083068361438,5,0.0
1151,-3.0134145552131906,1.449924480218391,0.016773385405152896,10,0.0
1151,-3.1873325899380447,1.4705739993429845,0.01626124196133409,8,0.0
1152,-3.17793508836336,-1.6706308662889067,0.015693190267861225,6,0.0
1152,-3.0376323928352917,1.466362557088592,0.015080521632265302,11,0.0
1153,-3.0684525317823086,-1.6743941201424595,0.01716271934237569,7,0.02357103827770015
1153,-3.0041304855229853,1.476569624395339,0.015940055380038377,10,0.0
1153,-3.1935927067928653,1.463402202220554,0.017254501733649934,10,0.0
1154,-3.050119851391684,-1.6681543184693903,0.016419678807371482,12,0.025065445122029777
1155,-3.0513126950990626,-1.6458538681626893,0.017460977570089086,9,0.0
1155,-3.028907863125131,1.4627753300348496,0.01571389502183213,10,0.01584330970571467
1155,-3.173975787924434,1.4693068251792138,0.017184730803686585,8,0.017141704815744625
1156,-3.041636466190928,-1.671200753746317,0.016013634936627923,10,0.023384994745445892
1156,-3.042955341208899,1.4591793641397401,0.016062380076190003,10,0.0
1157,-3.0564639701331324,-1.6720173193637757,0.016842635278646656,10,0.027833779241736682
1157,-3.1929298234666157,1.465650846226219,0.01628732308180233,8,0.0
1159,-3.027324301997174,1.4690949501929245,0.016227693509656967,11,0.01904956860686174
1160,-3.038306050170052,1.464207928237016,0.01605097979751054,10,0.0
1161,-3.1815892346836376,-1.6745224946117974,0.01628175323965464,5,0.0031610985721691335
1161,-3.0223796255106827,1.4661030444310907,0.015507373506498912,10,0.020916652179246625
1162,-3.180593350103981,-1.6720302974664634,0.01569767702967317,5,0.0
1162,-3.0684525317823086,-1.6743941201424595,0.01716271934237569,7,0.02357103827770015
1162,-3.0249715080818937,1.4649593959282026,0.016001802651837684,10,0.0238244423398201
1163,-3.147787670808703,-1.6586810738619946,0.014671656986237656,6,0.0
1163,-3.0264118729171714,-1.6666960360527925,0.016037340302146052,10,0.011672326295257773
1164,-3.181762714901458,-1.67264515149459,0.01698865943182673,5,0.0
1164,-3.0386670556159,1.461904131652263,0.01507706421129756,10,0.0
1164,-3.1580961331364166,1.469434943681715,0.017119735225339175,8,0.0
1165,-3.180703273162112,-1.6740553225473245,0.016280194425962013,6,0.0031602251205258445
1165,-3.043665058949672,-1.6493590363689472,0.01627569677082905,8,0.0
1165,-3.028014894814787,1.466016593977545,0.015524777593740819,10,0.023569432762352478
1165,-3.157198607010653,1.4690172904406573,0.01710974164027971,9,0.0
1166,-3.0681978935060803,-1.671669413088422,0.015782740126280757,15,0.05842468615054262
1166,-3.037456541049028,1.4652081897216518,0.01655976381875343,10,0.002008461254106201
1167,-3.0583664668749697,-1.669030367728165,0.016357468226626336,11,0.02341136434924688
1168,-3.0382763853048944,1.4627143431790726,0.016416539479411976,11,0.0030339654901879506
1169,-3.004314494931611,1.4694315347539901,0.01591735790005366,10,0.0
1170,-3.1554075045680583,1.4681815850524194,0.01708600719664575,8,0.0
1171,-3.0243942674673328,1.4731976476265958,0.016244503402327012,10,0.02176217240427784
1172,-3.1652802829211812,-1.6600615980993827,0.015462728539921535,6,0.0
1172,-3.030569281530068,1.4662690965285143,0.016458813462436304,11,0.02066803267265778
1173,-3.0424455731987305,1.4568781088970528,0.016335715467385003,9,0.0030713931734198613
1174,-3.1815892346836376,-1.6745224946117974,0.01628175323965464,5,0.0031610985721691335
1174,-3.039120354261228,1.4609698866559908,0.016101154018684796,10,0.0018002776993852245
1174,-3.173068251354428,1.468886314377472,0.017175816469280784,8,0.017130312891177356
1175,-3.0409352053613636,-1.670814408429378,0.016187476183920996,10,0.023688167528256525
1175,-3.0386569695714423,1.459595927436026,0.015067462681645629,10,0.0
1175,-3.157198607010653,1.4690172904406573,0.01710974164027971,9,0.0
1176,-3.0329727354676703,1.47137415840312,0.015068853394079023,11,0.0
1177,-3.024561868931367,-1.6504445613213075,0.01673381062824009,9,0.022952967043824345
1177,-3.1712282824470086,1.4680997629790546,0.01715349589291733,9,0.023710337906727556
1178,-3.0418121424447864,-1.6712958858269829,0.016189283522570826,12,0.023693998044239793
1179,-3.0263161708366484,-1.6514009669534286,0.016747838881944064,9,0.022971274907211795
1180,-3.0442237367238785,1.4573123972742537,0.015099957471932855,10,0.0
1181,-3.0506537319983518,-1.6531469512754777,0.014839492146972588,9,0.0
1181,-3.0234843900505166,1.4715165067898701,0.016018049872158692,10,0.016015372848147337
1181,-3.191106230615633,1.4672039645625892,0.016278635475516636,8,0.0
1182,-3.057319548710791,-1.6750842081847304,0.01616567531313331,9,0.02191643356469021
1182,-3.02584426674469,1.4533903679313873,0.015990343494778816,11,0.029028758330718708
1183,-3.1844208697374743,-1.6740421767539673,0.01699211198744279,6,0.0
1184,-3.043670699365749,-1.6723191631084688,0.015776393715359306,10,0.02332121211101425
1186,-3.1575921281359296,-1.667763048574794,0.014453559834677358,7,0.0
1186,-3.0570356455496275,-1.6731233105761039,0.015873457902801525,9,0.020420702104381138
1187,-3.182365889310122,-1.672959937426443,0.015699263017125327,5,0.0
1188,-3.1832512638270023,-1.6734272253946108,0.015700923292956137,5,0.0
1188,-3.039518283617536,1.4600232273253086,0.015028489057361009,10,0.0
1189,-3.182475553337869,-1.6749896434424267,0.01628418976823151,5,0.003160435773921502
1190,-3.057592383252961,-1.6723465127277248,0.01576700679362299,10,0.01979413034474511
1190,-3.046694957611044,1.4537118881548805,0.01607677224875671,11,0.0
1191,-3.0087720405785725,1.4716121439933927,0.015955494640543178,10,0.0
1192,-3.1815892346836376,-1.6745224946117974,0.01628175323965464,5,0.0031610985721691335
1192,-3.0087720405785725,1.4716121439933927,0.015955494640543178,10,0.0
1193,-3.1827516703941128,-1.6731627125498185,0.016124584545510922,5,0.0
1193,-3.042955341208899,1.4591793641397401,0.016062380076190003,10,0.0
1194,-3.1818658386613605,-1.6726959623945508,0.016123584422706883,5,0.0
1194,-3.07196540585773,-1.6763113454160048,0.017198045486465977,7,0.023624445534396098
1194,-3.021685861442332,1.4706409971963939,0.01600480700647628,10,0.01599983022811753
1194,-3.191504852459181,1.4675510211509186,0.016795309485144287,8,0.0012623524415055435
1195,-3.1394656850874667,-1.6712418176225725,0.01668207886237021,12,0.045405261629735204
1195,-3.0060921954054654,1.4703019572099187,0.015937682801700263,10,0.0
1196,-3.0363205577036485,-1.6644774949624408,0.015973873689715975,9,0.0
1196,-3.0078775302189724,1.4711751474983203,0.01595089614710532,10,0.0
1198,-3.0299262282419224,-1.6457547908322547,0.015682423438492486,9,0.0192450746767578
1198,-3.0395730818175677,1.46233948574685,0.015082102777035195,10,0.0
1199,-3.1599414031874145,-1.6611694383578215,0.014448907387311105,5,0.0
1199,-3.0580106805083966,-1.6702671114094616,0.016144632574753542,11,0.02181454138303257
1199,-3.1625105877436077,1.461494419845836,0.016153731453783002,9,0.0
1200,-3.060646625987821,-1.6672114115050438,0.016200963618632047,9,0.02022806009777413
1200,-3.0395730818175677,1.46233948574685,0.015082102777035195,10,0.0
1200,-3.1891668466983822,1.4714208424574327,0.016281096259102186,9,0.0
