frame,center_x,center_y,radius,num_points,fitting_error
0,-2.9590564816530613,-1.526379553306543,0.015792911988323152,9,0.0
0,-3.003794811459905,1.456233317219914,0.01733835589882164,9,0.005181630307675093
0,-3.0297500029183375,0.47486397118576984,0.015774507783493152,9,0.018540161726503697
1,-3.0475443909937923,-0.5299182615667342,0.01645331437021478,8,0.003084301715157554
1,-3.0346916242205917,0.47550002024155047,0.015789778608414705,9,0.014827324902773012
2,-2.965676988041033,-1.5407782240980348,0.015847802241496248,9,0.02107406743263665
2,-3.0314759635242723,0.47580557502748744,0.016405446206249143,9,0.012776992740341197
3,-2.969162212737814,-1.5358652160378075,0.015659189850676842,9,0.01997128392126291
3,-3.0308820189563925,0.4754768941440665,0.016628875873630017,9,0.01776223608106067
4,-3.032619957363323,-0.5362033617671437,0.015306961630135618,8,0.014979386106220315
4,-3.0306443806217787,0.473474755284014,0.015674043349994057,9,0.01593717094121647
5,-3.038156232050852,-0.5510833364709726,0.015031279512565835,4,0.0
5,-2.958176525723848,-1.5259258853429916,0.015783307365770733,9,0.0
5,-3.0332105777714577,0.47002281458058,0.015674263878023644,9,0.013271893587963345
6,-3.0393015518635957,-0.5509156154043406,0.015209721139255583,4,0.0009614117519659016
6,-2.9664979125698,-1.5193062283821155,0.016407185948233892,9,0.0
6,-3.0265332071981415,0.47946194907026163,0.01580313023848532,9,0.02033379002675103
7,-2.9572975059519044,-1.5254734281221147,0.01577221241150283,9,0.0
7,-3.0308109675607064,0.4757234486159647,0.016209408266773553,9,0.014205846957291124
8,-2.9646630437139234,-1.5219985444193216,0.01581300599758057,8,0.0
8,-3.0303404310830513,0.4734293529372533,0.015626208363897134,9,0.016402968134477
9,-3.0482794777189692,-0.5346160036647793,0.01647146263997067,8,0.0
9,-3.001804693186289,1.4609965092295054,0.015871721703472827,8,0.0
9,-3.0270324343156063,0.4785556965347913,0.015728762755687537,9,0.01844909686948889
10,-3.0492640534840905,-0.5347898697832328,0.016471906895977256,8,0.0
10,-2.9753021479100212,-1.5494025260925273,0.01589464805645205,8,0.0
10,-3.0337672172613397,1.4620202911966096,0.016011757004625867,8,0.0
10,-3.0321355972499973,0.4773964777948251,0.015666614521525783,9,0.01647459349067174
11,-3.031001154261296,0.48427779839256496,0.016013231801279813,9,0.0022138451750749505
12,-3.0360521565338887,-0.5371875115400015,0.015111950415417488,8,0.015202867133263279
12,-2.9656161143687894,-1.5188545629922414,0.016397849703745384,9,0.0
12,-3.029542950118959,0.4752136908069247,0.01594258808390381,9,0.013141627396519515
13,-3.050654995697206,-0.5335059925257193,0.016725169079511153,8,0.002276867655710316
13,-2.9705024097288737,-1.5542368058047127,0.0158774558397636,8,0.0
13,-3.0304055829935628,0.47307520942735415,0.01620346587689506,9,0.015066675360421658
14,-2.9722974944290046,-1.5551768948895268,0.015902692494669347,8,0.0
14,-2.9997217867792374,1.4622682940909002,0.016715840289211574,10,0.0
14,-3.0327209884394706,0.46915467347727874,0.015734839472283026,9,0.016565607070257792
15,-2.958176525723848,-1.5259258853429916,0.015783307365770733,9,0.0
15,-3.033296671214105,0.4760374139452872,0.016490607701574504,9,0.01348981613241784
16,-3.035146591536892,-0.5373626571612713,0.015845093643539976,7,0.015487042361670107
16,-3.0337151019453503,0.4776549508969161,0.015909455560957308,9,0.019220334392858075
17,-3.0510919379121013,-0.5335824461678145,0.01629950453555635,8,0.002310808815080493
17,-3.0333859948640995,0.4758176795835743,0.015946674481304917,9,0.013219589303363257
18,-3.024096823367527,-0.5364213527726226,0.01499597563855371,8,0.0
18,-2.9599450777216854,-1.5268408015637056,0.015792437337015054,9,0.0
18,-3.0329280766565323,0.477528555281227,0.01578501253483571,9,0.018490159605504933
19,-3.032589989001359,0.46991983970667905,0.015769994467760697,9,0.013128133114897836
20,-3.050654995697206,-0.5335059925257193,0.016725169079511153,8,0.002276867655710316
20,-2.9664979125698,-1.5193062283821155,0.016407185948233892,8,0.0
20,-3.0342186782069174,0.48163393769850166,0.016388623344856617,9,0.007590808971429905
21,-3.048686970682822,-0.5331634395589254,0.016721980162394432,8,0.0022765885047209243
21,-2.9645620094288665,-1.538948815907807,0.01534170308231131,9,0.021170400591845592
21,-3.0355309825676633,0.47641393312608543,0.015946697782498624,9,0.013260563888602795
22,-3.037132487397335,-0.5555030678384765,0.014597120087578217,4,0.0
22,-2.960824091041165,-1.5272932556216974,0.015803539396380333,9,0.0
22,-3.0051513698799885,1.4601640112299636,0.014926075903547862,9,0.0
22,-3.0314232066238906,0.47577406790500004,0.015282416169475642,9,0.013744937032816307
23,-3.0414259927595975,-0.5412905752042374,0.01588346038463074,8,0.011741685584562959
23,-2.960824091041165,-1.5272932556216974,0.015803539396380333,8,0.0
23,-3.0346719174984162,0.47481668436022134,0.015365456715663467,9,0.013652009554032498
24,-3.055699171518904,-0.5359168610297681,0.016932140919112694,8,0.0
24,-2.958176525723848,-1.5259258853429916,0.015783307365770733,8,0.0
24,-3.030340952497597,0.48390774619708155,0.015749012107204183,9,0.0016136779394635556
25,-3.04113532252871,-0.5372147222465644,0.01695167385910608,8,0.010934155807181852
25,-2.9719731286774573,-1.556501881933087,0.01627076503840385,9,0.0031517567897418764
25,-3.0304772479831272,0.47675116579494975,0.016269901623908956,8,0.02072538202932302
26,-3.0336750430569457,-0.5367757275509998,0.015285169667216828,8,0.014857671542844699
26,-2.9725835735520256,-1.5538967135913453,0.016403912598684983,9,0.0025072622054709854
26,-3.012693978679573,1.466264906506301,0.01591654802838916,8,0.015890818133529334
26,-3.031178121205585,0.47933388667266935,0.016326387959420968,8,0.01760939576639905
27,-3.0391546013236432,-0.5519626782623277,0.016219314695719477,4,0.0013588567923223315
27,-2.9713994576010405,-1.5547062129173257,0.015889287497609653,9,0.0
27,-3.030550328758186,1.4591586465856041,0.01519755364925732,8,0.0
27,-3.0393177879921964,0.4802072183532069,0.016172332562119508,8,0.008959554225080333
28,-2.9645620094288665,-1.538948815907807,0.01534170308231131,9,0.021170400591845592
28,-3.031109863609796,0.48324417386010843,0.015018284715351722,9,0.001826313223725705
29,-3.038893816443492,-0.5507986677965518,0.01481013802364227,4,0.0011649491904250102
29,-3.026942809849518,0.4787638662307101,0.016203384629094167,9,0.020903116823906987
30,-2.9659304546294205,-1.544573693076917,0.01586329500454556,9,0.021106529935474468
30,-3.031180591633876,0.4712129867230902,0.01544216075740045,9,0.012772265319947294
31,-2.9676510885539176,-1.53872903919912,0.01562315244848319,9,0.01856091627037752
31,-3.0319929011279014,0.4844358372612103,0.016017440404599244,9,0.002216267042869143
32,-3.052622857847786,-0.5338508886628115,0.016728103927594697,8,0.0022797108806722824
32,-2.968042544411637,-1.5492306428197251,0.015856729230773713,9,0.018309648334628285
32,-3.0016413540733504,1.4681248065816894,0.015892920100130933,9,0.0
32,-3.0316604369344295,0.4793564324504553,0.016088443072790826,9,0.011728832672370928
33,-3.0488099347108846,-0.5347102882557797,0.016925350679440808,8,0.0
33,-2.9664979125698,-1.5193062283821155,0.016407185948233892,8,0.0
33,-3.0332171095206073,0.4783307187674054,0.015721048567433317,8,0.0016118283475512144
34,-2.9599450777216854,-1.5268408015637056,0.015792437337015054,9,0.0
34,-3.032549760095918,0.46993997811484894,0.015938372656282288,9,0.0135257633593172
35,-3.0284308137521325,1.4691706751709146,0.015020832920481062,9,0.0
35,-3.031067701733877,0.4794280166295837,0.015836006818954793,9,0.018341078651098117
36,-3.0373318362074495,-0.5584702604969944,0.01683524047087682,8,0.0
36,-2.965676988041033,-1.5407782240980348,0.015847802241496248,8,0.02107406743263665
36,-3.0350326362360747,0.47940029438984366,0.015402415084899736,9,0.0036619273627813836
37,-2.9722974944290046,-1.5551768948895268,0.015902692494669347,9,0.0
37,-3.002313894731818,1.4668772114754403,0.017595963313378173,9,0.0
37,-3.0322710074885832,0.48343048968787816,0.01518826701807767,9,0.002120554999488906
38,-3.049671164287546,-0.533336007131209,0.016723406695814905,8,0.0022785707183273947
38,-2.9719216299493305,-1.5570639698150353,0.016173578610702632,9,0.0027383540636214685
38,-3.0352896548541493,0.4763817972995237,0.015351440911163172,8,0.014325372841905047
39,-3.0332150668776183,0.484358917244727,0.015670116351842532,9,0.001612333190072983
40,-3.0572118092546163,-0.5361807407310901,0.0173902056141289,8,0.0
40,-2.9628905419035263,-1.5210866264714402,0.01580601714000624,8,0.0
40,-3.0299725248620115,0.4749271353771903,0.01618200965002218,8,0.018348998950958116
41,-2.9676337831760016,-1.5381299833398008,0.015847379670575958,9,0.02172542775376775
41,-3.018088677390834,1.4688904563283027,0.01596603829509854,9,0.015951672870013055
41,-3.0351912122019202,0.4807753394116652,0.015851307872608786,8,0.014686538917385724
42,-3.0369728221220322,-0.5354319336426077,0.015797033946828902,7,0.014226240839362483
42,-3.0291398704423322,0.4754314087934944,0.015707584938615567,8,0.014158492038611742
43,-3.036797257129456,-0.5285527834090052,0.015693719814831173,7,0.004943813532578804
43,-3.0284457845482935,0.47683134030822716,0.016224986756922095,9,0.018408305895001788
44,-3.0365598236269293,-0.5494354363964867,0.014958072275756596,4,0.0
44,-3.0135911764640575,1.4667018691076121,0.01591939044732849,8,0.01589171562563917
44,-3.030161340586886,0.479105214653769,0.01584437103019439,8,0.012700284555327469
45,-3.0398423404370174,-0.5590751780466479,0.01660277894901044,9,0.0010639299500947285
45,-2.9620096008290413,-1.5206339571826906,0.01579639996050056,8,0.0
45,-3.0296303407592937,0.47523154495098224,0.015530515564393187,9,0.01372972710361225
46,-3.04004363978275,-0.5575174055205819,0.015043182827643657,9,0.0
46,-2.9572975059519044,-1.5254734281221147,0.01577221241150283,9,0.0
46,-3.00336624818035,1.4592972560393942,0.014910495772044582,8,0.0
46,-3.0324336050268705,0.4725793340646548,0.01650016802634858,8,0.010781155422620137
47,-3.0407002471616513,-0.5423206661860436,0.01582667502702291,8,0.012849769347924112
47,-2.9590564816530613,-1.526379553306543,0.015792911988323152,9,0.0
47,-3.03423762265306,0.4754220711634039,0.01600528770734172,9,0.014080772265197517
48,-3.0416431762663176,-0.5414542742816867,0.015847736992091317,8,0.012085062049204696
48,-2.969705593800397,-1.5586587848517213,0.014924070993811047,9,0.0
48,-3.026520874744242,0.48111983100058103,0.015587166579027898,9,0.017328270931449948
49,-3.033097262438467,0.47577816551586455,0.015890827243977227,9,0.013551555114429013
50,-3.0461715766394493,-0.53272165433524,0.01629255174214998,8,0.0023064905918685945
50,-2.9633455489091043,-1.5431780095473286,0.015831943816867998,9,0.0209810716668448
50,-3.0328684132462724,0.4779709604601639,0.01601689067772355,9,0.01188720831116358
51,-3.037506533974061,-0.5322343983881029,0.016120288940070556,7,0.00946420251688284
51,-2.949600057190054,-1.5360219377580475,0.01575243565835481,9,0.0
51,-3.0323744439496445,0.475673640462202,0.016135055568887918,9,0.013579426204226277
52,-3.041517200676982,-0.5407063452090803,0.01591603725407475,8,0.010793175469228663
52,-3.0309501007854753,0.47721674899529454,0.01577400897358369,9,0.018470825978110502
53,-3.0478253383775145,-0.5345363917546864,0.016924936112316918,8,0.0
53,-3.032261158888243,0.4759146306189322,0.016219924851323394,9,0.01282265145608497
54,-3.0338095130289875,-0.5280322607700682,0.015709593384207503,8,0.0045759764784229495
54,-3.0181238227222784,1.4651257036225311,0.016117211573303526,8,0.016783136208497033
54,-3.027976085289271,0.47944387601321564,0.01562632271011812,9,0.01845906361470189
55,-2.964731484542159,-1.5184012570123893,0.01639144756392347,8,0.0
55,-3.0187893606815073,1.4684394688446767,0.015611174851790399,10,0.024568278628817327
55,-3.034704033436406,0.4778102418898582,0.01591683711068547,8,0.019236477727383634
56,-3.038645879110517,-0.5485694032484735,0.01577142318729363,8,0.0
56,-2.9646017629472112,-1.5359895867379039,0.015606325441826935,9,0.020756774921736942
56,-3.036519798699416,0.47437919535931417,0.016003256487553522,9,0.014915725040392893
57,-3.0380176608798894,-0.5571483515100336,0.014984326908060484,8,0.0
57,-3.0360243059777137,0.47955680982292914,0.015407159970046349,9,0.0036652834503978693
58,-3.0552431116083625,-0.5358368975050519,0.017387903468094608,8,0.0
58,-2.9722974944290046,-1.5551768948895268,0.015902692494669347,9,0.0
58,-3.030619561103947,0.4753866645491178,0.015534213532740891,9,0.013735004836318189
59,-3.015817507919674,1.465962350538589,0.016230779563630303,10,0.02072564425631189
59,-3.0322660899373886,0.4759158513718242,0.016224366498055587,9,0.012818102763345166
60,-3.0388639548532552,-0.5416230681625974,0.01549390271712676,8,0.01312566340232475
60,-2.96656783782769,-1.541243160728796,0.015852094694729302,9,0.021084776628809098
60,-3.0313865878767663,0.4732718404573058,0.01595732906974351,9,0.012022591661591505
61,-2.9590564816530613,-1.526379553306543,0.015792911988323152,8,0.0
61,-3.0164325978034565,1.4608537839930373,0.015926545540023977,10,0.015873497665995433
61,-3.033442697940711,0.48064186949972515,0.016079231960518272,9,0.00832625174788821
62,-2.9599450777216854,-1.5268408015637056,0.015792437337015054,9,0.0
62,-3.0333971037554353,0.4757626551884555,0.016849921409490508,9,0.012796742868946602
63,-3.050432907414504,-0.5319444229128224,0.016110019375775837,8,0.004485943981431641
63,-2.9635453233076037,-1.525057641016543,0.016406905289969912,8,0.0
63,-3.031888323599579,0.4758627357197682,0.0160657500453721,9,0.013231552609709115
64,-3.0481403594566734,-0.5330675194827511,0.016294688340642478,8,0.0023095537546461804
64,-3.0284308137521325,1.4691706751709146,0.015020832920481062,9,0.0
64,-3.0361196220584064,0.4798809710713537,0.015338946900881514,9,0.011615818292868799
65,-3.030681621901511,-0.5376983798877001,0.015459483000745655,8,0.01367153642673933
65,-2.9757289076021154,-1.5471226759024523,0.014921802894066683,8,0.0
65,-3.016350147369077,1.464417144873674,0.015938334190069247,9,0.018926664642177377
65,-3.028390216148198,0.47531225156273466,0.01579254429976119,9,0.013789592429087307
66,-3.0397716057208113,-0.5403564591800707,0.01617792487638235,8,0.011164199595238278
66,-2.955528951567452,-1.524558511815626,0.015763084724125742,9,0.0
66,-3.020834490881583,1.4664411047796513,0.01614905259381221,8,0.01680979438369737
66,-3.0317790575575274,0.4813415425207171,0.01589313900591718,8,0.005118782404494804
67,-2.958176525723848,-1.5259258853429916,0.015783307365770733,9,0.0
67,-3.0290599816238433,0.47323107105726064,0.015666572603258763,9,0.015273178599863761
68,-3.0417622615323863,-0.5387033043838793,0.01656786021913726,8,0.011303645195828061
68,-2.9572975059519044,-1.5254734281221147,0.01577221241150283,9,0.0
68,-3.0316495286674137,0.4836969268173231,0.01529664175947459,9,0.0013158499887195507
69,-3.036873677428147,-0.534637329346862,0.01649313478261701,8,0.004676502768568027
69,-2.96814646015632,-1.5378169192072089,0.015621633866502916,9,0.02079529890623063
69,-3.0042529579869393,1.4597298098668487,0.01492355712275268,9,0.0
69,-3.034411563687611,0.4728864543953029,0.01650612770995523,8,0.010791409609423791
70,-3.0500801571219167,-0.5298502416304699,0.01657399940776645,8,0.003116519386100936
70,-2.9673830763514855,-1.5197598078883552,0.01641303720403774,9,0.0
70,-3.0311562270895034,1.4704924694477433,0.015049740114169484,9,0.0
70,-3.026935272781834,0.47904844417774867,0.015962910399095556,9,0.019911649707117406
71,-3.0325330227768026,-0.537918365086633,0.015421161413218856,4,0.0
71,-2.9716394563054065,-1.5571644367326491,0.016769019521726276,9,0.0
71,-3.03658092208599,0.474364158715479,0.016814641073281227,9,0.01414336024946198
72,-3.038301504491892,-0.5350458583778339,0.01545226078102421,8,0.014063402255721445
72,-2.9646630437139234,-1.5219985444193216,0.01581300599758057,9,0.0
72,-3.033123870410415,0.4775513042598619,0.015671645784625515,9,0.016482077398603395
73,-3.050108654468729,-0.5334124890367247,0.016297211112949704,8,0.002312467150530474
73,-2.962664537282028,-1.524604800323043,0.016397565536960267,8,0.0
73,-2.996121590034117,1.4726334236851812,0.015863805744954603,9,0.0
73,-3.031432252527547,0.4728226086191194,0.015827330990065915,9,0.013730683015429164
74,-3.050108654468729,-0.5334124890367247,0.016297211112949704,8,0.002312467150530474
74,-2.965676988041033,-1.5407782240980348,0.015847802241496248,9,0.02107406743263665
74,-3.0358795102758727,0.4741765534319926,0.017041393359746256,9,0.012927340453685415
75,-3.0474827670421436,-0.5314303220902544,0.016103494846380535,8,0.004475124757973185
75,-2.9696860222531494,-1.52093846536559,0.01496939265281489,8,0.0
75,-3.031599291158448,0.46976425183260817,0.015766226490403008,9,0.013121859844823362
76,-3.0536072672823718,-0.5340233619236308,0.016729385486669482,8,0.0022820201895453803
76,-3.032546838711392,0.475943410232953,0.016631360387108246,9,0.013258870918483205
77,-3.032855901415781,0.4701736678108978,0.01611205060196206,9,0.012486541515648597
78,-3.0441444095786747,-0.5399613832181703,0.016971394791481537,8,0.011608058178605054
78,-3.029469682592507,1.4647229014242882,0.015016932941818939,8,0.0
78,-3.036524447580228,0.47890792017464173,0.014740870750695814,9,0.0028308066480465916
79,-3.0428510892155622,-0.5392524593839026,0.01669344684272103,8,0.01170124196699005
79,-2.9645620094288665,-1.538948815907807,0.01534170308231131,9,0.021170400591845592
79,-3.033326182968017,0.4729870052172236,0.016385711191971096,10,0.012789084536999057
80,-3.0430935687505993,-0.5399922538109656,0.016316899034206085,8,0.01088255805475589
80,-3.0144924937184108,1.4671399155942875,0.015927334844462165,10,0.01590360239450263
80,-3.032349634875462,0.47237762891606977,0.016079217103671585,9,0.017549419086348675
81,-3.0026981242609008,1.4614303167969562,0.015877901221484216,9,0.0
81,-3.0340509559389757,0.4761877854734849,0.015269959587029612,8,0.014705857483755797
82,-2.958176525723848,-1.5259258853429916,0.015783307365770733,8,0.0
82,-3.0340722222095153,0.47592572375748676,0.015767658135832464,9,0.013337303031946598
83,-3.0358242659645036,0.4719502385509819,0.01579710868140164,9,0.018532669943225832
84,-3.032290355617308,1.4565365020636505,0.015004159762836543,9,0.0
84,-3.0341568594262927,0.4701989279614192,0.016303678371411296,8,0.013059332570326296
85,-2.9703968491686283,-1.5439665677267784,0.016048187576705945,9,0.022056772280213247
85,-3.0210650514573847,1.455867710146525,0.01594404413143112,9,0.015868024949520373
85,-3.032788808804218,0.4760150230846438,0.0160969049334478,9,0.013635198369513412
86,-3.005668821923407,1.4484795315449661,0.01584979703231601,9,0.0
86,-3.0325557301548174,0.47598025322457316,0.016000893772912115,9,0.013987203623870936
87,-2.9648613705124713,-1.5416045296099854,0.015358985507230454,9,0.021463791643945133
87,-3.032254258770553,0.47511028328688437,0.015994421335668103,9,0.014063377197382421
88,-3.0352822485480226,0.47638215028222325,0.015501644989759806,8,0.015151421856422013
89,-3.0485736296797485,-0.5331432876208695,0.015873493885759846,8,0.0023453881377721794
89,-3.0314542964112468,0.479308261212423,0.015962126015009234,9,0.012012085662550527
90,-3.0441761743809845,-0.5413121237757773,0.016940769349935797,8,0.011077115191088577
90,-2.971074715951526,-1.5495295178124282,0.015853963027133287,9,0.0018552845268830264
90,-3.0298809610905333,0.47554655310413946,0.016031776451784094,9,0.013195423111359525
91,-3.04277249406669,-0.537760589710245,0.016335994926395543,8,0.010835144325148578
91,-3.0355143843891286,0.47961609272550737,0.016523909913832083,9,0.006339237155231897
92,-3.021656679517158,-0.5359919612826619,0.015464191281767951,4,0.0
92,-3.030905521140134,0.47924637372264484,0.015834582139239377,8,0.013566503030647603
93,-3.030152569093108,0.4753150811371815,0.01538498874374909,9,0.01432136744532001
94,-3.0481403594566734,-0.5330675194827511,0.016294688340642478,8,0.0023095537546461804
94,-2.968059746756071,-1.555288126812309,0.015850401084393225,9,0.0018664435946724343
94,-3.0327975568368437,0.4757562396480625,0.016182212933076544,9,0.015835242042410068
95,-2.9572975059519044,-1.5254734281221147,0.01577221241150283,9,0.0
95,-3.029667264633259,0.4796326276793421,0.015486826925435909,9,0.01980045077714171
96,-3.052290798524691,-0.5353191336345948,0.017385213133589233,8,0.0
96,-2.9645620094288665,-1.538948815907807,0.01534170308231131,9,0.021170400591845592
96,-3.0314461834977084,0.4712653829120876,0.01554652538825585,9,0.015740781560098123
97,-3.042451401595796,-0.5410673141762702,0.016510746560284516,8,0.010897011944730637
97,-2.9679141497922417,-1.557716718868383,0.014900662856216003,9,0.0
97,-3.0218914029660944,1.4622902473650505,0.016788642051688164,9,0.018162486312701488
97,-3.028647385656064,0.47857636448448204,0.01608523382311408,9,0.020559978729571056
98,-2.9590564816530613,-1.526379553306543,0.015792911988323152,9,0.0
98,-3.0285330849028527,1.464257269154768,0.01496996214466313,9,0.0
98,-3.0301261852753174,0.4753135097241899,0.015875275095291495,10,0.013530021097154179
99,-3.0023210580194704,1.4637043571444326,0.014921384470061324,9,0.0
99,-3.034030795467453,0.4595987962521171,0.014663361748317255,8,0.0
100,-3.040156490656487,-0.5397624443142791,0.016662790001314123,8,0.010612633609604625
100,-3.0331631384905897,0.47578360748329507,0.0158403373449961,9,0.013346377322488029
101,-3.049096939218419,-0.5296790949963728,0.016571571235198108,8,0.0031150647837611053
101,-3.0321333905186862,0.47562634728984543,0.015394182889924004,9,0.01433312938323789
102,-3.0390809342414946,-0.5508527295354952,0.014993245041254873,4,0.0010617614787258685
102,-2.9649634247343473,-1.5257874414389085,0.01495564965644975,9,0.0
102,-3.033846634165853,0.4761712220915176,0.015652663725480104,9,0.01460061697887713
103,-3.0492640534840905,-0.5347898697832328,0.016471906895977256,8,0.0
103,-2.9687304054266423,-1.5419670686383906,0.015905813891139608,9,0.02017795324947138
103,-2.9980828838406963,1.4663834281220218,0.015854408430640912,9,0.0
103,-3.0341115214529273,0.47770704231414474,0.015677589438680924,9,0.016494351825476157
104,-3.042326831013445,-0.5404923388872982,0.01655047211582575,8,0.0106933749794858
104,-2.964235874475197,-1.5415662237007173,0.016050775738527964,9,0.019052672375080543
104,-3.0274223291023605,0.47733178446931496,0.01598430993136055,9,0.014905381965257612
105,-3.051306184118832,-0.5351452076983331,0.017384825415930494,8,0.0
105,-3.0314949034807217,0.47218707293108614,0.01580453107970325,9,0.01289469246188535
106,-3.0492640534840905,-0.5347898697832328,0.016471906895977256,8,0.0
106,-3.0331504539143075,0.47603796504104007,0.01626906340780478,8,0.013439275514573553
107,-3.043159253418493,-0.5397836684160976,0.016969386027616405,8,0.011603583264850597
107,-3.031109863609796,0.48324417386010843,0.015018284715351722,9,0.001826313223725705
108,-3.053493304615415,-0.5340031343975897,0.0158810716809661,8,0.002349623746054283
108,-3.0326253820441327,0.4737850063695019,0.01568405250608773,9,0.015951257163792726
109,-3.041216582119248,-0.5401924930842192,0.016649973679502213,8,0.01212318364017396
109,-2.955528951567452,-1.524558511815626,0.015763084724125742,8,0.0
109,-3.0297658388608757,0.47856908790347125,0.016365356366169957,9,0.019160091166683074
110,-3.0500801571219167,-0.5298502416304699,0.01657399940776645,8,0.003116519386100936
110,-3.0317365939997662,0.47734269433559645,0.015897972846932024,8,0.019201064471157592
111,-3.048805856307071,-0.5296294341577606,0.015927541651511442,8,0.003259467448749773
111,-2.9656161143687894,-1.5188545629922414,0.016397849703745384,8,0.0
111,-3.033054541771046,0.47495752947705344,0.016341920582403663,9,0.01879417035562944
112,-3.038838940963621,-0.54185420678229,0.015604133940858703,8,0.012275060594552254
112,-2.9664979125698,-1.5193062283821155,0.016407185948233892,9,0.0
112,-3.0007514809852514,1.4676900779099162,0.015883268967959645,9,0.0
112,-3.032660570458642,0.47596720757526045,0.015396468523421183,9,0.013537263445838008
113,-3.038301985298379,-0.5460049564775385,0.016099858981559287,8,0.0
113,-2.962664537282028,-1.524604800323043,0.016397565536960267,9,0.0
113,-3.02916103203287,0.47582109296727,0.016553036236030362,9,0.02371643337153987
114,-3.0482794777189692,-0.5346160036647793,0.01647146263997067,8,0.0
114,-2.9617832764197143,-1.5241518118714965,0.016388641700415693,9,0.0
114,-3.028152444447368,0.4780610110287,0.016103036620320425,9,0.020058934814343246
115,-2.9634853157226515,-1.542048136087463,0.015346787422269578,9,0.020543541416563716
115,-3.0322660899373886,0.4759158513718242,0.016224366498055587,9,0.012818102763345166
116,-3.0431981817393665,-0.5286552112517281,0.01655437410357422,7,0.0031036138779055194
116,-3.031908248255148,0.47022126921645474,0.016118333697310423,9,0.01779232514691612
117,-3.0376488107443627,-0.5483912980233843,0.015758405180698053,4,0.0
117,-3.0205100908778744,1.467891328576334,0.015531746874515506,10,0.026026424644990942
117,-3.0345702996028443,0.47022796907225556,0.015779787166351433,9,0.013144757624433134
118,-3.033342699064202,0.48149450659880205,0.016495368607372468,9,0.007478378292508551
119,-3.047589481300842,-0.5329707775992683,0.015871991458815307,8,0.0023434511509792524
119,-3.0324285561260225,0.47976653255242097,0.01591513100297932,9,0.017140960324152864
120,-3.0422331974306815,-0.5397296445476514,0.01658121461595936,8,0.012006886988048136
120,-3.0337058836624053,0.48068052739509487,0.016330209912914385,9,0.008550267233929905
121,-3.0297722906099662,-0.5374284081542031,0.015228604433357077,8,0.0
121,-2.9628905419035263,-1.5210866264714402,0.01580601714000624,8,0.0
121,-3.031181581436025,0.47725637306138297,0.01605823719443066,9,0.015908503837567617
122,-3.050267855926838,-0.5391669696562172,0.01641853210703567,8,0.013978726290835755
122,-2.9731905979336943,-1.5556455198938863,0.01591175205244355,9,0.0
122,-3.0247528514738264,0.47813086164928825,0.015475179440763499,9,0.018894610797812135
123,-3.030795214113372,0.47398865623425734,0.016066577594275055,9,0.022597881952820014
124,-3.0331926782258054,-0.5380487452492384,0.015004096554763334,8,0.012980046313076782
124,-3.015391623539963,1.467577437242595,0.015945554605358507,9,0.015926892858467663
124,-3.0325030364303176,0.4774522935920745,0.015747029141194486,9,0.016187184617034465
125,-3.035069072523264,-0.5370136659038816,0.015107144110117246,8,0.015194055062859282
125,-3.0342947847333903,0.4762213438068398,0.015799917721532233,9,0.01333099164807122
126,-3.0371672757653454,-0.5379657120564427,0.015639598590555324,8,0.01669601695555093
126,-2.958176525723848,-1.5259258853429916,0.015783307365770733,9,0.0
126,-3.032045084252294,1.4539504036005118,0.015963686099132506,8,0.0
126,-3.03311541577529,0.48207370367821684,0.015441271254255234,8,0.015560826706919141
127,-3.036542271727065,-0.5340851381610398,0.016080089099973497,7,0.012873896386543767
127,-2.9649000331788447,-1.5415364985650664,0.016275010050936664,9,0.021482594846920333
127,-3.004410303088191,1.4526069472261922,0.014889163369351697,9,0.0
127,-3.0324098505734645,0.47588343982641373,0.016518036215195514,9,0.013353726507123779
128,-3.040859600234335,-0.5531355891310195,0.016530594424954997,4,0.0011299021503286214
128,-2.9630905579194033,-1.5398231420058943,0.017504130780453417,9,0.02086898738538339
128,-3.0326517849783343,0.473781183244603,0.015946434905727003,9,0.014839875581910304
129,-2.9705024097288737,-1.5542368058047127,0.0158774558397636,9,0.0
129,-3.0279196436725178,0.47519710339416926,0.015660759591573935,9,0.020491279982230118
130,-3.034776750109151,1.455259733414209,0.015992782719469554,8,0.0
130,-3.029979200707673,0.475291588798156,0.015389273577724107,9,0.014723150468159267
131,-2.9664979125698,-1.5193062283821155,0.016407185948233892,9,0.0
131,-3.030240025412747,0.48388473278105615,0.015655983416057104,9,0.0016113307909137193
132,-3.0393282183173738,-0.5418768599385863,0.015992700804048052,8,0.01150843942781079
132,-2.963899957840389,-1.5398551169634138,0.015824834125633215,9,0.021036762443913993
132,-3.0289310559407365,0.47312483162323804,0.016127380038026076,9,0.020613297425379862
133,-3.0447510707213423,-0.5324748989199741,0.016716720903723156,8,0.0022724298543395673
133,-2.956414319725536,-1.5250163660344123,0.015766624493616765,9,0.0
133,-3.0331987305502537,0.47247975224002625,0.01642627963777999,9,0.011763403899334352
134,-3.0412908704898296,-0.5422300307075568,0.015727219063433072,9,0.01101763664427724
134,-2.968723929434109,-1.5533087781407864,0.015870526054428624,9,0.0
134,-3.0328129701455766,0.4727385878483214,0.01568640843018584,9,0.01515930734942093
135,-3.0575437038524194,-0.5347129725813308,0.016734134921757682,8,0.002285943025642832
135,-2.967147457956544,-1.5487616122633359,0.015847016414350518,9,0.01830217690968197
135,-3.0305369983773494,0.479955106535965,0.01581380224829001,9,0.02187498112695011
136,-2.9628905419035263,-1.5210866264714402,0.01580601714000624,9,0.0
136,-3.0135911764640575,1.4667018691076121,0.01591939044732849,9,0.01589171562563917
136,-3.0296428014982197,0.48156474080807615,0.01612111453997685,9,0.014605998485763265
137,-3.039853895566253,-0.5401767932509802,0.015901520867761674,8,0.012215951484748465
137,-2.9572975059519044,-1.5254734281221147,0.01577221241150283,9,0.0
137,-3.0308811978285077,0.47542773553536205,0.015654255874174815,8,0.013508660986854307
138,-3.035941786166087,-0.5346291481175999,0.015572723365909891,8,0.01370606917879446
138,-2.9590564816530613,-1.526379553306543,0.015792911988323152,9,0.0
138,-3.0338151957909,0.47589628124325545,0.016347581921795706,9,0.013247021919262206
139,-3.051232081610966,-0.5351310710543559,0.016474848617289782,8,0.0
139,-2.9731905979336943,-1.5556455198938863,0.01591175205244355,9,0.0
139,-3.011993229337411,1.4622092103484554,0.01609852165633894,8,0.021785992314814106
139,-3.0324564600170723,0.4714242886449119,0.01565928905438535,9,0.017382297460614697
140,-3.0401791540048793,-0.5271177229075865,0.01596473055699231,7,0.0013526035940484796
140,-2.966232783264201,-1.5409088959298267,0.01686452854573941,9,0.018633741457141445
140,-2.999653472176722,1.4624043295440439,0.014889290171762331,9,0.0
140,-3.0360064148413484,0.45989904110153634,0.014664918943923945,8,0.0
141,-3.0160180794373446,1.4654937089515685,0.01545691794251528,8,0.017889318435885655
141,-3.034030795467453,0.4595987962521171,0.014663361748317255,8,0.0
142,-2.9628905419035263,-1.5210866264714402,0.01580601714000624,9,0.0
142,-3.034159379187828,0.47620841348521714,0.01575271776978199,8,0.016685965118311812
143,-2.9590564816530613,-1.526379553306543,0.015792911988323152,9,0.0
143,-3.03083778193969,0.4721556451267936,0.016465076950705787,9,0.021822808791234882
144,-3.0456216332509105,-0.5326271453480036,0.015869451305750206,8,0.0023419991482051686
144,-2.9673830763514855,-1.5197598078883552,0.01641303720403774,8,0.0
144,-3.028984830215995,0.47897016317468466,0.015509854569101119,9,0.018611098092375676
145,-3.041580866186141,-0.5303997919817866,0.01609294522153733,7,0.004464564316071628
145,-2.9707143637194324,-1.5214640804633612,0.01697919740161746,9,0.005202189435065369
145,-3.029469682592507,1.4647229014242882,0.015016932941818939,8,0.0
145,-3.031541404413368,0.4755253668699167,0.0159710005079389,9,0.01317040872128954
146,-3.0251736115051906,-0.536613440246634,0.01490471509789427,4,0.0
146,-2.9659542437205384,-1.5472207708052506,0.01561659220683123,9,0.016135107916876713
146,-2.9989763258363538,1.4668192351244425,0.015860580801861666,9,0.0
146,-3.032371816976995,0.48002935997772705,0.015433297514659557,9,0.02112082325387562
147,-3.03702804831692,-0.5569647197203736,0.014977765418560761,8,0.0
147,-3.016350147369077,1.464417144873674,0.015938334190069247,9,0.018926664642177377
147,-3.0316604369344295,0.4793564324504553,0.016088443072790826,9,0.011728832672370928
148,-3.0328324850843003,0.4757314373056493,0.015639536268006925,8,0.013515049537189192
149,-3.0451882427524493,-0.5325513525947514,0.016290790479932392,8,0.0023062267133130473
149,-2.9675807242133567,-1.544282162346131,0.01608423212040979,9,0.0180404206832165
149,-3.0312311737937536,0.48404220502030826,0.015659822935995656,9,0.0016127440339606643
150,-3.041081301877368,-0.5577098586481023,0.015097630234798527,9,0.0
150,-2.964428979318338,-1.5255127644809086,0.01641329430501684,8,0.0
150,-3.0296537156712104,0.4755126694586131,0.015929904302471723,9,0.013488890908018311
151,-3.0547148729328577,-0.5357430351208213,0.016931422586100437,8,0.0
151,-2.9639296137569637,-1.5422787602160444,0.015346550096615529,9,0.019868381928016335
151,-3.0347964572380217,0.4700874162737832,0.01588449161820477,8,0.008954949694219472
152,-3.0426050197386956,-0.5392194608436773,0.016949601503939343,8,0.012055172064988219
152,-2.9679384963557105,-1.5554033346726115,0.014852610041457995,9,0.0
152,-3.0215942625845353,1.4815166190972948,0.016584765143493517,9,0.0
152,-3.0310036730377083,0.4792333407081871,0.016206096664417753,9,0.01142350847547353
153,-2.9646630437139234,-1.5219985444193216,0.01581300599758057,9,0.0
153,-3.0144924937184108,1.4671399155942875,0.015927334844462165,8,0.01590360239450263
153,-3.034377685553982,0.4759740966931269,0.01595278546827765,9,0.013225565102467404
154,-3.0478253383775145,-0.5345363917546864,0.016924936112316918,8,0.0
154,-2.9599450777216854,-1.5268408015637056,0.015792437337015054,9,0.0
154,-3.033123870410415,0.4775513042598619,0.015671645784625515,9,0.016482077398603395
155,-2.9645620094288665,-1.538948815907807,0.01534170308231131,9,0.021170400591845592
155,-3.0339517988697002,0.47164802196594346,0.015729164401971935,9,0.01578969890314639
156,-3.0510919379121013,-0.5335824461678145,0.01629950453555635,8,0.002310808815080493
156,-2.9664979125698,-1.5193062283821155,0.016407185948233892,8,0.0
156,-3.0275568164247564,0.4734692459132897,0.01611034354236169,9,0.019589197973914327
157,-3.0396529964204984,-0.5529446272534534,0.01715087904198772,4,0.0
157,-3.036550664052262,0.4599824423874534,0.015105641746931943,8,0.0
158,-2.9679384963557105,-1.5554033346726115,0.014852610041457995,9,0.0
158,-3.0284308137521325,1.4691706751709146,0.015020832920481062,10,0.0
158,-3.035108516908821,0.4718371215566915,0.01575333079363859,9,0.01796077909696473
159,-3.0455156992955588,-0.5310868322265868,0.01610029458995271,8,0.004473344022422812
159,-2.971027439508417,-1.556595821589129,0.016164424774386055,9,0.0027389029464799965
159,-3.032396777302464,0.4756632245520957,0.01594348443858819,10,0.013215193515662846
160,-2.9590564816530613,-1.526379553306543,0.015792911988323152,9,0.0
160,-3.03141991442448,0.47720832037013955,0.015491747785654066,9,0.011696476506117192
161,-2.9658582338177784,-1.5372094460634698,0.015830636275034407,9,0.0217010059027178
161,-2.999856970934016,1.4672520814914551,0.015878670103977633,9,0.0
161,-3.034238351819013,0.4789832270688734,0.01621235817825838,9,0.021319697228224195
162,-3.039014819440753,-0.5573300448642772,0.014998469902118927,4,0.0
162,-2.969691765742229,-1.5209398693330407,0.017124795691482,8,0.00511592946624783
162,-3.0313557692307374,0.4785390723996913,0.01598989216583775,9,0.01360823214700482
163,-3.0485736296797485,-0.5331432876208695,0.015873493885759846,8,0.0023453881377721794
163,-2.964080822761691,-1.5253336733802494,0.01494822208622568,9,0.0
163,-2.999856970934016,1.4672520814914551,0.015878670103977633,9,0.0
163,-3.0310036730377083,0.4792333407081871,0.016206096664417753,9,0.01142350847547353
164,-3.03064320486992,0.4756669444253648,0.01593438654384336,9,0.013497653223697644
165,-3.0425932763575747,-0.537583268424338,0.016590698689189463,8,0.010994532598875515
165,-2.9600159684114877,-1.5232413733495742,0.016375872930945327,9,0.0
165,-3.0302563001945573,0.4792097056249128,0.015984508735081598,9,0.018486658129424075
166,-3.050432907414504,-0.5319444229128224,0.016110019375775837,8,0.004485943981431641
166,-3.0309556676403697,0.4839510903620105,0.01566201917491831,9,0.0
167,-3.048686970682822,-0.5331634395589254,0.016721980162394432,8,0.0022765885047209243
167,-2.971687307975383,-1.5534281176176532,0.016393146268155155,9,0.0025076908348336934
167,-3.028938621126927,0.4789574443867126,0.01625409955518342,9,0.011489720209960336
168,-3.0481403594566734,-0.5330675194827511,0.016294688340642478,8,0.0023095537546461804
168,-2.9572975059519044,-1.5254734281221147,0.01577221241150283,9,0.0
168,-3.0325399398554045,0.47594374944113804,0.015826501616964778,8,0.013292771355474098
169,-3.048293725904921,-0.538816728888666,0.01641110056667267,8,0.013983725036277853
169,-2.969944251240928,-1.5431485581670714,0.016047046381913708,9,0.0216002373959207
169,-3.0317608840221735,0.4710354344324664,0.01637652098867849,9,0.018842313981898756
170,-2.9705024097288737,-1.5542368058047127,0.0158774558397636,9,0.0
170,-2.999856970934016,1.4672520814914551,0.015878670103977633,9,0.0
170,-3.0283997491948362,0.48008534887344534,0.015791009591196132,9,0.018560462514092022
171,-3.0403973943648577,-0.5406982402972962,0.015973444659715015,8,0.011622090283979855
171,-2.9705024097288737,-1.5542368058047127,0.0158774558397636,9,0.0
171,-3.0016413540733504,1.4681248065816894,0.015892920100130933,9,0.0
171,-3.0387966127301826,0.4799299883826852,0.01476148210299813,8,0.011646098394161242
172,-3.049096939218419,-0.5296790949963728,0.016571571235198108,8,0.0031150647837611053
172,-2.965676988041033,-1.5407782240980348,0.015847802241496248,9,0.02107406743263665
172,-3.0007514809852514,1.4676900779099162,0.015883268967959645,9,0.0
172,-3.033245010047807,0.47526529856753047,0.015998772062464174,9,0.014069189747319947
173,-3.055168535282463,-0.535822618326261,0.016478443684426164,8,0.0
173,-2.954329243355524,-1.5312044199535448,0.01577645653942554,8,0.0
173,-3.033203726736611,1.4569747777026276,0.01501723492563936,9,0.0
173,-3.027912490760345,0.47496214865231384,0.015642010800121783,9,0.013490564490399256
174,-3.055168535282463,-0.535822618326261,0.016478443684426164,8,0.0
174,-2.962664537282028,-1.524604800323043,0.016397565536960267,9,0.0
174,-3.0317774836552847,0.4741044733350819,0.01595061713410031,9,0.02288432313448436
175,-3.04811929053463,-0.5475463349574713,0.017043233537951258,8,0.02256420358924209
175,-3.0325545746006495,0.46966645280742675,0.015562414951710858,9,0.013777669422013314
176,-2.958176525723848,-1.5259258853429916,0.015783307365770733,9,0.0
176,-3.0135911764640575,1.4667018691076121,0.01591939044732849,8,0.01589171562563917
176,-3.0350799939550734,0.478695495727243,0.01660565754841656,9,0.018603583204552552
177,-3.03989773135726,-0.5270689354580624,0.01622110708204059,7,0.0013211296062598278
177,-2.9713994576010405,-1.5547062129173257,0.015889287497609653,9,0.0
177,-3.0334992511311194,0.47964490711214436,0.016037629376304388,8,0.01202926077241378
178,-3.0425050638885884,-0.5368995463310811,0.01665612105164875,8,0.011582508006953464
178,-3.0325376433651035,0.4774621221432632,0.015764419585106486,8,0.017455978356439777
179,-2.960824091041165,-1.5272932556216974,0.015803539396380333,9,0.0
179,-3.0321031225833073,0.48340371395876813,0.015024645969135731,9,0.0018312600824821074
180,-3.041088533543906,-0.5392661584249977,0.016288118909232242,8,0.011584793625773988
180,-2.958176525723848,-1.5259258853429916,0.015783307365770733,9,0.0
180,-3.0016413540733504,1.4681248065816894,0.015892920100130933,9,0.0
180,-3.03205330293427,0.4794240665263181,0.015874809994003293,8,0.013186127703237703
181,-2.9666964758162,-1.5376617161380763,0.01584173648988492,9,0.02041674292918861
181,-3.015391623539963,1.467577437242595,0.015945554605358507,8,0.015926892858467663
181,-3.0318230532472255,0.47196658695216137,0.016613859454186548,9,0.021513273767673067
182,-3.0492640534840905,-0.5347898697832328,0.016471906895977256,8,0.0
182,-2.9656161143687894,-1.5188545629922414,0.016397849703745384,8,0.0
182,-3.032127341919642,1.4648554827207658,0.01752333406868619,8,0.0023884580563336335
182,-3.027757512938817,0.47068067113049705,0.015730640517640025,8,0.012491317818582034
183,-2.956414319725536,-1.5250163660344123,0.015766624493616765,9,0.0
183,-3.030413698578118,0.4783838680860186,0.0164185454285158,9,0.012912862638478432
184,-2.968830051044904,-1.5430681776114537,0.016071289784948806,9,0.020216170706384543
184,-3.0181238227222784,1.4651257036225311,0.016117211573303526,8,0.016783136208497033
184,-3.0286580840335224,0.47346856738368037,0.015702537745943827,9,0.013180247170663599
185,-3.0382447767580487,-0.5589551662877443,0.017021393422182417,8,0.001212319623799996
185,-2.9705024097288737,-1.5542368058047127,0.0158774558397636,9,0.0
185,-3.029262452376757,0.4798902108031893,0.015805147188947564,9,0.018062531441904537
186,-3.050654995697206,-0.5335059925257193,0.016725169079511153,8,0.002276867655710316
186,-2.9664979125698,-1.5193062283821155,0.016407185948233892,8,0.0
186,-3.0016413540733504,1.4681248065816894,0.015892920100130933,9,0.0
186,-3.0333633134846103,0.48058680952448607,0.01567621529788097,9,0.004492559472679245
187,-3.045734175009562,-0.5326451239730567,0.01671870385563272,8,0.0022727560399097516
187,-3.0016413540733504,1.4681248065816894,0.015892920100130933,8,0.0
187,-3.0325595192032515,0.475905842617279,0.016657868692417373,9,0.013325600519475511
188,-3.041367300057957,-0.5380489406902295,0.01665227074116399,8,0.011099054209516563
188,-3.03497298902604,1.4602977746920651,0.016879092616066793,9,0.0
188,-3.030619561103947,0.4753866645491178,0.015534213532740891,9,0.013735004836318189
189,-3.0445425351698328,-0.5405418049720938,0.016468078495826384,8,0.009691270573722202
189,-2.9695449700915546,-1.5354793967618998,0.01585664797348387,8,0.021097829311965424
189,-3.0164325978034565,1.4608537839930373,0.015926545540023977,8,0.015873497665995433
189,-3.026333452762312,0.4827197574565132,0.01624718829739539,10,0.02057211559732671
190,-3.0376279782525666,-0.5569931281318348,0.016016160256427606,4,0.003602964139207153
190,-3.0303006136388957,0.483898094753109,0.01571228061827984,9,0.0016115648168007306
191,-3.0306579335189183,0.4835392255546536,0.015291888269117825,9,0.0013150701762632963
192,-3.031339038181329,-0.5377078436572238,0.015629413875533998,4,0.0
192,-2.963899957840389,-1.5398551169634138,0.015824834125633215,9,0.021036762443913993
192,-3.0282029894143863,0.4787137106059094,0.01625738004158445,9,0.019484075404431277
193,-3.0354682927125194,-0.5370777969665348,0.01496415542931622,8,0.015580745487678177
193,-3.030082251396834,0.4772548702649324,0.015763339884157075,9,0.01200663504887668
194,-3.040859600234335,-0.5531355891310195,0.016530594424954997,4,0.0011299021503286214
194,-2.9679141497922417,-1.557716718868383,0.014900662856216003,9,0.0
194,-3.035341866374754,0.48179241056358885,0.01652221579893742,9,0.007795000166266234
195,-3.0474827670421436,-0.5314303220902544,0.016103494846380535,8,0.004475124757973185
195,-2.965792267013546,-1.5420026191481773,0.016280728429370665,9,0.021497297968687948
195,-3.0318788034257276,0.4725456539475801,0.016854461563957625,8,0.010605922272836165
196,-3.0396454420263863,-0.5404647977531645,0.015845221733534597,8,0.011486890089487079
196,-2.9989763258363538,1.4668192351244425,0.015860580801861666,9,0.0
196,-3.033123870410415,0.4775513042598619,0.015671645784625515,9,0.016482077398603395
197,-3.0497939384650956,-0.5348785641826217,0.01692732567746802,8,0.0
197,-2.971027439508417,-1.556595821589129,0.016164424774386055,9,0.0027389029464799965
197,-3.029533430462139,0.47821190679180486,0.015572005508002178,8,0.01199923427973203
198,-3.0547148729328577,-0.5357430351208213,0.016931422586100437,8,0.0
198,-2.9628905419035263,-1.5210866264714402,0.01580601714000624,8,0.0
198,-3.032615156117245,0.475696626653294,0.016054342587473392,9,0.01317688730687159
199,-3.035562572662526,-0.5373974453577257,0.015607629936781543,8,0.01567673054149763
199,-2.9770910406281548,-1.5503340813366098,0.015911451975381182,9,0.0
199,-3.0299220629580024,0.4700980917938353,0.01485049537024235,9,0.01583719295502621
200,-3.0420681137150836,-0.5517919395717941,0.015008358314859629,4,0.0
200,-2.9617832764197143,-1.5241518118714965,0.016388641700415693,9,0.0
200,-3.012106815448586,1.4656242469027627,0.01678844590275353,9,0.02388220558923967
200,-3.03316783100326,0.48156129485735427,0.016267606636738274,8,0.005540436878765694
201,-3.0471778723967162,-0.5422509503686128,0.01635662377384549,8,0.01380483943021703
201,-2.9616986736665294,-1.5277415107724381,0.015820728336440906,9,0.0
201,-3.0312925392295327,0.4840557401523272,0.01571683776397741,9,0.0016129927712859255
202,-2.960824091041165,-1.5272932556216974,0.015803539396380333,9,0.0
202,-3.0279013343977415,0.4790744330706454,0.016015139887435036,9,0.01857859959397952
203,-3.0387660496949387,-0.5503986234897301,0.01470047415485011,4,0.0
203,-2.9634691743675288,-1.5286574350663975,0.015827710879955055,9,0.0
203,-3.0135911764640575,1.4667018691076121,0.01591939044732849,9,0.01589171562563917
203,-3.033561586785313,0.47981843177294325,0.01655888486107561,9,0.014651858218169384
204,-3.048686970682822,-0.5331634395589254,0.016721980162394432,8,0.0022765885047209243
204,-2.9572975059519044,-1.5254734281221147,0.01577221241150283,9,0.0
204,-3.0295154925052254,0.4797740923890491,0.01519771048779144,9,0.018071243183753964
205,-3.0383218075446963,-0.5572041506253668,0.01528749073359139,4,0.0
205,-3.031339232359441,0.47577461547535793,0.0162789122553599,10,0.012769967063079425
206,-3.0382281144577883,-0.5568115585155644,0.015211027600905251,8,0.0009642135768815193
206,-2.973619345894618,-1.5533609813221834,0.014933734837434912,9,0.0
206,-3.0284600655176606,0.47862425858248764,0.01607456628341356,9,0.01934608565116012
207,-3.041115698810746,-0.5333593251372258,0.015971320518758127,8,0.0013548811380328998
207,-2.956414319725536,-1.5250163660344123,0.015766624493616765,9,0.0
207,-3.031268466161636,0.47864326289585957,0.016260840191189996,9,0.02015362366570976
208,-3.0385527234684866,-0.5493390989931451,0.015281063647333407,9,0.013472064700245976
208,-2.965676988041033,-1.5407782240980348,0.015847802241496248,9,0.02107406743263665
208,-3.036267679915439,0.47355736608026733,0.015513569138473774,9,0.013387134276649957
209,-3.0377322358011916,-0.5570938127532562,0.015680013704142994,9,0.0
209,-2.9731905979336943,-1.5556455198938863,0.01591175205244355,8,0.0
209,-3.0007514809852514,1.4676900779099162,0.015883268967959645,10,0.0
209,-3.0333852239592742,0.4702522253472035,0.016010749921012236,9,0.019047135760011227
210,-3.0370599802539187,-0.5348236597136069,0.01590957996938242,7,0.013217729197759875
210,-2.9731905979336943,-1.5556455198938863,0.01591175205244355,9,0.0
210,-3.0182278999085765,1.461711765067561,0.01653241500867421,10,0.018993894631581937
210,-3.033810237172118,0.4761425381374714,0.016024822207940624,9,0.013371421007165952
211,-3.0484661934178643,-0.531601166685745,0.01610584407717457,8,0.004480378626660757
211,-2.9572975059519044,-1.5254734281221147,0.01577221241150283,8,0.0
211,-3.033867562195587,1.4548229482256465,0.015984165569602252,9,0.0
211,-3.0341787253843493,0.47313901163980493,0.0162908587397779,9,0.012689118481570748
212,-3.04408424272575,-0.5395886915403946,0.01659301993780757,8,0.012151831000890932
212,-2.9590564816530613,-1.526379553306543,0.015792911988323152,9,0.0
212,-3.0314509049073837,0.4799674838563075,0.015645563117147925,9,0.021713318559065713
213,-2.9664979125698,-1.5193062283821155,0.016407185948233892,8,0.0
213,-3.022330196791286,1.4855157453120948,0.016010342854846173,9,0.0
213,-3.0328027036784655,0.4759912563399671,0.015655907033681412,9,0.014341858614231243
214,-3.038915556690452,-0.5268984782293529,0.016217391376170506,8,0.0013201101532937728
214,-3.034863290932367,1.4480676588061714,0.01596696252805986,9,0.0
214,-3.031051253349296,0.4768051363588488,0.01593575353855061,9,0.016690445021237958
215,-2.9620096008290413,-1.5206339571826906,0.01579639996050056,9,0.0
215,-3.0325030364303176,0.4774522935920745,0.015747029141194486,9,0.016187184617034465
216,-3.041745491967062,-0.539729040971783,0.016236128022455897,8,0.012100141618292943
216,-2.9590564816530613,-1.526379553306543,0.015792911988323152,9,0.0
216,-3.0357626146923087,0.477969130962688,0.015654451081308772,9,0.016887352464560648
217,-2.9599450777216854,-1.5268408015637056,0.015792437337015054,9,0.0
217,-3.0350998438377785,0.4778630347540435,0.01568187769774058,9,0.016501957710170045
218,-2.963900568412144,-1.539855908969332,0.01582580857335987,9,0.021039139469314093
218,-3.0338592554629504,0.47290456206006587,0.016244469603669338,9,0.012752592994292091
219,-2.955528951567452,-1.524558511815626,0.015763084724125742,9,0.0
219,-3.0338692340551834,0.47617377006832573,0.016074702383941857,9,0.01324215197294012
220,-2.9620096008290413,-1.5206339571826906,0.01579639996050056,8,0.0
220,-3.0328784256939634,0.4760185687419895,0.016070173336852563,9,0.013235861397861329
221,-3.0311523143087014,0.4792618785243391,0.01584867641305166,8,0.012707048566541866
222,-3.048686970682822,-0.5331634395589254,0.016721980162394432,8,0.0022765885047209243
222,-2.958176525723848,-1.5259258853429916,0.015783307365770733,9,0.0
222,-3.0266220141566222,1.4682932603168515,0.015010093503556676,8,0.0
222,-3.0327464092453074,0.4699991670198682,0.01579096490391296,9,0.01776699728498786
223,-3.0382380648639535,-0.5384992629324847,0.01601431561873501,8,0.012890684992803894
223,-2.958176525723848,-1.5259258853429916,0.015783307365770733,9,0.0
223,-3.0352727306379017,0.47018880049805123,0.016206399351671643,9,0.015846240187061454
224,-3.0390393548791264,-0.5586237350877669,0.016511739710025355,8,0.0
224,-3.0332748254078163,0.48437209555196803,0.01572563950646719,9,0.0016125643463351892
225,-2.9698477989409486,-1.5562238931419083,0.01674629498167478,9,0.0
225,-3.0299633508622232,0.4783207583356487,0.01623032159755254,8,0.012731671187653028
226,-3.040593165913778,-0.5398272829095644,0.016020947062352176,8,0.012204900567981772
226,-3.0007514809852514,1.4676900779099162,0.015883268967959645,8,0.0
226,-3.031044452609537,0.4832337523090979,0.014949124156153645,9,0.0015890838025090469
227,-3.042325120298497,-0.5393154720818253,0.015998383463319072,8,0.012854816515341044
227,-3.0358795102758727,0.4741765534319926,0.017041393359746256,9,0.012927340453685415
228,-3.0517626313980863,-0.5352252700235417,0.01692865383070306,8,0.0
228,-3.0005397130220017,1.4628361984493112,0.014903406085697126,9,0.0
228,-3.035522960021132,0.4738170972333952,0.015413991080692514,9,0.014278678392388507
229,-3.042087039875224,-0.5405065593701989,0.016797146764404903,8,0.010627969785216265
229,-3.0343372283886487,0.47907653752357293,0.016338089631875195,9,0.021006862853731156
230,-3.041683699448165,-0.5335167545829801,0.01620017154377463,7,0.010659076073160774
230,-2.9628905419035263,-1.5210866264714402,0.01580601714000624,8,0.0
230,-3.0323261849920184,0.4786943080112914,0.015976017384545828,8,0.013674522850295499
231,-2.9599450777216854,-1.5268408015637056,0.015792437337015054,9,0.0
231,-2.999856970934016,1.4672520814914551,0.015878670103977633,9,0.0
231,-3.0357929549488714,0.47645637357066795,0.01544958695989911,8,0.013389348366570668
232,-3.051306184118832,-0.5351452076983331,0.017384825415930494,8,0.0
232,-2.962664537282028,-1.524604800323043,0.016397565536960267,8,0.0
232,-3.030992336006136,0.47117692682711565,0.01626587459196985,9,0.014241418482512307
233,-2.9696860222531494,-1.52093846536559,0.01496939265281489,9,0.0
233,-3.03260072292641,0.48384750958056016,0.01526774769969294,9,0.0013121374366520597
234,-3.0408841090498178,-0.5372912584263743,0.016142795455383396,8,0.012729262195596221
234,-2.9599450777216854,-1.5268408015637056,0.015792437337015054,9,0.0
234,-3.0285054240987006,0.4737853320424031,0.01656993876526692,9,0.0186880175238281
235,-3.042611391204969,-0.5492860919993754,0.015801679485547636,8,0.0
235,-2.9676337831760016,-1.5381299833398008,0.015847379670575958,9,0.02172542775376775
235,-3.034118559962209,1.4574145275470152,0.015031654853998608,9,0.0
235,-3.031138597142042,0.48324876459957833,0.015018472827287962,9,0.0014706335851914958
236,-2.958176525723848,-1.5259258853429916,0.015783307365770733,9,0.0
236,-3.0153672228359882,1.4676263162666288,0.015946611310100015,10,0.0219333065860187
236,-3.0316374196715694,0.4836918107892923,0.015292884908776087,9,0.0013061519948874382
237,-2.958176525723848,-1.5259258853429916,0.015783307365770733,9,0.0
237,-3.0332917663462777,0.47606173089831155,0.016470633849123815,10,0.013223994938483679
238,-3.052290798524691,-0.5353191336345948,0.017385213133589233,8,0.0
238,-3.032061924919228,0.4758680084709349,0.016239963120633503,9,0.013263680999808332
239,-3.053731027587407,-0.5355729215583495,0.016930279203108606,8,0.0
239,-2.9696860222531494,-1.52093846536559,0.01496939265281489,9,0.0
239,-3.028681520580542,0.4729497983415725,0.016097937624127374,8,0.01812526127632806
240,-2.9590564816530613,-1.526379553306543,0.015792911988323152,8,0.0
240,-3.0316602984248937,0.4736249311603429,0.01594120139965123,9,0.014833374838612776
241,-2.9616986736665294,-1.5277415107724381,0.015820728336440906,9,0.0
241,-3.0007514809852514,1.4676900779099162,0.015883268967959645,9,0.0
242,-3.0424398298319035,-0.541781507806635,0.01579697501162885,8,0.011525110750982684
242,-2.9731905979336943,-1.5556455198938863,0.01591175205244355,9,0.0
242,-3.031942779656912,0.4736756309622134,0.015757472380349722,9,0.015536790986505204
243,-3.0385651259125774,-0.5405176912287316,0.016681008300872727,9,0.012807577134133713
243,-2.9696860222531494,-1.52093846536559,0.01496939265281489,8,0.0
243,-3.0346108818750595,0.4738972711528852,0.015290615688297867,9,0.013800687352564942
244,-3.0585273104256396,-0.5348832471483091,0.016736536480069023,8,0.0022860532371947774
244,-2.96914707882476,-1.5206626331398783,0.016431338698753344,8,0.0
244,-3.035431957175019,0.4784838943367637,0.016352385695791862,9,0.017022925946864005
245,-3.04835339835716,-0.5346302830623291,0.017381611258475347,8,0.0
245,-3.034118559962209,1.4574145275470152,0.015031654853998608,9,0.0
245,-3.0279415678643806,0.4825908664944219,0.015779193506640955,9,0.02008166235145438
246,-3.056227419468951,-0.536010768172692,0.01738859817084614,8,0.0
246,-2.9682653200156235,-1.5202107975960713,0.016421974035929265,8,0.0
246,-3.033616445040639,0.4810231417082228,0.016224220607753415,9,0.005102485824114846
247,-3.043097367378635,-0.5402460713117725,0.01655571681220393,8,0.011917581926430616
247,-3.011682687157174,1.4466373294245416,0.014929331758834206,9,0.0
247,-3.0361627446136814,0.4809110940295771,0.01585060891025624,9,0.010892099165870707
248,-2.960824091041165,-1.5272932556216974,0.015803539396380333,9,0.0
248,-3.031514566194101,0.4772966711129504,0.015741908055896925,9,0.016178660773326345
249,-3.028256948803,0.4788929751963009,0.015957196485815853,9,0.01847283823323527
250,-3.0485736296797485,-0.5331432876208695,0.015873493885759846,8,0.0023453881377721794
250,-2.9705024097288737,-1.5542368058047127,0.0158774558397636,9,0.0
250,-3.035222357700565,0.47185703928337785,0.015780831838302912,9,0.018164419832754134
251,-3.0428450659851065,-0.5414452144026198,0.015951838429737478,8,0.011383102364609071
251,-3.027780328161759,0.4784750241924576,0.015925578434182883,9,0.01981665047257972
252,-3.0510634018959366,-0.5300204806741072,0.01657711626228148,8,0.003118632886999668
252,-2.958176525723848,-1.5259258853429916,0.015783307365770733,9,0.0
252,-3.0343552316212925,0.476076045016073,0.01620589973541471,9,0.01583632493119736
253,-3.0408947673837843,-0.5343343191097388,0.015906487448818438,7,0.0032473893884985283
253,-3.0325030364303176,0.4774522935920745,0.015747029141194486,9,0.016187184617034465
254,-3.040210265593187,-0.5419566725084461,0.01592784303550793,8,0.012306494828048187
254,-2.967981813422623,-1.5466802630877325,0.015285750946863803,9,0.017350051951918886
254,-3.025905110920602,0.4791275074875826,0.015935880077318092,9,0.019244936576117026
255,-2.9682653200156235,-1.5202107975960713,0.016421974035929265,9,0.0
255,-3.0144924937184108,1.4671399155942875,0.015927334844462165,8,0.01590360239450263
255,-3.033097262438467,0.47577816551586455,0.015890827243977227,9,0.013551555114429013
256,-3.0332003880270015,0.4775689290971602,0.015747295598219704,9,0.017930901693103032
257,-3.0439753758626487,-0.5412673979112833,0.015471804885827884,8,0.016506001362607742
257,-3.0306613653870365,0.4754076307005208,0.015861618668157634,9,0.014707248489735312
258,-3.044166246530209,-0.5532039026661232,0.01618534796100535,4,0.002886377020108172
258,-2.964428979318338,-1.5255127644809086,0.01641329430501684,9,0.0
258,-3.03412860440588,0.47207021518566494,0.015314462006170305,8,0.012450512343724296
259,-3.039727927178863,-0.5585785281016065,0.016149912202111694,8,0.0
259,-2.9599450777216854,-1.5268408015637056,0.015792437337015054,9,0.0
259,-3.03168146163029,0.47506865338637766,0.015295670436050873,9,0.015037964303736965
260,-3.03806976606978,-0.5571579107914253,0.0150362462056994,4,0.0
260,-3.032298548886943,0.47675909141110395,0.016046912372659056,8,0.01941740796928706
261,-3.0552431116083625,-0.5358368975050519,0.017387903468094608,8,0.0
261,-3.0007514809852514,1.4676900779099162,0.015883268967959645,8,0.0
261,-3.0298221136998453,0.4795055124807126,0.01593486941473246,9,0.01879562901125941
262,-3.0484260683374886,-0.542469873675784,0.016585783257714252,8,0.015063271547686495
262,-2.9654525622369663,-1.5394113816246615,0.015356209442431424,9,0.021188630718127294
262,-3.01511201566945,1.4650535357546557,0.015445539022113347,8,0.017886721554097557
262,-3.0358100004803377,0.46882200866231727,0.016667056579079405,9,0.017705499574523564
263,-3.051232081610966,-0.5351310710543559,0.016474848617289782,8,0.0
263,-2.967037120223299,-1.5465237321616,0.016040587179031753,9,0.021015481685360132
263,-3.028671561835681,0.4792491197008336,0.016167131431118153,9,0.02086010400231608
264,-3.0391546013236432,-0.5519626782623277,0.016219314695719477,4,0.0013588567923223315
264,-3.0181505038201575,1.4652904502952349,0.015955428188006604,9,0.01894320135642696
264,-3.0285553531310985,0.47253346542514796,0.01620535127642825,9,0.01940527639885691
265,-3.0391546013236432,-0.5519626782623277,0.016219314695719477,4,0.0013588567923223315
265,-2.9590564816530613,-1.526379553306543,0.015792911988323152,9,0.0
265,-3.035300519276827,0.4756339542844853,0.01671321100543378,9,0.014261254143517348
266,-3.0333569613999565,0.48147534074455933,0.01651218215034359,9,0.007796799142569994
267,-3.0296303407592937,0.47523154495098224,0.015530515564393187,8,0.01372972710361225
268,-3.0402157464075112,-0.5514569636280692,0.017087893759168214,4,0.0
268,-3.03323044751897,0.4713286728843378,0.01634211998544314,9,0.018397942441926964
269,-3.036797257129456,-0.5285527834090052,0.015693719814831173,7,0.004943813532578804
269,-2.958176525723848,-1.5259258853429916,0.015783307365770733,9,0.0
269,-3.0322235930412003,0.48420046584374227,0.01566520135674251,9,0.0016138842386195689
270,-3.0525091271785465,-0.5338299350283491,0.015879950938348375,8,0.0023487897377019503
270,-3.0319810394041524,0.48443891432964353,0.01600250153761763,9,0.0024884601459293364
271,-2.9722122107107656,-1.5368602724944957,0.01587896464718816,9,0.02113443804529698
271,-3.036056617228348,0.47436255425042106,0.01602309088686933,8,0.014762815989781884
272,-3.0411599214125333,-0.5423230281998909,0.016158030268819117,8,0.011668952142533552
272,-3.0367159279381992,0.4683344256136809,0.015849124203790886,9,0.016652488106946674
273,-3.038421243788663,-0.5288350344734459,0.016026056191220803,7,0.00526758689466528
273,-2.9713994576010405,-1.5547062129173257,0.015889287497609653,9,0.0
273,-3.0302231286950256,0.4817834338595272,0.016188789100729243,9,0.01781030840904413
274,-2.9656219072950507,-1.5462764325141511,0.01605854017697167,9,0.01841426853698166
274,-3.0339217763108066,0.4739841468991384,0.01576761855203136,9,0.015551615849349191
275,-3.0437738512884183,-0.5428953839550608,0.015831475219877364,8,0.01169212414663339
275,-3.028880451096196,0.4731375246756155,0.01570512238427902,9,0.018214831671263372
276,-3.043429562439744,-0.5410388481004544,0.016076767771354642,8,0.011550632136115815
276,-2.9665913670103774,-1.539429012394411,0.01613896459901267,9,0.02033496821498073
276,-3.0321111658473776,0.4758968258034931,0.01617209444256582,9,0.012963998423945002
277,-2.972389924584133,-1.5332880653962695,0.01587092399466037,8,0.02176572846009009
277,-3.031339232359441,0.47577461547535793,0.0162789122553599,9,0.012769967063079425
278,-3.0504931194920992,-0.5304293708141973,0.016462007493049956,8,0.0030925141358622826
278,-2.9590564816530613,-1.526379553306543,0.015792911988323152,9,0.0
278,-3.0330167122761456,0.4760498749240541,0.016198151361944597,9,0.013318706712622391
279,-3.034125758838809,-0.5349192084550751,0.015502078332889302,8,0.014760353830650528
279,-3.0301703718455526,0.47910716926854596,0.015854489605903868,9,0.012664605651990958
280,-2.9630144449497173,-1.5393945295922271,0.01582065902179,9,0.021032323310169715
280,-3.0315208204362034,0.4755224701944169,0.01594957078879409,9,0.01315044321622548
281,-2.962154496547847,-1.541352970942445,0.01533542803371945,9,0.01985293575550342
281,-3.004410303088191,1.4526069472261922,0.014889163369351697,8,0.0
281,-3.0337117088655274,0.4731406690688178,0.01600682414618084,9,0.013406973169994287
282,-3.044316002512489,-0.5400265111649863,0.016512739901400446,8,0.01206291830117302
282,-3.031536027403749,0.47730604348125044,0.015658820899117125,9,0.01736392808295501
283,-3.0482794777189692,-0.5346160036647793,0.01647146263997067,8,0.0
283,-3.031043206365256,1.460706002297911,0.015987181993578382,10,0.0
283,-3.030808702809106,0.46939491439661496,0.01565070762073268,9,0.013521524400236292
284,-3.04715598132175,-0.5328949549136492,0.01629342306010823,8,0.0023074847240376712
284,-2.9713994576010405,-1.5547062129173257,0.015889287497609653,8,0.0
284,-3.0013799156134486,1.4624192670820289,0.017386178657970354,9,0.0
284,-3.0344454909925993,0.4717318519965271,0.015770311682752454,9,0.017485413711991846
285,-3.0576676136421406,-0.536260695684847,0.016934697745190012,8,0.0
285,-2.9646630437139234,-1.5219985444193216,0.01581300599758057,8,0.0
285,-3.032290355617308,1.4565365020636505,0.015004159762836543,9,0.0
285,-3.0332954798741203,0.476114968449298,0.016054712941728864,9,0.01509713211251303
286,-3.047589481300842,-0.5329707775992683,0.015871991458815307,8,0.0023434511509792524
286,-2.9590564816530613,-1.526379553306543,0.015792911988323152,9,0.0
286,-3.031592588747648,0.4758132482983067,0.015900952153014056,8,0.01348300434379099
287,-3.0155353656603676,1.460417816911126,0.015918119003992398,8,0.015865089081259283
287,-3.0320439267260877,0.4797032636587153,0.01596981622706023,9,0.016096640323829067
288,-3.029198141708079,0.4751672491799918,0.015807767623717193,9,0.013299363603221254
289,-3.0144924937184108,1.4671399155942875,0.015927334844462165,8,0.01590360239450263
289,-3.0296255740059905,0.48337329288679387,0.015253429567555554,9,0.001311149871660258
290,-3.035489198669751,-0.555329869663534,0.014961304149715415,4,0.0
290,-3.034162795013457,1.4601530765536523,0.01628577428720491,9,0.0030670877341167652
290,-3.0305476267451033,0.47715024396236594,0.015653491185619144,8,0.017354730927093612
291,-3.0479808598623843,-0.5361905619793358,0.01602825661797747,8,0.012965663934396066
291,-2.9673830763514855,-1.5197598078883552,0.01641303720403774,8,0.0
291,-3.0309019959102117,0.4778469772434094,0.01661392749709274,9,0.02151487112899271
292,-3.0312760359111883,0.4757603007721755,0.016220560740751625,9,0.01281696784377728
293,-3.033186281660803,-0.5380453294624211,0.015373686877742862,7,0.011966905348313886
293,-2.9646630437139234,-1.5219985444193216,0.01581300599758057,8,0.0
293,-3.0304873593013713,1.457967983295977,0.014998984825677237,9,0.0
293,-3.031493923964092,0.4712566538542081,0.015944363321025074,9,0.014092232233445058
294,-3.0485736296797485,-0.5331432876208695,0.015873493885759846,8,0.0023453881377721794
294,-3.027889271478969,1.468490573677764,0.016264112156345486,8,0.002718589336047925
294,-3.0294169723470734,0.4793075563617734,0.01562567829594723,9,0.016390455310078385
295,-3.0372186460709387,-0.5494345566339445,0.014595856912631473,8,0.0
295,-2.9572975059519044,-1.5254734281221147,0.01577221241150283,9,0.0
295,-3.0344340039905853,0.4733886065447091,0.016611700898335812,9,0.014967359668009876
296,-3.023913479412468,-0.5363888149755026,0.015178483313186199,4,0.0
296,-2.9590564816530613,-1.526379553306543,0.015792911988323152,9,0.0
296,-3.0135911764640575,1.4667018691076121,0.01591939044732849,8,0.01589171562563917
296,-3.0318700302148356,0.4713356158467925,0.01577473335707038,9,0.018489079800207035
297,-3.0475443909937923,-0.5299182615667342,0.01645331437021478,8,0.003084301715157554
297,-2.9572975059519044,-1.5254734281221147,0.01577221241150283,9,0.0
297,-2.9991366360608347,1.4596958861580334,0.015839426296382585,10,0.0
297,-3.0332578259989473,0.4715442624000838,0.015598233641099215,9,0.016176490981742887
298,-3.0160011909265774,1.4860389703335801,0.016560155978906005,9,0.0
298,-3.03057009168203,0.4696336729394531,0.015930231377637317,9,0.013512700549740176
299,-2.956414319725536,-1.5250163660344123,0.015766624493616765,9,0.0
299,-3.003373712498711,1.4570135814414602,0.014901150752465047,8,0.0
299,-3.0315655067023126,0.47553546071543606,0.01608835813139602,9,0.01322215212999998
300,-3.0552431116083625,-0.5358368975050519,0.017387903468094608,8,0.0
300,-3.032727446508401,0.46984639909727827,0.016378724773020575,10,0.012084225587686024
301,-3.0382224988773396,-0.5483988952838698,0.01632187422577069,4,0.0
301,-2.9590564816530613,-1.526379553306543,0.015792911988323152,9,0.0
301,-3.0221434086420325,0.47934946946698087,0.016072702820525555,9,0.02480986363080828
302,-3.0478253383775145,-0.5345363917546864,0.016924936112316918,8,0.0
302,-2.9654525622369663,-1.5394113816246615,0.015356209442431424,8,0.021188630718127294
302,-3.034776750109151,1.455259733414209,0.015992782719469554,9,0.0
302,-3.028874899320035,0.4751126930360363,0.015623101594645713,9,0.013489014869861149
303,-2.965676988041033,-1.5407782240980348,0.015847802241496248,8,0.02107406743263665
303,-3.0275221281718334,0.4788131721338114,0.016001014697960652,9,0.019453807733064956
304,-3.040527380727238,-0.5420277868954214,0.01607197579177269,8,0.011822357506417589
304,-2.9722974944290046,-1.5551768948895268,0.015902692494669347,9,0.0
304,-2.9989763258363538,1.4668192351244425,0.015860580801861666,8,0.0
304,-3.0269679630421247,0.48003077366122904,0.015757169625242137,9,0.01883028150344993
305,-3.048686970682822,-0.5331634395589254,0.016721980162394432,8,0.0022765885047209243
305,-3.0042335873369472,1.457018048880042,0.016152729467410656,9,0.0030065188200896183
305,-3.0328027036784655,0.4759912563399671,0.015655907033681412,9,0.014341858614231243
306,-3.040624717206026,-0.5489289791788762,0.015782968344582367,9,0.0
306,-2.971981114383212,-1.552155616234393,0.01690342134409714,9,0.0
306,-3.0320514304311943,0.4758581639365287,0.01631993101291635,9,0.01371083565728047
307,-3.0465608740474672,-0.5297461127063047,0.016451545042608443,8,0.0030827801312534268
307,-2.9688115187378776,-1.5581877515530722,0.014913506510056978,9,0.0
307,-3.033645900240174,0.4716145566019505,0.015904133667407457,9,0.019228294438056206
308,-2.9572975059519044,-1.5254734281221147,0.01577221241150283,9,0.0
308,-3.034671690995808,1.4624562934080065,0.01601634028124797,10,0.0
308,-3.034862917589579,0.47656301546639507,0.01627426491595045,9,0.015169673435647152
309,-3.0326117794833194,0.4813343308703943,0.016746958861703954,9,0.007906519258794095
310,-3.0481403594566734,-0.5330675194827511,0.016294688340642478,8,0.0023095537546461804
310,-2.964731484542159,-1.5184012570123893,0.01639144756392347,9,0.0
310,-3.030646338411105,0.48353420877061215,0.015288606398321955,9,0.0013053412474983558
311,-3.0492640534840905,-0.5347898697832328,0.016471906895977256,8,0.0
311,-3.0301292874141947,0.47558649918525825,0.015711176597822122,8,0.014164903503129383
312,-3.0353599283877966,-0.5581149195565491,0.016832392410809697,9,0.0
312,-3.0321111658473776,0.4758968258034931,0.01617209444256582,9,0.012963998423945002
313,-3.0287926387089903,-0.5372558741918141,0.015223290940622724,8,0.0
313,-3.030074027214594,0.4791139387026841,0.015867488871482302,8,0.013173860858652192
314,-3.0370908119813778,-0.5354519751130375,0.016147269070273928,7,0.014219672114512968
314,-3.0105274705209517,1.4654658261454383,0.015482803115556158,8,0.02040313935548517
314,-3.0312237519251193,0.4772575618391988,0.01573587455432785,9,0.017908351247290108
315,-3.040527362239286,-0.5416048939837826,0.01603203577325084,8,0.0130294654676541
315,-2.9599450777216854,-1.5268408015637056,0.015792437337015054,9,0.0
315,-3.0276048550695207,0.4735090210911171,0.016110744788794883,8,0.018232812250010805
316,-3.0407375157367875,-0.5412611211188191,0.015801042260389635,8,0.011365074274052624
316,-2.955528951567452,-1.524558511815626,0.015763084724125742,9,0.0
316,-3.03260072292641,0.48384750958056016,0.01526774769969294,9,0.0013121374366520597
317,-3.0398423404370174,-0.5590751780466479,0.01660277894901044,4,0.0010639299500947285
317,-3.0323086451204433,0.4767577996122282,0.0160529234806451,8,0.019410781764894018
318,-3.0262923166827043,0.4749255121336946,0.01606077669903692,8,0.01822476496214122
319,-3.0381611632788816,-0.5401101112146424,0.016142224166650232,8,0.012604451968120822
319,-3.0091851101369174,1.464614784748872,0.01599628964784661,9,0.020071876597570006
319,-3.03508588255684,0.4817951763462569,0.016270423424865618,9,0.0074256729487298815
320,-3.0380176608798894,-0.5571483515100336,0.014984326908060484,8,0.0
320,-2.9731905979336943,-1.5556455198938863,0.01591175205244355,9,0.0
320,-3.0153072577033573,1.4650531435548286,0.01595897491135502,8,0.021826797551611776
320,-3.0330952513405434,0.4835614971406943,0.015029120169237643,9,0.0018298852762609723
321,-3.030021789626337,0.4792189002662995,0.01533385198458669,9,0.01796141946583601
322,-3.043026269482765,-0.5387049398256797,0.01633154007757385,8,0.011590459924211347
322,-3.032047711122608,0.47588244927062595,0.016113508349170382,9,0.012936120268267924
323,-3.0028526587656335,1.454307333038708,0.01585044093517908,9,0.0
323,-3.0311196571158967,0.47574209575420995,0.015715701275617677,8,0.014172292256641881
324,-3.0441444095786747,-0.5399613832181703,0.016971394791481537,8,0.011608058178605054
324,-2.9628905419035263,-1.5210866264714402,0.01580601714000624,8,0.0
324,-3.0360928712449278,0.47971148767779803,0.01611878424078569,9,0.003656264474566479
325,-3.02879029436428,0.47906360142454096,0.01568437983504125,9,0.019224355085125697
326,-2.956414319725536,-1.5250163660344123,0.015766624493616765,9,0.0
326,-3.003744538846419,1.4547395678390458,0.015858988688023542,8,0.0
326,-3.032329588272509,0.47591583253747705,0.015205591436114805,9,0.013676719426316868
327,-3.038885436219979,-0.5585078705452045,0.01632311197082428,3,0.0
327,-3.03205330293427,0.4794240665263181,0.015874809994003293,9,0.013186127703237703
328,-3.0532749138170803,-0.5354929714615277,0.017386100066001837,8,0.0
328,-2.967033703719997,-1.5195806513257732,0.014948616082238788,8,0.0
328,-3.0345337318213494,0.47630787841555455,0.016142246109665973,9,0.014658531780445747
329,-2.9708790290574987,-1.536160744141727,0.01653529042775948,9,0.017313469937452922
329,-3.0338481934445145,0.4716436465788417,0.015785401236832832,9,0.018508504820619158
330,-3.0374354932829593,-0.5517276854594391,0.016489671076698482,4,0.0014628758546027082
330,-2.9700740159507415,-1.5229551230274398,0.016118936725741023,8,0.004053064390578764
330,-3.028431185274848,0.47605096414474024,0.016059847936092962,9,0.021176193829460295
331,-3.029197524937194,0.4754258234476629,0.015973361920481127,9,0.014929214672839563
332,-3.0391648818245387,-0.5408253551579392,0.016179731869439534,8,0.013993763416284596
332,-2.9664979125698,-1.5193062283821155,0.016407185948233892,8,0.0
332,-3.029914243436914,0.4840833255380692,0.015908955815692086,9,0.0023638449899509814
333,-3.0505415535001332,-0.5334881687242969,0.01587639345298257,8,0.002348442688765372
333,-2.9572975059519044,-1.5254734281221147,0.01577221241150283,9,0.0
333,-3.0042335873369472,1.457018048880042,0.016152729467410656,8,0.0030065188200896183
333,-3.0273221707424236,0.4789451893085375,0.016302456004889512,9,0.02248355373651745
334,-3.0411413160958567,-0.5399393577051644,0.0166643458810145,8,0.010616645857409991
334,-3.0224882674251745,1.4783221076079587,0.015985552995298285,10,0.0
334,-3.0312925392295327,0.4840557401523272,0.01571683776397741,9,0.0016129927712859255
335,-3.0473690897643255,-0.534456410083287,0.01738091798241423,8,0.0
335,-3.035277682599114,0.47634945426264125,0.016499069700679693,9,0.013500256938949141
336,-3.032371816976995,0.48002935997772705,0.015433297514659557,9,0.02112082325387562
337,-3.049671164287546,-0.533336007131209,0.016723406695814905,8,0.0022785707183273947
337,-2.968377404518387,-1.5604683255652312,0.0158891145033608,9,0.0
337,-3.032061924919228,0.4758680084709349,0.016239963120633503,9,0.013263680999808332
338,-3.036824909502027,-0.5489530932540106,0.01485291888576348,4,0.0
338,-3.0288769725844875,0.47967149703565237,0.015939436300557545,9,0.022866542513062894
339,-3.0345173651923254,0.47391381508448593,0.01659360102123217,9,0.014716968564180337
340,-3.0552431116083625,-0.5358368975050519,0.017387903468094608,8,0.0
340,-2.9737669364760135,-1.55308623792074,0.016917336209562737,9,0.0
340,-3.0323062246042802,0.47568391629643864,0.0161277462155272,8,0.013711638896431953
341,-3.0419249349135895,-0.5284336933483568,0.015907199698444056,7,0.0032492369823987335
341,-3.0369833391496743,0.4736086301379967,0.016205222226572086,9,0.013110662323111378
342,-2.960896703752871,-1.5236940912201218,0.016385339392163897,9,0.0
342,-3.005293907020493,1.4530346888158188,0.014907082752591365,8,0.0
342,-3.0334588065628085,0.4737330849332465,0.01529182361623608,9,0.014346972652469784
343,-3.0346719174984162,0.47481668436022134,0.015365456715663467,9,0.013652009554032498
344,-3.056227419468951,-0.536010768172692,0.01738859817084614,8,0.0
344,-3.0356011612008458,0.47621862927665715,0.016927121713839657,9,0.01313654792680261
345,-3.03702804831692,-0.5569647197203736,0.014977765418560761,8,0.0
345,-3.0315750485667254,0.48173287937582354,0.0162643764170213,9,0.01895468598508635
346,-3.0417009683605674,-0.5523023300926866,0.01578089678971297,4,0.0011957777496972189
346,-2.958176525723848,-1.5259258853429916,0.015783307365770733,9,0.0
346,-3.0288984425784373,0.4753961376538742,0.01562996854125299,9,0.014563255547948944
347,-3.040908438796727,-0.5426132738919422,0.016030304437635874,8,0.011749267611141203
347,-3.033203726736611,1.4569747777026276,0.01501723492563936,9,0.0
347,-3.031044452609537,0.4832337523090979,0.014949124156153645,9,0.0015890838025090469
348,-3.0305357486790414,0.47284472985031445,0.01621545175025574,9,0.019420249063227365
349,-3.0541850223981744,-0.5356525002325492,0.016476977279533744,8,0.0
349,-2.9590564816530613,-1.526379553306543,0.015792911988323152,9,0.0
349,-3.031849074263169,0.4751279094196622,0.015444272768282663,8,0.02028238879479926
350,-2.961131549220029,-1.5201844944273428,0.015783148750140603,9,0.0
350,-3.035198654336271,0.4703308593380655,0.015684699072954052,9,0.013254991763581855
351,-3.0357626146923087,0.477969130962688,0.015654451081308772,9,0.016887352464560648
352,-2.9572975059519044,-1.5254734281221147,0.01577221241150283,8,0.0
352,-3.039136432754722,0.4760438400501814,0.016475964455336632,8,0.0045861168331239165
353,-3.0502477175703966,-0.5349582120283506,0.01647420358731481,8,0.0
353,-2.9656161143687894,-1.5188545629922414,0.016397849703745384,9,0.0
353,-3.0341787253843493,0.47313901163980493,0.0162908587397779,9,0.012689118481570748
354,-3.036724600742319,-0.5516775513530657,0.016786003091121295,4,0.001579465027033028
354,-2.956414319725536,-1.5250163660344123,0.015766624493616765,9,0.0
354,-3.035692636383699,1.4556960798769845,0.01600706627624601,10,0.0
354,-3.030436069167404,0.47251103986114396,0.016422216862714945,9,0.012413636418678894
355,-3.0387373127376454,-0.5416645394470821,0.016121601041680953,8,0.012178265875146286
355,-3.0318700302148356,0.4713356158467925,0.01577473335707038,9,0.018489079800207035
356,-3.049671164287546,-0.533336007131209,0.016723406695814905,8,0.0022785707183273947
356,-3.0280979076086294,0.4788734222278594,0.015797309306581468,9,0.02002424945440264
357,-3.0552431116083625,-0.5358368975050519,0.017387903468094608,8,0.0
357,-2.9646017629472112,-1.5359895867379039,0.015606325441826935,9,0.020756774921736942
357,-3.0311208816142448,0.47574120055155383,0.016168031847200597,10,0.012958270373280092
358,-3.039987220825891,-0.5411580050106319,0.015726935765051728,8,0.010481749601292181
358,-2.958176525723848,-1.5259258853429916,0.015783307365770733,9,0.0
358,-3.02672791183842,0.479348091157349,0.01579548374834129,9,0.019097422461086075
359,-3.0334573633765767,0.47157839864435835,0.015764077007758923,9,0.01747194605254312
360,-2.961131549220029,-1.5201844944273428,0.015783148750140603,8,0.0
360,-3.0311196571158967,0.47574209575420995,0.015715701275617677,9,0.014172292256641881
361,-3.039635462019191,-0.5487484093403752,0.01577709384482861,8,0.0
361,-2.958176525723848,-1.5259258853429916,0.015783307365770733,9,0.0
361,-3.026298017230955,0.47497673233576915,0.0166442579379504,8,0.018834837355273627
362,-3.037732708641089,-0.5536099590744593,0.01577282629753582,4,0.0
362,-2.9635453233076037,-1.525057641016543,0.016406905289969912,9,0.0
362,-3.0346503185385845,0.46873361033140865,0.016033102754176097,8,0.0076198622319910885
363,-3.0376488107443627,-0.5483912980233843,0.015758405180698053,8,0.0
363,-2.962664537282028,-1.524604800323043,0.016397565536960267,8,0.0
363,-3.0316106175790654,0.47554255951625574,0.01554026344395841,9,0.013743689639452973
364,-2.9705024097288737,-1.5542368058047127,0.0158774558397636,9,0.0
364,-3.000616389498715,1.4627041233895677,0.016721214267521396,10,0.0
364,-3.031823693118858,0.4716213121406437,0.016581737008447422,7,0.01265244590618421
365,-3.0325310716834264,0.4757155567990981,0.016119517257577595,9,0.016347635560896915
366,-3.053731027587407,-0.5355729215583495,0.016930279203108606,8,0.0
366,-3.0026981242609008,1.4614303167969562,0.015877901221484216,9,0.0
366,-3.0325030364303176,0.4774522935920745,0.015747029141194486,9,0.016187184617034465
367,-2.956414319725536,-1.5250163660344123,0.015766624493616765,8,0.0
367,-3.03190919409054,0.4803582797405924,0.016113886556729108,9,0.004507930189701301
368,-3.0445338835370115,-0.5288863764667827,0.016230342485166523,7,0.003176885458610999
368,-3.0307496579854765,0.47718820897484715,0.015891027083540666,9,0.01918390882972065
369,-3.045805650359468,-0.5397812545302305,0.016700976232936118,8,0.011716569861466554
369,-3.030955148667021,0.4754387248903614,0.015729721713281273,9,0.013515665156684915
370,-2.9658582338177784,-1.5372094460634698,0.015830636275034407,9,0.0217010059027178
370,-3.020585505621664,1.4544815660934978,0.014967365604689635,9,0.01887120335510343
370,-3.0414428609711464,0.4768224234398586,0.016288556294707896,9,0.024260681566901213
371,-2.9673830763514855,-1.5197598078883552,0.01641303720403774,10,0.0
371,-3.0164205584201618,1.4608888111985534,0.01495499814491638,9,0.02035795407989663
371,-3.0331007372859933,0.48147815311632763,0.016260151145588885,9,0.007425423184366594
372,-2.9572975059519044,-1.5254734281221147,0.01577221241150283,9,0.0
372,-3.0338107621132924,0.4753921804189648,0.015804313720062878,9,0.018212146628294613
373,-3.047589481300842,-0.5329707775992683,0.015871991458815307,8,0.0023434511509792524
373,-3.0182278999085765,1.461711765067561,0.01653241500867421,8,0.018993894631581937
373,-3.030638395695121,0.4788460643385944,0.015379011387894909,9,0.018678105717369605
374,-3.0297722906099662,-0.5374284081542031,0.015228604433357077,4,0.0
374,-2.958176525723848,-1.5259258853429916,0.015783307365770733,9,0.0
374,-3.0173266893065662,1.4612759011211272,0.01652289241220163,8,0.01898393653963909
374,-3.0327974591752183,0.47750214951650316,0.01563810985612762,9,0.016856786795419344
375,-3.040120551644813,-0.5291306896057675,0.016282259828239026,7,0.005345916982868066
375,-3.0322235930412003,0.48420046584374227,0.01566520135674251,9,0.0016138842386195689
376,-3.0390540827157317,-0.5494365190079182,0.015291155607720193,4,0.0011145905143860927
376,-2.9572975059519044,-1.5254734281221147,0.01577221241150283,8,0.0
376,-3.0249605138791926,1.4704451299158272,0.01627310209967011,9,0.016107740210071317
376,-3.0345022924111196,0.4777729085221707,0.01567570887587041,9,0.017395289286811267
377,-3.042037864621354,-0.5410904401167717,0.016169432497244864,8,0.012462508919171689
377,-2.9572975059519044,-1.5254734281221147,0.01577221241150283,9,0.0
377,-3.029499246810479,0.47912828163379806,0.016010801719697005,9,0.019468164279042598
378,-3.037109798952983,0.4782541450122282,0.016132354727762536,9,0.017543328762011142
379,-2.9590564816530613,-1.526379553306543,0.015792911988323152,9,0.0
379,-3.0319929011279014,0.4844358372612103,0.016017440404599244,9,0.002216267042869143
380,-2.9649707180311546,-1.5367500766568725,0.015827871820851803,9,0.021698118401675216
380,-3.0061331450710274,1.4672458074353216,0.017015511806296308,9,0.021673301028140055
380,-3.0316065437058226,0.4836874657760426,0.015260740330058874,9,0.0013129126583393486
381,-3.0482235904742847,-0.5388080252670168,0.015850542405468026,8,0.012668083751705847
381,-3.0304873593013713,1.457967983295977,0.014998984825677237,9,0.0
381,-3.0346991515640545,0.46946224114484786,0.01574555125558923,9,0.0165852433253939
382,-3.0435598844340297,-0.5439193197947165,0.016294075717213974,8,0.010322838834091182
382,-2.9590564816530613,-1.526379553306543,0.015792911988323152,8,0.0
382,-3.034836788964284,0.4717974819576975,0.015791450950633175,9,0.01852021676551905
383,-3.0479652693100334,-0.5346645822470573,0.016379182873096605,8,0.012965421408247075
383,-2.958176525723848,-1.5259258853429916,0.015783307365770733,9,0.0
383,-3.0327974591752183,0.47750214951650316,0.01563810985612762,9,0.016856786795419344
384,-3.056011819900954,-0.5344427886284311,0.01630679995319968,8,0.0023181538310366283
384,-2.960824091041165,-1.5272932556216974,0.015803539396380333,9,0.0
384,-3.030646338411105,0.48353420877061215,0.015288606398321955,9,0.0013053412474983558
385,-2.960824091041165,-1.5272932556216974,0.015803539396380333,9,0.0
385,-3.0296914318580015,0.47167588295391377,0.016092093488201044,9,0.019169476291996
386,-3.0389429241699553,-0.5413515211381428,0.015748097175087808,8,0.012212962210093789
386,-3.0307137290601425,0.4724109009177523,0.016430342054363747,8,0.011347193606908959
387,-2.9996004727517898,1.4615522214262322,0.01736601230754234,9,0.0
387,-3.0325799189682767,0.47032159418436353,0.015942062690169755,9,0.016661000343483313
388,-3.052290798524691,-0.5353191336345948,0.017385213133589233,8,0.0
388,-3.034440710798766,0.4741785034190724,0.01586096658576936,9,0.014266511472916082
389,-3.050321875911331,-0.5349713375275088,0.01738413085460388,8,0.0
389,-2.9590564816530613,-1.526379553306543,0.015792911988323152,9,0.0
389,-3.0351153879523345,0.4722251167255984,0.015316639338801633,8,0.012457751791670878
390,-3.0280616877494104,-0.5371260587213608,0.014970368647642285,4,0.0
390,-2.9722974944290046,-1.5551768948895268,0.015902692494669347,9,0.0
390,-3.0313261988305626,0.46947530158800704,0.015918715191000365,9,0.013160483386132842
391,-3.03702804831692,-0.5569647197203736,0.014977765418560761,4,0.0
391,-2.965676988041033,-1.5407782240980348,0.015847802241496248,9,0.02107406743263665
391,-2.999856970934016,1.4672520814914551,0.015878670103977633,9,0.0
391,-3.0350998438377785,0.4778630347540435,0.01568187769774058,9,0.016501957710170045
392,-2.9522363640790297,-1.5373938975986647,0.015780153595213682,9,0.0
392,-3.0007514809852514,1.4676900779099162,0.015883268967959645,9,0.0
392,-3.029400994465805,0.4832506257040676,0.015524807364904624,9,0.0021618332644077337
393,-3.054258497817668,-0.5356629760313839,0.01738751365728951,8,0.0
393,-3.0107173924650867,1.472593048422453,0.015921608734413985,9,0.021891500380434088
393,-3.0325504169950475,0.48136707261876577,0.016676442834176103,9,0.007324740679161916
394,-3.0350780558602843,-0.5444580151579309,0.015113879444551979,8,0.012194000050692776
394,-3.0291263420039782,0.48292923208445704,0.015008776657527988,9,0.001827081535369494
395,-3.052622857847786,-0.5338508886628115,0.016728103927594697,8,0.0022797108806722824
395,-2.958176525723848,-1.5259258853429916,0.015783307365770733,9,0.0
395,-3.0007514809852514,1.4676900779099162,0.015883268967959645,9,0.0
395,-3.0312758231976327,0.4832706209283124,0.015180152287313255,9,0.0021152048556211103
396,-3.050778036106179,-0.5350513898462037,0.016928232654747372,8,0.0
396,-3.031809823083553,0.480329518480191,0.01622719423465322,9,0.01813507434725288
397,-3.035755374582092,-0.5559034410249027,0.015812112793940722,8,0.0036990167463289494
397,-3.0321111658473776,0.4758968258034931,0.01617209444256582,9,0.012963998423945002
398,-3.0384883355014565,-0.5562491534012433,0.01611180212503565,4,0.0
398,-3.029213573606858,0.4788190815302653,0.01562576664772668,9,0.019721625752949935
399,-3.03887422754982,-0.5499750772933828,0.015342966152494945,4,0.0
399,-2.962664537282028,-1.524604800323043,0.016397565536960267,9,0.0
399,-3.0126718968447768,1.4663154146578934,0.01591643781297842,9,0.021892178712782907
399,-3.032036279050974,0.4780236192543475,0.016488227154921296,9,0.021346194704641334
400,-3.0485267326890777,-0.5300876280292239,0.01645707678450267,8,0.0030885879060819944
400,-2.9664979125698,-1.5193062283821155,0.016407185948233892,9,0.0
400,-3.0325923272638073,0.4720341282731469,0.015965574843854233,7,0.010410852283312934
401,-3.0360353629647783,0.4701955523189264,0.016469455442199726,9,0.01593680627017004
402,-3.043589699543424,-0.5393951232032413,0.016952128269093904,8,0.012059910855761847
402,-3.0293060329537145,0.4694366198241675,0.01579250928373498,9,0.01381002488581515
403,-3.037132487397335,-0.5555030678384765,0.014597120087578217,8,0.0
403,-3.0309498527535204,0.47351835247092094,0.015751773111004137,9,0.015529270501597444
404,-3.0429938987562863,-0.5390319657634955,0.016456412396012355,8,0.011702056473438959
404,-2.9572975059519044,-1.5254734281221147,0.01577221241150283,9,0.0
404,-3.0329558205581537,0.46994898697302395,0.015949249923551203,9,0.01275753322499352
405,-3.0361464630670447,-0.5553247011289828,0.01459535660857458,8,0.0
405,-3.0270302177658204,0.47434904084829566,0.015499452402785639,9,0.02037549988995223
406,-3.0474050220191975,-0.5354654025866615,0.016110313401252567,8,0.011346259430510371
406,-3.0349382519158135,0.47984947217216334,0.015198553616074315,10,0.015605133968721435
407,-3.043071935507903,-0.5406838198571572,0.01679963455451108,8,0.010632959845244297
407,-3.0334307691241267,0.4775945343175458,0.015853440098005146,9,0.015692278701522226
408,-3.0413984841993456,-0.5402668820415542,0.016328353249408956,9,0.012234567451891663
408,-3.033525497314919,0.477617865864049,0.01577019269954006,8,0.017467649174392898
409,-3.040464932819841,-0.5378275894566452,0.016203246459370785,7,0.018145901107645246
409,-2.965676988041033,-1.5407782240980348,0.015847802241496248,9,0.02107406743263665
409,-3.0162906178391395,1.4680154367219456,0.015950147936507925,9,0.015931374634465582
409,-3.0330384120317517,0.4760384063500644,0.016118454920480477,9,0.012941048927385953
410,-3.0007514809852514,1.4676900779099162,0.015883268967959645,10,0.0
410,-3.034287303381587,0.4762217225679881,0.015892376243645374,9,0.013721104091198567
411,-3.0424381805920544,-0.5402877655921406,0.016339235469628118,8,0.011531646062934968
411,-3.032314363205062,0.4756487426030929,0.01586514922987821,9,0.013201305485665088
412,-2.956414319725536,-1.5250163660344123,0.015766624493616765,9,0.0
412,-3.0144924937184108,1.4671399155942875,0.015927334844462165,8,0.01590360239450263
412,-3.031921062350919,0.4793996822368583,0.016201360708860014,9,0.011531717733193851
413,-3.053731027587407,-0.5355729215583495,0.016930279203108606,8,0.0
413,-2.962664537282028,-1.524604800323043,0.016397565536960267,8,0.0
413,-3.015596779489641,1.461012176758501,0.015695497370911193,8,0.018666866336371865
413,-3.0296318087030847,0.4755121226600616,0.015560863404298042,9,0.015003420452761788
414,-2.956414319725536,-1.5250163660344123,0.015766624493616765,9,0.0
414,-3.032413206852749,0.475943141893065,0.016017112067986013,9,0.013635454655937119
415,-3.039148275770577,-0.5415690194192518,0.015778725723846386,8,0.01244315045614221
415,-2.9656161143687894,-1.5188545629922414,0.016397849703745384,9,0.0
415,-3.03023469705352,0.477101644713807,0.015730451661212626,8,0.017899742525650478
416,-2.971826512905828,-1.5524242036934992,0.014911193753119792,9,0.0
416,-3.0331227649679677,0.4820731217560937,0.01527045162087086,8,0.014696544079417806
417,-2.96972503610267,-1.5435353813734096,0.01608241640981346,9,0.020224720289054546
417,-3.0301292874141947,0.47558649918525825,0.015711176597822122,9,0.014164903503129383
418,-3.030277825482885,0.47562917208388705,0.0156383301187621,8,0.016212693521352642
419,-3.0451016055585622,-0.5350813704264512,0.016459198755905294,8,0.009393813095415784
419,-2.956414319725536,-1.5250163660344123,0.015766624493616765,8,0.0
419,-3.0320302121168576,0.4736956217098876,0.015681562277949732,9,0.015294381874777966
420,-2.9664979125698,-1.5193062283821155,0.016407185948233892,8,0.0
420,-3.031823693118858,0.4716213121406437,0.016581737008447422,8,0.01265244590618421
421,-2.9673830763514855,-1.5197598078883552,0.01641303720403774,9,0.0
421,-3.0298817385078975,0.4755486772911921,0.0156296140952288,8,0.014565414856400477
422,-3.034736238376169,0.4808602442696624,0.015370009145537553,9,0.013650056590354719
423,-3.052075828041425,-0.53375411643717,0.01630115569996361,8,0.0023127283662982756
423,-3.0294658786632063,1.4624194693686956,0.015011117335990684,8,0.0
423,-3.0354408095009493,0.47404270523469483,0.015302834366342749,9,0.014360116990490581
424,-3.050654995697206,-0.5335059925257193,0.016725169079511153,8,0.002276867655710316
424,-2.9716394563054065,-1.5571644367326491,0.016769019521726276,9,0.0
424,-3.0096307247872374,1.465029571826739,0.015474383971065596,10,0.020390581869094607
424,-3.0329280766565323,0.477528555281227,0.01578501253483571,8,0.018490159605504933
425,-3.053200447679086,-0.5354786354346251,0.016476531587944637,8,0.0
425,-2.971027439508417,-1.556595821589129,0.016164424774386055,9,0.0027389029464799965
425,-2.9989763258363538,1.4668192351244425,0.015860580801861666,8,0.0
425,-3.0317977202984805,0.4731438896991583,0.016009629583223762,9,0.02242335204031691
426,-3.039777050340574,-0.5420998320234607,0.015970817111562848,8,0.010709840522932685
426,-3.0281294731717527,0.4730826920796658,0.015725762444482667,9,0.019167939054322618
427,-3.042848145887332,-0.5410229898853965,0.01633171730636446,8,0.013170401206035591
427,-3.030619561103947,0.4753866645491178,0.015534213532740891,9,0.013735004836318189
428,-3.052622857847786,-0.5338508886628115,0.016728103927594697,8,0.0022797108806722824
428,-2.96972503610267,-1.5435353813734096,0.01608241640981346,9,0.020224720289054546
428,-3.031910268792964,0.484402161668617,0.015931333785639205,9,0.0022783070521874746
429,-3.0379251931024305,-0.5400011361029338,0.016183044719123105,8,0.011153002898014849
429,-2.969291913027944,-1.5550972358412913,0.016243934838686462,9,0.0031455901719104756
429,-3.034773851382906,0.47781322847120966,0.015649473491947945,9,0.01687872995069564
430,-3.035754849861883,-0.5460509761818987,0.014554717983389797,8,0.0
430,-3.0366311969608013,0.47659062580265943,0.016203281642225276,10,0.01347278257303014
431,-3.035050495039118,-0.5566012200804211,0.014967223588166502,9,0.0
431,-3.034836788964284,0.4717974819576975,0.015791450950633175,9,0.01852021676551905
432,-3.054258497817668,-0.5356629760313839,0.01738751365728951,8,0.0
432,-3.0333064691356237,0.47005834938325936,0.015847185488026102,9,0.013863897152722487
433,-3.0407375157367875,-0.5412611211188191,0.015801042260389635,8,0.011365074274052624
433,-3.028683799341433,1.4665067851509814,0.01534335793221336,8,0.0016031792886373472
433,-3.031323053668172,0.47549195194611255,0.015860120099779596,9,0.01319651206790411
434,-2.9725077997002787,-1.5320849999890351,0.016097388048370843,9,0.019363368981969623
434,-3.03054659569804,0.4693537425849767,0.015530849771808913,9,0.01374932715602407
435,-3.033203726736611,1.4569747777026276,0.01501723492563936,9,0.0
435,-3.0326309677385996,0.48385173697178074,0.015299325147902536,10,0.0013053839823028547
436,-3.042053207026403,-0.5421002513165466,0.01595098333466949,8,0.013687879317705246
436,-2.9722974944290046,-1.5551768948895268,0.015902692494669347,9,0.0
436,-3.029576483172911,0.47960596460179183,0.016436136674061748,8,0.018457886312922413
437,-2.9799623853661834,-1.5496256924660148,0.015849949028764194,9,0.0
437,-3.0321111658473776,0.4758968258034931,0.01617209444256582,9,0.012963998423945002
438,-3.0337978960607694,0.47614179740496254,0.016090760739527345,9,0.013235836607315012
439,-3.0395791779680876,-0.5518791771324224,0.015616146497606334,4,0.0011583752301109777
439,-2.9706123272367972,-1.5323709788669921,0.015847927370121154,9,0.021732041076398034
439,-3.0330665114616693,0.476024577176485,0.01618725288333381,9,0.013487555984257674
440,-3.0391893987799308,-0.5512694070043463,0.015080315691941607,8,0.0
440,-2.973938501712155,-1.5461916843327441,0.01490396861350034,9,0.0
440,-3.0342421583625123,0.47772011682041277,0.01598116692887943,9,0.015801784034211595
441,-3.0510919379121013,-0.5335824461678145,0.01629950453555635,8,0.002310808815080493
441,-2.9620096008290413,-1.5206339571826906,0.01579639996050056,8,0.0
441,-3.028478131915196,0.47225782594638366,0.016349173871027627,9,0.020487368254170114
442,-3.052746728504664,-0.5353990783606205,0.01692956730223935,8,0.0
442,-2.9590564816530613,-1.526379553306543,0.015792911988323152,9,0.0
442,-3.033342699064202,0.48149450659880205,0.016495368607372468,9,0.007478378292508551
443,-3.0354143718435425,0.47300961762555,0.016621035498611023,9,0.01304338572909059
444,-3.0484661934178643,-0.531601166685745,0.01610584407717457,8,0.004480378626660757
444,-3.0325586261345356,0.47569262045048916,0.016095058220986284,8,0.013227047096851996
445,-2.9590564816530613,-1.526379553306543,0.015792911988323152,9,0.0
445,-3.0351039806485147,0.4823884232465878,0.015281132707777166,9,0.014711500097742065
446,-3.037615315848238,-0.5355423497405981,0.016349789001734255,7,0.014324214710280378
446,-2.9599450777216854,-1.5268408015637056,0.015792437337015054,9,0.0
446,-3.0347709224842734,0.4763265314511191,0.01610676581739318,9,0.013647338841457522
447,-3.049611713479709,-0.5390514426480271,0.01641783474747534,8,0.013594646007559774
447,-2.9740876674754015,-1.5561149390915006,0.015923608364378963,9,0.0
447,-3.03482410094112,0.4798327653179258,0.016142439749116583,9,0.011439970488649497
448,-3.054258497817668,-0.5356629760313839,0.01738751365728951,8,0.0
448,-3.019514854048045,1.4574947716405289,0.015458169921111117,9,0.018031547085784264
448,-3.031809869626803,0.47763560357761087,0.016379195332924,9,0.020364122057395496
449,-2.9716394563054065,-1.5571644367326491,0.016769019521726276,9,0.0
449,-3.0337865469820473,0.477658078907902,0.015643985030595903,8,0.016866547392659196
450,-3.0371271059819676,-0.540112553034461,0.01582221283638968,7,0.01592746117867482
450,-3.0322660899373886,0.4759158513718242,0.016224366498055587,9,0.012818102763345166
451,-3.050267855926838,-0.5391669696562172,0.01641853210703567,8,0.013978726290835755
451,-2.9679141497922417,-1.557716718868383,0.014900662856216003,9,0.0
451,-3.0345123657960764,0.4777729288313329,0.01577591582904999,9,0.01748145786613466
452,-3.039160599375089,-0.5573567807103086,0.015143750147263525,4,0.0
452,-2.9713994576010405,-1.5547062129173257,0.015889287497609653,8,0.0
452,-3.0304629174383546,0.4791518573210077,0.015956882310785833,9,0.012003358513544256
453,-3.044332988665739,-0.5396229010737094,0.01634128954030793,8,0.011827870947876826
453,-3.019029959587032,1.4655658306680956,0.016127291340492345,8,0.01678750227285638
453,-3.0316565405817695,0.4760657145742234,0.01615212816830808,9,0.015406229315992845
454,-3.0319488137529027,1.461144211837432,0.01599339941217885,10,0.0
454,-3.0310958508570476,0.4733694269302642,0.016582371353834134,8,0.012405269955114387
455,-3.0313900694484017,0.4777474339696758,0.015520392740399886,8,0.014428032388462212
456,-3.0485736296797485,-0.5331432876208695,0.015873493885759846,8,0.0023453881377721794
456,-3.031722713340723,0.473653108104198,0.015578680026559441,8,0.015608228175922547
457,-3.04140399728497,-0.5509418227692673,0.015175200624519032,4,0.0013627300204959532
457,-3.0318675641218875,0.47586142023730565,0.015643701820019968,8,0.014585836568604363
458,-3.053731027587407,-0.5355729215583495,0.016930279203108606,8,0.0
458,-2.9572975059519044,-1.5254734281221147,0.01577221241150283,9,0.0
458,-3.032218172401862,0.47339499794426376,0.015686581391980696,9,0.01729157969417363
459,-2.962786661778746,-1.5380266179002104,0.015332072246456155,9,0.02115682877354825
459,-3.0005397130220017,1.4628361984493112,0.014903406085697126,9,0.0
459,-3.0332506531639893,0.4760701177980748,0.01622402723129755,9,0.012824682069064336
460,-3.0494494058763544,-0.5317732073311447,0.016107757014942894,8,0.004481776496744188
460,-2.958176525723848,-1.5259258853429916,0.015783307365770733,9,0.0
460,-3.0312311737937536,0.48404220502030826,0.015659822935995656,9,0.0016127440339606643
461,-3.0517626313980863,-0.5352252700235417,0.01692865383070306,8,0.0
461,-3.0009163818540108,1.4605633561486429,0.015859691667869102,8,0.0
461,-3.034440710798766,0.4741785034190724,0.01586096658576936,9,0.014266511472916082
462,-2.9572975059519044,-1.5254734281221147,0.01577221241150283,9,0.0
462,-3.0382542487240025,0.47662005088987847,0.01616047028031247,8,0.013755332606788902
463,-3.0421203463755795,-0.5373916257707384,0.016953797113426834,8,0.010938250736214983
463,-3.0007514809852514,1.4676900779099162,0.015883268967959645,8,0.0
463,-3.0373424277825616,0.47649691158936075,0.016710043884237406,9,0.012882766277277212
464,-3.032691205062302,-0.5366025764766069,0.01528091658485034,8,0.014850642044794799
464,-3.036111484028624,0.46895880788064853,0.01646913883370472,8,0.0075503832298596755
465,-3.0380176608798894,-0.5571483515100336,0.014984326908060484,4,0.0
465,-2.9677720168574435,-1.534563067962731,0.015837903833859236,8,0.02107379625652092
465,-3.035284641879443,0.4741450752815752,0.016653764982094386,9,0.013475427013190948
466,-3.0342585569522345,0.46894075651230177,0.01663339084344884,9,0.01720189199875793
467,-3.0024706456356616,1.4588621045113337,0.014906099783692587,9,0.0
467,-3.0262054002730627,0.4792364639762107,0.01583931963466222,9,0.021279757448388215
468,-3.0395964863841316,-0.5574367218083442,0.015578472469986608,4,0.0
468,-2.9989763258363538,1.4668192351244425,0.015860580801861666,8,0.0
468,-3.0348988114737976,0.4763214106684813,0.015911969580963973,9,0.015377821402073211
469,-3.0461715766394493,-0.53272165433524,0.01629255174214998,8,0.0023064905918685945
469,-2.955528951567452,-1.524558511815626,0.015763084724125742,9,0.0
469,-3.0328468825168855,0.47173687146304644,0.015596884537807037,9,0.013924704297866054
470,-2.964731484542159,-1.5184012570123893,0.01639144756392347,8,0.0
470,-3.0326882709458123,0.47450559076665644,0.015354633212720075,9,0.013642546714898889
471,-2.961131549220029,-1.5201844944273428,0.015783148750140603,9,0.0
471,-3.028903153597803,0.47511892501437064,0.015646672988556088,9,0.013496304044478302
472,-3.0323503407849497,0.4813371584103618,0.016489603794425167,9,0.0074781330718683885
473,-3.0484661934178643,-0.531601166685745,0.01610584407717457,8,0.004480378626660757
473,-2.999856970934016,1.4672520814914551,0.015878670103977633,8,0.0
473,-3.03028553460613,0.4831137801849341,0.015176205717485007,9,0.002113794038965891
474,-3.009156137556285,1.4714365361296418,0.015538924041411696,10,0.019733523798667395
474,-3.033777572555027,0.47050885012522436,0.016279725503449846,9,0.016773489794388606
475,-3.006044719996879,1.4598749137367726,0.015899730571546148,8,0.020447776562200665
475,-3.0314076305390993,0.4757958594488512,0.015566234334198903,8,0.015555393641020612
476,-2.9645620094288665,-1.538948815907807,0.01534170308231131,9,0.021170400591845592
476,-3.0329485090548087,0.4747295718910741,0.015723131468665004,9,0.017363587599611884
477,-3.0541850223981744,-0.5356525002325492,0.016476977279533744,8,0.0
477,-2.968955194407469,-1.5557562104307,0.015860742156593863,9,0.0018539037190421878
477,-3.035571980129833,0.47492008318751316,0.015520731824781156,9,0.01601261121710499
478,-3.0390103282915897,-0.5406342715278227,0.016035964437643525,8,0.01354988863660639
478,-2.967037120223299,-1.5465237321616,0.016040587179031753,9,0.021015481685360132
478,-3.030905521140134,0.47924637372264484,0.015834582139239377,8,0.013566503030647603
479,-2.9695412444985303,-1.5574048755479573,0.01649134723522936,9,0.0
479,-3.0313900694484017,0.4777474339696758,0.015520392740399886,9,0.014428032388462212
480,-3.0411610560046567,-0.5272869648712892,0.015969056425363795,7,0.0013535311530589664
480,-2.9705718196676707,-1.5213923634350333,0.01497459617932464,8,0.0
480,-3.0331631384905897,0.47578360748329507,0.0158403373449961,9,0.013346377322488029
481,-3.0581959235633516,-0.5363545774596765,0.017391093803348738,9,0.0
481,-3.0308779197845097,0.47105218787419556,0.01622818889591806,9,0.02274760452931903
482,-3.0280157473060814,-0.5330799248434785,0.015531231968601544,7,0.004165480634898663
482,-3.033256464564231,0.47607152981114426,0.01622928923501903,9,0.012819446590643718
483,-2.9682653200156235,-1.5202107975960713,0.016421974035929265,8,0.0
483,-3.0354483372804437,0.4793213606797691,0.016550515459800928,9,0.014180083953872368
484,-2.9649634247343473,-1.5257874414389085,0.01495564965644975,8,0.0
484,-3.0290503222630036,0.47855434608380065,0.015653959137740613,9,0.012256266041405055
485,-3.0552431116083625,-0.5358368975050519,0.017387903468094608,8,0.0
485,-3.030200847177029,0.4758443136439199,0.015976294158561614,8,0.01602520072505722
486,-3.0547148729328577,-0.5357430351208213,0.016931422586100437,9,0.0
486,-3.020611234700946,1.4693429778193086,0.016259365859734035,10,0.022934931758681422
486,-3.027878822511901,0.47435257302591466,0.015294241083131701,9,0.018876114285223337
487,-2.97465006925945,-1.5513940536781332,0.01676437988984524,9,0.0
487,-3.032619555119019,0.4740898142353046,0.015718654109726515,9,0.013198279787680928
488,-3.041475268144638,-0.5412027129774128,0.016380809393677354,8,0.013682796619157406
488,-2.9572975059519044,-1.5254734281221147,0.01577221241150283,9,0.0
488,-3.0302862321867554,0.4756051112154725,0.016216978373232774,9,0.012815408929005814
489,-3.0405926188961216,-0.5380772634972597,0.01574320042090626,8,0.013473946778218593
489,-3.028903153597803,0.47511892501437064,0.015646672988556088,9,0.013496304044478302
490,-3.0378740879979365,-0.5287412666558039,0.015602880918110906,7,0.0047288479051878175
490,-2.9599450777216854,-1.5268408015637056,0.015792437337015054,9,0.0
490,-3.001588023583268,1.4584323858763741,0.014888187415493739,9,0.0
490,-3.0262173895939757,0.47879823580752606,0.015720332231801745,9,0.019158933493995826
491,-2.9616986736665294,-1.5277415107724381,0.015820728336440906,9,0.0
491,-3.0303313968233114,0.4778082648744272,0.016474302929397878,9,0.02175375453246562
492,-3.038645879110517,-0.5485694032484735,0.01577142318729363,8,0.0
492,-3.032512578811717,0.4756793264434775,0.015954955746623683,9,0.013153930147699245
493,-3.050654995697206,-0.5335059925257193,0.016725169079511153,8,0.002276867655710316
493,-3.0301018068051686,0.48478099777096967,0.016115650002599558,9,0.00293731893923862
494,-3.039923220120138,-0.5424366293508744,0.016027636405809034,8,0.01174506459749475
494,-2.972389924584133,-1.5332880653962695,0.01587092399466037,8,0.02176572846009009
494,-3.0275187059494377,1.4687293971019582,0.015008003604266261,10,0.0
494,-3.0320675458742423,0.47136039824680953,0.015661824511001083,9,0.01648138213828398
495,-3.0465608740474672,-0.5297461127063047,0.016451545042608443,8,0.0030827801312534268
495,-2.967033703719997,-1.5195806513257732,0.014948616082238788,9,0.0
495,-2.9980828838406963,1.4663834281220218,0.015854408430640912,8,0.0
495,-3.032283812219322,0.484213736496333,0.015721162213890066,9,0.001614106802682709
496,-2.9656161143687894,-1.5188545629922414,0.016397849703745384,8,0.0
496,-3.0343941174444558,0.47623953321577017,0.015296017217895738,7,0.013763495412103446
497,-3.044594790629921,-0.5294051394044978,0.01644637206027319,8,0.003080151625908094
497,-2.958176525723848,-1.5259258853429916,0.015783307365770733,9,0.0
497,-3.033775877789056,0.4713952583416732,0.016333360890862576,9,0.01890038219485203
498,-3.0007514809852514,1.4676900779099162,0.015883268967959645,9,0.0
498,-3.0306482177450076,0.47539297190997143,0.015558147819018035,9,0.013751938602809799
499,-3.0517626313980863,-0.5352252700235417,0.01692865383070306,8,0.0
499,-2.958176525723848,-1.5259258853429916,0.015783307365770733,9,0.0
499,-3.031484081916818,0.47763734299134425,0.016256078262850825,9,0.02034939447819091
500,-3.0442748514343876,-0.5404815842529446,0.01628703128443705,8,0.011683410663480524
500,-2.9590564816530613,-1.526379553306543,0.015792911988323152,9,0.0
500,-3.033123870410415,0.4775513042598619,0.015671645784625515,9,0.016482077398603395
501,-3.031110789863956,-0.5331344408826413,0.015271546252272396,7,0.013893219271671415
501,-3.0319929011279014,0.4844358372612103,0.016017440404599244,9,0.002216267042869143
502,-3.049557705642105,-0.5333156771147624,0.01587461321088727,8,0.002346342789894283
502,-3.033453041009554,0.47175576855230217,0.01634460188757301,8,0.010494330338089167
503,-3.0357391599393266,-0.5515024039242269,0.016785275178385472,4,0.001583275566784404
503,-3.033604047396579,0.47585080304465416,0.01605750879584347,9,0.01318137029222856
504,-3.0382745194328398,-0.5517572649295007,0.016139902374771725,4,0.0
504,-3.029162997493249,1.466427245094422,0.014696861457602288,9,0.0
504,-3.034788294001464,0.4762968023892516,0.016094990706142898,9,0.013239503654186947
505,-2.966260527236564,-1.548298629158773,0.01584138345888808,9,0.01828756734839073
505,-3.032189078339663,1.463733186034595,0.015034966434238345,8,0.0
505,-3.034574964131275,0.45968201552769933,0.01510422398682934,8,0.0
506,-2.961131549220029,-1.5201844944273428,0.015783148750140603,8,0.0
506,-3.0303615947118505,0.47016640443340085,0.014904582371894513,9,0.015383435563264896
507,-3.0494494058763544,-0.5317732073311447,0.016107757014942894,8,0.004481776496744188
507,-2.958176525723848,-1.5259258853429916,0.015783307365770733,9,0.0
507,-3.003373712498711,1.4570135814414602,0.014901150752465047,9,0.0
507,-3.0332237839779808,0.4843610352643313,0.015678009357424756,9,0.0016128637265842589
508,-2.958176525723848,-1.5259258853429916,0.015783307365770733,9,0.0
508,-3.0316234459959084,0.47932834348079334,0.0157272067715355,9,0.016769332995356406
509,-3.042970181989464,-0.5397461420338476,0.016686801079766132,8,0.011550720708265015
509,-3.032396777302464,0.4756632245520957,0.01594348443858819,9,0.013215193515662846
510,-3.0566837662360324,-0.5360907551520032,0.016932557806767144,9,0.0
510,-2.966748452115744,-1.5376727975872369,0.015839745609232167,9,0.021717848826690804
510,-3.033165162710716,0.4783195759331999,0.01567258523095425,8,0.0016121517339587948
511,-3.034265679737756,0.47546503204743185,0.01656043953822308,9,0.01881333867337394
512,-3.040133402408228,-0.5514427688813728,0.015041439114602559,4,0.0
512,-3.033974576970363,0.4730788236532696,0.0156896550408217,7,0.0120284706896813
513,-3.053731027587407,-0.5355729215583495,0.016930279203108606,8,0.0
513,-3.0324882897034433,0.47308108261344073,0.016033079560109662,10,0.02306706907383331
514,-3.0467183898400108,-0.5328184170800848,0.01671974758722293,8,0.0022736114399945113
514,-3.0305316982658868,0.479164913284029,0.015436801527422316,9,0.0179347100796192
515,-3.0405840719509882,-0.5515222925283189,0.016472129938067133,4,0.0
515,-2.999856970934016,1.4672520814914551,0.015878670103977633,9,0.0
515,-3.0325586261345356,0.47569262045048916,0.016095058220986284,9,0.013227047096851996
516,-3.040364001435947,-0.542364835579958,0.016198108521191534,8,0.012014220635837305
516,-2.9602497858993435,-1.5197340398765646,0.01577277550661177,9,0.0
516,-3.03589571847878,0.47420158739153034,0.015883912253264607,10,0.016537885924616302
517,-3.033421255442835,0.47937531124979604,0.01596724182022591,9,0.02072863332470821
518,-3.0411599214125333,-0.5423230281998909,0.016158030268819117,8,0.011668952142533552
518,-2.9637757187925122,-1.521541470903856,0.015810974141599526,8,0.0
518,-3.030240025412747,0.48388473278105615,0.015655983416057104,9,0.0016113307909137193
519,-3.0132555612823615,1.4654736604275436,0.015942682399489996,8,0.016170719104992515
519,-3.0362465553455835,0.4703495552062836,0.01631282266238336,8,0.008899314808069266
520,-2.958176525723848,-1.5259258853429916,0.015783307365770733,8,0.0
520,-3.030945217152253,0.4770869296292763,0.016235712866611192,9,0.022762145850824936
521,-3.043099299432204,-0.539412304191034,0.016590112560048165,8,0.012145869666941535
521,-2.999856970934016,1.4672520814914551,0.015878670103977633,8,0.0
521,-3.0328421397555676,0.4724776422626455,0.016803497153281746,7,0.012286445100040285
522,-3.0492640534840905,-0.5347898697832328,0.016471906895977256,8,0.0
522,-2.9713994576010405,-1.5547062129173257,0.015889287497609653,9,0.0
522,-3.0345123657960764,0.4777729288313329,0.01577591582904999,9,0.01748145786613466
523,-2.963899957840389,-1.5398551169634138,0.015824834125633215,9,0.021036762443913993
523,-3.033525497314919,0.477617865864049,0.01577019269954006,9,0.017467649174392898
524,-3.025077089469689,-0.5365963193292956,0.015000757882986692,4,0.0
524,-3.0284308137521325,1.4691706751709146,0.015020832920481062,8,0.0
524,-3.0337151019453503,0.4776549508969161,0.015909455560957308,8,0.019220334392858075
525,-3.0406722588144834,-0.5405456794959678,0.015948871879096098,8,0.011702229327208064
525,-3.030367060404884,1.4628549900178562,0.01501240794024906,8,0.0
525,-3.032085288256533,0.47338208871410414,0.01585851174335453,9,0.01268740420357015
526,-2.961496299539709,-1.5422616964100202,0.01582467593720198,9,0.019696953454320786
526,-3.0330439922817245,0.47505913327507265,0.015892125953906797,9,0.01892866709168484
527,-3.0429938987562863,-0.5390319657634955,0.016456412396012355,8,0.011702056473438959
527,-2.9590564816530613,-1.526379553306543,0.015792911988323152,9,0.0
527,-3.035043000746612,0.47634400684067396,0.015275884604005365,9,0.014716432714896555
528,-3.0344008175485655,-0.5371293727404555,0.015225929173885747,8,0.016192331360971694
528,-3.0338742258629416,0.4764098924893776,0.016270870379851476,9,0.015166506292131095
529,-3.040624717206026,-0.5489289791788762,0.015782968344582367,8,0.0
529,-3.03315331126837,1.4594225852624718,0.016859905425500164,10,0.0
529,-3.0329033899999387,0.4759997929931314,0.016102838395282155,9,0.013330712982131378
530,-3.03702804831692,-0.5569647197203736,0.014977765418560761,4,0.0
530,-2.962240049363656,-1.5401534091129718,0.016249944442346224,9,0.021446092665408693
530,-3.030767680727439,0.48355549025517264,0.015404028486139951,9,0.0012938793061802309
531,-3.04715598132175,-0.5328949549136492,0.01629342306010823,8,0.0023074847240376712
531,-3.033251986419428,0.46896753476839637,0.01650452376723091,9,0.019870208879117304
532,-3.0371481520630423,-0.5573380507796062,0.015891610859218825,9,0.0022595234734535882
532,-2.9590564816530613,-1.526379553306543,0.015792911988323152,9,0.0
532,-3.033810237172118,0.4761425381374714,0.016024822207940624,9,0.013371421007165952
533,-3.043098694272558,-0.5403141463960388,0.01615165881434488,8,0.01220353803555986
533,-2.948717691951045,-1.535559874197124,0.015748258992724907,8,0.0
533,-3.0308292309965315,0.476791553884153,0.016367958533059154,8,0.02054919807747436
534,-3.0418083194424748,-0.5408960059457572,0.01600089143624223,8,0.013867772891134885
534,-3.032261158888243,0.4759146306189322,0.016219924851323394,9,0.01282265145608497
535,-3.0332003880270015,0.4775689290971602,0.015747295598219704,8,0.017930901693103032
536,-3.0333524618678234,-0.5451084405165837,0.016070932073103224,9,0.0
536,-2.9590564816530613,-1.526379553306543,0.015792911988323152,9,0.0
536,-3.0340917693336382,0.4762075696322577,0.01618100867231798,9,0.012975321665240003
537,-3.0363204299311506,-0.5284707781318078,0.015199770492684249,7,0.004260203316649506
537,-2.9722974944290046,-1.5551768948895268,0.015902692494669347,9,0.0
537,-3.032049411178567,0.47592168909618654,0.01597692966732522,9,0.015557048693012079
538,-3.0312864927984413,0.4697433566106562,0.015800911843781237,9,0.013822354692348507
539,-3.0405587012414297,-0.5519850929818195,0.015465564998617,4,0.0
539,-2.9637757187925122,-1.521541470903856,0.015810974141599526,8,0.0
539,-3.030808702809106,0.46939491439661496,0.01565070762073268,9,0.013521524400236292
540,-3.0532749138170803,-0.5354929714615277,0.017386100066001837,8,0.0
540,-2.9617832764197143,-1.5241518118714965,0.016388641700415693,9,0.0
540,-3.0135911764640575,1.4667018691076121,0.01591939044732849,9,0.01589171562563917
540,-3.030876999049157,0.475705519881555,0.015638609555893548,8,0.014580025036381483
541,-3.0365854121884492,-0.5378563861384764,0.015517430943420372,7,0.017074034127159257
541,-2.9599450777216854,-1.5268408015637056,0.015792437337015054,9,0.0
541,-3.0381942900567314,0.4766256535154582,0.01620559368956971,8,0.014282143015984362
542,-2.9757289076021154,-1.5471226759024523,0.014921802894066683,8,0.0
542,-3.034453417360986,0.47618004561636984,0.01594863519256078,9,0.020320401186415694
543,-3.049557705642105,-0.5333156771147624,0.01587461321088727,8,0.002346342789894283
543,-3.0341072091330767,0.48223194770197503,0.015448054345344442,9,0.015570504931757566
544,-3.031384648529365,0.47680011446578985,0.016058290936148783,10,0.01874166412246592
545,-2.9705024097288737,-1.5542368058047127,0.0158774558397636,9,0.0
545,-3.0033451083952207,1.456588207880341,0.016140032897997796,9,0.0030082001884580442
545,-3.028824254117494,0.46936534746358866,0.015625682146228347,9,0.014577469939681852
546,-3.041745491967062,-0.539729040971783,0.016236128022455897,8,0.012100141618292943
546,-2.976199398279583,-1.5498721670523592,0.0159072788069615,8,0.0
546,-3.004166000738205,1.4646049624336457,0.014871125970510426,9,0.00010242622801838915
546,-3.0300895437288293,0.47105164030963154,0.01565179600311559,9,0.016463758379945077
547,-3.0484661934178643,-0.531601166685745,0.01610584407717457,8,0.004480378626660757
547,-3.0155353656603676,1.460417816911126,0.015918119003992398,8,0.015865089081259283
547,-3.04121014733422,0.4765116842491781,0.014856691227926686,9,0.026592383384979157
548,-3.0381337009538223,-0.5387363989627828,0.01628180094137189,8,0.011572958827868867
548,-2.9989763258363538,1.4668192351244425,0.015860580801861666,8,0.0
548,-3.029215574504208,0.48320068808196676,0.015349879406252582,9,0.002230738648231619
549,-3.001588023583268,1.4584323858763741,0.014888187415493739,9,0.0
549,-3.029294610922728,0.4792587746475104,0.016314390496919948,9,0.022504648173561907
550,-3.051232081610966,-0.5351310710543559,0.016474848617289782,8,0.0
550,-2.9590564816530613,-1.526379553306543,0.015792911988323152,9,0.0
550,-3.034440710798766,0.4741785034190724,0.01586096658576936,9,0.014266511472916082
551,-2.9676337831760016,-1.5381299833398008,0.015847379670575958,8,0.02172542775376775
551,-3.03064320486992,0.4756669444253648,0.01593438654384336,9,0.013497653223697644
552,-3.0016413540733504,1.4681248065816894,0.015892920100130933,10,0.0
552,-3.0392346196686226,0.47597088094079587,0.015566943151860588,9,0.023524260710301823
553,-3.033525675225945,-0.5363506870180413,0.015550826583943314,7,0.014074161631343915
553,-2.9684227818966824,-1.5441850042321366,0.015163091279373245,9,0.016608706467359558
553,-3.0312925392295327,0.4840557401523272,0.01571683776397741,9,0.0016129927712859255
554,-2.9656161143687894,-1.5188545629922414,0.016397849703745384,9,0.0
554,-3.03441060478482,0.47172154702248364,0.01575166034101652,9,0.016210319168953543
555,-3.038645879110517,-0.5485694032484735,0.01577142318729363,8,0.0
555,-2.9971883741049608,1.4659464317441138,0.01584980923165935,8,0.0
555,-3.0341115214529273,0.47770704231414474,0.015677589438680924,8,0.016494351825476157
556,-2.965676988041033,-1.5407782240980348,0.015847802241496248,9,0.02107406743263665
556,-3.029557733767646,0.4782545202070168,0.016040208482318435,9,0.013252769314055777
557,-3.038626832865943,-0.5329974807500737,0.01633323393134286,7,0.010448277203610431
557,-2.963846317832303,-1.5179476760429027,0.016385599330773423,8,0.0
557,-3.0321111658473776,0.4758968258034931,0.01617209444256582,9,0.012963998423945002
558,-3.0467382536101466,-0.534453431985256,0.016376628236151575,8,0.011933883696258809
558,-2.956414319725536,-1.5250163660344123,0.015766624493616765,9,0.0
558,-3.0337511998654514,0.47546599932495787,0.016253134619641885,9,0.020067495600058435
559,-3.0569965087826194,-0.5346161080446599,0.016307407744337893,8,0.002318999289040004
559,-3.034788294001464,0.4762968023892516,0.016094990706142898,9,0.013239503654186947
560,-3.032413745978038,0.4759292485999149,0.01528759336617181,9,0.013753337432613684
561,-3.0329280766565323,0.477528555281227,0.01578501253483571,9,0.018490159605504933
562,-3.048686970682822,-0.5331634395589254,0.016721980162394432,8,0.0022765885047209243
562,-3.0312925392295327,0.4840557401523272,0.01571683776397741,9,0.0016129927712859255
563,-3.0522161584172625,-0.5353048201256408,0.01647580119974065,8,0.0
563,-2.9572975059519044,-1.5254734281221147,0.01577221241150283,9,0.0
563,-3.0296303407592937,0.47523154495098224,0.015530515564393187,9,0.01372972710361225
564,-3.04052005572817,-0.5389727568908842,0.0161230136188903,8,0.011366079100178618
564,-2.9661479024307567,-1.5191267513055873,0.014943416470399627,8,0.0
564,-3.0328443043044864,0.47952256004416116,0.01613668283795496,9,0.011435494088922516
565,-3.052622857847786,-0.5338508886628115,0.016728103927594697,8,0.0022797108806722824
565,-3.040545564196087,0.4761708479678266,0.01605894292883185,9,0.024861122044067444
566,-3.0383152009887273,-0.5507377491206484,0.015207291301988776,4,0.0009620178081258691
566,-2.9628905419035263,-1.5210866264714402,0.01580601714000624,8,0.0
566,-3.035269981858196,0.47637234721149974,0.015688251739452694,8,0.013251124947612984
567,-2.9599450777216854,-1.5268408015637056,0.015792437337015054,9,0.0
567,-3.0341839945998803,0.4777234630785097,0.016424871520145292,9,0.020481961200581406
568,-3.0416136325425325,-0.5395186771397693,0.016260530778972968,8,0.011761792461056634
568,-3.032290355617308,1.4565365020636505,0.015004159762836543,9,0.0
568,-3.03617439482638,0.4763644085190306,0.016378134193818356,9,0.01621602060841045
569,-3.0361181664475096,-0.5438566883291951,0.01563913060836155,9,0.01668097104780451
569,-3.006194794670437,1.468137819092427,0.016066834334057412,9,0.019060336892111163
569,-3.0340099868550943,0.47400533988780985,0.01569060070741643,9,0.015304959077534442
570,-3.0353123313320474,-0.5481447782011168,0.01577908238279742,4,0.015648547968461553
570,-2.958176525723848,-1.5259258853429916,0.015783307365770733,9,0.0
570,-2.9980828838406963,1.4663834281220218,0.015854408430640912,8,0.0
570,-3.0346156398150934,0.4841679515294997,0.015309929536516977,9,0.0013047809311493722
571,-3.0495100680837464,-0.5302593892334113,0.016458936483299443,8,0.0030892249478183306
571,-2.9637757187925122,-1.521541470903856,0.015810974141599526,8,0.0
571,-2.999856970934016,1.4672520814914551,0.015878670103977633,9,0.0
571,-3.0325376433651035,0.4774621221432632,0.015764419585106486,8,0.017455978356439777
572,-3.050267855926838,-0.5391669696562172,0.01641853210703567,8,0.013978726290835755
572,-2.958176525723848,-1.5259258853429916,0.015783307365770733,9,0.0
572,-3.0135911764640575,1.4667018691076121,0.01591939044732849,8,0.01589171562563917
572,-3.032141795558568,0.4794163683765059,0.01585183097767865,8,0.012710863990519848
573,-3.051232081610966,-0.5351310710543559,0.016474848617289782,8,0.0
573,-3.0323027845749326,0.4709584757092954,0.01599752102019073,9,0.01776319059747933
574,-3.0485736296797485,-0.5331432876208695,0.015873493885759846,8,0.0023453881377721794
574,-3.0162906178391395,1.4680154367219456,0.015950147936507925,9,0.015931374634465582
574,-3.035986644119553,0.47428207922855437,0.01648736622398317,9,0.013795183374964156
575,-3.0421094445067856,-0.5396185739556476,0.016045305131620186,8,0.011506357624885864
575,-3.0319488137529027,1.461144211837432,0.01599339941217885,10,0.0
575,-3.036274984535555,0.47430001626608354,0.016658652009484486,9,0.013483318986328074
576,-3.0346308869228538,0.4740897153197418,0.01595592580934083,9,0.01485164521904978
577,-3.0327974591752183,0.47750214951650316,0.01563810985612762,9,0.016856786795419344
578,-3.053200447679086,-0.5354786354346251,0.016476531587944637,8,0.0
578,-3.0256303067650343,0.4849257637350707,0.015625672256839467,10,0.014784458937249579
579,-3.0294658786632063,1.4624194693686956,0.015011117335990684,10,0.0
579,-3.0326634567245314,0.47377367154939315,0.015921806998412613,9,0.016603881471384863
580,-3.0343403910773707,0.4725464295886229,0.016513905859448945,9,0.018237896694078777
581,-3.0391032574052756,-0.557346264269154,0.015086597924863523,4,0.0
581,-2.956414319725536,-1.5250163660344123,0.015766624493616765,9,0.0
581,-3.0135911764640575,1.4667018691076121,0.01591939044732849,8,0.01589171562563917
581,-3.0330843899226623,0.4798893847210004,0.01569038540419741,9,0.015293536392707504
582,-3.0403830159879406,-0.53787212151493,0.016650062915008212,8,0.011094790797576871
582,-2.9665913670103774,-1.539429012394411,0.01613896459901267,9,0.02033496821498073
582,-3.03315331126837,1.4594225852624718,0.016859905425500164,8,0.0
582,-3.0336519824598183,0.4776317474692363,0.01564609010710018,9,0.015935269037802468
583,-3.0389580536824847,-0.5289292323251084,0.015490484493339002,7,0.0042118901817011925
583,-3.001587722498645,1.4561475905472667,0.014885880337384447,9,0.0
583,-3.0375806890797006,0.47088777777002727,0.015917618128298394,10,0.01586657437891679
584,-3.0419803436218102,-0.5578733695012084,0.015013004217840189,4,0.0
584,-3.0278590835228854,0.4731757060070327,0.01596311497033348,9,0.01991303767800576
585,-2.9707976491694588,-1.5529639042306473,0.016388749275581392,9,0.002506425278523636
585,-3.034704033436406,0.4778102418898582,0.01591683711068547,9,0.019236477727383634
586,-3.038526139184478,-0.5288534412149208,0.015921258939674932,7,0.00501859911010079
586,-3.0264308079278734,0.4784852673143932,0.015602578755899228,9,0.0194076324635843
587,-3.040707738197735,-0.5541504581991041,0.01579695613680959,4,0.0
587,-2.9731905979336943,-1.5556455198938863,0.01591175205244355,9,0.0
587,-3.029652732197205,0.47524115704043995,0.015690487199583825,9,0.014035682778353827
588,-3.0226328002728544,-0.536163838840254,0.015473028152794725,8,0.0
588,-3.0355825210064418,0.4724584446212843,0.016323847794955524,9,0.016438987328815047
589,-3.0366184259342606,0.47658387901288946,0.015959854502412506,9,0.013283269748687402
590,-3.039143242326247,-0.5512610378041345,0.015034335628964796,4,0.0
590,-3.0323224527239048,0.477431931366542,0.015768454611659925,9,0.018124403690492678
591,-3.0417159582184023,-0.5419058575687239,0.01585434309598236,8,0.012160289957380046
591,-3.0007514809852514,1.4676900779099162,0.015883268967959645,9,0.0
591,-3.033123870410415,0.4775513042598619,0.015671645784625515,9,0.016482077398603395
592,-3.0312393669183,0.4840442116426806,0.01566722525799518,9,0.001613283323318256
593,-2.9658582338177784,-1.5372094460634698,0.015830636275034407,9,0.0217010059027178
593,-3.0307969877974155,0.479531793091655,0.015577904793477796,9,0.015595767678168384
594,-3.052290798524691,-0.5353191336345948,0.017385213133589233,8,0.0
594,-2.9702388784107843,-1.5327255471779622,0.015125388850332117,9,0.017871744232334993
594,-3.0312925392295327,0.4840557401523272,0.01571683776397741,9,0.0016129927712859255
595,-3.0522161584172625,-0.5353048201256408,0.01647580119974065,8,0.0
595,-2.9658582338177784,-1.5372094460634698,0.015830636275034407,9,0.0217010059027178
595,-2.9989763258363538,1.4668192351244425,0.015860580801861666,9,0.0
595,-3.0328808421787006,0.47625224968552,0.016263902193945006,9,0.015156006776308649
596,-2.96793921096784,-1.5426050921111465,0.016061244660507602,9,0.02020177492710689
596,-2.9980828838406963,1.4663834281220218,0.015854408430640912,8,0.0
596,-3.0336519824598183,0.4776317474692363,0.01564609010710018,9,0.015935269037802468
597,-2.9770910406281548,-1.5503340813366098,0.015911451975381182,9,0.0
597,-3.0321355972499973,0.4773964777948251,0.015666614521525783,9,0.01647459349067174
598,-2.9599450777216854,-1.5268408015637056,0.015792437337015054,9,0.0
598,-3.0318102481678904,0.4773474409730931,0.01563252051540623,9,0.01684487202490022
599,-3.042025540459616,-0.5397894369104524,0.01672546696610706,8,0.01058455631725083
599,-2.9628905419035263,-1.5210866264714402,0.01580601714000624,8,0.0
599,-3.034408212594471,0.48168312841740524,0.01656232662754682,9,0.007230895694950346
600,-3.0361151721994,0.47478911270027774,0.016368473275046647,9,0.013299835765438273
601,-3.0517626313980863,-0.5352252700235417,0.01692865383070306,8,0.0
601,-2.9657469263096408,-1.5420670216011958,0.015357557675513734,9,0.021462948286947135
601,-3.044426673983652,0.4777785540718318,0.015550144660893033,9,0.026963064268194156
602,-3.04835339835716,-0.5346302830623291,0.017381611258475347,8,0.0
602,-3.033647358731052,0.4761177988546941,0.015947433495122853,10,0.013273479703003813
603,-3.0341750645602272,-0.5395913917718319,0.015812882849212336,7,0.015914141058157093
603,-2.9599450777216854,-1.5268408015637056,0.015792437337015054,9,0.0
603,-3.0328808421787006,0.47625224968552,0.016263902193945006,9,0.015156006776308649
604,-3.0418466404265985,-0.5533133800290854,0.016533932713426014,4,0.0011322355869958067
604,-2.9625062601004974,-1.5378858825311792,0.015827081299701593,9,0.021582062901812884
604,-3.016659979850344,1.4675290612721683,0.015902910821799402,9,0.019913279318616986
604,-3.033097262438467,0.47577816551586455,0.015890827243977227,9,0.013551555114429013
605,-3.0403394562337347,-0.540831242141081,0.016238588249782863,8,0.013258266185206195
605,-2.960824091041165,-1.5272932556216974,0.015803539396380333,8,0.0
605,-3.033203726736611,1.4569747777026276,0.01501723492563936,10,0.0
605,-3.035874530102018,0.4764660161849941,0.016114640921855876,9,0.013339799300247644
606,-3.050108654468729,-0.5334124890367247,0.016297211112949704,8,0.002312467150530474
606,-2.971826512905828,-1.5524242036934992,0.014911193753119792,9,0.0
606,-3.0134135952789354,1.4739129853505182,0.015948189294092696,9,0.021931756691775044
606,-3.028381660405354,0.4757661573477875,0.01637914996557279,8,0.01970774931887661
607,-3.035785916754294,0.47024116713698105,0.015886108106205374,8,0.008958595406626958
608,-3.0324233059318964,0.47297758871740647,0.015833262266110506,9,0.013741252250498716
609,-3.049124275946924,-0.5332398969029548,0.016295956034461774,8,0.0023103580228049465
609,-2.9645620094288665,-1.538948815907807,0.01534170308231131,9,0.021170400591845592
609,-3.0310153561546453,0.47231094437874455,0.016156742172515257,7,0.010962887668734475
610,-3.0364742196692456,-0.5555050892244858,0.014960907952134022,9,0.0
610,-3.0008807659460643,1.4589147320080555,0.017368387762935412,10,0.0
610,-3.0280285723550135,0.4838070483890255,0.01600310137850262,9,0.0022141972042057944
611,-2.958176525723848,-1.5259258853429916,0.015783307365770733,8,0.0
611,-3.0311748109036785,0.4776329517597261,0.016152751380161652,9,0.020374377907519402
612,-3.0467183898400108,-0.5328184170800848,0.01671974758722293,8,0.0022736114399945113
612,-3.0343552316212925,0.476076045016073,0.01620589973541471,9,0.01583632493119736
613,-3.0395305349887396,-0.5370234117519993,0.016056800189154945,7,0.012503530757610772
613,-2.964731484542159,-1.5184012570123893,0.01639144756392347,8,0.0
613,-3.0340831007907756,0.4693933477500791,0.015833265982455696,9,0.01762989141029578
614,-3.0414941300653826,-0.5397407452064455,0.01628063357966839,8,0.011614604071919561
614,-2.9705024097288737,-1.5542368058047127,0.0158774558397636,9,0.0
614,-3.031388442115124,1.4561030152528895,0.015003130971092498,9,0.0
614,-3.0298919289245583,0.47527342332630945,0.015649642736363715,9,0.013501009557966561
615,-2.9664979125698,-1.5193062283821155,0.016407185948233892,10,0.0
615,-3.0376085699815487,0.476768889686255,0.016859748093576366,9,0.012641324587900795
616,-3.043388391784976,-0.538157230496784,0.01691527176934659,8,0.01109753576005578
616,-2.96939610316446,-1.5390546056649694,0.016458582135414516,9,0.021242387822812285
616,-3.030704208617822,0.47540771036173995,0.015332186822553792,9,0.015184728654004224
617,-3.0432440029273082,-0.5416712714558872,0.015922321903140604,8,0.012930367680360152
617,-2.9599450777216854,-1.5268408015637056,0.015792437337015054,9,0.0
617,-3.0337672172613397,1.4620202911966096,0.016011757004625867,10,0.0
617,-3.034606373202948,0.4740947900988503,0.01569602119885558,9,0.01596928482774187
618,-3.04333705167348,-0.5398494348256591,0.01629962470114043,8,0.011123964917841633
618,-3.0387371907328227,0.48108707339971046,0.014994425568109884,9,0.014314628448722222
619,-3.031359197655592,0.4757778636917105,0.015805232548658125,8,0.013809844191942436
620,-3.0316106175790654,0.47554255951625574,0.01554026344395841,9,0.013743689639452973
621,-3.0407437165237554,-0.5403356634381179,0.01594968984575534,8,0.012834631301735573
621,-2.9637757187925122,-1.521541470903856,0.015810974141599526,8,0.0
621,-3.0337865469820473,0.477658078907902,0.015643985030595903,9,0.016866547392659196
622,-3.0310995040451547,-0.5376653678916112,0.01586822681315512,4,0.0
622,-3.0164882328491958,1.457267700564632,0.014945659193293118,9,0.01612236635546951
622,-3.034773851382906,0.47781322847120966,0.015649473491947945,8,0.01687872995069564
623,-3.054258497817668,-0.5356629760313839,0.01738751365728951,8,0.0
623,-3.0353806387060294,0.47607548732668875,0.016860550172933402,9,0.012808523868755332
624,-2.958176525723848,-1.5259258853429916,0.015783307365770733,9,0.0
624,-3.027716000108148,0.47811654791793595,0.01617593395852972,9,0.020791538689169727
625,-3.053731027587407,-0.5355729215583495,0.016930279203108606,8,0.0
625,-3.0286967651180006,0.47796448441281086,0.016372070634859796,9,0.02023432177304312
626,-3.045734175009562,-0.5326451239730567,0.01671870385563272,8,0.0022727560399097516
626,-2.9590564816530613,-1.526379553306543,0.015792911988323152,9,0.0
626,-3.029007165689297,0.4792667457848724,0.01620315404426378,9,0.022445214140565158
627,-3.0492640534840905,-0.5347898697832328,0.016471906895977256,8,0.0
627,-2.9646630437139234,-1.5219985444193216,0.01581300599758057,9,0.0
627,-3.0288191271940477,0.4796858596318552,0.015740991159188436,9,0.018740819993861454
628,-3.048659888696644,-0.5425122325632938,0.01636343709409988,8,0.014203358180798906
628,-3.0322235930412003,0.48420046584374227,0.01566520135674251,9,0.0016138842386195689
629,-3.0481403594566734,-0.5330675194827511,0.016294688340642478,8,0.0023095537546461804
629,-2.9590564816530613,-1.526379553306543,0.015792911988323152,8,0.0
629,-3.0299087917668395,0.4790531223717338,0.01555520079056881,9,0.015055494621354746
630,-3.043002898280856,-0.5408607913078599,0.01622129260059899,8,0.013201985215170449
630,-2.9706123272367972,-1.5323709788669921,0.015847927370121154,10,0.021732041076398034
630,-3.032036511520646,0.47291078407261017,0.015382004118010169,9,0.013627271356949768
631,-2.973619345894618,-1.5533609813221834,0.014933734837434912,8,0.0
631,-3.0324978303388797,0.4813167742076903,0.01663747880837321,9,0.008041769309221599
632,-3.056227419468951,-0.536010768172692,0.01738859817084614,8,0.0
632,-3.017233842645463,1.4690503871073957,0.015717300513583856,10,0.018678420001684057
632,-3.0362594615628833,0.4599369546643858,0.01736114599475655,8,0.0
633,-3.0339517988697002,0.47164802196594346,0.015729164401971935,9,0.01578969890314639
634,-3.042078999683236,-0.5422698824601471,0.01606479488250042,8,0.012225945647562814
634,-3.0330952513405434,0.4835614971406943,0.015029120169237643,8,0.0018298852762609723
635,-3.0373318362074495,-0.5584702604969944,0.01683524047087682,8,0.0
635,-2.968802448456923,-1.520486737501946,0.014961913606097147,9,0.0
635,-3.033592050991244,0.4796052873251829,0.014905667286316659,9,0.013477916200060034
636,-2.9606818739255694,-1.525389272858976,0.015363689053637827,8,0.013001500365381644
636,-3.013319570350904,1.4641820032156174,0.015428037668274318,8,0.017864482178978597
636,-3.0339162167920355,0.47768380046691866,0.015791275000201815,9,0.01850323556558661
637,-2.958176525723848,-1.5259258853429916,0.015783307365770733,9,0.0
637,-3.0324440308840077,0.47345287077400666,0.016029894681850884,9,0.0120345778889178
638,-3.0326424162219165,0.4838567304150728,0.015302462676680513,9,0.0013151433409581059
639,-3.0474827670421436,-0.5314303220902544,0.016103494846380535,8,0.004475124757973185
639,-2.965485369244515,-1.5364408460778145,0.01560284827770236,9,0.020762526040560527
639,-3.0290098965830343,0.47887049302202295,0.01573721005360822,9,0.018460909076689885
640,-3.0316327348663954,0.4758220954000338,0.015938259391112427,9,0.013504516326511333
641,-2.9637757187925122,-1.521541470903856,0.015810974141599526,8,0.0
641,-3.031398275312874,0.4755088499810711,0.015922172033240107,9,0.013150914802783012
642,-3.0552431116083625,-0.5358368975050519,0.017387903468094608,8,0.0
642,-2.9636724995695927,-1.5384862117997604,0.015333798871550421,9,0.021160851231471465
642,-3.000534427769494,1.4651220399021758,0.014906240249983483,9,0.0
642,-3.0350608990414405,0.4722156634226011,0.01616932823194711,9,0.020399383260463165
643,-3.046498970988818,-0.5312576340796724,0.016102090723521596,8,0.00447330820530802
643,-2.9670716121337986,-1.5461489146260181,0.0161055940464131,9,0.020712018184556747
644,-3.0007514809852514,1.4676900779099162,0.015883268967959645,9,0.0
644,-3.033525497314919,0.477617865864049,0.01577019269954006,9,0.017467649174392898
645,-3.039480831413,-0.5406132788673077,0.015969976149551958,8,0.011169679329546515
645,-2.9546543241962664,-1.5241102300904694,0.01574594731040881,9,0.0
645,-3.0345123657960764,0.4777729288313329,0.01577591582904999,8,0.01748145786613466
646,-3.042331208689431,-0.5416180658864276,0.016140667288530308,8,0.012453985971055724
646,-2.9572975059519044,-1.5254734281221147,0.01577221241150283,8,0.0
646,-3.0307629675195096,0.4739923140622514,0.015920157655675872,9,0.01970061164969294
647,-3.039635462019191,-0.5487484093403752,0.01577709384482861,9,0.0
647,-3.0325327420198427,0.4756821447042912,0.01597600737876341,9,0.013174154917325591
648,-3.0376488107443627,-0.5483912980233843,0.015758405180698053,8,0.0
648,-2.9620096008290413,-1.5206339571826906,0.01579639996050056,9,0.0
648,-3.0297802166604924,0.47307788022452096,0.015596779630257733,9,0.018251726404931192
649,-2.964787991662444,-1.5403160491301586,0.015836297431690193,9,0.02105461979168282
649,-3.0299274110089778,0.47911119725284346,0.01625698486166583,9,0.01149445521216408
650,-3.040438275540427,-0.539967321864059,0.015935813103891482,8,0.011804333094529135
650,-3.035525939740746,0.4719760760123555,0.01655883227707141,9,0.01418604901004228
651,-3.048718782702614,-0.536319297416874,0.016029378603740208,8,0.013315001901342877
651,-2.958176525723848,-1.5259258853429916,0.015783307365770733,9,0.0
651,-3.0294658786632063,1.4624194693686956,0.015011117335990684,8,0.0
651,-3.0345429924808913,0.47621901813875106,0.01666785777305861,9,0.013335163731121546
652,-3.0474827670421436,-0.5314303220902544,0.016103494846380535,8,0.004475124757973185
652,-2.970756267579489,-1.5366813345295447,0.014940293202967341,9,0.01684221394014154
652,-3.002533790378975,1.4685606093938601,0.01589909937138734,10,0.0
652,-3.034449057799407,0.4738876246305413,0.01529643014869839,9,0.014352560643881981
653,-3.0421747790016327,-0.5396082660879414,0.016967087276841347,8,0.011599528116347365
653,-2.962664537282028,-1.524604800323043,0.016397565536960267,9,0.0
653,-3.0299822070624334,1.4659684986359471,0.016361553423095025,8,0.0030276867383649177
653,-3.0312311737937536,0.48404220502030826,0.015659822935995656,9,0.0016127440339606643
654,-3.0361464630670447,-0.5553247011289828,0.01459535660857458,9,0.0
654,-3.030367060404884,1.4628549900178562,0.01501240794024906,8,0.0
654,-3.031623427915777,0.47553976691026995,0.01604897091417769,9,0.013173014695528156
655,-3.043548306548381,-0.530742911479739,0.01609672117926431,8,0.004467099915943351
655,-2.9648152692926937,-1.538507033249808,0.016125283240454286,9,0.020315550471930642
655,-3.0014204641136746,1.4655557958150056,0.014918922112804461,9,0.0
655,-3.030632739609502,0.4753843236059272,0.016044257199579314,9,0.013170563116666426
656,-3.031514566194101,0.4772966711129504,0.015741908055896925,9,0.016178660773326345
657,-3.0441809101431985,-0.5391674999265429,0.016798891411276596,8,0.011477547182262831
657,-2.958176525723848,-1.5259258853429916,0.015783307365770733,8,0.0
657,-2.999856970934016,1.4672520814914551,0.015878670103977633,8,0.0
657,-3.029254939971856,0.48372774549256403,0.015656689321534155,9,0.0016131607528400331
658,-3.0330167122761456,0.4760498749240541,0.016198151361944597,9,0.013318706712622391
659,-2.958176525723848,-1.5259258853429916,0.015783307365770733,8,0.0
659,-3.0289257758771204,0.4710237044374239,0.015626788009222195,9,0.02186484460623464
660,-3.0474827670421436,-0.5314303220902544,0.016103494846380535,8,0.004475124757973185
660,-2.971027439508417,-1.556595821589129,0.016164424774386055,9,0.0027389029464799965
660,-3.034316708599153,0.4759696276954944,0.015997803339560766,9,0.013372549382024604
661,-3.032855754735958,-0.534484334735421,0.0154054658019518,7,0.01408308373284214
661,-2.9646630437139234,-1.5219985444193216,0.01581300599758057,8,0.0
661,-3.0393066885410547,0.4759868630220847,0.015497616599770706,9,0.023027967165745743
662,-2.96793921096784,-1.5426050921111465,0.016061244660507602,9,0.02020177492710689
662,-3.035583821702232,0.4719502766085231,0.01606782543506897,9,0.016584223999156707
663,-3.034985461545883,-0.5372807319604278,0.015756891884910113,8,0.014053652236397663
663,-2.9658458969294568,-1.53721589704872,0.0164278781703922,9,0.021198893962604742
663,-3.0334154891440295,0.4815257684208624,0.016557166525910407,9,0.007229631231896539
664,-3.040624717206026,-0.5489289791788762,0.015782968344582367,8,0.0
664,-2.9665394589529015,-1.5211436543352916,0.016090713398452177,8,0.004048706129722191
664,-3.0334889301808756,0.4727838129875127,0.01606849813318976,9,0.020663785186283635
665,-3.0492640534840905,-0.5347898697832328,0.016471906895977256,8,0.0
665,-2.9713994576010405,-1.5547062129173257,0.015889287497609653,9,0.0
665,-3.033584725358676,0.4715928276405045,0.015641324714322842,9,0.015941341770834352
666,-3.054591480953065,-0.5341966524359161,0.016730431526009976,8,0.002282876272190988
666,-3.032619898055135,0.4710575399940784,0.016191257056727058,9,0.019549284119008217
667,-3.0443929791619246,-0.5406281900498356,0.01667667693791928,8,0.010256680475562475
667,-2.9572975059519044,-1.5254734281221147,0.01577221241150283,9,0.0
667,-3.0312846778894382,1.4632973399932205,0.015030566917070914,9,0.0
667,-3.0341130590433942,0.4822307522138063,0.015276158270298344,9,0.014705213121363716
668,-2.9628905419035263,-1.5210866264714402,0.01580601714000624,9,0.0
668,-3.0325930320538355,0.4790467391687871,0.015255093090331058,9,0.014337501387811372
669,-3.0309501007854753,0.47721674899529454,0.01577400897358369,9,0.018470825978110502
670,-2.962664537282028,-1.524604800323043,0.016397565536960267,9,0.0
670,-3.00336624818035,1.4592972560393942,0.014910495772044582,9,0.0
670,-3.0323295446621583,0.47593022790469136,0.01628295259145102,9,0.012771925931321253
671,-2.9677840397104474,-1.5497111274305395,0.015176949853799082,9,0.01506147924663604
671,-3.032290355617308,1.4565365020636505,0.015004159762836543,9,0.0
671,-3.0329280766565323,0.477528555281227,0.01578501253483571,9,0.018490159605504933
672,-3.0398520723027147,-0.5374092406337524,0.016060544789083416,8,0.013031419932472203
672,-3.032222295381067,0.4697504920846589,0.01630060627714726,9,0.017399763154001616
673,-3.0379570240255958,-0.5356058528664978,0.01580058370998394,7,0.01423176146843297
673,-2.999856970934016,1.4672520814914551,0.015878670103977633,9,0.0
673,-3.033718077691696,0.47161802771314465,0.01563772601429478,9,0.016871260044436228
674,-3.042723755241317,-0.5398421065575294,0.01607888651698865,8,0.011003376130012503
674,-2.9695449700915546,-1.5354793967618998,0.01585664797348387,9,0.021097829311965424
674,-2.9977344437318867,1.4770376349024836,0.01647231420918647,10,0.0
674,-3.032615156117245,0.475696626653294,0.016054342587473392,9,0.01317688730687159
675,-3.039635462019191,-0.5487484093403752,0.01577709384482861,8,0.0
675,-2.9673830763514855,-1.5197598078883552,0.01641303720403774,9,0.0
675,-2.999856970934016,1.4672520814914551,0.015878670103977633,10,0.0
675,-3.02817591903218,0.4756657858286627,0.016544571240410245,9,0.023701370136604588
676,-3.0464521884640927,-0.5421161896399287,0.01657946842229157,8,0.015067568197118126
676,-2.971826512905828,-1.5524242036934992,0.014911193753119792,9,0.0
676,-3.0155353656603676,1.460417816911126,0.015918119003992398,9,0.015865089081259283
676,-3.0337865469820473,0.477658078907902,0.015643985030595903,9,0.016866547392659196
677,-3.0421203463755795,-0.5373916257707384,0.016953797113426834,8,0.010938250736214983
677,-2.9620096008290413,-1.5206339571826906,0.01579639996050056,8,0.0
677,-3.0317408859726775,0.4736401711521939,0.016312647464920216,9,0.014098926708817487
678,-3.048686970682822,-0.5331634395589254,0.016721980162394432,8,0.0022765885047209243
678,-3.005815346708286,1.4542746896096284,0.016238782965851736,9,0.0031110746247287055
678,-3.0307557481395806,0.4798181179709403,0.015556914306399834,9,0.02120867115225293
679,-3.0398959934001497,-0.5399365754996077,0.016327203686298173,8,0.011643202318043644
679,-2.9700443719900402,-1.5514947239847952,0.014901059768786567,9,0.0
679,-3.0055308497210076,1.4556031320911313,0.015874798973681437,9,0.0
679,-3.0323806818667283,0.4747567040432628,0.016210198465546322,9,0.016249681519416026
680,-3.0550287988930123,-0.5342731048433036,0.0163044469827415,8,0.00231687725994751
680,-2.9620096008290413,-1.5206339571826906,0.01579639996050056,8,0.0
680,-3.003304780429179,1.4594364148429002,0.016733577326524005,9,0.0
680,-3.0306824467716527,0.47564473769220056,0.01576584525165788,9,0.013114335760641003
681,-3.0443929791619246,-0.5406281900498356,0.01667667693791928,8,0.010256680475562475
681,-3.0303585704345593,0.47342851142464587,0.015793654562299652,9,0.015022674323332274
682,-2.9639296137569637,-1.5422787602160444,0.015346550096615529,9,0.019868381928016335
682,-3.03014884976277,0.48417812911450425,0.016153539047384136,9,0.0021733573923223472
683,-3.036661749744298,-0.5482097715235111,0.01575566632754531,4,0.0
683,-2.958176525723848,-1.5259258853429916,0.015783307365770733,8,0.0
683,-3.0302479195933185,0.4838866716694906,0.015663110246620142,9,0.0016118637460938558
684,-3.042580148460676,-0.5380125776740164,0.01674878349235835,8,0.011332766098982249
684,-2.9664343850356882,-1.5380026694017452,0.016180759664685913,8,0.020050839191918614
684,-3.030646338411105,0.48353420877061215,0.015288606398321955,9,0.0013053412474983558
685,-3.0391885315616305,-0.5419686893991447,0.016151811165844555,8,0.011656193840846655
685,-2.965264842420781,-1.5429760202367093,0.01536380519509569,9,0.02056325019591267
685,-2.999856970934016,1.4672520814914551,0.015878670103977633,8,0.0
685,-3.034788294001464,0.4762968023892516,0.016094990706142898,9,0.013239503654186947
686,-2.9646630437139234,-1.5219985444193216,0.01581300599758057,8,0.0
686,-3.034781723420638,0.47203576692857263,0.01580437560354502,10,0.015010624560598991
687,-3.041453733637096,-0.5401119894075163,0.016337280020319603,8,0.011528295375028728
687,-2.9658582338177784,-1.5372094460634698,0.015830636275034407,9,0.0217010059027178
687,-3.0007514809852514,1.4676900779099162,0.015883268967959645,9,0.0
687,-3.031405077170582,0.4755063519864659,0.015938090506018385,9,0.013210340183521454
688,-3.0422573643918125,-0.5389114851310344,0.016208600315712182,8,0.011421096266027962
688,-2.9705024097288737,-1.5542368058047127,0.0158774558397636,8,0.0
688,-3.0164325978034565,1.4608537839930373,0.015926545540023977,9,0.015873497665995433
688,-3.030605821269808,0.4778310751958547,0.016531123902880036,9,0.021620394342688632
689,-3.048686970682822,-0.5331634395589254,0.016721980162394432,8,0.0022765885047209243
689,-2.960896703752871,-1.5236940912201218,0.016385339392163897,9,0.0
689,-3.0016413540733504,1.4681248065816894,0.015892920100130933,9,0.0
689,-3.0325118137966354,0.47872244652423046,0.016037211861968013,9,0.013338908475526457
690,-2.9590564816530613,-1.526379553306543,0.015792911988323152,9,0.0
690,-3.002533790378975,1.4685606093938601,0.01589909937138734,9,0.0
690,-3.0306613653870365,0.4754076307005208,0.015861618668157634,9,0.014707248489735312
691,-3.0407375157367875,-0.5412611211188191,0.015801042260389635,8,0.011365074274052624
691,-2.998792747153713,1.4739451379318216,0.015888237223627824,9,0.0
691,-3.0298568664444843,0.47217288589593676,0.016081661800600965,9,0.02121487312967683
692,-3.0541850223981744,-0.5356525002325492,0.016476977279533744,8,0.0
692,-3.017331355716513,1.4612892605480208,0.01593687970151267,7,0.015884571846779147
692,-3.0247605102857062,0.47898013514173154,0.016032168527790054,8,0.01923550448839768
693,-3.053200447679086,-0.5354786354346251,0.016476531587944637,8,0.0
693,-2.9707416999749547,-1.5566939232383987,0.015878159862026595,8,0.0018645784897914548
693,-3.030585070879079,0.47924987386775425,0.016761809225451705,9,0.010285014548334628
694,-2.9732784261024268,-1.533746564696079,0.015875881768940427,8,0.02177270872947823
694,-3.031264776126597,0.4712419064495211,0.015757810028221686,9,0.018120509628627844
695,-3.0399592717335433,-0.5280924406226385,0.01590087794320164,7,0.0032455659426453296
695,-2.9698444500577046,-1.5562222985822667,0.015865051223026307,9,0.0018671934225090226
695,-3.031109863609796,0.48324417386010843,0.015018284715351722,9,0.001826313223725705
696,-3.039866110622706,-0.5332147947928029,0.01609960764056759,7,0.010551179710917695
696,-2.9673830763514855,-1.5197598078883552,0.01641303720403774,8,0.0
696,-3.03395889830164,0.47531238388088987,0.01684149385440322,9,0.012241943462090527
697,-3.0400020556316565,-0.5575097829404401,0.015001748204324263,4,0.0
697,-2.9590564816530613,-1.526379553306543,0.015792911988323152,9,0.0
697,-3.0322836348880404,0.4751527967929416,0.016548267640336643,9,0.018796722928356387
698,-3.0424240739267523,-0.5492835845295748,0.015617853104942842,4,0.0
698,-2.9628905419035263,-1.5210866264714402,0.01580601714000624,9,0.0
698,-3.0309289708793656,0.4772075465322113,0.015824801447056787,9,0.017035782258293858
699,-3.0472951124771592,-0.534443144489546,0.016470818759468115,8,0.0
699,-2.968059746756071,-1.555288126812309,0.015850401084393225,9,0.0018664435946724343
699,-3.0315392583379257,0.48411212302564843,0.015944553456241458,8,0.0016194594362702102
700,-3.0477028045160304,-0.5329910024661355,0.016720964765884312,8,0.002275683599850139
700,-2.958176525723848,-1.5259258853429916,0.015783307365770733,9,0.0
700,-3.0344838655622843,0.47732784216448226,0.015990098374246538,8,0.019347687754194712
701,-3.0312760359111883,0.4757603007721755,0.016220560740751625,9,0.01281696784377728
702,-2.960824091041165,-1.5272932556216974,0.015803539396380333,8,0.0
702,-3.001804693186289,1.4609965092295054,0.015871721703472827,10,0.0
702,-3.031674901837018,0.4736206408098045,0.015917041515805173,9,0.016597192304072035
703,-3.041101872825699,-0.5403290352229647,0.01679533797638605,8,0.010625650187268139
703,-3.0337672172613397,1.4620202911966096,0.016011757004625867,9,0.0
703,-3.03047468170211,0.47392012994948984,0.015808196317512718,9,0.02186433293750533
704,-3.031143651131611,0.47547181321402204,0.015390250436601373,9,0.014327979611150423
705,-2.968802448456923,-1.520486737501946,0.014961913606097147,8,0.0
705,-3.003373712498711,1.4570135814414602,0.014901150752465047,10,0.0
705,-3.033522932771684,0.4697325477876725,0.016012522162507984,9,0.016885202499833163
706,-3.0552431116083625,-0.5358368975050519,0.017387903468094608,8,0.0
706,-3.0284308137521325,1.4691706751709146,0.015020832920481062,9,0.0
706,-3.0316923433357257,0.47556089819015684,0.015336398342342442,8,0.015192104425798911
707,-3.0522161584172625,-0.5353048201256408,0.01647580119974065,8,0.0
707,-3.0338008342079306,0.467686390421907,0.014884381994817016,10,0.01669311069480379
708,-3.043040595803047,-0.540187231699464,0.01686409747554942,8,0.009606049119942412
708,-3.0303098699306643,0.4791279077902087,0.01589330853175038,8,0.012358725768153793
709,-3.056011819900954,-0.5344427886284311,0.01630679995319968,8,0.0023181538310366283
709,-3.023404486022878,1.4677780863362058,0.016791447280179787,9,0.020811237206910423
709,-3.0339441569552883,0.47494600999783865,0.016550886406819,9,0.0176167421341971
710,-3.016350147369077,1.464417144873674,0.015938334190069247,8,0.018926664642177377
710,-3.032975135823974,0.479542434120809,0.016203183426678088,9,0.011491386330427088
711,-3.0438657773380027,-0.5383318406164052,0.01656000445759357,8,0.011141806248728646
711,-2.963899957840389,-1.5398551169634138,0.015824834125633215,9,0.021036762443913993
711,-3.032858018246737,1.4615820118665361,0.016002037699552513,10,0.0
711,-3.0318547731977747,0.4723264593361018,0.01619648202671073,8,0.012880916752176596
712,-3.0425932763575747,-0.537583268424338,0.016590698689189463,8,0.010994532598875515
712,-3.028569221466921,0.4797214474291542,0.015692344376987664,9,0.019004937416712588
713,-3.0392078060727776,-0.5485768422945398,0.01632334311207494,4,0.0
713,-3.0210640559602306,1.4558676931911045,0.015945014098956795,9,0.015868067434569248
713,-3.028974774361108,0.4791623440376387,0.0161162902092976,9,0.020627909867727112
714,-3.0280616877494104,-0.5371260587213608,0.014970368647642285,4,0.0
714,-2.9572975059519044,-1.5254734281221147,0.01577221241150283,9,0.0
714,-3.03441060478482,0.47172154702248364,0.01575166034101652,9,0.016210319168953543
715,-3.041516345629208,-0.5388828311744043,0.0160995560133487,8,0.011797431697410977
715,-2.964787991662444,-1.5403160491301586,0.015836297431690193,9,0.02105461979168282
715,-3.0317968463812397,0.4793767665318768,0.016149505164129073,8,0.011485826758510778
716,-2.960824091041165,-1.5272932556216974,0.015803539396380333,8,0.0
716,-3.0332150668776183,0.484358917244727,0.015670116351842532,9,0.001612333190072983
717,-3.033867562195587,1.4548229482256465,0.015984165569602252,10,0.0
717,-3.0317968463812397,0.4793767665318768,0.016149505164129073,9,0.011485826758510778
718,-3.0409097892623387,-0.5422068103007887,0.016084482450404867,8,0.011318412435491084
718,-3.002533790378975,1.4685606093938601,0.01589909937138734,8,0.0
718,-3.0362618444993625,0.4703430314987545,0.01621135292838891,9,0.01585491220317319
719,-3.0437576524747123,-0.5406951568833862,0.016572969113097396,8,0.012359581277195567
719,-3.035847409600552,0.4692125980193039,0.016557406488577127,9,0.017639463656539667
720,-2.958176525723848,-1.5259258853429916,0.015783307365770733,9,0.0
720,-3.032283812219322,0.484213736496333,0.015721162213890066,9,0.001614106802682709
721,-3.052746728504664,-0.5353990783606205,0.01692956730223935,8,0.0
721,-3.0332506531639893,0.4760701177980748,0.01622402723129755,9,0.012824682069064336
722,-3.0497939384650956,-0.5348785641826217,0.01692732567746802,8,0.0
722,-3.002454959167078,1.4561552651123129,0.016130008034821543,9,0.003005926943136778
722,-3.030152569093108,0.4753150811371815,0.01538498874374909,8,0.01432136744532001
723,-3.0341130590433942,0.4822307522138063,0.015276158270298344,9,0.014705213121363716
724,-3.036050029504674,-0.5567866715097591,0.014983670803411984,9,0.0
724,-3.032082268828509,0.476266662951717,0.016006903719846585,9,0.016149075512737334
725,-3.048686970682822,-0.5331634395589254,0.016721980162394432,8,0.0022765885047209243
725,-2.9590564816530613,-1.526379553306543,0.015792911988323152,9,0.0
725,-3.031001154261296,0.48427779839256496,0.016013231801279813,9,0.0022138451750749505
726,-2.9713994576010405,-1.5547062129173257,0.015889287497609653,8,0.0
726,-3.033581069206708,0.4700744555356237,0.015776026464768604,9,0.013139627468450633
727,-3.036031296575984,0.46736749057404336,0.016660041486641262,8,0.008562839463791156
728,-2.9716394563054065,-1.5571644367326491,0.016769019521726276,9,0.0
728,-3.029768852366474,0.48340291220297155,0.015378276948427813,9,0.0013141398692332797
729,-2.971027439508417,-1.556595821589129,0.016164424774386055,8,0.0027389029464799965
729,-3.0365364497890432,0.47280007099380644,0.016836662464418953,9,0.016500988104225033
730,-3.034441795929029,-0.5281429579216461,0.016046689278998764,7,0.00483534014698723
730,-2.9599450777216854,-1.5268408015637056,0.015792437337015054,8,0.0
730,-3.031109863609796,0.48324417386010843,0.015018284715351722,9,0.001826313223725705
731,-3.0484661934178643,-0.531601166685745,0.01610584407717457,8,0.004480378626660757
731,-3.0337446253734455,0.48070246220448215,0.01536478044499715,9,0.013645554003628253
732,-3.0406616545051364,-0.5287209412982521,0.016436920347672877,7,0.003074545217957995
732,-2.9599450777216854,-1.5268408015637056,0.015792437337015054,9,0.0
732,-3.031502500002737,0.47415241664019586,0.016100559990937523,9,0.022715269555229643
733,-3.0432434681541096,-0.5385709310624236,0.016095366287322138,8,0.0123200773835559
733,-3.0367161180478845,0.4732536817683452,0.016178891060591012,9,0.01371642518345138
734,-3.0366026234504466,-0.5584869976126476,0.017150107387833916,9,0.0
734,-2.9590564816530613,-1.526379553306543,0.015792911988323152,9,0.0
734,-3.0326568302829027,0.4759623929889323,0.015943120647021955,9,0.013268052788612393
735,-3.050432907414504,-0.5319444229128224,0.016110019375775837,8,0.004485943981431641
735,-2.972389924584133,-1.5332880653962695,0.01587092399466037,8,0.02176572846009009
735,-3.033353400984801,0.4738829327502098,0.015915936208547584,9,0.017152430100796718
736,-3.047589481300842,-0.5329707775992683,0.015871991458815307,8,0.0023434511509792524
736,-2.9602497858993435,-1.5197340398765646,0.01577277550661177,8,0.0
736,-3.035131322613225,0.4763488043768778,0.016276918370617195,9,0.013444812635232267
737,-3.03260072292641,0.48384750958056016,0.01526774769969294,9,0.0013121374366520597
738,-3.03639980464972,-0.5359532409213832,0.016014195065891763,8,0.013319748215330702
738,-2.958176525723848,-1.5259258853429916,0.015783307365770733,8,0.0
738,-3.032999255477462,1.4580270437163798,0.016585405376197303,10,0.0
738,-3.0371097506383284,0.4750416755108847,0.015857448218150643,9,0.014700657028577684
739,-3.03346902179842,-0.5336467836366556,0.015598410227767682,7,0.013999682042536665
739,-2.958176525723848,-1.5259258853429916,0.015783307365770733,9,0.0
739,-3.0365920572671827,0.47637465812519164,0.01693231143050044,9,0.01314593238131032
740,-3.0380176608798894,-0.5571483515100336,0.014984326908060484,4,0.0
740,-3.005293907020493,1.4530346888158188,0.014907082752591365,10,0.0
740,-3.0358795102758727,0.4741765534319926,0.017041393359746256,9,0.012927340453685415
741,-3.0420421957778827,-0.551388134692485,0.015003695171568434,4,0.0010681189942515204
741,-2.9620096008290413,-1.5206339571826906,0.01579639996050056,9,0.0
741,-3.0335222909610295,0.475836456863684,0.015979770304923067,9,0.0131781541425279
742,-3.044435904083772,-0.5378031437515025,0.01663778157691435,8,0.011443975402925435
742,-2.972728598750084,-1.5528968779063312,0.014929111519092117,9,0.0
742,-3.0327974591752183,0.47750214951650316,0.01563810985612762,9,0.016856786795419344
743,-3.04023733526324,-0.5514616287366655,0.015144986513554377,8,0.0
743,-3.0152520683303203,1.4610836946652186,0.016036888231221635,10,0.019424486262720864
743,-3.031942779656912,0.4736756309622134,0.015757472380349722,9,0.015536790986505204
744,-3.043752845905822,-0.5422589342782591,0.016052682144821136,8,0.012601104803902941
744,-3.015391623539963,1.467577437242595,0.015945554605358507,9,0.015926892858467663
744,-3.034572500010994,0.4717460128332089,0.015645537298031708,9,0.01594890766787087
745,-3.0426285936608486,-0.5416319113186733,0.01585079320948668,8,0.012090861556128308
745,-2.9753021479100212,-1.5494025260925273,0.01589464805645205,8,0.0
745,-3.0009163818540108,1.4605633561486429,0.015859691667869102,8,0.0
745,-3.036656315351504,0.47945176987942306,0.016725604869621692,8,0.00941788717618959
746,-2.9722974944290046,-1.5551768948895268,0.015902692494669347,8,0.0
746,-3.030443382564408,0.48012482886487245,0.01635741144402312,8,0.0
747,-3.0366616520645713,-0.5285292653581722,0.015814290357821597,7,0.004786147462163897
747,-2.9753021479100212,-1.5494025260925273,0.01589464805645205,8,0.0
747,-3.0135911764640575,1.4667018691076121,0.01591939044732849,9,0.01589171562563917
747,-3.0347693697455886,0.4762957837929198,0.015409627092722165,8,0.013371329863484466
748,-3.0353708019761836,-0.5338792535348365,0.015533155742649775,7,0.013239305509294483
748,-2.9667040609933277,-1.5406491220733165,0.01657733682525522,9,0.020263616749868443
748,-3.0203308050948277,1.4660887804532614,0.015706854415890842,9,0.01835217819202365
748,-3.027668931097445,0.48042854974827015,0.016093556584774533,9,0.020053152303620876
749,-3.0397121281878157,-0.5539673814636981,0.015783872541648293,4,0.0
749,-3.0160180794373446,1.4654937089515685,0.01545691794251528,8,0.017889318435885655
749,-3.0380141162043817,0.46998136460034634,0.01628675933001227,8,0.010547467272151308
750,-3.050108654468729,-0.5334124890367247,0.016297211112949704,8,0.002312467150530474
750,-2.958176525723848,-1.5259258853429916,0.015783307365770733,9,0.0
750,-3.0323804527781117,0.47566326426184175,0.015476192489972606,8,0.014015970086978045
751,-3.041435505656706,-0.5398914721863524,0.016291256784890566,8,0.010975078134446651
751,-3.0340665303012773,1.4598619912269517,0.016872586719513413,10,0.0
751,-3.0345680694159958,0.47898816700720565,0.016357025487921815,9,0.021896411826926313
752,-3.040880048170698,-0.5272382349609304,0.016225042937609284,7,0.0013220739639091626
752,-3.016715045716561,1.4664000098896635,0.016238195763199886,9,0.020734362439594367
752,-3.0333859948640995,0.4758176795835743,0.015946674481304917,9,0.013219589303363257
753,-3.048686970682822,-0.5331634395589254,0.016721980162394432,8,0.0022765885047209243
753,-3.030704208617822,0.47540771036173995,0.015332186822553792,9,0.015184728654004224
754,-3.0399527420477064,-0.540140896092774,0.016096979614392333,8,0.010969952827461044
754,-3.032815555658242,0.4760043342497852,0.016012117784171664,9,0.013201695250880713
755,-3.0482794777189692,-0.5346160036647793,0.01647146263997067,8,0.0
755,-2.9534448894309255,-1.5307445757580187,0.015772902025332575,10,0.0
755,-3.0300089134559,0.48411973952762327,0.016008467533048878,9,0.0022150625623875895
756,-2.958176525723848,-1.5259258853429916,0.015783307365770733,9,0.0
756,-3.031044452609537,0.4832337523090979,0.014949124156153645,9,0.0015890838025090469
757,-3.041281102044908,-0.5385423704658778,0.0160858136908817,8,0.010984785775387135
757,-3.033123870410415,0.4775513042598619,0.015671645784625515,9,0.016482077398603395
758,-3.055699171518904,-0.5359168610297681,0.016932140919112694,9,0.0
758,-2.9628905419035263,-1.5210866264714402,0.01580601714000624,8,0.0
758,-3.03260072292641,0.48384750958056016,0.01526774769969294,9,0.0013121374366520597
759,-3.0461715766394493,-0.53272165433524,0.01629255174214998,8,0.0023064905918685945
759,-2.9664979125698,-1.5193062283821155,0.016407185948233892,8,0.0
759,-3.02943377128252,0.47309506816123426,0.01600584826507201,9,0.01946067806364291
760,-3.043190767503809,-0.5411338090318871,0.01693862130224964,8,0.01107225412327343
760,-3.0351148492194744,0.45976403302342767,0.015548767185635462,8,0.0
761,-2.9646393101675583,-1.5388145221782539,0.016337816877799984,9,0.021248502738090196
761,-3.0333859948640995,0.4758176795835743,0.015946674481304917,9,0.013219589303363257
762,-3.0405684328732026,-0.5515217103442536,0.015475043881925894,4,0.0
762,-2.962791534397141,-1.5395894091520006,0.015176569270429908,9,0.02020565261619529
762,-3.034364800711686,0.47364129450894926,0.015433648110807599,9,0.014761284438045003
763,-3.0405664247846347,-0.5520574002481679,0.015619508093592492,4,0.0011520292697683602
763,-2.968830051044904,-1.5430681776114537,0.016071289784948806,9,0.020216170706384543
763,-3.0321333905186862,0.47562634728984543,0.015394182889924004,9,0.01433312938323789
764,-3.0401417147404133,-0.5521399639951866,0.01622230432998464,4,0.0013584543620973855
764,-3.002533790378975,1.4685606093938601,0.01589909937138734,9,0.0
764,-3.033179591746631,0.47522893752154677,0.01583178787887501,9,0.01604547925302055
765,-3.039014819440753,-0.5573300448642772,0.014998469902118927,4,0.0
765,-2.9673830763514855,-1.5197598078883552,0.01641303720403774,9,0.0
765,-3.0026981242609008,1.4614303167969562,0.015877901221484216,9,0.0
765,-3.0290098965830343,0.47887049302202295,0.01573721005360822,9,0.018460909076689885
766,-2.9590564816530613,-1.526379553306543,0.015792911988323152,9,0.0
766,-3.0296255740059905,0.48337329288679387,0.015253429567555554,9,0.001311149871660258
767,-3.029042583094601,-0.5373001986788115,0.01497450157756805,4,0.0
767,-2.9534448894309255,-1.5307445757580187,0.015772902025332575,8,0.0
767,-3.030846007563192,0.4739835367231924,0.016137528267396478,9,0.013586868191081325
768,-3.039646267099856,-0.5585170650067458,0.016049929553383843,3,0.0
768,-3.0265394950258275,0.47746753617557075,0.01660983998767271,9,0.015014857977740062
769,-3.028627011291897,0.47943394100485986,0.015543513327086818,9,0.019007268933106215
770,-3.0390568777194957,-0.5573377582966482,0.015040378147467986,8,0.0
770,-3.030876999049157,0.475705519881555,0.015638609555893548,9,0.014580025036381483
771,-3.0373172300527025,-0.5380164783078796,0.015998135523006905,8,0.01610982287715415
771,-2.9652605215811874,-1.5455972022179605,0.016022828810876227,9,0.02098511200406034
771,-3.032290032914223,0.47943851855970365,0.015901036737707812,9,0.012370801785541391
772,-3.050108654468729,-0.5334124890367247,0.016297211112949704,8,0.002312467150530474
772,-3.028564953542214,1.464286817634305,0.01501228926883723,8,0.0
772,-3.028365191391685,0.4798239938319031,0.016413672416489646,9,0.018741606125168217
773,-3.0398275820415064,-0.5421837320605509,0.01581747084229383,8,0.011670460638070616
773,-2.970459131139405,-1.5341285445423845,0.016146248880098718,8,0.02036859914440553
773,-3.0333042384285505,0.4758033334026041,0.015868935990384515,9,0.013205538158559349
774,-3.0376391996930128,-0.5552334803282254,0.014942443700435544,4,0.0009874113983815889
774,-2.9746632331382123,-1.5535574543424007,0.016929496009932567,9,0.0
774,-3.03064320486992,0.4756669444253648,0.01593438654384336,9,0.013497653223697644
775,-2.958176525723848,-1.5259258853429916,0.015783307365770733,9,0.0
775,-3.0324354569054757,0.4714157381069309,0.0157420845683759,9,0.01619246283576055
776,-2.972141967363907,-1.5523926166659647,0.01716170266517792,9,0.0
776,-3.0300481539713036,0.4733845178494857,0.015670813805680774,9,0.01527969785856692
777,-3.049557705642105,-0.5333156771147624,0.01587461321088727,8,0.002346342789894283
777,-2.9753021479100212,-1.5494025260925273,0.01589464805645205,8,0.0
777,-3.0313865878767663,0.4732718404573058,0.01595732906974351,9,0.012022591661591505
778,-2.972728598750084,-1.5528968779063312,0.014929111519092117,9,0.0
778,-3.033256464564231,0.47607152981114426,0.01622928923501903,9,0.012819446590643718
779,-3.046683244803299,-0.5421606654493623,0.016353686523968607,8,0.014212119354260856
779,-3.0336128895529013,0.47242804770456504,0.016480999035184987,9,0.0177635243727361
780,-3.051232081610966,-0.5351310710543559,0.016474848617289782,8,0.0
780,-2.9980828838406963,1.4663834281220218,0.015854408430640912,8,0.0
780,-3.0330384120317517,0.4760384063500644,0.016118454920480477,9,0.012941048927385953
781,-2.973938501712155,-1.5461916843327441,0.01490396861350034,9,0.0
781,-3.03260072292641,0.48384750958056016,0.01526774769969294,9,0.0013121374366520597
782,-3.0315639297855235,0.48018916384660176,0.01610722761993932,9,0.02272906635749343
783,-2.9740876674754015,-1.5561149390915006,0.015923608364378963,9,0.0
783,-3.033766687886189,0.48000253515133345,0.015593812741785932,9,0.015618289705634777
784,-3.0311748109036785,0.4776329517597261,0.016152751380161652,9,0.020374377907519402
785,-2.958176525723848,-1.5259258853429916,0.015783307365770733,9,0.0
785,-3.029343242277696,1.4696121704202474,0.015034040897786302,9,0.0
785,-3.031921062350919,0.4793996822368583,0.016201360708860014,9,0.011531717733193851
786,-3.0311208816142448,0.47574120055155383,0.016168031847200597,9,0.012958270373280092
787,-3.037921705321328,-0.5367960045293009,0.015825746611407898,8,0.012952751760884383
787,-2.9599450777216854,-1.5268408015637056,0.015792437337015054,9,0.0
787,-3.030994641779042,0.4792313860934101,0.016195978088708273,9,0.011487017815871458
788,-2.9572975059519044,-1.5254734281221147,0.01577221241150283,9,0.0
788,-3.0338273054407927,0.47529305493320506,0.016716004878205164,9,0.012234964950463985
789,-3.038115554283188,-0.5571663111523807,0.015081877123467986,8,0.0
789,-2.9590564816530613,-1.526379553306543,0.015792911988323152,9,0.0
789,-3.032691283174007,0.4783125242500804,0.016481780113634128,9,0.017748462111764
790,-2.999856970934016,1.4672520814914551,0.015878670103977633,9,0.0
790,-3.0363424337867384,0.4810588199507083,0.015693167818055843,8,0.004496418860272421
791,-3.045734175009562,-0.5326451239730567,0.01671870385563272,8,0.0022727560399097516
791,-3.002533790378975,1.4685606093938601,0.01589909937138734,9,0.0
791,-3.0341072091330767,0.48223194770197503,0.015448054345344442,8,0.015570504931757566
792,-3.040601573538138,-0.5282030107143366,0.01621889444924774,7,0.003171191911113885
792,-3.0304559079110494,0.47233454957896626,0.015572583095315905,8,0.012010230032255976
793,-3.0365490664354486,-0.5353569952045294,0.01596165538816373,7,0.014182696486555842
793,-3.032036511520646,0.47291078407261017,0.015382004118010169,9,0.013627271356949768
794,-3.0492470218834336,-0.5389874594442883,0.016132938181445493,8,0.013294836399801734
794,-2.9676337831760016,-1.5381299833398008,0.015847379670575958,9,0.02172542775376775
794,-3.0308207046521516,0.47719097843065994,0.015627513343721044,9,0.01683754000852693
795,-3.039012973151227,-0.5341245995844152,0.016252708621471986,7,0.01119690014838547
795,-2.9725320689854806,-1.5576316384331221,0.016776633599759273,9,0.0
795,-3.033033563486809,0.47601932149324583,0.016152444377747602,9,0.013494496274149493
796,-3.0393015518635957,-0.5509156154043406,0.015209721139255583,4,0.0009614117519659016
796,-3.011506552791378,1.4648784121136214,0.016558952008369886,9,0.020862073218422515
796,-3.0277168203077576,0.4795061584001585,0.01580068161617845,9,0.0191060067372701
797,-3.0398263420091425,-0.5581101200644213,0.015982131137916907,4,0.0012654800620992418
797,-3.0304102247864204,0.47563218079997416,0.01583827848868658,9,0.013827232791905324
798,-3.0417542301537557,-0.5593905236492496,0.016535590681852848,9,0.0011335624989118071
798,-3.017188356294597,1.4684524087776478,0.015958083094470308,9,0.015939767411544382
798,-3.031921062350919,0.4793996822368583,0.016201360708860014,9,0.011531717733193851
799,-3.0530602298879583,-0.5339273871180226,0.016302040637624707,8,0.0023136829961080225
799,-2.9590564816530613,-1.526379553306543,0.015792911988323152,9,0.0
799,-3.004037999786889,1.4642418878955223,0.015660409680779065,9,0.006038063394809009
799,-3.035108516908821,0.4718371215566915,0.01575333079363859,9,0.01796077909696473
800,-3.0059146486948976,1.462887205375901,0.01627237160111648,9,0.02270384708803668
800,-3.031047687732321,0.47911619038528697,0.01547843832690315,9,0.013366796704514662
801,-3.0444507067100934,-0.5402475509248914,0.016501705283506373,8,0.012564969085055652
801,-3.0334968335729253,0.4749260251339107,0.016207396420190593,9,0.016300151285973594
802,-3.0347693697455886,0.4762957837929198,0.015409627092722165,8,0.013371329863484466
803,-3.051638644561197,-0.5336776186797711,0.01672705033416582,8,0.0022788852975113103
803,-3.0186297049432484,1.462286570235245,0.015300334045180972,8,0.02164599629921196
803,-3.033459909687367,0.4779507146414453,0.016267230599626613,9,0.020367922836589086
804,-3.050845876573381,-0.5464925937426615,0.015769124329609974,9,0.022278767893971985
804,-2.9590564816530613,-1.526379553306543,0.015792911988323152,8,0.0
804,-3.0337865084056697,0.47794927477269306,0.016389522807296487,9,0.020380325121495547
805,-3.0370200646043424,-0.5565667314357726,0.014989956454753428,4,0.0010595826077685949
805,-2.9599450777216854,-1.5268408015637056,0.015792437337015054,9,0.0
805,-3.03279075919463,0.4701426529652492,0.015708278860417455,9,0.015600888245055533
806,-3.0532749138170803,-0.5354929714615277,0.017386100066001837,8,0.0
806,-3.0330665114616693,0.476024577176485,0.01618725288333381,9,0.013487555984257674
807,-2.96633791377384,-1.5398702673143632,0.015363323412879031,9,0.02120173470404269
807,-3.030803782439058,0.46967132446827103,0.015634343600600276,9,0.014591626098634673
808,-3.037002479550072,-0.5285885463112767,0.01550243502834756,8,0.004860171771248675
808,-2.965676988041033,-1.5407782240980348,0.015847802241496248,9,0.02107406743263665
808,-3.0335222909610295,0.475836456863684,0.015979770304923067,9,0.0131781541425279
809,-3.0508896629969975,-0.5392774338953276,0.01613685781701021,8,0.013678431115163099
809,-3.0321355972499973,0.4773964777948251,0.015666614521525783,9,0.01647459349067174
810,-3.0497939384650956,-0.5348785641826217,0.01692732567746802,8,0.0
810,-3.032189078339663,1.463733186034595,0.015034966434238345,10,0.0
810,-3.0327974591752183,0.47750214951650316,0.01563810985612762,8,0.016856786795419344
811,-2.9664117090645377,-1.5397328956136414,0.016355124098942943,9,0.02127078182919439
811,-3.034118559962209,1.4574145275470152,0.015031654853998608,9,0.0
811,-3.034798320579256,0.4699381820265869,0.016217967720947583,9,0.01753010863881599
812,-3.0510919379121013,-0.5335824461678145,0.01629950453555635,8,0.002310808815080493
812,-3.0321312355154113,0.484493534774961,0.016160861633837103,8,0.002173955659793827
813,-2.958176525723848,-1.5259258853429916,0.015783307365770733,9,0.0
813,-3.034037965156757,0.4701382993464598,0.01618056103841571,8,0.012928242944729286
814,-3.0416729025469733,-0.5401145816204589,0.01623372021925657,8,0.011278657446778664
814,-3.0334899423997013,0.4776069207388084,0.01575222092407058,9,0.0161965447156675
815,-3.0374599167860876,-0.5556832431389878,0.01496229051166151,8,0.0
815,-3.029508637061151,0.475897791026181,0.015875648450955612,9,0.01907733412354721
816,-3.0405189834716624,-0.5420137275687353,0.015956562686273948,9,0.011961857755411646
816,-2.968498823262692,-1.5367662505191986,0.01614386537700049,8,0.0183913613690875
816,-3.0356953018371686,0.47192538848041216,0.015649385269641495,9,0.016893653576854063
817,-3.0581216972216443,-0.5363403487831326,0.016481311560218467,8,0.0
817,-2.9599450777216854,-1.5268408015637056,0.015792437337015054,9,0.0
817,-3.0355716823053207,0.4722062030360063,0.015519990003453311,9,0.014493245364175074
818,-3.0335135316130524,0.4776175603910878,0.01567026787979462,9,0.017385843181713222
819,-3.0399474393650636,-0.5575010861184488,0.015928825521756645,4,0.0
819,-2.969705593800397,-1.5586587848517213,0.014924070993811047,9,0.0
819,-3.030876999049157,0.475705519881555,0.015638609555893548,8,0.014580025036381483
820,-3.0489240126716672,-0.5425591861347558,0.016591665719966602,8,0.01464875721022708
820,-2.9745151955248317,-1.5538291370960933,0.014943974163062264,9,0.0
820,-2.999856970934016,1.4672520814914551,0.015878670103977633,8,0.0
820,-3.0296537156712104,0.4755126694586131,0.015929904302471723,9,0.013488890908018311
821,-3.0374599167860876,-0.5556832431389878,0.01496229051166151,4,0.0
821,-3.0342074150717715,0.4816531008878564,0.01637482515667763,9,0.0073371266722414095
822,-3.0309697622112624,0.47544715118963915,0.015395754673624577,8,0.014733811299033058
823,-3.0530602298879583,-0.5339273871180226,0.016302040637624707,8,0.0023136829961080225
823,-2.9704333797103333,-1.5359377761202329,0.015861213058490354,9,0.021104205051089016
823,-3.0331761599889226,0.4700572091091863,0.015648930330907872,8,0.01624573488879873
824,-3.0323261849920184,0.4786943080112914,0.015976017384545828,9,0.013674522850295499
825,-3.0399592717335433,-0.5280924406226385,0.01590087794320164,7,0.0032455659426453296
825,-2.9647883681759426,-1.5403165373024712,0.01583689817678898,9,0.021056085222592676
825,-3.028476620214405,0.48013389034741394,0.015563138269970347,9,0.017866167418359922
826,-3.0357530038130913,-0.5532496918879253,0.015760076735773215,4,0.0
826,-3.035323725028942,0.48326767645334634,0.01724353028603962,9,0.005930517260263949
827,-2.958176525723848,-1.5259258853429916,0.015783307365770733,8,0.0
827,-3.0267198207152415,0.4787210535037015,0.015451156043206878,9,0.01808190710791741
828,-3.03989773135726,-0.5270689354580624,0.01622110708204059,7,0.0013211296062598278
828,-2.9989763258363538,1.4668192351244425,0.015860580801861666,8,0.0
828,-3.029740223846743,0.47985830884056785,0.015530117397545833,9,0.019313851869990448
829,-3.040564519315853,-0.5381306155188088,0.016694423720798324,8,0.01149203370804999
829,-3.0277202776840006,0.47901334713424043,0.016508494036452104,8,0.018656394827678693
830,-3.0415845638512855,-0.5283745546145576,0.0162216881865116,7,0.003173052896124436
830,-2.9620096008290413,-1.5206339571826906,0.01579639996050056,9,0.0
830,-3.015391623539963,1.467577437242595,0.015945554605358507,9,0.015926892858467663
830,-3.033891310362729,0.47732868466237965,0.016649549273072755,9,0.00967104350793877
831,-2.9590564816530613,-1.526379553306543,0.015792911988323152,9,0.0
831,-3.0026981242609008,1.4614303167969562,0.015877901221484216,9,0.0
831,-3.0322185536942037,0.4774185857373753,0.01597886497167484,9,0.019182029036370618
832,-2.9732784261024268,-1.533746564696079,0.015875881768940427,9,0.02177270872947823
832,-3.0298550663545774,0.474769339948016,0.015781896686213392,9,0.018171666040126405
833,-3.0319390535005932,0.4773719578132371,0.015779408701415115,9,0.018480180601810326
834,-3.0492470218834336,-0.5389874594442883,0.016132938181445493,8,0.013294836399801734
834,-3.0284308137521325,1.4691706751709146,0.015020832920481062,9,0.0
834,-3.0344454909925993,0.4717318519965271,0.015770311682752454,9,0.017485413711991846
835,-2.9980828838406963,1.4663834281220218,0.015854408430640912,8,0.0
835,-3.028577203628071,0.4796089673164419,0.016074634041921606,9,0.019310388654300674
836,-3.0438181826862905,-0.5398470505935852,0.016864568207056625,8,0.011956275797983881
836,-2.9572975059519044,-1.5254734281221147,0.01577221241150283,9,0.0
836,-2.9980828838406963,1.4663834281220218,0.015854408430640912,8,0.0
836,-3.03508588255684,0.4817951763462569,0.016270423424865618,9,0.0074256729487298815
837,-3.04023733526324,-0.5514616287366655,0.015144986513554377,4,0.0
837,-3.0362801748418105,0.47653717823253605,0.015356974256993425,8,0.014335362345581753
838,-3.0369182519837463,0.4776411519136323,0.017429285089024388,8,0.0
839,-2.9781807198953136,-1.5487063232636067,0.015845708090900155,8,0.0
839,-3.0337672172613397,1.4620202911966096,0.016011757004625867,10,0.0
839,-3.0366311969608013,0.47659062580265943,0.016203281642225276,9,0.01347278257303014
840,-3.0007514809852514,1.4676900779099162,0.015883268967959645,9,0.0
840,-3.0317399962386506,0.47965718367727717,0.01592239974710045,9,0.01659449342588852
841,-3.032132213016393,0.4819161850882885,0.015265090466207522,9,0.01468640676563194
842,-3.040945712108547,-0.5412382781634802,0.015997561861813708,8,0.012501554599298572
842,-3.0300081054541796,0.4790824792261417,0.015800159686836124,9,0.013063036983771292
843,-3.052622857847786,-0.5338508886628115,0.016728103927594697,8,0.0022797108806722824
843,-3.0332354084130277,0.4711200438379447,0.015933229213020563,9,0.016489765628915836
844,-3.0445425351698328,-0.5405418049720938,0.016468078495826384,8,0.009691270573722202
844,-3.034493526033924,0.4802119159893626,0.01632741960124511,9,0.019570141107212547
845,-3.041786679980597,-0.5396298152789516,0.01615748794802547,8,0.011393463712704
845,-3.0300829692604068,0.4792697761465732,0.015835081530837417,9,0.01833366520002916
846,-3.040880048170698,-0.5272382349609304,0.016225042937609284,8,0.0013220739639091626
846,-2.961131549220029,-1.5201844944273428,0.015783148750140603,8,0.0
846,-3.036499103425033,0.4757148433945833,0.015965491364694613,8,0.013782055971804208
847,-3.04715598132175,-0.5328949549136492,0.01629342306010823,8,0.0023074847240376712
847,-3.0392523087271854,0.4770032949420184,0.01537213105390976,8,0.014357801789733414
848,-3.0576676136421406,-0.536260695684847,0.016934697745190012,8,0.0
848,-2.9599450777216854,-1.5268408015637056,0.015792437337015054,8,0.0
848,-3.0357779878609996,0.4764520313206656,0.016098367764140573,9,0.013242500113305324
849,-2.9616986736665294,-1.5277415107724381,0.015820728336440906,9,0.0
849,-3.0297086139520477,0.4787432593715408,0.01569775712109968,9,0.019624648826790183
850,-3.0309048225846875,0.47738466899421317,0.015686650491316654,9,0.012197983112876279
851,-3.0326214713492736,-0.5440182223749104,0.014957172406951985,4,0.013750672305557566
851,-2.9665913670103774,-1.539429012394411,0.01613896459901267,9,0.02033496821498073
851,-3.0016413540733504,1.4681248065816894,0.015892920100130933,9,0.0
851,-3.0333859948640995,0.4758176795835743,0.015946674481304917,9,0.013219589303363257
852,-3.039003810401145,-0.557328025820863,0.014987500928917917,4,0.0
852,-2.9599450777216854,-1.5268408015637056,0.015792437337015054,8,0.0
852,-3.0016413540733504,1.4681248065816894,0.015892920100130933,8,0.0
852,-3.034856283309337,0.4740839409751789,0.01659699250344465,9,0.017585083449351162
853,-3.0380176608798894,-0.5571483515100336,0.014984326908060484,4,0.0
853,-3.0285562568611115,1.461980578309213,0.015001666905907724,8,0.0
853,-3.035312412248287,0.47028488828792603,0.016163077064902342,9,0.012427774313598788
854,-3.039014819440753,-0.5573300448642772,0.014998469902118927,9,0.0
854,-2.958176525723848,-1.5259258853429916,0.015783307365770733,9,0.0
854,-3.0294658786632063,1.4624194693686956,0.015011117335990684,8,0.0
854,-3.0314950093753708,0.47327918302845434,0.015459915313875923,9,0.015540282099891709
855,-3.0391032574052756,-0.557346264269154,0.015086597924863523,4,0.0
855,-3.0304895907487728,0.46999595204992295,0.01609285236712821,9,0.015727909060025733
856,-3.046498970988818,-0.5312576340796724,0.016102090723521596,8,0.00447330820530802
856,-3.035926821704124,1.4582843989751224,0.015038904768638115,9,0.0
856,-3.0295390401733995,0.47902275305042297,0.016022399716824794,8,0.01200638393389552
857,-3.0533838170216665,-0.5324590203427392,0.016115411965591523,8,0.004489075154331227
857,-3.0299139711356107,0.47908898707190933,0.015830210908106896,8,0.013560342674974826
858,-3.0436756072510116,-0.5401857049162926,0.016174114659794254,8,0.011357945613870837
858,-2.9590564816530613,-1.526379553306543,0.015792911988323152,8,0.0
858,-3.0330665911176453,0.4735346107278716,0.01585314842263665,9,0.012729976821524866
859,-2.9722974944290046,-1.5551768948895268,0.015902692494669347,9,0.0
859,-3.0335222909610295,0.475836456863684,0.015979770304923067,9,0.0131781541425279
860,-3.049671164287546,-0.533336007131209,0.016723406695814905,8,0.0022785707183273947
860,-2.958176525723848,-1.5259258853429916,0.015783307365770733,8,0.0
860,-3.0332494315341423,0.47281156420029224,0.015976038840444726,9,0.013690428231495456
861,-3.0411413160958567,-0.5399393577051644,0.0166643458810145,8,0.010616645857409991
861,-3.027651242110303,1.4638433312662118,0.01499704222329863,8,0.0
861,-3.032975135823974,0.479542434120809,0.016203183426678088,9,0.011491386330427088
862,-3.0406296908751482,-0.5510674130437281,0.016525214092346436,4,0.0
862,-3.0326754195551766,0.47212418786423255,0.01641453685096461,9,0.021422786048565838
863,-2.9781807198953136,-1.5487063232636067,0.015845708090900155,9,0.0
863,-3.0265371953227858,0.4794598923829117,0.01580721478918473,9,0.020333401421581198
864,-2.9590564816530613,-1.526379553306543,0.015792911988323152,9,0.0
864,-3.032189078339663,1.463733186034595,0.015034966434238345,10,0.0
864,-3.031714494094042,0.47558620799525225,0.016501440664663643,9,0.01433604404043359
865,-3.0391737936160084,-0.5366893642149887,0.016326934061919707,8,0.013443260121596863
865,-3.014467708520668,1.4671877108134121,0.0159338369942615,9,0.021913816142774285
865,-3.030377616059882,0.47435938775395103,0.016616336216991715,9,0.017162349946370142
866,-3.038951252238234,-0.5506409122204556,0.01584078492988392,4,0.0
866,-2.9692734400524103,-1.560938740767262,0.015900939082519383,9,0.0
866,-3.0292878160780345,0.48295496537345517,0.015123173597669048,8,0.0014410622769879967
867,-3.048299298332259,-0.5388209471521207,0.016416277979139568,8,0.012825585173085421
867,-2.9590564816530613,-1.526379553306543,0.015792911988323152,9,0.0
867,-3.030605821269808,0.4778310751958547,0.016531123902880036,9,0.021620394342688632
868,-3.025871601266439,-0.5367350744365248,0.015190341471156112,4,0.0
868,-2.9572975059519044,-1.5254734281221147,0.01577221241150283,9,0.0
868,-2.999856970934016,1.4672520814914551,0.015878670103977633,10,0.0
868,-3.0320322778806883,0.4735742416791515,0.016352138704706146,9,0.01679960811501257
869,-3.0371850074567903,-0.5569934937782608,0.01513418134950041,4,0.0
869,-2.9620096008290413,-1.5206339571826906,0.01579639996050056,8,0.0
869,-3.036187295605389,0.4817353307777788,0.015700003250861,9,0.013798822775306684
870,-3.032937979254209,-0.5319371790418527,0.015077407983510623,7,0.012601796178733323
870,-3.0338379716162454,0.46942216734186254,0.01579191168849995,10,0.017509805901792172
871,-3.029094883681606,-0.5373094735287588,0.014922464218642927,4,0.0
871,-2.96656783782769,-1.541243160728796,0.015852094694729302,9,0.021084776628809098
871,-3.03875377461776,0.47589419674199257,0.015656333129122044,9,0.023818603277757727
872,-3.0418629440657243,-0.5274092921233879,0.016228081450834594,7,0.0013225940509053041
872,-2.9590564816530613,-1.526379553306543,0.015792911988323152,9,0.0
872,-3.0304420413781856,1.46602724624796,0.017515176321998897,9,0.0
872,-3.0352316886670305,0.4743821069825203,0.015606313466752989,10,0.0162750411492897
873,-3.024894646738482,-0.5365639579426851,0.01518236409052278,4,0.0
873,-2.960824091041165,-1.5272932556216974,0.015803539396380333,9,0.0
873,-3.0344257910195265,0.48125206486143424,0.01592110236823817,8,0.004778951403505426
874,-3.0502477175703966,-0.5349582120283506,0.01647420358731481,8,0.0
874,-2.9971883741049608,1.4659464317441138,0.01584980923165935,8,0.0
874,-3.0329558205581537,0.46994898697302395,0.015949249923551203,9,0.01275753322499352
875,-2.97093067941365,-1.5519560575651086,0.014900973249484079,9,0.0
875,-3.031623427915777,0.47553976691026995,0.01604897091417769,9,0.013173014695528156
876,-3.040036103424382,0.47609285542016494,0.015959794891857393,9,0.02455338298835328
877,-3.0415845638512855,-0.5283745546145576,0.0162216881865116,7,0.003173052896124436
877,-3.032283812219322,0.484213736496333,0.015721162213890066,9,0.001614106802682709
878,-3.0497939384650956,-0.5348785641826217,0.01692732567746802,8,0.0
878,-2.966748452115744,-1.5376727975872369,0.015839745609232167,9,0.021717848826690804
878,-3.0267545085149297,0.47848584099796293,0.015927745774490694,9,0.020248243981395363
879,-3.0400238297133138,-0.5417474726071698,0.016014748325408903,8,0.012740535988583174
879,-3.0179774220363025,1.4797439637011165,0.016555718004571736,9,0.0
879,-3.033671431896098,0.4781903063287651,0.0163176638857473,9,0.016417140985887542
880,-3.0552431116083625,-0.5358368975050519,0.017387903468094608,8,0.0
880,-2.9971883741049608,1.4659464317441138,0.01584980923165935,8,0.0
880,-3.0342402182097903,0.4762250771394641,0.01622725360623792,9,0.012826384176137868
881,-2.964731484542159,-1.5184012570123893,0.01639144756392347,9,0.0
881,-2.9989763258363538,1.4668192351244425,0.015860580801861666,9,0.0
881,-3.0370059981322317,0.47663744096383653,0.016344128125599613,9,0.013745252039190466
882,-3.048686970682822,-0.5331634395589254,0.016721980162394432,8,0.0022765885047209243
882,-2.9980828838406963,1.4663834281220218,0.015854408430640912,9,0.0
882,-3.0308811978285077,0.47542773553536205,0.015654255874174815,9,0.013508660986854307
883,-3.03879703169597,-0.5493077627390512,0.01485765093942204,4,0.0
883,-2.958176525723848,-1.5259258853429916,0.015783307365770733,9,0.0
883,-3.0285330849028527,1.464257269154768,0.01496996214466313,8,0.0
883,-3.0316065437058226,0.4836874657760426,0.015260740330058874,9,0.0013129126583393486
884,-3.038761158973115,-0.5288943978794666,0.015701397344698154,7,0.004944963541413076
884,-2.9713994576010405,-1.5547062129173257,0.015889287497609653,8,0.0
884,-3.03131057208743,0.4792868004499226,0.015908407251184965,9,0.012327346452986412
885,-3.0371714968636834,-0.555888851151001,0.015739929866057056,4,0.0
885,-3.015899953277634,1.4642539353672475,0.0159326825115199,8,0.020410104330336278
885,-3.0330299623445036,0.47306810020098156,0.015387624144813757,9,0.013632570850837872
886,-3.0364284136311412,-0.5493273172786564,0.01567053633728571,9,0.013978830443400815
886,-2.9599450777216854,-1.5268408015637056,0.015792437337015054,8,0.0
886,-3.010177135469401,1.472907183907803,0.01570182467829288,9,0.02117795802718815
886,-3.0366584972651465,0.4818751458682402,0.016544978254501023,9,0.012298954611259178
887,-3.0418904715433643,-0.5411544173751742,0.015933198209622704,8,0.01197337517665788
887,-3.0360741234416873,0.4680847678237579,0.01582595747327335,8,0.0067579032220149915
888,-3.041890622332456,-0.5523903723796242,0.01598525097400019,4,0.0012647769496823376
888,-2.9676337831760016,-1.5381299833398008,0.015847379670575958,9,0.02172542775376775
888,-3.037190145550423,0.4781898388044099,0.01583467969335951,9,0.01617767167561217
889,-3.0423680570554548,-0.5526131470465588,0.01650110581813571,4,0.0014511620344908752
889,-2.9656161143687894,-1.5188545629922414,0.016397849703745384,8,0.0
889,-3.0338220545897063,0.47162867566973715,0.015864932456822065,9,0.015974824355491343
890,-3.0474827670421436,-0.5314303220902544,0.016103494846380535,8,0.004475124757973185
890,-2.968865174624559,-1.5444749369530457,0.014968566179389027,9,0.016239706682485724
890,-3.034776750109151,1.455259733414209,0.015992782719469554,9,0.0
890,-3.0340220663868016,0.48370983311210747,0.014965712842468205,9,0.0015989753861109087
891,-3.0384091131221824,-0.5511292129350042,0.015283270522260917,4,0.0
891,-2.9722974944290046,-1.5551768948895268,0.015902692494669347,8,0.0
891,-3.0309304349845365,0.4784438871739314,0.01584371696275208,8,0.011762458154679111
892,-3.0418629440657243,-0.5274092921233879,0.016228081450834594,8,0.0013225940509053041
892,-2.9590564816530613,-1.526379553306543,0.015792911988323152,9,0.0
892,-3.0348840148214435,0.46813850260253975,0.01592507221542647,9,0.013791473362371203
893,-3.034275733173819,0.4772581247419797,0.01635267662560188,8,0.015041907385055666
894,-3.038490112481866,-0.532406751517138,0.0161233001616391,7,0.009469700951908062
894,-2.958176525723848,-1.5259258853429916,0.015783307365770733,8,0.0
894,-3.034596134629569,0.47600754315273114,0.016063563601120576,9,0.013185449743661282
895,-2.9599450777216854,-1.5268408015637056,0.015792437337015054,9,0.0
895,-3.0316480951149267,0.4802167199730255,0.016080684374839543,8,0.018006725932796022
896,-2.9681435424700084,-1.5335104742078574,0.01584711317840926,9,0.02160664311895782
896,-3.0300432644432314,0.4774570488502609,0.016279537573898533,9,0.02064713574175491
897,-3.0428159225455502,-0.5422260832240691,0.016096986819699906,8,0.013643844266451254
897,-2.962786661778746,-1.5380266179002104,0.015332072246456155,9,0.02115682877354825
897,-3.014494682637544,1.4671399608338982,0.015929468656243752,8,0.015907970365027783
897,-3.0331525181305725,0.4772236717918108,0.016344433838283847,9,0.015480076589013342
898,-3.0297385222726585,0.4711539505121461,0.015782734411315533,9,0.02214189494693004
899,-3.0144924937184108,1.4671399155942875,0.015927334844462165,8,0.01590360239450263
899,-3.0338742258629416,0.4764098924893776,0.016270870379851476,8,0.015166506292131095
900,-3.0421739818198272,-0.541404532277029,0.01628104978737591,8,0.011481876605635937
900,-3.015391623539963,1.467577437242595,0.015945554605358507,9,0.015926892858467663
900,-3.0332237839779808,0.4843610352643313,0.015678009357424756,9,0.0016128637265842589
901,-3.053200447679086,-0.5354786354346251,0.016476531587944637,8,0.0
901,-2.965792267013546,-1.5420026191481773,0.016280728429370665,9,0.021497297968687948
901,-3.033392779623696,0.4719102609105366,0.016261637615608938,9,0.02035611740539266
902,-3.005225243569098,1.457743511888,0.015866486785902235,8,0.0018590855020061664
902,-3.0327984482947086,0.47779267955121696,0.016384149386327658,9,0.020371605459880423
903,-3.040623864457322,-0.5582020671851248,0.015780991582977067,4,0.0011983224844074874
903,-3.0061936631426773,1.4534691479983362,0.014908438538724115,8,0.0
903,-3.0326242366334664,0.47570702031479173,0.01570566730837093,9,0.014055935069510875
904,-3.0435964578079124,-0.5536432612520161,0.017152690862404885,4,0.0
904,-3.0070889947699473,1.451617638751653,0.014907670488212399,9,0.0
904,-3.030369314495901,0.4756231573786282,0.015800268603365412,9,0.013800596891852177
905,-3.0505415535001332,-0.5334881687242969,0.01587639345298257,8,0.002348442688765372
905,-2.9572975059519044,-1.5254734281221147,0.01577221241150283,9,0.0
905,-3.0343889596167033,0.4841478476041179,0.016021699859397595,8,0.0012528167460168407
906,-2.9590564816530613,-1.526379553306543,0.015792911988323152,9,0.0
906,-3.0034246294388915,1.4689958101972156,0.01590769819772699,9,0.0
906,-3.031484081916818,0.47763734299134425,0.016256078262850825,9,0.02034939447819091
907,-3.048332996014343,-0.5413335532471829,0.016684206216196068,8,0.010272711031881395
907,-2.9697392306512995,-1.556344814542344,0.014880429132760215,9,6.196732135032424e-05
907,-3.0148871315757146,1.467700452029911,0.015290027186454253,8,0.02162546167903601
907,-3.0340190079774505,0.4732216618928347,0.015392508548578664,9,0.013639590633853046
908,-3.038872716412392,-0.5344958054188665,0.015841240461168887,7,0.01303806936162701
908,-3.02827962085781,0.4742844072060014,0.01632950182023,9,0.02031697824342041
909,-3.0494762297272073,-0.5414076807151404,0.016531800877758906,8,0.01211410151842277
909,-2.9599450777216854,-1.5268408015637056,0.015792437337015054,9,0.0
909,-3.0313082404300387,0.47848185884645683,0.015968945871705702,8,0.021048478114163546
910,-3.033826992536883,0.47585599683917057,0.016374480938407467,8,0.013218321193564917
911,-3.030357173900597,-0.5375325398252879,0.015626238002156824,4,0.0
911,-2.9590564816530613,-1.526379553306543,0.015792911988323152,8,0.0
911,-3.02811974929703,0.4790190562363168,0.016207987225864345,9,0.018783740919510725
912,-3.0515250827742353,-0.5336582358521152,0.015878446973658505,8,0.002346731304254778
912,-3.0357347218757127,0.4719176597495081,0.015697870381523083,9,0.014398581711233968
913,-2.960824091041165,-1.5272932556216974,0.015803539396380333,8,0.0
913,-3.0337094484939926,0.48059629402836374,0.016344503742312336,9,0.008362417128327748
914,-3.046946979918429,-0.5422056926858796,0.016582303751059062,9,0.01465944445996453
914,-2.969705593800397,-1.5586587848517213,0.014924070993811047,9,0.0
914,-3.033203726736611,1.4569747777026276,0.01501723492563936,9,0.0
914,-3.030318901189331,0.4791298624049857,0.01590342710745986,8,0.012320115292452253
915,-3.0359893814049976,-0.5352600401838579,0.01579337466254588,7,0.014223682316911167
915,-3.0327974591752183,0.47750214951650316,0.01563810985612762,8,0.016856786795419344
916,-3.0389091037358757,-0.5395610729971191,0.01609507403101679,8,0.013201716907567058
916,-2.9679141497922417,-1.557716718868383,0.014900662856216003,9,0.0
916,-3.0326253820441327,0.4737850063695019,0.01568405250608773,9,0.015951257163792726
917,-3.038407669586825,-0.5577322714659937,0.015514220744306239,9,0.0011442298578893716
917,-2.9590564816530613,-1.526379553306543,0.015792911988323152,9,0.0
917,-3.012693978679573,1.466264906506301,0.01591654802838916,9,0.015890818133529334
917,-3.0353599584640856,0.47618420613493617,0.016699885454402437,9,0.012869660683795126
918,-3.051638644561197,-0.5336776186797711,0.01672705033416582,8,0.0022788852975113103
918,-2.9599450777216854,-1.5268408015637056,0.015792437337015054,9,0.0
918,-3.024805543621678,1.4674115909220793,0.014991022716592932,8,0.0
918,-3.037645430530139,0.47528221536126014,0.01537994564074491,9,0.013666517463612325
919,-2.9654525622369663,-1.5394113816246615,0.015356209442431424,9,0.021188630718127294
919,-2.9980828838406963,1.4663834281220218,0.015854408430640912,10,0.0
919,-3.037270051050041,0.4766920649984824,0.015361033027448293,8,0.014339873130353242
920,-3.0419249349135895,-0.5284336933483568,0.015907199698444056,7,0.0032492369823987335
920,-2.963900568412144,-1.539855908969332,0.01582580857335987,9,0.021039139469314093
920,-3.0332390478500244,0.47387204209221984,0.015863780304470932,9,0.015189848152730253
921,-3.04107762391081,-0.5429783262039068,0.016249882402528136,8,0.010850266971686645
921,-2.9705024097288737,-1.5542368058047127,0.0158774558397636,9,0.0
921,-3.030369314495901,0.4756231573786282,0.015800268603365412,9,0.013800596891852177
922,-3.0465608740474672,-0.5297461127063047,0.016451545042608443,8,0.0030827801312534268
922,-2.9599450777216854,-1.5268408015637056,0.015792437337015054,9,0.0
922,-3.0327542337553948,0.4726347544220099,0.01616115148929291,9,0.013683068421607495
923,-3.039010396297066,-0.5410629555682154,0.01591905525711839,8,0.01104516841668929
923,-2.9590564816530613,-1.526379553306543,0.015792911988323152,9,0.0
923,-3.021005141876349,1.4660296599044365,0.016168302386279258,10,0.0189974791182987
923,-3.0290803472384087,0.47331531271132743,0.015215332083803036,9,0.01875763237033934
924,-3.0420679556095593,-0.539931610518957,0.015989826068589494,8,0.011141864315018507
924,-3.0291748724161662,0.47944451655878634,0.015499769267887865,9,0.019668696625464353
925,-3.0485267326890777,-0.5300876280292239,0.01645707678450267,8,0.0030885879060819944
925,-2.963846317832303,-1.5179476760429027,0.016385599330773423,9,0.0
925,-3.016350147369077,1.464417144873674,0.015938334190069247,9,0.018926664642177377
925,-3.0293534035044734,0.47822638283979213,0.01596100269855966,9,0.013654889971103201
926,-3.0419598897617735,-0.5382423257068399,0.016240810923807927,8,0.011317629005788804
926,-3.030565460884276,0.4731360681997701,0.015715541823680935,9,0.016760536493678143
927,-3.038347789547112,-0.5386396702484111,0.01642792348024202,8,0.012040502147125041
927,-3.0315459171212815,0.47582716563091587,0.01569421235929094,9,0.015727663693738507
928,-3.040090851699754,-0.5575260596981719,0.015090230644895007,4,0.0
928,-2.9600159684114877,-1.5232413733495742,0.016375872930945327,8,0.0
928,-3.032251824040909,0.4786965070425378,0.016215056874841174,9,0.017198600894943968
929,-3.051232081610966,-0.5351310710543559,0.016474848617289782,8,0.0
929,-3.0321031225833073,0.48340371395876813,0.015024645969135731,9,0.0018312600824821074
930,-3.0477028045160304,-0.5329910024661355,0.016720964765884312,8,0.002275683599850139
930,-3.0312311737937536,0.48404220502030826,0.015659822935995656,9,0.0016127440339606643
931,-3.0477028045160304,-0.5329910024661355,0.016720964765884312,8,0.002275683599850139
931,-3.032837730543679,0.4751390455914986,0.016712342396330637,9,0.012230380979354707
932,-3.0472951124771592,-0.534443144489546,0.016470818759468115,8,0.0
932,-2.966748452115744,-1.5376727975872369,0.015839745609232167,8,0.021717848826690804
932,-3.02878286841893,0.4832385638550316,0.015393159245431833,9,0.0012934796920113841
933,-3.0465608740474672,-0.5297461127063047,0.016451545042608443,8,0.0030827801312534268
933,-2.959373990252686,-1.5192857314751727,0.015757044943434575,8,0.0
933,-3.0318409471389294,0.47564154932541514,0.016302155797827796,10,0.01871834695834803
934,-3.0477028045160304,-0.5329910024661355,0.016720964765884312,8,0.002275683599850139
934,-3.0275187059494377,1.4687293971019582,0.015008003604266261,8,0.0
934,-3.035159995127729,0.47593239774081597,0.016465834686486852,9,0.008883119915786095
935,-2.958176525723848,-1.5259258853429916,0.015783307365770733,9,0.0
935,-3.0327264858345413,0.4774989543070328,0.015904422313036903,9,0.019211247789093725
936,-3.039352220680642,-0.5413281450259768,0.016032752900379352,8,0.011962295464536341
936,-2.958176525723848,-1.5259258853429916,0.015783307365770733,8,0.0
936,-3.0338943948776467,0.4761559541999093,0.01610682413799763,9,0.013334020295199861
937,-3.038740263134398,-0.5517697996948182,0.015772339341578217,4,0.0012032902342380457
937,-2.9590564816530613,-1.526379553306543,0.015792911988323152,8,0.0
937,-3.00336624818035,1.4592972560393942,0.014910495772044582,9,0.0
937,-3.0318393694372046,0.48014174891122835,0.015957315959601974,9,0.022897896855610587
938,-3.0497939384650956,-0.5348785641826217,0.01692732567746802,8,0.0
938,-2.962664537282028,-1.524604800323043,0.016397565536960267,9,0.0
938,-3.0053038843431485,1.450754155492825,0.014890641275441156,8,0.0
938,-3.0318115829702292,0.47583600581018026,0.015650211623317305,9,0.014333295131501939
939,-3.04715598132175,-0.5328949549136492,0.01629342306010823,8,0.0023074847240376712
939,-2.9628250183427394,-1.5429545412047867,0.01583294004411586,9,0.020383552643714144
939,-3.0319488137529027,1.461144211837432,0.01599339941217885,10,0.0
939,-3.0279899255227294,0.4737524970694766,0.015554562695491658,9,0.018854915191207654
940,-2.958176525723848,-1.5259258853429916,0.015783307365770733,9,0.0
940,-2.999856970934016,1.4672520814914551,0.015878670103977633,8,0.0
940,-3.0325376433651035,0.4774621221432632,0.015764419585106486,9,0.017455978356439777
941,-3.0295130073585796,0.4729691796404602,0.015448160484112934,9,0.015519162162951749
942,-2.958176525723848,-1.5259258853429916,0.015783307365770733,9,0.0
942,-3.014632487181207,1.4599817634952799,0.0159061694786422,10,0.01584847163987866
942,-3.0311482020289695,0.4772409967712495,0.015660935833839283,9,0.016462601393875724
943,-3.0376488107443627,-0.5483912980233843,0.015758405180698053,8,0.0
943,-2.9620096008290413,-1.5206339571826906,0.01579639996050056,8,0.0
943,-3.0026981242609008,1.4614303167969562,0.015877901221484216,8,0.0
943,-3.0359721597102687,0.47799762857722694,0.015684015222804253,9,0.015927169820702247
944,-2.9590564816530613,-1.526379553306543,0.015792911988323152,9,0.0
944,-3.0157869670258335,1.4681392238680127,0.015302456462358057,9,0.021644809642531286
944,-3.028934574356599,0.4780492362382328,0.016081967316356714,9,0.021218093474324826
945,-2.999856970934016,1.4672520814914551,0.015878670103977633,9,0.0
945,-3.0268946171369118,0.4792846145662917,0.0159400699659373,9,0.019249982255897302
946,-3.0422573643918125,-0.5389114851310344,0.016208600315712182,8,0.011421096266027962
946,-2.9590564816530613,-1.526379553306543,0.015792911988323152,9,0.0
946,-3.0341838764746982,0.48201132280794284,0.015770239400641792,9,0.007347647588234611
947,-3.034411563687611,0.4728864543953029,0.01650612770995523,8,0.010791409609423791
948,-3.0421640951839395,-0.5407284239057051,0.016071303701486638,8,0.01137702283893571
948,-2.9713994576010405,-1.5547062129173257,0.015889287497609653,9,0.0
948,-3.0320675458742423,0.47136039824680953,0.015661824511001083,9,0.01648138213828398
949,-2.9722974944290046,-1.5551768948895268,0.015902692494669347,9,0.0
949,-3.0332938755238583,1.4497837884096278,0.014991078620511872,10,0.0
949,-3.0305034222128735,0.4731240430029627,0.01545310667684117,9,0.01552770967765493
950,-3.0316374196715694,0.4836918107892923,0.015292884908776087,9,0.0013061519948874382
951,-3.039618267291194,-0.5280331949607846,0.016215970709263835,7,0.0031694100700595932
951,-2.97223705848982,-1.5350469446124824,0.01616224458970946,9,0.020391911476790228
951,-3.036679925235689,1.448934430378598,0.01598013158296036,9,0.0
951,-3.031910268792964,0.484402161668617,0.015931333785639205,10,0.0022783070521874746
952,-3.040880048170698,-0.5272382349609304,0.016225042937609284,8,0.0013220739639091626
952,-3.0292917744631387,0.47346167534951156,0.015639858089063735,9,0.018130594002972632
953,-3.0504931194920992,-0.5304293708141973,0.016462007493049956,8,0.0030925141358622826
953,-3.030646338411105,0.48353420877061215,0.015288606398321955,9,0.0013053412474983558
954,-3.0492640534840905,-0.5347898697832328,0.016471906895977256,8,0.0
954,-2.964600747779776,-1.5438807905934642,0.015846326949870565,8,0.02040697926386819
954,-3.0024706456356616,1.4588621045113337,0.014906099783692587,10,0.0
954,-3.0310513234909675,0.46970863442172456,0.015715891022959033,9,0.014191248321689302
955,-3.038500849473403,-0.5492650947829277,0.01585624299133097,4,0.005818597013565366
955,-2.964486587811362,-1.5412317803991837,0.015864872898088148,9,0.020354294160706526
955,-3.030697645494401,0.4803903790818642,0.016824158560135225,9,0.022605807771643168
956,-3.0444023720535793,-0.5350966466166399,0.016092787740513422,8,0.012336133999017767
956,-2.958176525723848,-1.5259258853429916,0.015783307365770733,9,0.0
956,-3.0303747765789324,0.47562449512687643,0.015805203484698428,9,0.013806572344249578
957,-3.0451647266015933,-0.5289967361119919,0.016559993721417435,8,0.003108330828107397
957,-2.9701280916039576,-1.5561234184587835,0.01614925747367292,9,0.002737039858529548
957,-3.0325708127440505,0.47250448416374063,0.01583480287635713,8,0.011177486999334182
958,-3.041664779331075,-0.5589340186035663,0.01674394091839718,4,0.0027980210341511727
958,-2.9645620094288665,-1.538948815907807,0.01534170308231131,9,0.021170400591845592
958,-3.002533790378975,1.4685606093938601,0.01589909937138734,10,0.0
958,-3.0315639360699707,0.4736356858406937,0.015890658230764514,8,0.011315502183700516
959,-3.053731027587407,-0.5355729215583495,0.016930279203108606,8,0.0
959,-2.9572975059519044,-1.5254734281221147,0.01577221241150283,9,0.0
959,-3.033618187081483,0.46996607333146767,0.016384634832575806,10,0.017738863146298207
960,-3.0532749138170803,-0.5354929714615277,0.017386100066001837,8,0.0
960,-3.027410951885738,0.47992741068014194,0.015786865436628574,9,0.018555032433086406
961,-3.034020816232568,-0.5349123772409976,0.01578525223466563,7,0.014214028460368624
961,-2.968802448456923,-1.520486737501946,0.014961913606097147,8,0.0
961,-2.9989763258363538,1.4668192351244425,0.015860580801861666,9,0.0
961,-3.0324336050268705,0.4725793340646548,0.01650016802634858,8,0.010781155422620137
962,-3.0510919379121013,-0.5335824461678145,0.01629950453555635,8,0.002310808815080493
962,-2.968521801708522,-1.538590637745471,0.015857798999712153,8,0.0217412915057779
962,-3.0007514809852514,1.4676900779099162,0.015883268967959645,8,0.0
962,-3.0321355972499973,0.4773964777948251,0.015666614521525783,9,0.01647459349067174
963,-3.0428510892155622,-0.5392524593839026,0.01669344684272103,8,0.01170124196699005
963,-2.961131549220029,-1.5201844944273428,0.015783148750140603,8,0.0
963,-3.0328027036784655,0.4759912563399671,0.015655907033681412,10,0.014341858614231243
964,-3.048805856307071,-0.5296294341577606,0.015927541651511442,8,0.003259467448749773
964,-2.963196380144107,-1.5358311047742013,0.015807660808465438,9,0.021670628850022404
964,-3.001804693186289,1.4609965092295054,0.015871721703472827,9,0.0
964,-3.0310151809574783,0.478590295272807,0.015661402834854128,9,0.018034563180451352
965,-3.0478225238151606,-0.5294578448761965,0.015925049807917712,8,0.0032575126280613743
965,-2.9572975059519044,-1.5254734281221147,0.01577221241150283,9,0.0
965,-3.0339162167920355,0.47768380046691866,0.015791275000201815,9,0.01850323556558661
966,-3.0500801571219167,-0.5298502416304699,0.01657399940776645,8,0.003116519386100936
966,-2.958176525723848,-1.5259258853429916,0.015783307365770733,9,0.0
966,-3.0330563194218803,0.47151347331638027,0.015666542574456183,9,0.016488020621356334
967,-3.0500801571219167,-0.5298502416304699,0.01657399940776645,8,0.003116519386100936
967,-2.9664979125698,-1.5193062283821155,0.016407185948233892,9,0.0
967,-3.0298178051896483,0.46924105722129567,0.015645726735642653,9,0.013514587485316167
968,-3.039729573545672,-0.5384393409185402,0.016294965348307017,7,0.013170972352577309
968,-2.9590564816530613,-1.526379553306543,0.015792911988323152,9,0.0
968,-3.032858018246737,1.4615820118665361,0.016002037699552513,8,0.0
968,-3.0333859948640995,0.4758176795835743,0.015946674481304917,9,0.013219589303363257
969,-3.0442128742389727,-0.5408863876207578,0.01679686052250237,8,0.011017026923773866
969,-2.9590564816530613,-1.526379553306543,0.015792911988323152,9,0.0
969,-3.0341283918558855,0.4811683030951585,0.016471746072239078,8,0.003061863952212975
970,-3.040880048170698,-0.5272382349609304,0.016225042937609284,7,0.0013220739639091626
970,-2.965792267013546,-1.5420026191481773,0.016280728429370665,9,0.021497297968687948
970,-3.0296470164346148,0.4757916806983928,0.01588120883780356,9,0.0196312102396111
971,-3.0581216972216443,-0.5363403487831326,0.016481311560218467,9,0.0
971,-2.9590564816530613,-1.526379553306543,0.015792911988323152,9,0.0
971,-3.029713930387935,0.4773627074160668,0.015392798218840872,9,0.0012938335896256715
972,-3.031510265097437,0.47357657920207985,0.016785137020529816,9,0.014519675785153844
973,-3.0379095726937133,-0.5323384413095986,0.015786495497763477,8,0.009577978184156975
973,-3.032836523098744,0.4745042330880121,0.015390368253235148,9,0.013207489997107868
974,-2.9552062747282672,-1.5316590811010558,0.01578818666033464,9,0.0
974,-3.027347766166832,0.479609938575242,0.01634847251466985,9,0.023099485737225818
975,-3.052746728504664,-0.5353990783606205,0.01692956730223935,8,0.0
975,-3.0325940110593113,1.457587342770752,0.01677100645607716,9,0.003165074046626337
975,-3.0291451332293797,0.47543270138578403,0.015712336158990925,8,0.014165070950491618
976,-3.024096823367527,-0.5364213527726226,0.01499597563855371,4,0.0
976,-3.0327264858345413,0.4774989543070328,0.015904422313036903,8,0.019211247789093725
977,-3.0485736296797485,-0.5331432876208695,0.015873493885759846,8,0.0023453881377721794
977,-2.9628905419035263,-1.5210866264714402,0.01580601714000624,9,0.0
977,-3.0104539238001675,1.455500452982642,0.016089889067038447,10,0.01615002721792567
977,-3.0321431347881225,0.4713762361868542,0.01573618142202097,9,0.01792677747739715
978,-3.039635462019191,-0.5487484093403752,0.01577709384482861,8,0.0
978,-2.9753021479100212,-1.5494025260925273,0.01589464805645205,8,0.0
978,-3.0343967859223255,0.47625594840158963,0.016027723898422244,9,0.01365136050774562
979,-3.03567568987335,-0.5480292442123017,0.01575292899685786,8,0.0
979,-3.0310153561546453,0.47231094437874455,0.016156742172515257,8,0.010962887668734475
980,-3.036661749744298,-0.5482097715235111,0.01575566632754531,8,0.0
980,-2.964441717225698,-1.5360852516556003,0.015666006700390377,9,0.017831115724769385
980,-3.0061936631426773,1.4534691479983362,0.014908438538724115,8,0.0
980,-3.035939110999926,0.4747690002794389,0.016601600768431816,9,0.01270203807970993
981,-3.027239263159359,-0.5329420348331267,0.015338689144007494,8,0.0041762342920410945
981,-2.958176525723848,-1.5259258853429916,0.015783307365770733,9,0.0
981,-3.0126718968447768,1.4663154146578934,0.01591643781297842,8,0.021892178712782907
981,-3.0297892980063925,0.4692348355357184,0.01562193425216249,9,0.013506910114803834
982,-3.0492640534840905,-0.5347898697832328,0.016471906895977256,8,0.0
982,-2.966748452115744,-1.5376727975872369,0.015839745609232167,9,0.021717848826690804
982,-3.034408212594471,0.48168312841740524,0.01656232662754682,10,0.007230895694950346
983,-3.0492640534840905,-0.5347898697832328,0.016471906895977256,8,0.0
983,-2.9722974944290046,-1.5551768948895268,0.015902692494669347,9,0.0
983,-3.030367060404884,1.4628549900178562,0.01501240794024906,8,0.0
983,-3.0331504539143075,0.47603796504104007,0.01626906340780478,9,0.013439275514573553
984,-3.0566837662360324,-0.5360907551520032,0.016932557806767144,8,0.0
984,-2.9705024097288737,-1.5542368058047127,0.0158774558397636,9,0.0
984,-3.0358654152338875,0.4803805192574776,0.015945277003761464,9,0.01516498900204536
985,-3.038133684451796,-0.5343644009265436,0.016352921293092786,7,0.012747379673474436
985,-2.963899957840389,-1.5398551169634138,0.015824834125633215,9,0.021036762443913993
985,-3.0406391905791645,0.4789142183724886,0.016035357630657065,9,0.006691244589039472
986,-3.035033049151739,-0.5474951025680891,0.01501138543060776,5,0.015064690980539912
986,-3.0331253664377016,0.4731245254198457,0.015688997448210472,9,0.014113539531023454
987,-2.960896703752871,-1.5236940912201218,0.016385339392163897,10,0.0
987,-3.0338943948776467,0.4761559541999093,0.01610682413799763,9,0.013334020295199861
988,-3.0425478644733137,-0.5419071587703342,0.01607178930365058,8,0.012137661764460753
988,-3.0301292874141947,0.47558649918525825,0.015711176597822122,8,0.014164903503129383
989,-3.0372283318527713,-0.5327350201128416,0.016670591621912145,7,0.010355464221413669
989,-3.0316602984248937,0.4736249311603429,0.01594120139965123,10,0.014833374838612776
990,-3.0461715766394493,-0.53272165433524,0.01629255174214998,8,0.0023064905918685945
990,-2.955528951567452,-1.524558511815626,0.015763084724125742,9,0.0
990,-3.030152569093108,0.4753150811371815,0.01538498874374909,9,0.01432136744532001
991,-2.9656161143687894,-1.5188545629922414,0.016397849703745384,8,0.0
991,-3.0278068595231176,0.4779834919822102,0.016149365790503613,9,0.012937338186009277
992,-3.051306184118832,-0.5351452076983331,0.017384825415930494,8,0.0
992,-2.963045337758045,-1.5418213021056872,0.015341985110993368,9,0.021205551051669914
992,-3.0035161816386067,1.449892414240683,0.014874998469366922,8,0.0
992,-3.0277532095676527,0.48097168935797835,0.01585102659876668,9,0.014672137506846502
993,-3.040707429977237,-0.5391502125030193,0.016039960698676345,8,0.01105516740982153
993,-2.9660152127995816,-1.5424922845355094,0.01606507405321526,9,0.019070694773118752
993,-3.0283407236075304,0.47882040077569127,0.015897350112202516,8,0.01231047978684477
994,-3.042552193168062,-0.5418018995649593,0.01614391936476151,8,0.013116686688337487
994,-2.9661324673718457,-1.556780056541898,0.014887548701668168,9,0.0
994,-3.0314812316042463,0.4712718695864299,0.015754390950290957,9,0.017453508993224013
995,-2.9590564816530613,-1.526379553306543,0.015792911988323152,8,0.0
995,-3.0292878160780345,0.48295496537345517,0.015123173597669048,8,0.0014410622769879967
996,-3.0346847054334227,-0.5397175218933187,0.01605183493184326,7,0.015712176644156618
996,-2.96656783782769,-1.541243160728796,0.015852094694729302,9,0.021084776628809098
996,-3.0314444953248643,0.4724272165026351,0.016498915845733424,8,0.010776025389487012
997,-3.042361701720002,-0.5394012637192565,0.016503191271958834,8,0.01267899240857328
997,-3.0340917693336382,0.4762075696322577,0.01618100867231798,9,0.012975321665240003
998,-3.042166291558804,-0.542109871213605,0.01608557742637876,8,0.012135707125572848
998,-2.9572975059519044,-1.5254734281221147,0.01577221241150283,9,0.0
998,-3.032975135823974,0.479542434120809,0.016203183426678088,9,0.011491386330427088
999,-3.042552193168062,-0.5418018995649593,0.01614391936476151,8,0.013116686688337487
999,-3.034027867108712,0.47619310664572545,0.016122002044389173,9,0.012947368697988059
1000,-3.0364502634913877,-0.5284932888058033,0.015091395497617274,8,0.004363224090092746
1000,-3.015450088649636,1.463979041894683,0.01593292604877801,9,0.018920413257192313
1000,-3.0335222909610295,0.475836456863684,0.015979770304923067,9,0.0131781541425279
1001,-3.032978626707666,0.4795491699636444,0.01581230625574885,8,0.013081071836162255
1002,-3.050654995697206,-0.5335059925257193,0.016725169079511153,8,0.002276867655710316
1002,-3.031143651131611,0.47547181321402204,0.015390250436601373,9,0.014327979611150423
1003,-3.031643886302928,0.4694555220267963,0.016023115972015226,9,0.016810988838328704
1004,-3.0510919379121013,-0.5335824461678145,0.01629950453555635,8,0.002310808815080493
1004,-2.9599450777216854,-1.5268408015637056,0.015792437337015054,9,0.0
1004,-3.0335646414110364,0.4836363263661071,0.015479778518160634,9,0.0024755762515199665
1005,-3.0321292786913983,0.47738907168899164,0.015335738024632502,8,0.011967148484312514
1006,-2.97093067941365,-1.5519560575651086,0.014900973249484079,9,0.0
1006,-3.032211937983839,0.47741310112840835,0.015740594452786524,9,0.017917297878592
1007,-3.0376488107443627,-0.5483912980233843,0.015758405180698053,8,0.0
1007,-2.97093067941365,-1.5519560575651086,0.014900973249484079,9,0.0
1007,-3.031837424822988,0.4769309542474132,0.016021823660104018,9,0.017164901868099925
1008,-3.0283850774483887,0.48128759069242033,0.015810410520151898,9,0.020409762491335144
1009,-3.0320372266335864,0.4833932025922897,0.014955028957963315,9,0.0015936091141289929
1010,-3.0366272282018105,-0.5409303234665581,0.016036444045503792,8,0.014188119292038193
1010,-2.955528951567452,-1.524558511815626,0.015763084724125742,9,0.0
1010,-3.0311196571158967,0.47574209575420995,0.015715701275617677,8,0.014172292256641881
1011,-3.039881148089049,-0.5407110559757058,0.01631987504217739,8,0.011496738310960727
1011,-2.9675041535179143,-1.5541602153965264,0.016225535526946534,9,0.00314275584722528
1011,-3.032290355617308,1.4565365020636505,0.015004159762836543,10,0.0
1011,-3.033400841692178,0.47608040773736343,0.01579540511396407,9,0.01326041658988457
1012,-3.032246432286062,1.4588082502708897,0.014954960416980327,9,0.0
1012,-3.030682287114463,0.4734643117609218,0.015910118820213145,10,0.01658591410416989
1013,-3.0371850074567903,-0.5569934937782608,0.01513418134950041,4,0.0
1013,-2.9722974944290046,-1.5551768948895268,0.015902692494669347,9,0.0
1013,-3.0302670377587093,1.4635332182682055,0.016244482067592297,8,0.0037325236653482806
1013,-3.029027375370525,0.47786670175175544,0.015583105840343102,8,0.017572215553986067
1014,-2.961131549220029,-1.5201844944273428,0.015783148750140603,8,0.0
1014,-3.034776750109151,1.455259733414209,0.015992782719469554,10,0.0
1014,-3.0303124838676303,0.4766341393107487,0.01633262168509056,9,0.015015865360268643
1015,-3.0477028045160304,-0.5329910024661355,0.016720964765884312,8,0.002275683599850139
1015,-2.958176525723848,-1.5259258853429916,0.015783307365770733,8,0.0
1015,-3.0294658786632063,1.4624194693686956,0.015011117335990684,8,0.0
1015,-3.030876999049157,0.475705519881555,0.015638609555893548,9,0.014580025036381483
1016,-3.0441846692207313,-0.5427652693341048,0.0163874894984354,8,0.010100461830937029
1016,-2.9731905979336943,-1.5556455198938863,0.01591175205244355,9,0.0
1016,-3.032434205372584,0.47743753248083665,0.015039902923927175,8,0.012587131827870354
1017,-3.0458183396587306,-0.5396419200642815,0.01682579679267133,8,0.012109066797425128
1017,-2.9599450777216854,-1.5268408015637056,0.015792437337015054,9,0.0
1017,-3.032061924919228,0.4758680084709349,0.016239963120633503,9,0.013263680999808332
1018,-3.035559085551297,-0.5339119550242742,0.01607671309699853,7,0.012869464322934232
1018,-3.0311699342221337,0.47572764115444316,0.016260323947526512,9,0.013433333235715026
1019,-3.039767300240416,-0.5417878981159568,0.01611159810614014,8,0.01258950421265957
1019,-2.9654525622369663,-1.5394113816246615,0.015356209442431424,10,0.021188630718127294
1019,-3.0267890788037937,0.47977369735402275,0.015892433902644262,9,0.021030967876116802
1020,-2.9572975059519044,-1.5254734281221147,0.01577221241150283,9,0.0
1020,-3.0325586261345356,0.47569262045048916,0.016095058220986284,9,0.013227047096851996
1021,-2.9770910406281548,-1.5503340813366098,0.015911451975381182,9,0.0
1021,-3.0309172478228943,0.4842435561274425,0.01592581290395606,9,0.002275351424438894
1022,-3.038680555274235,-0.5516726131751376,0.01555519600234836,8,0.0
1022,-2.9599450777216854,-1.5268408015637056,0.015792437337015054,8,0.0
1022,-3.0322710074885832,0.48343048968787816,0.01518826701807767,10,0.002120554999488906
1023,-3.0522161584172625,-0.5353048201256408,0.01647580119974065,8,0.0
1023,-2.9643782982297813,-1.5425142765583888,0.015352971923536015,9,0.020546160916258476
1023,-3.0292487138260564,0.48372617213401414,0.015651113629132907,9,0.001612627723544471
1024,-3.0342610432848085,-0.548908748368718,0.014593176151454619,4,0.0
1024,-2.9676337831760016,-1.5381299833398008,0.015847379670575958,9,0.02172542775376775
1024,-3.033246424065417,1.452228925422602,0.01683119578516669,9,0.0
1024,-3.0296303407592937,0.47523154495098224,0.015530515564393187,9,0.01372972710361225
1025,-3.0320030618492253,-0.5339352458218345,0.015552187153402102,8,0.013670551435084157
1025,-2.966748452115744,-1.5376727975872369,0.015839745609232167,9,0.021717848826690804
1025,-3.002533790378975,1.4685606093938601,0.01589909937138734,9,0.0
1025,-3.035131322613225,0.4763488043768778,0.016276918370617195,9,0.013444812635232267
1026,-3.037943218041439,-0.5516798772532279,0.015974195873080924,4,0.0012729594287899343
1026,-2.9590564816530613,-1.526379553306543,0.015792911988323152,9,0.0
1026,-3.029303058586845,0.47376951099186126,0.016121761080978233,9,0.01670061193934343
1027,-3.041320914800535,-0.5376717584838465,0.016105679060488088,8,0.013035053939338565
1027,-2.972012296665291,-1.5325143626161042,0.015630521070782555,9,0.02082331055332734
1027,-2.999794334063162,1.4575622537588824,0.01488088885329592,9,0.0
1027,-3.033765486556839,0.47559762347575907,0.016434042971535813,9,0.012620595314524443
1028,-2.9696860222531494,-1.52093846536559,0.01496939265281489,8,0.0
1028,-3.0370791426814683,0.4827042463227643,0.015464588024012356,9,0.015596836452544286
1029,-2.9713994576010405,-1.5547062129173257,0.015889287497609653,9,0.0
1029,-3.03511171621401,0.4761023043143258,0.016053492457582034,9,0.013847328614686969
1030,-3.0414982404110935,-0.5392628772795909,0.016267655599332305,8,0.012076086241625183
1030,-2.9770910406281548,-1.5503340813366098,0.015911451975381182,8,0.0
1030,-3.032233724319043,0.473404286128459,0.01590752014433963,9,0.012343837335121248
1031,-3.0430461548964214,-0.5380180232760317,0.015928803368745637,8,0.011770773917585447
1031,-3.031154747476426,0.4712226791243405,0.015731439882278434,9,0.017917519824603434
1032,-2.9656161143687894,-1.5188545629922414,0.016397849703745384,9,0.0
1032,-3.0175604252867365,1.461712538653881,0.015291038278730993,8,0.01573138582551358
1032,-3.030161340586886,0.479105214653769,0.01584437103019439,8,0.012700284555327469
1033,-3.0485736296797485,-0.5331432876208695,0.015873493885759846,8,0.0023453881377721794
1033,-2.972728598750084,-1.5528968779063312,0.014929111519092117,9,0.0
1033,-3.0016413540733504,1.4681248065816894,0.015892920100130933,10,0.0
1033,-3.031885128568755,0.46956554734718314,0.015394728580352984,8,0.014750513997587
1034,-3.051306184118832,-0.5351452076983331,0.017384825415930494,8,0.0
1034,-3.0127576865476406,1.4668595814049747,0.015693868099941888,8,0.018641778598046416
1034,-3.0354543772575844,0.46912202365172817,0.01645653587342035,9,0.01680407417337776
1035,-3.0279583582759475,-0.5371077283319651,0.015073201481569043,4,0.0
1035,-2.9572975059519044,-1.5254734281221147,0.01577221241150283,9,0.0
1035,-3.015596779489641,1.461012176758501,0.015695497370911193,8,0.018666866336371865
1035,-3.0312705738281576,0.47575896302392734,0.01621562585941861,9,0.012821992625362747
1036,-3.0502477175703966,-0.5349582120283506,0.01647420358731481,8,0.0
1036,-3.030615737617241,0.48352991385566246,0.015256709120625553,9,0.0013120986999893471
1037,-3.0311208816142448,0.47574120055155383,0.016168031847200597,9,0.012958270373280092
1038,-2.9763940364597334,-1.5477774809476454,0.015832175433039813,8,0.0
1038,-3.035227360727795,0.4761408749422595,0.016087221299624144,9,0.016895134476792834
1039,-3.0451016055585622,-0.5350813704264512,0.016459198755905294,8,0.009393813095415784
1039,-2.966748452115744,-1.5376727975872369,0.015839745609232167,9,0.021717848826690804
1039,-3.0070889947699473,1.451617638751653,0.014907670488212399,9,0.0
1039,-3.02822333371746,0.4801476563556817,0.015638072801512488,9,0.018315507393918098
1040,-3.047589481300842,-0.5329707775992683,0.015871991458815307,8,0.0023434511509792524
1040,-3.0350323289433705,0.4718201535743149,0.01567689110002741,9,0.01650795873563758
1041,-3.0345425435080706,-0.5343817596330975,0.015723665163886527,7,0.01341892249628525
1041,-2.9645620094288665,-1.538948815907807,0.01534170308231131,9,0.021170400591845592
1041,-3.0307297536614386,0.4784392805734072,0.016113590517113963,9,0.012975183326821071
1042,-3.051232081610966,-0.5351310710543559,0.016474848617289782,8,0.0
1042,-3.031323053668172,0.47549195194611255,0.015860120099779596,9,0.01319651206790411
1043,-3.038449400800963,-0.5404978845510553,0.01609024473509111,8,0.012878340519322259
1043,-2.9620096008290413,-1.5206339571826906,0.01579639996050056,8,0.0
1043,-3.00336624818035,1.4592972560393942,0.014910495772044582,10,0.0
1043,-3.030803782439058,0.46967132446827103,0.015634343600600276,9,0.014591626098634673
1044,-3.0409042554303984,-0.552213429264019,0.01598305722361681,4,0.0012657122873269953
1044,-3.029171292459266,0.4789496743549836,0.015839901678657405,9,0.012693083086798397
1045,-3.040527380727238,-0.5420277868954214,0.01607197579177269,8,0.011822357506417589
1045,-2.9705024097288737,-1.5542368058047127,0.0158774558397636,9,0.0
1045,-3.034951078445889,0.47546938836944924,0.0168468294106308,9,0.012247097402940818
1046,-3.036418425663197,-0.5619648331142193,0.016111605839975385,9,0.0
1046,-3.033647358731052,0.4761177988546941,0.015947433495122853,10,0.013273479703003813
1047,-3.0416967799238885,-0.5543298503539222,0.01580199878748652,4,0.0
1047,-2.9722974944290046,-1.5551768948895268,0.015902692494669347,9,0.0
1047,-3.0275187059494377,1.4687293971019582,0.015008003604266261,9,0.0
1047,-3.0325376433651035,0.4774621221432632,0.015764419585106486,9,0.017455978356439777
1048,-3.0393032184999655,-0.5588223623234303,0.016835317451195424,3,0.0
1048,-2.9599450777216854,-1.5268408015637056,0.015792437337015054,9,0.0
1048,-3.032211937983839,0.47741310112840835,0.015740594452786524,9,0.017917297878592
1049,-3.034776750109151,1.455259733414209,0.015992782719469554,9,0.0
1049,-3.0354901681875477,0.47792802145429364,0.015682056786018216,9,0.017409668315385037
1050,-3.037240774687481,-0.5566301056492495,0.015206650035257644,4,0.0009592401435745707
1050,-2.956414319725536,-1.5250163660344123,0.015766624493616765,9,0.0
1050,-3.030086953370092,0.47786775922600955,0.016180221256097863,9,0.014237637402416181
1051,-3.029654628516729,0.48337729571268384,0.01528391471155182,9,0.0013044540402813902
1052,-3.048686970682822,-0.5331634395589254,0.016721980162394432,8,0.0022765885047209243
1052,-2.9658582338177784,-1.5372094460634698,0.015830636275034407,9,0.0217010059027178
1052,-3.024768765565269,1.4674058729340143,0.01495477386818737,8,0.0
1052,-3.0309256455450946,0.47883505764479867,0.015553863636945199,9,0.014479923935731331
1053,-3.0411413160958567,-0.5399393577051644,0.0166643458810145,8,0.010616645857409991
1053,-3.030615737617241,0.48352991385566246,0.015256709120625553,9,0.0013120986999893471
1054,-2.9572975059519044,-1.5254734281221147,0.01577221241150283,9,0.0
1054,-3.033604047396579,0.47585080304465416,0.01605750879584347,9,0.01318137029222856
1055,-3.049124275946924,-0.5332398969029548,0.016295956034461774,8,0.0023103580228049465
1055,-2.958176525723848,-1.5259258853429916,0.015783307365770733,9,0.0
1055,-3.030951624476532,0.4838497916253732,0.01568068052875742,9,0.0016302546322244653
1056,-3.0417418031786396,-0.5390898210777428,0.016722897329169196,8,0.011511110393539751
1056,-2.9705718196676707,-1.5213923634350333,0.01497459617932464,8,0.0
1056,-3.0318700302148356,0.4713356158467925,0.01577473335707038,9,0.018489079800207035
1057,-3.0313900694484017,0.4777474339696758,0.015520392740399886,9,0.014428032388462212
1058,-3.050432907414504,-0.5319444229128224,0.016110019375775837,8,0.004485943981431641
1058,-2.9664979125698,-1.5193062283821155,0.016407185948233892,9,0.0
1058,-3.030367060404884,1.4628549900178562,0.01501240794024906,8,0.0
1058,-3.0344017288731076,0.476241975864646,0.016109811979019006,9,0.014600576117619508
1059,-3.038645879110517,-0.5485694032484735,0.01577142318729363,8,0.0
1059,-3.0305791060050593,0.47563804224204487,0.015924578914713584,9,0.013236552800608054
1060,-3.050108654468729,-0.5334124890367247,0.016297211112949704,8,0.002312467150530474
1060,-2.958176525723848,-1.5259258853429916,0.015783307365770733,9,0.0
1060,-3.0307496579854765,0.47718820897484715,0.015891027083540666,8,0.01918390882972065
1061,-3.04097449670508,-0.5374499732705278,0.016452030453416706,7,0.013760311960048767
1061,-3.036128574171276,0.47651299405426584,0.015212649429400394,9,0.014075517797185834
1062,-2.9590564816530613,-1.526379553306543,0.015792911988323152,9,0.0
1062,-3.033294665589395,0.483148154843869,0.016771881036869885,9,0.0016068988724595957
1063,-3.0411095238793955,-0.5526456064897969,0.016079939265590412,8,0.002991119121322939
1063,-3.031149764645643,0.4732567702323635,0.015910702153378684,9,0.012827206406406513
1064,-3.0400803947955786,-0.5514331500182853,0.014988639284160171,8,0.0
1064,-2.966678080013323,-1.5424624470274098,0.016290086498069803,9,0.02150972747955968
1064,-3.0310458065790273,0.47275592956488605,0.015376443579096857,9,0.013619760376251244
1065,-3.0363453951549118,0.47113069678388797,0.01630258957337693,10,0.01462352849128641
1066,-3.0552431116083625,-0.5358368975050519,0.017387903468094608,8,0.0
1066,-3.0154364746691877,1.468175533181388,0.015700456236560547,9,0.01866175169009686
1066,-3.0320645849467853,0.47738713756019513,0.015613377887110324,9,0.016573935615836102
1067,-3.032517013270296,-0.5379157271976804,0.016419556009733674,4,0.0
1067,-2.9546543241962664,-1.5241102300904694,0.01574594731040881,9,0.0
1067,-3.033581069206708,0.4700744555356237,0.015776026464768604,10,0.013139627468450633
1068,-3.03893878346111,-0.5357765820708285,0.015803382873333372,7,0.014232446907349105
1068,-2.97150264523081,-1.5328306483153868,0.01586325363687239,8,0.021756589210836896
1068,-3.0312846778894382,1.4632973399932205,0.015030566917070914,9,0.0
1068,-3.0322235930412003,0.48420046584374227,0.01566520135674251,9,0.0016138842386195689
1069,-3.0347065707983267,0.4717715676638948,0.01564399312032683,9,0.016884011145614962
1070,-3.0378531719953035,-0.5327980914852056,0.015099465656647234,7,0.012630659461769575
1070,-3.036373932516672,0.4844634264010489,0.01603252564163106,8,0.0012542730386668078
1071,-3.0400913146086004,-0.551435131548641,0.014999515668724168,4,0.0
1071,-2.9682653200156235,-1.5202107975960713,0.016421974035929265,8,0.0
1071,-3.0337865469820473,0.477658078907902,0.015643985030595903,9,0.016866547392659196
1072,-3.051306184118832,-0.5351452076983331,0.017384825415930494,8,0.0
1072,-3.034246316184299,0.47622655310532974,0.016232780177232103,9,0.012820946766849806
1073,-3.0405840719509882,-0.5515222925283189,0.016472129938067133,4,0.0
1073,-2.97093067941365,-1.5519560575651086,0.014900973249484079,9,0.0
1073,-2.999856970934016,1.4672520814914551,0.015878670103977633,9,0.0
1073,-3.0318675641218875,0.47586142023730565,0.015643701820019968,8,0.014585836568604363
1074,-3.040624717206026,-0.5489289791788762,0.015782968344582367,8,0.0
1074,-3.0278426814555317,0.47855396721617094,0.01605951012608292,9,0.019277206309995645
1075,-3.0472951124771592,-0.534443144489546,0.016470818759468115,8,0.0
1075,-2.956414319725536,-1.5250163660344123,0.015766624493616765,9,0.0
1075,-2.999856970934016,1.4672520814914551,0.015878670103977633,10,0.0
1075,-3.034042622635027,0.47701407586553085,0.016214115737766367,8,0.021165362784158252
1076,-3.0331894002813464,0.47020791235064585,0.015808141843998764,9,0.016214929247403722
1077,-3.035520491115234,-0.5475796988463174,0.015899141192762853,5,0.013208657754512005
1077,-3.03315081078413,0.4779456242464525,0.01616454708361501,9,0.020394249252983342
1078,-3.040738862912151,-0.5412267593093391,0.015942220734252204,8,0.011629561613976944
1078,-3.032935235018661,0.4757487556438847,0.015739090916499304,9,0.013529503910089403
1079,-3.035425925498067,-0.5343826191536825,0.016018842981466705,8,0.005267581616260466
1079,-2.9656161143687894,-1.5188545629922414,0.016397849703745384,9,0.0
1079,-3.031096202587126,0.48494148763532724,0.0161230223786555,9,0.002937384986753626
1080,-3.0350153643766578,-0.5282429714269696,0.01550465666355108,8,0.004535434226584492
1080,-2.968042544411637,-1.5492306428197251,0.015856729230773713,9,0.018309648334628285
1080,-3.031514566194101,0.4772966711129504,0.015741908055896925,9,0.016178660773326345
1081,-3.0403463001264095,-0.5419802489625168,0.01584734676182307,8,0.012819673284637728
1081,-2.9722974944290046,-1.5551768948895268,0.015902692494669347,9,0.0
1081,-3.031942779656912,0.4736756309622134,0.015757472380349722,9,0.015536790986505204
1082,-3.0495100680837464,-0.5302593892334113,0.016458936483299443,8,0.0030892249478183306
1082,-3.0319488137529027,1.461144211837432,0.01599339941217885,9,0.0
1082,-3.028023908794929,0.47430274860063504,0.01614299517495817,9,0.020260990858248642
1083,-3.0035936390096762,1.4618663136384162,0.015882495674426386,8,0.0
1083,-3.035478198719331,0.4732909949927424,0.01650702996188161,9,0.012462548004289227
1084,-3.037525735358072,-0.5342573132983139,0.016083381585652624,7,0.012878220106569287
1084,-2.9740876674754015,-1.5561149390915006,0.015923608364378963,9,0.0
1084,-3.03128472591206,0.4802010894865664,0.016209398021570665,9,0.02312611831237528
1085,-3.0380283365101577,-0.557150310074198,0.01499496385043026,4,0.0
1085,-3.0304957447722427,0.4776090212350361,0.016357622631026185,9,0.01719006678399864
1086,-3.049124275946924,-0.5332398969029548,0.016295956034461774,8,0.0023103580228049465
1086,-2.9636724995695927,-1.5384862117997604,0.015333798871550421,9,0.021160851231471465
1086,-3.0288837543737914,0.4787094433776412,0.01568807882861388,9,0.018453544872591373
1087,-3.0510919379121013,-0.5335824461678145,0.01629950453555635,8,0.002310808815080493
1087,-3.032604451620367,0.48198733136855415,0.015284034435096225,9,0.013474984401067851
1088,-3.042166682546174,-0.5491149176234903,0.01633108917063354,4,0.0
1088,-2.9572975059519044,-1.5254734281221147,0.01577221241150283,9,0.0
1088,-3.02973378571364,0.4709868171150816,0.01573760998954589,9,0.012505221499641976
1089,-2.963899957840389,-1.5398551169634138,0.015824834125633215,9,0.021036762443913993
1089,-3.0391552349596993,0.4759550345262305,0.015705102820407078,9,0.024186733568593022
1090,-3.039308594348371,-0.5505933220189728,0.01522769129726279,4,0.0
1090,-2.9620096008290413,-1.5206339571826906,0.01579639996050056,8,0.0
1090,-3.0300684099657853,0.4755726895964285,0.016105594248867507,9,0.012922581535600683
1091,-3.0517626313980863,-0.5352252700235417,0.01692865383070306,8,0.0
1091,-2.9620096008290413,-1.5206339571826906,0.01579639996050056,9,0.0
1091,-3.031593664618804,0.47798747901222066,0.01653779676102766,9,0.021632711549349537
1092,-3.052075828041425,-0.53375411643717,0.01630115569996361,8,0.0023127283662982756
1092,-2.955528951567452,-1.524558511815626,0.015763084724125742,9,0.0
1092,-3.0272325616435087,0.4802747078876139,0.0157002825929303,9,0.01925456257698098
1093,-3.0430360841054878,-0.5350554195551439,0.01680712793990716,8,0.010107694941596959
1093,-2.9689584732311927,-1.5557591036849716,0.016741978763317514,9,0.0
1093,-3.0331631384905897,0.47578360748329507,0.0158403373449961,9,0.013346377322488029
1094,-3.0404813129733332,-0.5407123000785391,0.016507640613713386,8,0.010892367912219736
1094,-3.034776750109151,1.455259733414209,0.015992782719469554,10,0.0
1094,-3.032937043116052,0.46986982774226915,0.016375675063900353,9,0.017048026900014997
1095,-3.0383469150840057,-0.5487080334233375,0.014833932557448505,9,0.013144595800103505
1095,-3.0337865469820473,0.477658078907902,0.015643985030595903,9,0.016866547392659196
1096,-3.0394992779145547,-0.535874471880428,0.015970730653771283,7,0.014190688623872807
1096,-2.9590564816530613,-1.526379553306543,0.015792911988323152,9,0.0
1096,-3.0317888365728165,0.4698237255686187,0.01563419659852696,9,0.014592304613741894
1097,-3.056227419468951,-0.536010768172692,0.01738859817084614,8,0.0
1097,-3.0340449322073644,0.4761799527501778,0.01625015138240212,9,0.013271365745755437
1098,-3.055699171518904,-0.5359168610297681,0.016932140919112694,8,0.0
1098,-2.9656161143687894,-1.5188545629922414,0.016397849703745384,8,0.0
1098,-3.0305034222128735,0.4731240430029627,0.01545310667684117,9,0.01552770967765493
1099,-3.047439286813777,-0.5422926534227135,0.01658249865646161,8,0.015064985523880366
1099,-2.9645620094288665,-1.538948815907807,0.01534170308231131,9,0.021170400591845592
1099,-3.030980945204861,0.47183172418628944,0.016475974284419635,9,0.021323761019324598
1100,-3.0376279782525666,-0.5569931281318348,0.016016160256427606,4,0.003602964139207153
1100,-2.9648613705124713,-1.5416045296099854,0.015358985507230454,9,0.021463791643945133
1100,-3.0300633273562374,0.4723412841267218,0.016107305343916734,9,0.02006457218723923
1101,-3.041047468638663,-0.553261268423914,0.01674808780512683,4,0.0009925316083362994
1101,-2.963899957840389,-1.5398551169634138,0.015824834125633215,9,0.021036762443913993
1101,-3.0303134013978283,1.465303020658772,0.015978476240107328,8,0.0019039370039557644
1101,-3.035108516908821,0.4718371215566915,0.01575333079363859,9,0.01796077909696473
1102,-3.0394312184640513,-0.5505863770120057,0.01517003771634122,4,0.001356439977539223
1102,-2.9665913670103774,-1.539429012394411,0.01613896459901267,9,0.02033496821498073
1102,-3.0251255136414006,0.476342273727985,0.016278210180848796,8,0.020049849076695263
1103,-3.049557705642105,-0.5333156771147624,0.01587461321088727,8,0.002346342789894283
1103,-2.965038039092458,-1.5441049181688347,0.01585492141990085,9,0.019736965905785303
1103,-3.035623769623565,0.47192197004868686,0.015915711936162515,9,0.0192495779830973
1104,-3.035489198669751,-0.555329869663534,0.014961304149715415,4,0.0
1104,-2.964428979318338,-1.5255127644809086,0.01641329430501684,8,0.0
1104,-3.031043206365256,1.460706002297911,0.015987181993578382,10,0.0
1104,-3.036179892597254,0.4761749874395294,0.016180003342454875,9,0.014502031562568074
1105,-3.052075828041425,-0.53375411643717,0.01630115569996361,8,0.0023127283662982756
1105,-2.9599450777216854,-1.5268408015637056,0.015792437337015054,9,0.0
1105,-3.035147238869832,0.4732089128813869,0.016357611870566762,9,0.014716331099105244
1106,-3.050321875911331,-0.5349713375275088,0.01738413085460388,8,0.0
1106,-3.0302065382922057,0.48335825186980835,0.015354265761088691,9,0.002232666014711327
1107,-2.9620096008290413,-1.5206339571826906,0.01579639996050056,8,0.0
1107,-3.0316374196715694,0.4836918107892923,0.015292884908776087,9,0.0013061519948874382
1108,-3.0581959235633516,-0.5363545774596765,0.017391093803348738,8,0.0
1108,-2.9628905419035263,-1.5210866264714402,0.01580601714000624,9,0.0
1108,-3.0332773084728273,0.46977836509700754,0.015454934993745326,9,0.014044945411865722
1109,-3.039303549171929,-0.5409660618634605,0.015909261794111982,8,0.012905459616114149
1109,-2.967258528622941,-1.5373565519213177,0.015618471540702991,8,0.020791153422726916
1109,-3.0199320049652365,1.4660027149832189,0.01613381491191556,8,0.01679570945530629
1109,-3.031359197655592,0.4757778636917105,0.015805232548658125,8,0.013809844191942436
1110,-3.0382607008442775,-0.5511022886955317,0.015135360152563615,8,0.0
1110,-2.9572975059519044,-1.5254734281221147,0.01577221241150283,9,0.0
1110,-3.0007514809852514,1.4676900779099162,0.015883268967959645,9,0.0
1110,-3.0316307807871916,0.4755453777770695,0.01556131507609814,9,0.013739365725358282
1111,-3.040707738197735,-0.5541504581991041,0.01579695613680959,4,0.0
1111,-2.9664979125698,-1.5193062283821155,0.016407185948233892,8,0.0
1111,-2.9994023960300313,1.4664105224496076,0.014571757959027166,9,0.0
1111,-3.0331504539143075,0.47603796504104007,0.01626906340780478,9,0.013439275514573553
1112,-3.052075828041425,-0.53375411643717,0.01630115569996361,8,0.0023127283662982756
1112,-2.9590564816530613,-1.526379553306543,0.015792911988323152,9,0.0
1112,-3.0007514809852514,1.4676900779099162,0.015883268967959645,9,0.0
1112,-3.031623427915777,0.47553976691026995,0.01604897091417769,9,0.013173014695528156
1113,-3.0395964863841316,-0.5574367218083442,0.015578472469986608,9,0.0
1113,-2.9590564816530613,-1.526379553306543,0.015792911988323152,9,0.0
1113,-3.028690812232609,0.47889017586374727,0.0160779729824539,9,0.011713229476061621
1114,-2.9686558743695315,-1.535018241637609,0.015845524008476303,8,0.021079682043384063
1114,-3.003373712498711,1.4570135814414602,0.014901150752465047,9,0.0
1114,-3.031055037627327,0.4772222876241144,0.015719762930551086,9,0.01576551333007675
1115,-2.962164243238834,-1.5413636498117351,0.015337519266656448,9,0.021191652121396214
1115,-3.0224882674251745,1.4783221076079587,0.015985552995298285,8,0.0
1115,-3.0298809610905333,0.47554655310413946,0.016031776451784094,9,0.013195423111359525
1116,-3.0331095295601127,-0.5441050085137484,0.015104280817066329,4,0.01217953080144557
1116,-3.0314413427802074,0.4808940165404728,0.01603141918122462,9,0.019276361532456782
1117,-3.047589481300842,-0.5329707775992683,0.015871991458815307,8,0.0023434511509792524
1117,-3.0303015638122783,0.4733990941066873,0.016029918934799495,9,0.01562379537506371
1118,-3.0467183898400108,-0.5328184170800848,0.01671974758722293,8,0.0022736114399945113
1118,-3.03064320486992,0.4756669444253648,0.01593438654384336,9,0.013497653223697644
1119,-3.0324098505734645,0.47588343982641373,0.016518036215195514,9,0.013353726507123779
1120,-2.9716394563054065,-1.5571644367326491,0.016769019521726276,9,0.0
1120,-3.030322128395512,0.4769621258149116,0.01559362966911469,9,0.02081698355264309
1121,-2.966179755974922,-1.5456833995053738,0.016093400977450736,9,0.020692649329086238
1121,-3.028903153597803,0.47511892501437064,0.015646672988556088,9,0.013496304044478302
1122,-3.042335489169333,-0.5335816523869121,0.015825534419527897,8,0.011501066142075793
1122,-2.9590564816530613,-1.526379553306543,0.015792911988323152,9,0.0
1122,-3.0296360390624346,0.47443122328356346,0.015999216885595614,8,0.018007327812308634
1123,-3.0352009073086244,0.48181290781702546,0.016380870150660604,9,0.007336642525665203
1124,-3.036037068839366,0.4764907352200142,0.016198369087749066,9,0.01349572863371967
1125,-3.050321875911331,-0.5349713375275088,0.01738413085460388,8,0.0
1125,-2.9757289076021154,-1.5471226759024523,0.014921802894066683,9,0.0
1125,-3.037055173931036,0.473286223219397,0.016399477917943193,9,0.013359574075483677
1126,-3.0492640534840905,-0.5347898697832328,0.016471906895977256,8,0.0
1126,-3.020915647557839,1.4545492208042807,0.01545310374325411,9,0.02190609594323921
1126,-3.0296318087030847,0.4755121226600616,0.015560863404298042,8,0.015003420452761788
1127,-3.037889422699894,-0.5498020604779891,0.015343643401580323,4,0.0
1127,-2.9599450777216854,-1.5268408015637056,0.015792437337015054,9,0.0
1127,-3.0312237519251193,0.4772575618391988,0.01573587455432785,9,0.017908351247290108
1128,-3.0409339904898878,-0.5392069998457651,0.015835773452087518,9,0.0134048896276302
1128,-2.9637757187925122,-1.521541470903856,0.015810974141599526,9,0.0
1128,-3.0341423968045915,0.47778505884785133,0.01611462397119739,9,0.01750925627370442
1129,-3.041436659334846,-0.5425219010569322,0.015843942259874292,8,0.011322767253498735
1129,-3.0355477783024236,0.47920126521343015,0.01618983586698553,9,0.021380190433690324
1130,-3.0416431762663176,-0.5414542742816867,0.015847736992091317,8,0.012085062049204696
1130,-2.9590564816530613,-1.526379553306543,0.015792911988323152,9,0.0
1130,-3.029178927581385,1.4694506710093354,0.015486585605882328,9,0.014241550632024216
1130,-3.0328443043044864,0.47952256004416116,0.01613668283795496,9,0.011435494088922516
1131,-2.9690993829669257,-1.5393857992336657,0.01620423233131366,9,0.020084890835100982
1131,-3.0312846778894382,1.4632973399932205,0.015030566917070914,9,0.0
1131,-3.03509311314838,0.47408161324941767,0.015698684753276206,9,0.01595036056958277
1132,-3.036730303897604,-0.5507462564767431,0.016012878293577344,4,0.0036105395394569074
1132,-2.973619345894618,-1.5533609813221834,0.014933734837434912,8,0.0
1132,-3.0341594650753385,0.4753410263306966,0.017030475082788904,9,0.01239380740304454
1133,-3.050923573922583,-0.5392801187179609,0.016419743605596438,8,0.014364609000799103
1133,-2.9572975059519044,-1.5254734281221147,0.01577221241150283,8,0.0
1133,-3.030791562498399,0.471179834660085,0.016304520103075305,9,0.021467434016969048
1134,-3.042361861625055,-0.5418350864463293,0.016372445160921244,8,0.009128473281910174
1134,-3.0162906178391395,1.4680154367219456,0.015950147936507925,9,0.015931374634465582
1134,-3.0330299623445036,0.47306810020098156,0.015387624144813757,9,0.013632570850837872
1135,-3.040099996944504,-0.5395129907809892,0.016115595783983732,8,0.011046891406175532
1135,-2.9599450777216854,-1.5268408015637056,0.015792437337015054,9,0.0
1135,-3.0009163818540108,1.4605633561486429,0.015859691667869102,9,0.0
1135,-3.030684150756176,0.4756807524410365,0.015624364677602205,8,0.015084888175499609
1136,-3.040981377814297,-0.5576915281734384,0.014998056943200305,9,0.0
1136,-2.956414319725536,-1.5250163660344123,0.015766624493616765,9,0.0
1136,-3.034120254379137,0.4716836327973761,0.015746781846210558,9,0.01794662241760248
1137,-3.0395964863841316,-0.5574367218083442,0.015578472469986608,9,0.0
1137,-2.9989763258363538,1.4668192351244425,0.015860580801861666,9,0.0
1137,-3.0297711878809337,0.4762930916186529,0.016262418503136176,8,0.01947406993565039
1138,-3.0389304251636973,-0.5518581130214423,0.015977266847092077,4,0.0012723655226465106
1138,-2.9590564816530613,-1.526379553306543,0.015792911988323152,9,0.0
1138,-3.0325517079732562,0.47594907194188263,0.016015312841793826,9,0.013477943418465414
1139,-3.0433197234611526,-0.5337553822636646,0.015828953287939988,8,0.011507277374433427
1139,-3.032316898862932,0.47266514038382057,0.01722177347701056,8,0.010452641258655167
1140,-2.9635453233076037,-1.525057641016543,0.016406905289969912,8,0.0
1140,-3.0322235930412003,0.48420046584374227,0.01566520135674251,9,0.0016138842386195689
1141,-3.0492640534840905,-0.5347898697832328,0.016471906895977256,8,0.0
1141,-2.9590564816530613,-1.526379553306543,0.015792911988323152,9,0.0
1141,-3.0320302121168576,0.4736956217098876,0.015681562277949732,9,0.015294381874777966
1142,-3.0405453995652647,-0.5515167677132814,0.01741789045236646,4,0.0
1142,-2.9590564816530613,-1.526379553306543,0.015792911988323152,9,0.0
1142,-2.999856970934016,1.4672520814914551,0.015878670103977633,9,0.0
1142,-3.031799514498168,0.4758304663400263,0.015397522674669317,8,0.013355385099848434
1143,-3.0423758378271284,-0.5405807433955111,0.016516411764973326,8,0.01031746693534395
1143,-2.9646630437139234,-1.5219985444193216,0.01581300599758057,8,0.0
1143,-3.032684083274057,0.4757175493464041,0.015342807194719416,8,0.015201194283069677
1144,-3.0346589779943227,-0.5364409562472051,0.01535392628154451,8,0.013827345373771461
1144,-2.958176525723848,-1.5259258853429916,0.015783307365770733,8,0.0
1144,-3.0276476844148332,1.4615418659568284,0.014992328744225668,9,0.0
1144,-3.0322573354588855,0.47593967500603873,0.015647657203103824,8,0.016226877650126332
1145,-3.051638644561197,-0.5336776186797711,0.01672705033416582,8,0.0022788852975113103
1145,-3.0334537707024714,0.47283868452101196,0.01605579442642733,9,0.013288080184521359
1146,-3.050108654468729,-0.5334124890367247,0.016297211112949704,8,0.002312467150530474
1146,-2.9656161143687894,-1.5188545629922414,0.016397849703745384,8,0.0
1146,-2.999856970934016,1.4672520814914551,0.015878670103977633,10,0.0
1146,-3.0345255537678977,0.4719391780303835,0.01670899466703243,9,0.016861986658426018
1147,-2.9635453233076037,-1.525057641016543,0.016406905289969912,9,0.0
1147,-3.031379855413358,0.4802737520447843,0.015666749856091094,9,0.00448919244666208
1148,-3.0474827670421436,-0.5314303220902544,0.016103494846380535,8,0.004475124757973185
1148,-3.0315622889911564,0.47452163352627874,0.015979491166008972,9,0.022689811176367834
1149,-3.040200296027264,-0.5410471055402286,0.016117474342037825,8,0.011200587622632827
1149,-2.958176525723848,-1.5259258853429916,0.015783307365770733,9,0.0
1149,-3.034348322945389,0.46871020810374775,0.01569889525141601,8,0.018875226156869526
1150,-3.055168535282463,-0.535822618326261,0.016478443684426164,8,0.0
1150,-2.963899957840389,-1.5398551169634138,0.015824834125633215,9,0.021036762443913993
1150,-3.033398783243099,0.4711533862615653,0.016191499118811358,10,0.01654124117858836
1151,-2.9688115187378776,-1.5581877515530722,0.014913506510056978,9,0.0
1151,-3.027037753495655,0.47333364692726093,0.015661712529923127,9,0.018288639877821193
1152,-3.052622857847786,-0.5338508886628115,0.016728103927594697,8,0.0022797108806722824
1152,-2.967324249771848,-1.53846520149621,0.016186166398196707,9,0.02005683827906605
1152,-3.0024621960911264,1.4634337824645243,0.015934103461404246,10,0.0
1152,-3.030615737617241,0.48352991385566246,0.015256709120625553,9,0.0013120986999893471
1153,-2.965523755401115,-1.5392718653808743,0.016345097583432066,9,0.02125499993281154
1153,-3.0311196571158967,0.47574209575420995,0.015715701275617677,9,0.014172292256641881
1154,-3.041163047391733,-0.5395970647977281,0.01669092523798769,8,0.010780771782847151
1154,-2.9725835735520256,-1.5538967135913453,0.016403912598684983,9,0.0025072622054709854
1154,-3.033549019315101,0.47391507914150344,0.01598695160065129,10,0.014893388892317326
1155,-3.049096939218419,-0.5296790949963728,0.016571571235198108,8,0.0031150647837611053
1155,-3.0007514809852514,1.4676900779099162,0.015883268967959645,10,0.0
1155,-3.0352267749855755,0.47557606580762074,0.0160082481199024,9,0.014081992105991746
1156,-3.0318526329890227,0.47256330837509974,0.01584402185535521,7,0.011773626276719597
1157,-3.032304781272005,0.47591104779300075,0.015881937158568157,8,0.013704604499379783
1158,-2.963846317832303,-1.5179476760429027,0.016385599330773423,8,0.0
1158,-3.0332237839779808,0.4843610352643313,0.015678009357424756,9,0.0016128637265842589
1159,-3.0479314407440707,-0.5423795887565336,0.016582846007837375,8,0.01547055147173032
1159,-2.958176525723848,-1.5259258853429916,0.015783307365770733,8,0.0
1159,-3.030367060404884,1.4628549900178562,0.01501240794024906,8,0.0
1159,-3.033525497314919,0.477617865864049,0.01577019269954006,9,0.017467649174392898
1160,-2.962664537282028,-1.524604800323043,0.016397565536960267,8,0.0
1160,-3.035022979156029,0.4753703528013795,0.01590346938829095,9,0.01894618839264321
1161,-3.041139567767509,-0.5408488598789372,0.015945955693042423,8,0.012171184464977667
1161,-3.0329308554303167,0.4738283084339813,0.015761994276674296,9,0.015543738692991239
1162,-2.9664979125698,-1.5193062283821155,0.016407185948233892,8,0.0
1162,-3.0333709779742186,0.4758193946954372,0.015481547371065496,9,0.014023034509199464
1163,-3.0407134819245747,-0.5521248145040455,0.01577747462906257,4,0.0011959425703150835
1163,-3.0162906178391395,1.4680154367219456,0.015950147936507925,8,0.015931374634465582
1163,-3.032471913304929,0.477793750260043,0.01626185097311292,9,0.020358725704524197
1164,-3.0409042554303984,-0.552213429264019,0.01598305722361681,4,0.0012657122873269953
1164,-2.9590564816530613,-1.526379553306543,0.015792911988323152,9,0.0
1164,-3.031001154261296,0.48427779839256496,0.016013231801279813,9,0.0022138451750749505
1165,-3.051638644561197,-0.5336776186797711,0.01672705033416582,8,0.0022788852975113103
1165,-3.0320302121168576,0.4736956217098876,0.015681562277949732,9,0.015294381874777966
1166,-3.030151674156978,0.4769550517118149,0.016089913685240688,9,0.022564085336751815
1167,-3.039570439551798,-0.5518059454529574,0.01546030165282288,4,0.0
1167,-2.9590564816530613,-1.526379553306543,0.015792911988323152,9,0.0
1167,-3.0343920056042544,0.4761964229976259,0.01652687479706731,9,0.013362306375907011
1168,-2.9673830763514855,-1.5197598078883552,0.01641303720403774,9,0.0
1168,-3.03315331126837,1.4594225852624718,0.016859905425500164,8,0.0
1168,-3.027758438109909,0.47898554541006766,0.016062901093395417,9,0.020801375662456496
1169,-3.040880048170698,-0.5272382349609304,0.016225042937609284,7,0.0013220739639091626
1169,-2.9716105031651177,-1.53471824802623,0.015424562069197564,8,0.018846008798455414
1169,-3.0164325978034565,1.4608537839930373,0.015926545540023977,8,0.015873497665995433
1169,-3.0339162167920355,0.47768380046691866,0.015791275000201815,9,0.01850323556558661
1170,-3.042379634062571,-0.5411701520286443,0.015873825703898264,8,0.011354568154894539
1170,-2.968802448456923,-1.520486737501946,0.014961913606097147,8,0.0
1170,-3.028856878836575,0.47895426816240055,0.015596680307208366,9,0.01825362113796831
1171,-2.970573990914625,-1.5353501410301242,0.016585782919039567,8,0.020298587963639578
1171,-3.033380576262954,0.4821112038577061,0.015214256697741521,8,0.01367501490048073
1172,-3.0380283365101577,-0.557150310074198,0.01499496385043026,4,0.0
1172,-2.9616986736665294,-1.5277415107724381,0.015820728336440906,9,0.0
1172,-3.0315911626628087,0.47857914844058214,0.01610182669373144,9,0.013253472466522304
1173,-3.051232081610966,-0.5351310710543559,0.016474848617289782,8,0.0
1173,-2.958176525723848,-1.5259258853429916,0.015783307365770733,9,0.0
1173,-3.018282843228244,1.4581266325113014,0.015931033395543234,10,0.018941535427056917
1173,-3.0333859948640995,0.4758176795835743,0.015946674481304917,9,0.013219589303363257
1174,-3.048686970682822,-0.5331634395589254,0.016721980162394432,8,0.0022765885047209243
1174,-3.031537282397478,0.4768221417001792,0.01644489067062096,8,0.01473040734474481
1175,-3.0387105351093466,-0.5493385659323438,0.014941998917493468,4,0.0009862602745748384
1175,-3.0004851794463003,1.4619834520384403,0.017380876068341464,9,0.0
1175,-3.032589989001359,0.46991983970667905,0.015769994467760697,9,0.013128133114897836
1176,-3.0433159026692205,-0.5417950715578977,0.01614345825469167,8,0.012458744553768804
1176,-2.9590564816530613,-1.526379553306543,0.015792911988323152,9,0.0
1176,-3.0298809610905333,0.47554655310413946,0.016031776451784094,9,0.013195423111359525
1177,-2.9713994576010405,-1.5547062129173257,0.015889287497609653,9,0.0
1177,-3.0320227487092373,0.4736597563798446,0.016467179105909335,9,0.013764842653457485
1178,-3.0305702853772982,-0.5375703493441656,0.015413879696401867,4,0.0
1178,-3.0272253796274677,0.47412918988223973,0.016279752905756496,9,0.02027920952660796
1179,-3.041007499332155,-0.5429143192673981,0.01615559206344504,8,0.011879864007971138
1179,-2.9637757187925122,-1.521541470903856,0.015810974141599526,8,0.0
1179,-3.033661497370877,0.468579631253588,0.01603125411160115,8,0.007616527922361825
1180,-3.0393948080676902,-0.5579119821698884,0.015518309657173934,4,0.001144101094521915
1180,-2.9634974890043857,-1.5408914439895773,0.015322761014890574,9,0.019423049007791425
1180,-3.0329280766565323,0.477528555281227,0.01578501253483571,9,0.018490159605504933
1181,-2.9701280916039576,-1.5561234184587835,0.01614925747367292,9,0.002737039858529548
1181,-3.0009163818540108,1.4605633561486429,0.015859691667869102,9,0.0
1181,-3.031593664618804,0.47798747901222066,0.01653779676102766,9,0.021632711549349537
1182,-2.9590564816530613,-1.526379553306543,0.015792911988323152,9,0.0
1182,-3.0346384799990602,0.4698832533835469,0.016018331611408625,9,0.017252382002782486
1183,-3.028390216148198,0.47531225156273466,0.01579254429976119,8,0.013789592429087307
1184,-3.052746728504664,-0.5353990783606205,0.01692956730223935,8,0.0
1184,-3.0345898141726195,0.47400726893026063,0.016836397356471102,9,0.013181939901460387
1185,-3.025164402999665,-0.5366118068572238,0.014913876766298568,4,0.0
1185,-2.9590564816530613,-1.526379553306543,0.015792911988323152,9,0.0
1185,-3.0310864092186964,0.47571432412806364,0.01617890356123462,9,0.01348165535375728
1186,-3.0401344792884255,-0.5417467027492404,0.015782308365934576,8,0.012449332123652082
1186,-3.033542954015779,0.4739441701264848,0.015897772218403033,8,0.011326781633645387
1187,-3.040624717206026,-0.5489289791788762,0.015782968344582367,8,0.0
1187,-3.0323451615828847,0.47538004704036846,0.016297434463852473,8,0.019912324051223652
1188,-3.0226328002728544,-0.536163838840254,0.015473028152794725,4,0.0
1188,-2.9572975059519044,-1.5254734281221147,0.01577221241150283,8,0.0
1188,-3.031242285331523,0.4817742103313475,0.015989079689631553,9,0.014941733953245488
1189,-3.032600501796411,0.4717433800121868,0.015506714689090272,9,0.014476297582520814
1190,-3.037401214615944,-0.5394754180012635,0.015601229732308278,8,0.014644235009672239
1190,-3.0302156743326423,0.47991448987788865,0.015963832286974525,9,0.02204019735614293
1191,-3.0374558375251106,-0.5575827361954432,0.015554516192000512,8,0.0013204280281915218
1191,-2.970594936704668,-1.5591234877751232,0.014928136954529651,8,0.0
1191,-3.0316065437058226,0.4836874657760426,0.015260740330058874,9,0.0013129126583393486
1192,-3.0407201778643427,-0.534816935767866,0.016567831501502865,7,0.012962306709937128
1192,-3.030270546028683,0.4812768649605164,0.016038117792882636,10,0.01915004468763749
1193,-3.028924827528403,0.47085951918343727,0.015708291382810637,9,0.013051067555054426
1194,-2.958176525723848,-1.5259258853429916,0.015783307365770733,9,0.0
1194,-3.0298906585876035,0.4691762151238851,0.016030128413396762,9,0.01709241409887468
1195,-3.049671164287546,-0.533336007131209,0.016723406695814905,8,0.0022785707183273947
1195,-3.0291398704423322,0.4754314087934944,0.015707584938615567,9,0.014158492038611742
1196,-3.0314444953248643,0.4724272165026351,0.016498915845733424,7,0.010776025389487012
1197,-2.970181371100459,-1.5555621565865647,0.016248447783290737,8,0.003145831924628981
1197,-3.0007514809852514,1.4676900779099162,0.015883268967959645,9,0.0
1197,-3.0333042384285505,0.4758033334026041,0.015868935990384515,9,0.013205538158559349
1198,-3.046605110907875,-0.5327975085507698,0.01587107278106467,8,0.0023424371584812934
1198,-2.968367960620649,-1.5403515804552148,0.01615932867120673,8,0.020364153370480143
1198,-3.032692022106628,0.47271907552448694,0.016436008112403207,7,0.011355440719516788
1199,-3.0482794777189692,-0.5346160036647793,0.01647146263997067,8,0.0
1199,-2.9661884534750826,-1.540464626397989,0.01563374401954764,9,0.018823276819347378
1199,-3.0310041432078023,1.4592136939866476,0.016345580288479482,9,0.003020949847784487
1199,-3.0318897378587386,0.4780034611467467,0.016620314553941674,9,0.021526198991966002
1200,-2.9572975059519044,-1.5254734281221147,0.01577221241150283,9,0.0
1200,-3.030367060404884,1.4628549900178562,0.01501240794024906,8,0.0
1200,-3.032276323743135,0.4698969285225813,0.015804866863207524,9,0.013829031199688794
