frame,center_x,center_y,radius,num_points,fitting_error
0,-3.649353028699986,-0.5846524719539354,0.016273892919024816,7,0.011568588701158044
0,-3.658959373464227,0.42780343891470657,0.015389909980052168,9,0.01590334987425456
1,-3.5647853651113164,-1.5918413723997853,0.016494931039339245,4,0.0
1,-3.639405986998736,0.4470009562954955,0.014597651427173139,8,0.0
2,-3.6495812257645692,-0.5891083988683321,0.01524768970182503,4,0.0
2,-3.567816309328803,-1.5849055026160097,0.01733057075359508,7,0.009033206050698007
2,-3.6373292218283604,0.43958907280021087,0.014588901079641503,8,0.01533025724147363
3,-3.6342462634106663,0.4463682022736328,0.014419814877786354,8,0.0
4,-3.6532918167135575,-0.5751738895259734,0.01709021745174265,6,0.0
4,-3.5755229321598723,-1.5966374559544563,0.015293404206197438,3,0.0
5,-3.647117925419328,-0.5908970572949453,0.015472077796629432,4,0.0035649692980166668
5,-3.5670456931669845,-1.6011566094733674,0.017343562128619008,4,0.0
5,-3.6352416394610683,0.44649005814364834,0.014422828656164208,8,0.0
6,-3.65020962691637,-0.5868564384070076,0.01713081704526452,4,0.0
7,-3.561273232211438,-1.5902745441922421,0.01567163969258437,4,0.0
7,-3.6392877809583664,0.42550335669754846,0.014753892985763815,8,0.0
8,-3.6408247063314993,0.43284393615935446,0.014449282433854026,8,0.015750232197775747
9,-3.6386322218499036,0.4469062067148126,0.014789345877083474,8,0.0
10,-3.6487529511690817,-0.5849184409379653,0.016334171299818772,7,0.012311173236101938
10,-3.6503917436026594,0.45554092743878005,0.01724471232485707,8,0.0
11,-3.6510557976655598,-0.5794053147855359,0.016260275069082605,7,0.011408752877600466
12,-3.650729211775197,-0.5852364833867088,0.016339486841521974,7,0.012320698860496259
12,-3.5629576227106234,-1.5910236876945665,0.016492108791887873,4,0.0
13,-3.6355474638458376,0.4536882318999297,0.014588236752508518,8,0.0
14,-3.660749092888373,-0.5763489371147956,0.017533018390123178,8,0.0
14,-3.558348809487137,-1.5972544308401795,0.014879967626864162,3,0.0
15,-3.648094383378929,-0.5782018300545292,0.016466992465677486,7,0.009482986310758805
15,-3.637354473240061,0.4539145205511239,0.014433559600571801,8,0.0
16,-3.60549012980322,1.4166838206301324,0.015170795255833489,8,0.0
17,-3.566757510006721,-1.5927238008997329,0.015679304836449682,4,0.0
17,-3.633314184910331,0.4534094504875601,0.015244624764492894,8,0.0
18,-3.6490316785368697,-0.5908888286781027,0.014643372857083906,4,0.00022287106724452066
18,-3.5621871058333325,-1.5906797309303708,0.01567182793225083,4,0.0
19,-3.5608779616719475,-1.5921677540298695,0.015756526366753815,4,0.003443931957697389
19,-3.6388362935123544,0.43978053020340124,0.014603770957664929,8,0.016174171657147268
20,-3.648298712442123,-0.5782861292429802,0.016342101614729394,7,0.009370602668353574
20,-3.638641054401811,0.42542837921558196,0.0144481980447579,8,0.0
21,-3.6532918167135575,-0.5751738895259734,0.01709021745174265,7,0.0
21,-3.6367608011580708,0.4252078212623571,0.015230837568513398,8,0.0
22,-3.6500694977910317,-0.5785172629259963,0.01647040080195121,7,0.00948825259446533
22,-3.6032056910074566,1.4279043653925785,0.01660979072106571,8,0.0
22,-3.6549500716812857,0.43451821797078666,0.014836039230054492,8,0.02091139185598608
23,-3.654278954061303,-0.5753294835701137,0.017091168433453992,7,0.0
23,-3.561655679975216,-1.5904453423287404,0.016078521691186287,4,0.0
23,-3.6410944900251065,0.41855613365844613,0.014759148578883323,8,0.0
24,-3.634144337165827,0.44635600465910885,0.01520660212893852,8,0.0
25,-3.569861736627343,-1.6024236104451508,0.014516596377465671,3,0.0
25,-3.6316048375466865,0.4460439174276871,0.014712905851226827,8,0.0
26,-3.6505719963349095,-0.5892703321743918,0.015251378101788152,4,0.0
26,-3.5651777684539483,-1.592016577899796,0.016913575553868382,4,0.0
26,-3.6326020777742944,0.44616599011329483,0.014717558302652927,8,0.0
27,-3.6502101369112667,-0.5746882855912648,0.01622972853730226,6,0.0
27,-3.6396258087109263,0.4470279516702428,0.014791652229339945,8,0.0
28,-3.6521841925149103,-0.5750003637550358,0.01623187613809529,6,0.0
28,-3.5607414879414976,-1.590036811666772,0.016077435302860824,4,0.0
28,-3.6416081484248375,0.42577528390639025,0.014461995336834909,8,0.0
29,-3.561655679975216,-1.5904453423287404,0.016078521691186287,4,0.0
29,-3.636023411300865,0.4478667631156431,0.015890642698988766,9,0.0018367066050031704
30,-3.6490443189618036,-0.5812050900988838,0.015944903921154115,6,0.010462491706387108
30,-3.6522489730249297,0.43656959155727176,0.014770424534237324,9,0.02685004965229147
31,-3.5618105743865396,-1.5905116482552584,0.015271910415669563,4,0.0
31,-3.636476080580285,0.44664165155329516,0.015518381657719089,9,0.0
32,-3.653170511549654,-0.5751536725371044,0.016233506596873965,7,0.0
32,-3.632914722196962,0.4462043944164226,0.014994541923515823,8,0.0
35,-3.632255909217369,0.44612346780599815,0.014412695800679706,8,0.0
36,-3.6489218764402738,-0.5872460396274666,0.015677873893168173,7,0.011814683897902054
36,-3.633264154596946,0.446247853800377,0.01442757064034151,8,0.0
37,-3.6461744163758523,-0.5854294192720081,0.014942320187805721,7,0.010950351180873478
37,-3.632440886001968,0.4461461897993923,0.014575355534189986,8,0.0
38,-3.6568007107766345,-0.5757268117008323,0.017529193962515188,8,0.0
38,-3.564015336535364,-1.5914975597278784,0.015675154081754978,4,0.0
38,-3.604614742335142,1.418251491230044,0.015514580319896026,8,0.0
38,-3.635593207757359,0.4465332318810923,0.014732445925105676,8,0.0
39,-3.6382275177235868,0.44685649258033316,0.014432776833079572,8,0.0
44,-3.6346522459870254,0.4464180724556431,0.014777542079392924,8,0.0
45,-3.6389792576954183,0.4469493146411715,0.01598664602893456,8,0.0
46,-3.651329033342028,-0.5849699989511535,0.016278307957247076,7,0.011577042549619727
46,-3.659149184282043,0.4278254932310826,0.015331839932507436,9,0.015120344788164753
47,-3.6515897531735226,-0.5859222149959841,0.01678953158377743,7,0.012368046490994872
47,-3.570100671901245,-1.5859197585797409,0.01691043954664702,7,0.009004982998473979
47,-3.6372321393921467,0.44673463637708155,0.014429761010166554,8,0.0
48,-3.6355474638458376,0.4536882318999297,0.014588236752508518,8,0.0
49,-3.557208069806184,-1.5988155681773644,0.016102377773180868,4,0.0034227679799920642
49,-3.657085611502165,0.43476975679607205,0.015416671532769025,8,0.02220197091244435
51,-3.6384114759381445,0.4468790901344709,0.014594523005289824,9,0.0
52,-3.650453733105717,-0.5918213581829475,0.0155414543899844,4,0.0024557645261131782
52,-3.570557816395886,-1.5861234845437817,0.017334219408377184,7,0.009039013743262549
52,-3.6375383455953108,0.4539374800800427,0.014595274802041687,8,0.0
53,-3.6497847331880267,-0.5817225981483207,0.016451209203063137,7,0.011293199420411576
53,-3.6698146848081254,0.42907204843961494,0.017355412166929356,8,0.0
54,-3.6398771392620772,0.4470588165122559,0.01501439224247353,9,0.0
55,-3.6050545499333957,1.4286360615782754,0.016622286257228874,8,0.0
55,-3.6425483521609054,0.44021525267974526,0.014540255527960975,8,0.016184217244793624
56,-3.6488599533654766,-0.5825600536584056,0.01631805540654905,7,0.012395474702048109
56,-3.569643852624094,-1.585717266042332,0.017333122200562136,7,0.009038444461434944
56,-3.639312823149039,0.4398288452881916,0.014597684987083064,8,0.015334140875679688
57,-3.5572677707148177,-1.5967675669413792,0.015669261444326472,4,0.0
57,-3.6396258087109263,0.4470279516702428,0.014791652229339945,9,0.0
58,-3.6388828685403847,0.4469369963274018,0.015011487608559776,8,0.0
59,-3.5629576227106234,-1.5910236876945665,0.016492108791887873,4,0.0
59,-3.633657864007455,0.44629623013993447,0.014774532792654196,8,0.0
60,-3.650142675071945,-0.5918329241776903,0.015246614166468043,4,0.0024026867197583504
60,-3.5653118401428365,-1.592077215487548,0.016083207525123367,4,0.0
60,-3.635768479159057,0.45371581164240105,0.014783351182569392,8,0.0
61,-3.6505719963349095,-0.5892703321743918,0.015251378101788152,4,0.0
61,-3.568273168941639,-1.58510776181067,0.01690770174071815,7,0.008999448752936212
62,-3.6521979649697305,-0.5871778565184634,0.017144814631806976,4,0.0
63,-3.6334363936165133,0.4462690173617755,0.01457904681106619,8,0.0
64,-3.654583448448474,-0.5753772775264503,0.015814467442852195,7,0.0
64,-3.6361385345957533,0.44660019980158583,0.015216550881436816,8,0.0
65,-3.652479312274664,-0.5847168613655226,0.015922159845177544,7,0.011634354973578903
65,-3.572963404548996,-1.603815374598454,0.014903393282316586,3,0.0
66,-3.564015336535364,-1.5914975597278784,0.015675154081754978,4,0.0
67,-3.6512449017703017,-0.593085071397962,0.016009660502569526,4,0.001129898175563218
67,-3.564553136446486,-1.5917383983317615,0.015276703261286035,4,0.0
67,-3.637416271817804,0.4467572617650336,0.014591664982562863,9,0.0
68,-3.6383491200263594,0.45403840792404954,0.014436809869941213,8,0.0
69,-3.571014843859161,-1.5863272650938745,0.01691170049562246,7,0.009007894016020224
69,-3.634144337165827,0.44635600465910885,0.01520660212893852,9,0.0
70,-3.641962310666772,0.44014632176420254,0.014456954557199014,8,0.015777775214329354
71,-3.651043498462759,-0.5872944933127787,0.015057233259944035,4,0.0
71,-3.6413336533734104,0.45440984423449915,0.014445890717565264,8,0.0
72,-3.6493021235524497,-0.5810514308089956,0.01597421778118276,8,0.012372966097433546
72,-3.5660923134525033,-1.592425754381487,0.016915319322031424,4,0.0
72,-3.6422881381482926,0.44018815945528833,0.014609453254016878,8,0.015339732090544376
73,-3.652516005628031,-0.5825249317921403,0.01683141067872488,7,0.011361456853889654
73,-3.568730047621445,-1.585310127839904,0.017331642272094758,6,0.009034148523977844
73,-3.640618935740881,0.4256593145785835,0.01445774018808379,8,0.0
74,-3.6464178158706346,0.44068998960437333,0.014862129021932634,9,0.014927440082918561
75,-3.6331457437092576,0.4462327724059938,0.015200163802597151,8,0.0
76,-3.6535966061370972,-0.5752207867751863,0.015813203207308234,6,0.0
76,-3.6316048375466865,0.4460439174276871,0.014712905851226827,8,0.0
77,-3.6342462634106663,0.4463682022736328,0.014419814877786354,8,0.0
78,-3.6474842338753404,-0.5828350283819621,0.015835786120489775,7,0.010524726112137686
78,-3.568273168941639,-1.58510776181067,0.01690770174071815,7,0.008999448752936212
78,-3.6375383455953108,0.4539374800800427,0.014595274802041687,8,0.0
79,-3.6502101369112667,-0.5746882855912648,0.01622972853730226,7,0.0
80,-3.6483271456978748,-0.591787545872931,0.015831785131079284,4,0.0025532914296150125
81,-3.565988343272104,-1.5840932906645375,0.017328520130778558,7,0.009030208028507663
81,-3.6259293638485053,1.436906711476358,0.016697029006549076,8,0.0
81,-3.6396297218660654,0.4255433451289167,0.014453486097216698,8,0.0
82,-3.6414586965007096,-0.5696922110401349,0.015059837017621048,7,0.0
82,-3.6045692209449207,1.4163214833445306,0.01516006365177151,8,0.0
82,-3.637416271817804,0.4467572617650336,0.014591664982562863,8,0.0
83,-3.6482882560400727,-0.5920136806663385,0.01553502375519923,4,0.0024456507482619027
83,-3.564929523555271,-1.5919064829350225,0.015676485105812744,4,0.0
84,-3.6480938533610563,-0.5840492957972826,0.016186061204112263,7,0.011943563423723684
84,-3.5598270238802794,-1.5896295843792114,0.016076136861310878,4,0.0
84,-3.6365428427356927,0.4538126544562672,0.014591586802689077,8,0.0
85,-3.560358486279661,-1.5898657721110494,0.015669961286813805,4,0.0
85,-3.640618935740881,0.4256593145785835,0.01445774018808379,8,0.0
86,-3.6484928697848646,-0.5812475369666644,0.016681065981411967,7,0.011462652997642047
87,-3.6582260532349378,-0.5759492897423487,0.017096106890056858,7,0.0
87,-3.6319198114654427,0.4460826189028728,0.01499195740414461,8,0.0
88,-3.6495447119631197,-0.578484481156508,0.016097928530957654,6,0.009528143927855245
88,-3.631957055614733,0.4470747596007981,0.015613620381717564,9,0.0
89,-3.6521841925149103,-0.5750003637550358,0.01623187613809529,7,0.0
89,-3.63858462185983,0.4469003594990749,0.014747269744002953,8,0.0
90,-3.566613957187673,-1.5926570839345293,0.01649723450645385,4,0.0
90,-3.635363208026881,0.4536652392486615,0.014426185332539317,8,0.0
91,-3.6506772861534866,-0.5792882343523328,0.016452237371045342,6,0.01083764595165159
91,-3.5720979929819126,-1.5951062448017321,0.016504593657443823,4,0.0
91,-3.6319917673648234,0.4460912726515457,0.015944858330708016,8,0.0
92,-3.5608961938298007,-1.5901061618425654,0.015271146341692656,4,0.0
93,-3.5618105743865396,-1.5905116482552584,0.015271910415669563,4,0.0
93,-3.6182888262472197,1.4257360348938928,0.01665955776646828,8,0.017864699957694793
93,-3.6541446242119275,0.4344196819968262,0.015487954642986966,8,0.02166574308771614
95,-3.5607414879414976,-1.590036811666772,0.016077435302860824,4,0.0
96,-3.6505719963349095,-0.5892703321743918,0.015251378101788152,7,0.0
96,-3.658850468178475,0.42779070823055904,0.015485729458956439,9,0.015929166365249735
97,-3.6487857458912796,-0.5860586823866891,0.015983900659255174,7,0.011334987201547764
97,-3.640618935740881,0.4256593145785835,0.01445774018808379,8,0.0
98,-3.6316048375466865,0.4460439174276871,0.014712905851226827,8,0.0
99,-3.646989155457804,-0.5923610972194197,0.014738097068779316,4,0.0005672764234057517
99,-3.5618105743865396,-1.5905116482552584,0.015271910415669563,4,0.0
99,-3.644072606753826,0.4260632228794147,0.015804219059204306,9,0.0
100,-3.6471305593233563,-0.5863555565096049,0.01559586598333369,7,0.011584637924297389
100,-3.636253950556391,0.44661494306917154,0.014441272625246531,8,0.0
101,-3.647998959379335,-0.5917502427834141,0.01550867822188875,4,0.002421669501276777
101,-3.6578562446781167,0.42767459074019054,0.015481619073839915,9,0.015924492788027614
103,-3.57096763900583,-1.6029201445855483,0.015690172333292167,3,0.0
103,-3.600436856167549,1.4268068956074529,0.016588041711109447,8,0.0
103,-3.641698682038883,0.454455398277039,0.0147674437646994,8,0.0
104,-3.656131190713425,-0.5756201076063862,0.01623698436399453,6,0.0
104,-3.632662529720079,0.44617341584893433,0.014770996189075396,8,0.0
105,-3.655570771158771,-0.5755328436272447,0.01581525826483005,7,0.0
105,-3.636642631227072,0.44666268839381384,0.01478379528540102,8,0.0
106,-3.6378887024908355,0.44681531198215263,0.015009564233536908,9,0.0
107,-3.6547138580714855,-0.5753979469033735,0.01666106877712973,6,0.0
107,-3.5647853651113164,-1.5918413723997853,0.016494931039339245,4,0.0
107,-3.6374703387977636,0.44676436354669535,0.015520945314320073,9,0.0
108,-3.659683593726717,0.42788788067508726,0.014928791594755662,9,0.014871365288113496
109,-3.651569647366024,-0.5894303816230685,0.015261994392894407,4,0.0
110,-3.6376371711802373,0.4467844049136236,0.0147866294513548,9,0.0
111,-3.633657864007455,0.44629623013993447,0.014774532792654196,8,0.0
112,-3.6516231892833635,-0.57491090587625,0.015810562294268245,6,0.0
112,-3.654984679414992,0.436899084495137,0.015625344214314645,9,0.027371734734219878
113,-3.647339178479646,-0.5869957177318663,0.015966155055558262,7,0.01165940891222858
113,-3.561655679975216,-1.5904453423287404,0.016078521691186287,4,0.0
114,-3.645239690516692,0.45489737282153886,0.015271579679044984,8,0.0
115,-3.658104936941768,-0.5759321353652722,0.01623943799629738,7,0.0
115,-3.570269905023374,-1.5942907575343837,0.01650282701066049,4,0.0
115,-3.6386322218499036,0.4469062067148126,0.014789345877083474,7,0.0
116,-3.651569647366024,-0.5894303816230685,0.015261994392894407,4,0.0
116,-3.632914722196962,0.4462043944164226,0.014994541923515823,8,0.0
117,-3.568273168941639,-1.58510776181067,0.01690770174071815,7,0.008999448752936212
117,-3.6428603587164057,0.44027346359087505,0.015244786775998578,8,0.01875205599108059
118,-3.649741180055623,-0.5850777794147695,0.016336866445979144,7,0.012314992022396014
119,-3.6475254719335255,-0.5837657280089684,0.015938636676242755,7,0.013882000071492899
119,-3.6581914954968906,0.43490244147977797,0.015547473547892834,8,0.023257658554726304
120,-3.6495812257645692,-0.5891083988683321,0.01524768970182503,4,0.0
120,-3.6316674830659053,0.44605161480787914,0.014768283540106874,8,0.0
121,-3.6595131820545,0.4278681773906641,0.016089371156690055,9,0.01727299109911351
122,-3.572963404548996,-1.603815374598454,0.014903393282316586,3,0.0
123,-3.6491542594222617,-0.5916724497435519,0.015244817591420497,4,0.002404295888639792
123,-3.6578332241343112,0.42767179561291935,0.014799587870369117,9,0.014590294545429691
124,-3.6520992333940825,-0.5817236329204888,0.016562508083500495,7,0.00791859577684606
124,-3.5630455255001072,-1.5931382279498978,0.01610828062870183,4,0.003422622810733785
124,-3.6281220058357917,0.4527609021616002,0.015923315063798585,9,0.0
125,-3.655700045569972,-0.5755521945290566,0.016662831272666507,7,0.0
125,-3.564535286698072,-1.593804004283348,0.015764819670249546,4,0.0034486849833673533
126,-3.651201562740214,-0.5870183055865917,0.017135308302148773,4,0.0
126,-3.6508274276686046,0.4340295162180487,0.014750741053594791,8,0.021271747673715882
127,-3.5646175136946594,-1.5834846765758617,0.016902317962853915,7,0.008990138339674244
127,-3.636476080580285,0.44664165155329516,0.015518381657719089,8,0.0
128,-3.636176635374163,0.44660487870191523,0.015250539667049723,8,0.0
130,-3.654583448448474,-0.5753772775264503,0.015814467442852195,7,0.0
130,-3.6346522459870254,0.4464180724556431,0.014777542079392924,8,0.0
131,-3.561521604255007,-1.5903851933088313,0.016909210739584766,4,0.0
131,-3.636642631227072,0.44666268839381384,0.01478379528540102,8,0.0
132,-3.654583448448474,-0.5753772775264503,0.015814467442852195,7,0.0
132,-3.5669023471274164,-1.5844992764711945,0.017329509501651907,7,0.009030396505080472
133,-3.632255909217369,0.44612346780599815,0.014412695800679706,8,0.0
134,-3.6492331532366165,-0.5847605061612725,0.016470091538983413,6,0.012410822367401972
134,-3.634677326609887,1.4180959184675024,0.015624708048871564,8,0.0
134,-3.636322306662581,0.4251572012308705,0.014738328328011073,8,0.0
135,-3.6465898999244155,-0.5854674371400975,0.015258184033395851,7,0.010769930754480121
135,-3.5715761424524843,-1.5948748256119492,0.016922432452374393,4,0.0
135,-3.635647294663986,0.44653987393017525,0.014780256649381497,8,0.0
136,-3.6495528885493007,-0.5820509238469846,0.016825376392649163,6,0.011348129401497575
136,-3.63418160507196,0.447364566407014,0.015832534324365988,9,0.0
137,-3.648917790980996,-0.5813712082325064,0.016182437808300948,6,0.010765929935991883
137,-3.5742133647882266,-1.5877472261822454,0.017338389965183686,7,0.009046041164867137
137,-3.635593207757359,0.4465332318810923,0.014732445925105676,8,0.0
138,-3.641867624789112,0.4401539338266198,0.015239562651008058,8,0.018743489604589113
139,-3.652610512809531,-0.5750674725012606,0.015811352141330927,7,0.0
139,-3.6389867044904713,0.4397869175648537,0.014445649894327795,8,0.015771924530436198
140,-3.648705256215061,-0.5866211413262963,0.015300357331873637,7,0.011743461397790228
140,-3.6321564602492797,0.4461115013870958,0.016093749985185552,7,0.0
141,-3.654278954061303,-0.5753294835701137,0.017091168433453992,6,0.0
141,-3.5603028400414822,-1.5919125854917024,0.016102290860768847,4,0.003418451658043553
141,-3.6546186416327124,0.4344778123023277,0.01498198386078095,8,0.021082454300321622
142,-3.654278954061303,-0.5753294835701137,0.017091168433453992,7,0.0
142,-3.567006299714406,-1.5928322429494093,0.016915800127681936,4,0.0
142,-3.635647294663986,0.44653987393017525,0.014780256649381497,8,0.0
143,-3.6491568970104193,-0.5813992035991786,0.016214893513116592,7,0.011644425443054923
143,-3.6316048375466865,0.4460439174276871,0.014712905851226827,8,0.0
144,-3.651569647366024,-0.5894303816230685,0.015261994392894407,4,0.0
145,-3.6505719963349095,-0.5892703321743918,0.015251378101788152,4,0.0
145,-3.650384361151245,0.4363561554282283,0.015297492937817613,9,0.025817414306133595
146,-3.6499454567847223,-0.5925430715903861,0.014732349513127279,4,0.0
146,-3.570557816395886,-1.5861234845437817,0.017334219408377184,6,0.009039013743262549
146,-3.629109244286961,1.4240404794304613,0.015605515235622931,8,0.0
147,-3.6485866530251774,-0.5889488464523595,0.015240104889305307,4,0.0
147,-3.6312605354590026,0.4460016123418232,0.0144096841122118,8,0.0
148,-3.6473093312975444,-0.5837340088548035,0.015227097506318787,7,0.011741597962518547
149,-3.6499055266746643,-0.5815295210730222,0.016184032294264704,6,0.010768782352421171
149,-3.621524997984422,1.424973345090247,0.017051969595175444,8,0.023380807902719528
150,-3.645835797366077,-0.5827426564233207,0.01603472681602269,7,0.012908703478287159
150,-3.5599819078409674,-1.5896976010157928,0.015269953661500999,4,0.0
150,-3.6022869724516697,1.4275387419677767,0.016599418678207536,8,0.0
150,-3.6302649683336496,0.44587917507881586,0.014406171551630332,8,0.0
151,-3.6521841925149103,-0.5750003637550358,0.01623187613809529,6,0.0
151,-3.571183992810383,-1.5946996968906368,0.016504071937418232,4,0.0
151,-3.6343227571817662,0.4495525396142579,0.017359488695819617,9,0.00038041241007289416
152,-3.5598270238802794,-1.5896295843792114,0.016076136861310878,4,0.0
152,-3.6346522459870254,0.4464180724556431,0.014777542079392924,8,0.0
153,-3.6482295047530364,-0.5919177702975288,0.015947126811762247,4,0.0
153,-3.6365428427356927,0.4538126544562672,0.014591586802689077,8,0.0
154,-3.6505719963349095,-0.5892703321743918,0.015251378101788152,4,0.0
154,-3.561521604255007,-1.5903851933088313,0.016909210739584766,4,0.0
154,-3.660992787928021,0.4280412829506508,0.01496714211470439,9,0.014641791472448804
155,-3.6041697160918997,1.4323311563954757,0.017369827296796526,8,0.0
155,-3.6352416394610683,0.44649005814364834,0.014422828656164208,8,0.0
156,-3.636322306662581,0.4251572012308705,0.014738328328011073,8,0.0
157,-3.585180204458468,-1.592619666902528,0.016512507834322024,6,0.009002287146090075
158,-3.6494104295273506,-0.5927674097745549,0.015176406662603732,4,0.000769292122193889
158,-3.638067660347743,0.43969098936199613,0.014844024414156377,8,0.01727259911965537
160,-3.6505719963349095,-0.5892703321743918,0.015251378101788152,4,0.0
160,-3.630330427958699,0.4530365087548272,0.015235937030878137,8,0.0
161,-3.5618105743865396,-1.5905116482552584,0.015271910415669563,4,0.0
161,-3.6334363936165133,0.4462690173617755,0.01457904681106619,8,0.0
162,-3.6506651710139884,-0.5841616255533545,0.015570406598926048,7,0.011319931987562436
163,-3.6480915923260975,-0.5908721227244673,0.014720231020548074,4,0.0
164,-3.567006299714406,-1.5928322429494093,0.016915800127681936,4,0.0
164,-3.651518224748708,0.43410957196355665,0.014868063661854442,8,0.021059457363687636
165,-3.649589932775055,-0.5932176466035968,0.015494506531793845,4,0.0
165,-3.645971614929861,0.44160717582578374,0.016308979046427977,9,0.014430021320524022
166,-3.6535966061370972,-0.5752207867751863,0.015813203207308234,6,0.0
166,-3.636923567411352,0.4395383503529563,0.014668170965444932,8,0.015605919325424203
167,-3.649579932273244,-0.5827033906514109,0.016169633196459608,7,0.012660815580902634
167,-3.5598270238802794,-1.5896295843792114,0.016076136861310878,4,0.0
167,-3.645239690516692,0.45489737282153886,0.015271579679044984,8,0.0
168,-3.646852186615348,-0.5790975534730861,0.016282231460324037,7,0.013807735250459426
168,-3.604130480583646,1.4282697052683855,0.016615336477730575,8,0.0
168,-3.642596811469827,0.4258902492714489,0.014467287288087702,8,0.0
169,-3.655700045569972,-0.5755521945290566,0.016662831272666507,7,0.0
169,-3.6577485366933744,0.43485064438102733,0.015143985242113342,8,0.022106731895260596
170,-3.640618935740881,0.4256593145785835,0.01445774018808379,8,0.0
171,-3.632255909217369,0.44612346780599815,0.014412695800679706,8,0.0
172,-3.563483690300607,-1.5912616830318382,0.016081361258476756,4,0.0
172,-3.662421293620042,0.4282082017810339,0.015868150233319563,9,0.01604891311854937
173,-3.6509490099002435,-0.5930041337355191,0.014750615212535517,4,0.0005610955515529072
173,-3.6384114759381445,0.4468790901344709,0.014594523005289824,9,0.0
174,-3.5643977053201747,-1.5916682848641013,0.01608192211545377,4,0.0
174,-3.6334363936165133,0.4462690173617755,0.01457904681106619,8,0.0
175,-3.6334363936165133,0.4462690173617755,0.01457904681106619,8,0.0
176,-3.6364216138777516,0.44663553874151646,0.014588722087880155,9,0.0
177,-3.6383491200263594,0.45403840792404954,0.014436809869941213,8,0.0
178,-3.653319228924401,0.4355194738586874,0.015232093214615078,9,0.023806714261575518
180,-3.6501844734239026,-0.5819639508021166,0.01619938071652118,7,0.011125235447570127
180,-3.6386789423016728,0.43978190774013826,0.016585942597925195,8,0.02247024822527747
181,-3.5660923134525033,-1.592425754381487,0.016915319322031424,4,0.0
182,-3.63620991456001,0.4394477699246208,0.014612507056287267,8,0.016614839562369317
183,-3.655700045569972,-0.5755521945290566,0.016662831272666507,6,0.0
183,-3.573299379041181,-1.5873404419724262,0.016496427234600625,7,0.008975355311417927
183,-3.6368942669956934,0.4466935991963848,0.01500682831067752,8,0.0
184,-3.6473013798738405,-0.5724191748493792,0.016058581663659612,8,0.003150877129092157
184,-3.571014843859161,-1.5863272650938745,0.01691170049562246,7,0.009007894016020224
184,-3.6294047945351084,0.45292091909577487,0.01709146854810073,9,0.0
185,-3.6502101369112667,-0.5746882855912648,0.01622972853730226,7,0.0
185,-3.569643838545765,-1.5857171748278889,0.016491786645644723,7,0.0089680030297343
185,-3.6396297218660654,0.4255433451289167,0.014453486097216698,8,0.0
186,-3.570557816395886,-1.5861234845437817,0.017334219408377184,7,0.009039013743262549
186,-3.635363208026881,0.4536652392486615,0.014426185332539317,8,0.0
187,-3.6363587726798547,0.4537896767944388,0.01442969698090166,8,0.0
188,-3.6541576923041537,-0.575310235436594,0.016234429531007077,6,0.0
188,-3.6384114759381445,0.4468790901344709,0.014594523005289824,8,0.0
189,-3.5685857950421904,-1.593540251846065,0.015682441981881366,4,0.0
189,-3.631156861291615,1.422704659218204,0.014424519860510925,8,0.0
189,-3.6386322218499036,0.4469062067148126,0.014789345877083474,8,0.0
190,-3.6396258087109263,0.4470279516702428,0.014791652229339945,8,0.0
191,-3.63875306877081,0.4540888333164178,0.014792801303240283,8,0.0
192,-3.5655749456604933,-1.5921939148985766,0.017337866112427325,4,0.0
192,-3.658412022127234,0.4349285638125389,0.015274964599167317,8,0.02216120001031916
193,-3.655700045569972,-0.5755521945290566,0.016662831272666507,7,0.0
193,-3.569643838545765,-1.5857171748278889,0.016491786645644723,7,0.0089680030297343
193,-3.6382466268404543,0.4468588399573586,0.014449552239835066,8,0.0
194,-3.650639803496354,-0.5814861056567514,0.015978380629059305,7,0.01587175759997714
194,-3.655469772080602,0.434577801448877,0.015314460299931248,8,0.021491563867964726
195,-3.6558011463859885,0.4346181492328484,0.015152434150551815,8,0.021444097761558756
196,-3.6535966061370972,-0.5752207867751863,0.015813203207308234,7,0.0
197,-3.636642631227072,0.44666268839381384,0.01478379528540102,8,0.0
198,-3.5581349482388056,-1.5909436244228599,0.01575132228027427,4,0.003439221356168032
198,-3.6371716814352912,0.4467276766369749,0.01525381395381093,9,0.0
199,-3.65498401003751,-0.5890265348144139,0.014849008496376105,7,0.0
199,-3.5627245577213245,-1.5909226368908642,0.01527437220563477,4,0.0
199,-3.6581914954968906,0.43490244147977797,0.015547473547892834,8,0.023257658554726304
200,-3.561918891760744,-1.5905626125874714,0.017333651299725018,4,0.0
200,-3.639312823149039,0.4398288452881916,0.014597684987083064,8,0.015334140875679688
201,-3.6342462634106663,0.4463682022736328,0.014419814877786354,8,0.0
202,-3.651046938436386,-0.5823275736543844,0.01646104810138769,7,0.011508717238502716
202,-3.6384114759381445,0.4468790901344709,0.014594523005289824,9,0.0
203,-3.5627245577213245,-1.5909226368908642,0.01527437220563477,4,0.0
204,-3.632662529720079,0.44617341584893433,0.014770996189075396,8,0.0
205,-3.5659881619394924,-1.584094279660523,0.01648613408094008,7,0.008958686525837303
205,-3.639405986998736,0.4470009562954955,0.014597651427173139,8,0.0
206,-3.649223510049406,-0.5745339293495205,0.016228401900431448,6,0.0
206,-3.640618935740881,0.4256593145785835,0.01445774018808379,8,0.0
207,-3.6342462634106663,0.4463682022736328,0.014419814877786354,8,0.0
208,-3.6481198061059645,-0.5865160297693621,0.015599207684873112,7,0.011589721473254256
208,-3.560047994183696,-1.5814546439857176,0.016065521750493982,7,0.008907561286685284
208,-3.6362373470739313,0.4466129035064193,0.014426696521532325,8,0.0
209,-3.6545175575104762,-0.5965982575827689,0.016429398102013392,8,0.0
209,-3.6362373470739313,0.4466129035064193,0.014426696521532325,7,0.0
210,-3.655265465642268,-0.5754837404116111,0.017092612659691774,7,0.0
210,-3.5691870221650586,-1.5855146642404017,0.01690932597320938,7,0.009003832893748911
211,-3.6532918167135575,-0.5751738895259734,0.01709021745174265,7,0.0
211,-3.5629576227106234,-1.5910236876945665,0.016492108791887873,4,0.0
212,-3.631864095485235,1.4169977596226964,0.015604542521022714,8,0.0
212,-3.631445686158071,0.4460243621783738,0.014572501450144116,8,0.0
213,-3.5599819078409674,-1.5896976010157928,0.015269953661500999,4,0.0
213,-3.633657864007455,0.44629623013993447,0.014774532792654196,8,0.0
214,-3.6475048927696743,-0.581089382587388,0.01667848535774009,6,0.011457547914787456
214,-3.5664451995467097,-1.5842955599803665,0.016905574062999126,7,0.008996450503060345
215,-3.6499579986862325,-0.5928424929012995,0.014746478934303186,4,0.0005597507681684488
215,-3.5650397781614003,-1.5836697021673432,0.016478370865280763,4,0.0
217,-3.65384003914259,-0.5752603888328652,0.017525746271777262,6,0.0
217,-3.5664451995467097,-1.5842955599803665,0.016905574062999126,7,0.008996450503060345
217,-3.6342462634106663,0.4463682022736328,0.014419814877786354,8,0.0
218,-3.6541576923041537,-0.575310235436594,0.016234429531007077,7,0.0
218,-3.5655312952210303,-1.5838920143789252,0.016903945051851048,7,0.008994738927544857
218,-3.661575053078937,0.42810937718533837,0.01573209422634097,9,0.01601090240947916
219,-3.657085611502165,0.43476975679607205,0.015416671532769025,8,0.02220197091244435
220,-3.6511931080328446,0.436433574561351,0.015587952758496759,9,0.030042964530887624
221,-3.6516231892833635,-0.57491090587625,0.015810562294268245,7,0.0
221,-3.5646175136946594,-1.5834846765758617,0.016902317962853915,7,0.008990138339674244
221,-3.6554280231068916,0.4345741047353487,0.0152632317719012,8,0.022140517824455128
222,-3.6521841925149103,-0.5750003637550358,0.01623187613809529,7,0.0
222,-3.6375885928559515,0.4396157885144232,0.014520861424862608,8,0.016180947723266302
223,-3.658524149046862,0.4277525625541652,0.014999192378713597,9,0.015026531495009536
224,-3.6392877809583664,0.42550335669754846,0.014753892985763815,8,0.0
225,-3.629674330501647,1.4383908311655575,0.016725595624332176,8,0.0
225,-3.640276526271719,0.4256192826523337,0.014758560104224917,8,0.0
226,-3.6522077251733585,-0.5877783648059909,0.016377432685429096,8,0.01163395368651976
226,-3.567527767834148,-1.5930678017111954,0.016499335914394245,4,0.0
227,-3.562747895320693,-1.5992303648950013,0.01567838231461286,4,0.0
227,-3.6389867044904713,0.4397869175648537,0.014445649894327795,8,0.015771924530436198
229,-3.6470813963708095,-0.5785693492700515,0.016123757358329462,7,0.011028664907333284
230,-3.6408247063314993,0.43284393615935446,0.014449282433854026,9,0.015750232197775747
231,-3.5627245577213245,-1.5909226368908642,0.01527437220563477,4,0.0
231,-3.636763695070467,0.4538402236893151,0.014786558680941383,8,0.0
232,-3.6532918167135575,-0.5751738895259734,0.01709021745174265,7,0.0
232,-3.564015336535364,-1.5914975597278784,0.015675154081754978,4,0.0
232,-3.6183700560201877,1.4267831303868541,0.01609679511582878,8,0.021021398117877392
232,-3.633657864007455,0.44629623013993447,0.014774532792654196,8,0.0
233,-3.6483271456978748,-0.591787545872931,0.015831785131079284,4,0.0025532914296150125
233,-3.5723919399678152,-1.5869349097858731,0.01449811776254917,3,0.0
233,-3.6517786776612886,0.4341410140149966,0.01511862473660204,8,0.022061765450226183
234,-3.646273406013414,-0.5789710127557095,0.01647741890729285,7,0.013374036544904693
234,-3.5646604657804954,-1.5917872581371724,0.01733688319504259,4,0.0
234,-3.637310662484035,0.4252721179969572,0.014743899380048518,8,0.0
235,-3.6568007107766345,-0.5757268117008323,0.017529193962515188,7,0.0
235,-3.6352566208342285,0.4464918979052661,0.014435980543247545,8,0.0
236,-3.653170511549654,-0.5751536725371044,0.016233506596873965,8,0.0
236,-3.56896794386666,-1.5937109331656625,0.01608897548948077,4,0.0
236,-3.635363208026881,0.4536652392486615,0.014426185332539317,8,0.0
237,-3.6475030657328236,-0.5787485638681749,0.016561214792989738,7,0.010547992846943454
237,-3.6316048375466865,0.4460439174276871,0.014712905851226827,8,0.0
238,-3.651838104395533,-0.5731303830005365,0.016445021296533746,7,0.0031023177445763574
238,-3.569643838545765,-1.5857171748278889,0.016491786645644723,7,0.0089680030297343
238,-3.63858462185983,0.4469003594990749,0.014747269744002953,8,0.0
239,-3.5673594826547363,-1.5847028894537436,0.01690669298958311,7,0.008998660462424765
239,-3.6312605354590026,0.4460016123418232,0.0144096841122118,8,0.0
240,-3.6496212544571343,-0.5925791624529501,0.01441689302229119,4,0.0
240,-3.5660923134525033,-1.592425754381487,0.016915319322031424,4,0.0
240,-3.6388362935123544,0.43978053020340124,0.014603770957664929,8,0.016174171657147268
241,-3.563350112727463,-1.5911988942346729,0.016910837676520497,4,0.0
241,-3.6375873738682256,0.4467782860375325,0.014742610404896146,8,0.0
242,-3.6492141096619606,-0.5790219743511772,0.01681696966876527,6,0.010625273235599659
242,-3.640618935740881,0.4256593145785835,0.01445774018808379,8,0.0
243,-3.6463875659619243,-0.5857028023842887,0.01564278177380243,7,0.011442262161839968
243,-3.561655679975216,-1.5904453423287404,0.016078521691186287,4,0.0
243,-3.6362373470739313,0.4466129035064193,0.014426696521532325,8,0.0
244,-3.6385808892382867,0.43973598451742535,0.014524663495386433,8,0.016181639748738673
245,-3.6354261038386446,0.4465127109729704,0.014585028672356202,8,0.0
246,-3.6463035188181525,-0.5835778782229423,0.016406188377586898,7,0.013243685362406107
246,-3.6389074359335147,0.4397783813661882,0.014676917453133303,8,0.01560983170315033
247,-3.655700045569972,-0.5755521945290566,0.016662831272666507,7,0.0
248,-3.6506363462206215,-0.5747554146064285,0.015809298955285735,7,0.0
248,-3.640276526271719,0.4256192826523337,0.014758560104224917,8,0.0
249,-3.6541576923041537,-0.575310235436594,0.016234429531007077,7,0.0
249,-3.606436743383573,1.4108958144735997,0.015505350703360881,8,0.0
250,-3.650648411524573,-0.5729445372518363,0.015695239234111903,6,0.003211183505204304
250,-3.570775377022367,-1.6028333114883277,0.014518169059512694,3,0.0
250,-3.640276526271719,0.4256192826523337,0.014758560104224917,8,0.0
251,-3.6482199956345194,-0.5865383064053378,0.017115115667133963,4,0.0
251,-3.6032056910074566,1.4279043653925785,0.01660979072106571,8,0.0
252,-3.5738777235694994,-1.5959004017787872,0.01451663075399973,3,0.0
252,-3.639573247010074,0.43985638199321647,0.014528635069438297,8,0.016182639234192983
253,-3.657239812742418,-0.5757959393007379,0.017094443212327427,7,0.0
253,-3.5639596102864326,-1.593547469337126,0.016109928180348485,4,0.0034235055500167607
253,-3.6032056910074566,1.4279043653925785,0.01660979072106571,8,0.0
253,-3.633192634695606,0.44623853235413596,0.015241994648733836,9,0.0
254,-3.6535313694996976,-0.5974712917899339,0.014408933022841979,8,0.0
254,-3.5627245577213245,-1.5909226368908642,0.01527437220563477,4,0.0
254,-3.6358990840008723,0.44657079448490145,0.01500342845679657,8,0.0
255,-3.632662529720079,0.44617341584893433,0.014770996189075396,8,0.0
256,-3.651046938436386,-0.5823275736543844,0.01646104810138769,7,0.011508717238502716
257,-3.6505719963349095,-0.5892703321743918,0.015251378101788152,4,0.0
257,-3.562569362911514,-1.5908503695129232,0.016078468876406547,4,0.0
257,-3.635647294663986,0.44653987393017525,0.014780256649381497,8,0.0
259,-3.6504724055828413,-0.5824718196258144,0.01683587466848488,8,0.013679699994769852
259,-3.6386322218499036,0.4469062067148126,0.014789345877083474,8,0.0
260,-3.6502871607184795,-0.5818524866837628,0.016086765758414702,7,0.011433808920159294
260,-3.6399786342255984,0.4399068459152199,0.014449402603388062,8,0.01577366894151556
261,-3.5701446045671603,-1.5942364718774111,0.017344303177383447,4,0.0
261,-3.634144337165827,0.44635600465910885,0.01520660212893852,8,0.0
262,-3.5655312952210303,-1.5838920143789252,0.016903945051851048,6,0.008994738927544857
263,-3.5808515703455033,-1.5990146669745118,0.016104805877635842,3,0.0
263,-3.6549504996809894,0.4345156531790442,0.015323715133197519,8,0.021654534277051767
264,-3.6333774530262275,0.449196962058252,0.017234378572631028,9,0.0
265,-3.653810559712533,-0.5734390674518924,0.01644934420798395,7,0.003104958319847046
265,-3.632798669237931,1.4173622503146004,0.015608123417956303,8,0.0
265,-3.6524277555317535,0.4365939728933786,0.01505736350781576,9,0.026550634107834266
266,-3.6577874797375043,-0.5758801934968276,0.01753034077682102,7,0.0
266,-3.563119980651707,-1.595245910478403,0.016730317585212828,4,0.0
266,-3.6342462634106663,0.4463682022736328,0.014419814877786354,8,0.0
267,-3.5636383843631236,-1.5913292530733532,0.015274782265978698,4,0.0
268,-3.5608779616719475,-1.5921677540298695,0.015756526366753815,4,0.003443931957697389
268,-3.6359837347137596,0.44658163017685787,0.015968068443372896,8,0.0
269,-3.6544055209357724,-0.5832485722216318,0.01697113032011116,7,0.008995980635997195
270,-3.571014843859161,-1.5863272650938745,0.01691170049562246,7,0.009007894016020224
271,-3.579937242402737,-1.5986089190085,0.016103908712042217,3,0.0
271,-3.6371716814352912,0.4467276766369749,0.01525381395381093,8,0.0
272,-3.638010009313159,0.4539963751585788,0.015012594725898049,8,0.0
273,-3.5599819078409674,-1.5896976010157928,0.015269953661500999,4,0.0
274,-3.6497736900219073,-0.586216966804095,0.015985619083712176,7,0.011336933930077307
274,-3.6378887024908355,0.44681531198215263,0.015009564233536908,8,0.0
275,-3.6517533776421915,-0.5749325474995504,0.016657407623735642,7,0.0
275,-3.6396297218660654,0.4255433451289167,0.014453486097216698,8,0.0
276,-3.6498517547228184,-0.5805595649160724,0.016511375227161354,7,0.009678198028538492
276,-3.6326020777742944,0.44616599011329483,0.014717558302652927,8,0.0
277,-3.6501844734239026,-0.5819639508021166,0.01619938071652118,6,0.011125235447570127
277,-3.6404533551037606,0.44712957914290186,0.015528586124014086,8,0.0
278,-3.6568007107766345,-0.5757268117008323,0.017529193962515188,7,0.0
278,-3.6392813107096003,0.45415477437305474,0.01526218462401174,8,0.0
279,-3.6597613889263005,-0.5761923616467964,0.017532590734896148,7,0.0
279,-3.6590749793399415,0.4350091236207348,0.015043283326651719,8,0.02206929294694424
280,-3.5664451995467097,-1.5842955599803665,0.016905574062999126,7,0.008996450503060345
280,-3.6482334581559073,0.45527156264038526,0.015289200806887724,8,0.0
281,-3.6495812257645692,-0.5891083988683321,0.01524768970182503,4,0.0
281,-3.5584743095589975,-1.5910953658264257,0.016098866144115646,4,0.003415782223987071
281,-3.634595963771848,0.446411158847705,0.014727790123495043,8,0.0
282,-3.6511701392340608,-0.5852687111620947,0.016662548139078272,6,0.012164703993183455
282,-3.6326020777742944,0.44616599011329483,0.014717558302652927,8,0.0
283,-3.653164130481869,-0.5796511618179058,0.016824660543167322,6,0.010645086176696369
283,-3.640154279847551,0.4470928509754759,0.01526110825973851,8,0.0
284,-3.652610512809531,-0.5750674725012606,0.015811352141330927,6,0.0
284,-3.6388828685403847,0.4469369963274018,0.015011487608559776,8,0.0
285,-3.6499055266746643,-0.5815295210730222,0.016184032294264704,6,0.010768782352421171
285,-3.6384645972980634,0.44688607542005765,0.015523509289774412,9,0.0
287,-3.6547138580714855,-0.5753979469033735,0.01666106877712973,7,0.0
287,-3.604614742335142,1.418251491230044,0.015514580319896026,8,0.0
287,-3.639573247010074,0.43985638199321647,0.014528635069438297,8,0.016182639234192983
288,-3.6483726339748532,-0.5904636459045937,0.01476210409136355,4,0.0009297417708906313
288,-3.6430074486397563,0.43310057896512755,0.014636295269613388,9,0.016595385981542896
289,-3.6487857458912796,-0.5860586823866891,0.015983900659255174,7,0.011334987201547764
289,-3.5643977053201747,-1.5916682848641013,0.01608192211545377,4,0.0
289,-3.635647294663986,0.44653987393017525,0.014780256649381497,8,0.0
290,-3.5647853651113164,-1.5918413723997853,0.016494931039339245,4,0.0
290,-3.6421557568017118,0.44018194345319284,0.014617712620823581,8,0.016219422368179522
291,-3.56270697455329,-1.5929868764595332,0.015761603215366283,4,0.0034460444573559566
291,-3.636763695070467,0.4538402236893151,0.014786558680941383,8,0.0
292,-3.6337004690284433,0.44272288084315126,0.01499571072966354,8,0.0
293,-3.569643838545765,-1.5857171748278889,0.016491786645644723,7,0.0089680030297343
293,-3.636642631227072,0.44666268839381384,0.01478379528540102,8,0.0
294,-3.6434297198540255,-0.5700000977074335,0.015066100386647553,7,0.0
294,-3.5691870221650586,-1.5855146642404017,0.01690932597320938,7,0.009003832893748911
294,-3.6050545499333957,1.4286360615782754,0.016622286257228874,8,0.0
294,-3.6378887024908355,0.44681531198215263,0.015009564233536908,9,0.0
295,-3.6505719963349095,-0.5892703321743918,0.015251378101788152,4,0.0
295,-3.6402941807414573,0.43277578043151166,0.014860085065500406,9,0.01746812439994003
296,-3.564874255727176,-1.5939555373425924,0.01611191259882301,4,0.0034252533708518575
296,-3.6388141337840074,0.4397612484193517,0.014734216425217609,8,0.017052200242174263
297,-3.648530463874301,-0.5939265946355239,0.016609040899459828,4,0.0
297,-3.631864095485235,1.4169977596226964,0.015604542521022714,7,0.0
298,-3.6565571851733596,-0.575687209359107,0.015816793196969,7,0.0
298,-3.6352416394610683,0.44649005814364834,0.014422828656164208,8,0.0
299,-3.6521536410003326,0.43418521386278824,0.014991180523853615,8,0.02137103713207984
300,-3.6529834230141423,0.4366454348334113,0.015012502232716066,9,0.02896524891055386
301,-3.5584743095589975,-1.5910953658264257,0.016098866144115646,4,0.003415782223987071
301,-3.6055388767094247,1.4186141740860367,0.015521810638170937,8,0.0
301,-3.6309247362649133,0.44596021240525985,0.01498887514562625,8,0.0
302,-3.632440886001968,0.4461461897993923,0.014575355534189986,8,0.0
303,-3.6500696745037695,-0.5843659674327697,0.016190279206898545,7,0.011952287408695673
303,-3.6354261038386446,0.4465127109729704,0.014585028672356202,8,0.0
304,-3.561273232211438,-1.5902745441922421,0.01567163969258437,4,0.0
304,-3.6334363936165133,0.4462690173617755,0.01457904681106619,8,0.0
305,-3.5655312952210303,-1.5838920143789252,0.016903945051851048,7,0.008994738927544857
305,-3.641936520074936,0.44015832380471953,0.014860147101515318,8,0.017328437888971926
306,-3.6488182451670963,-0.5783185426226326,0.016720214567134534,6,0.009265459390339879
306,-3.5659881619394924,-1.584094279660523,0.01648613408094008,7,0.008958686525837303
306,-3.6388828685403847,0.4469369963274018,0.015011487608559776,9,0.0
307,-3.5585634478185124,-1.5973501772316983,0.016077866038791192,3,0.0
307,-3.6041229548565057,1.4201842789678523,0.016594379443425813,8,0.0
307,-3.6405648313466545,0.4399757962874158,0.014532842223512785,8,0.01618308207456447
308,-3.650648411524573,-0.5729445372518363,0.015695239234111903,7,0.003211183505204304
308,-3.640277688852946,0.4399600910458009,0.015002129270567592,8,0.017913229308273798
309,-3.6516231892833635,-0.57491090587625,0.015810562294268245,6,0.0
310,-3.6479331846418726,-0.587086979994079,0.015675090065022237,7,0.011811810009575534
310,-3.563483690300607,-1.5912616830318382,0.016081361258476756,4,0.0
310,-3.6413587006402977,0.45441297002808917,0.01446788429630328,8,0.0
311,-3.648601106997277,-0.5930596777453772,0.015493100366232936,4,0.0
311,-3.6355474638458376,0.4536882318999297,0.014588236752508518,8,0.0
312,-3.5634675410864896,-1.599551795156805,0.014505728327139629,3,0.0
312,-3.6318342561089003,0.4496478522453566,0.014988175888970789,9,0.0
313,-3.630272960978841,0.44588015679167187,0.014413188136088837,8,0.0
314,-3.6491411936421603,-0.5872960367767563,0.016604719323520027,7,0.011420242133604524
314,-3.561918891760744,-1.5905626125874714,0.017333651299725018,4,0.0
315,-3.5607414879414976,-1.590036811666772,0.016077435302860824,4,0.0
315,-3.639704923508932,0.4542073661560946,0.014758207725429382,8,0.0
316,-3.624965483193689,0.4489326855771622,0.01490575193799364,9,0.011870454654765227
317,-3.5701008865429635,-1.5859209697834604,0.01608008593179072,7,0.008931795616195372
317,-3.6372321393921467,0.44673463637708155,0.014429761010166554,8,0.0
318,-3.5678163355868784,-1.5849051778537424,0.01648896444548246,7,0.008962554540963862
318,-3.622916619179401,0.4474659436685917,0.015378394907562924,9,0.012843692652142264
319,-3.651533626828271,-0.5850649400124454,0.017034654951725365,6,0.008910613654528707
319,-3.653648550526269,0.4367431601852543,0.01541060602633318,9,0.02665158312602732
320,-3.6475974741494026,-0.5887873353587347,0.015238047790191453,4,0.0
320,-3.6408247063314993,0.43284393615935446,0.014449282433854026,8,0.015750232197775747
321,-3.64862527278984,-0.5854454891463607,0.016782103336628273,7,0.01235549272006968
321,-3.559049624773827,-1.591351897551699,0.015753455172039348,4,0.003440689105872215
322,-3.570100671901245,-1.5859197585797409,0.01691043954664702,7,0.009004982998473979
322,-3.658291035249534,0.42772531228709193,0.015204757789098602,9,0.015081330149025303
323,-3.5621871058333325,-1.5906797309303708,0.01567182793225083,4,0.0
323,-3.6342462634106663,0.4463682022736328,0.014419814877786354,8,0.0
324,-3.6535378113858723,0.4367287734131838,0.015183902548906567,9,0.026844080288783066
325,-3.6354261038386446,0.4465127109729704,0.014585028672356202,8,0.0
326,-3.6547138580714855,-0.5753979469033735,0.01666106877712973,6,0.0
327,-3.6496787426171626,-0.5850695730989411,0.015220125878562385,7,0.01259907289999812
327,-3.562043231708487,-1.5906184198576048,0.01649144523346569,4,0.0
327,-3.640618935740881,0.4256593145785835,0.01445774018808379,8,0.0
328,-3.656131190713425,-0.5756201076063862,0.01623698436399453,7,0.0
328,-3.570269905023374,-1.5942907575343837,0.01650282701066049,4,0.0
328,-3.640970289392815,0.44002627234758546,0.014453673953744858,8,0.015776158487491355
329,-3.5662258553413975,-1.592483818146573,0.01608376899880889,4,0.0
329,-3.6364216138777516,0.44663553874151646,0.014588722087880155,8,0.0
330,-3.64908161545773,-0.591033769654898,0.01472333523809237,4,0.0
330,-3.5594771442171877,-1.5977609263047752,0.0160794871412953,4,0.0
330,-3.656132056799144,0.43465787630613223,0.015006224933761204,8,0.02139733178782321
331,-3.6376515201659836,0.42531197538444504,0.014444459174201795,8,0.0
332,-3.5678163355868784,-1.5849051778537424,0.01648896444548246,7,0.008962554540963862
332,-3.659622087340252,0.4278809080748116,0.01599355167778578,9,0.01724717460811833
333,-3.561792342688526,-1.5925781461155961,0.015759122323065436,4,0.0034432074631359742
333,-3.6383491200263594,0.45403840792404954,0.014436809869941213,8,0.0
334,-3.652610512809531,-0.5750674725012606,0.015811352141330927,7,0.0
334,-3.563483690300607,-1.5912616830318382,0.016081361258476756,4,0.0
334,-3.6450543410040215,0.43875059778845904,0.014937037543084793,8,0.019196945693886483
335,-3.5627245577213245,-1.5909226368908642,0.01527437220563477,4,0.0
336,-3.569643852624094,-1.585717266042332,0.017333122200562136,7,0.009038444461434944
336,-3.6351407044100448,0.4464780738247002,0.015211370070834085,9,0.0
337,-3.6507661809759124,-0.574775962911944,0.016656508049593326,7,0.0
337,-3.578641308122727,-1.5980299162666634,0.015696776316760957,3,0.0
337,-3.63466290049347,0.4476152609291584,0.01552214801624437,9,0.002022070736586959
338,-3.6511032463963464,-0.5860269134632555,0.01670985539478851,8,0.014948487805757298
338,-3.635593207757359,0.4465332318810923,0.014732445925105676,8,0.0
339,-3.652739566239986,-0.575085794260901,0.016659169081511528,7,0.0
340,-3.647205139270635,-0.585238463605732,0.016466839094712013,7,0.012522067758743004
340,-3.6558011463859885,0.4346181492328484,0.015152434150551815,8,0.021444097761558756
341,-3.6516231892833635,-0.57491090587625,0.015810562294268245,6,0.0
341,-3.630672263965284,0.44592920198602687,0.01476507443981771,8,0.0
342,-3.573756534348844,-1.5875441266237003,0.01691494147696112,7,0.009011828817202321
342,-3.6342462634106663,0.4463682022736328,0.014419814877786354,9,0.0
343,-3.64908161545773,-0.591033769654898,0.01472333523809237,4,0.0
343,-3.5579869879686057,-1.5970920136483695,0.01449664617012738,3,0.0
343,-3.640618935740881,0.4256593145785835,0.01445774018808379,8,0.0
344,-3.6597613889263005,-0.5761923616467964,0.017532590734896148,7,0.0
344,-3.6392877809583664,0.42550335669754846,0.014753892985763815,8,0.0
345,-3.6564870547224895,0.4370829080153245,0.01576106248169844,9,0.02762190933907558
346,-3.6528251334165667,-0.5732864042631631,0.01644636729069447,7,0.003103306741570229
346,-3.5599641211535045,-1.591761136745796,0.015755412924097986,4,0.00344187083784938
347,-3.569643852624094,-1.585717266042332,0.017333122200562136,7,0.009038444461434944
347,-3.6352416394610683,0.44649005814364834,0.014422828656164208,8,0.0
348,-3.5684417024032236,-1.5934747688229638,0.016500059537762717,4,0.0
348,-3.640618935740881,0.4256593145785835,0.01445774018808379,8,0.0
349,-3.5714716998155387,-1.5865296650778298,0.017335530373338903,7,0.009042674852004275
349,-3.6368942669956934,0.4466935991963848,0.01500682831067752,9,0.0
350,-3.5642637823219836,-1.5916100901438175,0.016913095315456955,4,0.0
351,-3.633279118661057,0.4462493941700711,0.017117047697077167,8,0.0
352,-3.6498954165571225,-0.5943758132050452,0.015055855382321263,4,0.0
352,-3.658265740823257,0.43491057536885935,0.01515879468207626,8,0.021374032368418377
353,-3.565560897024717,-1.5838988056750987,0.016898216151754943,4,0.0
354,-3.6568007107766345,-0.5757268117008323,0.017529193962515188,7,0.0
354,-3.620030666674624,0.447092790860565,0.015428188652651033,9,0.012977902377511372
355,-3.6323192441937975,0.45328504902269107,0.015241661027756979,8,0.0
356,-3.651857036970667,-0.5828447384145893,0.016630060298150957,7,0.01391975973323959
356,-3.5618105743865396,-1.5905116482552584,0.015271910415669563,4,0.0
356,-3.659622087340252,0.4278809080748116,0.01599355167778578,9,0.01724717460811833
357,-3.6576746295769156,-0.5758643922947,0.01666444255069595,7,0.0
357,-3.5618105743865396,-1.5905116482552584,0.015271910415669563,4,0.0
357,-3.661611577976748,0.4281132647494052,0.016002815469848542,9,0.017259114706748666
358,-3.5643977053201747,-1.5916682848641013,0.01608192211545377,4,0.0
358,-3.6409377187973337,0.43285089444031644,0.014996520549792263,8,0.017905273870477065
359,-3.6277430840701204,0.45271428589113766,0.014698570856123068,9,0.0
360,-3.65085140113776,-0.5729752491637847,0.01644345831341675,7,0.003101318628532159
360,-3.6459142289703337,0.4370578186183222,0.014483222576049008,8,0.017828717072506384
361,-3.655570771158771,-0.5755328436272447,0.01581525826483005,6,0.0
361,-3.5630455255001072,-1.5931382279498978,0.01610828062870183,4,0.003422622810733785
362,-3.6475783748782877,-0.5856265856576397,0.015260688154500802,7,0.01077342603536393
362,-3.5660923134525033,-1.592425754381487,0.016915319322031424,4,0.0
362,-3.632440886001968,0.4461461897993923,0.014575355534189986,8,0.0
363,-3.5642637823219836,-1.5916100901438175,0.016913095315456955,4,0.0
363,-3.638641054401811,0.42542837921558196,0.0144481980447579,8,0.0
364,-3.5593884158718008,-1.5915033682556206,0.016100408502365705,4,0.0034172681870262888
364,-3.633657864007455,0.44629623013993447,0.014774532792654196,8,0.0
365,-3.6516231892833635,-0.57491090587625,0.015810562294268245,7,0.0
365,-3.561539139647662,-1.590394969222408,0.01607214943393953,4,0.008930424222550996
365,-3.6375873738682256,0.4467782860375325,0.014742610404896146,8,0.0
366,-3.5629576227106234,-1.5910236876945665,0.016492108791887873,4,0.0
366,-3.6342462634106663,0.4463682022736328,0.014419814877786354,8,0.0
367,-3.6483648057154174,-0.5844930842038197,0.01627123002780366,7,0.011564540145923985
367,-3.659410661817314,0.4278560689361114,0.015100262549166774,9,0.015059868931205676
368,-3.6525021857568256,-0.583531212505202,0.01647267054555679,7,0.010161411353702637
368,-3.639343767315803,0.454162295423722,0.014440060619402013,8,0.0
369,-3.581191607477385,-1.5991679785051964,0.014529136530883486,3,0.0
369,-3.641882162330781,0.44013768113748586,0.014688601610778234,8,0.015616081233491777
370,-3.6551442590668866,-0.5754657013642195,0.01623595862602071,6,0.0
370,-3.660182575617924,0.43513924801554676,0.015556626955250959,8,0.023275014966883254
371,-3.648251086627047,-0.5792861458335439,0.016484675211830845,7,0.013387637738098507
371,-3.6388828685403847,0.4469369963274018,0.015011487608559776,9,0.0
372,-3.6533542885342785,-0.5820257473066226,0.016563136228134934,6,0.010633137853347688
372,-3.653978766007274,0.4367696496852982,0.01548200044332966,9,0.029534230053100033
373,-3.640276526271719,0.4256192826523337,0.014758560104224917,8,0.0
374,-3.656252125263718,-0.575639394237264,0.01709398771299007,7,0.0
374,-3.6377492590087024,0.42532412131439334,0.015235542156018,8,0.0
375,-3.640720918435622,0.44001434682109775,0.015006613604790688,8,0.017890813484851508
376,-3.6519109481749643,-0.5871001542981791,0.016253059343599142,7,0.01134995973882742
377,-3.5623326527584522,-1.582470312184706,0.016481791959549297,7,0.008951868036413438
377,-3.6503764553341433,0.436345766249667,0.01486560816641698,9,0.02697225991530837
378,-3.6500543054670342,-0.5871329740193484,0.015055426482861768,4,0.0
378,-3.5637037909624034,-1.5830805275881241,0.01690159228107805,7,0.008990120644485334
378,-3.631047446405314,0.4531266029494789,0.014991597333871527,8,0.0
379,-3.647129037481722,-0.5816130768102797,0.016016136361432207,7,0.013159673328950565
379,-3.562832966109548,-1.5909711089747578,0.017334603530951974,4,0.0
379,-3.627124442975815,0.4526367121184895,0.01591746645656597,9,0.0
380,-3.6485866530251774,-0.5889488464523595,0.015240104889305307,4,0.0
380,-3.6022869724516697,1.4275387419677767,0.016599418678207536,8,0.0
380,-3.635647294663986,0.44653987393017525,0.014780256649381497,8,0.0
381,-3.649779084365017,-0.5746203937544111,0.016655509700715183,7,0.0
381,-3.632662529720079,0.44617341584893433,0.014770996189075396,8,0.0
382,-3.5651777684539483,-1.592016577899796,0.016913575553868382,4,0.0
382,-3.6346522459870254,0.4464180724556431,0.014777542079392924,9,0.0
383,-3.650596175844908,-0.5793771319916341,0.016659767645084138,8,0.011349860690572054
383,-3.5720979929819126,-1.5951062448017321,0.016504593657443823,4,0.0
383,-3.6368942669956934,0.4466935991963848,0.01500682831067752,8,0.0
384,-3.648601106997277,-0.5930596777453772,0.015493100366232936,4,0.0
384,-3.6342717595020715,0.44770877903754663,0.016124012778213508,9,0.0017425360646412518
385,-3.6521841925149103,-0.5750003637550358,0.01623187613809529,6,0.0
385,-3.561655679975216,-1.5904453423287404,0.016078521691186287,4,0.0
385,-3.638641054401811,0.42542837921558196,0.0144481980447579,8,0.0
386,-3.648601106997277,-0.5930596777453772,0.015493100366232936,4,0.0
386,-3.6354261038386446,0.4465127109729704,0.014585028672356202,8,0.0
387,-3.646442548076081,-0.5802201562398099,0.016132753521858553,7,0.009803431856180454
387,-3.562436220967438,-1.5907939257424428,0.0169107447762791,4,0.0
387,-3.638736660073997,0.42543890562090864,0.015241977097321207,8,0.0
388,-3.6392992849155394,0.4501566466801076,0.01737213646158893,9,0.0003916740700283649
389,-3.649529450411075,-0.5812209236438838,0.016315991528162377,7,0.010287647520776188
389,-3.6440622817039436,0.43863178372184564,0.014932137574298336,8,0.019189958038856588
390,-3.655700045569972,-0.5755521945290566,0.016662831272666507,6,0.0
390,-3.6401213675229602,0.4390586517385491,0.015891960260791378,8,0.009376101588789544
391,-3.6428603587164057,0.44027346359087505,0.015244786775998578,8,0.01875205599108059
392,-3.6521841925149103,-0.5750003637550358,0.01623187613809529,7,0.0
392,-3.630838113357294,0.4495256044912836,0.014983859549289893,9,0.0
393,-3.653810559712533,-0.5734390674518924,0.01644934420798395,7,0.003104958319847046
393,-3.5643977053201747,-1.5916682848641013,0.01608192211545377,4,0.0
393,-3.6396297218660654,0.4255433451289167,0.014453486097216698,8,0.0
394,-3.6497908764414664,-0.5916489511086678,0.015849144626061885,4,0.0025151157250516403
394,-3.6342598451646086,0.44636987063227707,0.014431738223426641,8,0.0
395,-3.6448375266990167,-0.5702203439692569,0.015576399266049848,7,0.0
395,-3.6332516142363596,0.4462463129259641,0.014416561400323437,8,0.0
396,-3.6361385345957533,0.44660019980158583,0.015216550881436816,8,0.0
397,-3.560358486279661,-1.5898657721110494,0.015669961286813805,4,0.0
397,-3.6602805978994457,0.4279576713037766,0.015213803218829144,9,0.015093081829803671
398,-3.6482882560400727,-0.5920136806663385,0.01553502375519923,4,0.0024456507482619027
398,-3.637137133156808,0.446723432745017,0.015222993877140273,8,0.0
400,-3.64945067633718,-0.5778452035133935,0.01673050883114816,7,0.008820896141494535
400,-3.6376371711802373,0.4467844049136236,0.0147866294513548,8,0.0
401,-3.63875306877081,0.4540888333164178,0.014792801303240283,8,0.0
402,-3.6485629032637137,-0.5919255332488644,0.016417893961385193,4,0.00385239926561267
402,-3.5607414879414976,-1.590036811666772,0.016077435302860824,4,0.0
402,-3.6547604391524935,0.43685868852818505,0.01567827269232631,9,0.030350122520060925
403,-3.655700045569972,-0.5755521945290566,0.016662831272666507,7,0.0
403,-3.569355398041506,-1.5938839840441308,0.016501765398145112,4,0.0
403,-3.6399786342255984,0.4399068459152199,0.014449402603388062,8,0.01577366894151556
404,-3.6523523011736487,-0.5858721207668457,0.01671827691057587,7,0.01255757095884973
404,-3.6187189215430458,1.4218442915591174,0.016654874630172466,8,0.021618388278156674
405,-3.569643852624094,-1.585717266042332,0.017333122200562136,7,0.009038444461434944
405,-3.6368942669956934,0.4466935991963848,0.01500682831067752,8,0.0
406,-3.6334363936165133,0.4462690173617755,0.01457904681106619,8,0.0
407,-3.6506397640651524,-0.5815910256580223,0.016530383966254197,7,0.011431719492444998
408,-3.656864015661404,0.4347434399865631,0.015669131133142663,8,0.02329812337957081
409,-3.561082518553746,-1.5901942113186651,0.014874041671147385,4,0.008797210914666759
410,-3.6531696262792432,0.4366694770550385,0.015297961811194534,9,0.029345523526923295
411,-3.653344876291872,0.4366882738247207,0.015157136119904222,9,0.02898364590826792
412,-3.655570771158771,-0.5755328436272447,0.01581525826483005,7,0.0
412,-3.5775345641952483,-1.597535682680448,0.014523431757838597,3,0.0
413,-3.6358990840008723,0.44657079448490145,0.01500342845679657,8,0.0
414,-3.65013919756496,-0.5874320735982841,0.015155096195853618,7,0.012182268910235224
414,-3.557435474398054,-1.5968438607261,0.01487872183632308,3,0.0
415,-3.6544147300734444,-0.5798483985588895,0.016575725548952435,7,0.010584998898191752
415,-3.637310662484035,0.4252721179969572,0.014743899380048518,8,0.0
416,-3.562436220967438,-1.5907939257424428,0.0169107447762791,4,0.0
417,-3.658774694739623,-0.5760366930574568,0.017531252423310942,7,0.0
417,-3.6334363936165133,0.4462690173617755,0.01457904681106619,8,0.0
418,-3.5660923134525033,-1.592425754381487,0.016915319322031424,4,0.0
418,-3.6032056910074566,1.4279043653925785,0.01660979072106571,8,0.0
418,-3.6352712341118956,0.449436096700894,0.017166564842583158,9,0.0
419,-3.656252125263718,-0.575639394237264,0.01709398771299007,7,0.0
419,-3.600436856167549,1.4268068956074529,0.016588041711109447,8,0.0
419,-3.650799883434194,0.436407238828159,0.015225899968286135,9,0.02562215109846645
420,-3.5669023471274164,-1.5844992764711945,0.017329509501651907,7,0.009030396505080472
420,-3.640022982701317,0.43276139242018163,0.014603056602829505,8,0.016218122973031573
421,-3.6334363936165133,0.4462690173617755,0.01457904681106619,9,0.0
422,-3.656131190713425,-0.5756201076063862,0.01623698436399453,7,0.0
422,-3.5655749456604933,-1.5921939148985766,0.017337866112427325,4,0.0
422,-3.6540929824003396,0.43680063880485176,0.015716456113063746,9,0.026329482059680206
423,-3.562436220967438,-1.5907939257424428,0.0169107447762791,4,0.0
423,-3.6032056910074566,1.4279043653925785,0.01660979072106571,8,0.0
424,-3.651141330775021,-0.5862767434431135,0.01631412201107907,7,0.013680171315474481
424,-3.6360201191431774,0.45374721293231324,0.015006437513600309,8,0.0
425,-3.6597613889263005,-0.5761923616467964,0.017532590734896148,7,0.0
425,-3.5630455255001072,-1.5931382279498978,0.01610828062870183,4,0.003422622810733785
425,-3.6352416394610683,0.44649005814364834,0.014422828656164208,8,0.0
427,-3.6597613889263005,-0.5761923616467964,0.017532590734896148,8,0.0
427,-3.6300326014403157,1.4182040164372218,0.015235133327169094,8,0.0
428,-3.6527591976727973,-0.5930465780258395,0.01458989664444013,4,0.0
428,-3.6519230363892237,0.43651373551010225,0.015658016741469327,9,0.030115436268269184
430,-3.558530555819748,-1.5890480765513404,0.015666954100176135,4,0.0
430,-3.636793659641058,0.446680651301385,0.015803776766412498,8,0.0
431,-3.637788471636656,0.44680344281366396,0.01580683126975933,9,0.0
432,-3.6351818442199297,0.4464831273662531,0.015248070353138273,8,0.0
433,-3.6480072279485065,-0.5829597774694946,0.015470250662728838,7,0.010682856907983637
433,-3.565531349635605,-1.5838916810412025,0.016072938610377265,7,0.008919231643405584
434,-3.5608961938298007,-1.5901061618425654,0.015271146341692656,4,0.0
435,-3.642596811469827,0.4258902492714489,0.014467287288087702,8,0.0
436,-3.5621314687627583,-1.5927297758945798,0.01610640029636039,4,0.003419747210361288
436,-3.6413958523897803,0.44724550818814823,0.014603455469983515,8,0.0
437,-3.648287269562546,-0.5725726180109316,0.016060761378764353,8,0.0031516934507585526
437,-3.6341876787285923,0.4463613301761385,0.015245267068248974,8,0.0
438,-3.648676669973458,-0.5918768994643657,0.015205339205628762,4,0.0022947656792778152
438,-3.564015336535364,-1.5914975597278784,0.015675154081754978,4,0.0
438,-3.636642631227072,0.44666268839381384,0.01478379528540102,8,0.0
439,-3.567920044271233,-1.5932429942349107,0.01691785097862371,4,0.0
439,-3.6396258087109263,0.4470279516702428,0.014791652229339945,9,0.0
440,-3.578641308122727,-1.5980299162666634,0.015696776316760957,3,0.0
440,-3.640338279253978,0.4542859907388336,0.014442879730294466,8,0.0
441,-3.6521841925149103,-0.5750003637550358,0.01623187613809529,7,0.0
441,-3.571014843859161,-1.5863272650938745,0.01691170049562246,6,0.009007894016020224
442,-3.6495783414553564,-0.5821287279079432,0.01610043107743421,7,0.011672939248495435
442,-3.568273168941639,-1.58510776181067,0.01690770174071815,7,0.008999448752936212
443,-3.649736317897363,-0.5791039381909215,0.016319642308424174,6,0.010552282980584735
443,-3.6384114759381445,0.4468790901344709,0.014594523005289824,9,0.0
444,-3.638165319327814,0.446849301450618,0.01525583174864675,8,0.0
445,-3.637788471636656,0.44680344281366396,0.01580683126975933,9,0.0
446,-3.6495812257645692,-0.5891083988683321,0.01524768970182503,4,0.0
446,-3.567006299714406,-1.5928322429494093,0.016915800127681936,4,0.0
447,-3.6359837347137596,0.44658163017685787,0.015968068443372896,8,0.0
448,-3.6491745967861218,-0.5853071535167488,0.015253297298384011,7,0.013179972616807794
448,-3.564929523555271,-1.5919064829350225,0.015676485105812744,4,0.0
448,-3.645376436110533,0.42621535379889647,0.016422003251719285,9,0.0
449,-3.653810559712533,-0.5734390674518924,0.01644934420798395,7,0.003104958319847046
449,-3.563483690300607,-1.5912616830318382,0.016081361258476756,4,0.0
450,-3.649269100346467,-0.5850327546164827,0.014967197035947122,7,0.012851253298103483
450,-3.6358990840008723,0.44657079448490145,0.01500342845679657,8,0.0
451,-3.651569647366024,-0.5894303816230685,0.015261994392894407,4,0.0
452,-3.6576534423128857,-0.589828239737891,0.01644126429765339,8,0.0
452,-3.6332516142363596,0.4462463129259641,0.014416561400323437,8,0.0
453,-3.6568007107766345,-0.5757268117008323,0.017529193962515188,7,0.0
453,-3.5642637823219836,-1.5916100901438175,0.016913095315456955,4,0.0
453,-3.6182888262472197,1.4257360348938928,0.01665955776646828,8,0.017864699957694793
453,-3.6384114759381445,0.4468790901344709,0.014594523005289824,8,0.0
454,-3.6597613889263005,-0.5761923616467964,0.017532590734896148,7,0.0
454,-3.5664451995467097,-1.5842955599803665,0.016905574062999126,7,0.008996450503060345
454,-3.6396258087109263,0.4470279516702428,0.014791652229339945,9,0.0
455,-3.6508207788437668,-0.5929433489117212,0.01454403962221159,4,0.0
456,-3.6372921094952004,0.4539061862268039,0.015256116624587871,8,0.0
457,-3.6398771392620772,0.4470588165122559,0.01501439224247353,9,0.0
458,-3.6487307571909344,-0.5872250772757726,0.016279343393988985,6,0.011534545167421417
459,-3.6055388767094247,1.4186141740860367,0.015521810638170937,8,0.0
459,-3.630672263965284,0.44592920198602687,0.01476507443981771,8,0.0
460,-3.654583448448474,-0.5753772775264503,0.015814467442852195,7,0.0
460,-3.6585180354288562,0.4277519738001972,0.016084411440084604,9,0.017266458965019008
461,-3.65172653590175,-0.5788819290810129,0.01598028949660641,7,0.009550718647443012
461,-3.640618935740881,0.4256593145785835,0.01445774018808379,8,0.0
462,-3.655700045569972,-0.5755521945290566,0.016662831272666507,6,0.0
462,-3.564015336535364,-1.5914975597278784,0.015675154081754978,4,0.0
462,-3.6588540181693294,0.4349802337723745,0.01567757455741579,8,0.023313027988615884
464,-3.656687446077758,-0.5757079554322097,0.01666347667720142,7,0.0
465,-3.651480571808546,-0.5868005822160709,0.015855634468964923,8,0.016275058252141896
465,-3.636763695070467,0.4538402236893151,0.014786558680941383,8,0.0
466,-3.656131190713425,-0.5756201076063862,0.01623698436399453,7,0.0
466,-3.6141120986821864,1.4232250576803493,0.01584384368499081,8,0.02257314842222575
466,-3.6351620791351595,0.4474333700388887,0.015792164862075596,9,0.0
467,-3.655700045569972,-0.5755521945290566,0.016662831272666507,8,0.0
468,-3.6521841925149103,-0.5750003637550358,0.01623187613809529,6,0.0
468,-3.60639280579106,1.40896865608411,0.015145555130477951,8,0.0
468,-3.652882168767269,0.43427036378943584,0.015650900639715883,8,0.02326286529204698
469,-3.6474858427714496,-0.5913376638675852,0.015533522837747333,4,0.00245828385179408
470,-3.6487968511921274,-0.5815636359946516,0.01644937636913522,7,0.011289840311462521
470,-3.6302649683336496,0.44587917507881586,0.014406171551630332,8,0.0
471,-3.6528251334165667,-0.5732864042631631,0.01644636729069447,6,0.003103306741570229
471,-3.562569362911514,-1.5908503695129232,0.016078468876406547,4,0.0
471,-3.632255909217369,0.44612346780599815,0.014412695800679706,8,0.0
472,-3.6547980580712145,-0.5735951623277041,0.01645024262653602,7,0.003105978915495527
472,-3.6327515025071446,0.4471579916167542,0.015434888440371304,9,0.0
473,-3.6547980580712145,-0.5735951623277041,0.01645024262653602,7,0.003105978915495527
474,-3.6481198061059645,-0.5865160297693621,0.015599207684873112,7,0.011589721473254256
474,-3.5608961938298007,-1.5901061618425654,0.015271146341692656,4,0.0
475,-3.562436220967438,-1.5907939257424428,0.0169107447762791,4,0.0
475,-3.6634955851862143,0.4283338017170448,0.01611013005782923,9,0.01730310477215064
476,-3.5638713657563446,-1.5914348278431982,0.016494411705111307,4,0.0
476,-3.641962310666772,0.44014632176420254,0.014456954557199014,8,0.015777775214329354
477,-3.6540678890689247,-0.5929011875713882,0.015866820283596258,4,0.0
477,-3.5643056579500674,-1.5999298193237375,0.017340657298602676,4,0.0
477,-3.634430901845125,0.44639088293250434,0.014582172590426387,8,0.0
478,-3.6525642261142335,-0.5895899346101692,0.015269585172173491,7,0.0
479,-3.6533542885342785,-0.5820257473066226,0.016563136228134934,6,0.010633137853347688
480,-3.6521841925149103,-0.5750003637550358,0.01623187613809529,7,0.0
480,-3.630607213053966,0.4459212119766564,0.014707571952132483,8,0.0
481,-3.568299398885795,-1.585117618236334,0.016900926349723174,4,0.0
482,-3.6568007107766345,-0.5757268117008323,0.017529193962515188,7,0.0
482,-3.571973082077624,-1.5950520934745127,0.017346456503029285,4,0.0
482,-3.6343227571817662,0.4495525396142579,0.017359488695819617,9,0.00038041241007289416
483,-3.6460154134256513,-0.5815298877264053,0.015279600376440244,7,0.014328983580390246
483,-3.566902332192793,-1.584499190802236,0.01648789792492824,7,0.008962279047797197
483,-3.6388402152675123,0.4326085898429065,0.014441406340941265,8,0.015745767740315324
484,-3.6378887024908355,0.44681531198215263,0.015009564233536908,8,0.0
485,-3.6346522459870254,0.4464180724556431,0.014777542079392924,8,0.0
486,-3.5647853651113164,-1.5918413723997853,0.016494931039339245,4,0.0
487,-3.648768187909959,-0.5864035111760572,0.015605378079327688,7,0.011125996072303409
487,-3.565988343272104,-1.5840932906645375,0.017328520130778558,7,0.009030208028507663
487,-3.6032056910074566,1.4279043653925785,0.01660979072106571,8,0.0
487,-3.6542095060223674,0.43442889062993184,0.015528477928618695,8,0.023222068419031495
488,-3.6532918167135575,-0.5751738895259734,0.01709021745174265,7,0.0
488,-3.6362975421615458,0.45378183159871827,0.015253486132763658,8,0.0
489,-3.568730047621445,-1.585310127839904,0.017331642272094758,6,0.009034148523977844
489,-3.6353033812939985,0.45365803805779825,0.015250688228950229,8,0.0
490,-3.651023648074713,-0.5816192135108535,0.016131303435741786,7,0.011406971416533539
490,-3.5642637823219836,-1.5916100901438175,0.016913095315456955,4,0.0
490,-3.6389867044904713,0.4397869175648537,0.014445649894327795,8,0.015771924530436198
491,-3.6375518661243817,0.43961932093275863,0.0148345508782949,8,0.014893583780409019
492,-3.6516231892833635,-0.57491090587625,0.015810562294268245,7,0.0
492,-3.634430901845125,0.44639088293250434,0.014582172590426387,8,0.0
493,-3.6514563545587695,-0.5817223064024344,0.01668845864107129,7,0.011479476742679618
493,-3.5655749456604933,-1.5921939148985766,0.017337866112427325,4,0.0
493,-3.6420230356504066,0.4401768714643438,0.01583007572288258,8,0.020622028113002636
494,-3.655265465642268,-0.5754837404116111,0.017092612659691774,8,0.0
494,-3.645117853409076,0.447703117583395,0.01526660125601535,7,0.0
495,-3.5637037909624034,-1.5830805275881241,0.01690159228107805,7,0.008990120644485334
495,-3.642427242793332,0.41870948982746065,0.014462531837903123,8,0.0
496,-3.6558137644790176,-0.5755703542597053,0.01752801621628611,7,0.0
496,-3.635647294663986,0.44653987393017525,0.014780256649381497,8,0.0
497,-3.653810559712533,-0.5734390674518924,0.01644934420798395,6,0.003104958319847046
497,-3.638641054401811,0.42542837921558196,0.0144481980447579,8,0.0
498,-3.651141330775021,-0.5862767434431135,0.01631412201107907,7,0.013680171315474481
498,-3.6384114759381445,0.4468790901344709,0.014594523005289824,8,0.0
499,-3.651922635228322,-0.5794850852085963,0.016208721927168112,6,0.0107738367727293
499,-3.6319198114654427,0.4460826189028728,0.01499195740414461,8,0.0
500,-3.654278954061303,-0.5753294835701137,0.017091168433453992,6,0.0
500,-3.6345529599895343,0.4535643689027249,0.014585115962110172,8,0.0
501,-3.6368942669956934,0.4466935991963848,0.01500682831067752,8,0.0
503,-3.6346522459870254,0.4464180724556431,0.014777542079392924,8,0.0
504,-3.565736166445088,-1.6005701734390216,0.016919138144070103,4,0.0
504,-3.6375383455953108,0.4539374800800427,0.014595274802041687,8,0.0
505,-3.6493348976327593,-0.593099748712785,0.015221857625802271,4,0.0
505,-3.637354473240061,0.4539145205511239,0.014433559600571801,8,0.0
506,-3.640618935740881,0.4256593145785835,0.01445774018808379,8,0.0
507,-3.639405986998736,0.4470009562954955,0.014597651427173139,8,0.0
508,-3.648872227025409,-0.5850124970351834,0.015733198860652445,7,0.012688248751185086
508,-3.6388828685403847,0.4469369963274018,0.015011487608559776,8,0.0
510,-3.557435474398054,-1.5968438607261,0.01487872183632308,3,0.0
510,-3.6312605354590026,0.4460016123418232,0.0144096841122118,8,0.0
511,-3.5685857950421904,-1.593540251846065,0.015682441981881366,4,0.0
512,-3.6504654357417308,-0.5792205992926949,0.01656727309403904,7,0.010563700493423488
513,-3.6414866644798956,0.44009815089450904,0.014464896453110894,8,0.015313721319966816
514,-3.656252125263718,-0.575639394237264,0.01709398771299007,7,0.0
514,-3.6404006463606864,0.4471236794001058,0.014600595639980705,8,0.0
515,-3.649613264247241,-0.585603761193164,0.016784309436864746,7,0.012358568291557135
515,-3.5723853991091383,-1.5869345151778267,0.01733650076572347,6,0.009043457128988406
516,-3.6404006463606864,0.4471236794001058,0.014600595639980705,9,0.0
517,-3.629269266166815,0.44575633025266725,0.014402308479606874,8,0.0
518,-3.639527049688526,0.4541851682718544,0.01460124895848427,8,0.0
519,-3.638010009313159,0.4539963751585788,0.015012594725898049,8,0.0
520,-3.6548268003349254,-0.5754146427736141,0.017526945456527145,7,0.0
521,-3.651634529789916,-0.5730982162639064,0.015697656140719007,6,0.0032129209263216454
521,-3.637416271817804,0.4467572617650336,0.014591664982562863,8,0.0
523,-3.648676669973458,-0.5918768994643657,0.015205339205628762,4,0.0022947656792778152
524,-3.5723853991091383,-1.5869345151778267,0.01733650076572347,6,0.009043457128988406
524,-3.6309247362649133,0.44596021240525985,0.01498887514562625,8,0.0
525,-3.5590348782297534,-1.5996351137619274,0.01610550326625652,4,0.0034246274555146854
525,-3.632662529720079,0.44617341584893433,0.014770996189075396,8,0.0
526,-3.6597207297179812,0.4278923265237956,0.015600065183412861,9,0.015964019295481198
528,-3.6547138580714855,-0.5753979469033735,0.01666106877712973,7,0.0
528,-3.658626851707342,0.42776469766587466,0.015988667613129417,9,0.017240662647811066
529,-3.6551200224114573,0.4369126975881356,0.015556342016651103,9,0.02861218404519767
530,-3.648601106997277,-0.5930596777453772,0.015493100366232936,4,0.0
530,-3.6326020777742944,0.44616599011329483,0.014717558302652927,8,0.0
531,-3.6483472513812756,-0.5929422902629263,0.015221694989490582,4,0.0
531,-3.6055388767094247,1.4186141740860367,0.015521810638170937,8,0.0
531,-3.629269266166815,0.44575633025266725,0.014402308479606874,8,0.0
533,-3.6326020777742944,0.44616599011329483,0.014717558302652927,8,0.0
534,-3.5599819078409674,-1.5896976010157928,0.015269953661500999,4,0.0
534,-3.6361385345957533,0.44660019980158583,0.015216550881436816,8,0.0
535,-3.6490316785368697,-0.5908888286781027,0.014643372857083906,4,0.00022287106724452066
535,-3.6364216138777516,0.44663553874151646,0.014588722087880155,9,0.0
536,-3.6580805915552332,0.434888156876916,0.01542065878784904,8,0.022209345405691985
537,-3.6483648057154174,-0.5844930842038197,0.01627123002780366,7,0.011564540145923985
537,-3.569643852624094,-1.585717266042332,0.017333122200562136,6,0.009038444461434944
537,-3.6348360564797395,0.45002014646692157,0.015012664701576936,9,0.0
538,-3.652739566239986,-0.575085794260901,0.016659169081511528,6,0.0
538,-3.6389867044904713,0.4397869175648537,0.014445649894327795,8,0.015771924530436198
539,-3.5548162331867883,-1.6039623992306657,0.014427676844120968,4,0.0
539,-3.6291215119601117,0.4528862822410869,0.01593060671916694,9,0.0
540,-3.6045692209449207,1.4163214833445306,0.01516006365177151,8,0.0
540,-3.636642631227072,0.44666268839381384,0.01478379528540102,7,0.0
541,-3.6472924536385776,-0.5847157296541022,0.014961705843367389,7,0.012842274596660277
541,-3.6045692209449207,1.4163214833445306,0.01516006365177151,8,0.0
541,-3.6416439836686445,0.4329372108306697,0.014741791696912114,8,0.017030596536639603
542,-3.6322668288746494,0.4461248091438741,0.014422282090108067,8,0.0
543,-3.56534371482329,-1.6003940032278476,0.016500082926795265,4,0.0
543,-3.655945460451573,0.4346338970487132,0.015327681394732201,8,0.02165926962975837
544,-3.64621014388188,-0.584833076424014,0.01524575101543281,7,0.013169213500327338
544,-3.656838258580891,0.4371264683730817,0.015754503856120906,9,0.026513703092912573
545,-3.6475254719335255,-0.5837657280089684,0.015938636676242755,7,0.013882000071492899
545,-3.632094526582577,1.423072698451281,0.014431476478704094,8,0.0
545,-3.6534376080683564,0.4343370564943962,0.0152547207406294,8,0.022124911234719793
546,-3.6523046057234816,-0.5750172835486809,0.017089339465705865,7,0.0
546,-3.567816309328803,-1.5849055026160097,0.01733057075359508,7,0.009033206050698007
546,-3.6332516142363596,0.4462463129259641,0.014416561400323437,8,0.0
547,-3.6490960028527883,-0.5912189736430277,0.015476391038061083,4,0.003561873551912713
547,-3.5642637823219836,-1.5916100901438175,0.016913095315456955,4,0.0
548,-3.633657864007455,0.44629623013993447,0.014774532792654196,8,0.0
549,-3.616425358306029,1.425002745560764,0.01664626681867347,8,0.017850877292732478
549,-3.633657864007455,0.44629623013993447,0.014774532792654196,8,0.0
551,-3.6521841925149103,-0.5750003637550358,0.01623187613809529,6,0.0
551,-3.622806539027919,0.4474728769274267,0.015298098819888202,9,0.012660249671820362
552,-3.6502739734413088,-0.5786018455129521,0.016345659241854212,7,0.00937842793980264
552,-3.6384114759381445,0.4468790901344709,0.014594523005289824,8,0.0
553,-3.6410244509487635,0.4328650454704305,0.014627851027136679,9,0.016594885193188972
554,-3.6465527512822886,-0.5862509720245365,0.015911030544151578,7,0.011449982361409386
554,-3.5636383843631236,-1.5913292530733532,0.015274782265978698,4,0.0
554,-3.640276526271719,0.4256192826523337,0.014758560104224917,8,0.0
555,-3.6481413687248407,-0.5707377731490677,0.016164663257661714,7,0.0
555,-3.570100671901245,-1.5859197585797409,0.01691043954664702,6,0.009004982998473979
555,-3.6396297218660654,0.4255433451289167,0.014453486097216698,8,0.0
556,-3.6475783748782877,-0.5856265856576397,0.015260688154500802,7,0.01077342603536393
556,-3.5664889406595948,-1.5926028776811727,0.017339033069921964,4,0.0
556,-3.638954320671015,0.4326147069589681,0.014989275900572894,8,0.017904883316494053
557,-3.6500694977910317,-0.5785172629259963,0.01647040080195121,7,0.00948825259446533
557,-3.5428692404272066,-1.5779360268483626,0.01645132923580703,8,0.0
557,-3.6412652702593604,0.4257352084940293,0.014763228409198324,8,0.0
558,-3.632440886001968,0.4461461897993923,0.014575355534189986,8,0.0
559,-3.650129413490135,-0.5874549216874978,0.016606952447027173,6,0.01142235692884758
559,-3.5630455255001072,-1.5931382279498978,0.01610828062870183,4,0.003422622810733785
559,-3.632662529720079,0.44617341584893433,0.014770996189075396,8,0.0
562,-3.6475783748782877,-0.5856265856576397,0.015260688154500802,7,0.01077342603536393
562,-3.638641054401811,0.42542837921558196,0.0144481980447579,8,0.0
563,-3.6568007107766345,-0.5757268117008323,0.017529193962515188,7,0.0
563,-3.5621871058333325,-1.5906797309303708,0.01567182793225083,4,0.0
563,-3.6351818442199297,0.4464831273662531,0.015248070353138273,8,0.0
564,-3.5608961938298007,-1.5901061618425654,0.015271146341692656,4,0.0
565,-3.656131190713425,-0.5756201076063862,0.01623698436399453,7,0.0
565,-3.630272960978841,0.44588015679167187,0.014413188136088837,8,0.0
566,-3.6576746295769156,-0.5758643922947,0.01666444255069595,8,0.0
566,-3.6426946872291626,0.4545794424101383,0.014771887686615366,8,0.0
567,-3.651634529789916,-0.5730982162639064,0.015697656140719007,6,0.0032129209263216454
567,-3.6391859217476523,0.43980775379785264,0.014624277008888145,8,0.01661697824070083
568,-3.6470529455160356,-0.5905668343340026,0.014638203260250037,4,0.00022629988250923036
568,-3.557073085122217,-1.5966811940635952,0.014494795857392917,3,0.0
568,-3.6404006463606864,0.4471236794001058,0.014600595639980705,8,0.0
569,-3.5608961938298007,-1.5901061618425654,0.015271146341692656,4,0.0
569,-3.651934251253006,0.43652480514253417,0.014623428394036136,9,0.027720176156993945
570,-3.651838104395533,-0.5731303830005365,0.016445021296533746,6,0.0031023177445763574
570,-3.6367608011580708,0.4252078212623571,0.015230837568513398,8,0.0
571,-3.5638713657563446,-1.5914348278431982,0.016494411705111307,4,0.0
571,-3.6465624850187632,0.44788068591658325,0.014788253846806383,7,0.0
572,-3.6412652702593604,0.4257352084940293,0.014763228409198324,8,0.0
573,-3.647899840375685,-0.5838307930574373,0.01616432812577979,7,0.013555357798258656
573,-3.562569362911514,-1.5908503695129232,0.016078468876406547,4,0.0
573,-3.6416081484248375,0.42577528390639025,0.014461995336834909,8,0.0
574,-3.6516231892833635,-0.57491090587625,0.015810562294268245,6,0.0
574,-3.563746866962169,-1.591376004310657,0.01733466769150722,4,0.0
574,-3.637958772304354,0.4360859750876944,0.016198631200029123,7,0.008224625191477134
575,-3.6541576923041537,-0.575310235436594,0.016234429531007077,7,0.0
575,-3.5638713657563446,-1.5914348278431982,0.016494411705111307,4,0.0
575,-3.661611577976748,0.4281132647494052,0.016002815469848542,9,0.017259114706748666
576,-3.6489218764402738,-0.5872460396274666,0.015677873893168173,7,0.011814683897902054
576,-3.635647294663986,0.44653987393017525,0.014780256649381497,8,0.0
577,-3.5572774194910557,-1.60092152486262,0.016722133818889418,4,0.0
577,-3.633657864007455,0.44629623013993447,0.014774532792654196,8,0.0
578,-3.65072310917537,-0.5983389344266749,0.014546801522738554,4,0.0
578,-3.5608779616719475,-1.5921677540298695,0.015756526366753815,4,0.003443931957697389
578,-3.632440886001968,0.4461461897993923,0.014575355534189986,8,0.0
579,-3.636642631227072,0.44666268839381384,0.01478379528540102,8,0.0
580,-3.637416271817804,0.4467572617650336,0.014591664982562863,8,0.0
581,-3.6577874797375043,-0.5758801934968276,0.01753034077682102,7,0.0
581,-3.5715761424524843,-1.5948748256119492,0.016922432452374393,4,0.0
581,-3.640618935740881,0.4256593145785835,0.01445774018808379,8,0.0
582,-3.6525642261142335,-0.5895899346101692,0.015269585172173491,4,0.0
582,-3.571058580189185,-1.5946429059122316,0.017344748240353876,4,0.0
582,-3.6384114759381445,0.4468790901344709,0.014594523005289824,9,0.0
583,-3.6568007107766345,-0.5757268117008323,0.017529193962515188,7,0.0
584,-3.6541576923041537,-0.575310235436594,0.016234429531007077,6,0.0
584,-3.573299666173825,-1.5873418764745937,0.017337584481441595,7,0.00904567311770773
584,-3.615707402962773,1.4226904510597924,0.01591889398581332,7,0.020056139068180257
584,-3.636642631227072,0.44666268839381384,0.01478379528540102,7,0.0
585,-3.657239812742418,-0.5757959393007379,0.017094443212327427,7,0.0
585,-3.562789471710082,-1.5826734195017202,0.01690057869782797,7,0.008988273303942886
585,-3.6022869724516697,1.4275387419677767,0.016599418678207536,8,0.0
585,-3.6396297218660654,0.4255433451289167,0.014453486097216698,8,0.0
586,-3.5643977053201747,-1.5916682848641013,0.01608192211545377,4,0.0
586,-3.6351407044100448,0.4464780738247002,0.015211370070834085,8,0.0
587,-3.5647853651113164,-1.5918413723997853,0.016494931039339245,4,0.0
588,-3.6494204125172645,-0.5815066306840113,0.015820178253038098,6,0.01093276325641101
588,-3.562043231708487,-1.5906184198576048,0.01649144523346569,4,0.0
588,-3.638010009313159,0.4539963751585788,0.015012594725898049,8,0.0
589,-3.654278954061303,-0.5753294835701137,0.017091168433453992,7,0.0
589,-3.633192634695606,0.44623853235413596,0.015241994648733836,8,0.0
590,-3.56740291588382,-1.593009309906939,0.017339476991412587,4,0.0
590,-3.604130480583646,1.4282697052683855,0.016615336477730575,8,0.0
590,-3.6268595563331925,0.44371006939452134,0.01585034539459335,8,0.019767623231754967
591,-3.64966834266734,-0.5821926995669316,0.01654566658456637,7,0.008347962104184346
591,-3.6332516142363596,0.4462463129259641,0.014416561400323437,8,0.0
592,-3.6505719963349095,-0.5892703321743918,0.015251378101788152,7,0.0
593,-3.6535966061370972,-0.5752207867751863,0.015813203207308234,7,0.0
593,-3.5647853651113164,-1.5918413723997853,0.016494931039339245,4,0.0
594,-3.6541576923041537,-0.575310235436594,0.016234429531007077,7,0.0
594,-3.5629576227106234,-1.5910236876945665,0.016492108791887873,4,0.0
594,-3.6413587006402977,0.45441297002808917,0.01446788429630328,8,0.0
595,-3.649353028699986,-0.5846524719539354,0.016273892919024816,7,0.011568588701158044
595,-3.639696847237848,0.4434541581238898,0.015036891631101687,8,0.0
596,-3.5808515703455033,-1.5990146669745118,0.016104805877635842,3,0.0
597,-3.6460384285387173,-0.5790153834201114,0.01596005069683223,7,0.014737238311273507
597,-3.5618105743865396,-1.5905116482552584,0.015271910415669563,4,0.0
598,-3.652520682681348,-0.5945073767269213,0.015639016390048808,5,0.0
598,-3.6429727830393963,0.4474391663382019,0.016010881512249248,7,0.0
599,-3.557886826105916,-1.5887661098402195,0.015260485955464087,4,0.008836758545153225
599,-3.6385808892382867,0.43973598451742535,0.014524663495386433,8,0.016181639748738673
600,-3.6501240014278573,-0.58400472390329,0.015895392703582648,7,0.011136716329554593
600,-3.642808721434629,0.4330801987064873,0.014457106194653995,9,0.015754140325435748
601,-3.6471626579839067,-0.5855884393285242,0.014944680838727692,7,0.010954155781757232
602,-3.646273406013414,-0.5789710127557095,0.01647741890729285,7,0.013374036544904693
602,-3.6353428611109084,0.4488554405277521,0.016832775973470042,9,0.0
603,-3.655700045569972,-0.5755521945290566,0.016662831272666507,7,0.0
603,-3.563746866962169,-1.591376004310657,0.01733466769150722,4,0.0
603,-3.6318342561089003,0.4496478522453566,0.014988175888970789,9,0.0
604,-3.654583448448474,-0.5753772775264503,0.015814467442852195,6,0.0
605,-3.656131190713425,-0.5756201076063862,0.01623698436399453,7,0.0
605,-3.5536146407755393,-1.5951309265963034,0.015665169245518994,4,0.0
605,-3.635647294663986,0.44653987393017525,0.014780256649381497,8,0.0
606,-3.648705256215061,-0.5866211413262963,0.015300357331873637,7,0.011743461397790228
607,-3.654278954061303,-0.5753294835701137,0.017091168433453992,7,0.0
607,-3.632662529720079,0.44617341584893433,0.014770996189075396,8,0.0
608,-3.6495812257645692,-0.5891083988683321,0.01524768970182503,4,0.0
608,-3.6384114759381445,0.4468790901344709,0.014594523005289824,9,0.0
609,-3.558181459941162,-1.5971787132912953,0.015671127843807118,3,0.0
609,-3.6578599948251678,0.43486196556716933,0.015674376182232396,8,0.023308184925541132
610,-3.655570771158771,-0.5755328436272447,0.01581525826483005,7,0.0
610,-3.5701446045671603,-1.5942364718774111,0.017344303177383447,4,0.0
610,-3.6382996709768665,0.42538846880598297,0.014748105178381345,8,0.0
611,-3.570557816395886,-1.5861234845437817,0.017334219408377184,7,0.009039013743262549
612,-3.6381338972156483,0.4468454404386625,0.015227800862976953,9,0.0
613,-3.6494104295273506,-0.5927674097745549,0.015176406662603732,4,0.000769292122193889
613,-3.6384114759381445,0.4468790901344709,0.014594523005289824,8,0.0
614,-3.6495783414553564,-0.5821287279079432,0.01610043107743421,7,0.011672939248495435
614,-3.6338299527385014,0.4498939113985244,0.014998909840601605,9,0.0
615,-3.6480938533610563,-0.5840492957972826,0.016186061204112263,7,0.011943563423723684
616,-3.5660923134525033,-1.592425754381487,0.016915319322031424,4,0.0
616,-3.6360201191431774,0.45374721293231324,0.015006437513600309,8,0.0
617,-3.571973082077624,-1.5950520934745127,0.017346456503029285,4,0.0
617,-3.6334363936165133,0.4462690173617755,0.01457904681106619,8,0.0
618,-3.637310662484035,0.4252721179969572,0.014743899380048518,8,0.0
619,-3.5679028976401552,-1.5849415285592432,0.017323920605085457,4,0.0
619,-3.6392221698696665,0.44697838249124827,0.014436033029804929,9,0.0
620,-3.6404006463606864,0.4471236794001058,0.014600595639980705,8,0.0
621,-3.5660923134525033,-1.592425754381487,0.016915319322031424,4,0.0
621,-3.6362549916825695,0.4537768200549143,0.01610621651150264,8,0.0
622,-3.6505719963349095,-0.5892703321743918,0.015251378101788152,4,0.0
622,-3.5646175136946594,-1.5834846765758617,0.016902317962853915,7,0.008990138339674244
622,-3.6384645972980634,0.44688607542005765,0.015523509289774412,8,0.0
623,-3.568273168941639,-1.58510776181067,0.01690770174071815,7,0.008999448752936212
624,-3.644588196424938,-0.5994044908267829,0.01455086229570457,3,0.0
624,-3.5638713657563446,-1.5914348278431982,0.016494411705111307,4,0.0
624,-3.634677326609887,1.4180959184675024,0.015624708048871564,8,0.0
624,-3.6564222064107206,0.4346917938798265,0.015266703334653584,8,0.022146766538942292
625,-3.6490623663779083,-0.5869734978946677,0.015050273487837728,4,0.0
625,-3.633657864007455,0.44629623013993447,0.014774532792654196,8,0.0
626,-3.6478534928678377,-0.5824756463891232,0.016083184293324743,7,0.01018588663301351
626,-3.634430901845125,0.44639088293250434,0.014582172590426387,8,0.0
627,-3.6376371711802373,0.4467844049136236,0.0147866294513548,8,0.0
628,-3.654583448448474,-0.5753772775264503,0.015814467442852195,7,0.0
628,-3.567140243190373,-1.5928947313608577,0.01608646538094486,4,0.0
628,-3.6370151908679302,0.45387161817857136,0.015009517899424892,8,0.0
629,-3.635547963594938,0.44769618849171455,0.015413654321990097,9,0.0021222753127658174
630,-3.6513755905233527,-0.5821118749963201,0.016753807235079528,7,0.01160725734957559
630,-3.564956691241424,-1.6002202696454901,0.01608739881614084,4,0.0
631,-3.569748114505788,-1.59405938524928,0.01692074500286397,4,0.0
631,-3.660992787928021,0.4280412829506508,0.01496714211470439,9,0.014641791472448804
632,-3.6500543054670342,-0.5871329740193484,0.015055426482861768,4,0.0
632,-3.5651777684539483,-1.592016577899796,0.016913575553868382,4,0.0
633,-3.5621314687627583,-1.5927297758945798,0.01610640029636039,4,0.003419747210361288
633,-3.637274702231629,0.4467402103445694,0.017143666666921225,9,0.0
634,-3.6480072279485065,-0.5829597774694946,0.015470250662728838,7,0.010682856907983637
634,-3.5678163355868784,-1.5849051778537424,0.01648896444548246,7,0.008962554540963862
634,-3.640338279253978,0.4542859907388336,0.014442879730294466,8,0.0
635,-3.6569658566788994,-0.5939416626373193,0.01742794696657792,4,0.0
635,-3.6182888262472197,1.4257360348938928,0.01665955776646828,8,0.017864699957694793
635,-3.640970289392815,0.44002627234758546,0.014453673953744858,8,0.015776158487491355
637,-3.655700045569972,-0.5755521945290566,0.016662831272666507,7,0.0
637,-3.6260349431839245,0.44903708580822244,0.014962909318423565,9,0.011923412955454713
638,-3.649665803849638,-0.5920365230559028,0.01520756337348352,4,0.002292197492678879
638,-3.6358387368390086,0.43940157922228495,0.014722725224972887,8,0.017050044749720224
639,-3.5599819078409674,-1.5896976010157928,0.015269953661500999,4,0.0
639,-3.6292756399038777,0.44575711288875786,0.014407903782496666,9,0.0
640,-3.564956691241424,-1.6002202696454901,0.01608739881614084,4,0.0
640,-3.6333659584454274,0.44944833356625846,0.01739671584100063,9,0.0003541893999484194
641,-3.6498651775211175,-0.5728216251100754,0.016441148331743136,7,0.0030996465975637096
642,-3.5636383843631236,-1.5913292530733532,0.015274782265978698,4,0.0
642,-3.6547637094714482,0.43449608461840333,0.01513096982325817,8,0.022083771128362052
643,-3.650601252705522,-0.5857628067807306,0.016787232461837713,7,0.01236382209125059
643,-3.611293195507168,1.422441087153609,0.01569298345255744,8,0.020262347369002565
644,-3.604130480583646,1.4282697052683855,0.016615336477730575,8,0.0
645,-3.651717233863763,-0.5853952146983034,0.016341403231882736,7,0.012323151390237114
645,-3.6376371711802373,0.4467844049136236,0.0147866294513548,7,0.0
647,-3.6487857458912796,-0.5860586823866891,0.015983900659255174,7,0.011334987201547764
647,-3.6368942669956934,0.4466935991963848,0.01500682831067752,8,0.0
648,-3.5612166593793426,-1.5923191438543531,0.016103351505635653,4,0.0034205307610711225
648,-3.6371716814352912,0.4467276766369749,0.01525381395381093,8,0.0
649,-3.6495812257645692,-0.5891083988683321,0.01524768970182503,4,0.0
649,-3.568833958188111,-1.5936499267087993,0.016918540702928947,4,0.0
649,-3.6346522459870254,0.4464180724556431,0.014777542079392924,8,0.0
650,-3.6480072279485065,-0.5829597774694946,0.015470250662728838,6,0.010682856907983637
650,-3.5627245577213245,-1.5909226368908642,0.01527437220563477,4,0.0
650,-3.6432292462594,0.4474705760349747,0.01447230945519522,8,0.0
651,-3.564535286698072,-1.593804004283348,0.015764819670249546,4,0.0034486849833673533
652,-3.563483690300607,-1.5912616830318382,0.016081361258476756,4,0.0
652,-3.6364216138777516,0.44663553874151646,0.014588722087880155,8,0.0
653,-3.652610512809531,-0.5750674725012606,0.015811352141330927,7,0.0
653,-3.5599819078409674,-1.5896976010157928,0.015269953661500999,4,0.0
654,-3.654278954061303,-0.5753294835701137,0.017091168433453992,7,0.0
654,-3.561521604255007,-1.5903851933088313,0.016909210739584766,4,0.0
654,-3.6358990840008723,0.44657079448490145,0.01500342845679657,8,0.0
655,-3.648590978118593,-0.5819710096058844,0.01609799510809973,7,0.0116674468443594
655,-3.562789471710082,-1.5826734195017202,0.01690057869782797,7,0.008988273303942886
656,-3.655700045569972,-0.5755521945290566,0.016662831272666507,7,0.0
656,-3.569355398041506,-1.5938839840441308,0.016501765398145112,4,0.0
657,-3.650601252705522,-0.5857628067807306,0.016787232461837713,6,0.01236382209125059
657,-3.636253950556391,0.44661494306917154,0.014441272625246531,8,0.0
658,-3.6489602684596147,-0.5790131866325584,0.016202584920919177,7,0.01075845431556156
658,-3.6388402152675123,0.4326085898429065,0.014441406340941265,8,0.015745767740315324
659,-3.6521841925149103,-0.5750003637550358,0.01623187613809529,7,0.0
659,-3.6064194741883155,1.4170483462564254,0.015172509667785546,8,0.0
659,-3.6316048375466865,0.4460439174276871,0.014712905851226827,8,0.0
660,-3.6475006101531537,-0.5924037464542624,0.01509813607600722,4,0.0
660,-3.6378887024908355,0.44681531198215263,0.015009564233536908,9,0.0
661,-3.6516231892833635,-0.57491090587625,0.015810562294268245,6,0.0
661,-3.572842530712894,-1.5871381401243725,0.01691391256043922,7,0.009011593639921763
661,-3.6316048375466865,0.4460439174276871,0.014712905851226827,8,0.0
662,-3.647386721315632,-0.5841971856579019,0.016301743709834976,7,0.012284478786604896
662,-3.655883253878338,0.42744406676043956,0.015068959489828353,9,0.014901927044096602
663,-3.654278954061303,-0.5753294835701137,0.017091168433453992,7,0.0
663,-3.632440886001968,0.4461461897993923,0.014575355534189986,8,0.0
664,-3.650792832377133,-0.5786328264799665,0.01672412989123556,6,0.009273205726010347
664,-3.6541434036791007,0.4344218559924793,0.014998898186117576,8,0.02138494945354061
665,-3.563350112727463,-1.5911988942346729,0.016910837676520497,4,0.0
665,-3.6395014894712423,0.43985866081271363,0.014455920290019618,8,0.015298438911825089
666,-3.5650743440858674,-1.5836872790018455,0.017326314407352626,6,0.009024555716665038
667,-3.650888181924632,-0.5849442476053729,0.015958272494780202,6,0.011754254663909454
668,-3.652739566239986,-0.575085794260901,0.016659169081511528,6,0.0
668,-3.563483690300607,-1.5912616830318382,0.016081361258476756,4,0.0
668,-3.6341876787285923,0.4463613301761385,0.015245267068248974,9,0.0
669,-3.6481855228507207,-0.5925621196506494,0.014942981623469001,4,0.0006656272542074585
669,-3.634430901845125,0.44639088293250434,0.014582172590426387,8,0.0
670,-3.6332516142363596,0.4462463129259641,0.014416561400323437,8,0.0
671,-3.6435388289553026,-0.5700171740860246,0.015854670970472773,7,0.0
671,-3.5460946874038113,-1.5917533263578374,0.016529555448355077,4,0.021308465883523184
673,-3.6521841925149103,-0.5750003637550358,0.01623187613809529,7,0.0
673,-3.562436220967438,-1.5907939257424428,0.0169107447762791,4,0.0
673,-3.6568601876523203,0.42755826276985565,0.015475775243816225,9,0.015915649086637104
674,-3.6472926633205085,-0.5837360292911967,0.016409272569640098,7,0.013249968290728118
674,-3.632440886001968,0.4461461897993923,0.014575355534189986,8,0.0
675,-3.646843487618875,-0.5780035958754294,0.016716482529824786,6,0.009257811692985465
675,-3.634430901845125,0.44639088293250434,0.014582172590426387,8,0.0
676,-3.561290550391293,-1.594425569857019,0.01672386351319282,4,0.0
676,-3.6632240350988092,0.42470198662269687,0.015186671011300426,8,0.0
677,-3.6385087346803013,0.43973851950538434,0.014451998902949481,8,0.015291298364004544
678,-3.648682289479895,-0.592656260121672,0.015429967013548027,4,0.0008900804231669276
678,-3.6571393175397073,0.4275907605933475,0.014840830261069853,9,0.014482946690005442
679,-3.648601106997277,-0.5930596777453772,0.015493100366232936,4,0.0
679,-3.5714717059622334,-1.586529543857024,0.01649413300366817,7,0.008971708623211163
679,-3.641936520074936,0.44015832380471953,0.014860147101515318,8,0.017328437888971926
680,-3.6516231892833635,-0.57491090587625,0.015810562294268245,7,0.0
680,-3.568730047621445,-1.585310127839904,0.017331642272094758,6,0.009034148523977844
680,-3.6326020777742944,0.44616599011329483,0.014717558302652927,8,0.0
681,-3.5612166593793426,-1.5923191438543531,0.016103351505635653,4,0.0034205307610711225
681,-3.6542873047748103,0.43443759068008325,0.015144192635227238,8,0.02135627307636024
682,-3.563746866962169,-1.591376004310657,0.01733466769150722,4,0.0
682,-3.6350179954322925,0.439306776041801,0.014429245858749325,8,0.015764549245278616
683,-3.6547980580712145,-0.5735951623277041,0.01645024262653602,6,0.003105978915495527
683,-3.5638713657563446,-1.5914348278431982,0.016494411705111307,4,0.0
683,-3.634774101654673,0.4535919722674958,0.014780347028496763,7,0.0
684,-3.656131190713425,-0.5756201076063862,0.01623698436399453,8,0.0
684,-3.562436220967438,-1.5907939257424428,0.0169107447762791,4,0.0
684,-3.655205596425974,0.43454773778891287,0.01553344782673786,8,0.02323190575745866
686,-3.6358990840008723,0.44657079448490145,0.01500342845679657,8,0.0
687,-3.6582260532349378,-0.5759492897423487,0.017096106890056858,7,0.0
688,-3.572842530712894,-1.5871381401243725,0.01691391256043922,7,0.009011593639921763
688,-3.60549012980322,1.4166838206301324,0.015170795255833489,8,0.0
688,-3.6371716814352912,0.4467276766369749,0.01525381395381093,8,0.0
689,-3.569355398041506,-1.5938839840441308,0.016501765398145112,4,0.0
689,-3.6365428427356927,0.4538126544562672,0.014591586802689077,8,0.0
690,-3.6497193548252964,-0.5929785782937257,0.015578277630637441,8,0.0
690,-3.6576958091493355,0.427655732234955,0.014921551579415892,9,0.014865736617416631
691,-3.6472213173361365,-0.5814895612706791,0.01619338749870219,7,0.01111156824150769
691,-3.557886834941049,-1.5887661953206558,0.014485853278622438,4,0.008737691140541782
691,-3.6367608011580708,0.4252078212623571,0.015230837568513398,8,0.0
692,-3.6542871303523206,0.43444037620190473,0.014705018634328293,8,0.02086054594334881
693,-3.654181906531275,-0.587498732126644,0.01715440934030635,4,0.0
695,-3.5618105743865396,-1.5905116482552584,0.015271910415669563,4,0.0
695,-3.6345529599895343,0.4535643689027249,0.014585115962110172,8,0.0
696,-3.565531349635605,-1.5838916810412025,0.016072938610377265,7,0.008919231643405584
696,-3.6598450384093186,0.42790686247955506,0.015490231657155172,9,0.015935008174642037
697,-3.6482882560400727,-0.5920136806663385,0.01553502375519923,4,0.0024456507482619027
697,-3.564929523555271,-1.5919064829350225,0.015676485105812744,4,0.0
697,-3.639343767315803,0.454162295423722,0.014440060619402013,7,0.0
699,-3.653555228749374,-0.589750634052651,0.015273599072548006,7,0.0
700,-3.658774694739623,-0.5760366930574568,0.017531252423310942,8,0.0
700,-3.5669023471274164,-1.5844992764711945,0.017329509501651907,7,0.009030396505080472
700,-3.6392221698696665,0.44697838249124827,0.014436033029804929,7,0.0
702,-3.6300447378632987,1.4244074767458894,0.015610114280198057,8,0.0
703,-3.6363587726798547,0.4537896767944388,0.01442969698090166,8,0.0
704,-3.6500696745037695,-0.5843659674327697,0.016190279206898545,6,0.011952287408695673
704,-3.5656559689838323,-1.600534000009691,0.01489139489497484,3,0.0
704,-3.637416271817804,0.4467572617650336,0.014591664982562863,8,0.0
705,-3.567920044271233,-1.5932429942349107,0.01691785097862371,4,0.0
705,-3.6406526912692296,0.43281959810410053,0.014737960205363396,8,0.01703130668461976
706,-3.6388828685403847,0.4469369963274018,0.015011487608559776,8,0.0
707,-3.6500325709068218,-0.5940651087248725,0.015910275498808222,4,0.003413450023199446
707,-3.6398771392620772,0.4470588165122559,0.01501439224247353,8,0.0
708,-3.5716884870999186,-1.6032421465848588,0.01451892389723916,3,0.0
708,-3.6372921094952004,0.4539061862268039,0.015256116624587871,8,0.0
709,-3.6370151908679302,0.45387161817857136,0.015009517899424892,8,0.0
710,-3.646852186615348,-0.5790975534730861,0.016282231460324037,7,0.013807735250459426
710,-3.6360201191431774,0.45374721293231324,0.015006437513600309,8,0.0
712,-3.6548268003349254,-0.5754146427736141,0.017526945456527145,7,0.0
712,-3.558530555819748,-1.5890480765513404,0.015666954100176135,4,0.0
712,-3.6351818442199297,0.4464831273662531,0.015248070353138273,9,0.0
713,-3.645027890188918,-0.5813719254757035,0.015276654578217634,7,0.014323159221034151
713,-3.5669023471274164,-1.5844992764711945,0.017329509501651907,7,0.009030396505080472
713,-3.6388141337840074,0.4397612484193517,0.014734216425217609,8,0.017052200242174263
714,-3.6378887024908355,0.44681531198215263,0.015009564233536908,7,0.0
715,-3.6402178807400234,0.4471012281207276,0.01443990376255733,7,0.0
716,-3.6500543054670342,-0.5871329740193484,0.015055426482861768,4,0.0
716,-3.5639596102864326,-1.593547469337126,0.016109928180348485,4,0.0034235055500167607
716,-3.632914722196962,0.4462043944164226,0.014994541923515823,8,0.0
717,-3.648406911035879,-0.5816348733440675,0.016742909194708885,7,0.011587805988443136
717,-3.635647294663986,0.44653987393017525,0.014780256649381497,9,0.0
718,-3.630607213053966,0.4459212119766564,0.014707571952132483,8,0.0
719,-3.6411010766806764,0.45438160003906897,0.01600646783871837,8,0.0
720,-3.6575437219198155,-0.5758428152714913,0.015818297119297824,7,0.0
720,-3.6361385345957533,0.44660019980158583,0.015216550881436816,8,0.0
721,-3.5621314687627583,-1.5927297758945798,0.01610640029636039,4,0.003419747210361288
721,-3.6429293131287865,0.4402783437000612,0.014864659933564388,8,0.017336326254863667
722,-3.639312823149039,0.4398288452881916,0.014597684987083064,8,0.015334140875679688
723,-3.6492889791761236,-0.5809792556042265,0.015612734099187817,7,0.01040076057301515
723,-3.639527049688526,0.4541851682718544,0.01460124895848427,8,0.0
724,-3.6474664147991254,-0.5908259524529084,0.015087747759921447,4,0.0
724,-3.660839842944587,0.4280230478372327,0.015494571728534945,9,0.015940482511856494
725,-3.6346522459870254,0.4464180724556431,0.014777542079392924,8,0.0
726,-3.645963702293695,-0.5823920646998769,0.016111774751586535,7,0.011839183786138739
726,-3.636182533585126,0.44897397625635216,0.016716402657349798,9,0.0
727,-3.566613957187673,-1.5926570839345293,0.01649723450645385,4,0.0
727,-3.632440886001968,0.4461461897993923,0.014575355534189986,8,0.0
728,-3.648989296483491,-0.5919126587440131,0.015512322416361607,4,0.0024214636352036354
728,-3.5662258553413975,-1.592483818146573,0.01608376899880889,4,0.0
729,-3.647891019653838,-0.5930273458122575,0.01578941194664329,4,0.0
729,-3.567527767834148,-1.5930678017111954,0.016499335914394245,4,0.0
729,-3.6383491200263594,0.45403840792404954,0.014436809869941213,8,0.0
730,-3.6404006463606864,0.4471236794001058,0.014600595639980705,9,0.0
731,-3.5608961938298007,-1.5901061618425654,0.015271146341692656,4,0.0
731,-3.6388828685403847,0.4469369963274018,0.015011487608559776,8,0.0
732,-3.563350112727463,-1.5911988942346729,0.016910837676520497,4,0.0
732,-3.63875306877081,0.4540888333164178,0.014792801303240283,8,0.0
733,-3.6541576923041537,-0.575310235436594,0.016234429531007077,8,0.0
733,-3.6312700566053793,0.44600278222409945,0.014418042771555643,9,0.0
734,-3.6490316785368697,-0.5908888286781027,0.014643372857083906,4,0.00022287106724452066
734,-3.5684417024032236,-1.5934747688229638,0.016500059537762717,4,0.0
734,-3.6444654767836075,0.44045867353210927,0.014478744353335737,8,0.015338870415811934
735,-3.6486748773053765,-0.5726334776239205,0.015692105361305126,7,0.0032091209888816877
735,-3.639447176815686,0.4398360404350836,0.01486038671042568,8,0.017488525240113295
736,-3.6505719963349095,-0.5892703321743918,0.015251378101788152,4,0.0
736,-3.638165319327814,0.446849301450618,0.01525583174864675,8,0.0
737,-3.568833958188111,-1.5936499267087993,0.016918540702928947,4,0.0
737,-3.6365316788812323,0.4489842226092679,0.0169867491573255,9,0.0
738,-3.6490216243099844,-0.5918656811369144,0.01651811747593861,4,0.002825991104704561
738,-3.632798669237931,1.4173622503146004,0.015608123417956303,8,0.0
738,-3.6362373470739313,0.4466129035064193,0.014426696521532325,8,0.0
739,-3.6491367784880544,-0.579548102241545,0.01655521265290432,8,0.012319381783678883
739,-3.5714716998155387,-1.5865296650778298,0.017335530373338903,7,0.009042674852004275
739,-3.6382466268404543,0.4468588399573586,0.014449552239835066,8,0.0
740,-3.648287269562546,-0.5725726180109316,0.016060761378764353,8,0.0031516934507585526
740,-3.562436220967438,-1.5907939257424428,0.0169107447762791,4,0.0
740,-3.6376371711802373,0.4467844049136236,0.0147866294513548,8,0.0
741,-3.655265465642268,-0.5754837404116111,0.017092612659691774,7,0.0
741,-3.6470902099280758,0.45512855348110276,0.01604291138127851,8,0.0
742,-3.652158279606303,-0.5854272243954654,0.01666478811885323,7,0.01216795648300157
742,-3.5643977053201747,-1.5916682848641013,0.01608192211545377,4,0.0
742,-3.6430074486397563,0.43310057896512755,0.014636295269613388,8,0.016595385981542896
743,-3.654583448448474,-0.5753772775264503,0.015814467442852195,7,0.0
743,-3.563483690300607,-1.5912616830318382,0.016081361258476756,4,0.0
743,-3.6480870118473203,0.4552526471371353,0.016048072979928822,8,0.0
744,-3.652610512809531,-0.5750674725012606,0.015811352141330927,7,0.0
745,-3.637759024350493,0.45396503550167217,0.014790091753477709,8,0.0
746,-3.6506079782063496,-0.5843597489283652,0.016122781529804175,7,0.013445370654967152
746,-3.6459099001177364,0.4406391077149784,0.014880115095495642,8,0.01736509867496982
747,-3.654278954061303,-0.5753294835701137,0.017091168433453992,7,0.0
747,-3.5742133647882266,-1.5877472261822454,0.017338389965183686,7,0.009046041164867137
747,-3.6545840218519197,0.43684069130798114,0.01553968861597122,9,0.029805751204069066
748,-3.5559780820494757,-1.596189086298047,0.015267923427040858,4,0.0
748,-3.6374065025984814,0.44983891611101157,0.017386667676919473,9,0.0
749,-3.6606182947471178,0.42799728270500315,0.015999722081849285,9,0.017256573810840073
751,-3.570223418085852,-1.602586000178344,0.014899728669641243,3,0.0
752,-3.639405986998736,0.4470009562954955,0.014597651427173139,7,0.0
754,-3.661611577976748,0.4281132647494052,0.016002815469848542,9,0.017259114706748666
755,-3.647199118299934,-0.5849926398448023,0.015249433013976766,7,0.013175319156471407
755,-3.6396258087109263,0.4470279516702428,0.014791652229339945,9,0.0
756,-3.6502739734413088,-0.5786018455129521,0.016345659241854212,7,0.00937842793980264
756,-3.635647294663986,0.44653987393017525,0.014780256649381497,8,0.0
757,-3.604614742335142,1.418251491230044,0.015514580319896026,8,0.0
757,-3.6459999460137484,0.4406581056725851,0.01585335383084599,8,0.020665977849116935
758,-3.5642637823219836,-1.5916100901438175,0.016913095315456955,4,0.0
758,-3.644915596721602,0.4405182571152021,0.014874808369717671,8,0.01735431417715832
759,-3.6480072279485065,-0.5829597774694946,0.015470250662728838,7,0.010682856907983637
759,-3.568273168941639,-1.58510776181067,0.01690770174071815,7,0.008999448752936212
760,-3.651569647366024,-0.5894303816230685,0.015261994392894407,4,0.0
760,-3.5588998295597025,-1.5974997246476468,0.01449711513324461,3,0.0
760,-3.6319435190297513,0.45323844445690586,0.015793549775810937,8,0.0
761,-3.6508932461293844,-0.581687465222354,0.016185893655299793,7,0.01077232308736892
761,-3.636176635374163,0.44660487870191523,0.015250539667049723,8,0.0
762,-3.6371716814352912,0.4467276766369749,0.01525381395381093,8,0.0
763,-3.6312700566053793,0.44600278222409945,0.014418042771555643,8,0.0
764,-3.56310079440101,-1.5910906728805467,0.015674008222819284,4,0.0
764,-3.6698146848081254,0.42907204843961494,0.017355412166929356,8,0.0
765,-3.6365428427356927,0.4538126544562672,0.014591586802689077,8,0.0
766,-3.6475478216000368,-0.5870201744406508,0.015400154081552016,7,0.011980000229339921
766,-3.5643977053201747,-1.5916682848641013,0.01608192211545377,4,0.0
767,-3.652233676415146,-0.5731924799068793,0.01606781533463118,7,0.0031562664096802745
767,-3.6382275177235868,0.44685649258033316,0.014432776833079572,7,0.0
768,-3.6460154134256513,-0.5815298877264053,0.015279600376440244,7,0.014328983580390246
768,-3.5643977053201747,-1.5916682848641013,0.01608192211545377,4,0.0
768,-3.6605305918178335,0.4279872304449074,0.015065637237954187,9,0.015173087574101185
769,-3.6364216138777516,0.44663553874151646,0.014588722087880155,8,0.0
770,-3.6371716814352912,0.4467276766369749,0.01525381395381093,8,0.0
771,-3.6528251334165667,-0.5732864042631631,0.01644636729069447,7,0.003103306741570229
771,-3.5560603483081894,-1.5879505451971005,0.014482885044576694,4,0.00873315433847237
771,-3.6183700560201877,1.4267831303868541,0.01609679511582878,8,0.021021398117877392
771,-3.6356028086734136,0.45369541320898465,0.015518578668362619,8,0.0
772,-3.649517736131344,-0.586727947071455,0.01591780268710134,7,0.011459551734143952
772,-3.6334363936165133,0.4462690173617755,0.01457904681106619,8,0.0
773,-3.6475783748782877,-0.5856265856576397,0.015260688154500802,7,0.01077342603536393
773,-3.571928564661098,-1.5867319253221583,0.016912810221591433,7,0.009008830458970229
773,-3.6334363936165133,0.4462690173617755,0.01457904681106619,8,0.0
774,-3.5598270238802794,-1.5896295843792114,0.016076136861310878,4,0.0
774,-3.635768479159057,0.45371581164240105,0.014783351182569392,8,0.0
775,-3.65085140113776,-0.5729752491637847,0.01644345831341675,7,0.003101318628532159
775,-3.6352416394610683,0.44649005814364834,0.014422828656164208,8,0.0
776,-3.5621314687627583,-1.5927297758945798,0.01610640029636039,4,0.003419747210361288
777,-3.652233676415146,-0.5731924799068793,0.01606781533463118,7,0.0031562664096802745
777,-3.564929523555271,-1.5919064829350225,0.015676485105812744,4,0.0
777,-3.659149184282043,0.4278254932310826,0.015331839932507436,9,0.015120344788164753
778,-3.6472623242421482,-0.5791285338850165,0.016481074526519483,7,0.013381212319167626
778,-3.5659881619394924,-1.584094279660523,0.01648613408094008,6,0.008958686525837303
778,-3.605046100207579,1.4205479272780963,0.01660249259127495,8,0.0
778,-3.635897838484974,0.4484534156039798,0.01616005857678692,9,0.0
779,-3.5629576227106234,-1.5910236876945665,0.016492108791887873,4,0.0
779,-3.607348501793258,1.4174132667090742,0.015174740234835903,8,0.0
779,-3.6352566208342285,0.4464918979052661,0.014435980543247545,8,0.0
780,-3.641743044602447,0.43834979310297206,0.014765455007184205,8,0.018559260063432784
781,-3.635768479159057,0.45371581164240105,0.014783351182569392,8,0.0
782,-3.5612166593793426,-1.5923191438543531,0.016103351505635653,4,0.0034205307610711225
782,-3.6346522459870254,0.4464180724556431,0.014777542079392924,8,0.0
783,-3.64908161545773,-0.591033769654898,0.01472333523809237,4,0.0
783,-3.6379942472729603,0.43966651096167775,0.01444159153905918,8,0.015770534984023907
784,-3.6326020777742944,0.44616599011329483,0.014717558302652927,8,0.0
785,-3.6500956615617466,-0.5868323903808145,0.015602818440746916,7,0.01159429150656711
785,-3.5646604657804954,-1.5917872581371724,0.01733688319504259,4,0.0
785,-3.6312700566053793,0.44600278222409945,0.014418042771555643,8,0.0
786,-3.562569362911514,-1.5908503695129232,0.016078468876406547,4,0.0
786,-3.6328561870376497,1.425510656951993,0.01563049805280001,8,0.0
786,-3.6395603311073748,0.4398458774008904,0.015272042760312465,9,0.018832783213027234
788,-3.6531864804080665,-0.584810462418334,0.017123140554997456,6,0.009130031368730692
791,-3.6298349728363237,0.449399737476485,0.014973006764189233,8,0.0
792,-3.6352416394610683,0.44649005814364834,0.014422828656164208,7,0.0
793,-3.5533393890116205,-1.5867309822830895,0.016144478926063324,4,0.02119653196845071
794,-3.655265465642268,-0.5754837404116111,0.017092612659691774,6,0.0
794,-3.5598270238802794,-1.5896295843792114,0.016076136861310878,4,0.0
794,-3.6342598451646086,0.44636987063227707,0.014431738223426641,8,0.0
795,-3.628385869739865,0.4434303469161051,0.016514910701359603,9,0.021110638870001808
797,-3.6592129718912734,-0.5761057135653235,0.017097323250233457,6,0.0
797,-3.5653118401428365,-1.592077215487548,0.016083207525123367,4,0.0
797,-3.6349262021905115,0.4536103440304401,0.015801551945724628,8,0.0
798,-3.6500956615617466,-0.5868323903808145,0.015602818440746916,7,0.01159429150656711
798,-3.655096593058319,0.43453369906688977,0.015409176402627659,8,0.02218866793147837
800,-3.649175360025915,-0.579079723030993,0.0160907665397659,7,0.011044882213177957
800,-3.5797246900656137,-1.5985115692459222,0.014908181626215277,3,0.0
800,-3.62407287531871,0.44903644090341466,0.01612564102304666,9,0.014262114268033824
801,-3.634430901845125,0.44639088293250434,0.014582172590426387,8,0.0
802,-3.6511888551046106,-0.5793361291796953,0.016821214326765366,7,0.010636469693044081
803,-3.650935647582708,-0.5793287791165826,0.01620651863994976,6,0.01076859488352545
803,-3.567006299714406,-1.5928322429494093,0.016915800127681936,4,0.0
803,-3.632440886001968,0.4461461897993923,0.014575355534189986,8,0.0
804,-3.6509221708425628,-0.5869398526250549,0.01625056284864152,6,0.011346027878374156
804,-3.565699450746369,-1.5922503122090166,0.01649617411952097,4,0.0
804,-3.6159714918612798,1.4239563762561747,0.015856980110079032,8,0.022594544171020137
804,-3.651903192232,0.4365164390176599,0.01534583361823312,9,0.0295044560006002
805,-3.6420230356504066,0.4401768714643438,0.01583007572288258,8,0.020622028113002636
806,-3.6050545499333957,1.4286360615782754,0.016622286257228874,8,0.0
807,-3.640276526271719,0.4256192826523337,0.014758560104224917,8,0.0
808,-3.5627245577213245,-1.5909226368908642,0.01527437220563477,4,0.0
808,-3.640618935740881,0.4256593145785835,0.01445774018808379,8,0.0
809,-3.642253620541452,0.425850124417106,0.014768804497600489,8,0.0
810,-3.6495826828156375,-0.5789851964143224,0.016515650511578144,8,0.010934354065184606
810,-3.5618105743865396,-1.5905116482552584,0.015271910415669563,4,0.0
810,-3.644847580136079,0.4405139655217628,0.015255034158381866,8,0.018771152148160906
811,-3.656252125263718,-0.575639394237264,0.01709398771299007,7,0.0
811,-3.573299666173825,-1.5873418764745937,0.017337584481441595,7,0.00904567311770773
811,-3.6541159661970326,0.43680296125646895,0.01600275416117235,9,0.027215966764721104
812,-3.65085140113776,-0.5729752491637847,0.01644345831341675,7,0.003101318628532159
812,-3.562436220967438,-1.5907939257424428,0.0169107447762791,4,0.0
812,-3.656864015661404,0.4347434399865631,0.015669131133142663,8,0.02329812337957081
813,-3.649312180481667,-0.5929854521397568,0.015786539711120318,4,0.0018877654752598987
813,-3.601366227203799,1.427173655613068,0.016589835567631463,8,0.0
813,-3.635186642302631,0.4488508622310595,0.016712174937753618,9,0.0
815,-3.569078075737029,-1.5854634354481312,0.016071904220008676,4,0.0
816,-3.5630455255001072,-1.5931382279498978,0.01610828062870183,4,0.003422622810733785
817,-3.658774694739623,-0.5760366930574568,0.017531252423310942,7,0.0
817,-3.604058386434444,1.4098795949894332,0.016077787172808125,8,0.0
817,-3.6342462634106663,0.4463682022736328,0.014419814877786354,8,0.0
818,-3.658774694739623,-0.5760366930574568,0.017531252423310942,8,0.0
818,-3.567140243190373,-1.5928947313608577,0.01608646538094486,4,0.0
818,-3.6376515201659836,0.42531197538444504,0.014444459174201795,8,0.0
819,-3.6501632614202246,-0.5792380940309091,0.016092791064388073,6,0.011050365186491044
820,-3.6505719963349095,-0.5892703321743918,0.015251378101788152,4,0.0
820,-3.632914722196962,0.4462043944164226,0.014994541923515823,8,0.0
821,-3.637416271817804,0.4467572617650336,0.014591664982562863,8,0.0
823,-3.651043498462759,-0.5872944933127787,0.015057233259944035,4,0.0
823,-3.567816309328803,-1.5849055026160097,0.01733057075359508,7,0.009033206050698007
823,-3.630672263965284,0.44592920198602687,0.01476507443981771,8,0.0
824,-3.6296769321506894,0.44580638787020754,0.014761540066216943,8,0.0
825,-3.6500498722276036,-0.5819573592182192,0.01653438166773411,7,0.011959939774943093
825,-3.555381057717528,-1.597993857689835,0.016098307593555815,4,0.0034206573693779125
825,-3.635124896993264,0.44032942959346455,0.01590789587782184,8,0.0
826,-3.650032068523311,-0.5813634423803353,0.015946530713697785,6,0.010465576166018085
826,-3.6376515201659836,0.42531197538444504,0.014444459174201795,8,0.0
827,-3.603201284454419,1.4198189240241377,0.016585200677716315,8,0.0
827,-3.6376371711802373,0.4467844049136236,0.0147866294513548,8,0.0
828,-3.6500696745037695,-0.5843659674327697,0.016190279206898545,7,0.011952287408695673
828,-3.6334363936165133,0.4462690173617755,0.01457904681106619,8,0.0
829,-3.6489885060047245,-0.585823722258016,0.015592541773392412,7,0.010613178627512262
829,-3.635647294663986,0.44653987393017525,0.014780256649381497,9,0.0
830,-3.647968892243461,-0.583583716909135,0.015980042258457387,7,0.011682083595769754
830,-3.630607213053966,0.4459212119766564,0.014707571952132483,8,0.0
831,-3.6478139006877264,-0.5830598814241038,0.01604101135579862,7,0.012921505454459538
831,-3.6326020777742944,0.44616599011329483,0.014717558302652927,8,0.0
832,-3.647968892243461,-0.583583716909135,0.015980042258457387,7,0.011682083595769754
832,-3.5608961938298007,-1.5901061618425654,0.015271146341692656,4,0.0
832,-3.6535081484585743,0.43434403884597933,0.015405851208319941,8,0.021951255246612667
833,-3.6548268003349254,-0.5754146427736141,0.017526945456527145,8,0.0
833,-3.656877398375432,0.42756013443789076,0.015072809040696354,9,0.014905417422205556
834,-3.6508433046473585,-0.5827243514892241,0.016907510777528143,6,0.011890107679509723
834,-3.658850468178475,0.42779070823055904,0.015485729458956439,9,0.015929166365249735
835,-3.6507661809759124,-0.574775962911944,0.016656508049593326,7,0.0
835,-3.564929523555271,-1.5919064829350225,0.015676485105812744,4,0.0
835,-3.6413587006402977,0.45441297002808917,0.01446788429630328,8,0.0
836,-3.6459808666685327,-0.5861451434455626,0.016239732833079525,6,0.011329779054674574
836,-3.563483690300607,-1.5912616830318382,0.016081361258476756,4,0.0
836,-3.6342462634106663,0.4463682022736328,0.014419814877786354,8,0.0
837,-3.6480837580610093,-0.5818533128343981,0.01645500584509572,7,0.01149555285608092
837,-3.654598378343335,0.43683964066470554,0.015097712870263458,9,0.028853434836220503
838,-3.648094383378929,-0.5782018300545292,0.016466992465677486,7,0.009482986310758805
838,-3.571014843859161,-1.5863272650938745,0.01691170049562246,7,0.009007894016020224
838,-3.6521378951508083,0.43656015852877766,0.015241937697643301,9,0.027054235082440672
839,-3.645739551099274,-0.5861441771311522,0.015292622263919257,7,0.011733163134696238
839,-3.5607414879414976,-1.590036811666772,0.016077435302860824,4,0.0
839,-3.6396297218660654,0.4255433451289167,0.014453486097216698,8,0.0
840,-3.635368718910391,0.44944353221595973,0.017243436167266472,9,0.0
841,-3.6548268003349254,-0.5754146427736141,0.017526945456527145,7,0.0
842,-3.648965070622824,-0.592709192002353,0.015707986998013033,4,0.001011866918522029
842,-3.6300447378632987,1.4244074767458894,0.015610114280198057,8,0.0
842,-3.638274295032012,0.44686247817319447,0.017150475870210593,8,0.0
843,-3.6477668053946313,-0.5853499521987593,0.01617157474858008,7,0.012716920795760086
844,-3.570557816395886,-1.5861234845437817,0.017334219408377184,6,0.009039013743262549
844,-3.6022869724516697,1.4275387419677767,0.016599418678207536,8,0.0
845,-3.653810559712533,-0.5734390674518924,0.01644934420798395,7,0.003104958319847046
845,-3.5714716998155387,-1.5865296650778298,0.017335530373338903,7,0.009042674852004275
845,-3.6363587726798547,0.4537896767944388,0.01442969698090166,8,0.0
846,-3.6496618388626967,-0.5727893589041007,0.015693575415547938,6,0.0032099822448635124
846,-3.571014843859161,-1.5863272650938745,0.01691170049562246,6,0.009007894016020224
846,-3.6334363936165133,0.4462690173617755,0.01457904681106619,8,0.0
847,-3.635368718910391,0.44944353221595973,0.017243436167266472,9,0.0
848,-3.64908161545773,-0.591033769654898,0.01472333523809237,4,0.0
848,-3.567816309328803,-1.5849055026160097,0.01733057075359508,6,0.009033206050698007
848,-3.6531913978011747,0.43668309464399196,0.014903717874650085,9,0.02685267373770337
849,-3.650260869380741,-0.5728837201054615,0.016063817330755275,6,0.003153543435107189
850,-3.6395014894712423,0.43985866081271363,0.014455920290019618,8,0.015298438911825089
851,-3.656131190713425,-0.5756201076063862,0.01623698436399453,6,0.0
852,-3.5612166593793426,-1.5923191438543531,0.016103351505635653,4,0.0034205307610711225
852,-3.6316674830659053,0.44605161480787914,0.014768283540106874,8,0.0
853,-3.6577874797375043,-0.5758801934968276,0.01753034077682102,7,0.0
854,-3.650260869380741,-0.5728837201054615,0.016063817330755275,6,0.003153543435107189
854,-3.571014843859161,-1.5863272650938745,0.01691170049562246,6,0.009007894016020224
854,-3.6239054373005706,0.44758882348968126,0.015385744894463413,9,0.012848547793344343
855,-3.641936520074936,0.44015832380471953,0.014860147101515318,8,0.017328437888971926
856,-3.6482295047530364,-0.5919177702975288,0.015947126811762247,4,0.0
856,-3.5691870221650586,-1.5855146642404017,0.01690932597320938,7,0.009003832893748911
856,-3.636176635374163,0.44660487870191523,0.015250539667049723,9,0.0
857,-3.648601106997277,-0.5930596777453772,0.015493100366232936,4,0.0
858,-3.5607414879414976,-1.590036811666772,0.016077435302860824,4,0.0
858,-3.638641054401811,0.42542837921558196,0.0144481980447579,8,0.0
859,-3.6480915923260975,-0.5908721227244673,0.014720231020548074,4,0.0
859,-3.5638713657563446,-1.5914348278431982,0.016494411705111307,4,0.0
859,-3.637416271817804,0.4467572617650336,0.014591664982562863,7,0.0
860,-3.6484539720841322,-0.5910733737837816,0.015817860401726034,4,0.003704799374956231
860,-3.5637037909624034,-1.5830805275881241,0.01690159228107805,7,0.008990120644485334
860,-3.630272960978841,0.44588015679167187,0.014413188136088837,9,0.0
861,-3.5680839606162316,-1.6016234403954757,0.016503954752951452,4,0.0
861,-3.6357997054186315,0.44655902434360284,0.015802081401594455,9,0.0
862,-3.6490623663779083,-0.5869734978946677,0.015050273487837728,4,0.0
862,-3.632662529720079,0.44617341584893433,0.014770996189075396,8,0.0
863,-3.6447518409106077,-0.5921714819494205,0.014545417684172128,6,0.0
863,-3.573299666173825,-1.5873418764745937,0.017337584481441595,6,0.00904567311770773
863,-3.637310662484035,0.4252721179969572,0.014743899380048518,8,0.0
864,-3.568833958188111,-1.5936499267087993,0.016918540702928947,4,0.0
864,-3.641162204547614,0.44006139376952746,0.014612686891916032,8,0.01620973211685875
865,-3.570100671901245,-1.5859197585797409,0.01691043954664702,6,0.009004982998473979
865,-3.65424983424815,0.4368184263272292,0.015213058171369025,9,0.025780988081055535
866,-3.6521841925149103,-0.5750003637550358,0.01623187613809529,7,0.0
866,-3.5647853651113164,-1.5918413723997853,0.016494931039339245,4,0.0
866,-3.616425358306029,1.425002745560764,0.01664626681867347,8,0.017850877292732478
866,-3.640618935740881,0.4256593145785835,0.01445774018808379,8,0.0
867,-3.648894540605255,-0.5928618568754346,0.01632743037766631,4,0.001989425996028738
868,-3.6421729881629457,-0.5698033172495718,0.01530521942596668,7,0.0
868,-3.5653118401428365,-1.592077215487548,0.016083207525123367,4,0.0
868,-3.6384114759381445,0.4468790901344709,0.014594523005289824,8,0.0
869,-3.6378887024908355,0.44681531198215263,0.015009564233536908,8,0.0
870,-3.6538574253266187,0.4367549791409533,0.015480813603212767,9,0.029614422995313895
871,-3.651838104395533,-0.5731303830005365,0.016445021296533746,6,0.0031023177445763574
871,-3.562332637975339,-1.5824709523974423,0.01732356921965518,7,0.009021570205238829
871,-3.630924056922403,1.416630928651731,0.015596048069012845,8,0.0
871,-3.6396297218660654,0.4255433451289167,0.014453486097216698,8,0.0
872,-3.654583448448474,-0.5753772775264503,0.015814467442852195,8,0.0
872,-3.635820119489542,0.4477947560639891,0.01568721560272985,9,0.0019299246808515084
873,-3.658774694739623,-0.5760366930574568,0.017531252423310942,7,0.0
873,-3.634430901845125,0.44639088293250434,0.014582172590426387,8,0.0
874,-3.652610512809531,-0.5750674725012606,0.015811352141330927,7,0.0
874,-3.5607414879414976,-1.590036811666772,0.016077435302860824,4,0.0
875,-3.658774694739623,-0.5760366930574568,0.017531252423310942,7,0.0
875,-3.5608961938298007,-1.5901061618425654,0.015271146341692656,4,0.0
875,-3.636253950556391,0.44661494306917154,0.014441272625246531,8,0.0
876,-3.6488980030091476,-0.593877918820032,0.01576347305127039,4,0.003434184581088591
876,-3.570557816395886,-1.5861234845437817,0.017334219408377184,6,0.009039013743262549
876,-3.630981657230994,1.4247758162132957,0.01561740225160654,8,0.0
876,-3.6365428427356927,0.4538126544562672,0.014591586802689077,8,0.0
877,-3.648989296483491,-0.5919126587440131,0.015512322416361607,4,0.0024214636352036354
877,-3.601366227203799,1.427173655613068,0.016589835567631463,8,0.0
877,-3.645239690516692,0.45489737282153886,0.015271579679044984,8,0.0
878,-3.6551442590668866,-0.5754657013642195,0.01623595862602071,7,0.0
878,-3.6342462634106663,0.4463682022736328,0.014419814877786354,8,0.0
879,-3.651659943725202,0.43650427176421563,0.014814745155796593,9,0.02581153331287998
880,-3.6498651775211175,-0.5728216251100754,0.016441148331743136,7,0.0030996465975637096
880,-3.6386680157249494,0.4325831524746049,0.014730888337891617,8,0.017029113853278623
881,-3.6396297218660654,0.4255433451289167,0.014453486097216698,8,0.0
882,-3.628279953497464,0.4456350964054626,0.014403739823455207,8,0.0
883,-3.65085140113776,-0.5729752491637847,0.01644345831341675,6,0.003101318628532159
883,-3.5673594826547363,-1.5847028894537436,0.01690669298958311,7,0.008998660462424765
883,-3.634805718538842,0.44643727071245926,0.015799455956559384,8,0.0
884,-3.6489433043099955,-0.5899629069306915,0.016539307906357985,4,0.0
885,-3.649844064413031,-0.592009261944085,0.016562093208653,4,0.0
886,-3.650858384081576,-0.5935043872118099,0.015794884288833275,4,0.0
886,-3.5647853651113164,-1.5918413723997853,0.016494931039339245,4,0.0
886,-3.638641054401811,0.42542837921558196,0.0144481980447579,8,0.0
887,-3.63858462185983,0.4469003594990749,0.014747269744002953,8,0.0
888,-3.6541576923041537,-0.575310235436594,0.016234429531007077,7,0.0
888,-3.565699450746369,-1.5922503122090166,0.01649617411952097,4,0.0
889,-3.620151572615325,1.4264692432824446,0.016678148561068924,8,0.017884366100958442
889,-3.640169868220347,0.43994188874631046,0.01460782090472865,8,0.016201946209235363
890,-3.6516959173935057,-0.5877015817473604,0.016286535635955286,7,0.01154458553076888
890,-3.6392877809583664,0.42550335669754846,0.014753892985763815,8,0.0
891,-3.650468400419477,-0.5815642188247727,0.016686075765443863,7,0.011474198172180228
891,-3.645421327403495,0.4370015165523233,0.014782176369368467,8,0.018768775363955752
892,-3.641212344072353,0.447222972079037,0.014442116604043539,9,0.0
893,-3.5636383843631236,-1.5913292530733532,0.015274782265978698,4,0.0
893,-3.640521701738388,0.4543088875988942,0.014604187431087975,8,0.0
894,-3.65272905449035,-0.5714552034928014,0.016488544772486517,7,0.0
895,-3.6582260532349378,-0.5759492897423487,0.017096106890056858,7,0.0
895,-3.661575053078937,0.42810937718533837,0.01573209422634097,9,0.01601090240947916
896,-3.653427542543376,-0.5796925006621488,0.01657348348115842,6,0.010578900390423113
896,-3.6384114759381445,0.4468790901344709,0.014594523005289824,9,0.0
898,-3.654206481548761,-0.5735012399771269,0.01607181529274539,6,0.0031589902042852983
898,-3.660839842944587,0.4280230478372327,0.015494571728534945,9,0.015940482511856494
899,-3.6384527146741505,0.4478377393408394,0.015210583503381345,9,0.0
900,-3.6384036439615626,0.4478281631084076,0.015166391225226013,8,0.0
901,-3.638641054401811,0.42542837921558196,0.0144481980447579,8,0.0
902,-3.564160604159371,-1.5832831642713885,0.01732561763030497,7,0.009024568653839367
902,-3.6346522459870254,0.4464180724556431,0.014777542079392924,8,0.0
903,-3.5651777684539483,-1.592016577899796,0.016913575553868382,4,0.0
903,-3.6424799363357154,0.44021865954831607,0.014469671323351451,8,0.01532283953932006
904,-3.6416081484248375,0.42577528390639025,0.014461995336834909,8,0.0
905,-3.5664889406595948,-1.5926028776811727,0.017339033069921964,4,0.0
905,-3.6416081484248375,0.42577528390639025,0.014461995336834909,8,0.0
906,-3.5603028400414822,-1.5919125854917024,0.016102290860768847,4,0.003418451658043553
906,-3.639395687525498,0.45007839925950877,0.017389336498221854,9,0.0
907,-3.6492054990723455,-0.5928820511113204,0.016624112204867862,4,0.0020470673510422175
907,-3.5599641211535045,-1.591761136745796,0.015755412924097986,4,0.00344187083784938
907,-3.640618935740881,0.4256593145785835,0.01445774018808379,8,0.0
908,-3.568273168941639,-1.58510776181067,0.01690770174071815,7,0.008999448752936212
908,-3.6416081484248375,0.42577528390639025,0.014461995336834909,8,0.0
909,-3.656252125263718,-0.575639394237264,0.01709398771299007,7,0.0
909,-3.604130480583646,1.4282697052683855,0.016615336477730575,8,0.0
909,-3.639405986998736,0.4470009562954955,0.014597651427173139,8,0.0
910,-3.6462150998771055,-0.5928481875602998,0.016109614332242606,4,0.0
910,-3.5428692404272066,-1.5779360268483626,0.01645132923580703,9,0.0
910,-3.639343767315803,0.454162295423722,0.014440060619402013,8,0.0
911,-3.655700045569972,-0.5755521945290566,0.016662831272666507,6,0.0
911,-3.6435863420795656,0.4260066527895715,0.01447102938410356,8,0.0
912,-3.6574966688755413,0.43720854658013025,0.015967669445643807,9,0.027090971049574544
913,-3.651434426895704,-0.5907969129070604,0.015271794047828344,4,0.0027608290859097604
913,-3.5657885657522552,-1.5943657874411352,0.016114355289040698,4,0.0034247936690704507
913,-3.6379153118470295,0.4396580055769078,0.014672739894226447,8,0.01560827108223354
914,-3.651201562740214,-0.5870183055865917,0.017135308302148773,4,0.0
915,-3.6384114759381445,0.4468790901344709,0.014594523005289824,8,0.0
916,-3.5647853651113164,-1.5918413723997853,0.016494931039339245,4,0.0
917,-3.5618105743865396,-1.5905116482552584,0.015271910415669563,4,0.0
918,-3.6340306819690507,0.4534985952442684,0.015000148380170449,8,0.0
919,-3.6309247362649133,0.44596021240525985,0.01498887514562625,8,0.0
920,-3.6332516142363596,0.4462463129259641,0.014416561400323437,9,0.0
921,-3.6414369474490265,0.4185955104643083,0.014458348218986663,9,0.0
923,-3.651906786317832,-0.5844541832356623,0.01638254983361609,7,0.00838477815887763
923,-3.5653118401428365,-1.592077215487548,0.016083207525123367,4,0.0
923,-3.636642631227072,0.44666268839381384,0.01478379528540102,7,0.0
924,-3.6486748773053765,-0.5726334776239205,0.015692105361305126,8,0.0032091209888816877
924,-3.6578562446781167,0.42767459074019054,0.015481619073839915,9,0.015924492788027614
926,-3.656131190713425,-0.5756201076063862,0.01623698436399453,7,0.0
926,-3.601366227203799,1.427173655613068,0.016589835567631463,8,0.0
926,-3.632914722196962,0.4462043944164226,0.014994541923515823,8,0.0
927,-3.632662529720079,0.44617341584893433,0.014770996189075396,8,0.0
928,-3.658774694739623,-0.5760366930574568,0.017531252423310942,7,0.0
928,-3.56310079440101,-1.5910906728805467,0.015674008222819284,4,0.0
929,-3.636642631227072,0.44666268839381384,0.01478379528540102,9,0.0
930,-3.649277027132673,-0.5866186393161469,0.016358984317065384,7,0.014480984757433183
930,-3.650820901049676,0.4519978388793697,0.015120182100405768,8,0.0
931,-3.6508163134819265,-0.5887186923981641,0.01713541263739559,8,0.01203181247003693
931,-3.5621871058333325,-1.5906797309303708,0.01567182793225083,4,0.0
932,-3.654278954061303,-0.5753294835701137,0.017091168433453992,7,0.0
932,-3.642596811469827,0.4258902492714489,0.014467287288087702,8,0.0
933,-3.6535966061370972,-0.5752207867751863,0.015813203207308234,7,0.0
933,-3.6418172803938234,0.43296255617338797,0.014453129969873607,8,0.015751297808456074
934,-3.649954630816588,-0.5928697207907966,0.015710918788542902,4,0.0010076026285544505
934,-3.6595131820545,0.4278681773906641,0.016089371156690055,9,0.01727299109911351
935,-3.569643852624094,-1.585717266042332,0.017333122200562136,6,0.009038444461434944
935,-3.658959373464227,0.42780343891470657,0.015389909980052168,9,0.01590334987425456
936,-3.6491411936421603,-0.5872960367767563,0.016604719323520027,7,0.011420242133604524
936,-3.6404942112531815,0.4399781575785029,0.01446068519675999,8,0.01530650093624568
937,-3.648601106997277,-0.5930596777453772,0.015493100366232936,4,0.0
938,-3.6511970114896313,-0.574843800698426,0.01623095352846602,6,0.0
938,-3.6182706881634576,1.4257887841015546,0.016663041081115743,8,0.022772863837829456
938,-3.631789520797184,0.45321895149468744,0.014770904785284061,8,0.0
939,-3.663817808100892,0.42837188363052486,0.017315987748651927,8,0.0
940,-3.562436220967438,-1.5907939257424428,0.0169107447762791,4,0.0
940,-3.6598450384093186,0.42790686247955506,0.015490231657155172,9,0.015935008174642037
941,-3.6495414320202064,-0.5910607162762702,0.015151917983660744,4,0.0038708338557238665
941,-3.631919579209269,1.4251441570473493,0.015624693112082954,8,0.0
941,-3.6402178807400234,0.4471012281207276,0.01443990376255733,8,0.0
942,-3.64800485342698,-0.5812157321639693,0.01636089433848829,7,0.01168128540051501
942,-3.6530113863764115,0.43665353874186313,0.015140901019213898,9,0.02874042549548216
943,-3.6495528885493007,-0.5820509238469846,0.016825376392649163,6,0.011348129401497575
943,-3.6574170360216516,0.43481016846841875,0.015270887876452905,8,0.022153831781136477
945,-3.648899659438547,0.4361596901073641,0.015021290430184004,9,0.028657073886178955
946,-3.6332516142363596,0.4462463129259641,0.014416561400323437,8,0.0
947,-3.655700045569972,-0.5755521945290566,0.016662831272666507,6,0.0
947,-3.6322668288746494,0.4461248091438741,0.014422282090108067,8,0.0
948,-3.649126659250557,-0.5708910508459426,0.01616763170112146,7,0.0
948,-3.6325908229156716,0.4471266152872758,0.015289658341346223,9,0.0
949,-3.6479331846418726,-0.587086979994079,0.015675090065022237,7,0.011811810009575534
949,-3.6364216138777516,0.44663553874151646,0.014588722087880155,8,0.0
950,-3.6511970114896313,-0.574843800698426,0.01623095352846602,6,0.0
950,-3.6368942669956934,0.4466935991963848,0.01500682831067752,8,0.0
951,-3.5608961938298007,-1.5901061618425654,0.015271146341692656,4,0.0
951,-3.5995097350852046,1.4264402826678266,0.016585137182413678,8,0.0
951,-3.6370151908679302,0.45387161817857136,0.015009517899424892,8,0.0
952,-3.563483690300607,-1.5912616830318382,0.016081361258476756,4,0.0
952,-3.638165319327814,0.446849301450618,0.01525583174864675,8,0.0
953,-3.645835797366077,-0.5827426564233207,0.01603472681602269,7,0.012908703478287159
953,-3.633657864007455,0.44629623013993447,0.014774532792654196,8,0.0
954,-3.648974776945123,-0.58408972395438,0.016243469373831327,7,0.011456265792339564
955,-3.6548268003349254,-0.5754146427736141,0.017526945456527145,7,0.0
955,-3.6360201191431774,0.45374721293231324,0.015006437513600309,8,0.0
956,-3.5606078583955028,-1.58997833745138,0.016908701199547484,4,0.0
956,-3.6383491200263594,0.45403840792404954,0.014436809869941213,8,0.0
957,-3.6434297198540255,-0.5700000977074335,0.015066100386647553,7,0.0
957,-3.6471904618653754,0.42642741596456,0.01479910216856269,9,0.0
958,-3.6512105913058277,-0.5844914404436695,0.017120304862438426,6,0.009124307615114893
958,-3.542846857583492,-1.5779257482474678,0.017369437661807624,8,0.0
958,-3.639343767315803,0.454162295423722,0.014440060619402013,8,0.0
959,-3.570100671901245,-1.5859197585797409,0.01691043954664702,7,0.009004982998473979
959,-3.6331457437092576,0.4462327724059938,0.015200163802597151,8,0.0
960,-3.562569362911514,-1.5908503695129232,0.016078468876406547,4,0.0
960,-3.6535081484585743,0.43434403884597933,0.015405851208319941,8,0.021951255246612667
962,-3.6375264329419092,0.44498014006185815,0.01565085475819634,8,0.003239502433725494
963,-3.6368942669956934,0.4466935991963848,0.01500682831067752,9,0.0
964,-3.6489218764402738,-0.5872460396274666,0.015677873893168173,7,0.011814683897902054
964,-3.6383211270992137,0.4397089386243362,0.014593726293167807,8,0.015332402478536355
965,-3.6528428243296642,-0.595953279725472,0.01484373641555002,4,0.0
965,-3.63214791772078,0.4461106467745233,0.015194986791413425,8,0.0
966,-3.651888610176625,-0.5850630411730822,0.01650437061733914,8,0.014231146155130714
966,-3.6392877809583664,0.42550335669754846,0.014753892985763815,8,0.0
967,-3.640821087088638,0.4400201719539915,0.014612972851950906,8,0.01619104152052754
968,-3.64621014388188,-0.584833076424014,0.01524575101543281,7,0.013169213500327338
968,-3.5611292621626545,-1.5902099825358054,0.01649059904906573,4,0.0
968,-3.6590037811970295,0.42780849061616544,0.014959236152603375,9,0.014636008154084227
969,-3.6401063914871434,0.41844324366592195,0.014753352057935428,9,0.0
970,-3.5651777684539483,-1.592016577899796,0.016913575553868382,4,0.0
970,-3.630607213053966,0.4459212119766564,0.014707571952132483,8,0.0
971,-3.6516231892833635,-0.57491090587625,0.015810562294268245,7,0.0
971,-3.638193707449969,0.4396875631104923,0.014620545685326591,8,0.016616282320063635
972,-3.6469669507029168,0.44792979417960616,0.016036080938035574,7,0.0
973,-3.569748114505788,-1.59405938524928,0.01692074500286397,4,0.0
973,-3.6377492590087024,0.42532412131439334,0.015235542156018,8,0.0
974,-3.64017791791016,0.43992764238656057,0.014628689520782705,8,0.016617688907473584
976,-3.5618105743865396,-1.5905116482552584,0.015271910415669563,4,0.0
976,-3.6410244509487635,0.4328650454704305,0.014627851027136679,9,0.016594885193188972
977,-3.569643852624094,-1.585717266042332,0.017333122200562136,7,0.009038444461434944
977,-3.6562828166845667,0.4400103727644843,0.01484581771539627,9,0.031496729123995516
978,-3.604614742335142,1.418251491230044,0.015514580319896026,8,0.0
978,-3.641556695884046,0.44009591053071295,0.014536139171293915,8,0.01618401372385162
979,-3.6416081484248375,0.42577528390639025,0.014461995336834909,8,0.0
980,-3.603201284454419,1.4198189240241377,0.016585200677716315,8,0.0
980,-3.635820119489542,0.4477947560639891,0.01568721560272985,9,0.0019299246808515084
981,-3.568833958188111,-1.5936499267087993,0.016918540702928947,4,0.0
981,-3.6392221698696665,0.44697838249124827,0.014436033029804929,8,0.0
982,-3.5607414879414976,-1.590036811666772,0.016077435302860824,4,0.0
983,-3.5646175136946594,-1.5834846765758617,0.016902317962853915,7,0.008990138339674244
983,-3.642596811469827,0.4258902492714489,0.014467287288087702,8,0.0
984,-3.6517533776421915,-0.5749325474995504,0.016657407623735642,6,0.0
984,-3.636253950556391,0.44661494306917154,0.014441272625246531,8,0.0
985,-3.6384114759381445,0.4468790901344709,0.014594523005289824,8,0.0
986,-3.606462357099691,1.418979193417939,0.015529330149121435,8,0.0
986,-3.638532851223482,0.45406134330338266,0.014598397158937869,8,0.0
987,-3.557886826105916,-1.5887661098402195,0.015260485955464087,4,0.008836758545153225
987,-3.667819230760653,0.4288399797705974,0.017345211738451063,8,0.0
988,-3.650019810919268,-0.5910485633843203,0.014644746517581568,4,0.00021996294980347955
988,-3.643692577862542,0.45470457232780215,0.014777685053563375,8,0.0
989,-3.578641308122727,-1.5980299162666634,0.015696776316760957,3,0.0
989,-3.6393019390837473,0.4326571842646879,0.014856535752476422,8,0.01746700206138523
990,-3.6473093312975444,-0.5837340088548035,0.015227097506318787,7,0.011741597962518547
990,-3.6386322218499036,0.4469062067148126,0.014789345877083474,8,0.0
991,-3.65301404155883,-0.5939081222387002,0.014990107832069707,8,0.0
991,-3.5791798403721415,-1.598270677737308,0.015298926639707423,3,0.0
991,-3.6050944411994723,1.432698957796399,0.01737507445799939,8,0.0
991,-3.634144337165827,0.44635600465910885,0.01520660212893852,8,0.0
992,-3.64715986922888,-0.5835278940432237,0.01588833853687498,7,0.011123536507319343
992,-3.5598270238802794,-1.5896295843792114,0.016076136861310878,4,0.0
993,-3.5608961938298007,-1.5901061618425654,0.015271146341692656,4,0.0
993,-3.637354473240061,0.4539145205511239,0.014433559600571801,8,0.0
994,-3.562569362911514,-1.5908503695129232,0.016078468876406547,4,0.0
994,-3.63214791772078,0.4461106467745233,0.015194986791413425,9,0.0
995,-3.648298712442123,-0.5782861292429802,0.016342101614729394,6,0.009370602668353574
995,-3.565074488869133,-1.5836893850006053,0.016485083989460345,7,0.008957893671032257
995,-3.6481631695120598,0.43607089701073853,0.0148379742955376,9,0.028646498842671
996,-3.65053233487053,-0.578642390277202,0.016099940510758633,6,0.009531830280057422
996,-3.658291035249534,0.42772531228709193,0.015204757789098602,9,0.015081330149025303
997,-3.6505719963349095,-0.5892703321743918,0.015251378101788152,4,0.0
997,-3.5646604657804954,-1.5917872581371724,0.01733688319504259,4,0.0
997,-3.635647294663986,0.44653987393017525,0.014780256649381497,8,0.0
999,-3.6543914593023468,-0.5971614810885683,0.015287540497540842,4,0.0
999,-3.6311961525060497,0.44699775864051244,0.015823266809448226,9,0.0
1000,-3.636642631227072,0.44666268839381384,0.01478379528540102,8,0.0
1001,-3.6490316785368697,-0.5908888286781027,0.014643372857083906,4,0.00022287106724452066
1001,-3.6365428427356927,0.4538126544562672,0.014591586802689077,8,0.0
1002,-3.657195516034379,0.4347839154418605,0.015542124803859867,8,0.023247607205643405
1003,-3.563350112727463,-1.5911988942346729,0.016910837676520497,4,0.0
1003,-3.637759024350493,0.45396503550167217,0.014790091753477709,8,0.0
1004,-3.6390042747744005,0.45412019165458384,0.015015493277609208,8,0.0
1005,-3.567958684968077,-1.6015675656080957,0.017344725867624696,4,0.0
1005,-3.6342462634106663,0.4463682022736328,0.014419814877786354,8,0.0
1006,-3.648734256809312,-0.5817958507070747,0.01633586988748248,7,0.012332940038803005
1006,-3.6041229548565057,1.4201842789678523,0.016594379443425813,8,0.0
1006,-3.639944648902709,0.43632435629804955,0.017060681829092747,7,0.008097956104307507
1007,-3.646321540514849,-0.583576350896495,0.015225099577214114,7,0.011738490234338721
1007,-3.6334363936165133,0.4462690173617755,0.01457904681106619,8,0.0
1008,-3.5650743440858674,-1.5836872790018455,0.017326314407352626,7,0.009024555716665038
1008,-3.637416271817804,0.4467572617650336,0.014591664982562863,9,0.0
1009,-3.635025855388515,0.45362339669446317,0.015003540529138056,8,0.0
1010,-3.655570771158771,-0.5755328436272447,0.01581525826483005,7,0.0
1010,-3.636763695070467,0.4538402236893151,0.014786558680941383,8,0.0
1011,-3.6468417021312147,-0.592542205992232,0.014668210862730265,7,0.0
1011,-3.633545715087268,0.44861452970887855,0.016974394949182542,9,0.0
1012,-3.655570771158771,-0.5755328436272447,0.01581525826483005,6,0.0
1012,-3.563746866962169,-1.591376004310657,0.01733466769150722,4,0.0
1012,-3.6368942669956934,0.4466935991963848,0.01500682831067752,7,0.0
1013,-3.6568007107766345,-0.5757268117008323,0.017529193962515188,7,0.0
1013,-3.5608961938298007,-1.5901061618425654,0.015271146341692656,4,0.0
1013,-3.635647294663986,0.44653987393017525,0.014780256649381497,8,0.0
1014,-3.652610512809531,-0.5750674725012606,0.015811352141330927,6,0.0
1014,-3.6379153118470295,0.4396580055769078,0.014672739894226447,8,0.01560827108223354
1015,-3.5621314687627583,-1.5927297758945798,0.01610640029636039,4,0.003419747210361288
1015,-3.6384114759381445,0.4468790901344709,0.014594523005289824,8,0.0
1016,-3.6514526413241892,-0.5793775486361348,0.016569668843960838,7,0.010570289569828053
1016,-3.5637037909624034,-1.5830805275881241,0.01690159228107805,7,0.008990120644485334
1016,-3.6379153118470295,0.4396580055769078,0.014672739894226447,8,0.01560827108223354
1017,-3.5638713657563446,-1.5914348278431982,0.016494411705111307,4,0.0
1017,-3.6433466391906757,0.44033984632736595,0.015989317616018735,8,0.021239558172829825
1018,-3.6491743484664325,-0.5927224525235425,0.014945213088254397,4,0.0006606873053644836
1018,-3.563483690300607,-1.5912616830318382,0.016081361258476756,4,0.0
1018,-3.6387419219105115,0.4397599083830842,0.01501863006890895,8,0.015416562994037517
1019,-3.650723797170952,-0.5792611440569447,0.01632155436294346,6,0.010556491775914972
1019,-3.565074488869133,-1.5836893850006053,0.016485083989460345,7,0.008957893671032257
1019,-3.6312700566053793,0.44600278222409945,0.014418042771555643,9,0.0
1020,-3.648022741037929,-0.5848922980199092,0.015645522778797275,7,0.012906866035558405
1020,-3.565988343272104,-1.5840932906645375,0.017328520130778558,6,0.009030208028507663
1021,-3.655265465642268,-0.5754837404116111,0.017092612659691774,8,0.0
1021,-3.6378480989474147,0.43249052606993704,0.014437963288094921,9,0.015744396076527993
1022,-3.649517736131344,-0.586727947071455,0.01591780268710134,7,0.011459551734143952
1022,-3.635773396154812,0.4250930363141469,0.015224406293031418,8,0.0
1023,-3.6507661809759124,-0.574775962911944,0.016656508049593326,7,0.0
1023,-3.563246601639041,-1.5828771713934686,0.017324664379573314,7,0.009022137992451757
1023,-3.6342462634106663,0.4463682022736328,0.014419814877786354,8,0.0
1024,-3.562204762817354,-1.5948357674322053,0.01672710997576903,4,0.0
1024,-3.631864095485235,1.4169977596226964,0.015604542521022714,8,0.0
1024,-3.6532334669413333,0.43669210445151463,0.015482042215792904,9,0.02684256454296851
1025,-3.6578562446781167,0.42767459074019054,0.015481619073839915,9,0.015924492788027614
1026,-3.5669023471274164,-1.5844992764711945,0.017329509501651907,7,0.009030396505080472
1026,-3.634430901845125,0.44639088293250434,0.014582172590426387,8,0.0
1027,-3.6496618388626967,-0.5727893589041007,0.015693575415547938,6,0.0032099822448635124
1027,-3.5618105743865396,-1.5905116482552584,0.015271910415669563,4,0.0
1028,-3.6541576923041537,-0.575310235436594,0.016234429531007077,7,0.0
1028,-3.5599641211535045,-1.591761136745796,0.015755412924097986,4,0.00344187083784938
1028,-3.6329888323864497,0.44621397164083637,0.01594973772312494,8,0.0
1029,-3.6396258087109263,0.4470279516702428,0.014791652229339945,8,0.0
1030,-3.647925515394834,-0.5919320634584606,0.01580401521543825,4,0.0037628484437445507
1030,-3.5599819078409674,-1.5896976010157928,0.015269953661500999,4,0.0
1031,-3.643692577862542,0.45470457232780215,0.014777685053563375,8,0.0
1032,-3.6539796206365556,0.43678041951992047,0.015586330347395644,9,0.028004702846287262
1033,-3.5569904170623943,-1.6007923445434504,0.016441804755776338,4,0.0
1033,-3.633657864007455,0.44629623013993447,0.014774532792654196,8,0.0
1035,-3.6518717983518596,-0.5860480425851686,0.015640746023298527,7,0.013181094377631682
1035,-3.632440886001968,0.4461461897993923,0.014575355534189986,8,0.0
1036,-3.647434411364198,-0.596025391001989,0.015237637477197257,4,0.0
1036,-3.5606078583955028,-1.58997833745138,0.016908701199547484,4,0.0
1036,-3.654807203117501,0.4344998607590145,0.015149377977041615,8,0.02143938326626831
1037,-3.6499084934189496,-0.5806920441774309,0.015545146965548819,7,0.013058593979419933
1037,-3.598597226504997,1.426075772825199,0.016568458853686237,8,0.0
1037,-3.6261249416350103,0.45251133279647837,0.015910179306284772,9,0.0
1038,-3.6489602684596147,-0.5790131866325584,0.016202584920919177,7,0.01075845431556156
1038,-3.5630455255001072,-1.5931382279498978,0.01610828062870183,4,0.003422622810733785
1038,-3.6351818442199297,0.4464831273662531,0.015248070353138273,8,0.0
1039,-3.6470529455160356,-0.5905668343340026,0.014638203260250037,4,0.00022629988250923036
1039,-3.56896794386666,-1.5937109331656625,0.01608897548948077,4,0.0
1039,-3.661712282907299,0.42812542581907115,0.015610300093542105,9,0.015979418080183293
1040,-3.6568007107766345,-0.5757268117008323,0.017529193962515188,7,0.0
1040,-3.5621314687627583,-1.5927297758945798,0.01610640029636039,4,0.003419747210361288
1041,-3.5612166593793426,-1.5923191438543531,0.016103351505635653,4,0.0034205307610711225
1041,-3.6331457437092576,0.4462327724059938,0.015200163802597151,8,0.0
1042,-3.6491411936421603,-0.5872960367767563,0.016604719323520027,7,0.011420242133604524
1042,-3.567816309328803,-1.5849055026160097,0.01733057075359508,7,0.009033206050698007
1042,-3.638532851223482,0.45406134330338266,0.014598397158937869,7,0.0
1043,-3.6568007107766345,-0.5757268117008323,0.017529193962515188,7,0.0
1043,-3.638532851223482,0.45406134330338266,0.014598397158937869,8,0.0
1044,-3.651569647366024,-0.5894303816230685,0.015261994392894407,4,0.0
1044,-3.5627245577213245,-1.5909226368908642,0.01527437220563477,4,0.0
1044,-3.639527049688526,0.4541851682718544,0.01460124895848427,8,0.0
1045,-3.6398771392620772,0.4470588165122559,0.01501439224247353,7,0.0
1046,-3.658774694739623,-0.5760366930574568,0.017531252423310942,7,0.0
1046,-3.5651777684539483,-1.592016577899796,0.016913575553868382,4,0.0
1046,-3.6397474485371286,0.4542126730958199,0.01479580754322298,8,0.0
1047,-3.561082518553746,-1.5901942113186651,0.014874041671147385,4,0.008797210914666759
1047,-3.6326020777742944,0.44616599011329483,0.014717558302652927,8,0.0
1048,-3.648590410491689,-0.5825439480847799,0.016166023375701794,7,0.012654292290500647
1049,-3.647080357928589,-0.581480164718874,0.016522736624816597,7,0.011939619176521811
1049,-3.569748114505788,-1.59405938524928,0.01692074500286397,4,0.0
1049,-3.6544363602772307,0.4344543601352078,0.015351450329276914,8,0.021949202131501006
1050,-3.5723853991091383,-1.5869345151778267,0.01733650076572347,6,0.009043457128988406
1050,-3.637354473240061,0.4539145205511239,0.014433559600571801,8,0.0
1051,-3.6568007107766345,-0.5757268117008323,0.017529193962515188,8,0.0
1051,-3.6374065025984814,0.44983891611101157,0.017386667676919473,9,0.0
1052,-3.6568007107766345,-0.5757268117008323,0.017529193962515188,7,0.0
1052,-3.6422478814902006,0.4545239360592774,0.015255175866504359,8,0.0
1053,-3.6526981473921722,-0.5795752755896205,0.01632626703451531,6,0.010566803060801417
1053,-3.563483690300607,-1.5912616830318382,0.016081361258476756,4,0.0
1053,-3.6570148745119635,0.4275762094950285,0.014950786745722342,9,0.01462984393356246
1054,-3.615497314617155,1.424636023987063,0.016645265549687892,8,0.017851966579988124
1054,-3.632255909217369,0.44612346780599815,0.014412695800679706,8,0.0
1057,-3.6499444940283965,-0.5838999415431079,0.015983873017455748,7,0.011690190615230354
1057,-3.569861736627343,-1.6024236104451508,0.014516596377465671,3,0.0
1057,-3.6511868511068735,0.4340692257423872,0.015030395005435999,8,0.021333467819443574
1058,-3.6493963675227916,-0.5817940235457223,0.01674641192966644,7,0.011594006440020677
1058,-3.5629576227106234,-1.5910236876945665,0.016492108791887873,4,0.0
1060,-3.6342462634106663,0.4463682022736328,0.014419814877786354,8,0.0
1062,-3.6541576923041537,-0.575310235436594,0.016234429531007077,7,0.0
1062,-3.640618935740881,0.4256593145785835,0.01445774018808379,8,0.0
1063,-3.568273168941639,-1.58510776181067,0.01690770174071815,7,0.008999448752936212
1063,-3.635025855388515,0.45362339669446317,0.015003540529138056,8,0.0
1064,-3.6499682984537225,-0.5837252112468609,0.015497922499436267,7,0.010513111452522214
1064,-3.567816309328803,-1.5849055026160097,0.01733057075359508,7,0.009033206050698007
1064,-3.63219784534917,0.44611678148214756,0.015239527135496502,8,0.0
1065,-3.5642637823219836,-1.5916100901438175,0.016913095315456955,4,0.0
1065,-3.6192164353166936,1.4261027557760326,0.01666809130696216,8,0.01787065451167963
1066,-3.644588196424938,-0.5994044908267829,0.01455086229570457,7,0.0
1066,-3.641698682038883,0.454455398277039,0.0147674437646994,8,0.0
1068,-3.6495812257645692,-0.5891083988683321,0.01524768970182503,4,0.0
1068,-3.5691870221650586,-1.5855146642404017,0.01690932597320938,7,0.009003832893748911
1068,-3.639829185808582,0.43990071941703607,0.014607994737342313,8,0.016181875883807727
1069,-3.651678474827527,0.436512710748805,0.015127066113528391,9,0.025547699841226255
1070,-3.6337973589497223,0.4248623205443292,0.01521320456385291,8,0.0
1071,-3.651693163130413,-0.5828191032299173,0.016778258446485252,7,0.013961070609831608
1071,-3.6542871303523206,0.43444037620190473,0.014705018634328293,8,0.02086054594334881
1072,-3.6504221165090134,-0.5852966447269634,0.015462208193584145,7,0.012920814745044322
1073,-3.651201562740214,-0.5870183055865917,0.017135308302148773,4,0.0
1073,-3.560215328781235,-1.589803017449281,0.016489877414253663,4,0.0
1074,-3.5647426701128766,-1.6001230902741823,0.014889963926061752,3,0.0
1074,-3.636642631227072,0.44666268839381384,0.01478379528540102,9,0.0
1075,-3.6501716278732346,-0.5934865531734543,0.016117445005478785,4,0.0
1075,-3.6403045187875818,0.4399487519588756,0.014601644514300169,8,0.01533587883152316
1076,-3.6525962770207596,-0.5799204990109942,0.016809178629551915,8,0.011805307930316289
1076,-3.6041697160918997,1.4323311563954757,0.017369827296796526,8,0.0
1076,-3.6316674830659053,0.44605161480787914,0.014768283540106874,8,0.0
1077,-3.6182888262472197,1.4257360348938928,0.01665955776646828,8,0.017864699957694793
1077,-3.6393659491946186,0.4541650636263237,0.014459538631697168,8,0.0
1078,-3.6506139272604554,-0.5799465962389857,0.016319432973817088,8,0.012863315301544945
1078,-3.604130480583646,1.4282697052683855,0.016615336477730575,8,0.0
1079,-3.6341876787285923,0.4463613301761385,0.015245267068248974,8,0.0
1080,-3.644588196424938,-0.5994044908267829,0.01455086229570457,7,0.0
1080,-3.569643852624094,-1.585717266042332,0.017333122200562136,7,0.009038444461434944
1081,-3.649480162460388,-0.5814048232486209,0.016683528336585606,7,0.011468114163223651
1081,-3.633492405224871,0.44627535526686674,0.015510150660775483,8,0.0
1082,-3.655265465642268,-0.5754837404116111,0.017092612659691774,7,0.0
1083,-3.5653118401428365,-1.592077215487548,0.016083207525123367,4,0.0
1084,-3.650260869380741,-0.5728837201054615,0.016063817330755275,8,0.003153543435107189
1084,-3.634430901845125,0.44639088293250434,0.014582172590426387,8,0.0
1085,-3.651201562740214,-0.5870183055865917,0.017135308302148773,4,0.0
1085,-3.568730047621445,-1.585310127839904,0.017331642272094758,7,0.009034148523977844
1085,-3.640276526271719,0.4256192826523337,0.014758560104224917,8,0.0
1086,-3.634430901845125,0.44639088293250434,0.014582172590426387,8,0.0
1087,-3.5362881250478018,-1.5791159861566118,0.01658619829709863,8,0.0
1087,-3.630981657230994,1.4247758162132957,0.01561740225160654,8,0.0
1089,-3.6325623626073553,0.44733276364125685,0.015405566024108969,9,0.0021157829759040608
1090,-3.648705256215061,-0.5866211413262963,0.015300357331873637,7,0.011743461397790228
1090,-3.560358486279661,-1.5898657721110494,0.015669961286813805,4,0.0
1090,-3.6328370065447775,0.44977342715394397,0.014998560509936608,9,0.0
1091,-3.565699450746369,-1.5922503122090166,0.01649617411952097,4,0.0
1092,-3.569355398041506,-1.5938839840441308,0.016501765398145112,4,0.0
1092,-3.639405986998736,0.4470009562954955,0.014597651427173139,7,0.0
1093,-3.5647853651113164,-1.5918413723997853,0.016494931039339245,4,0.0
1093,-3.636763695070467,0.4538402236893151,0.014786558680941383,7,0.0
1094,-3.6549763891189255,0.4368997125792695,0.015592376405753982,9,0.028014192581149712
1095,-3.639512147304927,0.43985012199785073,0.014776660081338017,8,0.015881468130394767
1096,-3.6521841925149103,-0.5750003637550358,0.01623187613809529,6,0.0
1096,-3.570557816395886,-1.5861234845437817,0.017334219408377184,6,0.009039013743262549
1096,-3.6364216138777516,0.44663553874151646,0.014588722087880155,8,0.0
1097,-3.6484901831663703,-0.5925650605596535,0.015100792177417806,4,0.0
1097,-3.5579869879686057,-1.5970920136483695,0.01449664617012738,3,0.0
1097,-3.616425358306029,1.425002745560764,0.01664626681867347,8,0.017850877292732478
1097,-3.6379153118470295,0.4396580055769078,0.014672739894226447,8,0.01560827108223354
1098,-3.5621871058333325,-1.5906797309303708,0.01567182793225083,4,0.0
1098,-3.636176635374163,0.44660487870191523,0.015250539667049723,8,0.0
1100,-3.560358486279661,-1.5898657721110494,0.015669961286813805,4,0.0
1100,-3.635647294663986,0.44653987393017525,0.014780256649381497,8,0.0
1101,-3.6519109481749643,-0.5871001542981791,0.016253059343599142,6,0.01134995973882742
1101,-3.5664451995467097,-1.5842955599803665,0.016905574062999126,7,0.008996450503060345
1101,-3.6442850800291895,0.4386609800968815,0.015177862128211884,8,0.019930359830781168
1102,-3.656252125263718,-0.575639394237264,0.01709398771299007,7,0.0
1102,-3.565988343272104,-1.5840932906645375,0.017328520130778558,7,0.009030208028507663
1102,-3.6551473018327365,0.43693211631902645,0.01574297160369444,9,0.025854724126952056
1103,-3.645835797366077,-0.5827426564233207,0.01603472681602269,7,0.012908703478287159
1103,-3.6546186416327124,0.4344778123023277,0.01498198386078095,8,0.021082454300321622
1104,-3.6464990148994403,-0.5842822751411157,0.015641491647721054,7,0.011929298829971555
1104,-3.573299666173825,-1.5873418764745937,0.017337584481441595,6,0.00904567311770773
1104,-3.653506802822827,0.43434590730106937,0.014874935371690275,8,0.021068080372391485
1105,-3.637354473240061,0.4539145205511239,0.014433559600571801,8,0.0
1106,-3.638010009313159,0.4539963751585788,0.015012594725898049,8,0.0
1107,-3.5662258553413975,-1.592483818146573,0.01608376899880889,4,0.0
1108,-3.6488290054861485,-0.5852959449114583,0.015348467043471118,7,0.010471704541561232
1108,-3.5653118401428365,-1.592077215487548,0.016083207525123367,4,0.0
1108,-3.6574170360216516,0.43481016846841875,0.015270887876452905,8,0.022153831781136477
1109,-3.651201562740214,-0.5870183055865917,0.017135308302148773,4,0.0
1109,-3.565699450746369,-1.5922503122090166,0.01649617411952097,4,0.0
1109,-3.638641054401811,0.42542837921558196,0.0144481980447579,8,0.0
1111,-3.646980812202651,-0.5828486186213905,0.015605631438552777,7,0.010821540043970287
1111,-3.6388362935123544,0.43978053020340124,0.014603770957664929,8,0.016174171657147268
1112,-3.562569362911514,-1.5908503695129232,0.016078468876406547,4,0.0
1112,-3.6338299527385014,0.4498939113985244,0.014998909840601605,9,0.0
1113,-3.651533626828271,-0.5850649400124454,0.017034654951725365,7,0.008910613654528707
1113,-3.6316048375466865,0.4460439174276871,0.014712905851226827,9,0.0
1114,-3.6469618528846306,-0.5953852406324296,0.017504669235858614,7,0.0
1114,-3.6528650551677746,0.4378913491516472,0.0145161905966725,8,0.01788129583735775
1115,-3.6388828685403847,0.4469369963274018,0.015011487608559776,8,0.0
1116,-3.65085140113776,-0.5729752491637847,0.01644345831341675,7,0.003101318628532159
1116,-3.5643977053201747,-1.5916682848641013,0.01608192211545377,4,0.0
1116,-3.6352416394610683,0.44649005814364834,0.014422828656164208,8,0.0
1117,-3.649936277258405,-0.5942358380819514,0.016055279617317533,4,0.0
1117,-3.6359421895372113,0.4475802235979512,0.01564044958131025,9,0.0
1118,-3.6536912362372402,-0.5902225544826837,0.01440342448043717,4,0.0
1118,-3.5632467102046537,-1.5828753651629062,0.01566326981000589,7,0.008872528261030535
1118,-3.644847580136079,0.4405139655217628,0.015255034158381866,8,0.018771152148160906
1119,-3.651569647366024,-0.5894303816230685,0.015261994392894407,4,0.0
1119,-3.563483690300607,-1.5912616830318382,0.016081361258476756,4,0.0
1119,-3.662104621552097,0.44254061719225285,0.017315313789282374,9,0.024783789660390045
1120,-3.654278954061303,-0.5753294835701137,0.017091168433453992,7,0.0
1120,-3.5666491537628224,-1.6009786559410826,0.016919614050591388,4,0.0
1120,-3.634430901845125,0.44639088293250434,0.014582172590426387,8,0.0
1121,-3.6568007107766345,-0.5757268117008323,0.017529193962515188,7,0.0
1121,-3.5636383843631236,-1.5913292530733532,0.015274782265978698,4,0.0
1121,-3.6379942472729603,0.43966651096167775,0.01444159153905918,8,0.015770534984023907
1122,-3.6496499307230663,-0.5746010505667977,0.015807765424789663,7,0.0
1122,-3.5643977053201747,-1.5916682848641013,0.01608192211545377,4,0.0
1122,-3.6370151908679302,0.45387161817857136,0.015009517899424892,8,0.0
1123,-3.5621314687627583,-1.5927297758945798,0.01610640029636039,4,0.003419747210361288
1123,-3.6354261038386446,0.4465127109729704,0.014585028672356202,8,0.0
1124,-3.6521979649697305,-0.5871778565184634,0.017144814631806976,4,0.0
1124,-3.6644992401644876,0.428451350071401,0.01612927536341056,8,0.0
1125,-3.63596884314014,1.4216273719057146,0.017291489790754313,8,0.0
1125,-3.6342462634106663,0.4463682022736328,0.014419814877786354,8,0.0
1126,-3.6389564497103604,0.4397984086078927,0.014844583673612126,8,0.017300409342694445
1127,-3.6516899424532667,-0.5855880905702633,0.01644542574502901,7,0.012455958072908
1127,-3.6404193593657386,0.4327942899809658,0.014528527421596472,9,0.01615867916479232
1128,-3.6547138580714855,-0.5753979469033735,0.01666106877712973,8,0.0
1128,-3.6396258087109263,0.4470279516702428,0.014791652229339945,9,0.0
1129,-3.6525779731319488,-0.5860806511503638,0.016791890559953112,6,0.012371697426514323
1129,-3.562569362911514,-1.5908503695129232,0.016078468876406547,4,0.0
1129,-3.6578599948251678,0.43486196556716933,0.015674376182232396,8,0.023308184925541132
1130,-3.6547138580714855,-0.5753979469033735,0.01666106877712973,8,0.0
1130,-3.6362373470739313,0.4466129035064193,0.014426696521532325,8,0.0
1131,-3.6505719963349095,-0.5892703321743918,0.015251378101788152,4,0.0
1131,-3.6376371711802373,0.4467844049136236,0.0147866294513548,7,0.0
1132,-3.569748114505788,-1.59405938524928,0.01692074500286397,4,0.0
1132,-3.6368942669956934,0.4466935991963848,0.01500682831067752,8,0.0
1133,-3.631445686158071,0.4460243621783738,0.014572501450144116,8,0.0
1134,-3.650761450029123,-0.5863752220725864,0.01598743275310348,7,0.011339594108816277
1134,-3.565988343272104,-1.5840932906645375,0.017328520130778558,7,0.009030208028507663
1134,-3.630672263965284,0.44592920198602687,0.01476507443981771,8,0.0
1135,-3.6480072279485065,-0.5829597774694946,0.015470250662728838,7,0.010682856907983637
1135,-3.569388749613079,-1.6022097469257262,0.016923158317652634,4,0.0
1135,-3.6364216138777516,0.44663553874151646,0.014588722087880155,7,0.0
1136,-3.651554189799893,-0.5824452213869841,0.01610425422454992,6,0.011680990318364488
1136,-3.6355126033132454,0.4494545067951413,0.017357279929462465,9,0.0
1137,-3.5612166593793426,-1.5923191438543531,0.016103351505635653,4,0.0034205307610711225
1138,-3.6521979649697305,-0.5871778565184634,0.017144814631806976,4,0.0
1138,-3.6384114759381445,0.4468790901344709,0.014594523005289824,9,0.0
1139,-3.6537269550315474,-0.5752424089887154,0.016659878821255653,7,0.0
1139,-3.6374703387977636,0.44676436354669535,0.015520945314320073,7,0.0
1140,-3.6509323341084703,-0.5840582110133785,0.015985302019742444,6,0.011691726283493815
1140,-3.6444050987969043,0.4189374253339376,0.014472095785264451,9,0.0
1141,-3.64908161545773,-0.591033769654898,0.01472333523809237,4,0.0
1141,-3.5607414879414976,-1.590036811666772,0.016077435302860824,4,0.0
1141,-3.6738174995015345,0.42954030694572565,0.017385915253707678,8,0.0
1142,-3.6493963675227916,-0.5817940235457223,0.01674641192966644,7,0.011594006440020677
1142,-3.5643977053201747,-1.5916682848641013,0.01608192211545377,4,0.0
1142,-3.640618935740881,0.4256593145785835,0.01445774018808379,8,0.0
1143,-3.640618935740881,0.4256593145785835,0.01445774018808379,8,0.0
1144,-3.657239812742418,-0.5757959393007379,0.017094443212327427,7,0.0
1144,-3.657248133818193,0.42760348445902496,0.014745086434114665,9,0.014457150372797498
1145,-3.656131190713425,-0.5756201076063862,0.01623698436399453,7,0.0
1145,-3.5599819078409674,-1.5896976010157928,0.015269953661500999,4,0.0
1145,-3.6571393175397073,0.4275907605933475,0.014840830261069853,9,0.014482946690005442
1146,-3.6571180785423962,-0.5757757782320264,0.01623813935395968,8,0.0
1146,-3.636109799091394,1.4165145231083662,0.016714784781308462,8,0.0
1146,-3.642635444360181,0.4330546041099799,0.014745894803248175,8,0.017031014939605238
1147,-3.6492994297374652,-0.5816942440078625,0.01608516118366199,7,0.011431128206801524
1148,-3.5627245577213245,-1.5909226368908642,0.01527437220563477,4,0.0
1148,-3.638434952510315,0.432559041025124,0.014520886879798064,9,0.0161576715570377
1149,-3.650176551140655,-0.5881601093590412,0.016188196645504457,7,0.012524826824251954
1149,-3.635768479159057,0.45371581164240105,0.014783351182569392,8,0.0
1150,-3.6494204125172645,-0.5815066306840113,0.015820178253038098,7,0.01093276325641101
1150,-3.6316048375466865,0.4460439174276871,0.014712905851226827,8,0.0
1151,-3.65115084510497,-0.5793953653194868,0.01609478036420911,7,0.011055350882728276
1151,-3.6378887024908355,0.44681531198215263,0.015009564233536908,8,0.0
1152,-3.6371716814352912,0.4467276766369749,0.01525381395381093,8,0.0
1153,-3.637759024350493,0.45396503550167217,0.014790091753477709,8,0.0
1154,-3.6547138580714855,-0.5753979469033735,0.01666106877712973,7,0.0
1154,-3.5608961938298007,-1.5901061618425654,0.015271146341692656,4,0.0
1155,-3.648793514718495,-0.5809435050833571,0.015627170009716473,8,0.01253358234819776
1155,-3.6386322218499036,0.4469062067148126,0.014789345877083474,9,0.0
1156,-3.648151592645998,-0.5857481572199292,0.014947495515414834,7,0.010958587205612375
1156,-3.570100671901245,-1.5859197585797409,0.01691043954664702,7,0.009004982998473979
1156,-3.6418172803938234,0.43296255617338797,0.014453129969873607,9,0.015751297808456074
1157,-3.569643852624094,-1.585717266042332,0.017333122200562136,7,0.009038444461434944
1157,-3.638532851223482,0.45406134330338266,0.014598397158937869,8,0.0
1158,-3.649274261429282,-0.5727285256972555,0.016062189183708348,6,0.0031525481197966663
1160,-3.6500543054670342,-0.5871329740193484,0.015055426482861768,7,0.0
1160,-3.6339099030469724,0.44632719898610373,0.014997939833973307,7,0.0
1161,-3.637416271817804,0.4467572617650336,0.014591664982562863,8,0.0
1162,-3.6316048375466865,0.4460439174276871,0.014712905851226827,8,0.0
1163,-3.6479753975773925,-0.5925477756115648,0.015705152193834428,4,0.0010112737463869074
1163,-3.6682232982766623,0.4252811958066303,0.015219785730362522,8,0.0
1164,-3.569643838545765,-1.5857171748278889,0.016491786645644723,7,0.0089680030297343
1164,-3.6352416394610683,0.44649005814364834,0.014422828656164208,8,0.0
1165,-3.648298712442123,-0.5782861292429802,0.016342101614729394,7,0.009370602668353574
1165,-3.6392877809583664,0.42550335669754846,0.014753892985763815,8,0.0
1166,-3.647478159430516,-0.5901507894070708,0.015262636698609007,4,0.0027628257512547867
1166,-3.630272960978841,0.44588015679167187,0.014413188136088837,8,0.0
1168,-3.6361385345957533,0.44660019980158583,0.015216550881436816,9,0.0
1169,-3.655265465642268,-0.5754837404116111,0.017092612659691774,7,0.0
1170,-3.635502482430059,0.4476776088747103,0.015366323802174243,9,0.002219976373534398
1171,-3.639166954605365,0.43264986812312756,0.0145930644455075,8,0.015306348951411869
1172,-3.6541576923041537,-0.575310235436594,0.016234429531007077,6,0.0
1173,-3.643158784281421,-0.5699576983720779,0.015307753644800297,7,0.0
1173,-3.5590678982320303,-1.5892905273870293,0.015269116176841409,4,0.0
1173,-3.641162204547614,0.44006139376952746,0.014612686891916032,8,0.01620973211685875
1174,-3.637201911760369,0.43956765869820624,0.01461691656285673,8,0.016615554140625863
1175,-3.5618105743865396,-1.5905116482552584,0.015271910415669563,4,0.0
1175,-3.639949700828092,0.4399179557218612,0.014849817520353078,8,0.01730951934567597
1176,-3.6491358023461857,-0.5812467054434138,0.016558497627373936,7,0.00791051545608097
1177,-3.6529607251980516,0.43428130077905114,0.01482851059440579,8,0.020898539512065408
1178,-3.5621314687627583,-1.5927297758945798,0.01610640029636039,4,0.003419747210361288
1178,-3.6358990840008723,0.44657079448490145,0.01500342845679657,8,0.0
1179,-3.648287269562546,-0.5725726180109316,0.016060761378764353,8,0.0031516934507585526
1179,-3.5630455255001072,-1.5931382279498978,0.01610828062870183,4,0.003422622810733785
1179,-3.6346522459870254,0.4464180724556431,0.014777542079392924,8,0.0
1180,-3.6469428567305133,-0.5803817663839731,0.015758121427016138,7,0.009979348267330285
1180,-3.634430901845125,0.44639088293250434,0.014582172590426387,8,0.0
1181,-3.65020962691637,-0.5868564384070076,0.01713081704526452,4,0.0
1181,-3.6342598451646086,0.44636987063227707,0.014431738223426641,8,0.0
1182,-3.6376371711802373,0.4467844049136236,0.0147866294513548,8,0.0
1183,-3.648957178316773,-0.5837427759111047,0.015982146543735424,7,0.011686817623312952
1183,-3.5629576227106234,-1.5910236876945665,0.016492108791887873,4,0.0
1184,-3.563483690300607,-1.5912616830318382,0.016081361258476756,4,0.0
1184,-3.6323784971104125,0.4532926560762504,0.014416070860377314,8,0.0
1185,-3.564015336535364,-1.5914975597278784,0.015675154081754978,4,0.0
1186,-3.6514558929974195,-0.5884651752617212,0.017189766419565836,7,0.012162075037999534
1187,-3.6537269550315474,-0.5752424089887154,0.016659878821255653,7,0.0
1187,-3.6328370065447775,0.44977342715394397,0.014998560509936608,9,0.0
1188,-3.6511590609267364,-0.5936433224976485,0.016117026124806255,4,0.0
1188,-3.558530555819748,-1.5890480765513404,0.015666954100176135,4,0.0
1188,-3.6534235581217573,0.43669677307280325,0.015005754958991207,9,0.0293384868573875
1189,-3.6500543054670342,-0.5871329740193484,0.015055426482861768,4,0.0
1190,-3.655265465642268,-0.5754837404116111,0.017092612659691774,7,0.0
1190,-3.632798669237931,1.4173622503146004,0.015608123417956303,8,0.0
1190,-3.6493909065459396,0.45541533338870877,0.01723615134398529,8,0.0
1191,-3.562569362911514,-1.5908503695129232,0.016078468876406547,4,0.0
1191,-3.6407981756963625,0.44000151397407516,0.014741812055000804,8,0.017053810238604132
1192,-3.6484928697848646,-0.5812475369666644,0.016681065981411967,7,0.011462652997642047
1192,-3.56310079440101,-1.5910906728805467,0.015674008222819284,4,0.0
1192,-3.648388753413296,0.43734706391387707,0.014459718818211198,8,0.015012513831563294
1193,-3.6568007107766345,-0.5757268117008323,0.017529193962515188,7,0.0
1193,-3.6379153118470295,0.4396580055769078,0.014672739894226447,8,0.01560827108223354
1194,-3.65034063784019,-0.584810576993429,0.016276126442205736,6,0.011573085512238427
1194,-3.6354261038386446,0.4465127109729704,0.014585028672356202,8,0.0
1195,-3.6032056910074566,1.4279043653925785,0.01660979072106571,8,0.0
1195,-3.6396297218660654,0.4255433451289167,0.014453486097216698,8,0.0
1196,-3.651201562740214,-0.5870183055865917,0.017135308302148773,4,0.0
1196,-3.604130480583646,1.4282697052683855,0.016615336477730575,8,0.0
1196,-3.6410244509487635,0.4328650454704305,0.014627851027136679,8,0.016594885193188972
1197,-3.6495812257645692,-0.5891083988683321,0.01524768970182503,4,0.0
1197,-3.6416439836686445,0.4329372108306697,0.014741791696912114,8,0.017030596536639603
1198,-3.6426892074398465,-0.5698840879853319,0.014845754685325025,7,0.0
1198,-3.5608961938298007,-1.5901061618425654,0.015271146341692656,4,0.0
1198,-3.6402178807400234,0.4471012281207276,0.01443990376255733,7,0.0
1199,-3.6411697054251877,0.44004774305299466,0.014631915343671921,8,0.01661861287736937
1200,-3.6568007107766345,-0.5757268117008323,0.017529193962515188,7,0.0
1200,-3.6032056910074566,1.4279043653925785,0.01660979072106571,8,0.0
1200,-3.637759024350493,0.45396503550167217,0.014790091753477709,8,0.0
