frame,center_x,center_y,radius,num_points,fitting_error
0,-1.3629998488242023,-1.6156766727107135,0.016110560423551877,11,0.004182956873557537
0,-1.2249432323309966,-1.6167108592992647,0.016837389951705643,10,0.0
0,-1.223295791969334,1.5273724538965392,0.016515761052504286,12,0.01326075080305562
0,-1.3786139662513068,1.5262001641094296,0.0161225915749713,12,0.01157548633167954
1,-1.3600860408914903,-1.6179564370788635,0.016019212691656425,11,0.0028320868386452714
1,-1.2424184979731898,-1.6307201334286971,0.015820195423671364,8,0.003311878212598633
1,-1.22153862967225,1.5268956874671733,0.016321856199177403,12,0.02062472753064777
1,-1.377289020476741,1.5267028779538516,0.015873030046474935,12,0.011329601613212415
2,-1.3483640308348805,-1.605570390150047,0.016529320953189625,11,0.02240059309109964
2,-1.2249432323309966,-1.6167108592992647,0.016837389951705643,10,0.0
2,-1.2130233600743077,1.5266761651784941,0.015811106705363672,12,0.02094456824124693
2,-1.3748084019676654,1.5258044551121368,0.01574864810021244,12,0.014094505339604805
3,-1.3613834076100306,-1.6037201092632758,0.016429519203645018,13,0.02418000899417265
3,-1.239772483252334,-1.6290472139447232,0.015973358547085308,9,0.0037164630930194365
3,-1.2224564767095158,1.529052397533751,0.01641623200025872,12,0.01617963938275175
3,-1.3752498406724831,1.5285450613707068,0.015673009439447917,12,0.012142392324745944
4,-1.3574872925080457,-1.6238272465720764,0.015400382441077144,12,0.0018196272184216261
4,-1.2522263229687867,-1.640512526796624,0.015202814624970142,7,0.015790092252533888
4,-1.2258363977865687,1.5298085513973239,0.01593999179873469,12,0.011139354106176336
4,-1.3778301490135219,1.5259593978984238,0.01572024757181748,13,0.016403900956049385
5,-1.359155667785856,-1.6238575419373602,0.014740191014696619,11,0.0
5,-1.237848690512867,-1.6260831763524042,0.01650511171907606,8,0.003939777444333147
5,-1.2144125013127591,1.5270848495879716,0.015875300932806716,12,0.020137607269100275
5,-1.3765434363416114,1.5245817506681554,0.015663302593122926,12,0.010867960533155956
6,-1.3649586068540334,-1.6179975885016513,0.01614836339716022,11,0.00419212790151185
6,-1.2404244696985498,-1.6367510440948896,0.016176148126939714,10,0.010969690834005274
6,-1.217663621903957,1.5270320583105284,0.015532337826845561,13,0.022341803916635036
6,-1.3724699203568536,1.5257255936972705,0.016193815300137596,12,0.012661215025973038
7,-1.3525458774401364,-1.6109771701025994,0.016126099516048754,12,0.021211219058555487
7,-1.2362918775517189,-1.6221050165590571,0.015749019377666536,8,0.0017691794687246945
7,-1.2205458713746167,1.5252035338181025,0.01636264378678506,12,0.0170230121424693
7,-1.3741389427573012,1.525719068521063,0.01575644304971971,12,0.01512910453590541
8,-1.3646197517835446,-1.600911694206616,0.015096882275892351,13,0.021220902981283422
8,-1.2509619492904227,-1.6388500867480014,0.015958508763276952,7,0.017498469042785687
8,-1.2156529587938383,1.5285121012140375,0.016816361676955962,11,0.022553693485958
8,-1.3717285924536196,1.5246087712683523,0.015935234316756936,12,0.02020574387415088
9,-1.3563098293954523,-1.6154194337946843,0.016652473864364917,12,0.017841770432712758
9,-1.2360086374255927,-1.6212707629603198,0.016118800881492264,8,0.003536142161064846
9,-1.2221722813026545,1.528118481064578,0.016253562899213966,12,0.019151456658367292
9,-1.3738503580730261,1.526757620747857,0.01619400885537052,12,0.015160631725441583
10,-1.2503520305433924,-1.6380519621906915,0.01594649910282378,7,0.01748167543080613
10,-1.2177881610587156,1.5283041757800504,0.01630879473213314,11,0.017434866178247212
10,-1.377590132184095,1.5251165249705096,0.01578017587143904,12,0.012378361875502203
11,-1.3489279306528539,-1.6115930148514321,0.017247854332986187,11,0.024063281248828634
11,-1.2360277607531585,-1.6318835969942629,0.01606040697409421,9,0.013923539530538792
11,-1.2228153290834007,1.526970881114415,0.01607409638325898,12,0.011335189190154292
11,-1.3769727465424029,1.5259841024519916,0.01582069573664411,12,0.010891206556834974
12,-1.2208914565845301,-1.6236508603759305,0.017015275157508773,9,0.018417588749906344
12,-1.2147384072320542,1.528326673965752,0.016562674226403337,11,0.02047124066575989
12,-1.3773212735444813,1.5276086916785203,0.01598640100461615,12,0.013144729086734074
13,-1.3616288104052618,-1.6199116047932796,0.016830495281881783,12,0.003984141971629133
13,-1.2273273982396034,1.5135137058118735,0.014905313284214319,11,0.019644888940972237
13,-1.3730942795704797,1.523491613777357,0.015815711583878334,12,0.019537884999803298
14,-1.3627272531502899,-1.6217252989434625,0.017379528992348462,11,0.0
14,-1.2393061449388632,-1.6266331112317214,0.01606601003511653,8,0.004399173775709423
14,-1.217146101794861,1.527756099663664,0.016308895690522195,12,0.02307667683106992
14,-1.3771474650767677,1.5270422116404458,0.015948264107046976,12,0.014496836501553154
15,-1.3574531039885058,-1.6156364053054317,0.01567204138608061,12,0.019407802849195566
15,-1.2376472874813846,-1.6273756362597276,0.016210314470497512,10,0.005729740500173145
15,-1.2270449997199535,1.5235088926705473,0.015590374231022653,12,0.012522382041838231
15,-1.3736945571574937,1.5255779011679227,0.01589311010121892,13,0.01829022894279824
16,-1.3521867810223975,-1.6082425386350674,0.016618568830832424,11,0.021970824258631422
16,-1.2358694067117246,-1.621307962334139,0.016028305997174457,8,0.003185708637644865
16,-1.2160461092659702,1.52843131565499,0.01628761187639844,12,0.015012386565634752
16,-1.370805659729018,1.5267247577919374,0.016535513501958338,12,0.0176273614620823
17,-1.3495324691134396,-1.6155369529509576,0.015554533984073152,12,0.01757105238560289
17,-1.2515714668280038,-1.6396480124639676,0.01597013870584407,7,0.017514966667701172
17,-1.2190199781571083,1.527309590122521,0.015900817640225415,12,0.020790545863523135
17,-1.3756488853478916,1.5272712845022405,0.016036887741764743,12,0.017294867291363307
18,-1.3556576244498955,-1.607342395006241,0.015363989835148034,14,0.022546123464835754
18,-1.2528343308311027,-1.6413098052777204,0.015211871176373272,7,0.015802456084567883
18,-1.2180336351923193,1.5281314617134325,0.01530725981799252,13,0.023402861581580794
18,-1.3755701779683946,1.525312385422723,0.015981695011952506,12,0.014836019056444391
19,-1.3604337155729862,-1.6166095962638474,0.016245524519574818,11,0.0033724522654834154
19,-1.240341844357651,-1.6285217613072867,0.016041836401564535,8,0.01608841668036688
19,-1.218448564381934,1.5305407045917645,0.015845628189514935,12,0.02013048071918978
19,-1.373941094594047,1.5243525562166977,0.016217892040162173,12,0.013164174348594213
20,-1.3624991552721117,-1.618266171999816,0.017493030874241394,10,0.0
20,-1.2374258008159063,-1.632670051122208,0.01572937639168948,9,0.012923844357081937
20,-1.2208934056454726,1.5267576572049815,0.015719767899840243,12,0.02036072245872255
20,-1.3650391077436899,1.5271373262498475,0.016163720974888024,11,0.02055054750644907
21,-1.218305424060395,1.5283564459144738,0.015667145970761468,12,0.016873081214496245
21,-1.3762578071221543,1.5245459770756107,0.01604809247738169,12,0.019522945309096273
22,-1.3527642550099686,-1.603348883157419,0.01579227294731076,11,0.015857806484649288
22,-1.2434502992491947,-1.6291249843931472,0.015847902955124817,8,0.01570829276276886
22,-1.2220215040497941,1.528289946808265,0.016410943159923096,12,0.014301492119098633
22,-1.3748394179956374,1.525928967690643,0.015917611405589692,12,0.01613553683308085
23,-1.2359693505385896,-1.6236154581618634,0.015681608178845778,8,0.003505157788117773
23,-1.2146507822362458,1.5272085818383037,0.01687630348142914,13,0.02441780498923033
23,-1.3799707580776723,1.525613743261297,0.016149280931882243,12,0.012209741247335973
24,-1.3642156004169044,-1.6171169187305858,0.016965166630568518,11,0.00344991618167516
24,-1.2319322161614878,-1.618744535400634,0.015904935837981252,9,0.003711826402811435
24,-1.2120070054374716,1.5222327257190675,0.016367777293509342,12,0.02257078552827946
24,-1.376202629425066,1.5271112885210008,0.015850087670183737,12,0.013209224606708024
25,-1.3640824055698617,-1.6064033096381587,0.01514606143206419,14,0.023006201889084945
25,-1.2403663331177044,-1.6292267878493918,0.015426322056819815,8,0.0027752088351990856
25,-1.2200041496315397,1.5263650949653986,0.01582884157573273,12,0.01993492352977961
25,-1.3748497328758418,1.52703879032549,0.016015730827816613,12,0.01311854648169468
26,-1.3514597162198074,-1.6178465042320855,0.015590736994891621,12,0.017621641671528944
26,-1.2396613197142599,-1.6248973989952535,0.016012574054138445,8,0.014366417621671776
26,-1.2175869362917673,1.5320285270894964,0.016385163571381863,12,0.021995001936042365
26,-1.373490102833249,1.5266311504705847,0.015947233048978233,12,0.0167523347791375
27,-1.3634156242676456,-1.603021043400513,0.016149520221762897,13,0.021928867166816933
27,-1.2384833117540952,-1.6201177556428006,0.017162759069790395,8,0.0031247757543521808
27,-1.2235881559026371,1.528472900648549,0.01616566926272823,12,0.0132253893217196
27,-1.3733332993008165,1.5267977594516955,0.015986983087165254,12,0.014939136603147267
28,-1.3626986219661799,-1.6210645867107127,0.01607942966096455,11,0.0028585580943147997
28,-1.2359773376527208,-1.6307641801066006,0.0166371307170428,9,0.014317992509780667
28,-1.2255751233290233,1.523389028653598,0.015797314880722824,12,0.01290501997218763
28,-1.3736269021461263,1.527224714203389,0.016014706463049738,12,0.016284716915449634
29,-1.363121006713766,-1.6061769577140188,0.015214422284752425,14,0.0236270699692134
29,-1.2524900324666888,-1.6388138505223566,0.015859523658283366,8,0.016896033938146544
29,-1.2179559478951163,1.5210891310604595,0.014903048133601281,13,0.026476013486043757
29,-1.3711542229325753,1.5252783060517794,0.01617095372049653,12,0.018463329086248516
30,-1.3629488298158694,-1.6073871218787816,0.015431507820305983,15,0.0220758622862707
30,-1.2395699559075555,-1.6283456758354964,0.015742066456336967,8,0.003520430079753479
30,-1.2278204086214657,1.5262902342434899,0.015956461848428135,12,0.0019720173312537054
30,-1.3796405402315335,1.527181106268223,0.016112494015014727,12,0.008616608759658662
31,-1.3602217524604974,-1.6251358731155254,0.01738278062706475,11,0.0
31,-1.2220185172822415,1.5261263275405315,0.01607300709659034,12,0.016063404958418178
31,-1.3743029582457174,1.5265490193865674,0.01593622748673502,11,0.013494969491384018
32,-1.3554836260279481,-1.6079155511623786,0.01619349751716866,12,0.016985211841290437
32,-1.2376751650241937,-1.6236769319436597,0.01605327282230905,8,0.003196640425752846
32,-1.2198430485484861,1.527072529594257,0.016349868639297032,12,0.02145800173126017
32,-1.3742036948514158,1.5251795382844882,0.015918865954188666,12,0.017767403850874882
33,-1.3643262924716084,-1.6140704891330022,0.01746466352003676,11,0.0
33,-1.2409824937717546,-1.6318412776859539,0.015857560982448105,9,0.004565412704878617
33,-1.2159939914801081,1.5282735412841768,0.015519261990766127,12,0.023721395719014306
33,-1.374209520869447,1.5262433301773182,0.015904464509215087,12,0.017342918989549302
34,-1.3676397755811152,-1.6074255802759296,0.015644488191079678,14,0.020652865407903117
34,-1.252947588270089,-1.6424178093531427,0.015790853926328223,7,0.017412188699002053
34,-1.2189175834493162,1.5241168090603003,0.016303687637994384,12,0.019069595766978597
34,-1.3760763651374444,1.5277945204065257,0.016050436547517137,12,0.015692917936836945
35,-1.3638041154130025,-1.6198164334070246,0.017520051369578397,10,0.0
35,-1.2281226584879747,-1.6202528787434194,0.016008308490932304,10,0.003933512454112041
35,-1.2186983745722153,1.5270174284912534,0.016142801016482664,13,0.023370632929131097
35,-1.3756393048121152,1.526880927337837,0.015807348622473606,12,0.014227932832712873
36,-1.3557561370957378,-1.6125990821539185,0.014695729474383985,11,0.015996152867555992
36,-1.2386527677576957,-1.6304180250591027,0.01606805482776948,9,0.0048766275721333465
36,-1.2198836516106104,1.526257676626236,0.016351591450343095,12,0.021023048277550874
36,-1.3752701599864734,1.5252252943690747,0.016013574605644506,12,0.01849584644332681
37,-1.3582728707438922,-1.622807001899051,0.01734551473944996,10,0.0
37,-1.2164029565994183,1.5283145119620676,0.016085181247814554,12,0.021120319091928075
37,-1.374914601234016,1.526801102346362,0.01585967263390213,13,0.016221331778573347
38,-1.3623450982020366,-1.6149008632509065,0.016096176486402065,11,0.004180055421110786
38,-1.2435449855054643,-1.6360738381008562,0.015688881624977558,9,0.004915820913651727
38,-1.2116968868829943,1.5181486522119603,0.016421146267336675,12,0.018119101213221925
38,-1.3760202923991827,1.5260699094611232,0.015775780532314303,12,0.014549029591374617
39,-1.367209354729462,-1.6036644077060318,0.015013295737652643,15,0.02056141673950744
39,-1.2164864389398062,1.5316338566559482,0.015555542523729975,13,0.024143891211571265
39,-1.3784967134996047,1.5266345334998324,0.01598951372202253,12,0.012907687436542298
40,-1.363375032910692,-1.6224987271247102,0.01738809923709669,11,0.0
40,-1.2412256684685055,-1.631066506250235,0.01614313271145125,9,0.004566476035346235
40,-1.2217043679592883,1.5269993051203468,0.016003312061732795,12,0.011114253102832886
40,-1.3766609408049189,1.5281378579624065,0.015752147742374906,11,0.011695420965005362
41,-1.3551780835391702,-1.6111114148205974,0.015506005507366614,12,0.01839710533827489
41,-1.2396469385151911,-1.6261040729302099,0.016053609213029806,8,0.003093039780388005
41,-1.2164910154858168,1.526118395289637,0.015696797876946566,13,0.022853777473060024
41,-1.374872494411851,1.527051668638102,0.0163013679988379,12,0.015841328144389485
42,-1.3629961940483752,-1.6172600381037288,0.01610266078645353,11,0.0056749477674621
42,-1.2446389524578347,-1.635003917021163,0.016441269199508498,8,0.004592865180018633
42,-1.2208119118086918,1.529172564194154,0.016124929356184606,13,0.019802003478280056
42,-1.3712567455048037,1.5246866584064513,0.016623010616260103,11,0.017757832502704636
43,-1.3498413983711277,-1.606403652774669,0.015644363686711762,12,0.021332322581430932
43,-1.2390516382214762,-1.6207715756733352,0.017296210767132152,8,0.0030744650313620746
43,-1.215288584888446,1.5266913993710667,0.0160932485470726,12,0.024842447974090017
43,-1.3679746704083189,1.5248508637377245,0.01631010873568327,11,0.017457272407074828
44,-1.3515471633151959,-1.6074836914295747,0.016601521921726134,11,0.021940524794066805
44,-1.2437506719431057,-1.635162312015553,0.016199106268443574,7,0.006396654877077418
44,-1.22290097698836,1.5284746341719175,0.015899744958032272,12,0.013687087406978325
44,-1.3740912802266438,1.5252062727897018,0.016053869155167152,12,0.01977803132297555
45,-1.3665913872487987,-1.6013423022726603,0.015138374923598484,12,0.017858120372880492
45,-1.2133959888184696,1.5350047881261357,0.01645857507529874,12,0.02137014148014876
45,-1.3730237232836937,1.5265270287855937,0.01593416825624005,12,0.01435803935561337
46,-1.3697182608406557,-1.605016948471421,0.015795883506788323,15,0.024292254700527992
46,-1.2371007139201513,-1.627594051834258,0.01600485435175764,9,0.005740317432503796
46,-1.2222435613785572,1.5255842974864373,0.01600454996917576,12,0.019129713639628624
46,-1.3688053487184415,1.5296628168144615,0.01588327037149746,12,0.017473483434948006
47,-1.3617274545673137,-1.620536046492116,0.01697850747645233,11,0.003451973983221137
47,-1.2387709175683816,-1.625114216302821,0.01624415459847891,8,0.0036475866782112957
47,-1.22347723638039,1.5289242045671654,0.016268515611602693,12,0.013425466913060558
47,-1.364026586494294,1.527744556336278,0.015924477462488068,11,0.01592215179552437
48,-1.3645387198419645,-1.6076577047597023,0.01621913430367235,14,0.02430919505667867
48,-1.2629859314974188,-1.646919833256864,0.01751212168663906,7,0.0
48,-1.218194393296701,1.5278114550526096,0.014972645662743218,12,0.01774177342316738
48,-1.3719991648526613,1.5264603253039186,0.016031501411265112,12,0.01585228266004347
49,-1.362549316204458,-1.6143508953767132,0.015491023215037078,11,0.0029611649750926616
49,-1.2426429279548044,-1.6323813990671876,0.016595126312653512,8,0.003971159529093552
49,-1.2219493163545083,1.528574341324772,0.016194311374593016,12,0.01473917592893035
49,-1.3729645312656429,1.52793493528805,0.01604764018226015,12,0.018350755498178436
50,-1.2399736456664296,-1.6266911650824636,0.01626309310293106,8,0.0036558482107522643
50,-1.2242443484950443,1.5281838461691648,0.015757393643966357,12,0.011039589978118108
50,-1.3731448710441971,1.5254496658896581,0.01586553657529671,12,0.016331629179359135
51,-1.3632207824776814,-1.619194303798871,0.01689788006254655,11,0.0014787198585703761
51,-1.240609206492612,-1.6283457924348919,0.01580024234120964,8,0.003303230271636171
51,-1.2165927437663808,1.526578170319491,0.01588303574375879,11,0.017637263421030946
51,-1.3728950467581598,1.5265143274725375,0.016252349140816365,13,0.0191700841143789
52,-1.3635593430062822,-1.616341238726768,0.016948986160750967,11,0.003449602970333013
52,-1.2359084357585801,-1.6275329814387425,0.015977512372593698,9,0.00613016664139848
52,-1.2215177014776315,1.5273686322380298,0.016419892407123975,12,0.01420640949730841
52,-1.371561907463119,1.5258000486743317,0.01587291110835988,11,0.015563663137516696
53,-1.3629026343417998,-1.6155631634306564,0.016931685875198877,11,0.0034493100723008013
53,-1.237797259574239,-1.6300196738535284,0.015883268536321125,9,0.006224035074089916
53,-1.2209606472658145,1.526528333860813,0.01618656871870796,12,0.013412516468617963
53,-1.3712460601783671,1.5270063756754948,0.01581910557075094,12,0.016605303993965474
54,-1.3640642578207418,-1.6022459663239002,0.016369757060883314,13,0.024958083348593504
54,-1.2295572064539075,-1.620347408337886,0.015960794885037592,8,0.004356235498863531
54,-1.219973409401288,1.526653289854718,0.016244374538122865,12,0.01411245324192894
54,-1.374891785810883,1.5254216458940753,0.01589377703602965,12,0.015466727556743226
55,-1.3565538163397186,-1.620753083854552,0.01468900451858206,11,0.0
55,-1.23870603103803,-1.6258470416397894,0.01605476840014531,8,0.0043947740383194385
55,-1.2222433178256724,1.528477713481152,0.016204843281034692,12,0.014141252774756086
55,-1.3781805146371948,1.5273219701545695,0.016774914605224258,11,0.01172251975058061
56,-1.3548647788431658,-1.6090120384423094,0.01617271155723109,12,0.01960581409332527
56,-1.2527881404755294,-1.6412430246310983,0.01599211675434706,7,0.017546764401464954
56,-1.2135025815725544,1.5209632945109453,0.016201622550607968,12,0.01722920213487202
56,-1.3734609219614025,1.525732149837545,0.01612447414235766,12,0.0173950010749933
57,-1.366868452929687,-1.601244286739863,0.015941876778995605,13,0.022521915940983368
57,-1.2431829596615998,-1.634656006259563,0.016110357405166635,9,0.005943183826946273
57,-1.2219124560270178,1.5278662131374985,0.01608934210615759,12,0.012946016723789642
57,-1.379148897118817,1.5272174198440536,0.016635933629243937,12,0.012271971537468184
58,-1.3559203799504427,-1.6150915362690161,0.01731845121356708,12,0.019967821536020905
58,-1.240893114075834,-1.6265608842469934,0.01595962313888866,8,0.014323287222577044
58,-1.2211746268336083,1.5259889136170879,0.016374594320799445,12,0.0170416950928046
58,-1.3790068651551715,1.5281078621786883,0.016206923113860554,12,0.010787781267113983
59,-1.365027102978793,-1.6075459071309584,0.014903250970592955,14,0.020859290334431454
59,-1.2231565767970753,1.5276330077772886,0.01612719467864805,12,0.018215401318529195
59,-1.374562268891724,1.5302937278867654,0.015898885318434586,12,0.01654716354021027
60,-1.361299044192317,-1.6191985701717986,0.014971656885709861,12,0.0
60,-1.2377189005121907,-1.6237343049231392,0.01597216358969831,8,0.002880333456362193
60,-1.2210841021621321,1.5282731001502374,0.016251348292522023,12,0.01572116326977237
60,-1.3708965541881113,1.5269872676839114,0.01567962534376728,11,0.017097501434881607
61,-1.3609970004582859,-1.6196664170213904,0.01471207751064605,13,0.0
61,-1.2224993616697417,1.5288200945377801,0.016164082628535352,12,0.014385446931484676
61,-1.3732228083829463,1.525910948207217,0.01612355485004326,13,0.019770096981288406
62,-1.3653828957065075,-1.6049281775721365,0.016065750020054153,14,0.021049368357613226
62,-1.2351619305881465,-1.6203802312581566,0.016189536167698693,8,0.003619095049868934
62,-1.2188334288740184,1.5275842908802268,0.016522597614031978,12,0.019405194358766406
62,-1.371949234135131,1.5279771810373721,0.016076728283091726,12,0.017078957797642028
63,-1.3490264298473698,-1.6119887851721333,0.016526126642693314,12,0.023327846313942694
63,-1.2377189005121907,-1.6237343049231392,0.01597216358969831,8,0.002880333456362193
63,-1.2239330368477037,1.529298136077978,0.016070808920694304,12,0.013488681432787572
63,-1.3758808781028529,1.5263655071977342,0.01592663860445727,12,0.010446958421954915
64,-1.2384087008169111,-1.6272548741135373,0.016220037554677907,9,0.004223368869623473
64,-1.216970180886366,1.5309093996630494,0.01604677886431234,12,0.021933030003689284
64,-1.3782711273386266,1.5280273012943244,0.01593323781249354,13,0.014431480278584893
65,-1.2434284533306017,-1.6286594340958007,0.016637478264024147,8,0.01255826454469202
65,-1.2226413246746592,1.52845268190002,0.01647691902843031,12,0.020499133233004282
65,-1.3691956923752007,1.5239845166245292,0.016350605673780473,12,0.017223708134664832
66,-1.3625203124908443,-1.6055184275998233,0.014856096216950434,14,0.02180336776741494
66,-1.2376617887162134,-1.619827654798972,0.016933136932697837,8,0.004520730943117159
66,-1.220613247740702,1.5293950945642587,0.01621272978387506,12,0.0180654772022652
66,-1.3760618510582634,1.526136790179009,0.015828127065813814,12,0.013325540807106474
67,-1.3576578597573772,-1.6165354349415793,0.016695689531901457,12,0.020266509204037445
67,-1.2360086374255927,-1.6212707629603198,0.016118800881492264,8,0.003536142161064846
67,-1.2234078208587587,1.527710456963777,0.01603198000288161,12,0.017402001945165394
67,-1.3721083441733903,1.527570079580536,0.01607467816547773,11,0.01277784858389064
68,-1.3625703969566805,-1.6184210943206747,0.016887326419656425,11,0.001492282629815659
68,-1.217766451044549,1.527657454617927,0.015715285598850205,11,0.016088447407878428
68,-1.3763456754586016,1.5268074313518154,0.015665151981412887,12,0.011987115830523113
69,-1.237848690512867,-1.6260831763524042,0.01650511171907606,8,0.003939777444333147
69,-1.222771706726502,1.52689136497344,0.01619827538192618,12,0.014875140313681496
69,-1.3714288964409769,1.5273281055034147,0.015759590424181288,10,0.015861180665257508
70,-1.3638310660463497,-1.6065877356741183,0.016220349985000274,14,0.022017513153184707
70,-1.2509619492904227,-1.6388500867480014,0.015958508763276952,7,0.017498469042785687
70,-1.2278779310768775,1.526213307742242,0.01494958326682886,11,0.0
70,-1.3724418289945093,1.5276971258297132,0.016017256368398652,13,0.018639103279553104
71,-1.3600860408914903,-1.6179564370788635,0.016019212691656425,11,0.0028320868386452714
71,-1.2401150326384924,-1.6311884761650304,0.015996751128728028,10,0.017107643241701612
71,-1.224527175386039,1.5277405639399253,0.01656269991599124,12,0.011045569146254161
71,-1.3734230922536779,1.5261714638928807,0.01601115545106264,12,0.013925731065497533
72,-1.3495719797856656,-1.6123615365577113,0.017253891857756498,11,0.02407445107136538
72,-1.2364240717953212,-1.6247564343006955,0.016066746535362986,9,0.0045371600435407415
72,-1.2153496817172402,1.526169008742991,0.016288332441838988,13,0.025274994192211447
72,-1.373542929238211,1.5233706606135362,0.01618257169314325,12,0.019646793888978987
73,-1.3621665361378692,-1.604980840267568,0.015902173870400566,14,0.021855262298902743
73,-1.238276937675022,-1.624466267855153,0.01606193211277127,8,0.0032001218270748667
73,-1.2226313209466595,1.5287025079063699,0.01628718869054497,12,0.02081885955022778
73,-1.3784715112865342,1.5256273928201574,0.016135759520156386,12,0.012836733792153686
74,-1.3623450982020366,-1.6149008632509065,0.016096176486402065,11,0.004180055421110786
74,-1.2372263674804138,-1.6334649112134123,0.016081411763766016,9,0.01393913447839663
74,-1.2235881559026371,1.528472900648549,0.01616566926272823,12,0.0132253893217196
74,-1.3730207810534982,1.5289720540236769,0.016013637910950607,12,0.01664176709567322
75,-1.365406019680536,-1.605936388925625,0.016045868981188535,14,0.02166931979096626
75,-1.2385059323834637,-1.620213444045726,0.017074533249835624,8,0.0032084315614462535
75,-1.2226092123912504,1.5268282361198655,0.016011394735278007,12,0.016045271679680582
75,-1.3728336198973845,1.5259301293806673,0.015971879825541227,13,0.01906788295336264
76,-1.3667409560252908,-1.6027680425722475,0.01649837730358528,13,0.019149369120710257
76,-1.239645794850449,-1.6284422708544437,0.016541283341634447,8,0.003956687147756181
76,-1.223132331634293,1.5277945811128248,0.015900161638617922,12,0.017200786396184626
76,-1.367335259450228,1.523381694382895,0.015854537603852376,13,0.02210536017236905
77,-1.2391302570632505,-1.628204228296259,0.016034037152025622,9,0.0038960067336991397
77,-1.2222454062124917,1.5289023367328294,0.016087432011096248,11,0.014162212900181957
77,-1.3728385451905976,1.5245861733819508,0.01592823790107902,11,0.019373900653659275
78,-1.3641538663110628,-1.6078215889485243,0.01564925447831425,14,0.023368220122159278
78,-1.2353103601248576,-1.6205749428943104,0.015939545018711,8,0.00286849578223253
78,-1.2166818847868952,1.5264281027627133,0.01620163978532549,13,0.021106428030450874
78,-1.376808601397517,1.5261984175216077,0.015691808864482966,13,0.01597135443992402
79,-1.3645400102093752,-1.6050177103618217,0.015931138431748367,15,0.021755521612484275
79,-1.2224372395231102,1.5276123294665502,0.016256717751786224,12,0.013133573070006642
79,-1.3607729996219764,1.5288871416840208,0.015922648422784593,11,0.01721624311328562
80,-1.3651280433609072,-1.6081157635647532,0.016243571222895496,14,0.022048069967670014
80,-1.2347080405977156,-1.6197853503068833,0.01593112197484597,8,0.002866199629158819
80,-1.2189049486676058,1.525148332434305,0.01587145502759654,11,0.02123446746996936
80,-1.3748265550550351,1.5258164012798134,0.015946336558999435,12,0.015238863189674377
81,-1.3585016518907471,-1.6230805599780225,0.014724512185000947,11,0.0
81,-1.2374258008159063,-1.632670051122208,0.01572937639168948,9,0.012923844357081937
81,-1.217118853927796,1.5251074962805793,0.015584704765454344,12,0.022493201064963917
81,-1.3760820512791854,1.5257617264629755,0.015973364610753937,12,0.018167762827243923
82,-1.353822709418412,-1.6080428739028532,0.015867438214953393,12,0.018868231821393324
82,-1.2374967410289217,-1.6236924606878285,0.015759741776692066,8,0.0017723912602432227
82,-1.2150074388083445,1.5253335732650821,0.01571098726475135,12,0.01983885960453025
82,-1.3679431701405518,1.5279246846122498,0.015828663227694953,12,0.01563955018733732
83,-1.360432154556399,-1.6185790323077565,0.01598350872979587,12,0.00393652083372697
83,-1.2387015668259256,-1.6252773804921257,0.015771758470883426,8,0.0017754235445312733
83,-1.2181059535629892,1.5282455051136554,0.015933438625450345,12,0.02052677833982715
83,-1.3758166310390592,1.5244388781155167,0.01597952036622953,13,0.016162324827806798
84,-1.364032884615042,-1.60551689676639,0.01574983658621802,14,0.02001762405646995
84,-1.2394487438308532,-1.622160460167128,0.016990466630629565,8,0.004492241597894621
84,-1.2225518296355982,1.5279928242047636,0.015685770055342118,11,0.019024678026516962
84,-1.3746422246623438,1.5267818902184485,0.015971753672873873,12,0.016126355814471343
85,-1.3659225815457738,-1.6049547285884274,0.016189190948716604,14,0.02143725585609918
85,-1.2349094655731123,-1.6155080058455615,0.016995833015480955,8,0.0032035637166263034
85,-1.2199063625391555,1.5270448000429706,0.015661361491028303,13,0.023678217185183544
85,-1.372092874955458,1.5261067793208012,0.01617414963752155,12,0.01609486656213703
86,-1.35377876293337,-1.602577718095895,0.016718473028855263,11,0.017444012294042268
86,-1.2377696003203293,-1.6259785772868778,0.015713739206623226,8,0.0035168706488119296
86,-1.2233046323263903,1.5292535673594736,0.016220245423558398,12,0.013803929720448466
86,-1.3761806051827488,1.526056207572648,0.016234627229828616,12,0.016970056757891108
87,-1.3611091100475203,-1.618206904300695,0.01481547240001814,11,0.0016750171993018884
87,-1.2385541633128396,-1.628649154629322,0.015877900956086745,10,0.004733069031589345
87,-1.2194486026822358,1.5247981981475864,0.015832403260301844,12,0.02360170063978839
87,-1.3724196474951722,1.526819930520421,0.01601738789605608,12,0.014609146563871257
88,-1.3569582290222366,-1.6161920179966032,0.01666616584355607,12,0.017855113807056903
88,-1.2374967410289217,-1.6236924606878285,0.015759741776692066,8,0.0017723912602432227
88,-1.2203448051006556,1.5277136718135995,0.015906932840438922,11,0.01458018607093472
88,-1.3703033422225979,1.5286941904811728,0.015943996068150022,12,0.01703498238521264
89,-1.3632250469664389,-1.6076105695478458,0.01738898742059732,14,0.02121567978382009
89,-1.2509619492904227,-1.6388500867480014,0.015958508763276952,7,0.017498469042785687
89,-1.221128950281638,1.526843594976763,0.016100571655194833,12,0.014207380468626322
89,-1.3750103269757645,1.5263197028371842,0.015847819293871163,12,0.016890922755356443
90,-1.3657843811107053,-1.6066562288627726,0.016441646676406556,14,0.02220288538273102
90,-1.2515998276644358,-1.639677178002521,0.01711337058372506,7,0.0197846716362227
90,-1.2154065850306497,1.5237400463542379,0.015951285991530475,12,0.025084059364943286
90,-1.373582005987483,1.5252695142201056,0.015946416632833724,12,0.01333069646129735
91,-1.3656275866446725,-1.6060402938771805,0.01607502950735232,14,0.01935402882269061
91,-1.240341844357651,-1.6285217613072867,0.016041836401564535,8,0.01608841668036688
91,-1.2212858028775007,1.528354926550733,0.016051810548632243,12,0.014169801497504563
91,-1.3705247005895596,1.5256786145523034,0.016195340030358732,12,0.015123755820572807
92,-1.2379739404355095,-1.6339124545388588,0.016121221688024247,10,0.010186715061419122
92,-1.2157787451270718,1.5302447063132683,0.015620233156297415,13,0.01860914778163895
92,-1.3730028521640356,1.5262512592142847,0.015967844537448976,12,0.01227574893796593
93,-1.359264286152031,-1.6112323977085505,0.01628100401196973,14,0.023235507415674764
93,-1.2362918775517189,-1.6221050165590571,0.015749019377666536,8,0.0017691794687246945
93,-1.211712009993339,1.500156570620753,0.0147231756634303,10,0.0
93,-1.376210476072779,1.5251873507404383,0.01597480223378387,12,0.011433643289675883
94,-1.3640175176916511,-1.6232670416419164,0.017390037798037022,11,0.0
94,-1.2228684411184165,1.524397873297167,0.01584806749607264,12,0.018873854453241162
94,-1.3747199410148412,1.5244203152658822,0.016107764145580183,13,0.019762387718675015
95,-1.3561286179219243,-1.6086810293960858,0.01620703236012391,12,0.017004525098607188
95,-1.2409691294123986,-1.6293521781187836,0.016012014660111384,8,0.016022097972602567
95,-1.2228684411184165,1.524397873297167,0.01584806749607264,12,0.018873854453241162
95,-1.3676512243396208,1.5241375187334691,0.0161826066422152,13,0.014629124122405433
96,-1.3607390429647317,-1.6172233709216683,0.017387269774339038,13,0.02572574226194331
96,-1.2266161893534637,-1.6241674303759686,0.015651499023108674,11,0.012365435761404772
96,-1.2133292157941105,1.5294779090902515,0.01639375628415015,13,0.022115247747242883
96,-1.3710077573472486,1.5258846309954928,0.0158386311840569,12,0.01588255126807688
97,-1.25100875671779,-1.638917544494273,0.01518173142923833,7,0.015759470251802715
97,-1.2175065594841918,1.5158966806354783,0.016831184344819707,12,0.01895624454197854
97,-1.3729070232672416,1.527642599649755,0.015877623163541122,12,0.016039273898475016
98,-1.3672064518467197,-1.6022535943980831,0.015765941276254816,13,0.01812160712659669
98,-1.236259798217669,-1.634645184288285,0.015804002175825085,10,0.012053497274807277
98,-1.2178882889414535,1.5257970830305996,0.01580358949623912,12,0.023603726479660185
98,-1.3743731306679279,1.5286675514845025,0.0159944353662755,13,0.016190341908931434
99,-1.36944855295597,-1.605285071284213,0.016234398820840705,13,0.017210566927339438
99,-1.24071171115624,-1.628480386777106,0.015675834407738953,8,0.003488261354627293
99,-1.2192741021252091,1.5280292639540771,0.015441529963434128,13,0.025840239983061324
99,-1.3769159964191509,1.5262657473571,0.016103482165656775,12,0.015004170231228688
100,-1.357285433046483,-1.6126462750078019,0.016443187889549,12,0.01934409314085466
100,-1.2371110795518412,-1.622937510398888,0.015953553787997853,8,0.002733720202764819
100,-1.2224324871758958,1.5253885164290983,0.016522862370159035,12,0.01908307890725017
100,-1.3721906879728445,1.5253513088386725,0.015920546567159213,12,0.016872848099038436
101,-1.3617307731563273,-1.6161163376918373,0.016195448336245002,12,0.0043268060428443295
101,-1.2212773117938658,1.5240740129714443,0.016234174898409164,12,0.018728325222081302
101,-1.374280220422299,1.526441358090444,0.01636087433970914,12,0.014975375935500726
102,-1.3669267173335613,-1.6075689411820289,0.01609707708699051,14,0.019379655253454177
102,-1.2388648814232202,-1.6214033954452012,0.016952888362473956,8,0.0045312811696071485
102,-1.2175290140018786,1.5280386341469951,0.016227826064296413,13,0.015522805278639642
102,-1.3745755269392292,1.5262334764979812,0.01585572571579377,12,0.015184478788442876
103,-1.361759420423259,-1.6189815836388832,0.014826896635211948,11,0.0016755509785328464
103,-1.2388505833688703,-1.6321825838396915,0.016076781533162804,8,0.006138971992375711
103,-1.2172434851017766,1.5177959028194261,0.01591690604376819,13,0.02084643387813425
103,-1.3740200481963838,1.5250516265158276,0.01589858705500762,12,0.015651698286043826
104,-1.3632207824776814,-1.619194303798871,0.01689788006254655,11,0.0014787198585703761
104,-1.2398275071313036,-1.6358402092573598,0.01577186532168731,9,0.012969158331284297
104,-1.2163598266603504,1.52136519051313,0.01569023139203171,12,0.024347385009485495
104,-1.373066755149042,1.5267452330919473,0.015857212429555664,12,0.014945307532329333
105,-1.3578559139932411,-1.6223067143459506,0.014716406911245247,11,0.0
105,-1.2153687999805032,1.5271989104862407,0.015665465586382182,12,0.021166687457959132
105,-1.372161694798563,1.5280369579702504,0.015821876304087667,12,0.016057287645428228
106,-1.36140310218787,-1.6195189886032157,0.01606256502280683,11,0.0028639323811779204
106,-1.2201546227891913,1.5257411421676086,0.016168370637902715,12,0.020928333845213833
106,-1.376154102878269,1.5274152985904228,0.01594556003415486,12,0.013521819111587183
107,-1.2349617414527025,-1.635369649529069,0.016043888338529738,11,0.013740822243861058
107,-1.2129630045855357,1.5276918896216518,0.01584340573358808,12,0.022274663160122544
107,-1.375496229068615,1.5277243668016316,0.01577185499932912,12,0.012632554893843398
108,-1.3634973494710338,-1.6090102629422123,0.016826552044880504,14,0.020953101232483083
108,-1.2400173046622966,-1.6228897442746222,0.01705138688341931,8,0.0044127619221817245
108,-1.2124684124699578,1.5276795166888546,0.015992713849265615,13,0.020418619100087354
108,-1.3728762018014735,1.5245974140451144,0.01621443776204046,13,0.02345345520556813
109,-1.3523882385966797,-1.6126207139684072,0.017276617181603685,11,0.023350244782057807
109,-1.2401309047063727,-1.6318149465230858,0.015977467914149775,9,0.004475694185742431
109,-1.2188658883018448,1.5241124311540326,0.01625261089470944,12,0.01909037570941032
109,-1.3721707918093027,1.5248209444869338,0.016037806983496647,13,0.016581886794372187
110,-1.3631673022471547,-1.6062802292485767,0.014868412421770288,14,0.021820341215767244
110,-1.216872975384276,1.5277941170347162,0.01604708501528642,12,0.021810066577854618
110,-1.3728767653268399,1.527115208901329,0.01604683080868307,12,0.01638133711286546
111,-1.366200947774237,-1.606046314633139,0.016433926735525187,14,0.021373514870453005
111,-1.2415729758363017,-1.6266596959215978,0.015044107456717838,8,0.01425872403983467
111,-1.2178684456359032,1.5268522342031765,0.01606865058794771,11,0.015619251355508831
111,-1.3732439832278005,1.527572198563294,0.015849798653578582,11,0.015438667792717513
112,-1.2389027129737116,-1.6261058449008932,0.015655785590446582,8,0.0034800205599391995
112,-1.2197994807827022,1.5256616683016901,0.015959095534917537,12,0.02172140342809012
112,-1.376402608493504,1.529053063070319,0.015909976088886352,12,0.012835711136595892
113,-1.36051443090347,-1.6190920491985668,0.016123013660687188,11,0.004180618780946641
113,-1.2384419404661717,-1.6245197862954617,0.016040960125799746,8,0.0030877833436968416
113,-1.21618646034722,1.5301474833845152,0.01601669731181806,13,0.01811945585582859
113,-1.375962465835003,1.526064298679219,0.015921238025390316,12,0.01833604557858603
114,-1.3619787560421475,-1.6176477920537042,0.016428467168537523,11,0.0030641460979075647
114,-1.2398195806431458,-1.6243764404938554,0.016900930360338524,8,0.017631348520990815
114,-1.2193380710601598,1.5264254547730942,0.01632673357779684,11,0.017068688215912658
114,-1.3737237123180357,1.5284937555320814,0.015671664926674447,12,0.014110898702405485
115,-1.3642156004169044,-1.6171169187305858,0.016965166630568518,11,0.00344991618167516
115,-1.2373371627419598,-1.6344380568990438,0.016307311794527806,10,0.008953400014641044
115,-1.2200455415562372,1.5260014926167746,0.01639060962969467,12,0.0161530517787087
115,-1.3686216709177454,1.528836091644897,0.016209510114550824,12,0.020129673460774187
116,-1.3662911455416078,-1.616395182785944,0.01750846350462808,11,0.0
116,-1.2421039415832758,-1.6327709356253843,0.015897701886258175,9,0.0034644230783194637
116,-1.2189085337246721,1.5261136718679345,0.016244820091243856,12,0.01593782270859453
116,-1.3736484175767152,1.5262571529248412,0.015910066200023304,12,0.013571557097676027
117,-1.3553477583390392,-1.6088101703903168,0.015398146400615174,12,0.018008911800975694
117,-1.241548150546677,-1.6301062286676045,0.01606236446721164,8,0.016116338645306115
117,-1.220080954927559,1.5301539401864261,0.016146339751161313,12,0.015840745623385194
117,-1.3700164225400988,1.5277983644448445,0.01577062315007947,11,0.01588131231807323
118,-1.3624196257762793,-1.6114967312302926,0.016171774930616188,14,0.004166919033670852
118,-1.2430999953538855,-1.6269711027848661,0.015854558473104578,9,0.004028046389506495
118,-1.2171895093544345,1.5283656076620558,0.015776246204268325,13,0.023059856823253264
118,-1.3751529369417244,1.5240123723537127,0.015807212943253972,12,0.01858437088913689
119,-1.363103290187153,-1.605561213994141,0.015547367805599958,14,0.02370208837101202
119,-1.2412187137008899,-1.6244644194013067,0.01707317048925492,8,0.004430291125924939
119,-1.218069650848451,1.5303801492580422,0.015683855965322454,12,0.01915849160703968
119,-1.371788078194597,1.5236068196837618,0.016005444210096323,13,0.019638028807208927
120,-1.3652965796883767,-1.6062832456531755,0.015844083900450667,13,0.015941109116551506
120,-1.240609206492612,-1.6283457924348919,0.01580024234120964,8,0.003303230271636171
120,-1.2245158134547574,1.5306248695978932,0.016046585839888192,12,0.014094007885976065
120,-1.370526251151983,1.5262967271465142,0.015898189194910487,12,0.016266492803294598
121,-1.3615908888536163,-1.6052230783505241,0.015873643354523202,14,0.023734335836520393
121,-1.2392361930411089,-1.6259221211341366,0.01591085806100878,8,0.0017375865211829988
121,-1.2200271039670683,1.5300180506955527,0.0157252716773578,12,0.017615668580690604
121,-1.3751427083294399,1.5254757735941478,0.015805706134416047,12,0.014303340778550182
122,-1.3625703969566805,-1.6184210943206747,0.016887326419656425,11,0.001492282629815659
122,-1.238164900119553,-1.628527020278959,0.01586584269363067,9,0.004735253592739395
122,-1.220764649762342,1.530232300678761,0.016025692197667505,12,0.01715266351018893
122,-1.3713527801176342,1.5263464332219796,0.016098149334441012,11,0.015566619903861123
123,-1.3631715982165125,-1.6036155302995037,0.015513282883849655,13,0.019572108217663878
123,-1.2327759214125522,-1.6232178396006254,0.016015919305144278,9,0.017804195454563614
123,-1.2219616616560738,1.5289694764914152,0.016119117638093726,12,0.014939713308516964
123,-1.3751188816448756,1.5270416320751483,0.016452857922885155,12,0.015396771040336765
124,-1.3669126359707016,-1.597622487876168,0.01629288800945666,13,0.018170404306143476
124,-1.2522263229687867,-1.640512526796624,0.015202814624970142,7,0.015790092252533888
124,-1.222452249498385,1.5266031248895753,0.015995659941067258,12,0.016113500393835703
124,-1.3671399062625373,1.5259899762075524,0.015889437706893054,12,0.015763812492902412
125,-1.3495719797856656,-1.6123615365577113,0.017253891857756498,11,0.02407445107136538
125,-1.236095489349503,-1.6429729527156667,0.01602235436625847,12,0.022751271967819536
125,-1.222530100008843,1.527649094522251,0.01618594363647168,12,0.012806161220629981
125,-1.363788005603243,1.5286144664133414,0.01583375207456862,11,0.023146509727293776
126,-1.3510948752662408,-1.6110753611642734,0.017262203727649347,11,0.02331559279873701
126,-1.2380311935333084,-1.624333999778948,0.01590077218262489,8,0.0017340488565356646
126,-1.2151036353231761,1.5283713010550872,0.015950633289200006,12,0.02242536545985977
126,-1.3755993803579907,1.525544236961361,0.016074899490024303,13,0.016118785742152985
127,-1.3631037294509358,-1.6082350818520748,0.01581604838356362,14,0.024606360774656635
127,-1.2389694197926209,-1.627554086166105,0.015734676789983217,8,0.0035221721887295477
127,-1.2152623222448173,1.5278843239240991,0.016383963110322756,12,0.020427245409914047
127,-1.3730476146315138,1.5277932311335574,0.016201866385108638,13,0.020565473728300063
128,-1.3643046729221389,-1.6172232181632515,0.016134849795324775,11,0.0041881217060799345
128,-1.2376832838428178,-1.6289217190352108,0.016429970026185185,9,0.005412747584412265
128,-1.2228805059483017,1.528343087370223,0.01622192550129137,12,0.013282905417387752
128,-1.3768839135426012,1.5268939132093116,0.016086627464204955,12,0.014281137988399832
129,-1.3637859917883128,-1.6004140475806996,0.015541154711135766,13,0.019499084856610997
129,-1.2383996285118277,-1.630812852035248,0.0158881740820922,9,0.00622762664610348
129,-1.2183470853243044,1.5270943625232871,0.015397697108120468,13,0.024982160599233087
129,-1.3732255199488697,1.5263918191860484,0.01606507331225518,12,0.014914234612021413
130,-1.3548416478539937,-1.6093102713532734,0.016172098566380834,12,0.01840556398802328
130,-1.2516177340135632,-1.6397150154397389,0.015192507133719954,7,0.01577557581017407
130,-1.222383291229791,1.5276806885622791,0.01629757770666921,12,0.012980056651922435
130,-1.3740899577266248,1.5206135707850015,0.016431183625452508,13,0.024225092385150505
131,-1.3702916223476578,-1.603167700671647,0.01632318904545568,13,0.016971943966445507
131,-1.23580176536906,-1.627391970772874,0.016149532875171776,9,0.006200495497210716
131,-1.2138813422764618,1.5232336438448992,0.015999873317596343,12,0.023393356182783185
131,-1.3765273272366891,1.5236561544559108,0.015886291624615013,12,0.01822908203498381
132,-1.3714006973325312,-1.6075722294102943,0.0162684728493856,13,0.01725244123979867
132,-1.2380263618944136,-1.633463255366598,0.0157382190226192,9,0.012931744418194299
132,-1.211384239782704,1.5258770469182672,0.015845492553152336,12,0.02042095539414041
132,-1.3780518513373359,1.5245619973369955,0.015920466188807603,12,0.014639868383614297
133,-1.368508419250462,-1.6023698230476402,0.01510773787669575,14,0.021287074596980007
133,-1.2364018614133894,-1.6257387106674106,0.01626444313615374,10,0.005812066451104511
133,-1.217587058768593,1.524488800601174,0.015557396132821536,13,0.025777736064768828
133,-1.3727062363318339,1.5257329681094438,0.015946289697601982,12,0.01548639891929414
134,-1.3554858976355688,-1.6100758100299322,0.01618533240307144,12,0.018424405704371375
134,-1.2393726633282744,-1.6259040847367425,0.016252818074426086,8,0.0036502869281319576
134,-1.2265463419771911,1.5247022969254163,0.015920448260965284,11,0.00198652366611796
134,-1.3742052780657712,1.5254176006249425,0.015838818147929118,12,0.018763525440109955
135,-1.3591555305357184,-1.6158855919363402,0.014780465042302867,10,0.0016783063724611635
135,-1.2376832838428178,-1.6289217190352108,0.016429970026185185,9,0.005412747584412265
135,-1.2214612673939291,1.5269915523107565,0.015996913756368122,12,0.012831514709193364
135,-1.3776120190772636,1.5269733497796687,0.016185935073038504,12,0.010196674192899144
136,-1.3629026343417998,-1.6155631634306564,0.016931685875198877,11,0.0034493100723008013
136,-1.237194607082331,-1.6292259430651663,0.015878539824615342,9,0.00622054850768606
136,-1.2236330000680835,1.5231235159108882,0.01572805610184993,12,0.02164758426561894
136,-1.378907954427833,1.525823014091089,0.016230771034657702,12,0.013105926373058706
137,-1.3669392591363532,-1.5989090142185047,0.01628673693109231,13,0.01809533476954167
137,-1.2146196127980993,1.526691298166382,0.016119156193154134,12,0.022925630695982874
137,-1.3710393326180452,1.5271697412728062,0.015716746468632126,12,0.01682174121120066
138,-1.3663363409014884,-1.6024423818651625,0.015999630427555974,13,0.018480167511272568
138,-1.2303629041434527,-1.6205935542812318,0.015915937691774396,9,0.0028614127197402702
138,-1.2171699136355412,1.526253600721167,0.01579623154628059,12,0.021648708604914278
138,-1.3730824827662735,1.5253127895235556,0.015753760278933073,12,0.015657985646864356
139,-1.3616252808145397,-1.6026952183735605,0.015962434563914135,14,0.02590439157672507
139,-1.222700096774419,1.5266941969705108,0.0162523004667107,12,0.01323467910790304
139,-1.371156506165262,1.5261455643227846,0.015868254783106408,11,0.014930505956175016
140,-1.363655841828793,-1.6164522054071462,0.0161264312465898,11,0.004183696830325534
140,-1.2385725465715443,-1.6295309659821042,0.01587432661477777,9,0.004715222661859872
140,-1.2169896708797832,1.5286679340379776,0.016012073555405223,13,0.023395600961601624
140,-1.3747811265317478,1.526180619571136,0.01616052939779758,12,0.01602227408410473
141,-1.3616954687640024,-1.6141290831810708,0.016086636428902304,11,0.00417653732671419
141,-1.223115896549735,-1.6273741599004108,0.016350505201809612,9,0.0
141,-1.221615889394123,1.527692524510545,0.016193955949588418,12,0.014130594252664866
141,-1.3734363783225998,1.5254798451767466,0.016215770349991984,13,0.021165027954062325
142,-1.3635593430062822,-1.616341238726768,0.016948986160750967,11,0.003449602970333013
142,-1.2385541633128396,-1.628649154629322,0.015877900956086745,9,0.004733069031589345
142,-1.21573083795344,1.523674406854323,0.015731225137972184,12,0.02329412321209653
142,-1.3722064229727002,1.52206599490269,0.016098357512248185,13,0.01731036771382232
143,-1.3629998488242023,-1.6156766727107135,0.016110560423551877,11,0.004182956873557537
143,-1.2285463264274563,-1.619832865243721,0.01609886108107312,9,0.004077272725284524
143,-1.2240531266706076,1.5283829959182709,0.016420593657318624,12,0.013387557739698077
143,-1.3664056596772745,1.5263569475566696,0.01584730896836844,11,0.01656712726843096
144,-1.3651058973760513,-1.6041006720035227,0.015852124301726674,14,0.021453148992535916
144,-1.2386638182413447,-1.6266091582010511,0.015650695077911964,8,0.0038079561946811054
144,-1.217913706258581,1.5251204414404,0.015781389609386808,13,0.022695352501724365
144,-1.3701212725166494,1.5216730927222957,0.01577164814774057,13,0.021597571825009994
145,-1.3605400341899958,-1.6159391993890382,0.017451089207047084,10,0.0
145,-1.237825747941027,-1.6342550602686483,0.016093923225219343,9,0.01395306701728072
145,-1.2222215494683448,1.5271438779653177,0.016163784559140942,12,0.013510532686846845
145,-1.372249468123648,1.522599089203645,0.015867349987438748,12,0.01903314668804923
146,-1.3633972963999637,-1.6050309284992168,0.01589680266674079,14,0.021381250372794397
146,-1.2409448343873313,-1.6293137616990496,0.016058822691841893,8,0.01611907197077005
146,-1.2144765750443827,1.5262144744771178,0.015974625879081335,12,0.01918211401070636
146,-1.3736168465621181,1.5247868814094618,0.01628066183478846,12,0.01460262962544471
147,-1.239645794850449,-1.6284422708544437,0.016541283341634447,8,0.003956687147756181
147,-1.2208684803268248,1.5265232008421783,0.016266773259010294,11,0.016189511847106867
147,-1.371828548597291,1.523946643509703,0.0159381468688528,12,0.014101124552699629
148,-1.3629446571786143,-1.6060230874443455,0.016091324773282647,14,0.01892232405991298
148,-1.2515998276644358,-1.639677178002521,0.01711337058372506,7,0.0197846716362227
148,-1.2185440912327061,1.5265547258839987,0.015932367324991616,11,0.015001998389481902
148,-1.3724990919911177,1.5245419401314375,0.015960644463747946,12,0.019695869227088773
149,-1.3654515956833246,-1.6082989257718074,0.015224746527125443,14,0.02119934018793176
149,-1.2376617887162134,-1.619827654798972,0.016933136932697837,8,0.004520730943117159
149,-1.2202724529562818,1.522824388769147,0.01596180296010346,12,0.02241814670441277
149,-1.3730725227482719,1.5245883763226238,0.01587456867258713,12,0.01394823979877236
150,-1.2360502494310361,-1.6237204002464696,0.016471815276943733,8,0.003929257014384755
150,-1.2236500976580087,1.5285691441462486,0.01585007332269446,12,0.01143600131645455
150,-1.3662592401600926,1.5282219213180144,0.016806582890506634,11,0.01902249728186751
151,-1.3608931907548787,-1.625932750737377,0.017424737676881026,10,0.0
151,-1.2367246834883043,-1.6250423327441195,0.016002701532563467,9,0.0038817592155421504
151,-1.21799699954186,1.5271854218233116,0.016280758855429792,11,0.01575580064953771
151,-1.3692389538138483,1.5264549752512544,0.016210479260960864,11,0.01572373299512155
152,-1.3670003169352172,-1.60405309526952,0.01621145441408831,13,0.019068887811850097
152,-1.2470091499342812,-1.632635598015654,0.016081338855002916,7,0.004958588761348811
152,-1.2120376799177812,1.5278163413194994,0.016636800180567658,12,0.020283169608317247
152,-1.3679723912586357,1.5240366841327504,0.016226272833750187,13,0.020546988965345566
153,-1.3646190269128584,-1.6046432467687592,0.01581553985122678,14,0.024230801178813578
153,-1.236646064864594,-1.6221490201223316,0.016028295195017903,8,0.003273526556622442
153,-1.2189075443569275,1.5285333194177233,0.01592477767071243,13,0.02642200003419298
153,-1.37125671317871,1.5228941491882693,0.015777981151598643,12,0.018659356830189905
154,-1.3613267810236598,-1.6168749832213865,0.016416443341022057,11,0.003060208999583007
154,-1.2383701727400875,-1.6267683736793586,0.015722755529680266,8,0.0035183106987275344
154,-1.222693848634622,1.5268140220349273,0.01608490822978503,12,0.014769416331526989
154,-1.372078714174216,1.5256184531145884,0.016033265500791087,12,0.013832310004813277
155,-1.3692949250941975,-1.6075826462827856,0.015899378965194364,15,0.020711442604451978
155,-1.2383701727400875,-1.6267683736793586,0.015722755529680266,8,0.0035183106987275344
155,-1.2289002734325152,1.5274833023534153,0.015326147897882643,12,0.003218765036872574
155,-1.3717830448911297,1.528606238179468,0.015850613693062007,12,0.015898932667708462
156,-1.3515471633151959,-1.6074836914295747,0.016601521921726134,11,0.021940524794066805
156,-1.2474030256454753,-1.6331496472624072,0.015639513510788895,7,0.0018360524875769375
156,-1.2214090430137323,1.5271776675935294,0.01578090212341103,12,0.016746337833567906
156,-1.3718795655569338,1.5262034551640657,0.016006616298262992,12,0.01547097119250687
157,-1.3682012565393051,-1.6084322188913085,0.016323933665535948,14,0.023595302987298894
157,-1.2384833117540952,-1.6201177556428006,0.017162759069790395,8,0.0031247757543521808
157,-1.2188341455230542,1.5251579679333058,0.015924792565533887,12,0.016886217077664734
157,-1.3743276495695929,1.526099508110669,0.015900676207377642,12,0.01291217535305742
158,-1.363876459531394,-1.6060571662013867,0.01578012426935493,14,0.020298810164991996
158,-1.2509898308055372,-1.6388784515172892,0.01709881723476069,7,0.01976305102292397
158,-1.217035807373195,1.5294719763236229,0.01624316744822886,11,0.024064508533562127
158,-1.377801106816094,1.5250550147319148,0.016208441998767722,12,0.014757700757913043
159,-1.3611091100475203,-1.618206904300695,0.01481547240001814,11,0.0016750171993018884
159,-1.2393438823323562,-1.6377858479043848,0.01608577474898126,10,0.011081533669189136
159,-1.2156242073244008,1.52859787334718,0.016495589987724626,13,0.023913621211192063
159,-1.3724299473065933,1.5269301894230976,0.015956540896413116,12,0.014830704021325889
160,-1.2213962243892789,1.5221554764530931,0.015407619459839747,11,0.021168986272992737
160,-1.3756352071670805,1.5264822825038196,0.01592462871347088,12,0.013888139959961547
161,-1.3610731083117917,-1.6197581933022542,0.01696213304217902,11,0.0034489660948209076
161,-1.2345475713822767,-1.6315806789619154,0.015962441523716907,10,0.012914244109760293
161,-1.2109746579596743,1.5272283803683475,0.016484150811557418,12,0.021034334087956942
161,-1.3742473222609701,1.526907510990612,0.016458821875574303,13,0.016020640468704418
162,-1.3640844108307335,-1.6029000279822743,0.015640096750276028,13,0.023620162560205698
162,-1.2249194950676605,-1.618306541940723,0.01543116310942402,9,0.0023967529131850036
162,-1.2191067098828208,1.526597194941364,0.01584149257376121,12,0.015372189328109957
162,-1.3747429546610643,1.5260949883575805,0.015926384509983734,12,0.015152136640978999
163,-1.3610809059620035,-1.6153450410692827,0.0161856506865941,12,0.004324233082802631
163,-1.2388578695830637,-1.6213914050398652,0.016962868344384853,8,0.004531612286522861
163,-1.2189049486676058,1.525148332434305,0.01587145502759654,11,0.02123446746996936
163,-1.367908375761465,1.5262882587250173,0.01612972907201948,11,0.01794684970032498
164,-1.3621561007566383,-1.6040526922326312,0.016238172702448008,13,0.023562251955234707
164,-1.246297084924177,-1.628425057846443,0.01603094721692561,8,0.002755286028574142
164,-1.222949007306832,1.5259582955713562,0.016099220149185904,12,0.010769579155590335
164,-1.3735149743237447,1.5268491445826078,0.016056281631626375,12,0.014070249746995838
165,-1.3563098293954523,-1.6154194337946843,0.016652473864364917,12,0.017841770432712758
165,-1.2374883642755838,-1.6236794394441811,0.01576995842343726,8,0.0018906538420270453
165,-1.2231981489845685,1.527572833934469,0.015939878231861698,12,0.0029707091749225966
165,-1.3767972575677574,1.5266739859347422,0.01588113476937518,12,0.01232203909943687
166,-1.2396613197142599,-1.6248973989952535,0.016012574054138445,8,0.014366417621671776
166,-1.2185708478503587,1.5266631976624616,0.015576525332699643,13,0.020294976228662345
166,-1.3735365350381894,1.5261318260287824,0.016213468180793635,12,0.013456502669343824
167,-1.2340596094868028,-1.6313054884861595,0.01596430027619797,11,0.013237317293831544
167,-1.225670137744949,1.5280172600561834,0.01657676289863869,11,0.00147276355636404
167,-1.3656599839652594,1.524973153266008,0.016077993850906927,11,0.017142511106065968
168,-1.236885531507731,-1.6284405539365976,0.01641020501425947,8,0.006763390490387559
168,-1.2192580262055273,1.5193353179732512,0.016826608625794402,13,0.020948478108153
168,-1.3767724406015642,1.5258180230087621,0.01630851891560957,12,0.013669476433395472
169,-1.3582335761483257,-1.6247963484131605,0.014744318650026978,12,0.0
169,-1.2515714668280038,-1.6396480124639676,0.01597013870584407,7,0.017514966667701172
169,-1.2202371526399292,1.52523759535044,0.01539238808346669,11,0.018492676981057218
169,-1.3729503443899553,1.525752998190826,0.015916853452932606,11,0.01812439695732169
170,-1.3651094576762506,-1.621367148889048,0.017547598865891863,11,0.0
170,-1.238788153637336,-1.6305952052556014,0.015989610485283627,9,0.005572031421408977
170,-1.219636983824692,1.5253493345303273,0.016274032704671176,12,0.019918888044652215
170,-1.3777200354718582,1.5270463967329257,0.01595549097397715,12,0.008773379946398903
171,-1.3625703969566805,-1.6184210943206747,0.016887326419656425,11,0.001492282629815659
171,-1.218279670019499,-1.6144120624543215,0.017520623928716093,10,0.0
171,-1.2172718904858932,1.526845593018516,0.015464513614729654,13,0.02230344989065869
171,-1.3763601403067638,1.5248036281533728,0.016263994512338207,12,0.01271850143264274
172,-1.3664349902764452,-1.6048259540847214,0.01576246858076115,15,0.023500241106632135
172,-1.2398401789726188,-1.6286999970744869,0.016355410816953467,8,0.004555685909398278
172,-1.2160951571018555,1.5280677451754334,0.0158950710252913,12,0.016060044519498454
172,-1.3707412486427868,1.527334744790013,0.016091402657581955,12,0.02044203733500655
173,-1.3642156004169044,-1.6171169187305858,0.016965166630568518,11,0.00344991618167516
173,-1.2387999240277758,-1.6259708777972577,0.015780622925095113,8,0.003295495989683559
173,-1.2187084203911118,1.5258610669518076,0.01599385469705755,12,0.01924437593233565
173,-1.374526664222626,1.525241307020625,0.0157909491894969,12,0.021065119338835998
174,-1.3548386302805764,-1.6071502389323093,0.016182844489159545,12,0.01696979086244421
174,-1.2393726633282744,-1.6259040847367425,0.016252818074426086,8,0.0036502869281319576
174,-1.2207208806105398,1.5243117388036787,0.01612461965219656,12,0.019123560492767047
174,-1.373280070539729,1.5252066408524834,0.01581683478840807,12,0.015797281678043763
175,-1.3633431378426997,-1.6218344058120142,0.016083842957046447,11,0.0028563173225155496
175,-1.2342608794198866,-1.6287426486659369,0.015955748802559417,8,0.01305792161180954
175,-1.2200638851417112,1.5274029548140837,0.016373262572910274,12,0.018357472681132865
175,-1.3688242579099834,1.5265150609517442,0.015933601690654713,12,0.01989326321925321
176,-1.366364021195129,-1.605087091612969,0.01566151364006488,15,0.025064465184064813
176,-1.2308429914116967,1.5238427147750864,0.014964514907319995,10,0.0
176,-1.3738228952819527,1.5248297525349297,0.015857049962520502,12,0.01434181400700274
177,-1.3641386810261018,-1.6065136206006698,0.016091238176522027,14,0.02395550420852198
177,-1.2517314986268198,-1.6408233967547832,0.015770760746683387,7,0.017381678327556997
177,-1.2159846663411644,1.5286737298565043,0.016304335017003395,12,0.024607538145041158
177,-1.3734798396597399,1.52346571318819,0.015968770367837972,12,0.018158867537051367
178,-1.3503484366790122,-1.60952917229227,0.015266223654754238,12,0.021268136052938858
178,-1.2376617887162134,-1.619827654798972,0.016933136932697837,8,0.004520730943117159
178,-1.2210326260603828,1.5269844963069221,0.015992424614335282,12,0.013176007130361175
178,-1.3729798418619188,1.5258600699922291,0.015895210109756478,12,0.011833587285844804
179,-1.3626994170020967,-1.606350462370368,0.01628100522060133,14,0.01980247887628468
179,-1.2605212940953177,-1.6437055131856197,0.017460789115379814,7,0.0
179,-1.2209458431205555,1.5273868942904472,0.016331573310155827,12,0.015543292236590626
179,-1.3738378127089217,1.5246116954663353,0.015895251422216174,12,0.015660288260820308
180,-1.3569438350194887,-1.6160479038665188,0.015835173632992087,12,0.018506429404962284
180,-1.2395699559075555,-1.6283456758354964,0.015742066456336967,8,0.003520430079753479
180,-1.2136565689560668,1.5307493153353104,0.015696957265492417,12,0.017979918788538083
180,-1.3769088659350874,1.5258477773227017,0.016140414856769477,12,0.014214820477583816
181,-1.3589467474097543,-1.6032786006172655,0.015808755808420158,12,0.014398120626341614
181,-1.2359896062245515,-1.6276395673491741,0.015869055922548267,9,0.006215272187756244
181,-1.2234601841736927,1.5277587685214369,0.015832144173273752,12,0.01081362349558912
181,-1.3778726967947652,1.52721687855505,0.01607564899750525,12,0.00914271890420717
182,-1.3642156004169044,-1.6171169187305858,0.016965166630568518,11,0.00344991618167516
182,-1.2348570546823692,-1.6350318924408196,0.01572434308948439,11,0.014502889193225614
182,-1.2155502959742857,1.529674370098893,0.015797891160361496,12,0.021829274561646836
182,-1.3755753542267157,1.5249864329551508,0.01598573860158183,12,0.013590138179161819
183,-1.3561767833061307,-1.6111324962911493,0.015747718249359503,12,0.018227456895171586
183,-1.2360086374255927,-1.6212707629603198,0.016118800881492264,8,0.003536142161064846
183,-1.2223849341760722,1.5297228380045322,0.01607329951160024,12,0.01648254273461227
183,-1.3717870391737348,1.525281419088256,0.015935880553165402,12,0.016459746534416727
184,-1.361733708517411,-1.620127004723669,0.016006781820375952,12,0.003938318758821689
184,-1.2369340733067382,-1.6229868542654728,0.01567531193633217,8,0.0018107582634157493
184,-1.2262072279097627,1.5241744603102638,0.015807996489951046,12,0.012915259894013015
184,-1.3710889403554727,1.525982726067002,0.016104420119923354,12,0.018097478072842062
185,-1.3501744452081095,-1.6163068119097967,0.015567321635963848,12,0.017589739753840695
185,-1.2381694605830669,-1.6243252707919595,0.016234855482982657,8,0.003641664507908433
185,-1.2186170909390048,1.5301318385958202,0.016339925024272825,13,0.022289248428172155
185,-1.367998588248437,1.5247415661954888,0.015941456955582318,11,0.022201664596566882
186,-1.3553463890186574,-1.6103428518557295,0.01640746341252586,12,0.019296278258959923
186,-1.2346654936558628,-1.619729546372198,0.01601049177995459,8,0.0031770038845518067
186,-1.223849124402701,1.528262617634099,0.01593451299204013,12,0.012504311404248777
186,-1.3683790366301753,1.5262038398739377,0.01615792699042041,12,0.020024959261346068
187,-1.3737585036229738,-1.6166084887647236,0.015697079933043215,14,0.023983328444341003
187,-1.2391339661234912,-1.626934104935768,0.01602444826694741,8,0.01606387928141051
187,-1.2227399981219667,1.5284899767423499,0.016356416444417144,12,0.014328750271444013
187,-1.3759675880890723,1.5253923485680259,0.015976873820675738,12,0.014022718303795222
188,-1.364407231819234,-1.616286733711302,0.015432096296331632,14,0.0026998402107380115
188,-1.214658806406027,1.5274324073231855,0.015954448627719164,12,0.018398555624931135
188,-1.3699996633208067,1.5223760599318585,0.016021883426354796,13,0.022120007381523983
189,-1.3575318828257454,-1.61314562520597,0.01695031481285609,12,0.019124192137537514
189,-1.2397620567205292,-1.6277664927713194,0.015989072600466548,8,0.0159848774552371
189,-1.2178313353356607,1.527221204311175,0.016228651575478717,13,0.021340842529311503
189,-1.3768998280968752,1.5244447296506252,0.0158588915569169,12,0.017351674050851494
190,-1.3601076171114164,-1.6186070925424907,0.017306922284035457,11,0.0
190,-1.25100875671779,-1.638917544494273,0.01518173142923833,7,0.015759470251802715
190,-1.2166744363244528,1.527228211907007,0.01564212140632978,12,0.02020604872653344
190,-1.3723237912383468,1.5276664501401465,0.015844974052113898,12,0.015454832642737459
191,-1.3526645396540218,-1.6111774830662267,0.015916939132641535,12,0.02183862323897462
191,-1.2351619305881465,-1.6203802312581566,0.016189536167698693,8,0.003619095049868934
191,-1.2173972880720392,1.5304450948391641,0.01625375133836867,12,0.017564340246843717
191,-1.3766598939462555,1.5266052537554244,0.01584151935874179,12,0.014848089777004567
192,-1.355016938821135,-1.608355044290266,0.01727047900000606,11,0.019762578054856598
192,-1.2372118977366695,-1.6228520076248976,0.016133921811600838,8,0.003540854555885089
192,-1.2200701108444902,1.5255020997995505,0.016077311350112547,12,0.02009362844489387
192,-1.3708341917771094,1.5274721320128088,0.015960837474363092,12,0.013762751309901013
193,-1.3564019223469934,-1.6078296968141217,0.016055101363937122,12,0.016929567067682352
193,-1.2167785528656914,1.5237831521210914,0.016035346080782484,13,0.025039783322666164
193,-1.371512343626041,1.525803237392715,0.015849665341418188,12,0.01712463044404699
194,-1.3669917184384905,-1.6075612374196073,0.015984287710058134,14,0.02150975766140448
194,-1.2454966282184823,-1.6371561357491464,0.015845017271676757,8,0.018527987091683528
194,-1.2217072581890454,1.5293476272693065,0.016259056052585288,12,0.014793154798882548
194,-1.3759083192602772,1.526417177399316,0.01582704599876203,12,0.0162280878811939
195,-1.3654475038768747,-1.6070996796291344,0.016048258197801847,14,0.02196348264728081
195,-1.238538640574174,-1.6266572632620218,0.01712485991317102,8,0.019815789891765984
195,-1.2203848653947553,1.5278558790658643,0.015771610065582493,12,0.01793608286345624
195,-1.3746481047225694,1.5259759906188204,0.01604707321898174,12,0.016155378224647406
196,-1.3684293326968273,-1.59793221725132,0.016371194840490898,13,0.018183955785909787
196,-1.2366493016948652,-1.6245062266203718,0.016484389301587608,8,0.003933869283335036
196,-1.2239640962693015,1.5282723196477124,0.016279459930145998,12,0.013259121452963613
196,-1.3713826329502463,1.5276722818634323,0.01600472450837624,11,0.015167881895934505
197,-1.363375032910692,-1.6224987271247102,0.01738809923709669,11,0.0
197,-1.2369973875542903,-1.6281013735262464,0.016008798896625327,9,0.00560258644925018
197,-1.2166225033568008,1.528391418077699,0.01569603116001471,11,0.01796381918896128
197,-1.3722893934842808,1.5278127448766778,0.01625201037723921,12,0.014341317116827559
198,-1.3673239824667867,-1.6018598893462306,0.014733368489127206,14,0.017192208127952562
198,-1.2390549264948483,-1.625313697400759,0.016056809925788628,8,0.0032841176689837144
198,-1.2247153996295317,1.5298062327655213,0.015897590770276346,12,0.011847098074753738
198,-1.37578062207768,1.5268851902755651,0.015877954983395174,10,0.014906436338822106
199,-1.3593703175171337,-1.6066843049422102,0.017353382512538762,13,0.026727865590880463
199,-1.2350190751264278,-1.6203652715192751,0.01587516282168766,8,0.0017266246271754092
199,-1.2209064364454527,1.524999056489291,0.015790383192618662,12,0.01947993427040214
199,-1.3766930931569894,1.5266973013448544,0.01599704043733841,12,0.014661794172172508
200,-1.3624576737829754,-1.6208383373220592,0.01726249811291364,11,0.0021381046387274425
200,-1.2383436564359687,-1.6312369608727522,0.016076408814322457,9,0.017363386102721298
200,-1.215531708293195,1.527698441655498,0.016067839457082046,12,0.02352603873814667
200,-1.3696510178609682,1.5244343360471908,0.016287441158884086,11,0.020208211121619774
201,-1.349179500050746,-1.6087963219224184,0.01720270954771025,11,0.023255167959134904
201,-1.239217456730301,-1.6235783115236524,0.01576741286192895,9,0.01560623351990081
201,-1.2170427157646608,1.527342960060299,0.01579004316053421,11,0.021549220455556746
201,-1.3733942569269182,1.5253309324805693,0.016070378009771118,12,0.01773366225918236
202,-1.3645056113098137,-1.6082459116036463,0.016496786111479752,14,0.02367671114407047
202,-1.2345280545589215,-1.619823044081893,0.015644598823808357,8,0.0018434093147278157
202,-1.2283681316925084,1.5287453639580224,0.016602044806605185,12,0.0031645588353037043
202,-1.3569458042930298,1.5239622277715632,0.015730755588067673,11,0.014166425387951447
203,-1.3645208285278878,-1.6207428547977298,0.016919616833775842,11,0.0014774165593666282
203,-1.2343652294107264,-1.6231389070482294,0.01578764436720322,9,0.0046007897907855136
203,-1.2192038092359978,1.5281292316290713,0.015950898375743254,11,0.015785809825976892
203,-1.3769860714251605,1.52534783419352,0.015985300142836306,12,0.01421404973183474
204,-1.3672954173387635,-1.6061952355607088,0.015595534243018263,14,0.02224243765095745
204,-1.238276937675022,-1.624466267855153,0.01606193211277127,8,0.0032001218270748667
204,-1.2234204608058907,1.5275921570470758,0.0164067098317878,12,0.013378095875049316
204,-1.3738791430018176,1.527424576600173,0.016133982555919076,12,0.015586394341595648
205,-1.3609970004582859,-1.6196664170213904,0.01471207751064605,11,0.0
205,-1.2369355750123603,-1.628157114631645,0.016028165232826408,9,0.005454377442581891
205,-1.2174163990728624,1.5192172503155374,0.015573658421680256,13,0.027744429845545013
205,-1.3810450160329044,1.525611693597307,0.01611497851579855,12,0.009572198330723966
206,-1.370167401082112,-1.6036045337662546,0.015905412428931932,15,0.020870562916653342
206,-1.2180476027231684,1.5265671342329112,0.015418286978207999,13,0.02240825247785221
206,-1.3713018078234902,1.5266493897337245,0.016207753653614505,11,0.019525047028537208
207,-1.3685048466250405,-1.6060530209499713,0.015541515934428374,15,0.024313472721804806
207,-1.2368043311385433,-1.6263477750780195,0.015774262981600628,9,0.004785499423302553
207,-1.22206701610618,1.5268714313992617,0.016005385595073984,12,0.012169633785497284
207,-1.3730158477633156,1.5260495019544587,0.015792990989798254,12,0.01893117115779254
208,-1.3618004865985762,-1.6131971238730711,0.015388613501313453,11,0.0026961369172969008
208,-1.2394578731108066,-1.6313396280776218,0.01596846307648956,9,0.005733701648772458
208,-1.2144646082865214,1.532332724024342,0.016440153972067658,12,0.02023401188545373
208,-1.3750619991968025,1.5251389492252558,0.01615889717340453,12,0.015001655260860796
209,-1.239645794850449,-1.6284422708544437,0.016541283341634447,8,0.003956687147756181
209,-1.2197821988548596,1.5248049650113318,0.016472862695776823,12,0.016893820921563624
209,-1.3754886208530246,1.5264314454619898,0.01603685947012451,12,0.014414140054249739
210,-1.358559604420012,-1.6167661810610148,0.016084680970063266,11,0.004173819678944322
210,-1.2397977785160086,-1.6320887106522932,0.016213861266301192,9,0.013663800577412498
210,-1.2170066425281278,1.5276458642190265,0.015950808538731893,12,0.018864884470148113
210,-1.3743293875610119,1.526545823090095,0.015954850128267896,12,0.016388976398264202
211,-1.3621758511537847,-1.6011979456310146,0.01589836932568474,13,0.019023456051188405
211,-1.2541266092638395,-1.6398451297142216,0.015384431776541727,8,0.015183375630929915
211,-1.2226451534676401,1.5288526388190682,0.01622589053393626,12,0.013582740088676876
211,-1.375574058254033,1.525788488977449,0.016105635937963225,12,0.018878805838212828
212,-1.3545332960898826,-1.6103442294786106,0.015494802152888698,12,0.018379794632393764
212,-1.236646064864594,-1.6221490201223316,0.016028295195017903,8,0.003273526556622442
212,-1.2211361872293434,1.5285847047466392,0.01639404459489579,12,0.015373077767078686
212,-1.3758205944959037,1.5274332579870649,0.015823795612331652,12,0.014175549959779175
213,-1.3490264298473698,-1.6119887851721333,0.016526126642693314,12,0.023327846313942694
213,-1.235430960673639,-1.6205599292560549,0.016008843798759574,8,0.0030754240329381828
213,-1.2244707836357398,1.5287159560956634,0.016468590246766817,12,0.011884738345273132
213,-1.3628805282555356,1.5264082463439181,0.015924103826434464,11,0.01900579813645579
214,-1.35273904532284,-1.6003608937368108,0.01629462431577323,11,0.0029734317398402506
214,-1.242285719899473,-1.6313661358608005,0.015404928993744233,7,0.002946888694962592
214,-1.2241032506328375,1.5282375220451014,0.01606826108417894,12,0.011445881297080239
214,-1.3652655221522552,1.529174702854119,0.01570182980097506,11,0.019086492685398655
215,-1.3638041154130025,-1.6198164334070246,0.017520051369578397,11,0.0
215,-1.2183710904164484,1.5316876819400986,0.01667894306744598,13,0.022994709937238872
215,-1.3732860822092685,1.5270575897155978,0.015918982065089335,12,0.01593607922039847
216,-1.363375032910692,-1.6224987271247102,0.01738809923709669,11,0.0
216,-1.238273162201321,-1.6277355818314831,0.01618551785631484,9,0.003391121555719896
216,-1.224238911719957,1.5293510329938267,0.016121277308551948,12,0.013350425649103975
216,-1.3707734485844978,1.5245027581344925,0.016363388408326806,13,0.02260930901959772
217,-1.3653742157351776,-1.608796092474494,0.01670912186049913,14,0.023911126568607256
217,-1.2377189005121907,-1.6237343049231392,0.01597216358969831,8,0.002880333456362193
217,-1.2225949747921638,1.5289302306539125,0.016685949068500308,12,0.020228420696077422
217,-1.3764851018250595,1.5271575453182624,0.01587962463168454,12,0.011746251568177053
218,-1.3610731083117917,-1.6197581933022542,0.01696213304217902,11,0.0034489660948209076
218,-1.236507208967873,-1.6278664444407756,0.01603286917716287,9,0.005930040590951504
218,-1.220626435437794,1.5265402465627875,0.01653855424194431,12,0.019743311979835462
218,-1.3741312319597319,1.5280844490648793,0.016001219470418996,12,0.014876424955194409
219,-1.3618501083057526,-1.617493990932416,0.0174836244613957,10,0.0
219,-1.2212767295335734,1.5273483212640973,0.016292427979475117,12,0.020905403305882534
219,-1.3784549866670437,1.527944277252815,0.016263998543779176,12,0.012532148281419481
220,-1.3642975383788147,-1.6188066459132677,0.016124453580507674,11,0.0056861636049995445
220,-1.2413055606038492,-1.634639621209189,0.01608332260062448,9,0.0063339222365063775
220,-1.2228273842554704,1.5265735627204686,0.01580609932051957,12,0.016537369510764115
220,-1.374331803495481,1.5267187331072463,0.01587866318378,12,0.013878387502243331
221,-1.2395224270681549,-1.6326564352969155,0.015812222599650184,9,0.00640147675990227
221,-1.221178868052373,1.5277523185926203,0.01616250390186223,12,0.015307494841138471
221,-1.3762100093552725,1.5264830450084872,0.01601758733597169,11,0.0117101551181884
222,-1.3634332065171078,-1.6067616246161445,0.016044320179205752,14,0.023471564115620413
222,-1.236646064864594,-1.6221490201223316,0.016028295195017903,8,0.003273526556622442
222,-1.2192616296753487,1.5291941728783367,0.015762576147920256,11,0.020538452948899884
222,-1.3689615848658814,1.5267750529650364,0.015795320706097963,11,0.018272304001481374
223,-1.3652183609117392,-1.6011732438496917,0.015620832836745776,15,0.02359182231040896
223,-1.2381694605830669,-1.6243252707919595,0.016234855482982657,8,0.003641664507908433
223,-1.2223856877193016,1.5276437023559848,0.015867124139717432,12,0.01326284386036522
223,-1.3666730024228704,1.523543294458224,0.01667240085416604,11,0.020024692933725167
224,-1.3649550492138347,-1.606782789428613,0.01576567831465097,14,0.01778644282238218
224,-1.2436725045621795,-1.634764568762564,0.015745527317059242,8,0.018248043727838455
224,-1.2228684411184165,1.524397873297167,0.01584806749607264,12,0.018873854453241162
224,-1.3737818227084932,1.5254670580990217,0.015862437875458144,11,0.01489731094877432
225,-1.354288988530678,-1.6127637501335812,0.01506350131851571,11,0.015984204247577377
225,-1.2397322455453914,-1.6371098730308749,0.0159484880227257,9,0.015214911708866501
225,-1.2160519180545444,1.5269282950681495,0.016264077672760436,12,0.019914799162751462
225,-1.3745584519968626,1.528429688547473,0.01583253656991966,13,0.01970998846832927
226,-1.3504276931734,-1.605364512135867,0.01581333789610293,12,0.021056361362935146
226,-1.239353710670115,-1.6301103186786827,0.01609806647131619,10,0.016029293916793187
226,-1.2137870150848424,1.5262798733439833,0.015543083194340918,12,0.022397168080397434
226,-1.3749840868354977,1.5267473776420426,0.015870389848101154,13,0.013990221082113244
227,-1.361429003984531,-1.6201776927175633,0.01735918677757838,11,0.0
227,-1.230239594170865,-1.6286179487404748,0.01701664643831819,9,0.002383838483773694
227,-1.2171103590559158,1.5201416612740162,0.016169638009190013,13,0.019309297390641047
227,-1.3739728731873717,1.5247058935091815,0.016078485526945352,12,0.020136653251457602
228,-1.2204565530167901,1.5249542471775606,0.016527531131287968,12,0.01656673689793415
228,-1.3738817324007737,1.526772942069744,0.01600302038381926,12,0.014525660641125426
229,-1.3491999083719761,-1.6056382914256844,0.01563509524496966,12,0.02131712766653606
229,-1.2227698795692616,1.52591739092904,0.015265771803351369,11,0.003209813211066772
229,-1.3743960210430757,1.5275361536050474,0.015920916594163573,13,0.019694036749715545
230,-1.2222882154547139,1.5255196858416908,0.015980276049504156,12,0.01446193986623451
230,-1.3762848463414634,1.5268706672702104,0.015727298844559194,12,0.009634179386569817
231,-1.355586025371154,-1.614305174983033,0.015088292187681509,11,0.016010319205196518
231,-1.237923829416011,-1.6337610559928275,0.015514321408894182,9,0.012578922641469476
231,-1.21719049406874,1.5248269233150475,0.016363883690109753,12,0.020502014241623418
231,-1.3721775521803194,1.528055969251708,0.015999725355569906,12,0.016095492312688447
232,-1.354219085938684,-1.608243990695535,0.016163610628583625,12,0.019591681638594954
232,-1.25100875671779,-1.638917544494273,0.01518173142923833,7,0.015759470251802715
232,-1.2236358439484838,1.5230123016755133,0.01621079901103973,11,0.015061355119954569
232,-1.3753968220637436,1.5255036202244294,0.01617859812394193,12,0.015195276769018917
233,-1.3652320247561722,-1.6041692144674138,0.015602105300845976,13,0.021440873891399606
233,-1.2362459573559,-1.6338248012436993,0.016267025988035453,10,0.0118344901250802
233,-1.2155538036338824,1.5308944852649637,0.01626397495775813,13,0.022350701595660803
233,-1.3766478037513767,1.5262450893524102,0.015826953727095215,12,0.013908772694465334
234,-1.241524547095407,-1.634354505552388,0.015747235939207,9,0.006259000057466931
234,-1.2201693728747907,1.5274335269594792,0.01642077767604901,11,0.022080236709809426
234,-1.374874942617298,1.5266369117280194,0.015966233218112847,12,0.013803834947663279
235,-1.3633718107267572,-1.600263293005502,0.016081103621410263,13,0.021032229240891532
235,-1.2546608690665872,-1.643702439166342,0.01524233137002822,7,0.01584563413981945
235,-1.2164646220250865,1.5280996439626107,0.016013849751329554,12,0.018523393129852125
235,-1.3766096015257385,1.527307026232485,0.015834293450039293,12,0.013388664496137953
236,-1.3527343905244067,-1.6104758388095817,0.016009897248415297,12,0.019481273892859516
236,-1.240424294316127,-1.625169080024311,0.016916086143754616,8,0.01765309923640673
236,-1.2190364554282003,1.5272445907201746,0.01642088308132785,12,0.01935950341162032
236,-1.370101821041465,1.5244994257506692,0.015870736646108243,11,0.02074280304803858
237,-1.3566398958919257,-1.611879935091432,0.016432516955173778,12,0.01932876747631934
237,-1.2414572990652737,-1.63056257051294,0.015881685496558166,8,0.01689269101006974
237,-1.2131351247774924,1.5248623892249178,0.016172912646675475,12,0.025309650914355074
237,-1.3698524927287294,1.526581404923203,0.015354366157089202,11,0.019309440211121076
238,-1.3625703969566805,-1.6184210943206747,0.016887326419656425,11,0.001492282629815659
238,-1.2289160632779978,-1.6203204128845108,0.015545698333041515,9,0.0037756566563397764
238,-1.222455118310859,1.5261844478303475,0.015184770759927978,12,0.02130416203192214
238,-1.3664555618140084,1.5277544364481042,0.015761159067367657,11,0.02151968675430192
239,-1.3590399384937324,-1.6173399275578733,0.014672086333360637,11,0.0
239,-1.2388558507634757,-1.6305469466444205,0.015963112703120518,9,0.00573211386448442
239,-1.2160037875604865,1.529116796957713,0.015634444783557747,12,0.021522506174040376
239,-1.369922927302762,1.5261857764936857,0.01578610332512271,13,0.019010791650460965
240,-1.359849353802231,-1.6198965484113477,0.016095068040786614,11,0.005678140714867441
240,-1.2636012714751215,-1.6477230255713116,0.017524401102844457,7,0.0
240,-1.2220741436288833,1.5282118123602622,0.01642892008887394,12,0.01411428905478602
240,-1.3703289561560934,1.526771302644401,0.015989059653698182,13,0.018718500615284423
241,-1.3498413983711277,-1.606403652774669,0.015644363686711762,12,0.021332322581430932
241,-1.2219819512404053,1.5304155788465585,0.01633000944220412,12,0.016989519255160842
241,-1.3733915270140589,1.5252661463667962,0.01589272158905574,12,0.014703849449417829
242,-1.223664763630585,1.5281137391359378,0.015889738669187418,12,0.011511231510261509
242,-1.3720514015026535,1.5269738735715608,0.016036664124474437,13,0.02037228684036628
243,-1.3541097961659163,-1.6083167815256563,0.01570155536520797,12,0.016951416605711405
243,-1.2358694067117246,-1.621307962334139,0.016028305997174457,8,0.003185708637644865
243,-1.2219704356945063,1.5262575606741722,0.01592584179927684,12,0.01892965631181987
243,-1.3742365126152205,1.5266257301779855,0.016661539012312706,12,0.015431246917825025
244,-1.3624496511537405,-1.6139680216899297,0.015397030723981955,11,0.0026962572580477616
244,-1.2365105192306007,-1.6286897504855558,0.01578771552875045,9,0.00638325390447663
244,-1.2151309833887056,1.5265118593197817,0.015696039489224718,12,0.023857933671861578
244,-1.3766005914639852,1.525506142755989,0.015872778010417123,13,0.016254354711324727
245,-1.3630981135174907,-1.5969280809900699,0.016219744004091558,12,0.018453589785641995
245,-1.2211361872293434,1.5285847047466392,0.01639404459489579,12,0.015373077767078686
245,-1.3764382101404935,1.5263207365403182,0.015787364781766625,12,0.009578161950644646
246,-1.3602507558439616,-1.6015289048795969,0.015525490718439002,13,0.025014235747874067
246,-1.2509619492904227,-1.6388500867480014,0.015958508763276952,7,0.017498469042785687
246,-1.2205067973656625,1.5289860973193108,0.016196382222576033,11,0.014056824790669612
246,-1.3741304331201762,1.5274013664011712,0.015999681428622514,12,0.015758158030907455
247,-1.3548647788431658,-1.6090120384423094,0.01617271155723109,12,0.01960581409332527
247,-1.235308811437909,-1.6202756334602606,0.016326206338092078,8,0.003910967926845883
247,-1.2183266266522286,1.5269932226845315,0.015869214357871794,12,0.021615676589371174
247,-1.3781290193746,1.5264729718392482,0.016150035118296616,12,0.013719591055406825
248,-1.3628436218319413,-1.6049883754007641,0.016069718295065278,14,0.023924894663726055
248,-1.2381694605830669,-1.6243252707919595,0.016234855482982657,8,0.003641664507908433
248,-1.225670137744949,1.5280172600561834,0.01657676289863869,11,0.00147276355636404
248,-1.370262946347186,1.5257353792302746,0.01581596470469013,12,0.015396637726996109
249,-1.3639645132995428,-1.6041605423880623,0.01493658567682932,13,0.02186079468505655
249,-1.244906276026335,-1.6384580038675771,0.01570928245157945,7,0.01730071976380225
249,-1.2204636105875444,1.526922078786067,0.015578060479633463,12,0.015347254914320926
249,-1.3776541380212475,1.5271536051807133,0.01601137093766322,12,0.01352947896026047
250,-1.35197980940743,-1.6043935178498834,0.015897146440764752,12,0.01658277571892318
250,-1.2375680993955749,-1.6235364793460887,0.016225601217382462,8,0.0036375727674895337
250,-1.2217002223013758,1.5155011622920775,0.014869741795029243,11,0.02043353638777517
250,-1.3723072107049994,1.5267292679489306,0.01575780240335438,12,0.016393519077604092
251,-1.36140310218787,-1.6195189886032157,0.01606256502280683,11,0.0028639323811779204
251,-1.2368260533579656,-1.6285455222039587,0.016377611218556264,9,0.013293759243798513
251,-1.2139391577465677,1.5264607588781793,0.015903068693845522,12,0.02271685990766969
251,-1.3773479893136884,1.5263868952046504,0.015872984585456724,12,0.012787800844992415
252,-1.3489279306528539,-1.6115930148514321,0.017247854332986187,11,0.024063281248828634
252,-1.2391706151230326,-1.6282572413887486,0.015965082325222528,9,0.003713378916324101
252,-1.2140372277923452,1.5264017648478745,0.016099540399503166,13,0.020484425060652085
252,-1.376597912889396,1.5236978838985853,0.015698484501021386,12,0.012425455626962447
253,-1.3646043596482023,-1.601615891234182,0.016435774788713255,13,0.018832980948683214
253,-1.2358694067117246,-1.621307962334139,0.016028305997174457,8,0.003185708637644865
253,-1.2102306600751964,1.5288566697709982,0.016145048689213026,12,0.018478370401360914
253,-1.3763297535798364,1.5252382338475594,0.01604416732819129,13,0.016453372838049863
254,-1.3609516374158421,-1.6120668335556465,0.016934878471007483,14,0.022626704616943438
254,-1.2385316955749017,-1.6261432460511134,0.016016295137761975,8,0.01605613240393036
254,-1.2217132600898222,1.5268215352616687,0.015925977361385738,12,0.01299643711360133
254,-1.3681835695685827,1.527965015121819,0.015939743137711213,12,0.01938978175425615
255,-1.3585801782475209,-1.6073421070843703,0.01735167617022588,13,0.027487076825424624
255,-1.2366493016948652,-1.6245062266203718,0.016484389301587608,8,0.003933869283335036
255,-1.2214904027007323,1.5269952626710344,0.016130205244711565,12,0.012560681042874314
255,-1.365941864538007,1.525789257123909,0.016251382000244403,11,0.016252659678876586
256,-1.3563444402142923,-1.60761609869488,0.015931947601708542,12,0.015833933788362013
256,-1.2371694087055312,-1.625189713400303,0.015704002724713836,8,0.003513840592675262
256,-1.2177671209964318,1.5247597902737082,0.01640043556098586,11,0.0184215999169483
256,-1.3753434740923356,1.5255586438201767,0.016261663671673924,11,0.017114835649078418
257,-1.3633522262036424,-1.6032616716702583,0.016149526554938707,13,0.0181479559715263
257,-1.2389190084231314,-1.625308497546133,0.01597660511490178,8,0.0027408176577665214
257,-1.2144401665013005,1.5287484959117488,0.016316721057148105,13,0.024265587121527116
257,-1.3714064602848692,1.524046165458959,0.015710190418475826,12,0.015615653642709334
258,-1.3558928373781232,-1.6081125611466536,0.015855323446607422,12,0.016697386318971948
258,-1.2358694067117246,-1.621307962334139,0.016028305997174457,8,0.003185708637644865
258,-1.2185609162581432,1.529071342860194,0.016219440953498837,13,0.015919658888364878
258,-1.3713694242267929,1.5254089263769657,0.01599832074940237,12,0.01565663586527185
259,-1.3618501083057526,-1.617493990932416,0.0174836244613957,10,0.0
259,-1.2383701727400875,-1.6267683736793586,0.015722755529680266,8,0.0035183106987275344
259,-1.2197872748978407,1.5261850926867357,0.015749204437176596,12,0.01992725988592606
259,-1.3727394999805045,1.5248325088978527,0.01569728807557724,12,0.01981233134647503
260,-1.3535012297504185,-1.608801965373347,0.015942944127140642,12,0.019907333674486386
260,-1.2379288844449183,-1.6253518559104598,0.01600636419324063,8,0.01604355573970994
260,-1.2218388745095379,1.526171460630895,0.016439994155226522,12,0.016692506559281367
260,-1.3657047809819798,1.527480340284956,0.016267054088506525,11,0.01789837466234837
261,-1.363479403990023,-1.6026492025842807,0.01630825600188852,13,0.016834763882955184
261,-1.239934222053074,-1.6299150431973002,0.015951540295056632,9,0.004149694264947218
261,-1.2187671073036865,1.5206181794168905,0.016251563882035212,13,0.019995500508417346
261,-1.372130157263189,1.5274156045768683,0.016112164044989396,12,0.017750322943599597
262,-1.3644500102893897,-1.6052548741149963,0.016272464135954047,14,0.021163361941781894
262,-1.2346654936558628,-1.619729546372198,0.01601049177995459,8,0.0031770038845518067
262,-1.2233029982405483,1.5266360169982611,0.01616381853132538,12,0.01996289410795075
262,-1.3719074078279425,1.5271706238802216,0.016204194859947736,11,0.016499206690338865
263,-1.3673505731665823,-1.5997934940818872,0.015925980693795947,15,0.02310007342757121
263,-1.2365694531922402,-1.624402638076753,0.01569284745169687,8,0.0035111177426096697
263,-1.2215997578890363,1.5270272855729041,0.01643980178244915,12,0.0033747560002140636
263,-1.3772834763686503,1.526281609353756,0.01580147385499197,12,0.009874992405992222
264,-1.364813930035135,-1.6058089270141351,0.016008021178602186,14,0.02140214693138694
264,-1.2390909094579545,-1.6264131667291122,0.015649335681228747,8,0.003914472514189747
264,-1.2228402596255943,1.5269132187525896,0.015887815257517972,12,0.011293133192657684
264,-1.3786947045044295,1.5274167417474809,0.016066476431334818,12,0.010948576179559273
265,-1.3617274545673137,-1.620536046492116,0.01697850747645233,11,0.003451973983221137
265,-1.2361687925087295,-1.6315305819155974,0.016106030479594493,10,0.010172418940092178
265,-1.2190717633896937,1.5271461065978942,0.015922125447888076,13,0.013150805452016705
265,-1.3689714708938778,1.5288202887939752,0.016123817528887373,12,0.0176075483876926
266,-1.3650987702762145,-1.606018639669264,0.01628181588488295,14,0.02117621909363746
266,-1.2353103601248576,-1.6205749428943104,0.015939545018711,8,0.00286849578223253
266,-1.2206808633003345,1.5256986366948992,0.016102214948096404,12,0.016167321628387188
266,-1.3745735591456019,1.5255112338443029,0.01575554159756109,12,0.015574394730848
267,-1.3657542397512208,-1.6048627172663152,0.01586315745929387,14,0.021466131802518492
267,-1.237504322038737,-1.6242688700625927,0.01603620235126684,8,0.004386290451774498
267,-1.221521801497328,1.5269679258367717,0.01591880508898429,12,0.012271026875128653
267,-1.3788492731411728,1.5263590779866656,0.015927052283549795,12,0.010524013901781476
268,-1.3603526354083464,-1.6188963959189442,0.014707629474235711,11,0.0
268,-1.2382022512105502,-1.629687161732725,0.016019824781521787,9,0.005607919415884929
268,-1.215346623898584,1.5287171800740735,0.016294622285359557,12,0.021270473968948208
268,-1.3773077876434923,1.5255259979016453,0.015901861020209327,12,0.013334494385718631
269,-1.3500242433950842,-1.6109832655962402,0.01643355587649104,12,0.02322744293416779
269,-1.2350190751264278,-1.6203652715192751,0.01587516282168766,8,0.0017266246271754092
269,-1.2268821179945157,1.5280073398310503,0.01616919719873917,11,0.0028360428427474764
269,-1.374817220522776,1.526483883114327,0.015944295903842564,12,0.013683751750294883
270,-1.3606638601568346,-1.6224632548781857,0.017525580325312585,11,0.0
270,-1.2365694531922402,-1.624402638076753,0.01569284745169687,8,0.0035111177426096697
270,-1.2214931304212926,1.5266348921543988,0.01603241464032388,12,0.012574296560508165
270,-1.3751172790421793,1.5258381372408552,0.01620554480312363,12,0.014951554526979506
271,-1.3554594402360132,-1.6104409543103646,0.016260425500525515,12,0.017683277029980585
271,-1.2387709175683816,-1.625114216302821,0.01624415459847891,8,0.0036475866782112957
271,-1.2234714693353184,1.5274490641728844,0.016055389313268626,12,0.011435760823483004
271,-1.3723053282419237,1.5266106387639466,0.016194264096962212,11,0.015979570644391324
272,-1.363909761661847,-1.6015680921451172,0.016306750609283327,13,0.025663805577716355
272,-1.2516177340135632,-1.6397150154397389,0.015192507133719954,7,0.01577557581017407
272,-1.2190367749283417,1.5246328875739827,0.015879380910635375,11,0.02028341323924071
272,-1.3765794595090535,1.5263397570791095,0.016293918110740945,12,0.016525939821603847
273,-1.3606384406874417,-1.6052915394503042,0.01603807116710642,14,0.024349142421304065
273,-1.236109617995024,-1.6270693005825103,0.016090024869929373,9,0.006117450516713405
273,-1.221243867662522,1.5256991258875348,0.016162939263772953,12,0.014825692074701096
273,-1.3759843553570381,1.5251731242876108,0.01603320491240973,12,0.013816918513496456
274,-1.3619591425647297,-1.6035634879709222,0.016628509825837783,13,0.025535136490083
274,-1.2515714668280038,-1.6396480124639676,0.01597013870584407,7,0.017514966667701172
274,-1.2120086386097444,1.526662616185419,0.015854701418496923,12,0.02043375190288055
274,-1.3723824188744447,1.5242793017908853,0.016205606994226525,12,0.018704920693085516
275,-1.3662638007116006,-1.596864400376441,0.016281039515275507,13,0.018155259481983977
275,-1.2509898308055372,-1.6388784515172892,0.01709881723476069,7,0.01976305102292397
275,-1.222047987565267,1.5269888919068664,0.01608783298178978,12,0.013124285576766835
275,-1.3731496574937432,1.5262285851509771,0.015942749526730134,11,0.01511208904712573
276,-1.3482403541924035,-1.610869994528501,0.017216263494347503,11,0.023004284709855688
276,-1.249771334963475,-1.6372821267144826,0.01707424349186347,7,0.019729340542398673
276,-1.2213432803629356,1.5254733462110335,0.015913534658126473,12,0.01891350009332766
276,-1.376672771056895,1.5249954710761906,0.015759395965385607,12,0.0155458669516428
277,-1.366116776236548,-1.6004988067358064,0.015532344786844005,13,0.01976994982050928
277,-1.2408098130979481,-1.631534435425579,0.016026599050825104,9,0.005834169799180529
277,-1.223013876326596,1.5284287873193483,0.015877490611857555,12,0.013272753614188037
277,-1.3774790298932151,1.524694228714905,0.01610846069332721,13,0.013902806365757364
278,-1.2444728979258697,-1.626860861336158,0.015682792280478457,8,0.0034933178975245158
278,-1.2102667341162539,1.5341982691866276,0.015509608620994465,11,0.018193109097380426
278,-1.3731474689457388,1.5274411556395844,0.01592415509669072,12,0.016352919103129214
279,-1.3489279306528539,-1.6115930148514321,0.017247854332986187,11,0.024063281248828634
279,-1.24324189959239,-1.6331686166779773,0.016606427366342918,8,0.003975050102075741
279,-1.219997060421502,1.525753823088713,0.016523974259294874,12,0.01972529215400826
279,-1.370773521797251,1.5278525929071058,0.015849740795304504,12,0.015059942647912251
280,-1.3394438651807414,-1.5940220905601474,0.017050743368699287,10,0.0
280,-1.2417255442564201,-1.6351474463036668,0.01586337521999523,8,0.006223641989440851
280,-1.221867302696232,1.5259139066303893,0.01606808345090388,12,0.016139532712910267
280,-1.3700520432729237,1.5294883633931884,0.016037404708326194,12,0.01976581243355392
281,-1.3538533297098716,-1.6052663155772102,0.015922110867497518,12,0.01591738669917336
281,-1.2405751561839053,-1.6274815998015129,0.01627122072290997,8,0.003659162751204545
281,-1.221850398813242,1.52707059371072,0.01592006090232328,12,0.013161483422264255
281,-1.3768297391636162,1.524057632201645,0.015854213224038058,12,0.013395806551074299
282,-1.365747868437845,-1.606782649282676,0.016294848637186117,14,0.021191975614367246
282,-1.2582918353924681,-1.6446177462477085,0.01569788145351598,7,0.013718386633762937
282,-1.2207143197661605,1.5268203091378838,0.016218923404353602,12,0.013496191795611847
282,-1.373051031874117,1.524725875935017,0.016191102915144754,12,0.02071387143892821
283,-1.2521807446334774,-1.640445966901183,0.015981863677869496,7,0.017531643706145135
283,-1.2207712421370776,1.5290843822249203,0.016153054164932706,12,0.014234101504767116
283,-1.3721663262597064,1.5278840319066294,0.016088071396430995,12,0.01590691678556934
284,-1.36446077014902,-1.6205953928896288,0.017538684638013495,11,0.0
284,-1.2283165233169795,-1.619530216699731,0.015536528018826426,9,0.0037724883096272996
284,-1.2177270564359723,1.5245623850808445,0.01591726913025992,12,0.01986032822950969
284,-1.3796199024290685,1.527481261772187,0.016091444361018024,12,0.0107113745919926
285,-1.3651125097639032,-1.6150026263225692,0.01642695958118909,11,0.0030594537164885423
285,-1.2155189111271558,1.5207197153422995,0.016020904338198368,12,0.019497174416687673
285,-1.3754206630605637,1.5257146983308292,0.01617192374417665,12,0.01506039487273013
286,-1.3576344609675683,-1.612414949636212,0.0167429212717241,12,0.01837319997739714
286,-1.2409448343873313,-1.6293137616990496,0.016058822691841893,8,0.01611907197077005
286,-1.213888193107245,1.5152769512971767,0.016309799946271117,13,0.021113748607763678
286,-1.3760678143921345,1.5256240626997182,0.016265014495851993,12,0.014366258843229984
287,-1.351477552808764,-1.6018229265188253,0.01576842748455632,11,0.01582760028904826
287,-1.2309205232836031,-1.6213289025401367,0.016003528683410678,9,0.0031733348154118356
287,-1.21836167213604,1.5241129641926872,0.01643844926776256,12,0.017675874030610928
287,-1.366247972589998,1.5244189595339364,0.015941932578430552,12,0.02427471564436212
288,-1.3555377711993197,-1.6062495369867407,0.01577641666336609,12,0.015413687544846715
288,-1.2383701727400875,-1.6267683736793586,0.015722755529680266,8,0.0035183106987275344
288,-1.2174240854148284,1.525785088332864,0.015408266693564555,13,0.022393642627658663
288,-1.3749133226376253,1.5263133528554207,0.015791465434683172,12,0.015126928009322882
289,-1.3495324691134396,-1.6155369529509576,0.015554533984073152,12,0.01757105238560289
289,-1.2505150467116417,-1.6392288346840023,0.015749865234344722,7,0.017350615010029796
289,-1.2160109706044486,1.5280133149545645,0.016008598124443364,13,0.015819632042614783
289,-1.3752584890247457,1.5271391654207673,0.015774704071022702,12,0.013835758392663051
290,-1.24043351572754,-1.6327595450931414,0.015976495150655023,9,0.0062400691786765675
290,-1.2133872031785038,1.5147770827397298,0.0161675668427897,12,0.01656202386442603
290,-1.376129023794876,1.5249001674612963,0.01613919830581191,12,0.013223414383756115
291,-1.360207217100213,-1.6244850845510352,0.016098991095398366,11,0.0028778550315834827
291,-1.2401356471039582,-1.632054222573622,0.01610253468918117,9,0.006427690458540478
291,-1.2117229287813438,1.5241224959329966,0.016284380432430363,10,0.02137846353403766
291,-1.3747555291438374,1.5269788855076114,0.0157888864838013,12,0.013909951429716313
292,-1.3648655466140989,-1.6178894292761936,0.016975382075129494,11,0.003452926847257169
292,-1.2437927739034644,-1.6284238539355578,0.01573246200395151,8,0.0038720656677409724
292,-1.213415300920907,1.5283018389307763,0.01587381868083163,12,0.01779807561669647
292,-1.372975893405636,1.5249591534614786,0.01620552155906192,13,0.019906690129227328
293,-1.3533949571181936,-1.6043018463780736,0.014742808252600952,11,0.014615625069987452
293,-1.2411766832232451,-1.6282700516842805,0.016280920553752454,8,0.003664822397391981
293,-1.2157293362867585,1.5310645137721144,0.016406549892425484,12,0.021414859048506346
293,-1.3711665480213568,1.5264794184964492,0.01618909520573988,12,0.016315921503784934
294,-1.362016888299956,-1.6145148969426215,0.015318828706285351,11,0.0033142521220488673
294,-1.242570426690947,-1.6322836264934633,0.015795635812458787,8,0.003541299316290123
294,-1.2114546730277194,1.5270307846120812,0.016555158942365505,12,0.024319887020457356
294,-1.3711328600782482,1.5271574236438457,0.015698857565083997,12,0.015553419929169109
295,-1.3501744452081095,-1.6163068119097967,0.015567321635963848,12,0.017589739753840695
295,-1.2389236746802472,-1.6253146192356445,0.015987894623174046,8,0.0028866913913320833
295,-1.2129314055643818,1.5294230181627153,0.016000946218319923,12,0.022083232148569984
295,-1.3732226511342887,1.5243921403908787,0.015898485667136347,13,0.017009332960818538
296,-1.3576344609675683,-1.612414949636212,0.0167429212717241,12,0.01837319997739714
296,-1.2370726434790933,-1.6228870945069993,0.016044994317359992,8,0.0031919073972648624
296,-1.2204565530167901,1.5249542471775606,0.016527531131287968,12,0.01656673689793415
296,-1.3705597300143026,1.527650353615358,0.016172740091366884,11,0.015385724237110224
297,-1.3553463890186574,-1.6103428518557295,0.01640746341252586,12,0.019296278258959923
297,-1.2505150467116417,-1.6392288346840023,0.015749865234344722,7,0.017350615010029796
297,-1.219641083607686,1.5266288991476575,0.016634451096954318,13,0.025312630310936415
297,-1.3688977158888909,1.5268258227473803,0.015896175469377622,11,0.017688650988622295
298,-1.3557309288551656,-1.6080271033814781,0.016744719403134104,12,0.017995111278831355
298,-1.2376617887162134,-1.619827654798972,0.016933136932697837,8,0.004520730943117159
298,-1.224533243983832,1.5293567341343568,0.015857080904848903,12,0.011196559138824095
298,-1.3732299596955215,1.5270303625985526,0.015997892113214007,12,0.013846684403816619
299,-1.3488869065507088,-1.6147671162616002,0.015547053702311603,12,0.017563716245840764
299,-1.2497448573258225,-1.6372549679861015,0.015935678795903487,7,0.01746598372278417
299,-1.218171859705575,1.5288194387883713,0.016271918641970525,11,0.019724638235396087
299,-1.3730705801967549,1.525578109150954,0.015884913150569724,12,0.013985212370503307
300,-1.3376144434862618,-1.5981268231627728,0.017081191758288563,10,0.0
300,-1.2230137951932711,1.529200754951853,0.016134103841539165,12,0.014244047861165668
300,-1.3736055978163195,1.5259550134253237,0.015876637192399495,12,0.01439833107936171
301,-1.3549625401057357,-1.6084128528570882,0.015967585533120072,12,0.018860179921146903
301,-1.2393726633282744,-1.6259040847367425,0.016252818074426086,8,0.0036502869281319576
301,-1.2234436286080068,1.5280963734373347,0.016093056507090645,12,0.012116135679225445
301,-1.369002386025147,1.5272206909124915,0.015668313596933676,12,0.01751958237552581
302,-1.3629741323188767,-1.605364578187831,0.015684064263893134,13,0.021946236411191308
302,-1.2146655378001365,1.5255783090808532,0.015547376146416308,13,0.02495500608147598
302,-1.3757149942817248,1.5260255041469666,0.015682707808634427,12,0.01820254216680392
303,-1.3593710477893435,-1.6106092235245877,0.01604683611213438,14,0.022864476744275802
303,-1.2505150467116417,-1.6392288346840023,0.015749865234344722,7,0.017350615010029796
303,-1.21995497876078,1.5282373317026607,0.01605872099022228,12,0.017189704403305747
303,-1.3746610117025744,1.527202569945365,0.015933623734599504,12,0.016304479956792784
304,-1.363375032910692,-1.6224987271247102,0.01738809923709669,11,0.0
304,-1.2384468617796787,-1.6268673739878035,0.016518742603209447,8,0.003945994027338912
304,-1.2181103267717306,1.5257948881936165,0.015832216100924022,12,0.0237510374251366
304,-1.37314716106251,1.5260879884710505,0.015930075969693286,12,0.014814788903232796
305,-1.36480853496553,-1.6079408357548095,0.01629516659757478,14,0.02327081620910575
305,-1.2346509814435769,-1.620678768891193,0.016115515650677648,9,0.003868030069322723
305,-1.2153356595215195,1.5233881334328994,0.015902504773598464,11,0.021449397641315083
305,-1.3730608368937596,1.5246552553392272,0.016026067272278417,11,0.015625415513580376
306,-1.3637574646113846,-1.6155157297271538,0.015423119616111697,13,0.002697872288381785
306,-1.2369529912677188,-1.63053226641494,0.015565008677700536,9,0.011519458622958225
306,-1.222444468088757,1.526795156143719,0.01619716795433195,12,0.016796932132470948
306,-1.3672244359464523,1.5229818690984889,0.016074442227761897,12,0.019167373500811016
307,-1.3635998189079994,-1.6000975360028091,0.015158126835428958,13,0.01907717517470828
307,-1.2393226269785174,-1.624738304525478,0.01711273391459495,8,0.017167675587949505
307,-1.2197081870799862,1.5228212032765123,0.01606807072391505,12,0.021150579400603595
307,-1.3758035727071822,1.525643122360573,0.016014603128416297,12,0.014838166418719566
308,-1.3614015247727067,-1.602677413292856,0.01655763562740864,14,0.02339855019787886
308,-1.2367027724800541,-1.61784022564861,0.017054466292978257,8,0.0031869592937067144
308,-1.2170796296364315,1.5288788528042816,0.016307956494386083,13,0.023532068215083905
308,-1.3786790732434757,1.5238901784007608,0.015898355417511157,12,0.013186394557502062
309,-1.3632668859509711,-1.6046200998689153,0.015109744193411922,14,0.024633859800594408
309,-1.2336383459537303,-1.6270063120793858,0.015813468379228392,9,0.014623380354425713
309,-1.220878603654753,1.5252159860633026,0.015873619108130187,12,0.011661585530502864
309,-1.3747336320369594,1.5254856226045437,0.015780346892524312,12,0.014569926264905225
310,-1.3634332065171078,-1.6067616246161445,0.016044320179205752,14,0.023471564115620413
310,-1.2369036641219813,-1.623480900953781,0.016026158180875102,8,0.004382957108784095
310,-1.2223337981576807,1.5269126626484222,0.0161090448932359,12,0.012065155964043062
310,-1.3766551713136013,1.5253316518898261,0.015910700139622782,12,0.013220676282788021
311,-1.362064516490723,-1.6090706650183322,0.016028548795290018,14,0.024640380574167356
311,-1.2346654936558628,-1.619729546372198,0.01601049177995459,8,0.0031770038845518067
311,-1.225670137744949,1.5280172600561834,0.01657676289863869,11,0.00147276355636404
311,-1.37248388686327,1.5228362178124728,0.01604984976920921,13,0.021058454594896
312,-1.3521867810223975,-1.6082425386350674,0.016618568830832424,11,0.021970824258631422
312,-1.236124590332098,-1.6313891765575292,0.015484867869064192,9,0.012556064966024957
312,-1.2226780190226247,1.5277772182573373,0.016100709541075373,12,0.01313433000701391
312,-1.3705422907978813,1.5264144625821692,0.01597755331090252,11,0.01501478419673378
313,-1.3502690405594402,-1.6059671340236277,0.016559791446706884,11,0.021865926272210227
313,-1.2413266659738482,-1.6354451352452566,0.016001656512754123,8,0.0062700754233858
313,-1.2194254818432435,1.5287077936952993,0.01612516994632814,13,0.021762811060028586
313,-1.3767159845689922,1.525169284985653,0.015891508822575808,12,0.01205524504063817
314,-1.2423465143869858,-1.6347307312795096,0.016359999163252075,10,0.006139765132036773
314,-1.2167639427180554,1.5257279702440893,0.015775842130805053,11,0.023172347145627364
314,-1.3698484313492338,1.525129527440604,0.016008698414296908,12,0.017919802880106507
315,-1.3624841757369752,-1.6020968716158335,0.01628447999920785,13,0.022975429167243898
315,-1.2369355750123603,-1.628157114631645,0.016028165232826408,9,0.005454377442581891
315,-1.2168860685597767,1.5249575016145716,0.01588661339103914,12,0.019526785375535694
315,-1.3725369076753395,1.5254327054439438,0.015803791156072177,11,0.01798812401570007
316,-1.360750116870974,-1.6193754187056149,0.017308879195569546,11,0.0
316,-1.226751951515683,-1.617466738811576,0.01606626872198956,9,0.0040665613957547265
316,-1.2185967981714145,1.5245163108563278,0.016023133804611372,12,0.017966934065824416
316,-1.373419659059657,1.5264564968688346,0.0159000461378632,12,0.011285881339673967
317,-1.3651868275411523,-1.603946958050048,0.015730707945653285,14,0.022322750151253234
317,-1.238878795750506,-1.6252557423098386,0.016070643444133767,8,0.0032054111814385604
317,-1.2213116510407882,1.5276402573714696,0.016079724531476935,12,0.013436917810374276
317,-1.377001684757821,1.5251196705735863,0.015955854776129295,12,0.017726337927476226
318,-1.3559204853820181,-1.6144057643928271,0.016432979996410812,12,0.019708367607563296
318,-1.221968817029628,1.5278580332068938,0.015930570286001873,11,0.012522175887672992
318,-1.372159060479599,1.5227401861364838,0.016027967126326245,11,0.020435324828023148
319,-1.3625172860084152,-1.6058990106140538,0.016671673872679343,13,0.025193184046368534
319,-1.2207890469966571,1.527792076975037,0.015820949313347366,12,0.014180772810430963
319,-1.375332052942089,1.5252038945896509,0.01587686705704138,12,0.012872591521434353
320,-1.2503520305433924,-1.6380519621906915,0.01594649910282378,7,0.01748167543080613
320,-1.2216647251319617,1.5277755369330246,0.015869973963326744,11,0.012751165147201428
320,-1.3769930413097315,1.5245822748598885,0.01609534838493187,12,0.01343289695571356
321,-1.3548614296438577,-1.6057183510016704,0.016272415499412142,12,0.01557599581262008
321,-1.2397076844243173,-1.6275264641625833,0.016183662216608528,8,0.01651195185231779
321,-1.2272515169131448,1.5254402619279355,0.014954110892189449,10,0.0
321,-1.3737663214529994,1.5276071340420578,0.015697053172023242,13,0.014023842428635771
322,-1.3555171545237004,-1.6133325867208879,0.01563706356982627,12,0.019358943962950247
322,-1.2376617887162134,-1.619827654798972,0.016933136932697837,8,0.004520730943117159
322,-1.2150241117389085,1.5265350865630007,0.015739653725373108,12,0.01997047350908104
322,-1.3751268705443094,1.5270239131144947,0.015958858972789414,12,0.01481883263542288
323,-1.3631554295788402,-1.6190446803599514,0.01751114031598272,11,0.0
323,-1.2360121905330768,-1.6275633505443923,0.016086123507422573,10,0.006875586217787788
323,-1.2169299488946081,1.5257156846398534,0.016818150139868905,12,0.018638901367749088
323,-1.370770458039158,1.5261165157950891,0.016044268225958,13,0.01760338611342503
324,-1.3571995523323501,-1.6215269248228796,0.014697105207331834,11,0.0
324,-1.2063119855311337,1.5174402793081099,0.014796862787651008,11,0.024627053423825956
324,-1.3727846694654926,1.5245294231029072,0.01593802243649642,12,0.020649383921326293
325,-1.3635593430062822,-1.616341238726768,0.016948986160750967,11,0.003449602970333013
325,-1.237194607082331,-1.6292259430651663,0.015878539824615342,9,0.00622054850768606
325,-1.213853548327923,1.5305915203676317,0.015827617031787755,12,0.022033169274398856
325,-1.3702718792804531,1.5270756626581896,0.015782465875090985,11,0.01825972261476428
326,-1.3675535836381045,-1.6067529653246784,0.01551473110340165,15,0.022991717530833553
326,-1.2372487399778784,-1.6252941327691364,0.016495225714292693,8,0.003938107957745224
326,-1.2205419634896548,1.5264326610311358,0.01610677048079401,12,0.01349561530096541
326,-1.3711655120421586,1.5261131617693513,0.015824403036607006,12,0.015007405267462259
327,-1.3665525698397347,-1.6039011647385253,0.016469186835057867,13,0.018872211823308293
327,-1.237625301712734,-1.634084130012313,0.01613384047079073,10,0.01164505702174772
327,-1.2167929704665617,1.525860933070008,0.015733649763201872,11,0.020115921378750963
327,-1.3767890686667754,1.525844471346858,0.016105933143534167,12,0.01506442348304364
328,-1.3582335761483257,-1.6247963484131605,0.014744318650026978,12,0.0
328,-1.2550125950101514,-1.6441651699103286,0.0165487690803466,7,0.014796448422692215
328,-1.2151187677963518,1.5241979525911558,0.016230206995583175,12,0.022559741847493812
328,-1.3756375890926482,1.5258228786507262,0.016022579947184697,12,0.014840133871867701
329,-1.237825747941027,-1.6342550602686483,0.016093923225219343,9,0.01395306701728072
329,-1.2201869772567124,1.5302743649207797,0.016318026034499014,11,0.014896293753398135
329,-1.3748213618801526,1.523955799847227,0.015888000637772733,12,0.01689161770271978
330,-1.237323749264289,-1.6329706843999374,0.015504159067322365,9,0.01257047504583092
330,-1.2224609421432668,1.5284229344645952,0.01626869426979746,12,0.01475145867850443
330,-1.378066436194057,1.5270469430142795,0.015941188435624528,12,0.013970533306656365
331,-1.3566398958919257,-1.611879935091432,0.016432516955173778,12,0.01932876747631934
331,-1.2358694067117246,-1.621307962334139,0.016028305997174457,8,0.003185708637644865
331,-1.2202661298154003,1.5261354024865812,0.01628847823944257,12,0.019934738506354906
331,-1.3775113245090007,1.5275555037210604,0.016078799745712868,12,0.009396616841062836
332,-1.3501744452081095,-1.6163068119097967,0.015567321635963848,12,0.017589739753840695
332,-1.2680688051710987,-1.650232340760513,0.016661643251113873,6,0.0
332,-1.219901530494277,1.5276658861805223,0.015958535662593944,12,0.017142798395168368
332,-1.3768512564053565,1.5266332404568212,0.015856116716334436,12,0.009605620230828577
333,-1.3525486620426779,-1.6026343141882893,0.015265965128082112,11,0.01410307687432171
333,-1.2371694087055312,-1.625189713400303,0.015704002724713836,8,0.003513840592675262
333,-1.222700096774419,1.5266941969705108,0.0162523004667107,12,0.01323467910790304
333,-1.3689488222275976,1.5282459657698693,0.016068659926117362,12,0.018779724543258124
334,-1.3687429233722102,-1.605245662502894,0.015573538514547238,15,0.024802099211959354
334,-1.2161973417187055,1.5264667629003414,0.015862514275511056,12,0.02109661428931209
334,-1.371531912397295,1.524622319726395,0.015983575257581675,12,0.016449583670701814
335,-1.3624991552721117,-1.618266171999816,0.017493030874241394,10,0.0
335,-1.2365770669806282,-1.6315558145891542,0.016648090883494296,9,0.01432822434531378
335,-1.2091047785541,1.5178646132567475,0.015671886335607198,11,0.01298034083482681
335,-1.3725504703428333,1.5243071741888068,0.015810602993642967,13,0.01916979942394035
336,-1.2369340733067382,-1.6229868542654728,0.01567531193633217,8,0.0018107582634157493
336,-1.2226753308287102,1.527800658161819,0.01579925711623264,12,0.012543863437793373
336,-1.373053886505675,1.5243768047959458,0.016225913158161236,12,0.02043114249497242
337,-1.3556265534918714,-1.6114692865567455,0.016115904900080698,12,0.019863560855949362
337,-1.2515998276644358,-1.639677178002521,0.01711337058372506,7,0.0197846716362227
337,-1.212467811291199,1.5268887841313257,0.01654896773347118,12,0.02153702338121182
337,-1.3708981819330412,1.527860030321977,0.016004296782642407,11,0.013227053806361482
338,-1.3614981062251834,-1.6055221277555938,0.014878606092577226,13,0.02403371942187832
338,-1.248223403024664,-1.6320359021253676,0.016232034437376596,7,0.0031258262088032385
338,-1.2264136592269475,1.5227264589180427,0.01558272245370711,12,0.012515644896695332
338,-1.3710789021994427,1.5250668075977702,0.016108168744427803,13,0.020495081725382263
339,-1.3576054467421452,-1.616962964824419,0.0166791353356799,12,0.017871349898304086
339,-1.235729742061491,-1.6213996960883774,0.015664412037750694,8,0.0018064889520576013
339,-1.2185793329985677,1.525542195885661,0.015734362029580343,12,0.01985375381262745
339,-1.3788522217216337,1.526747927477566,0.01623681600950971,12,0.011288021374590146
340,-1.3645546796279442,-1.6112972714986424,0.01744016322544213,14,0.02356747043954613
340,-1.2376751650241937,-1.6236769319436597,0.01605327282230905,9,0.003196640425752846
340,-1.2212405396082822,1.527731030749922,0.015876669594433453,12,0.01391362168632172
340,-1.3783508151996167,1.5262835108549797,0.015802118989117937,12,0.011674657642877404
341,-1.3607382291848948,-1.6216909967335942,0.015253057476519909,12,0.0035388407677450846
341,-1.2534653646659744,-1.642124330559264,0.015840482144834116,7,0.018404266924596454
341,-1.214431471108648,1.5292123088841816,0.01625412464728791,12,0.01648596077987527
341,-1.3748368352369076,1.5248769146307313,0.015864242061080138,13,0.01623257970127982
342,-1.3620476151082774,-1.6202888056369276,0.01606697449736794,11,0.0028616670793426276
342,-1.2395061541178125,-1.6268980319794246,0.01566216580199141,8,0.0034821389666629073
342,-1.217914200140433,1.5249493159946048,0.01574915145273466,12,0.0198392854122251
342,-1.3704445752322933,1.5255046298666421,0.016265558522538373,12,0.01846836240961864
343,-1.347650294254914,-1.6100637936525428,0.017220308549221006,11,0.024031487022994652
343,-1.2394578731108066,-1.6313396280776218,0.01596846307648956,9,0.005733701648772458
343,-1.2236402311993286,1.523981915304873,0.016067912834796937,12,0.011751073561934179
343,-1.374789514045044,1.524767084971654,0.016002593411947527,13,0.016681376125711227
344,-1.3620847757665566,-1.6209569886842041,0.017377599009994617,11,0.0
344,-1.2223417825494463,1.5262226766528175,0.015977315921043768,12,0.015053727167340613
344,-1.368627675672956,1.524163640005091,0.01571273007015001,11,0.01607881675176427
345,-1.3495185578666535,-1.6123926086440157,0.017262431979921406,11,0.023056751131163924
345,-1.2516372525837705,-1.639729399780766,0.015803626639405727,7,0.018353453777060633
345,-1.2220048542372646,1.5268448458110695,0.01603560234440196,12,0.014505160713699738
345,-1.3749286454609029,1.5258267359273334,0.015680991859027386,12,0.00959198647007954
346,-1.3596985341079468,-1.6181189619520429,0.014691729011024989,11,0.0
346,-1.2376905031114787,-1.6298785505162758,0.01605541867849593,9,0.006319186458099394
346,-1.2212850194087268,1.5251067642617882,0.016158586443633254,12,0.01491030876268471
346,-1.3654374301747272,1.5290808761833632,0.01562676828723195,11,0.019824629122623533
347,-1.3662638007116006,-1.596864400376441,0.016281039515275507,13,0.018155259481983977
347,-1.2623708402442966,-1.6461185348081178,0.017501069978230546,7,0.0
347,-1.216423877035356,1.529319498045,0.015997210184762935,12,0.02217363364501348
347,-1.368145612771113,1.5251887962163575,0.016037070384363555,11,0.01916370622621146
348,-1.3495185578666535,-1.6123926086440157,0.017262431979921406,11,0.023056751131163924
348,-1.233145372127371,-1.6293179247248017,0.015691130537218125,9,0.011804878676860581
348,-1.2223494748305626,1.5273197653559558,0.016571982496713544,12,0.016618385819053984
348,-1.3748910620570056,1.5260632615390606,0.0158577079860336,12,0.01813964780690709
349,-1.3517462028077574,-1.611855430228208,0.017271748092959484,12,0.023344724797263475
349,-1.2403239262853785,-1.6304815268588762,0.016415648653186524,7,0.02150804674509731
349,-1.2117819083312673,1.5287694863275174,0.015659131351389393,12,0.021162743447967643
349,-1.3709003524422312,1.5269922308321624,0.015565468526030973,11,0.01787040109825698
350,-1.3602217524604974,-1.6251358731155254,0.01738278062706475,11,0.0
350,-1.2406483997277957,-1.625072391298491,0.016372019234783507,8,0.005707801595086291
350,-1.2181656992312182,1.5272489365806947,0.015527480863119298,13,0.02297527773089292
350,-1.3730772077452538,1.5269719811401694,0.015964753835610492,12,0.016618697460879506
351,-1.3596985341079468,-1.6181189619520429,0.014691729011024989,11,0.0
351,-1.238253401272922,-1.6297543250341127,0.015957769466330485,9,0.00572937397603595
351,-1.223482896465237,1.5279076888453578,0.01614176700615301,12,0.013178760336849915
351,-1.3751229978803847,1.5258119770173855,0.015882572907637765,12,0.01281581303413696
352,-1.3664332853936625,-1.6074192990001626,0.016452452120351995,14,0.02221794329444415
352,-1.2533976867873104,-1.6420411524286147,0.016003895424135658,7,0.01756336523090227
352,-1.2171324571987991,1.5306289235075339,0.016118246169815914,13,0.021048388431877167
352,-1.374822355531715,1.5256221591053167,0.016007195469569746,12,0.01558782470946115
353,-1.3596985341079468,-1.6181189619520429,0.014691729011024989,11,0.0
353,-1.2125689627648781,1.526994065035661,0.015860887716781853,12,0.020295837633355074
353,-1.3744743517775373,1.5272761639174601,0.01600765720121435,13,0.01672001681639162
354,-1.3483943676840926,-1.595222523368929,0.017277964996483215,11,0.0
354,-1.2374967410289217,-1.6236924606878285,0.015759741776692066,8,0.0017723912602432227
354,-1.222165900351165,1.5277085867438986,0.01602548795735746,12,0.01251297453545517
354,-1.3752005267104475,1.526342519392825,0.01586146971917695,12,0.014130628093890506
355,-1.3623015076768032,-1.598574769887198,0.01513346813013541,13,0.019047306413473155
355,-1.2509619492904227,-1.6388500867480014,0.015958508763276952,7,0.017498469042785687
355,-1.2192838359829277,1.526383974436123,0.016050497795208105,13,0.016393802494645685
355,-1.364450463158079,1.5237974760048079,0.015778918740805097,12,0.020322008269430855
356,-1.250380560133219,-1.638080485665417,0.01708516331949991,7,0.019744147187310317
356,-1.2144252433370353,1.5279730250308499,0.016513764388461825,12,0.0239633524006056
356,-1.3755622334027025,1.5264729697029116,0.015835601441566795,13,0.020069507194783072
357,-1.3543458796912942,-1.6134177054551535,0.017375438093145346,12,0.020028851301421874
357,-1.2368566880058938,-1.6224326278118246,0.016204392296488013,8,0.0023901939140528565
357,-1.2212058008202045,1.5271717540894485,0.016364632208164413,12,0.014234420788641422
357,-1.3780703528771825,1.5261039715629783,0.016022323509389196,11,0.01082560767346814
358,-1.3647120074491637,-1.6084298242734654,0.015588822717692586,14,0.017242007099899915
358,-1.2189085337246721,1.5261136718679345,0.016244820091243856,12,0.01593782270859453
358,-1.3751964366439575,1.5270185785154575,0.01594142442184421,12,0.0161917173280712
359,-1.2456157656721758,-1.635112089258964,0.016211321978849013,9,0.007757043480062589
359,-1.2222036869874955,1.5289605305427336,0.01635678797198893,12,0.015570980204700675
359,-1.3734406789658058,1.525644068971124,0.01595696706570119,13,0.020130047722511077
360,-1.3655403420073344,-1.6064598552693903,0.015416948289739187,14,0.02344948845166391
360,-1.2389027129737116,-1.6261058449008932,0.015655785590446582,8,0.0034800205599391995
360,-1.2177676237882882,1.5257503923963636,0.015985396086875558,13,0.024632130258598235
360,-1.374842161208555,1.5258245525533025,0.01595906003455922,12,0.01446449146003645
361,-1.3608931907548787,-1.625932750737377,0.017424737676881026,11,0.0
361,-1.2393726633282744,-1.6259040847367425,0.016252818074426086,8,0.0036502869281319576
361,-1.2172589587488802,1.5274820116074266,0.016552092094497033,12,0.01932255000898964
361,-1.3684063873342605,1.5247838034780667,0.01581709390960297,12,0.019232748477461203
362,-1.3551752576746456,-1.607366824041663,0.016003008014908282,12,0.017070007282163523
362,-1.2393726633282744,-1.6259040847367425,0.016252818074426086,8,0.0036502869281319576
362,-1.221644452351481,1.5269037738380289,0.01587857403660423,12,0.01366578535455992
362,-1.3763680897630928,1.5273843561201548,0.015938511745597884,12,0.009901541616405546
363,-1.3645837048780127,-1.6065043425625718,0.01597080772848638,14,0.022423873167976588
363,-1.2393726633282744,-1.6259040847367425,0.016252818074426086,8,0.0036502869281319576
363,-1.2225115579569028,1.528287666475784,0.016239743219964357,12,0.013661202851779146
363,-1.3695934506272098,1.5252530079122035,0.016276891713680894,12,0.016111910187832312
364,-1.3624991552721117,-1.618266171999816,0.017493030874241394,11,0.0
364,-1.2384813104154933,-1.6233882680889138,0.015925445994140225,8,0.014288202123660495
364,-1.214041574164792,1.525838211128576,0.016173856044860577,12,0.02229067832352582
364,-1.3795904067155311,1.5242051086922468,0.015919655998986173,12,0.012356220356598219
365,-1.3666453994003234,-1.6005091451682054,0.015248754879483779,14,0.021400415323074726
365,-1.2386638182413447,-1.6266091582010511,0.015650695077911964,8,0.0038079561946811054
365,-1.2224498170653633,1.5284398570726963,0.016385043513294284,12,0.011992883945076789
365,-1.3714643247847391,1.5270769747497335,0.016000974868170762,11,0.019018556825943347
366,-1.3627272531502899,-1.6217252989434625,0.017379528992348462,11,0.0
366,-1.237114487931506,-1.6278447905923965,0.016030487622218804,9,0.006120696928312557
366,-1.2162723474157966,1.5320356183354815,0.01598966209482137,12,0.023230657628877018
366,-1.3687917253821944,1.5282117423767592,0.015838386484359007,12,0.013768067526410733
367,-1.3636016987505848,-1.6051220052315152,0.01669382950010701,14,0.024492637747204695
367,-1.2212401068511824,1.5282829233128903,0.01592650331620138,11,0.015085376597464306
367,-1.3758008359745793,1.5257323135017713,0.015962009991873027,12,0.014034496407289715
368,-1.3682104900306704,-1.5991402866090145,0.016319056472030972,13,0.01820594549939862
368,-1.2350190751264278,-1.6203652715192751,0.01587516282168766,8,0.0017266246271754092
368,-1.2188223841879853,1.5253263622604378,0.015764180911276324,12,0.018750955487730488
368,-1.3741009353959124,1.529249286218434,0.01614014120629993,12,0.014224583627405907
369,-1.3569582290222366,-1.6161920179966032,0.01666616584355607,12,0.017855113807056903
369,-1.2232844883896445,1.5272552005573095,0.015953149907992452,12,0.011116463105663707
369,-1.3758972020384361,1.5277310800850268,0.016228521545392408,12,0.014361542211559346
370,-1.3609970004582859,-1.6196664170213904,0.01471207751064605,11,0.0
370,-1.2333973995457665,-1.6328336812065567,0.015819670109612487,11,0.014991543341935979
370,-1.2253827659603593,1.5264308113651013,0.015814134859852447,12,0.0029203851565360018
370,-1.3743612065782438,1.5263700462150442,0.01593515018225853,12,0.017816489127524846
371,-1.2383701727400875,-1.6267683736793586,0.015722755529680266,8,0.0035183106987275344
371,-1.2212535766754553,1.5267428828710996,0.01633176887779938,12,0.018047164692506567
371,-1.3742792690165198,1.5258566726714475,0.015802927001768347,12,0.017165320870573736
372,-1.366702579640759,-1.600662576017465,0.015758491182702103,15,0.024351530152289913
372,-1.2367719651490805,-1.6263049618976206,0.01581528680039934,9,0.004613611945531669
372,-1.221201282353461,1.5270553250998766,0.015868332340390583,12,0.01977687860546767
372,-1.3757193551735811,1.527183053555854,0.016026613257126572,12,0.013661993104845912
373,-1.3633522262036424,-1.6032616716702583,0.016149526554938707,13,0.0181479559715263
373,-1.2321929757743562,-1.6191961797707772,0.015664488271382213,10,0.004136524419563671
373,-1.2237385864184995,1.5294312806189556,0.015956233696499362,12,0.013195387816702465
373,-1.3753546448388667,1.526435932244289,0.01579260207322987,12,0.016208311847224557
374,-1.3567734822107873,-1.6094457062736103,0.01621697949243268,12,0.01701777288794674
374,-1.234384717047794,-1.6323796705517957,0.016191921120152688,11,0.014561464496933166
374,-1.2285261006320771,1.5270221007860258,0.01498552677782435,11,0.0
374,-1.376734590619685,1.5295119841001104,0.015951176079664658,12,0.012131119312824935
375,-1.340083330748857,-1.594783579464088,0.017056453348794572,10,0.0
375,-1.21958440818473,1.5218875947873356,0.01630419827430217,12,0.023093703283542797
375,-1.3746001683173483,1.5254970917626796,0.01607707556806144,12,0.017653052962778477
376,-1.3628696619535172,-1.6022119802391643,0.015370352185150874,13,0.018256325566455213
376,-1.216723317989536,1.5271693732910172,0.015720482026775465,12,0.023856320295131964
376,-1.37122269338488,1.5254999136402287,0.01593353794854251,11,0.016368877339486693
377,-1.349179500050746,-1.6087963219224184,0.01720270954771025,11,0.023255167959134904
377,-1.2134221457291565,1.5296575833638613,0.015420001708908546,13,0.022353697693862706
377,-1.3713935770952814,1.5268938350746342,0.015887757144831965,12,0.015475440742921155
378,-1.3530911940951251,-1.606668940421603,0.015359546581212068,12,0.01717821938106194
378,-1.221220287252767,1.5291160262752181,0.016069858691206813,12,0.01585503010849066
378,-1.3706817194797358,1.5258316439882005,0.015921740421968575,11,0.01612827836932608
379,-1.355985387782378,-1.6097222554604025,0.015777459359733948,12,0.01689095461336806
379,-1.2376617887162134,-1.619827654798972,0.016933136932697837,8,0.004520730943117159
379,-1.222540019717633,1.527890135733424,0.015993280289589115,12,0.02085641953477191
379,-1.3769768686283057,1.5268442604010726,0.016036272477363972,12,0.014984531179445882
380,-1.3635080166713593,-1.6041412063201848,0.01604119363585572,14,0.020361651645650108
380,-1.25100875671779,-1.638917544494273,0.01518173142923833,7,0.015759470251802715
380,-1.222054067858018,1.527899265717179,0.016193258578255952,12,0.014221854476960602
380,-1.3767745866269168,1.5275187148707285,0.01591232321327624,12,0.009713076766561647
381,-1.362549316204458,-1.6143508953767132,0.015491023215037078,11,0.0029611649750926616
381,-1.2366493016948652,-1.6245062266203718,0.016484389301587608,8,0.003933869283335036
381,-1.2125772920186184,1.5248966037180722,0.016673530555644155,12,0.020018892698631396
381,-1.3720710219757535,1.5259381061950137,0.016179775877241984,13,0.01803059597747013
382,-1.3609269783459983,-1.6036391129951626,0.015668222551278827,12,0.016020871972381046
382,-1.2522955472526658,-1.6374510056151252,0.015354481547380339,8,0.015144476708311991
382,-1.220558452759814,1.5264334803718247,0.016013745506818156,12,0.012669139983011437
382,-1.366318871668724,1.5249372927917764,0.015601076939375076,11,0.014559872720608664
383,-1.363266157228304,-1.6072143482665677,0.01607374523655823,14,0.022241365581260004
383,-1.2370726434790933,-1.6228870945069993,0.016044994317359992,8,0.0031919073972648624
383,-1.2161040039762565,1.5225714419216256,0.015601115621172414,13,0.02516637450513337
383,-1.370034220776364,1.5261724035798856,0.01609778236863565,13,0.015007501817122623
384,-1.3592166346337287,-1.6175461636552686,0.01610336736242704,11,0.0041769964912273545
384,-1.2398401789726188,-1.6286999970744869,0.016355410816953467,8,0.004555685909398278
384,-1.2225768458973698,1.5281687956625354,0.015899706472597617,12,0.015274135209557628
384,-1.3696965638807665,1.5281611448898864,0.015820464807550904,12,0.018956417603868254
385,-1.3595341012766915,-1.615539147577864,0.01586248255687977,11,0.0034826147334531808
385,-1.2374058485191826,-1.6271392560159983,0.015781530859607203,9,0.004788495813100146
385,-1.2231748624659664,1.5282894240436866,0.016095439649575168,12,0.012017790618846684
385,-1.3638842510975442,1.5266661814971174,0.016034072796856546,11,0.017835024112035802
386,-1.3731404306559318,-1.6165712340506369,0.015542690607292827,14,0.02234599425007169
386,-1.2234893315822524,1.5248817548355902,0.015741772393571562,12,0.01802384133976129
386,-1.3744930024612296,1.526411078815302,0.01602497380334875,12,0.013078749650386693
387,-1.3628027325754866,-1.6048133706427203,0.016251675651843107,13,0.023585918934905154
387,-1.226088628199065,-1.6198498522858509,0.01601602546682393,10,0.005945972038245009
387,-1.2208390601155177,1.5277326817943464,0.016247006541269673,11,0.014186809539786162
387,-1.3728506213291725,1.5246506947285603,0.016019845099019152,13,0.017945128503244315
388,-1.3605287492396887,-1.622539383355834,0.016711714684823062,12,0.00231564015429323
388,-1.2285525651026747,-1.6182094734214711,0.01588562247194156,9,0.002715356436804186
388,-1.222173899060024,1.5275469835117297,0.01593192394076813,12,0.012502032066002016
388,-1.3722030453687561,1.5260785765975846,0.015928780301650305,12,0.01409625662240462
389,-1.3554535919932151,-1.6073072059803304,0.015648724097230383,12,0.01556749635373285
389,-1.2353689400960353,-1.622823469604078,0.015674661587771043,8,0.0035063014097954856
389,-1.2152601414989166,1.520447914114353,0.015866227075743512,13,0.017676149944753364
389,-1.3730813110081805,1.5247888161990661,0.015968605511172018,12,0.017226757677356923
390,-1.3640533696411883,-1.601524132047161,0.015792244247063526,13,0.018259905025569654
390,-1.2431829596615998,-1.634656006259563,0.016110357405166635,9,0.005943183826946273
390,-1.2218751117406974,1.5277149068438696,0.01604952760139221,12,0.012767586254761338
390,-1.3681746464226547,1.5253827289469728,0.01618964073743518,12,0.01981994745842529
391,-1.3617980354043306,-1.6064402893307514,0.016148318037626345,14,0.02321565329236363
391,-1.2358694067117246,-1.621307962334139,0.016028305997174457,8,0.003185708637644865
391,-1.2167607082927692,1.527302688661624,0.015931105007705393,12,0.014322167690143961
391,-1.3740066396546153,1.5237066158578105,0.0162569860993016,13,0.01680092216865432
392,-1.3548647788431658,-1.6090120384423094,0.01617271155723109,12,0.01960581409332527
392,-1.234773760877214,-1.6347179329914816,0.015896283737239267,11,0.01661176974084061
392,-1.210266140298017,1.5187055192337455,0.016391739910221408,12,0.015270469117981232
392,-1.366274687339986,1.5252319270512078,0.016482374937769648,12,0.020780406420655012
393,-1.3641497325238798,-1.5997374131002742,0.015384451925472782,13,0.02065365148086082
393,-1.238538640574174,-1.6266572632620218,0.01712485991317102,8,0.019815789891765984
393,-1.2210653741113286,1.5263763721810433,0.016105738957450703,12,0.015844581806612763
393,-1.373375320852297,1.5262925754629035,0.01593459698405946,12,0.013342925649514604
394,-1.3610731083117917,-1.6197581933022542,0.01696213304217902,11,0.0034489660948209076
394,-1.2358281983351962,-1.6332270486997869,0.016084319925973225,11,0.018717027271630667
394,-1.2205854223101116,1.5277380944607146,0.016384455189105734,12,0.015470592264372335
394,-1.375049823207485,1.5253747600962735,0.015606674129260863,12,0.013687693215020865
395,-1.3548998046456842,-1.609539400761554,0.015683722377488135,12,0.01703760893105733
395,-1.2342029441773932,-1.6340867140138526,0.016029932086695207,11,0.01656687705098834
395,-1.2246599289817335,1.5272398392954984,0.015679589934981735,12,0.018966432706011033
395,-1.3775452824615686,1.5265973994537194,0.016112719645503062,12,0.013456873482619907
396,-1.365329687550096,-1.6070428024414036,0.015768814073026608,14,0.02004162727975796
396,-1.241594641117342,-1.6320238510711484,0.01743364136430356,7,0.023605900145544284
396,-1.2241032506328375,1.5282375220451014,0.01606826108417894,12,0.011445881297080239
396,-1.372831557807714,1.5248334699597412,0.015732376586760976,12,0.015906783456452033
397,-1.349737026205114,-1.6135502215286364,0.016632361846742248,11,0.022542250905807998
397,-1.2360086374255927,-1.6212707629603198,0.016118800881492264,8,0.003536142161064846
397,-1.22266063078233,1.529255568912303,0.016113033908137033,12,0.01530283247977725
397,-1.3732549384970987,1.525865973161365,0.015624216142957345,11,0.014623980857784285
398,-1.2418313669572087,-1.6347584883453135,0.01619745080796935,8,0.006158953318640232
398,-1.2241707893102016,1.5252615977911606,0.015544174867517177,12,0.01941591723269667
398,-1.376309108508779,1.5252336927979704,0.015860397340207968,12,0.012799541032387785
399,-1.35535237725347,-1.60581287674781,0.01644293747759538,12,0.016133334895963122
399,-1.2390448367232427,-1.625310986773166,0.016047916934031778,8,0.00309052659129709
399,-1.2225858160047554,1.5288706257585971,0.01620425063366212,12,0.016588690509333762
399,-1.3709947059540042,1.525568247721454,0.015849532695493777,11,0.013130489347395332
400,-1.36168826284159,-1.6053680441518723,0.01615563408825567,14,0.020841586037497507
400,-1.2235238869591396,1.5272646066755353,0.015824927952249972,12,0.013934647858990111
400,-1.3700036582304127,1.5272245410858265,0.016057965802503987,12,0.01572471543261058
401,-1.3626553609917293,-1.6071477920416721,0.01591097205512395,14,0.024034272963122636
401,-1.2393491817432956,-1.6247856425677525,0.01707192844127412,8,0.017179126520976643
401,-1.21234232998435,1.524965463442412,0.016035656313523026,12,0.019643302333351043
401,-1.3728030381037244,1.5249193602518984,0.015901795847671964,12,0.017675636300279306
402,-1.3656275866446725,-1.6060402938771805,0.01607502950735232,14,0.01935402882269061
402,-1.2370726434790933,-1.6228870945069993,0.016044994317359992,8,0.0031919073972648624
402,-1.2081186481985486,1.5283692961364777,0.015998517768220907,11,0.019341378116758994
402,-1.3691836820107812,1.5258364316387083,0.016046126483710895,12,0.016625184309226135
403,-1.361609776724183,-1.6116503596853198,0.016211240574080757,11,0.0033653133689993857
403,-1.2262307340736087,-1.6244423486336057,0.01650623715202087,10,0.014169136131954406
403,-1.2258874862969154,1.5270606899708057,0.015622738840140999,12,0.0029794032607824593
403,-1.3606227848493964,1.5296438001596748,0.015911448121154543,11,0.01958496706298727
404,-1.3625193127701682,-1.6028489746131966,0.015495552678878623,13,0.019551060016708376
404,-1.2283594283067534,-1.6187716932572638,0.015938451869962556,8,0.004347427404928824
404,-1.2183944053205995,1.525614123195181,0.015689348642553613,12,0.016322515173203118
404,-1.3763400472034713,1.5248218904499897,0.015742118418995758,12,0.013910296396954824
405,-1.3567538620409416,-1.6015422501125904,0.015948514435744535,12,0.014479590608015121
405,-1.238908647995259,-1.6262311774721707,0.015873507504483523,8,0.0042522734930134885
405,-1.22110687959161,1.527573638391936,0.015669723516423664,11,0.012828804891723812
405,-1.373278296289075,1.5266998729606984,0.015779503609372823,12,0.01221509855576477
406,-1.3517124738930502,-1.6068915057157749,0.015832749725630483,12,0.02108318680150122
406,-1.2376751650241937,-1.6236769319436597,0.01605327282230905,8,0.003196640425752846
406,-1.2228684411184165,1.524397873297167,0.01584806749607264,12,0.018873854453241162
406,-1.3691399706300762,1.5247784302307517,0.016251689544807046,12,0.015123549309245221
407,-1.3669267173335613,-1.6075689411820289,0.01609707708699051,14,0.019379655253454177
407,-1.2363644864123664,-1.6219559187427535,0.016209417032405683,8,0.0036308281286112896
407,-1.2169377675559299,1.5281282550935882,0.01598900043041083,13,0.023593217997491617
407,-1.374069055451485,1.5257314088159466,0.01580930752543959,11,0.017992720234014055
408,-1.3596985341079468,-1.6181189619520429,0.014691729011024989,11,0.0
408,-1.2365958733118227,-1.6279832619538421,0.016131730806300787,9,0.005374901563382651
408,-1.2208362502667667,1.5277395766873292,0.016650291915673736,12,0.01912052401926567
408,-1.3784692143410666,1.5267260993262186,0.015914725416243,12,0.009805977942400724
409,-1.3618501083057526,-1.617493990932416,0.0174836244613957,10,0.0
409,-1.238164900119553,-1.628527020278959,0.01586584269363067,9,0.004735253592739395
409,-1.2166764845954543,1.5267555858547273,0.016464743912096673,12,0.022441783721802052
409,-1.375164826142788,1.5236050917813428,0.015819920868943703,13,0.014313820197628595
410,-1.3649668935326271,-1.6048804823015757,0.01608326213910362,14,0.021010380899021668
410,-1.2389236746802472,-1.6253146192356445,0.015987894623174046,8,0.0028866913913320833
410,-1.2149751008489478,1.5282153084056136,0.014934952596751983,13,0.023326031463008427
410,-1.372024132518521,1.5278314809598317,0.01571965998458104,11,0.015650691534102416
411,-1.3628556081551495,-1.598217870379091,0.015363853668911184,13,0.020629587182126846
411,-1.2173887740089664,1.528731365878455,0.016730534631992488,12,0.02019020969982428
411,-1.3726731637024656,1.5220409281194882,0.015799978801111864,13,0.020358875912062098
412,-1.2474030256454753,-1.6331496472624072,0.015639513510788895,7,0.0018360524875769375
412,-1.2179807437457635,1.5326312265031108,0.016485071762003513,12,0.016999847735660007
412,-1.3728924917506382,1.5250623653770337,0.015616584817822774,12,0.01447519840302231
413,-1.3634270523209158,-1.604778020135153,0.015938696334467883,13,0.01754881287160742
413,-1.243101144376666,-1.6340819851497081,0.01621993837754059,9,0.003408826678005446
413,-1.221599690353796,1.529285741342974,0.015928521783524503,12,0.014605222078915667
413,-1.3707225275224204,1.526237453339171,0.016010859197035297,11,0.016465451026609495
414,-1.3549851142803282,-1.6106325191547681,0.015035554434682921,12,0.017481009270255945
414,-1.2389236746802472,-1.6253146192356445,0.015987894623174046,8,0.0028866913913320833
414,-1.222851730677648,1.5279317008691211,0.016176757708250927,12,0.013521568764305202
414,-1.3763701157442156,1.5263463731375277,0.016408916809877903,12,0.01498365746487553
415,-1.3506674955974196,-1.611750301470781,0.016442855013110626,12,0.02324152854974757
415,-1.2370726434790933,-1.6228870945069993,0.016044994317359992,8,0.0031919073972648624
415,-1.2231435578090317,1.5264889445896082,0.01589904912427183,12,0.01349524050816957
415,-1.367341450945593,1.523233321159447,0.01603554482053008,11,0.022415368010031047
416,-1.3657827390213593,-1.6053277108771902,0.015380061334693558,13,0.017958145267743916
416,-1.218279670019499,-1.6144120624543215,0.017520623928716093,10,0.0
416,-1.2150730777638958,1.5246385038497907,0.015882334742469407,13,0.021936323878767008
416,-1.3725454789711813,1.5233615390654043,0.0160486088984042,11,0.016256827921982336
417,-1.3532177479084277,-1.6051042978713965,0.016115282647162502,12,0.01695179292698984
417,-1.2384526572620083,-1.6245236932956117,0.016048673774424524,8,0.0032807612399560265
417,-1.221555496586532,1.5255476770106227,0.016071125333462367,12,0.013142244068967038
417,-1.3752035454624358,1.5246866396380403,0.015904952709991538,12,0.01358146822089415
418,-1.3513200041407716,-1.6040631649569885,0.015920067026596218,12,0.015425146658273221
418,-1.2137409777457604,1.518109567014373,0.016018384866066174,12,0.017733745353951162
418,-1.3745602997574424,1.525242923469556,0.01611941862330998,12,0.014693590554261744
419,-1.342610177810235,-1.5977861965563445,0.017132281965081732,10,0.0
419,-1.223538806581363,1.5277594199939508,0.015936434966262993,12,0.0106014865953872
419,-1.3745305927770899,1.5252495999211075,0.015684418370304775,12,0.01605527015356674
420,-1.2346955006963534,-1.6293136487934914,0.01582035188353949,10,0.00987875442763149
420,-1.2169288216467644,1.5196118912949819,0.015745497148234647,13,0.017281194453736035
420,-1.3720584762069217,1.5276571349981491,0.01604387964287825,13,0.016681965765114028
421,-1.3506674955974196,-1.611750301470781,0.016442855013110626,12,0.02324152854974757
421,-1.2376617887162134,-1.619827654798972,0.016933136932697837,8,0.004520730943117159
421,-1.2157922633641862,1.526907659563038,0.016319021443601655,12,0.014018483408734149
421,-1.3739954535004049,1.5310593281600542,0.015955907736338964,12,0.018292697742130153
422,-1.361429003984531,-1.6201776927175633,0.01735918677757838,11,0.0
422,-1.236156343233582,-1.6265870833230849,0.015443317219616308,8,0.004383263397599279
422,-1.2151891256828988,1.526034286022914,0.01623739216376111,13,0.01991179567796843
422,-1.3719405011509795,1.5252113666906388,0.016005143805902487,12,0.01994233189593373
423,-1.350207481237684,-1.613123639202223,0.017263212415723417,11,0.024080264275974133
423,-1.2393061449388632,-1.6266331112317214,0.01606601003511653,8,0.004399173775709423
423,-1.2167002515844978,1.5248242867451454,0.01569340738941668,13,0.023441860186244758
423,-1.3722831655173409,1.5239735371917151,0.01621426086788113,11,0.017168737699095864
424,-1.3655468721046904,-1.6044411740173972,0.016263692505774814,14,0.02443268870870566
424,-1.2409691294123986,-1.6293521781187836,0.016012014660111384,8,0.016022097972602567
424,-1.2290918105384046,1.5278669045907194,0.01598195707694001,12,0.0019601824601981187
424,-1.3780711289667438,1.5244929225277446,0.01611746880102851,13,0.014639313712035805
425,-1.3652418010817857,-1.60872528308699,0.0161576700689147,14,0.01847070060230825
425,-1.2376617887162134,-1.619827654798972,0.016933136932697837,8,0.004520730943117159
425,-1.2150647048682282,1.5291812135136855,0.016225232013058703,12,0.01827682484212416
425,-1.373871339362527,1.5257805376599523,0.015853464330263748,12,0.014003735956413757
426,-1.3576054467421452,-1.616962964824419,0.0166791353356799,12,0.017871349898304086
426,-1.2391339661234912,-1.626934104935768,0.01602444826694741,8,0.01606387928141051
426,-1.219078918750068,1.5281381058734955,0.016419345196019883,13,0.014087672556902018
426,-1.3723157869105453,1.52580785203811,0.015908289998731024,12,0.014540803523447174
427,-1.3567893191248592,-1.6126467674684837,0.016210446173648297,12,0.017510389320818092
427,-1.2370726434790933,-1.6228870945069993,0.016044994317359992,8,0.0031919073972648624
427,-1.2157070928162035,1.5282204710363938,0.016133514486947075,12,0.020246094975451268
427,-1.3719091175769325,1.522934001661545,0.015957459881555277,12,0.019663252759065324
428,-1.3657051488968974,-1.6057847025519927,0.016036155618221002,14,0.018921200315766575
428,-1.2351619305881465,-1.6203802312581566,0.016189536167698693,8,0.003619095049868934
428,-1.2113747855362993,1.527467325526061,0.015943909629866977,11,0.02207525910601594
428,-1.3743870176286188,1.5244602111608831,0.01584036856208105,12,0.014695939516326386
429,-1.3542236066258166,-1.6065875515418302,0.015980602460173285,12,0.016468123078491027
429,-1.2365770669806282,-1.6315558145891542,0.016648090883494296,9,0.01432822434531378
429,-1.211141103624302,1.5175982863682609,0.015711280840276308,12,0.01590858030008149
429,-1.37641893130219,1.5260437908501912,0.015741950765996052,13,0.015976661175896967
430,-1.3618705644280291,-1.6051381187886022,0.01665685784707404,13,0.025168366024994712
430,-1.2284540921592821,-1.6262531783949705,0.01697896665938321,8,0.002378723540750749
430,-1.2208338262852858,1.5261498187557665,0.01622508357387715,12,0.014198367202278
430,-1.373059578215394,1.5256934161261027,0.015964270908988384,12,0.01423372660892634
431,-1.3326693297890655,-1.604822075099048,0.017105217407084625,12,0.0
431,-1.2219478306810652,1.5286006689428362,0.016232344599811897,12,0.01464536497326788
431,-1.3763112031845122,1.52624331354551,0.016092602952927696,12,0.014544005913313687
432,-1.363904116513757,-1.6049841173576584,0.016288820233597737,15,0.023750923951701666
432,-1.236646064864594,-1.6221490201223316,0.016028295195017903,8,0.003273526556622442
432,-1.2247669750411698,1.5289037829643666,0.01600784455286324,12,0.011862284497033172
432,-1.3687897828909856,1.5270533621732922,0.015730976841516562,12,0.02235763223647448
433,-1.3600985682412723,-1.609683687321561,0.01505234125240067,14,0.024292477601773086
433,-1.2184135774723317,1.5256843659132493,0.016434872771209752,11,0.019959157999255153
433,-1.3756960797126894,1.5269505204482863,0.016068927696592683,12,0.013557476388978827
434,-1.3567407538533396,-1.6088338290588449,0.015669453662967164,12,0.015595997799596894
434,-1.250380560133219,-1.638080485665417,0.01708516331949991,7,0.019744147187310317
434,-1.219489965409617,1.5261969372725253,0.016318811801807664,12,0.022883621335750486
434,-1.3731664658796594,1.525871362915851,0.015925521028277295,12,0.01969599309346851
435,-1.363674880895932,-1.6132993234381494,0.017454001880765305,11,0.0
435,-1.2354912806201765,-1.626983990858661,0.015695919533127045,9,0.00616848363573428
435,-1.222376640639959,1.529210102462151,0.01623106637149633,12,0.01628041959169177
435,-1.3781054068610634,1.525785718812308,0.015984498874424283,12,0.012228608322616123
436,-1.3655080834999018,-1.6058653042467819,0.016050176319474,14,0.022752828073239115
436,-1.2370726434790933,-1.6228870945069993,0.016044994317359992,8,0.0031919073972648624
436,-1.2186550969083083,1.5276074328849079,0.016237790827012325,12,0.018276722811496483
436,-1.3754872800468958,1.5272223456890117,0.015938704283008403,12,0.013520885242452626
437,-1.3642184964759196,-1.6147396654609119,0.016256042520726596,11,0.0033750842525354123
437,-1.2372759697186848,-1.6278247360900415,0.016005424250733306,9,0.004688263149374317
437,-1.2231435578090317,1.5264889445896082,0.01589904912427183,12,0.01349524050816957
437,-1.3642235828631841,1.5295525668924586,0.016167687602987108,11,0.017191323899815543
438,-1.3559920608591132,-1.6111095399341941,0.0164193011205895,12,0.019312764838775958
438,-1.2358694067117246,-1.621307962334139,0.016028305997174457,8,0.003185708637644865
438,-1.2222183947492595,1.5281000307438357,0.01620867130622514,12,0.013438104790263434
438,-1.3757105420860634,1.5275017110488016,0.01578639659353938,12,0.012329783490739033
439,-1.3648118158922586,-1.6049841062391113,0.015921472461800677,14,0.02268510205428225
439,-1.237482440068291,-1.6292263768312598,0.016424114336903977,8,0.006772233433795678
439,-1.2157922633641862,1.526907659563038,0.016319021443601655,12,0.014018483408734149
439,-1.375883153725188,1.5255127082409075,0.015988469769438306,12,0.019077449764238908
440,-1.3640674505459536,-1.606463943815995,0.015897247226148582,14,0.02118441157451646
440,-1.2339189234838115,-1.6265367483882032,0.015621523266189097,9,0.016765579394811603
440,-1.2214775936922093,1.5268083414858362,0.016441230187348818,12,0.014035239175586122
440,-1.3755917657544674,1.527853035112035,0.016160924599751807,12,0.013956632676056588
441,-1.3624991552721117,-1.618266171999816,0.017493030874241394,11,0.0
441,-1.2230469823772414,1.5263716114909764,0.016110741204567,12,0.016613041297513082
441,-1.3684058381347388,1.5248922576917852,0.015838382166654286,12,0.02088350983052926
442,-1.3594415189725029,-1.6171866149214271,0.01601479331211861,11,0.0028342894268981213
442,-1.2395224270681549,-1.6326564352969155,0.015812222599650184,10,0.00640147675990227
442,-1.2253033435727088,1.5282629958842915,0.015856669334033464,12,0.01459027395207707
442,-1.3706873592957949,1.5267082453711829,0.016031118893771474,11,0.01634622274347764
443,-1.3619131993405773,-1.6053317236899758,0.015926712340211507,14,0.025397073053171258
443,-1.2376617887162134,-1.619827654798972,0.016933136932697837,8,0.004520730943117159
443,-1.2241036782579793,1.5291709781268934,0.016026593585606045,12,0.01329235980031479
443,-1.3706359044381797,1.5222810645906422,0.016206324232900617,13,0.02449116715396217
444,-1.3590399384937324,-1.6173399275578733,0.014672086333360637,11,0.0
444,-1.2368043311385433,-1.6263477750780195,0.015774262981600628,9,0.004785499423302553
444,-1.2122989302769167,1.5285618243112689,0.015654925967418198,11,0.02127962437470271
444,-1.3684971818436453,1.5264375288006489,0.015995313445163865,11,0.015755736180928726
445,-1.2370887815158236,-1.6283589683172641,0.015804060005354822,9,0.005508472690425549
445,-1.2138059427039818,1.528876361214282,0.016860170167800986,11,0.020957472674914154
445,-1.3741370488261255,1.5253699925484874,0.015450193562697914,13,0.018573251375971194
446,-1.3566416645197172,-1.6074419865276948,0.016137190165123796,12,0.01646728324370951
446,-1.221870832179559,1.5305830191948657,0.016266290374641074,12,0.015526280648352268
446,-1.3740468298708004,1.525449654906101,0.016133028197076304,13,0.018396589033599274
447,-1.3624991552721117,-1.618266171999816,0.017493030874241394,10,0.0
447,-1.2363333898284696,-1.6273650244346742,0.016022656467095955,9,0.005450797719595
447,-1.2187381671701976,1.5286999539250086,0.016096402886389576,13,0.020374313441159104
447,-1.3685767843296084,1.5268152460483462,0.016154366362750878,12,0.015210020885268091
448,-1.3636678580790458,-1.603114313729392,0.01638633951890535,13,0.019061483581597927
448,-1.238455547321194,-1.623310988016894,0.01599598568539548,8,0.014350940893276192
448,-1.222693848634622,1.5268140220349273,0.01608490822978503,12,0.014769416331526989
448,-1.3696697092111598,1.526043024579777,0.01603433211675363,11,0.01573771211888381
449,-1.3621330011012127,-1.6028317585290057,0.015343201754263734,13,0.024269021034502628
449,-1.2491343857770891,-1.6364564532563444,0.015923900169527036,7,0.017450071697179343
449,-1.213074377788504,1.5275366638091963,0.01587318181540315,12,0.01912977760988607
449,-1.3710945643972086,1.5262057872079406,0.016001255241124286,13,0.022954760452252337
450,-1.361429003984531,-1.6201776927175633,0.01735918677757838,11,0.0
450,-1.2362257761815372,-1.6310873171757245,0.015708371826115217,9,0.012904909880753742
450,-1.2231636167316755,1.5277471674868857,0.01643865913144361,12,0.012580331942384466
450,-1.3704346863244932,1.5255549307921876,0.015783809021039017,11,0.01686157564426668
451,-1.3471184874559972,-1.59371256873892,0.01725352654861354,11,0.0
451,-1.240476622221072,-1.632153416882373,0.01593034753076952,10,0.011613885909195815
451,-1.2135236668164753,1.5285416161228182,0.01621322462323985,13,0.021531399046162594
451,-1.378233617672758,1.5252704933106491,0.015827258115820822,12,0.016316803247239893
452,-1.3554858976355688,-1.6100758100299322,0.01618533240307144,12,0.018424405704371375
452,-1.2374967410289217,-1.6236924606878285,0.015759741776692066,8,0.0017723912602432227
452,-1.218700986111781,1.526658813015578,0.016403170433238173,12,0.02210093699426636
452,-1.373068961212689,1.5254440260799749,0.01591824683574422,13,0.017541806922273053
453,-1.3618233303107228,-1.6185251753055894,0.01580335504415664,12,0.004831915912278214
453,-1.2509898308055372,-1.6388784515172892,0.01709881723476069,7,0.01976305102292397
453,-1.2276797954748593,1.5242961796367216,0.015603259236226219,12,0.012526040290501153
453,-1.3709655495991082,1.525727902917203,0.016140636385706304,13,0.017548068502724046
454,-1.3638041154130025,-1.6198164334070246,0.017520051369578397,11,0.0
454,-1.2231232080002472,1.528645815179816,0.01644229321644458,12,0.012953270354348359
454,-1.3682803806036294,1.5244552414662298,0.01591440572338936,12,0.015956586177427182
455,-1.3633421012097777,-1.603144623013943,0.015855712695936282,14,0.02386806141902671
455,-1.2144598016822858,1.5236437494417963,0.01641318403538804,13,0.02374128850262487
455,-1.3695726280165976,1.5235023351629775,0.016106193771411752,12,0.017223836467535492
456,-1.3595802425791348,-1.6243665487615513,0.017380814621004274,10,0.0
456,-1.2366263327368672,-1.6326721744797024,0.016072664063540396,9,0.0139338276284952
456,-1.2221444618401305,1.5281534333121507,0.01642851353535342,12,0.01421674001562288
456,-1.3682170478048474,1.5261388816007377,0.016432268931330315,12,0.01781953858907386
457,-1.3628027325754866,-1.6048133706427203,0.016251675651843107,13,0.023585918934905154
457,-1.2400062272477834,-1.6275532258652745,0.015794220047481176,9,0.0033009561636562416
457,-1.2225837741554864,1.5251427636332786,0.016208450450979732,12,0.017330167259840608
457,-1.3760698380014968,1.525900222900697,0.01593161144619992,11,0.013861507512860784
458,-1.3648913263018347,-1.60569587190695,0.015408622925904551,14,0.02343640682012493
458,-1.2382473268724756,-1.6205869521157865,0.016968236639496585,8,0.004477668259453363
458,-1.2232076872292883,1.5265295521591387,0.01625777096954652,12,0.01570261905224683
458,-1.3699171047930951,1.5276614355615519,0.01593724495399417,12,0.020216852648661122
459,-1.2363792410884733,-1.6274252288164217,0.01596694650152557,9,0.0055605803894088045
459,-1.222128391375464,1.5274329585308057,0.016213504358040386,12,0.013352085210422948
459,-1.3657017108591623,1.5288960863748455,0.015724195885751472,11,0.020535362483687578
460,-1.3675616911646657,-1.5983804879192378,0.01630335497603323,13,0.0181833501283077
460,-1.2503520305433924,-1.6380519621906915,0.01594649910282378,7,0.01748167543080613
460,-1.2278204086214657,1.5262902342434899,0.015956461848428135,12,0.0019720173312537054
460,-1.3704585892036167,1.52553077663912,0.0161467925107259,13,0.01678638683285096
461,-1.3667974961354146,-1.604420249564764,0.016490577558746472,13,0.021030289020164968
461,-1.235906568904861,-1.6213567095509485,0.015938681216726994,8,0.002730299797094579
461,-1.2212058008202045,1.5271717540894485,0.016364632208164413,12,0.014234420788641422
461,-1.3713529311506738,1.5261147448168775,0.01597835770659037,12,0.016515008738447252
462,-1.3647993679132968,-1.6063370799121706,0.01603729823552638,14,0.02194938962467366
462,-1.2366493016948652,-1.6245062266203718,0.016484389301587608,8,0.003933869283335036
462,-1.2229948065035467,1.5276283348281954,0.015898225808405015,12,0.011460668231424834
462,-1.3733121679850877,1.5266844696066577,0.015742306701101286,12,0.013114873780080333
463,-1.3568225719730886,-1.6118993138813387,0.015758707166775035,12,0.018243132349582004
463,-1.236170424031439,-1.6255135317931952,0.01580824742429345,9,0.004609743816286966
463,-1.2154458860366026,1.5262369404820721,0.016136523318484225,13,0.0230953122941384
463,-1.3748198951875603,1.5254532311918603,0.016007449378211733,12,0.013775962300070159
464,-1.2256096053645742,1.5264218802303733,0.016136093541214182,11,0.0028349266696742637
464,-1.3693344337286708,1.5226797882639052,0.01580800249430925,13,0.020032281260228463
465,-1.360750116870974,-1.6193754187056149,0.017308879195569546,11,0.0
465,-1.2360721835798008,-1.626241120488764,0.015992874085050554,9,0.004682456455616695
465,-1.221992661016171,1.5277243298742231,0.015968841562420222,12,0.012899701837877834
465,-1.3757371941873844,1.528140914958475,0.015775007530591644,12,0.011913045839050439
466,-1.3534951470688121,-1.6011485580151454,0.01569169614213527,11,0.011957380395864343
466,-1.2367719651490805,-1.6263049618976206,0.01581528680039934,9,0.004613611945531669
466,-1.2182807125040251,1.5284344829541878,0.01614400768877716,12,0.016722127908242405
466,-1.379908612931298,1.5284384708930594,0.016163860611408773,12,0.013658896898324257
467,-1.3537344446857908,-1.6074338136929132,0.01536875299345905,12,0.0171909192048275
467,-1.2371694087055312,-1.625189713400303,0.015704002724713836,8,0.003513840592675262
467,-1.2219386848273188,1.5268556691048787,0.016231241719527296,12,0.013830243937949615
467,-1.3764529798757246,1.5270466356235592,0.015826815404252268,12,0.011525967536867535
468,-1.3624991552721117,-1.618266171999816,0.017493030874241394,10,0.0
468,-1.219716785520268,1.526925917090676,0.015894413666847455,12,0.014569460844261303
468,-1.380590457788461,1.5255618985524162,0.015923129928765968,12,0.010809841736401284
469,-1.3640587264532849,-1.6084921139535362,0.01654236654615011,14,0.021582487021114163
469,-1.2391592569509955,-1.6288482194538934,0.016375065207188986,7,0.02295870363704699
469,-1.2217724397025296,1.5278627033658192,0.016023883195198433,12,0.011259913394059365
469,-1.3669114247123102,1.5278487948596764,0.016470374494564375,12,0.021193223763288176
470,-1.3644178015126904,-1.6054329485986054,0.01627086449602138,14,0.020346091833123695
470,-1.249771334963475,-1.6372821267144826,0.01707424349186347,7,0.019729340542398673
470,-1.2202948993053166,1.5234355670904214,0.01631266839399179,12,0.018858027933275057
470,-1.3735309669013136,1.5275129856143124,0.016112937791669755,11,0.014804457975288114
471,-1.3572873190131707,-1.6082072464806705,0.016147513927576528,12,0.01648121050882078
471,-1.2354510382840727,-1.622934489439001,0.016459144398351073,8,0.003919991667508133
471,-1.2212807358549376,1.5264159773268207,0.0160130840373037,12,0.01563811583717906
471,-1.3727601717504416,1.5254330873323363,0.016185785803635132,13,0.01557472252063274
472,-1.3634042663900365,-1.608626506495729,0.016423785563642424,14,0.02096586203275929
472,-1.2358694067117246,-1.621307962334139,0.016028305997174457,8,0.003185708637644865
472,-1.2232050111702804,1.5274069753106894,0.016524336600520672,12,0.013206816804395597
472,-1.3743334369741032,1.5272010723293301,0.016093405418081904,12,0.0163232750015103
473,-1.3571643064574144,-1.6084009546260978,0.015974632785248178,12,0.01670787930847879
473,-1.2367246834883043,-1.6250423327441195,0.016002701532563467,9,0.0038817592155421504
473,-1.2227125570837063,1.5272983254223786,0.01615282550774499,12,0.013142707997195514
473,-1.378700148540094,1.526461213384383,0.01620997863550651,12,0.013990462670774743
474,-1.3669267173335613,-1.6075689411820289,0.01609707708699051,14,0.019379655253454177
474,-1.239866211554762,-1.6263837828145047,0.0162467762804285,8,0.002396751510575481
474,-1.2203133848476893,1.5251909526676086,0.01614958454713715,12,0.018919660186926507
474,-1.3790203987882075,1.5250336543845686,0.01575074065086601,12,0.009514357794467986
475,-1.3655201546141655,-1.6186645601177903,0.016989901449310257,11,0.00345601370536857
475,-1.2366639119646372,-1.6293605802180924,0.015876531154483037,10,0.0064183869445107325
475,-1.2304812141090562,1.5264156245828855,0.016184957939487495,11,0.0028370765585223907
475,-1.3751416544834452,1.5250879699516429,0.01568025607416985,12,0.013549586927873197
476,-1.3620847757665566,-1.6209569886842041,0.017377599009994617,11,0.0
476,-1.2538169529713437,-1.6405416363747614,0.0169865226865591,8,0.019082218800011055
476,-1.223664763630585,1.5281137391359378,0.015889738669187418,12,0.011511231510261509
476,-1.3715428545228907,1.5279717792382375,0.015914805703211053,11,0.014580917374983727
477,-1.3609443922913464,-1.6152488237252047,0.01591607237154162,11,0.0024023740822499704
477,-1.236826544645308,-1.6318803368130752,0.015717453561881665,9,0.01291318098583244
477,-1.2224120101630316,1.5286472444090038,0.01594902937485075,11,0.013902324065137812
477,-1.375181894762547,1.5253502673522785,0.015793494535512664,12,0.01759957210988263
478,-1.355721158004896,-1.6060843870004815,0.01601373972185876,12,0.015187472351806033
478,-1.2374967410289217,-1.6236924606878285,0.015759741776692066,8,0.0017723912602432227
478,-1.2184006720255889,1.5272479599425246,0.016421032803242367,12,0.020305885742087987
478,-1.3763165122452405,1.526088822011913,0.016351215828376987,12,0.016356045840181327
479,-1.3574615391649922,-1.6133477789802007,0.017320613469174996,12,0.017675604885832998
479,-1.2460899202478193,-1.6324676513423755,0.015866613448560402,7,0.017368065372366924
479,-1.2233427970395425,1.528085855250067,0.01616514836303847,12,0.013151055234329634
479,-1.3678243330881887,1.5255235066113921,0.016164726830274777,11,0.01849822384793647
480,-1.361152883651875,-1.6214484966925236,0.016122281777289672,11,0.005681064638915337
480,-1.237504322038737,-1.6242688700625927,0.01603620235126684,8,0.004386290451774498
480,-1.2240282454600142,1.5283018247683589,0.016102480167485084,12,0.011746059655943216
480,-1.369751134951415,1.526521403943928,0.016370239867652216,11,0.01598283131488028
481,-1.240726287047407,-1.6276798635307737,0.015999316204392492,9,0.0027460950669945124
481,-1.221575650681003,1.5264754935426552,0.01616547866813436,12,0.014625006248866307
481,-1.3706913385934587,1.5227590205323889,0.015925962464706418,13,0.021422926264799965
482,-1.3548386302805764,-1.6071502389323093,0.016182844489159545,12,0.01696979086244421
482,-1.2358694067117246,-1.621307962334139,0.016028305997174457,8,0.003185708637644865
482,-1.212636242292876,1.5289090598059445,0.016350623701267466,13,0.02060127512230737
482,-1.3775295430295793,1.527855332901129,0.01634972401934488,12,0.014500855830294755
483,-1.360461699240671,-1.6174359909938132,0.014808172078405336,10,0.0016700113616254066
483,-1.2369355750123603,-1.628157114631645,0.016028165232826408,9,0.005454377442581891
483,-1.215935922975633,1.524599520554374,0.015723577287886176,11,0.019772764782589457
483,-1.3753159876051648,1.5271638107632257,0.016127408343254466,12,0.012340655459246
484,-1.3654840737643619,-1.6061927484281575,0.016036800206696414,14,0.01867710619912208
484,-1.2345670685129133,-1.623794556261961,0.01580675336922702,9,0.004715903161960533
484,-1.2226587213896671,1.5280184459772799,0.01606610586584007,12,0.011990816011861838
484,-1.3739303268123728,1.5275412729074462,0.015812298545457685,12,0.015406443649302156
485,-1.3605056717860406,-1.620675697352951,0.016113773613613984,11,0.005678141488167872
485,-1.2362257761815372,-1.6310873171757245,0.015708371826115217,9,0.012904909880753742
485,-1.2230823434680933,1.5273893228493987,0.01600707366421714,12,0.01612536491107776
485,-1.3748337146356335,1.527155395085006,0.015681048133569995,11,0.017569872645438963
486,-1.3618251296693713,-1.608807087695171,0.016654951330554703,14,0.022730712887199432
486,-1.2376794015220818,-1.6264073835403463,0.015999772996779158,9,0.004504298164281709
486,-1.2230289424125922,1.527947295418533,0.015999572964723336,12,0.011645099027894856
486,-1.3744690043739967,1.527650767009009,0.01589418724134981,11,0.015059022469749687
487,-1.361152883651875,-1.6214484966925236,0.016122281777289672,11,0.005681064638915337
487,-1.2352462700208735,-1.6300264535132498,0.01588677210771997,9,0.015161223161809453
487,-1.2262505766374112,1.527224421384359,0.01616269371673492,11,0.002827478895048972
487,-1.3741942736623038,1.5261435555825265,0.016042835217543325,13,0.017970909562359055
488,-1.3611091100475203,-1.618206904300695,0.01481547240001814,10,0.0016750171993018884
488,-1.238528753280266,-1.6274126692551185,0.016026987932106097,9,0.0038932331952271724
488,-1.2234033413904801,1.5267124687556597,0.01635266332954769,12,0.003102891023027112
488,-1.3709355230038047,1.523760571818629,0.016128841574310052,13,0.02488844944785699
489,-1.3548416478539937,-1.6093102713532734,0.016172098566380834,12,0.01840556398802328
489,-1.2211615915111613,1.5269672293979561,0.01605107497468285,12,0.012773619277977002
489,-1.3686793608262526,1.523570506135866,0.015727396822011817,13,0.020947441668058252
490,-1.3627272531502899,-1.6217252989434625,0.017379528992348462,10,0.0
490,-1.2377857879644525,-1.6321486171429098,0.0157511764693079,9,0.019136098547601135
490,-1.2200402746373122,1.5265759980104938,0.016501060600573367,12,0.014559552299111584
490,-1.3767274192055212,1.5258493782632248,0.01597201926516784,12,0.015318929229156794
491,-1.2321024638214975,-1.6284846738274925,0.015857296998505428,10,0.013101034558399912
491,-1.2240896350271915,1.528616771943132,0.016001689866231922,12,0.01354437656990078
491,-1.3762210000945378,1.5263146202827647,0.016106311303682876,13,0.015406982110485449
492,-1.2224554617894121,1.5265142179172018,0.015792523474705226,12,0.0191640628798109
492,-1.376049066556458,1.5256666849760607,0.016067713035474145,12,0.0159005908428232
493,-1.3548614296438577,-1.6057183510016704,0.016272415499412142,12,0.01557599581262008
493,-1.2387709175683816,-1.625114216302821,0.01624415459847891,8,0.0036475866782112957
493,-1.2245039778421956,1.530361851141676,0.015168013413598256,11,0.0053097088907133674
493,-1.3708352619642172,1.5229164347889048,0.015889041213362556,13,0.01525471975329624
494,-1.363883891947753,-1.6042867556078113,0.016178275376542026,14,0.021456421779182593
494,-1.2515998276644358,-1.639677178002521,0.01711337058372506,7,0.0197846716362227
494,-1.2283681316925084,1.5287453639580224,0.016602044806605185,12,0.0031645588353037043
494,-1.3705935198855401,1.5260040153481107,0.01587300855179047,12,0.017801860855631912
495,-1.3557890934395822,-1.6067134140073596,0.015651727662136503,12,0.014166563715156233
495,-1.2356497432036897,-1.6256851808092565,0.01571673574551043,9,0.004807596721283431
495,-1.2183389984661588,1.5250647445602135,0.016434561039196962,11,0.01889210980261094
495,-1.3753306395942075,1.525899453773695,0.01587758616703366,12,0.012905642382011575
496,-1.355756452244356,-1.6070642691404335,0.01604495461165777,12,0.016915859941468967
496,-1.2172524010790833,1.5261836360084724,0.01644361846775851,12,0.018071655432702897
496,-1.3740567510460748,1.5261072056320517,0.01604133384932709,13,0.0169800601512804
497,-1.3509088022848035,-1.6067261790712146,0.01657697357188294,11,0.021896239200220713
497,-1.2289160632779978,-1.6203204128845108,0.015545698333041515,9,0.0037756566563397764
497,-1.2168821229994873,1.5247387290083487,0.015300922605464135,12,0.021436186779684768
497,-1.3785526282564597,1.5255569637127129,0.015866124165894616,12,0.01200822621556192
498,-1.3496589658931422,-1.6071148085883205,0.016549211875965482,11,0.022414105741346606
498,-1.2372263674804138,-1.6334649112134123,0.016081411763766016,9,0.01393913447839663
498,-1.2228224984540765,1.5284243749364559,0.016259643024974738,12,0.014377217238809744
498,-1.3756294085677723,1.5263289969110612,0.015725058130011484,12,0.0174141738385359
499,-1.3643262924716084,-1.6140704891330022,0.01746466352003676,11,0.0
499,-1.2373685439896693,-1.627946801331495,0.0158617145947777,9,0.0047096081322314815
499,-1.2238349899295429,1.5290405764121622,0.016138555055527748,12,0.018413341198412002
499,-1.3709759802677997,1.5262037628079494,0.016030185537705896,13,0.02333004038503592
500,-1.3618501083057526,-1.617493990932416,0.0174836244613957,10,0.0
500,-1.2379753562422993,-1.6278868541963913,0.01582961103421554,9,0.004620101213083367
500,-1.2224807813876346,1.5278583144009676,0.01593271150542351,12,0.013170292246000703
500,-1.3759323487315773,1.5281293982123019,0.016019213141272956,12,0.015209057565160809
501,-1.2369355750123603,-1.628157114631645,0.016028165232826408,9,0.005454377442581891
501,-1.221833135443687,1.5282173307109677,0.01631183513784856,12,0.013121342769185048
501,-1.3764627904825424,1.5278053838956902,0.0158928689950732,12,0.013238301274432982
502,-1.3596985341079468,-1.6181189619520429,0.014691729011024989,11,0.0
502,-1.2470280911000433,-1.639157968257908,0.016989626356542612,8,0.020939552444229587
502,-1.2230626061099479,1.5272013283621106,0.015892890009205435,12,0.01469249686697159
502,-1.3735561620973056,1.5265116022353016,0.015792494930561896,11,0.018582402556237908
503,-1.3605056717860406,-1.620675697352951,0.016113773613613984,11,0.005678141488167872
503,-1.2373513673772736,-1.6270674343134928,0.015863434323808434,9,0.004725844857429671
503,-1.2189029204225525,1.5296015908713592,0.016322764522928773,12,0.020136258773625588
503,-1.376271178534687,1.5280574943514642,0.01579689749497757,11,0.01722692064945513
504,-1.2387807838595601,-1.6251276352230235,0.015890144516965396,7,0.0012099268840197533
504,-1.2203755084225696,1.5250350239325337,0.01621010245048973,12,0.01455844942904576
504,-1.3761103286654168,1.5247967215896119,0.016154269780625598,12,0.017230071896935383
505,-1.3498192407638274,-1.609558069776169,0.017221618634733607,11,0.02327660166933382
505,-1.2192487328047357,1.525245893549269,0.016193200133138737,12,0.013603569809409903
505,-1.37646722648003,1.5241341569677205,0.016178376436240354,12,0.015511469483513724
506,-1.3524207347779842,-1.6018151497727209,0.015980276944954856,11,0.013160270049907597
506,-1.2351619305881465,-1.6203802312581566,0.016189536167698693,8,0.003619095049868934
506,-1.221446990370248,1.5278504982482557,0.01610439008321635,12,0.014549465850256172
506,-1.3765904711627628,1.5270113641749021,0.015855430502281182,12,0.012905406964113735
507,-1.3650558750770494,-1.6050221535984825,0.016024879390368875,14,0.018908164726156557
507,-1.2503520305433924,-1.6380519621906915,0.01594649910282378,7,0.01748167543080613
507,-1.2161102285218648,1.5274507439492815,0.01572370287558106,12,0.02192540419196704
507,-1.3752807950495596,1.52790626241143,0.016192584736636574,11,0.015018156548790086
508,-1.356380383279769,-1.6102424156884352,0.01601519981477288,12,0.015975127118709343
508,-1.2365694531922402,-1.624402638076753,0.01569284745169687,8,0.0035111177426096697
508,-1.2196396002196594,1.5250196846724142,0.015208027944426683,13,0.024168221322240092
508,-1.373216816434873,1.5262525784086654,0.01583956921660098,12,0.015642110466227793
509,-1.3684307336932537,-1.604602477856538,0.015823135130159746,13,0.017712257009350536
509,-1.2408482162223993,-1.6291504131166612,0.01565704119720325,8,0.0032818437674514435
509,-1.216351177046838,1.5283817855660542,0.015956501435513172,13,0.020434652053932145
509,-1.3737760630994822,1.5239899976369098,0.01606034560779295,12,0.01938371059451477
510,-1.3595802425791348,-1.6243665487615513,0.017380814621004274,10,0.0
510,-1.2420125749196123,-1.6319902419068502,0.016275165489535212,9,0.004246324289152819
510,-1.2213700232111024,1.5278724241194785,0.01573177300127533,12,0.021306956595778078
510,-1.371585262656715,1.5286721391310236,0.01574555500907502,12,0.01855988849521791
511,-1.3664332853936625,-1.6074192990001626,0.016452452120351995,14,0.02221794329444415
511,-1.2347246760628974,-1.6341700308620364,0.015883247219621238,11,0.012710294952254814
511,-1.2058009032280212,1.5288127180543714,0.0162834590560142,12,0.021410066242686404
511,-1.374753371619937,1.5249693459696307,0.015873816196198313,12,0.01773848725770339
512,-1.3628769300020385,-1.6063920318668523,0.01597493208409832,14,0.02451687256638424
512,-1.2343263201062364,-1.6224713372489024,0.017252018041206525,8,0.02334225723843803
512,-1.2210938292316418,1.5272979022123818,0.016190497273557612,12,0.020452096674522705
512,-1.3780303290120195,1.5252546254707804,0.016230440608032956,12,0.013738093043152709
513,-1.360432154556399,-1.6185790323077565,0.01598350872979587,12,0.00393652083372697
513,-1.2509898308055372,-1.6388784515172892,0.01709881723476069,7,0.01976305102292397
513,-1.2187084203911118,1.5258610669518076,0.01599385469705755,12,0.01924437593233565
513,-1.373560358589587,1.5280430382203256,0.015922784770460666,11,0.01526376647723962
514,-1.3496589658931422,-1.6071148085883205,0.016549211875965482,11,0.022414105741346606
514,-1.2213785667912147,1.5264715068428982,0.015973585448758924,12,0.015900162883943685
514,-1.371955351713131,1.5277832919942917,0.01577098830447569,13,0.01613487435222415
515,-1.3634408528807318,-1.6047653514805693,0.01635367065595233,14,0.025284717468386415
515,-1.2326981858301262,-1.6179601147199907,0.015960081586717138,9,0.0043548510108584034
515,-1.223055421429452,1.5270433910341732,0.016069192661983468,12,0.016781979763184032
515,-1.3652611128319356,1.5288887471405215,0.015536698537213026,11,0.02038882023355679
516,-1.3508080689603919,-1.6139378279475478,0.017274359159671737,11,0.023084931102978726
516,-1.2360502494310361,-1.6237204002464696,0.016471815276943733,8,0.003929257014384755
516,-1.2195719759469323,1.5280083153442652,0.01625558801701616,12,0.018780583443160546
516,-1.3724841225196087,1.525188678687313,0.01581452235509345,13,0.015418013874872885
517,-1.3602217524604974,-1.6251358731155254,0.01738278062706475,11,0.0
517,-1.2226777906505082,1.5272016413934386,0.015820004712422314,12,0.018599890458215727
517,-1.3743385063545759,1.524682393300013,0.016205283106814124,13,0.016022872838649182
518,-1.3648025050616661,-1.6075340598715253,0.015210896151002516,14,0.021185140867757146
518,-1.22041392874376,1.5255938542114613,0.016487747537544912,12,0.016909897489418006
518,-1.379589818434817,1.5264282746240065,0.016003638158574505,12,0.01123384465729954
519,-1.3644688779159133,-1.6057350033026505,0.016255002965662183,13,0.018039321145565636
519,-1.2422037046792627,-1.627278172546576,0.015436515261457232,8,0.0042004120317680055
519,-1.2250570303605623,1.5280868056527845,0.01628283510057132,12,0.002577462960660923
519,-1.3668716632077023,1.5285251953559322,0.015982472183832884,12,0.0193135991722224
520,-1.2181393951356896,1.5259582156626694,0.016299615713607458,12,0.015168632987417977
520,-1.3673547897117444,1.5256812328319174,0.015794062463988078,12,0.015141506981047872
521,-1.3625772300874124,-1.6046972108767958,0.017271402793683745,13,0.02304743901036809
521,-1.2265463419771911,1.5247022969254163,0.015920448260965284,11,0.00198652366611796
521,-1.368404558596081,1.5254388728924129,0.016297394248848487,12,0.019961136313531413
522,-1.238538640574174,-1.6266572632620218,0.01712485991317102,8,0.019815789891765984
522,-1.217911555915456,1.5241577810361753,0.016363033177080016,11,0.020079801912842823
522,-1.371763641365253,1.5255718272288414,0.01573836465598218,12,0.013273743854433313
523,-1.3596985341079468,-1.6181189619520429,0.014691729011024989,11,0.0
523,-1.2201861093259738,1.526576260593938,0.015878095269083178,11,0.013593815210274373
523,-1.3722321291006079,1.526562165194255,0.015856976825334285,12,0.01378137300898199
524,-1.3610731083117917,-1.6197581933022542,0.01696213304217902,12,0.0034489660948209076
524,-1.261298454627751,-1.6414199184477176,0.01447322084231316,8,0.0
524,-1.2179509440069463,1.525475185426787,0.01540210365821816,13,0.023101518777023343
524,-1.3742754844546468,1.524662562299691,0.01581005494466404,12,0.01455649262834069
525,-1.3634292258608285,-1.6049648690618086,0.015567949557325654,13,0.01810749808802813
525,-1.2361153381449306,-1.627351531909047,0.015935744253043477,9,0.005378660014700661
525,-1.222210552091407,1.5279449870695507,0.01604937657122062,12,0.011686002820238909
525,-1.3683102174934105,1.5265646380591973,0.015871286509527,12,0.016137450259989958
526,-1.3586689820320919,-1.6158363983303996,0.01538955179734415,11,0.0026922446548089236
526,-1.2387410927345859,-1.6253655339524515,0.015692696053980746,8,0.0018148857117997914
526,-1.2218078837548254,1.5284794537430573,0.016120465068122876,12,0.01327113708963654
526,-1.3657901030643624,1.528281098944051,0.01573891367897468,10,0.018180347789974866
527,-1.3610402983165162,-1.6133543465012354,0.016071923352925236,11,0.004174893793514209
527,-1.2263325690760596,-1.6223146378926396,0.016162859266569886,10,0.012562171696151429
527,-1.2205712183095196,1.5255837972513169,0.016066268651908813,12,0.0144853425194638
527,-1.3754719977939045,1.526531136476021,0.016071998950972267,12,0.015393503160857318
528,-1.36429850879562,-1.6012866299103437,0.0159714415544556,13,0.018880096909519545
528,-1.2395196654363012,-1.6330642302500773,0.015987986018211678,8,0.006262681971099144
528,-1.2125892880349574,1.5295408782594948,0.016467007992224128,12,0.02168162945043626
528,-1.376339459769314,1.526759861672518,0.016266436590031286,12,0.015053915545296523
529,-1.3552754142332033,-1.6143218441268201,0.017307422696121903,12,0.019955818088894763
529,-1.2393061449388632,-1.6266331112317214,0.01606601003511653,8,0.004399173775709423
529,-1.2159441456671682,1.5248775303701705,0.01618364119323276,11,0.01930705780268782
529,-1.3768740691451489,1.5276225983368912,0.015907533790691274,12,0.013185770130104106
530,-1.357285433046483,-1.6126462750078019,0.016443187889549,12,0.01934409314085466
530,-1.2527881404755294,-1.6412430246310983,0.01599211675434706,7,0.017546764401464954
530,-1.221508667967364,1.525315157542835,0.01617132426213966,12,0.014847401980560624
530,-1.3732434832242042,1.5258170610317203,0.016124629684540953,12,0.015077357997808207
531,-1.3669883898854294,-1.6082910074903747,0.015540908310003173,15,0.024450850161128853
531,-1.2379583438103345,-1.6253441099865136,0.015576386980948853,8,0.0
531,-1.209643563775466,1.5276464744134506,0.01620248877514623,12,0.021790347790704084
531,-1.3738190775127477,1.524488951408096,0.01609107983680888,12,0.01639776805999572
532,-1.3488407369601525,-1.5988917336928488,0.015188078972940581,11,0.0030433742479769287
532,-1.2125440925978055,1.5252681972965758,0.016022619983869193,13,0.022963039459992608
532,-1.3724233198401292,1.5258899500877885,0.016109491733633345,12,0.015112852298323341
533,-1.3457092707733076,-1.5967495287243623,0.015894539470584973,11,0.005703276211650414
533,-1.2431232712722908,-1.6316449227959653,0.015703773366571583,9,0.0035018832114535976
533,-1.212778211656598,1.5305175529320125,0.016289603162100357,12,0.02356592883679836
533,-1.3734494939687345,1.5258439515362119,0.016073157024410773,12,0.01534002953156302
534,-1.3615956516850443,-1.616022651698076,0.01592789396501395,11,0.002406799098686718
534,-1.238762699505667,-1.6278312520716434,0.016199781249724085,9,0.004619373233122181
534,-1.222455118310859,1.5261844478303475,0.015184770759927978,12,0.02130416203192214
534,-1.3721472728718422,1.5256611104999287,0.015925777472415324,12,0.014795655922581549
535,-1.3583955685474323,-1.6165699052184972,0.014667633924680512,11,0.0
535,-1.237194607082331,-1.6292259430651663,0.015878539824615342,9,0.00622054850768606
535,-1.222075938175869,1.526518530876454,0.015777176061013608,12,0.016459596240820013
535,-1.371227660152632,1.5250439179685256,0.016128318941504495,11,0.015488542401937177
536,-1.3495719797856656,-1.6123615365577113,0.017253891857756498,11,0.02407445107136538
536,-1.240169891016156,-1.6291310254281326,0.01575488971600723,8,0.0035292084666970667
536,-1.2182910724481986,1.5267300225881912,0.0158620182624625,13,0.0207672067512713
536,-1.376567448833309,1.5251233111760945,0.016025744469671272,12,0.015215355456896163
537,-1.2393638374271856,-1.6301022168105799,0.015887590529825434,9,0.004743323702889534
537,-1.2239069138208136,1.527384811206421,0.01600243106816537,12,0.0111827884727403
537,-1.370502589478574,1.5251407586506176,0.01606485427424382,12,0.019629784763599206
538,-1.3649227198021137,-1.6053696950365954,0.01673788278150858,14,0.019617378914304335
538,-1.2444583626455343,-1.6292943501235357,0.015659056493632417,8,0.004047739108119296
538,-1.218764532837071,1.5307816982259927,0.01635834031499013,13,0.02279849750321924
538,-1.3776972586546181,1.5243260810100803,0.016060892727621,12,0.015655319788085365
539,-1.349179500050746,-1.6087963219224184,0.01720270954771025,11,0.023255167959134904
539,-1.2611393833543743,-1.6445109860000269,0.017475768360087483,7,0.0
539,-1.2185446032073497,1.5260885327003455,0.01618328915076388,11,0.014485578288264037
539,-1.3702253616052267,1.5259198962594729,0.016116666047085164,11,0.017308351002853613
540,-1.3582335761483257,-1.6247963484131605,0.014744318650026978,12,0.0
540,-1.2384419404661717,-1.6245197862954617,0.016040960125799746,8,0.0030877833436968416
540,-1.2217749472967963,1.5261430197108021,0.015502765719727961,12,0.01945675368902916
540,-1.373470915203869,1.5262179464320025,0.01619490624474646,12,0.01475840427889476
541,-1.36242996203949,-1.6040933539073505,0.016374493605535615,13,0.025680886528603373
541,-1.238178790674779,-1.6243372327744172,0.015882538190318162,7,0.0012097183438867128
541,-1.2168494239276133,1.5273454569810956,0.01533235418776119,12,0.021872922804655213
541,-1.371325185725625,1.5259143110257687,0.01642524903590516,13,0.021449358863843873
542,-1.3646331129828282,-1.6033563026940296,0.015163791922705606,14,0.023512901492069416
542,-1.2564586400100832,-1.6422209151047416,0.0156694885529315,7,0.013682380718838271
542,-1.2223992750795984,1.527161413144009,0.015989434858812348,12,0.011635397063897735
542,-1.359306453872334,1.5278286984953258,0.016191858819761297,11,0.017230833910521822
543,-1.3675893161759265,-1.5996684166867339,0.016299446589454057,13,0.018110854645182382
543,-1.219169876614885,1.527827390845873,0.01574226605545597,13,0.017238224909795218
543,-1.3739436799598932,1.525810461385758,0.016194902430337742,12,0.016455034884907602
544,-1.2218733438561664,1.5127746492832352,0.01484790048556766,11,0.01954492846097898
544,-1.3740779447572975,1.5257880486987934,0.016226066852503728,13,0.017558936746552515
545,-1.2445177989965959,-1.6359421995375594,0.015916129125611245,9,0.003474276296574428
545,-1.2182948918838847,1.5283677382699428,0.016208163322913187,13,0.02374677287705021
545,-1.3739043769920085,1.5257596093016934,0.01577417552693129,12,0.017065051621914185
546,-1.3630993212680775,-1.5969499920400763,0.017351492535475098,12,0.01846550546347181
546,-1.2227889206771656,1.5279965988303927,0.016156245713289597,12,0.014701371358173725
546,-1.371693224092426,1.5259619950928736,0.015847458545834716,11,0.01519127138719169
547,-1.349179500050746,-1.6087963219224184,0.01720270954771025,11,0.023255167959134904
547,-1.2521807446334774,-1.640445966901183,0.015981863677869496,7,0.017531643706145135
547,-1.2173030247695584,1.5286887787251835,0.01586009582630543,12,0.01771464912811491
547,-1.374217245491436,1.5260086913825561,0.01591146666104844,12,0.01568812609148514
548,-1.3558611781545291,-1.608455958303839,0.015656552324278736,12,0.01598182032507201
548,-1.236646064864594,-1.6221490201223316,0.016028295195017903,8,0.003273526556622442
548,-1.2219435038832542,1.5284250999991311,0.016095237316497937,12,0.014121528802529823
548,-1.375107578282874,1.5267288090151911,0.015964231805063154,12,0.013006911294750439
549,-1.3640444536916656,-1.6067787942813454,0.016188520234337884,14,0.02015349697835387
549,-1.2499065405213283,-1.6384316764040328,0.015739546089513588,7,0.017335096070939738
549,-1.2226753308287102,1.527800658161819,0.01579925711623264,12,0.012543863437793373
549,-1.3685845378613504,1.5280911359540756,0.016103645696095473,12,0.01712168186953037
550,-1.3635080166713593,-1.6041412063201848,0.01604119363585572,14,0.020361651645650108
550,-1.2409691294123986,-1.6293521781187836,0.016012014660111384,8,0.016022097972602567
550,-1.2230469823772414,1.5263716114909764,0.016110741204567,12,0.016613041297513082
550,-1.3714629259056292,1.5282409802843917,0.015658499461240052,12,0.014724609502524091
551,-1.359515204416204,-1.6145089924549787,0.01597188970838349,12,0.01597246595127055
551,-1.240121901832671,-1.633858174475324,0.015992456046878812,8,0.006264753736417433
551,-1.2168777327850424,1.5300376029535834,0.016219826521282864,13,0.024109227978437873
551,-1.3728407874863122,1.524895888140806,0.016186572496278032,11,0.015795784047522805
552,-1.3631554295788402,-1.6190446803599514,0.01751114031598272,11,0.0
552,-1.2424270810375022,-1.632646278868303,0.016160574122298002,9,0.0045721190669612225
552,-1.2215543328133924,1.526964519949827,0.01632207049208706,12,0.015494770625306568
552,-1.3736860267499071,1.524334411866976,0.01610408218976023,12,0.018711489789712356
553,-1.3661774375381224,-1.599657737154318,0.016401265694526605,15,0.02175521476590935
553,-1.2395260715832208,-1.6261053130544767,0.015995653897205437,8,0.002888312455102313
553,-1.2243554368750174,1.5285615406590978,0.015864279939637276,12,0.010596608658607776
553,-1.3742759710706365,1.5270550871779005,0.015814404842169245,11,0.011627617956936063
554,-1.3602217524604974,-1.6251358731155254,0.01738278062706475,11,0.0
554,-1.2394029887828046,-1.6267625721204926,0.01578751322452477,8,0.0032978387146021994
554,-1.2199063625391555,1.5270448000429706,0.015661361491028303,13,0.023678217185183544
554,-1.373829266795308,1.5240466151742458,0.015724184798381363,12,0.014924819841259781
555,-1.36477445598254,-1.6093923051929635,0.016691751117950963,14,0.021451509439066107
555,-1.2383161299195509,-1.624517683356056,0.015969367274880717,8,0.0027381297625488606
555,-1.2199096326011467,1.529030434610695,0.016216213418159924,12,0.01932267419481379
555,-1.3676541736812546,1.5276022550432764,0.016109490570432754,12,0.020115608091593185
556,-1.3506674955974196,-1.611750301470781,0.016442855013110626,12,0.02324152854974757
556,-1.2393726633282744,-1.6259040847367425,0.016252818074426086,8,0.0036502869281319576
556,-1.2136801828425487,1.5204964445223201,0.015985919897777742,12,0.017137353481222764
556,-1.3727214388161675,1.524324912089229,0.015647677518679477,13,0.015990125993084737
557,-1.3578559139932411,-1.6223067143459506,0.014716406911245247,11,0.0
557,-1.237825747941027,-1.6342550602686483,0.016093923225219343,9,0.01395306701728072
557,-1.2198963389298323,1.5275876951153344,0.015996681849318063,13,0.019361194740160934
557,-1.3652575413992165,1.5295943447730975,0.016586928936179093,12,0.01866792362311385
558,-1.3548465594031203,-1.6025278378811831,0.015725702555717428,11,0.013630720438352641
558,-1.2370937651949472,-1.6237319658284186,0.01563478954242982,8,0.003469195986335513
558,-1.219290825299648,1.5262444335034215,0.015759436109201958,13,0.01852480287469161
558,-1.370339811085487,1.5270212444513094,0.015829760931552833,12,0.017123265342137758
559,-1.3634156242676456,-1.603021043400513,0.016149520221762897,13,0.021928867166816933
559,-1.25100875671779,-1.638917544494273,0.01518173142923833,7,0.015759470251802715
559,-1.2157356218304323,1.5284988449305568,0.016093317610067943,13,0.024018086722773082
559,-1.3688326556377741,1.5268810194967122,0.015851912379358256,13,0.021754417269582105
560,-1.3630536465369425,-1.6050904116951807,0.015760211586526643,14,0.02370112199140175
560,-1.2503992211775723,-1.6381200656911508,0.015171847785251607,7,0.015746516783438344
560,-1.2209567725917267,1.5240974084110386,0.015517723959490609,12,0.023302148042112756
560,-1.3742078038482706,1.5272262778979313,0.016014906719944773,12,0.013958593398669967
561,-1.2390387233301021,-1.6267752093567114,0.01563839154215595,8,0.0032739599114235372
561,-1.2240282454600142,1.5283018247683589,0.016102480167485084,12,0.011746059655943216
561,-1.3683976474155608,1.5284675741130604,0.01664565688339239,13,0.019248278515016565
562,-1.3626536081648108,-1.6046327361440413,0.015593697330817995,13,0.023121679322652598
562,-1.220613090682024,1.52749752465704,0.015915891799785496,11,0.015076421602877936
562,-1.3773094408205055,1.5265469188634326,0.01586978008333017,12,0.01132170382786798
563,-1.3657958495409974,-1.6028261075135453,0.016589142346257583,12,0.0226744959007736
563,-1.2408475867815416,-1.636494382066493,0.015909607304041066,9,0.01469781573223953
563,-1.2241032506328375,1.5282375220451014,0.01606826108417894,12,0.011445881297080239
563,-1.3730036177408018,1.5232948764243464,0.015689904694914936,13,0.023047608524564393
564,-1.3629018066826144,-1.6062066951090155,0.016083847611776243,14,0.02207575174968804
564,-1.252947588270089,-1.6424178093531427,0.015790853926328223,7,0.017412188699002053
564,-1.219320583876948,1.5273291848991237,0.015731101527308385,13,0.02250293097690685
564,-1.3731916193087015,1.5263208502390815,0.015925360756868387,12,0.015404654547579033
565,-1.3595802425791348,-1.6243665487615513,0.017380814621004274,10,0.0
565,-1.236095944305905,-1.6303448586837603,0.01600698777389893,10,0.008755873955051468
565,-1.2216889608552275,1.5275258342098323,0.016348173611317754,12,0.020393356334414282
565,-1.3727181639191013,1.5316029539205813,0.015880878736320447,12,0.01869673068641509
566,-1.3617274545673137,-1.620536046492116,0.01697850747645233,11,0.003451973983221137
566,-1.2333157102142973,-1.6315804076793707,0.015869406013822605,11,0.0124546543572757
566,-1.223295791969334,1.5273724538965392,0.016515761052504286,12,0.01326075080305562
566,-1.3729631401095612,1.5243711271597113,0.015836016927680586,12,0.015760356617094996
567,-1.3598094059120458,-1.616660444063033,0.014794719923641637,10,0.0016723806057254735
567,-1.2385235498034302,-1.6345526080647612,0.015524838018368098,9,0.012587010144669385
567,-1.2202114984527388,1.5274790504397242,0.016098396383154818,12,0.013392215875874695
567,-1.3774244143184675,1.525009412988701,0.01621252927121703,12,0.011896786680017958
568,-1.3541937903072778,-1.6063853491403723,0.016172472496134255,12,0.016955242903421097
568,-1.238878795750506,-1.6252557423098386,0.016070643444133767,8,0.0032054111814385604
568,-1.218089602541512,1.5215953337600636,0.015981661345357067,11,0.022955023994402177
568,-1.3767069026081702,1.5245666720524835,0.01591527485099085,12,0.016140929245661694
569,-1.3537279854131787,-1.6068252898885247,0.01724591795145327,11,0.019729827703946448
569,-1.2227624531250387,1.5287103385300378,0.01601759033237765,12,0.012149586246610916
569,-1.3673174123180871,1.528728206590888,0.01609272300237888,12,0.016665204967377733
570,-1.3610402983165162,-1.6133543465012354,0.016071923352925236,11,0.004174893793514209
570,-1.240007507862638,-1.6332950689696795,0.016006162772341147,9,0.006431799978630534
570,-1.2289002734325152,1.5274833023534153,0.015326147897882643,12,0.003218765036872574
570,-1.3713756920126818,1.5269269083374397,0.016171578236291295,12,0.017860784804561304
571,-1.3618501083057526,-1.617493990932416,0.0174836244613957,10,0.0
571,-1.2372182047130924,-1.629257859330265,0.015818282005256437,9,0.006119994654900953
571,-1.2204857835552936,1.5268798196580795,0.016067519415995386,12,0.01802113029539481
571,-1.36648601342747,1.5273534988223243,0.015456822127628965,11,0.01713563874333818
572,-1.3549346400858238,-1.6135338366530245,0.015075188889039762,11,0.01600091413911963
572,-1.240769968374147,-1.6299198993573594,0.015764497618073834,8,0.0035291856156282513
572,-1.2278779310768775,1.526213307742242,0.01494958326682886,11,0.0
572,-1.3770288379648226,1.5265241385440003,0.016186747352924486,13,0.01688243048368868
573,-1.3625703969566805,-1.6184210943206747,0.016887326419656425,11,0.001492282629815659
573,-1.22102874651793,1.5259608121984563,0.016226028991957894,12,0.014625316962393747
573,-1.3697486938095764,1.5287930627530635,0.016176945960767252,12,0.016688171310888403
574,-1.3592166346337287,-1.6175461636552686,0.01610336736242704,11,0.0041769964912273545
574,-1.2392637058722331,-1.6273956945278187,0.01566164589467995,8,0.0038108231970256107
574,-1.2151721572967782,1.5285416043587887,0.015810969698553515,12,0.02131819508064792
574,-1.372545362972947,1.5242062500677132,0.016193151633101487,13,0.020319663816194905
575,-1.3616954687640024,-1.6141290831810708,0.016086636428902304,11,0.00417653732671419
575,-1.237923829416011,-1.6337610559928275,0.015514321408894182,9,0.012578922641469476
575,-1.22772884645955,1.5279480390687872,0.016580261623571013,12,0.0031773816414356754
575,-1.3716920839467657,1.526161192784515,0.016007108892894095,13,0.017145689718097618
576,-1.3569534776294836,-1.6212323587527562,0.017291839065913448,11,0.0
576,-1.2161105039295892,1.5255194186104721,0.015599533089701492,12,0.013720892151961976
576,-1.373405437364643,1.5231205884052794,0.015938904461429336,13,0.01696206414834973
577,-1.3716051512556588,-1.6033538192266703,0.015920314446781225,14,0.021562543513458488
577,-1.2323293850619144,-1.6192672034880125,0.016240709150906196,9,0.004269674232263305
577,-1.2112186027042513,1.526104006321851,0.01596427838838217,12,0.02037955718681039
577,-1.3752993589480536,1.5246774712682891,0.01599124238219829,13,0.01526464901209087
578,-1.3601076171114164,-1.6186070925424907,0.017306922284035457,11,0.0
578,-1.241639762792972,-1.6327053074619464,0.015790944085841745,10,0.004699693262059192
578,-1.220316957625946,1.5253417277637162,0.016087694424827274,12,0.015249587150240365
578,-1.3667303116257534,1.5264083872538603,0.015682315968778202,11,0.019893076335767666
579,-1.3629998488242023,-1.6156766727107135,0.016110560423551877,11,0.004182956873557537
579,-1.236170424031439,-1.6255135317931952,0.01580824742429345,9,0.004609743816286966
579,-1.2136693531315064,1.5154663837596518,0.01612767520410172,12,0.01690387520105088
579,-1.3782005633427743,1.5253850326247598,0.01599575407286144,12,0.015383374170505396
580,-1.239539196969233,-1.6312191272910028,0.015922935076026504,10,0.005423751906653741
580,-1.2208376614663614,1.5265208912696309,0.016066823261630097,12,0.013774481533683177
580,-1.3763998572346872,1.5273341358754249,0.015977930019637893,12,0.010314827278497448
581,-1.3532105436835449,-1.604504053945721,0.0159113398187427,12,0.01590316334934266
581,-1.2393061449388632,-1.6266331112317214,0.01606601003511653,8,0.004399173775709423
581,-1.2325117220191364,1.5198617737580804,0.01491987318543192,11,0.0
581,-1.3752536919272942,1.5270229927142818,0.015866314839576446,12,0.016699106101454416
582,-1.3629638391389476,-1.6058928282394112,0.01576980747937592,14,0.020407034254163074
582,-1.238878795750506,-1.6252557423098386,0.016070643444133767,8,0.0032054111814385604
582,-1.2133137260311613,1.5231360397161504,0.015504104414115885,13,0.025793852274158462
582,-1.3763650468679987,1.525723021388582,0.016206378872769878,12,0.019073927783749504
583,-1.3642731666863392,-1.60398238333067,0.015853358165983576,14,0.01833861589892583
583,-1.2378502739641633,-1.6237302208713573,0.016043346670323515,8,0.003278299586291761
583,-1.2204672760538335,1.5258475664881617,0.015913768159494638,12,0.0162071608474521
583,-1.3791734125069735,1.5268403977360754,0.016101686167497707,12,0.011092760045504708
584,-1.3553949217716337,-1.6076884807049308,0.016017796774585345,12,0.01476481892578618
584,-1.2388333106322404,-1.630107864274482,0.015630827596756117,8,0.002453567556291029
584,-1.2277838437781259,1.5286588983737601,0.016298479332967082,12,0.0028043895006854254
584,-1.3663649941751883,1.5238925202362128,0.015945820678777763,11,0.021051873786079478
585,-1.3600782582773574,-1.6218375205312165,0.016899692440620718,11,0.0014869600829136367
585,-1.2370549142732943,-1.6321096220047489,0.016104269892796497,10,0.008914253237549066
585,-1.2174283188543127,1.5296644570104019,0.01633463899008335,13,0.015276644763566858
585,-1.3677737672650463,1.5282814444082757,0.015684720875420596,12,0.020424595365526824
586,-1.365358145937842,-1.6043794346780884,0.016265536895551342,13,0.01727523184335339
586,-1.2388026464535704,-1.631707947338484,0.01599644810572239,9,0.006425208176653609
586,-1.2183066614891322,1.5280060929203236,0.01609746869499537,13,0.014882026967072222
586,-1.3730090089011515,1.5258286129996443,0.015918398840328158,12,0.015528859588313305
587,-1.3664915145663292,-1.6038043442893501,0.015783631460877263,13,0.021676960925629585
587,-1.2521807446334774,-1.640445966901183,0.015981863677869496,7,0.017531643706145135
587,-1.2150968162446691,1.5268406907455374,0.016198147899757452,12,0.02012925917566128
587,-1.3736409328666337,1.524671080951709,0.016081123424228537,13,0.017664502461385352
588,-1.3651853247232415,-1.6032456218854565,0.01614717082706238,13,0.020720789663093875
588,-1.2509898308055372,-1.6388784515172892,0.01709881723476069,7,0.01976305102292397
588,-1.2171446981509555,1.5252562223035737,0.01618956907864139,12,0.01677132570995416
588,-1.372189515189522,1.525682073455529,0.015913970801265533,12,0.016353189057023182
589,-1.3662602802542991,-1.6038753062214854,0.015986102333733015,14,0.021171610961947557
589,-1.2497448573258225,-1.6372549679861015,0.015935678795903487,7,0.01746598372278417
589,-1.2203998461495142,1.527223439321403,0.016071603169415284,11,0.014778906836157958
589,-1.3766921937929963,1.5275410758940344,0.015751253225694983,12,0.011829630907115512
590,-1.36623580384441,-1.600278307387755,0.015862790124176303,13,0.022201182914554727
590,-1.2370550085810315,-1.6335121028262696,0.01642464943160681,10,0.009245630485598524
590,-1.2159989826376996,1.5277427277219309,0.01620507821558183,11,0.02326292765595882
590,-1.3776620144022818,1.5260958170331642,0.015996369197460333,12,0.014218460879755647
591,-1.3471184874559972,-1.59371256873892,0.01725352654861354,12,0.0
591,-1.2680688051710987,-1.650232340760513,0.016661643251113873,6,0.0
591,-1.217659817848809,1.5284978539958087,0.01641675118651843,12,0.01977067051630875
591,-1.3732606643272127,1.5262332309218334,0.015820911200759385,11,0.01426726979870163
592,-1.2385059323834637,-1.620213444045726,0.017074533249835624,8,0.0032084315614462535
592,-1.2131716571078002,1.529053901654003,0.015656841270215736,12,0.02294706822617316
592,-1.373032588651375,1.5254030108659915,0.016230644080449063,12,0.02101245801282789
593,-1.3603526354083464,-1.6188963959189442,0.014707629474235711,11,0.0
593,-1.2320860809397673,-1.6277750732734173,0.015563164992687803,8,0.0024366361857658184
593,-1.2123777982820045,1.5275615008020091,0.015700305452916254,12,0.023083347454468377
593,-1.3705506055896473,1.526117783690562,0.015897080949116456,13,0.02249120939206432
594,-1.367220272697439,-1.6064795473430158,0.01621100330928883,14,0.02146661481467201
594,-1.2370240729839255,-1.6255452946386084,0.016076401854134337,9,0.004541726724994216
594,-1.2212384976699155,1.5267685784386977,0.016361620696303692,12,0.021002971703896606
594,-1.3769155707252188,1.5258691131779516,0.015888454610670632,12,0.014075881328857015
595,-1.3629026343417998,-1.6155631634306564,0.016931685875198877,11,0.0034493100723008013
595,-1.229514673176805,-1.6211074352166164,0.015557521760192889,9,0.0037786936396043483
595,-1.22317294787901,1.528061688809407,0.015938786918093594,12,0.013960417241542128
595,-1.3592357296992845,1.5326999386400664,0.016260842725352557,11,0.01838538755306648
596,-1.3548843761685834,-1.6095970018969155,0.01572440853543008,12,0.018197379009403
596,-1.2384813104154933,-1.6233882680889138,0.015925445994140225,9,0.014288202123660495
596,-1.2209843692710425,1.526593937824417,0.016193984252684614,12,0.012638794696962784
596,-1.3600371465288745,1.5230986191647615,0.016002519603465742,11,0.018744810994442456
597,-1.367889972739495,-1.602863914200696,0.015162029231170522,13,0.01788257528126478
597,-1.242433179644003,-1.6336702453136531,0.01631203433149025,9,0.005834220001210062
597,-1.2203320557818294,1.5262388594322114,0.016209636300125275,12,0.014600234285994268
597,-1.3604296437421142,1.5240191565217742,0.015687544773074786,10,0.017038555984564028
598,-1.3553697308947228,-1.604993253435991,0.016163294310584463,12,0.014354641970102642
598,-1.241548150546677,-1.6301062286676045,0.01606236446721164,8,0.016116338645306115
598,-1.2228493828050322,1.5268540932739678,0.01594072110029389,12,0.013947972209024094
598,-1.3739271197466367,1.5269671101932218,0.01563726737656407,11,0.015602212647645526
599,-1.23870603103803,-1.6258470416397894,0.01605476840014531,8,0.0043947740383194385
599,-1.223155680215894,1.5268233176443258,0.01593269649778777,12,0.012483800907633465
599,-1.3766684499902222,1.5267781837499863,0.01593012746546197,11,0.014585982516791605
600,-1.3646365859761673,-1.6050742718895226,0.01737289531649479,14,0.02343508780714113
600,-1.2327562269998869,-1.6172248801382156,0.016152572243554056,8,0.0036021935726008006
600,-1.2213918363038554,1.5275027352970485,0.01639750406699667,12,0.01428883577164699
600,-1.3667871826273668,1.5250541098548234,0.016106726490930874,13,0.0263196771951615
601,-1.360196503020188,-1.6201327278078166,0.015423514488235517,12,0.0026200880275127044
601,-1.236712297180807,-1.6178811651219605,0.01701673737084443,8,0.0032303986422407825
601,-1.2220728594770969,1.5263151906863741,0.015946254799624394,11,0.012862421906779237
601,-1.3755629132679674,1.525581724948279,0.015925020297056846,12,0.013479064359891995
602,-1.3660633464825735,-1.6050388672781282,0.016088657212407775,13,0.019067919396973908
602,-1.2586723001832119,-1.6412941971977735,0.017421048490147948,7,0.0
602,-1.2272515169131448,1.5254402619279355,0.014954110892189449,11,0.0
602,-1.3705115498256681,1.527332689450619,0.016191589897163468,13,0.01801879191597385
603,-1.3635655314130406,-1.6139670366867485,0.01624438052382422,11,0.003375469863751873
603,-1.2351286448914445,-1.6257783135733996,0.0160122071020464,9,0.005445633107804072
603,-1.2120304686065528,1.5257754016815466,0.015781474555557232,12,0.01938302845466659
603,-1.3682944979187004,1.5265431997590488,0.016162481840827594,12,0.018000885454080583
604,-1.355033742011705,-1.6080977328969368,0.015762171649470674,12,0.019009802703051172
604,-1.2354093218477042,-1.6267698393220213,0.01608106885319128,10,0.006874369979124438
604,-1.2142005602480728,1.5235968183901707,0.01652664318460583,11,0.02088093974055586
604,-1.3790322796116798,1.5253822776204375,0.01608654827557775,12,0.01171639662363801
605,-1.3643814467352198,-1.6059354099021197,0.016150973904650593,14,0.020358823582407752
605,-1.2360086374255927,-1.6212707629603198,0.016118800881492264,8,0.003536142161064846
605,-1.2183280876791938,1.5239297946205366,0.015657292331288177,12,0.0184744374784359
605,-1.3741579023051687,1.526496999320346,0.016279529431830184,11,0.014022895134859405
606,-1.3611996954633954,-1.6167218159852834,0.0174729553540024,10,0.0
606,-1.236826544645308,-1.6318803368130752,0.015717453561881665,9,0.01291318098583244
606,-1.2124404812511522,1.5243267156897056,0.016304823039488506,12,0.02315481218782564
606,-1.376127414433925,1.5242442968844934,0.015757457108825083,12,0.012978352460436944
607,-1.3543405203106567,-1.6098656759281764,0.015024740594201294,12,0.017463920390201816
607,-1.238276937675022,-1.624466267855153,0.01606193211277127,8,0.0032001218270748667
607,-1.2143506300365179,1.5274286609549614,0.014911522718567896,13,0.02329870437624439
607,-1.368039829008819,1.524608915910781,0.016038015724856084,11,0.016857728207230728
608,-1.3680811065625174,-1.6061829965598358,0.016365772259639994,14,0.019269441311230998
608,-1.2376617887162134,-1.619827654798972,0.016933136932697837,8,0.004520730943117159
608,-1.2233208859254678,1.5288198773362727,0.01597243486795932,12,0.018642079546293953
608,-1.3758990900706292,1.5251379826384444,0.01668304051658597,13,0.017176160302562235
609,-1.3609970004582859,-1.6196664170213904,0.01471207751064605,11,0.0
609,-1.236826544645308,-1.6318803368130752,0.015717453561881665,9,0.01291318098583244
609,-1.223318791191923,1.5278532296912626,0.01590656792796045,12,0.018621680504144384
609,-1.3781227763278847,1.526373269096499,0.01651823780690274,12,0.013967490453475801
610,-1.3666745323744174,-1.6019229074366823,0.015238560621970213,13,0.01998645532875984
610,-1.2493449219914825,-1.634596083514875,0.015853646678820405,8,0.0035515602580952787
610,-1.2237385864184995,1.5294312806189556,0.015956233696499362,12,0.013195387816702465
610,-1.3732007310674088,1.526731433419169,0.016050771187342796,12,0.01611378254913246
611,-1.3549851142803282,-1.6106325191547681,0.015035554434682921,12,0.017481009270255945
611,-1.2372924444850268,-1.6397691764038171,0.015935172285883353,11,0.01907703367102751
611,-1.219589949310795,1.5296751745967416,0.01559678295573352,13,0.023806359995759852
611,-1.372943410058794,1.5278110858286142,0.016188438781663102,12,0.016203492086482654
612,-1.3646805788085288,-1.6043855714889113,0.01606142186239661,14,0.020282174148895698
612,-1.2374967410289217,-1.6236924606878285,0.015759741776692066,8,0.0017723912602432227
612,-1.2185198211677042,1.529006413188579,0.015769372310431882,12,0.02184928927856882
612,-1.3791745382322171,1.5267662573737235,0.01589249584996876,13,0.013138182100717108
613,-1.3662911455416078,-1.616395182785944,0.01750846350462808,11,0.0
613,-1.2332729775091025,-1.6260839213146152,0.01590215790320036,10,0.011542315320633198
613,-1.2171987706216605,1.5203313699310026,0.01574186866863599,12,0.025237421000053918
613,-1.3765922611001646,1.5263383339568584,0.01602985136222618,12,0.014383026444612847
614,-1.3551062560598672,-1.6118274275136257,0.014684406957744912,11,0.015982238702974383
614,-1.2261413607195377,-1.6161192501924415,0.015866585855727058,9,0.0038966954623977064
614,-1.221647323970898,1.5274151776916591,0.016238708810032778,12,0.013688947480540335
614,-1.3739536759590911,1.5261721285741021,0.015860251485112508,12,0.018937973315749815
615,-1.3658878376084784,-1.606698349664874,0.01590261033075621,13,0.015816638491050125
615,-1.2395699559075555,-1.6283456758354964,0.015742066456336967,8,0.003520430079753479
615,-1.2181300050505366,1.526563864028205,0.016116250176375416,13,0.01839525867879823
615,-1.3709215577893201,1.5251011997619395,0.015906850817470366,13,0.01951400680121867
616,-1.3627095557126205,-1.603055496501538,0.015442037118369794,13,0.01942410568641308
616,-1.2238368746040704,1.528195116437455,0.016538296320538787,12,0.013217405358307326
616,-1.3736989010091645,1.5266446416313812,0.015842209991219967,11,0.01517052723659054
617,-1.3544121207727196,-1.6034125369667325,0.015577191185907696,11,0.013400151727266869
617,-1.2397174669485131,-1.6218368358908126,0.017050299149300098,8,0.0032708832950813223
617,-1.2233294901937444,1.529782950679478,0.016448606955452794,12,0.014134920859397018
617,-1.3721248983571694,1.528577937167715,0.016267123372701354,13,0.019601869362760704
618,-1.3648655466140989,-1.6178894292761936,0.016975382075129494,11,0.003452926847257169
618,-1.237848690512867,-1.6260831763524042,0.01650511171907606,8,0.003939777444333147
618,-1.2227724622391463,1.5289388132564927,0.016438583415441046,12,0.014226810268886537
618,-1.3770531965914563,1.529638479435412,0.016016950824517442,13,0.020892319645537075
619,-1.3647575061976362,-1.6051737433635973,0.016033218864457188,14,0.021653519519072226
619,-1.2358694067117246,-1.621307962334139,0.016028305997174457,8,0.003185708637644865
619,-1.2211480092262108,1.5261645583277235,0.01590522009948092,12,0.01812574755480305
619,-1.3654077596784857,1.532147769124085,0.01611157784948709,11,0.023047825206665866
620,-1.3605867228992452,-1.6229975050868657,0.016657809334568185,11,0.002494575308893126
620,-1.2358477940715755,-1.6308189495693746,0.015893602840668552,9,0.015167893162838694
620,-1.2183794002137345,1.529637854021843,0.015762461158529428,12,0.02544247380523168
620,-1.3719711673642707,1.52733555556846,0.01604619146400911,13,0.019847857946126396
621,-1.354781937809868,-1.6092753519932401,0.015903183510246523,12,0.018069547195301655
621,-1.2369340733067382,-1.6229868542654728,0.01567531193633217,8,0.0018107582634157493
621,-1.2213767706123373,1.5263682348624226,0.01595858638479981,12,0.011476488741321091
621,-1.366665937934039,1.5289815095282693,0.01583978233345456,11,0.020015718632816495
622,-1.3631554295788402,-1.6190446803599514,0.01751114031598272,11,0.0
622,-1.250380560133219,-1.638080485665417,0.01708516331949991,7,0.019744147187310317
622,-1.2158888890083568,1.5281195619413859,0.015956633631105038,12,0.016011014604685694
622,-1.371142263072455,1.525667629009707,0.015916959098473214,12,0.015529944291854269
623,-1.3650009487244708,-1.6039850914029088,0.01631686612341722,13,0.017916250257981717
623,-1.216551751687486,1.5251499866928167,0.01566506479753118,12,0.022034773988906953
623,-1.3738083607103833,1.5245719616280475,0.015869941620259176,12,0.01322276736450196
624,-1.211557247049867,1.529865392315924,0.016377633072748487,12,0.020248668688237065
624,-1.376820132518586,1.5253348846545103,0.015941966599829077,12,0.0139618145991411
625,-1.3559204853820181,-1.6144057643928271,0.016432979996410812,12,0.019708367607563296
625,-1.2407300940682027,-1.6276848578392127,0.016011839880964118,8,0.0028938724418089393
625,-1.2273607186225393,1.5240581350869893,0.016549602616180145,11,0.001472859930735159
625,-1.3738643001025033,1.5260429810199934,0.016036239580752377,12,0.01417873835658409
626,-1.3632434822024155,-1.603492930695519,0.015911261409209277,15,0.021729885118003882
626,-1.2358694067117246,-1.621307962334139,0.016028305997174457,8,0.003185708637644865
626,-1.225031767940328,1.5272207786713334,0.016556715882263977,11,0.0014736946832518364
626,-1.3748121548686123,1.5248736293579432,0.016096580760080637,12,0.016860663492647383
627,-1.243970388211319,-1.6286554366996993,0.01593959981772645,8,0.0030741257925458927
627,-1.2140593081125817,1.5260860990627945,0.016147563441489956,13,0.02401618893767159
627,-1.3730320146105481,1.5262140085823386,0.01589428501105918,12,0.016214762017746652
628,-1.358918642170175,-1.6235814147435206,0.017354072445235673,10,0.0
628,-1.2381529818821186,-1.6321139305927501,0.015584665131576803,9,0.011535873329263313
628,-1.2202773152189157,1.524213645812441,0.015780228837067648,12,0.019465973519820087
628,-1.374586565723066,1.5260397644020516,0.015764177149672848,12,0.011921424802860486
629,-1.3638571297239939,-1.609014679636666,0.01653323172719501,14,0.023436014131849585
629,-1.2370726434790933,-1.6228870945069993,0.016044994317359992,8,0.0031919073972648624
629,-1.2204195401061741,1.5264395798555466,0.016065805107537388,12,0.012566423464291293
629,-1.3700470798173432,1.5254181609347421,0.015946314806010095,12,0.019316432486161828
630,-1.3483943676840926,-1.595222523368929,0.017277964996483215,11,0.0
630,-1.2374967410289217,-1.6236924606878285,0.015759741776692066,8,0.0017723912602432227
630,-1.219140300570329,1.5244594916069831,0.01639175814450969,12,0.014495697333086735
630,-1.3727588879564876,1.5254626749800282,0.016203459589934008,12,0.016613951871013867
631,-1.3665820885448772,-1.605788274385527,0.014743759777532308,14,0.019652111950828666
631,-1.2376617887162134,-1.619827654798972,0.016933136932697837,8,0.004520730943117159
631,-1.2233661212718097,1.5270135157781217,0.01603349333241178,12,0.0165523814619483
631,-1.3753747690458842,1.5287228772512593,0.015978468150807917,11,0.014650539783862335
632,-1.3608931907548787,-1.625932750737377,0.017424737676881026,10,0.0
632,-1.2351495107645207,-1.6323756374337035,0.01596734261304711,10,0.012918033824864552
632,-1.2244219513517156,1.5293183842824707,0.016458074225539493,12,0.012596301310117207
632,-1.3780437471746816,1.5289778289017382,0.016014844125826665,12,0.014196142215803287
633,-1.3642607396272848,-1.5977280043214037,0.016463989500533564,13,0.022163306081048495
633,-1.2521807446334774,-1.640445966901183,0.015981863677869496,7,0.017531643706145135
633,-1.219676251922633,1.5287031622761256,0.016202797226198804,11,0.0209818600184477
633,-1.374906199503738,1.5263823461090553,0.01594101774011273,12,0.018404989840021962
634,-1.3600875696874744,-1.6209162547851783,0.015240964828862093,12,0.003533064340396717
634,-1.2458169621919717,-1.6375661259107859,0.016962036063564164,8,0.020897352344401293
634,-1.220863578935955,1.5260214128168101,0.015402339800966038,12,0.01850564858603763
634,-1.3730970990908953,1.5266380061562213,0.016120867053153732,12,0.01512259115494068
635,-1.2503520305433924,-1.6380519621906915,0.01594649910282378,7,0.01748167543080613
635,-1.2221680723570538,1.5284139612684693,0.016232856930511762,12,0.013392487578235659
635,-1.3685741561542095,1.5273981686571572,0.015852161284256497,11,0.0181496491087301
636,-1.3588803183408025,-1.6255691779930888,0.014752497370399834,12,0.0
636,-1.2369036641219813,-1.623480900953781,0.016026158180875102,8,0.004382957108784095
636,-1.2145834282294146,1.5162745263740267,0.016164440750411936,12,0.017169191790760697
636,-1.367412910459169,1.5273810698815613,0.015864830835539346,11,0.016649235671378593
637,-1.3688520469469487,-1.6039799516573205,0.01623721277100557,13,0.019049008130712863
637,-1.2408097182560056,-1.6339870346678433,0.015906936598029088,9,0.006238001961002063
637,-1.218330042441165,1.5273404403375626,0.01607128643902493,12,0.01653344625106022
637,-1.3776243199460416,1.5266679902245162,0.01580444878786178,12,0.013377456294603848
638,-1.3646394767906145,-1.6039033976142818,0.015850814575731877,14,0.020756746830719208
638,-1.2415726375479341,-1.6301449281235953,0.01601527108960735,8,0.016018726325272285
638,-1.2276319391605488,1.5259087469079768,0.015303565990518053,11,0.0032115621498393487
638,-1.3773356989169523,1.5277254489507857,0.016137691728691544,12,0.014846380574629305
639,-1.3623659295178907,-1.6015835667551706,0.0163585996851325,13,0.019026626503640908
639,-1.2439776823858282,-1.6306833480154712,0.01574127898916089,10,0.020653737466333547
639,-1.2239069138208136,1.527384811206421,0.01600243106816537,12,0.0111827884727403
639,-1.3767452057812144,1.5273486915603764,0.016123921156434184,12,0.011452723288905555
640,-1.3601076171114164,-1.6186070925424907,0.017306922284035457,11,0.0
640,-1.2368476512781446,-1.624953459885609,0.015971544424887886,10,0.012130109083137917
640,-1.2175674931236278,1.525678870534896,0.015638660716133113,12,0.01751694655926604
640,-1.3780885370113478,1.5271813834733314,0.01590217652203897,12,0.013457764212143234
641,-1.3583955685474323,-1.6165699052184972,0.014667633924680512,11,0.0
641,-1.2389202094844318,-1.6318633698992213,0.015807114898593516,10,0.006396666391012292
641,-1.216469198672966,1.5284230259622527,0.01578261714701018,13,0.023399242903591102
641,-1.3753604994691981,1.5253382080546654,0.01593957782914275,12,0.015823870038205207
642,-1.3577633907554985,-1.6021058159801744,0.016003488310937033,12,0.013944224830968686
642,-1.2432653334603296,-1.632936320214214,0.015911703382733504,8,0.016930489693659005
642,-1.2173979732506521,1.527149190662397,0.015925559913056185,13,0.014399659033848237
642,-1.3730985735950454,1.5254452233633409,0.0158788551474538,12,0.018740092394211316
643,-1.3632517961755262,-1.6215204137260093,0.015006464935354156,12,0.0
643,-1.2394487438308532,-1.622160460167128,0.016990466630629565,8,0.004492241597894621
643,-1.219645927514934,1.5267028930937405,0.01603772935513807,12,0.012827185829324156
643,-1.3751039375109897,1.5269297382780467,0.015986982473717992,12,0.015263690598382685
644,-1.3638041154130025,-1.6198164334070246,0.017520051369578397,11,0.0
644,-1.2199402503818217,1.5268382356637653,0.016239623031043638,13,0.020169195642726095
644,-1.37563709946089,1.5262407136326535,0.015927387672703304,12,0.013245548053426271
645,-1.3626536081648108,-1.6046327361440413,0.015593697330817995,13,0.023121679322652598
645,-1.2187832858645393,1.5265238245965642,0.015233276990907556,13,0.0227606492406862
645,-1.3735020353153462,1.5256912814755084,0.015869246106871297,12,0.015080361677211175
646,-1.354196373039466,-1.608543459298469,0.01616048257445589,12,0.01838632896218179
646,-1.237848690512867,-1.6260831763524042,0.01650511171907606,8,0.003939777444333147
646,-1.2223674358165932,1.5271822152797787,0.01605477988628815,12,0.011823465088740728
646,-1.367970969405776,1.5268518191614973,0.016222010227034747,11,0.01580205138559798
647,-1.3695075922909425,-1.6012791670890736,0.015701379784215406,13,0.017298842716959792
647,-1.2379144623179876,-1.619462486556088,0.01703058650837082,8,0.0032425317351882
647,-1.2214116865105769,1.5273351372795907,0.016250712116565633,12,0.01641120214875535
647,-1.3723956666813186,1.5262686872946416,0.015984670565778982,11,0.011891670359416559
648,-1.3545332960898826,-1.6103442294786106,0.015494802152888698,12,0.018379794632393764
648,-1.2372938594385987,-1.625605140730462,0.016005314187719052,9,0.004791721633522632
648,-1.2150327840917936,1.5278326442729595,0.015746900668626503,12,0.02134127794968676
648,-1.3752028691409337,1.5251861617324396,0.015987877379342326,13,0.01940960720745111
649,-1.3662911455416078,-1.616395182785944,0.01750846350462808,11,0.0
649,-1.2406152135842106,-1.6371243316918225,0.015888782528806582,9,0.01501336038181673
649,-1.2188883352011124,1.528144169620127,0.015677446326512055,13,0.016293431216372927
649,-1.3702611957603352,1.525174030853326,0.015759961251360626,12,0.02160123724816643
650,-1.351808850183207,-1.6161610622896068,0.01507621482022507,12,0.016007686173700603
650,-1.2422371883017862,-1.6275447845781084,0.016953821354035347,8,0.017702154803111398
650,-1.2190523395637116,1.5259042297100016,0.015402851276043709,11,0.01675425173068327
650,-1.3677309090047467,1.5272310499135227,0.015946775496483906,12,0.01598978295373195
651,-1.2509898308055372,-1.6388784515172892,0.01709881723476069,7,0.01976305102292397
651,-1.2242158552829532,1.5283437935669906,0.01599323582580276,12,0.013061800940642658
651,-1.3754654528944779,1.5255947304547208,0.016086580525615554,13,0.015269965112580641
652,-1.3623744553097712,-1.6213078821373106,0.01698614990339027,11,0.003455010299705385
652,-1.2366493016948652,-1.6245062266203718,0.016484389301587608,8,0.003933869283335036
652,-1.2215911571392093,1.5279400200760744,0.016377547908434993,12,0.014410976840093336
652,-1.373060534907802,1.5259327891174015,0.015785285978842305,13,0.02228489216136741
653,-1.3629666080449465,-1.604984182494781,0.01570294542520854,14,0.023936373552351516
653,-1.2363644864123664,-1.6219559187427535,0.016209417032405683,8,0.0036308281286112896
653,-1.223482896465237,1.5279076888453578,0.01614176700615301,12,0.013178760336849915
653,-1.3746476193068327,1.5283214103854812,0.016236083987252115,12,0.012452392975625946
654,-1.3636762874074517,-1.6084907686657566,0.016486271372062565,14,0.023039707570575507
654,-1.2211479431683723,1.5288488032312673,0.016389120619592235,12,0.015966214711263176
654,-1.3740152514815207,1.5235963006942006,0.016163410751630147,13,0.01711035965690879
655,-1.3640639277533486,-1.6037831155410975,0.016160873344825914,13,0.02194684668515344
655,-1.2268822520483469,-1.6238364594520316,0.01660458995313523,10,0.014400612429650862
655,-1.2243554368750174,1.5285615406590978,0.015864279939637276,12,0.010596608658607776
655,-1.3645284588433875,1.529852647317826,0.016184126372729875,11,0.0210240095598307
656,-1.2389236746802472,-1.6253146192356445,0.015987894623174046,8,0.0028866913913320833
656,-1.2147217489498292,1.5244801204466725,0.015371174121234423,13,0.0239226874485258
656,-1.3683706037497128,1.5267163701989142,0.015995256655526723,11,0.02173952712026813
657,-1.3647476232722917,-1.6031669392132917,0.016298327358253355,13,0.018399629741509962
657,-1.2289002734325152,1.5274833023534153,0.015326147897882643,12,0.003218765036872574
657,-1.3680982385940332,1.5257476263776324,0.016077367418970288,12,0.020058921579822423
658,-1.358585848346716,-1.604557125533016,0.016012863926587812,12,0.01642093658917939
658,-1.2358885376891484,-1.630569669603232,0.01604855990065568,10,0.008973406316841641
658,-1.2107780521342646,1.5229469052517126,0.015686213932717113,11,0.0207177782013411
658,-1.3742143124341677,1.5252660060396759,0.01586147622667276,12,0.018964822396255916
659,-1.3530979330952129,-1.6177027928764973,0.015096772517190469,11,0.016032773174852518
659,-1.2390468931528236,-1.627658469958784,0.016526716946963005,8,0.00394269337639844
659,-1.215024885896387,1.526936641573658,0.01609851292456408,12,0.02377539159127419
659,-1.3711812440439228,1.5243021232444924,0.015970518585506976,12,0.02011443462425079
660,-1.3642899398538677,-1.6061701675516853,0.015554443807661744,14,0.02161240133742597
660,-1.2402211470692421,-1.6268110593417735,0.016167944699043167,8,0.0035545430543868204
660,-1.2229000028282713,1.5275400694037893,0.015993601402495974,12,0.011352379472264394
660,-1.3719847120833484,1.528300445215346,0.015845882577172815,12,0.016495308893248715
661,-1.3661329735425642,-1.603896198747887,0.016333241190152246,13,0.019233218368957253
661,-1.2362918775517189,-1.6221050165590571,0.015749019377666536,8,0.0017691794687246945
661,-1.213101879717497,1.5258589097306479,0.014874519836314777,12,0.02325065335608206
661,-1.3747939341883761,1.5250628287368833,0.01592061813313542,12,0.014337101741917296
662,-1.3664278288700382,-1.6052005179483466,0.015777830434817924,13,0.018609306921600063
662,-1.2176078470781915,1.5259203786775581,0.01590992638913499,13,0.025058877120620784
662,-1.3761947551697689,1.5247040906252327,0.01597910985325225,12,0.01491573531389182
663,-1.364491675774143,-1.6074374261877185,0.01628714527599328,14,0.023338486594019874
663,-1.2369340733067382,-1.6229868542654728,0.01567531193633217,8,0.0018107582634157493
663,-1.228766628744684,1.5273184778763786,0.016089910427316497,11,0.0028860790966307357
663,-1.377224552871149,1.5244887568834795,0.01596078690248136,12,0.014304376608483884
664,-1.2397076844243173,-1.6275264641625833,0.016183662216608528,8,0.01651195185231779
664,-1.2117321680660704,1.5296791193845152,0.016304203099841045,13,0.022556324185598123
664,-1.373157225795999,1.525635418276211,0.01617668762406296,12,0.01497152865868175
665,-1.2201723794302886,1.526607357964317,0.016150574574989075,11,0.014373446992814069
665,-1.3751412241477217,1.5254685368714067,0.015822777818407577,12,0.018058185781588455
666,-1.3660574727199033,-1.6018892149708661,0.01604493984976619,14,0.023685212198545517
666,-1.2381694605830669,-1.6243252707919595,0.016234855482982657,8,0.003641664507908433
666,-1.214594034155405,1.5287274077162414,0.016299293052046804,12,0.022931367827333834
666,-1.3717213227543577,1.5268031786552017,0.015983537649645017,13,0.020024686998459138
667,-1.3634332065171078,-1.6067616246161445,0.016044320179205752,14,0.023471564115620413
667,-1.2394808922950344,-1.6260460531066305,0.01607882140386391,8,0.003207685849260827
667,-1.2220695040760878,1.5261079439228404,0.015953685025505645,12,0.019624461366610228
667,-1.3695218159971356,1.528824467765475,0.01593663957046949,12,0.018292296564989596
668,-1.3594171836414806,-1.616992289436862,0.015492843763987883,11,0.0029575052762770217
668,-1.2385235498034302,-1.6345526080647612,0.015524838018368098,9,0.012587010144669385
668,-1.2183472634209729,1.5305864066029096,0.016061106552113007,12,0.018806492418552513
668,-1.3763291312101191,1.5246805729737172,0.01582822890479994,12,0.014461648947765127
669,-1.364151185556604,-1.6055735589140194,0.016027034864696355,14,0.021935914941717947
669,-1.2394487438308532,-1.622160460167128,0.016990466630629565,8,0.004492241597894621
669,-1.2189212526746929,1.5246454887441252,0.016102923017526142,12,0.012720078896293625
669,-1.3731799831149385,1.5224886104040596,0.015900151546958383,12,0.021826367164797047
670,-1.3652418010817857,-1.60872528308699,0.0161576700689147,14,0.01847070060230825
670,-1.2368263209566337,-1.6227476450961749,0.015889963262129117,8,0.0017319979470011128
670,-1.2233222793879064,1.5270220119121376,0.016046109832228792,12,0.016889686507763922
670,-1.3772590894763466,1.526612814220854,0.01622943058201419,12,0.014304285298865495
671,-1.3624991552721117,-1.618266171999816,0.017493030874241394,10,0.0
671,-1.2205178155547867,1.5259766058017123,0.016135699830549088,12,0.014523248886741542
671,-1.3702846164477769,1.5257185672554512,0.01584939370488395,11,0.01646206209563737
672,-1.3609970004582859,-1.6196664170213904,0.01471207751064605,11,0.0
672,-1.2371761493376472,-1.632345283240267,0.016660873062154555,9,0.014340989996988103
672,-1.2234033413904801,1.5267124687556597,0.01635266332954769,12,0.003102891023027112
672,-1.3698943589655965,1.5254564240565343,0.016123001336623685,12,0.018654296903655852
673,-1.239934222053074,-1.6299150431973002,0.015951540295056632,9,0.004149694264947218
673,-1.2073931640902358,1.5173267682960023,0.015407282800498613,11,0.019953430813064606
673,-1.3722500396197144,1.525344670675565,0.01583672971733514,12,0.014575290861673439
674,-1.3604337155729862,-1.6166095962638474,0.016245524519574818,11,0.0033724522654834154
674,-1.2415726375479341,-1.6301449281235953,0.01601527108960735,8,0.016018726325272285
674,-1.2221282879234727,1.5270687570831252,0.015947694759679026,12,0.012923085388300663
674,-1.371860614677275,1.5288579905321733,0.015879618317362593,12,0.01633694768677873
675,-1.3558928373781232,-1.6081125611466536,0.015855323446607422,12,0.016697386318971948
675,-1.220962148181736,1.527153558413633,0.016365291701887323,12,0.014399016834234403
675,-1.3686842190692121,1.5272649016855457,0.015966997946994778,12,0.019932292364381144
676,-1.3511603569312376,-1.6153890124211934,0.015066021235051009,11,0.016001882621519206
676,-1.2398662666030473,-1.634941257080192,0.015940872562919026,10,0.010760841251843286
676,-1.219864133824261,1.524387500656961,0.01586482806049689,12,0.017580629724511965
676,-1.3739594166716795,1.5261201516758658,0.015840610909945235,12,0.01268773446226168
677,-1.3569905073101984,-1.6116477932056348,0.01673561986030267,12,0.01836595679131746
677,-1.2534433110055072,-1.6421072801542838,0.015222663055558682,7,0.015818593580526872
677,-1.2222106749239154,1.5301186439035361,0.01648177884576708,12,0.012978207461644716
677,-1.3706173023227917,1.5273843164464531,0.015925334403573584,11,0.018572360263638617
678,-1.3523882385966797,-1.6126207139684072,0.017276617181603685,11,0.023350244782057807
678,-1.2443147164682247,-1.635127937430828,0.015866302189620717,10,0.003234942030959475
678,-1.2233021397603,1.5291319252749884,0.015926120978849885,12,0.013413343331588452
678,-1.3705514110696924,1.5281526121428883,0.01637902021059553,11,0.016676274426376512
679,-1.3637019318686026,-1.6031465429923737,0.015710917950565093,13,0.01883699701154961
679,-1.2366963534524562,-1.6285703847061326,0.015705660659584144,9,0.006174733279747154
679,-1.2221020686910633,1.5269126030476818,0.016391703175364584,12,0.015792229743306498
679,-1.3744671295886224,1.5285626124010394,0.015945751802327747,11,0.013614641352339649
680,-1.3627272531502899,-1.6217252989434625,0.017379528992348462,11,0.0
680,-1.2217773836296726,1.5289137108446818,0.016461231085360527,11,0.016261919949304992
680,-1.3738013220180616,1.5284277459451354,0.01605500668606943,11,0.015411489369429592
681,-1.2231298637323182,1.5143306549994913,0.014864950339724006,11,0.019568497072443618
681,-1.3730119884884322,1.527892182836802,0.015912064173119685,13,0.014265161461222843
682,-1.3530979330952129,-1.6177027928764973,0.015096772517190469,12,0.016032773174852518
682,-1.2382354636508968,-1.6330900886696835,0.016980715265370334,7,0.019746663546885854
682,-1.2226241230634918,1.5288456996619337,0.015566655053012541,12,0.0156756591096768
682,-1.3729896904472387,1.5266498869189247,0.015718507158603474,12,0.013642589477355936
683,-1.3522237569614712,-1.6101664174532693,0.016611667240839637,12,0.022514414772403304
683,-1.2377189005121907,-1.6237343049231392,0.01597216358969831,8,0.002880333456362193
683,-1.2181628076016666,1.526108755570048,0.0158713747307818,12,0.023490038851099553
683,-1.3733473200525652,1.5261889410779308,0.016016420974705542,12,0.015895323890270697
684,-1.3652832529909416,-1.6042613747668848,0.014718451075903078,14,0.019623366629583094
684,-1.2355016814922637,-1.6162587723826622,0.01703997209982167,8,0.0031676579211105693
684,-1.223404225804856,1.5267097418251787,0.015281127920154949,11,0.0032189282987106897
684,-1.3755675251763018,1.5248074465603285,0.015791493308719914,12,0.016537987058917868
685,-1.358918642170175,-1.6235814147435206,0.017354072445235673,10,0.0
685,-1.2285604249221962,-1.618219826241658,0.01589223975269507,9,0.0028525236929668836
685,-1.2217985924917822,1.5280039365404774,0.016127966668230093,12,0.013521148672424373
685,-1.3750054671315401,1.52636450546374,0.015949053850663183,12,0.011566053859724168
686,-1.355247008019469,-1.6073465179065203,0.01584462901730277,12,0.01668128102590963
686,-1.2381694605830669,-1.6243252707919595,0.016234855482982657,8,0.003641664507908433
686,-1.2182247351060531,1.5304606623397383,0.01575144623176271,13,0.020839349779979466
686,-1.3742751868308716,1.5267600704382698,0.016294691528131806,12,0.015745313123689715
687,-1.3629956529331144,-1.6151002041037077,0.017219806118896938,11,0.0021389739313246487
687,-1.234773634873206,-1.6306917428979484,0.015800546517411123,11,0.011829346550850045
687,-1.211742883955826,1.5268792165248057,0.015724489102156406,12,0.022924806339103036
687,-1.3753596434425557,1.5256602908506836,0.015822904709530294,12,0.019089815484281947
688,-1.365791263603322,-1.6068705838449036,0.016384147388979555,14,0.0211139227512988
688,-1.240893114075834,-1.6265608842469934,0.01595962313888866,8,0.014323287222577044
688,-1.2203492797782098,1.527828686344906,0.016086236817919996,12,0.021442350674370017
688,-1.3735957516514024,1.5226268778785246,0.015992426353587663,11,0.021091626485544294
689,-1.3502690405594402,-1.6059671340236277,0.016559791446706884,11,0.021865926272210227
689,-1.2418633500076066,-1.6323805225114532,0.01577757414584148,8,0.01842649028543677
689,-1.2189900010103727,1.5253252031568003,0.016061621586007928,12,0.018911349982669003
689,-1.3721065827370253,1.5271207471710642,0.01594017159905532,11,0.014293747937245284
690,-1.35257766873249,-1.6038272645036584,0.015805999475236848,12,0.018035193774403144
690,-1.2382473268724756,-1.6205869521157865,0.016968236639496585,8,0.004477668259453363
690,-1.2177270564359723,1.5245623850808445,0.01591726913025992,12,0.01986032822950969
690,-1.370559280767432,1.5271246829824485,0.016005004184871715,12,0.02023206636157906
691,-1.3563508558348272,-1.6094671746326814,0.015983504674870485,12,0.017024511969116553
691,-1.220621869130628,1.5270136303778556,0.015545624659214918,12,0.01398754641444893
691,-1.3768360702759401,1.5256261816907073,0.016249575642943558,12,0.01457347894198127
692,-1.3644531197349599,-1.6034717523893884,0.016065603442588425,13,0.016789521469051705
692,-1.2336687661785697,-1.6300320924763554,0.015704387301727168,10,0.013316640058566264
692,-1.2195204077876418,1.5281150885339005,0.016028377950475133,12,0.020980870330803952
692,-1.3784288864246417,1.52559204987928,0.01624786660624131,13,0.012823221004408669
693,-1.2394578731108066,-1.6313396280776218,0.01596846307648956,9,0.005733701648772458
693,-1.2240058769140865,1.5295011456837333,0.015705705502141485,12,0.012996658150530596
693,-1.377148471113569,1.5278917452280265,0.01569887689587166,12,0.011823282768927057
694,-1.3601007179174716,-1.6036461277913026,0.01558230182248433,14,0.021623730648004033
694,-1.2505150467116417,-1.6392288346840023,0.015749865234344722,7,0.017350615010029796
694,-1.221895390277475,1.5260560939069243,0.0160947933834722,11,0.018174856121586765
694,-1.3751763929823395,1.5262781693245522,0.015999789451398738,12,0.016608410514618265
695,-1.3634611792106712,-1.6053036251286652,0.015883560367709996,14,0.02119898232151587
695,-1.236646064864594,-1.6221490201223316,0.016028295195017903,8,0.003273526556622442
695,-1.2233588464923992,1.5256307437260086,0.016131785554544517,12,0.018525989302508417
695,-1.37503961750258,1.524817078517421,0.015788212475189745,12,0.016896233648113275
696,-1.3545096197581168,-1.6080642260468065,0.015539901265018082,12,0.017172924834572906
696,-1.2375857165241178,-1.6246700982710034,0.016445114980917205,8,0.01723631623744609
696,-1.215720836623504,1.5276238704216998,0.016211540423148492,12,0.0201555398453859
696,-1.376810022658433,1.525260119966533,0.016093940517449497,13,0.017257645739308606
697,-1.3662911455416078,-1.616395182785944,0.01750846350462808,11,0.0
697,-1.2302682392335533,-1.6343589980462736,0.015698061376121113,11,0.019252513559657798
697,-1.2171140170468902,1.5261757767244069,0.016096307799803825,12,0.01879973100235351
697,-1.3749158128606693,1.5259783898027302,0.015998234479456665,12,0.0126203072565258
698,-1.3612715100545476,-1.6189313286935672,0.015434042712040455,11,0.0026976203119283204
698,-1.2377696003203293,-1.6259785772868778,0.015713739206623226,8,0.0035168706488119296
698,-1.2179759553762466,1.5283669633674568,0.015671659027860524,12,0.01809778682800596
698,-1.3723292129294302,1.5268627215197366,0.01568063843981879,10,0.013416158619714565
699,-1.3611996954633954,-1.6167218159852834,0.0174729553540024,10,0.0
699,-1.2372169604403997,-1.6291492080607388,0.016096207663668784,10,0.006879471584327428
699,-1.2218388745095379,1.526171460630895,0.016439994155226522,12,0.016692506559281367
699,-1.375138743884748,1.5267512258162665,0.01603160126584218,11,0.011489263316047866
700,-1.3636762874074517,-1.6084907686657566,0.016486271372062565,14,0.023039707570575507
700,-1.2353103601248576,-1.6205749428943104,0.015939545018711,8,0.00286849578223253
700,-1.2196030259232642,1.5274211172961483,0.016105294715740442,12,0.0156359215402795
700,-1.3686407167337986,1.524642068304841,0.01635141649474455,12,0.016423024288747954
701,-1.3555579213483016,-1.6086860281918334,0.015967889320848656,12,0.0189071733762636
701,-1.2376751650241937,-1.6236769319436597,0.01605327282230905,8,0.003196640425752846
701,-1.2150926083727276,1.5275859811621155,0.015605603555051332,12,0.022248407091497207
701,-1.3677850231050748,1.5222246546432963,0.015962863284908188,11,0.020174526619874473
702,-1.3673430033683671,-1.6017844754010713,0.01596280367371358,13,0.01986952344654525
702,-1.239521664971834,-1.6260995263351428,0.01598399833061231,8,0.002742322235769593
702,-1.2211583591966286,1.525678809174861,0.01568171319515186,12,0.016443080417565214
702,-1.3696645109776764,1.5227241460135006,0.01608267315706508,13,0.02190114163438425
703,-1.360469324626198,-1.598481600503575,0.01588501895627373,13,0.023124686274469234
703,-1.2396613197142599,-1.6248973989952535,0.016012574054138445,8,0.014366417621671776
703,-1.221924821490616,1.5127507269242593,0.014853174185616783,11,0.020695018418272246
703,-1.3660494485872345,1.5255357779768013,0.016060338857252707,11,0.024920526413996717
704,-1.3679151690402112,-1.6064522089997386,0.01598123098457656,15,0.02246341686602095
704,-1.2383701727400875,-1.6267683736793586,0.015722755529680266,8,0.0035183106987275344
704,-1.2237370076873222,1.52796083873977,0.016122518852198658,12,0.012115604233389702
704,-1.3749174682139558,1.5253403674765518,0.01566156853461865,12,0.00927570683764763
705,-1.3557309288551656,-1.6080271033814781,0.016744719403134104,12,0.017995111278831355
705,-1.2382473268724756,-1.6205869521157865,0.016968236639496585,8,0.004477668259453363
705,-1.2211276889272973,1.528313657484278,0.016271452791440374,12,0.011034005893145769
705,-1.3731776059911154,1.5255292417998245,0.015973335130375594,11,0.016882467740943975
706,-1.3637331266724488,-1.6076543163185484,0.016145895325190295,14,0.017934567773417443
706,-1.2384813104154933,-1.6233882680889138,0.015925445994140225,8,0.014288202123660495
706,-1.2126342521535187,1.5274529913540478,0.015874408368721678,12,0.020458662972799465
706,-1.3709553049832888,1.5263206414446522,0.01579627082019933,12,0.01749175125339372
707,-1.3662032791897705,-1.605509822461203,0.015884799361644407,13,0.019858242763553004
707,-1.2418692543688474,-1.6329283940482937,0.016243425216492077,9,0.0057465350185775255
707,-1.2176538882286296,1.527160402138696,0.015896276939487003,12,0.01728791343503553
707,-1.3748495190352643,1.5271542415450825,0.015751202045731202,12,0.014018445745006972
708,-1.3617827089006116,-1.6180365476737624,0.016627494459352493,11,0.0024929147123744803
708,-1.223931190923377,-1.6142888286766819,0.01630266147470283,9,0.003869987314338114
708,-1.211009050005487,1.5277092678421427,0.016646574631364482,12,0.02071357845062345
708,-1.370806581030245,1.5262775996561826,0.015974768593603833,13,0.021684110132420928
709,-1.3592166346337287,-1.6175461636552686,0.01610336736242704,11,0.0041769964912273545
709,-1.2265064515046014,-1.617684917017086,0.016175025650239705,9,0.004482209652729535
709,-1.2260180185863823,1.5272229987490378,0.01582946159401357,12,0.00291849182457106
709,-1.3719248025687334,1.5284615026511592,0.015894700541393456,13,0.017316333869619734
710,-1.354219085938684,-1.608243990695535,0.016163610628583625,12,0.019591681638594954
710,-1.2388163894736115,-1.6213167645284663,0.017027618044278495,8,0.00439443676586607
710,-1.2151750340617467,1.5251051792103878,0.016054656012024326,13,0.022471269707933027
710,-1.3682927008324834,1.5270681757978446,0.015794809181040245,11,0.017430148792259414
711,-1.239521664971834,-1.6260995263351428,0.01598399833061231,9,0.002742322235769593
711,-1.2220930744704601,1.5265140521356346,0.015990742172405224,12,0.016426852570934704
711,-1.3748547258542911,1.5280044859271147,0.01603867376082844,12,0.016307525502864493
712,-1.3550076326679918,-1.6137425271412735,0.015798956898627446,12,0.018455731992463382
712,-1.2427662011413905,-1.6312449086153886,0.016388867511198956,8,0.017201143961752763
712,-1.2237728501022516,1.527195211323514,0.016522315851512856,12,0.010873535772570934
712,-1.374561096268088,1.5256242398480921,0.0161619873997872,12,0.014664846771722275
713,-1.3608931907548787,-1.625932750737377,0.017424737676881026,10,0.0
713,-1.238539589032936,-1.6274269419380403,0.016012724923469647,9,0.003913327203154111
713,-1.2226079113066042,1.5270391355679018,0.015863977017446084,12,0.011261098579718912
713,-1.3762888584898585,1.525767009455815,0.01599745636319041,11,0.01099207429655676
714,-1.3502970712097526,-1.6078733434416663,0.01656475258270048,11,0.022443893484804127
714,-1.2405971285288506,-1.6307857235137606,0.016604675302965905,7,0.0021982797768901018
714,-1.2236656520642195,1.5268184553869275,0.01617016500327148,12,0.010886847450287507
714,-1.3741534257137333,1.5259093593144863,0.015740933733463306,12,0.0141654901254331
715,-1.365149482281107,-1.6089249988144665,0.016620532285898902,14,0.01887256112722449
715,-1.2485248675705596,-1.641135969013521,0.015901555614779447,8,0.018613504699037678
715,-1.222079640488505,1.5256660498946641,0.016180486851002582,12,0.0153642086570745
715,-1.3722185883344642,1.5265593989446407,0.015829421071888884,12,0.01781857056528679
716,-1.363375032910692,-1.6224987271247102,0.01738809923709669,11,0.0
716,-1.2252881790335053,-1.618560835529107,0.01563499381463379,10,0.00470806389781769
716,-1.222583926910624,1.5268905573398721,0.01623773135693705,12,0.011980519890108324
716,-1.3720656905340602,1.5251639606176852,0.0158488623463654,11,0.015691382100155315
717,-1.3506674955974196,-1.611750301470781,0.016442855013110626,12,0.02324152854974757
717,-1.2515998276644358,-1.639677178002521,0.01711337058372506,7,0.0197846716362227
717,-1.2225743421162882,1.5272753036756996,0.01612028377232601,12,0.017382926665553685
717,-1.370581350296358,1.5237549348370694,0.01605975167619551,12,0.015384080706662563
718,-1.3610402983165162,-1.6133543465012354,0.016071923352925236,11,0.004174893793514209
718,-1.2176907509338042,-1.613631641739986,0.017498640381757184,11,0.0
718,-1.2148491051261383,1.524252682316272,0.015826424894146714,12,0.024111548661803428
718,-1.3755217201705825,1.52408800362758,0.015842545650348604,12,0.01305071573336766
719,-1.3656121517909168,-1.6031141852891493,0.015975237498281593,14,0.021158180635447468
719,-1.2376617887162134,-1.619827654798972,0.016933136932697837,8,0.004520730943117159
719,-1.222467750094936,1.5261353956242707,0.016505122457595372,12,0.012106533042334944
719,-1.374167267029422,1.5270807661732204,0.016156193672278826,12,0.014649062082741056
720,-1.3541937903072778,-1.6063853491403723,0.016172472496134255,12,0.016955242903421097
720,-1.2207143197661605,1.5268203091378838,0.016218923404353602,12,0.013496191795611847
720,-1.369446911294281,1.526548404206821,0.015941616281599246,11,0.01625970748615329
721,-1.3645837048780127,-1.6065043425625718,0.01597080772848638,14,0.022423873167976588
721,-1.2393726633282744,-1.6259040847367425,0.016252818074426086,8,0.0036502869281319576
721,-1.22081418022989,1.527361361044141,0.01588794340510722,11,0.013605175367448843
721,-1.371854929238454,1.5264996608135524,0.01592794404007314,12,0.01835289653170847
722,-1.3637469956469659,-1.6056464416751814,0.01584759317193212,14,0.023412432427704022
722,-1.2397592884974402,-1.6282668256521158,0.017131115448542383,8,0.01985724562546225
722,-1.2230939926462427,1.5272822198537674,0.016127595588493047,12,0.0184545197974271
722,-1.374976798240249,1.5250727398732455,0.01589309833785456,12,0.014442390055693326
723,-1.3501744452081095,-1.6163068119097967,0.015567321635963848,12,0.017589739753840695
723,-1.2376550621666667,-1.6198161673102576,0.016942687113879622,8,0.004521786695958629
723,-1.2230939926462427,1.5272822198537674,0.016127595588493047,12,0.0184545197974271
723,-1.3759222640947637,1.5247896035307233,0.0158826997397683,12,0.0172125405788869
724,-1.3502970712097526,-1.6078733434416663,0.01656475258270048,11,0.022443893484804127
724,-1.216561782888583,1.5253857420398789,0.01574050666719211,11,0.01979713079047081
724,-1.3747804586694141,1.5266250319127281,0.015934329464117453,12,0.013726223932398501
725,-1.3554858976355688,-1.6100758100299322,0.01618533240307144,12,0.018424405704371375
725,-1.2503992211775723,-1.6381200656911508,0.015171847785251607,7,0.015746516783438344
725,-1.2219355800342016,1.5283654282083503,0.016433944411673184,12,0.016199636595346713
725,-1.3688650361729437,1.5248520602515747,0.01600839479039268,11,0.01825895301349087
726,-1.35551644885418,-1.6160562382645633,0.01644965952528439,12,0.019155621362840512
726,-1.2348050315204484,-1.6196886733168547,0.016103903905971276,8,0.0035294440294046637
726,-1.2229948065035467,1.5276283348281954,0.015898225808405015,12,0.011460668231424834
726,-1.3647191902253308,1.51991164796986,0.015941101376168918,13,0.017564969918130682
727,-1.3626091680310572,-1.5994306941251815,0.016212664650129303,13,0.023953191039689542
727,-1.247478774891832,-1.63325032071876,0.01622917073899698,8,0.0034120173489110305
727,-1.2226753308287102,1.527800658161819,0.01579925711623264,12,0.012543863437793373
727,-1.3746535862719937,1.5245365124671795,0.01572954321487465,13,0.013595051532605575
728,-1.3576054467421452,-1.616962964824419,0.0166791353356799,12,0.017871349898304086
728,-1.2357640989661223,-1.6211698162955426,0.016198122466709382,8,0.003624483026503979
728,-1.2227525614602424,1.5270089328639254,0.016410304103497097,12,0.01659350648146758
728,-1.374159747875534,1.5252323821311569,0.01602950478653439,13,0.018012825485084396
729,-1.36140310218787,-1.6195189886032157,0.01606256502280683,11,0.0028639323811779204
729,-1.243914099746867,-1.6351500663658922,0.015911167335853224,10,0.003472201979666417
729,-1.2211876165994087,1.5270241740081774,0.016139837490437882,12,0.014265861875866918
729,-1.373638457430958,1.5249967091104535,0.01579103353345569,12,0.014556840659393035
730,-1.2372182047130924,-1.629257859330265,0.015818282005256437,9,0.006119994654900953
730,-1.21573083795344,1.523674406854323,0.015731225137972184,12,0.02329412321209653
730,-1.3754464085253861,1.5229117118591018,0.016217455663909162,12,0.01849734532156873
731,-1.3550776322564428,-1.6134612841638891,0.01664376184452682,12,0.020194769020155105
731,-1.2388163894736115,-1.6213167645284663,0.017027618044278495,8,0.00439443676586607
731,-1.2187268153934605,1.526492091855956,0.016196243189435796,11,0.022570652972763953
731,-1.3783593429785435,1.5259404170633182,0.01607023209102253,12,0.010204268830431289
732,-1.3660549627223253,-1.6066995612206003,0.01605635440823573,14,0.02168304509945236
732,-1.2375648911600927,-1.6277365827809986,0.015857404485254807,9,0.004733931176722944
732,-1.2215229246930002,1.5256136916733702,0.015668065563581246,12,0.016305138787984428
732,-1.3741376313458118,1.5264334241748012,0.015891434469884357,12,0.015314232142417748
733,-1.3616954687640024,-1.6141290831810708,0.016086636428902304,11,0.00417653732671419
733,-1.2311177028489027,1.5272069562200055,0.016201067130146386,12,0.002834892836735622
733,-1.3766624970498091,1.5252502156564653,0.015863967584727183,12,0.01761889742320107
734,-1.3643757672607673,-1.6029101746473482,0.016343346430905382,13,0.02134607293309465
734,-1.2369340733067382,-1.6229868542654728,0.01567531193633217,8,0.0018107582634157493
734,-1.2218666941389174,1.5279582515875836,0.015731332604712336,12,0.022591190800849162
734,-1.379610256175118,1.5248501764754239,0.01605052585270801,12,0.01348700011639307
735,-1.3595802425791348,-1.6243665487615513,0.017380814621004274,11,0.0
735,-1.2155961536799305,1.5283099511105356,0.016274102663382233,12,0.022113053106231472
735,-1.3725095411085275,1.5288799316026849,0.01617942071196808,13,0.021211937531273806
736,-1.3623077574258642,-1.6054045321748398,0.016262354075021877,14,0.021784320092351997
736,-1.2515714668280038,-1.6396480124639676,0.01597013870584407,7,0.017514966667701172
736,-1.2188040189494997,1.5265606281588435,0.015913462315113185,12,0.019320144133634174
736,-1.3756660373352017,1.527386524680523,0.015805273572684197,11,0.0128711322897415
737,-1.366247405947725,-1.603146977887183,0.01578211611769396,13,0.02041467780917337
737,-1.2267397871519945,-1.6169070971389938,0.01587749479912024,9,0.0039003915389447196
737,-1.2188732358046868,1.5262112616153531,0.01606226814345962,13,0.026234212749318597
737,-1.375362413426604,1.5257608035911447,0.01582693141220753,12,0.015258395864358494
738,-1.3595802425791348,-1.6243665487615513,0.017380814621004274,10,0.0
738,-1.237848690512867,-1.6260831763524042,0.01650511171907606,8,0.003939777444333147
738,-1.2304812141090562,1.5264156245828855,0.016184957939487495,12,0.0028370765585223907
738,-1.3761907270253408,1.5259037484833562,0.015799450763286812,13,0.0166032379516669
739,-1.3570634249250682,-1.6086611902646086,0.017422828687820146,12,0.0194463359373239
739,-1.23870603103803,-1.6258470416397894,0.01605476840014531,8,0.0043947740383194385
739,-1.2262505766374112,1.527224421384359,0.01616269371673492,11,0.002827478895048972
739,-1.375539056261298,1.5252143601863377,0.015861720170743113,12,0.017312972180197124
740,-1.2399535762297518,-1.632757443659129,0.015980100089306348,9,0.0035317429509604467
740,-1.2185669770899983,1.5267688999038886,0.015930930452522956,13,0.025972382367500067
740,-1.3771459278914528,1.526134831858777,0.015971091905960053,12,0.015312370727868025
741,-1.3530830158101415,-1.6060586582467555,0.017233322463895084,11,0.019714355886634585
741,-1.236471463851539,-1.6220962799868037,0.01603721560709227,8,0.0031904499256749635
741,-1.2168094317515081,1.5264302828013123,0.016260491284572718,12,0.02389941254892587
741,-1.3742792306796838,1.5278290576784104,0.01577930283390338,13,0.01708998015372404
742,-1.358140452464918,-1.6200569120409887,0.01482620266745471,12,0.004385845317683966
742,-1.2347080405977156,-1.6197853503068833,0.01593112197484597,8,0.002866199629158819
742,-1.2134033869840894,1.5165073875954795,0.01616341167399111,13,0.021073426400597763
742,-1.373469592971464,1.5287421856741605,0.0160036514252052,11,0.01576961441192396
743,-1.3498413983711277,-1.606403652774669,0.015644363686711762,12,0.021332322581430932
743,-1.26868775775174,-1.6510339482006093,0.01667494977931411,6,0.0
743,-1.2255373617458065,1.527358070630579,0.01610286272011142,12,0.003927511931228759
743,-1.3770787117087453,1.5256204930148904,0.0160186071066555,13,0.015425731297077546
744,-1.3618350172709306,-1.6076994951658414,0.015916167835762853,14,0.021126620679026327
744,-1.24618428858537,-1.6290967973317585,0.015827074273834712,8,0.0033165288694855972
744,-1.222491468332244,1.5271093323907918,0.016236892544406547,12,0.01192203977742484
744,-1.372271653304099,1.5264548214925164,0.015927171541297518,12,0.01507693683777902
745,-1.3660835376691078,-1.6053816114216077,0.01589925403600241,13,0.019522779608456216
745,-1.2433106719354268,-1.6343574489162989,0.015906549551046624,9,0.0034693562702313155
745,-1.2221859894226514,1.5263368081692987,0.016084397261115352,12,0.01314971497396075
745,-1.3757874306486089,1.5251118112694682,0.016116301826335677,12,0.014094175561439246
746,-1.3561307622854288,-1.6108423113477457,0.016196408752308405,12,0.01843904561523319
746,-1.22161880342013,1.5269472580660721,0.016326635424553954,12,0.014401610686098769
746,-1.3751437667976816,1.5259622816527771,0.015890552563571456,12,0.014336547950182469
747,-1.360461699240671,-1.6174359909938132,0.014808172078405336,10,0.0016700113616254066
747,-1.2169797042442378,1.5277744515528193,0.01576297422518964,13,0.021928724733915453
747,-1.3744935138894687,1.5272645330301053,0.016322235694886843,12,0.016010301016392267
748,-1.2355300892887853,-1.6306870722640203,0.016145440659166482,10,0.01009546948449936
748,-1.2184231907905836,1.525115222862868,0.015388410110342877,11,0.01674049404092812
748,-1.3750519626547135,1.5273108475756463,0.01603549755358379,12,0.014201531307528712
749,-1.3562834310923135,-1.622463528895157,0.014703995576543526,12,0.0
749,-1.2410319527336708,-1.6259560060404483,0.015802359391087952,8,0.015651344425139976
749,-1.2227375489035297,1.527564318938284,0.015950185017659862,12,0.013584276162668139
749,-1.3761678807881534,1.526160613383005,0.015862616380744772,12,0.016024565853498346
750,-1.3636251534060855,-1.6074811409114023,0.015952280549021376,14,0.022081040830750076
750,-1.2498088195356896,-1.6373342569215634,0.015765703103909397,7,0.018301147541121127
750,-1.2174833899025235,1.5303375015814467,0.015998386583956362,13,0.0163522584726727
750,-1.376183394827881,1.5264724098642874,0.015891711423425003,12,0.015947704463968454
751,-1.3634944257956874,-1.6086524411066763,0.015335866021820707,15,0.023784994952992067
751,-1.2381843926738996,-1.6269554423932102,0.01608165680330628,9,0.014830911214123233
751,-1.2229636012049316,1.527699744805876,0.01612015721509042,12,0.012077126080110478
751,-1.3743701452476866,1.5243095973464649,0.01574015265130896,12,0.01966027835710452
752,-1.362846976225777,-1.6078884278028744,0.015323428558331043,14,0.023767865520598272
752,-1.2347696300720834,-1.622037968534504,0.01566254528592524,8,0.003502795106785527
752,-1.2107153964961033,1.5265694631858335,0.015459659760476576,11,0.02110350788620457
752,-1.3745425156022348,1.5251339471829854,0.016135569630234922,12,0.01915783786610618
753,-1.3688589667111528,-1.5998965704818664,0.016332097066002985,14,0.018221620338845477
753,-1.2356898175363076,-1.6213105454316568,0.01574436636271316,8,0.0017670353088388496
753,-1.2196286545730821,1.5258619596936573,0.016016908825111507,12,0.01968114607367606
753,-1.3721065827370253,1.5271207471710642,0.01594017159905532,11,0.014293747937245284
754,-1.3663251801984706,-1.6090729444523926,0.014926770998020334,14,0.020887020388702316
754,-1.2534484060641915,-1.6410651859707215,0.016923392592983526,7,0.007338638806921871
754,-1.218573648610804,1.5238909482811287,0.015771741537096345,13,0.024849536912228173
754,-1.3752461864928944,1.5262037634495997,0.015800394137259848,12,0.013965795620920759
755,-1.3565538163397186,-1.620753083854552,0.01468900451858206,11,0.0
755,-1.2314519843875178,-1.635009242875071,0.015670132489973138,11,0.01949423838836523
755,-1.2233187250689939,1.5264069477838327,0.015900454063176982,12,0.011002604723023179
755,-1.376226393300733,1.5263585833449496,0.016059052621072954,12,0.01577244132360805
756,-1.3602217524604974,-1.6251358731155254,0.01738278062706475,10,0.0
756,-1.2386700092407612,-1.6319722787867348,0.0159383281884765,9,0.011671794283659883
756,-1.2226759172260964,1.5284668814536873,0.016207452354438896,12,0.013790007811047883
756,-1.3760298693540562,1.525988726667009,0.016344523068606873,13,0.015494773125955543
757,-1.2275173581633683,-1.6190190868981518,0.016370543038815216,9,0.0038910717220097053
757,-1.2237127676565056,1.527724165561028,0.015904628285498292,12,0.010840890215307073
757,-1.3795620146209262,1.5274096532359034,0.01597247259610724,12,0.011000549295818084
758,-1.3636440729999468,-1.6180307999036672,0.016110270507637067,11,0.00568088265637518
758,-1.2401239067914915,-1.6268883224690098,0.01599241318163111,8,0.002744498494538494
758,-1.2209064364454527,1.524999056489291,0.015790383192618662,12,0.01947993427040214
758,-1.375305655705377,1.526769599513683,0.015751412029930998,12,0.01551338860117476
759,-1.3631338260742618,-1.599649425357132,0.015522480065362795,13,0.01947462804146313
759,-1.2139607109389752,1.5242259841766184,0.015717126196279903,12,0.02092743871294276
759,-1.3783943640267962,1.5264254374623987,0.01597477100599826,12,0.014172378414635525
760,-1.3598775246164956,-1.6217624738705756,0.01669809712841655,12,0.0023145997448449
760,-1.2515714668280038,-1.6396480124639676,0.01597013870584407,7,0.017514966667701172
760,-1.2195276689479488,1.5279308563702176,0.016098112330751983,12,0.01978815970632982
760,-1.3723422752120202,1.527360512596114,0.015795148767444027,12,0.016969642714196723
761,-1.3682104900306704,-1.5991402866090145,0.016319056472030972,14,0.01820594549939862
761,-1.2397592884974402,-1.6282668256521158,0.017131115448542383,8,0.01985724562546225
761,-1.220339023647029,1.5277890393825007,0.0159572732407285,13,0.01704954610228137
761,-1.3684543668555347,1.5239778317432706,0.01604157700652985,13,0.01962123308941652
762,-1.2375253078503552,-1.6234801436936266,0.015955902296274922,7,0.0013602432976662412
762,-1.218946428442384,1.527224976381114,0.016246653833509248,12,0.018757216292045457
762,-1.3696039589346944,1.5249895821091555,0.016223893092879287,13,0.02037572899734432
763,-1.3587861472473586,-1.6253812155011482,0.015425991396369063,12,0.0018191109333626958
763,-1.238276937675022,-1.624466267855153,0.01606193211277127,8,0.0032001218270748667
763,-1.2207826150815946,1.5271085186327145,0.01605681180189751,12,0.014301122090227082
763,-1.3678553326420584,1.5239779929954564,0.01588149036625663,13,0.021671808823620138
764,-1.3582859972881935,-1.6117636645682303,0.01601715180017916,12,0.01706879343250607
764,-1.2347080405977156,-1.6197853503068833,0.01593112197484597,8,0.002866199629158819
764,-1.2188414646183376,1.5262024787655735,0.016241854489115106,12,0.01737353884758276
764,-1.373618565102435,1.5257240574227622,0.01608695698603159,13,0.017900509940552794
765,-1.365468941821874,-1.6052692348127273,0.015412767951949935,13,0.018303568371857423
765,-1.213472008209553,1.5194514345476116,0.015569516476383915,12,0.024277392366456183
765,-1.376976760174684,1.525415283291841,0.015827738563065404,12,0.014536496505953844
766,-1.3691271947265935,-1.5976842063653638,0.014710398507470607,12,0.017175573208166484
766,-1.2125707205613911,1.5258419700098755,0.015611852492631839,11,0.022086745746020087
766,-1.3723415684937927,1.5244146828357044,0.015951793018208597,12,0.019711957712380827
767,-1.3630289114920024,-1.602765826266052,0.01490563117055292,13,0.022569240184598063
767,-1.238276937675022,-1.624466267855153,0.01606193211277127,8,0.0032001218270748667
767,-1.2138883497149933,1.5261986625197046,0.015656729402922693,13,0.022872386654932183
767,-1.374412233410167,1.525937772963137,0.016149091639109072,12,0.017888387243025133
768,-1.3622830995757378,-1.6206875221185701,0.01684601269545239,12,0.003993179559073017
768,-1.2393491817432956,-1.6247856425677525,0.01707192844127412,8,0.017179126520976643
768,-1.2206937139675067,1.5269105401910184,0.016208497229572374,12,0.01681673786560955
768,-1.3760854798082511,1.5263348607495302,0.01578400933738428,12,0.010615759277054349
769,-1.3606638601568346,-1.6224632548781857,0.017525580325312585,11,0.0
769,-1.2360502494310361,-1.6237204002464696,0.016471815276943733,8,0.003929257014384755
769,-1.2188020143814777,1.5275698843118486,0.016193487455599138,12,0.022327442126952632
769,-1.3771250060295952,1.5251681822853371,0.015980704323556305,12,0.014989628891412265
770,-1.3682104900306704,-1.5991402866090145,0.016319056472030972,13,0.01820594549939862
770,-1.235729742061491,-1.6213996960883774,0.015664412037750694,8,0.0018064889520576013
770,-1.2199597760998013,1.5269536099139118,0.016374540798955343,12,0.015458778310874449
770,-1.380161169202806,1.5266494712497296,0.016250826489099042,12,0.012833812212699308
771,-1.3556576244498955,-1.607342395006241,0.015363989835148034,14,0.022546123464835754
771,-1.2380214218766221,-1.6262915352504745,0.015937293083949998,8,0.016272860714868727
771,-1.2169924691286584,1.5261275604568527,0.015910628065215413,12,0.019422049498778193
771,-1.3745467828787459,1.5269488237685291,0.016000138704574455,13,0.016199105304805336
772,-1.351808850183207,-1.6161610622896068,0.01507621482022507,11,0.016007686173700603
772,-1.2354510382840727,-1.622934489439001,0.016459144398351073,8,0.003919991667508133
772,-1.222905385416991,1.5269790662474707,0.015945063388969952,12,0.014260288436607371
772,-1.3709765655264274,1.5272510651454814,0.015848623366627585,11,0.01337484970707881
773,-1.3612677923388081,-1.6168713233398941,0.01686298580818743,11,0.0014923798831422332
773,-1.236124590332098,-1.6313891765575292,0.015484867869064192,9,0.012556064966024957
773,-1.2183674528975346,1.529245044783122,0.015960539029914598,13,0.021979387724384875
773,-1.3770834638126224,1.524730613926041,0.016152340995990895,12,0.01708585329709591
774,-1.36642651864364,-1.6033496206180473,0.015924606656925498,14,0.021982387931373346
774,-1.222696466970118,1.5257007314001707,0.015917125975919905,12,0.01564656751767988
774,-1.3757112749452876,1.5259153376558379,0.015904842645423432,12,0.015804448911499402
775,-1.2503520305433924,-1.6380519621906915,0.01594649910282378,7,0.01748167543080613
775,-1.2153102829689126,1.5238161506117065,0.015715361730762833,11,0.019762896828143372
775,-1.3769082653476052,1.5260099891042964,0.015977616301223123,12,0.013515108343313684
776,-1.3517462028077574,-1.611855430228208,0.017271748092959484,12,0.023344724797263475
776,-1.2350190751264278,-1.6203652715192751,0.01587516282168766,8,0.0017266246271754092
776,-1.2232385236656667,1.5278260058597561,0.015874987665305353,12,0.011271191622024421
776,-1.3779616356421847,1.5269892577487842,0.01593048429599641,12,0.010244101640826252
777,-1.2355244438127606,-1.6305964407635105,0.015475386954800597,9,0.012548277952357287
777,-1.2123544759594045,1.526652663852538,0.015610881016470787,12,0.021688714040731746
777,-1.3715120507738616,1.5273958589852954,0.01632610297900831,13,0.017129186947225723
778,-1.3555171545237004,-1.6133325867208879,0.01563706356982627,12,0.019358943962950247
778,-1.2176251141921635,1.5304977145609846,0.016148434519039058,12,0.015424008246581591
778,-1.3731393440121664,1.5257438020499972,0.016464702982272345,13,0.01710251546105347
779,-1.366090546033754,-1.605508110648349,0.01620918406601604,14,0.022041566298790227
779,-1.244884464954985,-1.636357215062714,0.01576547317548155,8,0.018279558311302173
779,-1.2197583363941544,1.5259974347612035,0.01591128591982213,12,0.017774842898400766
779,-1.3749418406557397,1.526297709896881,0.015768456934298816,12,0.012300803387839274
780,-1.3590399384937324,-1.6173399275578733,0.014672086333360637,11,0.0
780,-1.236394928188035,-1.6273089586910143,0.016003724315666202,9,0.005599320135134206
780,-1.2186642491163862,1.5237909246373929,0.015458843087796853,13,0.02462330000267097
780,-1.37678444069749,1.5239086293774735,0.015767315359154446,12,0.01568754691620553
781,-1.3649831828304773,-1.6148479536549039,0.017481464235024984,11,0.0
781,-1.2366963534524562,-1.6285703847061326,0.015705660659584144,9,0.006174733279747154
781,-1.2248809298092553,1.5267797557632874,0.016170816176119346,12,0.015643821531605706
781,-1.366880088764989,1.529075006846363,0.01581721571194405,11,0.02180267255681331
782,-1.360750116870974,-1.6193754187056149,0.017308879195569546,11,0.0
782,-1.2234978330783648,1.5282516912667403,0.015978659383555523,12,0.012491198234358653
782,-1.3788832498264338,1.526864150107461,0.016000072455884255,12,0.011078247562033159
783,-1.3648599340742336,-1.6051036058972012,0.016038835063821675,14,0.022738252264204232
783,-1.2377696003203293,-1.6259785772868778,0.015713739206623226,8,0.0035168706488119296
783,-1.2203431602215988,1.5257657301203775,0.015764795842220396,12,0.02130612295271728
783,-1.374571600126041,1.523481702406236,0.015913792327484737,12,0.01879323789545288
784,-1.3662808976536172,-1.603832316250624,0.01585653398966151,14,0.0188569210544952
784,-1.2376617887162134,-1.619827654798972,0.016933136932697837,8,0.004520730943117159
784,-1.2146346076538883,1.5298638311394452,0.015643192292481154,12,0.023007490084204812
784,-1.3672139414147788,1.52755450014152,0.015753779426751668,12,0.01873999939293646
785,-1.3642156004169044,-1.6171169187305858,0.016965166630568518,11,0.00344991618167516
785,-1.2250864536685677,-1.6214608521600922,0.016563450155527397,10,0.014350361188697584
785,-1.2149452239472454,1.5316081326206559,0.015750092051324934,12,0.023217864115695028
785,-1.371733109930173,1.5237165334087617,0.015998271597527203,13,0.019830969150952272
786,-1.3641598484862056,-1.6071765590634663,0.016283283032799065,14,0.02325552122578638
786,-1.2370396319627106,-1.6260286495729181,0.017152831900846603,8,0.019961278193585577
786,-1.2102778362265427,1.5292672631992437,0.015680638070692587,12,0.02225221382017727
786,-1.372733747501967,1.5261139613224426,0.015885925871391714,12,0.016539562722701052
787,-1.3604337155729862,-1.6166095962638474,0.016245524519574818,11,0.0033724522654834154
787,-1.2355244438127606,-1.6305964407635105,0.015475386954800597,9,0.012548277952357287
787,-1.2216400081099896,1.5294808392388983,0.016122789134549814,12,0.015174655668937718
787,-1.3697294050823308,1.5291842015432138,0.01574792672188233,11,0.022151522507990212
788,-1.3594415189725029,-1.6171866149214271,0.01601479331211861,11,0.0028342894268981213
788,-1.2358512632660108,-1.6305207262060628,0.01609379914919047,10,0.00890205495504966
788,-1.2227195631163743,1.5273167349555312,0.01587943279262363,12,0.012283260313855394
788,-1.3790493662912238,1.527130405655924,0.016002567289830235,12,0.013383704958628399
789,-1.3512639772946429,-1.5978279960880377,0.015892116307986384,11,0.005465648260779776
789,-1.2409691294123986,-1.6293521781187836,0.016012014660111384,8,0.016022097972602567
789,-1.2113506296179937,1.5166400045031192,0.01547044756842303,12,0.015417114559793601
789,-1.3778004831587543,1.5270840405112822,0.016018065255875392,12,0.013222974598290731
790,-1.3649222469164506,-1.607493892051302,0.017399504293784618,13,0.019173161706235512
790,-1.2377370294884897,-1.6292087882256918,0.016010001528109625,10,0.006977240351328447
790,-1.220240374233957,1.5267070854285616,0.0163754646947744,12,0.015407033452747786
790,-1.3784715112865342,1.5256273928201574,0.016135759520156386,12,0.012836733792153686
791,-1.3629026343417998,-1.6155631634306564,0.016931685875198877,11,0.0034493100723008013
791,-1.2367719651490805,-1.6263049618976206,0.01581528680039934,9,0.004613611945531669
791,-1.211557247049867,1.529865392315924,0.016377633072748487,12,0.020248668688237065
791,-1.3748222872551088,1.5260699969171971,0.015955633835898774,12,0.016837463989202328
792,-1.365639752688404,-1.6156236802885133,0.017497692098671348,11,0.0
792,-1.2366735637771298,-1.6249753397494089,0.01608719377551535,9,0.00418265224397353
792,-1.2142702018309044,1.5243348897047742,0.015062043319867671,11,0.021039363306054788
792,-1.3715282541848157,1.5259176571049593,0.0159586366698018,13,0.016452501554050685
793,-1.3566398958919257,-1.611879935091432,0.016432516955173778,12,0.01932876747631934
793,-1.2351619305881465,-1.6203802312581566,0.016189536167698693,8,0.003619095049868934
793,-1.2272515169131448,1.5254402619279355,0.014954110892189449,11,0.0
793,-1.3743899807873132,1.5267385362669723,0.016048171041402298,13,0.015882260323237442
794,-1.3605400341899958,-1.6159391993890382,0.017451089207047084,10,0.0
794,-1.238877180146764,-1.6356177584641303,0.016107627713511954,10,0.010023278802970293
794,-1.2197830754413783,1.5243659151019435,0.015914457840804325,12,0.018687302553381916
794,-1.368668666777222,1.5278798733248438,0.016169926655285983,12,0.022206872629450213
795,-1.3543249399288204,-1.6085909322077554,0.015644962102312327,12,0.01772119686120828
795,-1.2334287708171812,-1.634202778934493,0.015675576009293715,11,0.015393518062234417
795,-1.215363605307306,1.518908026519983,0.016078787815975666,13,0.01822726223218255
795,-1.3724808153932488,1.5245734500466122,0.01583800293659995,12,0.014035958088515422
796,-1.3611996954633954,-1.6167218159852834,0.0174729553540024,10,0.0
796,-1.2383176975627739,-1.6310702244185435,0.015802439877527396,9,0.006394584319614374
796,-1.2206589195991868,1.5260170289385402,0.01620286148797504,12,0.020674311054398833
796,-1.370906740479129,1.526341954518653,0.0160576465691851,11,0.015476158559954576
797,-1.3551062560598672,-1.6118274275136257,0.014684406957744912,11,0.015982238702974383
797,-1.2418265978956613,-1.631855056070166,0.01615298903068009,9,0.004568477141050274
797,-1.220428182685235,1.528446485704063,0.01621692486852632,11,0.014528252238543083
797,-1.3758014713269984,1.5264495797486848,0.015962167587639957,12,0.015948857313498006
798,-1.3579104567196332,-1.6159933497698078,0.01607468001497402,11,0.004171235779325305
798,-1.239645794850449,-1.6284422708544437,0.016541283341634447,8,0.003956687147756181
798,-1.2168767914108831,1.5278188113949502,0.016675985486361462,12,0.02032701195175454
798,-1.3715082520614,1.5292446147958292,0.016099757034747107,12,0.01632829429350957
799,-1.3668165910513295,-1.6009863026812505,0.015740778776079146,15,0.023400311331069103
799,-1.2378142302851638,-1.6236446055090028,0.01613998939160424,8,0.0035430245711868973
799,-1.2195222953583769,1.5277830180539187,0.01634854754150943,12,0.015445420187171932
799,-1.3718314593453311,1.5252815823919879,0.01590681430619162,12,0.019916623594884098
800,-1.3650699319250688,-1.6034339621903404,0.01605927306680156,13,0.017505978997157067
800,-1.2383161299195509,-1.624517683356056,0.015969367274880717,8,0.0027381297625488606
800,-1.2153192924599203,1.5262117860901152,0.015895018769107067,12,0.02482071079653605
800,-1.3785004241368897,1.5263306929258404,0.015940882473367043,12,0.014993403824050199
801,-1.3548386302805764,-1.6071502389323093,0.016182844489159545,12,0.01696979086244421
801,-1.2382473268724756,-1.6205869521157865,0.016968236639496585,8,0.004477668259453363
801,-1.221530798708196,1.5308747290468268,0.01604442069813838,12,0.015391080850502722
801,-1.3688010173104252,1.5208350072475842,0.016283850980524966,13,0.023060186951201704
802,-1.2362494447566224,-1.626474864089438,0.01571803740304011,9,0.004750586683141742
802,-1.2226892512394114,1.5270658545074527,0.01589154149556162,12,0.01860657152070464
802,-1.3770089684965778,1.5272460407046782,0.016075675844406175,12,0.012960832778210588
803,-1.2256322674618616,-1.6236476638506334,0.0164973161086687,9,0.014160846311056149
803,-1.2191724841787832,1.5281853699042076,0.01563193173832104,12,0.020129304590873403
803,-1.3745730843701534,1.5263837796281177,0.01585178001540636,13,0.018869913732856958
804,-1.3620847757665566,-1.6209569886842041,0.017377599009994617,11,0.0
804,-1.239687006817644,-1.6249743882295435,0.01594229954816454,8,0.014305001148642997
804,-1.2199807261752886,1.5194134090308538,0.014903474280331796,12,0.024874003702592448
804,-1.3738965290294956,1.5264688057556464,0.01622675883324664,12,0.013425081334652025
805,-1.2408715150766578,-1.6362665077020202,0.016239112869961075,10,0.010788045300735965
805,-1.221118306807029,1.5302668411719715,0.016321584025009443,12,0.017244295044100123
805,-1.37287164423609,1.5267519991201732,0.015820290574961402,12,0.015251468451178436
806,-1.3625703969566805,-1.6184210943206747,0.016887326419656425,11,0.001492282629815659
806,-1.2420159967142623,-1.6331210937350389,0.016036416378250647,9,0.00583791202557088
806,-1.2171905449143965,1.5266515689951314,0.015655119605870706,12,0.021734730071866857
806,-1.3730834455979437,1.5266459591312103,0.01600219605561926,12,0.015309309174557754
807,-1.347650294254914,-1.6100637936525428,0.017220308549221006,11,0.024031487022994652
807,-1.2330140554866436,-1.633044519629167,0.01584206721866341,11,0.015418721796038409
807,-1.2198825075077129,1.5283367485081192,0.01611054983558507,12,0.017106026485639005
807,-1.3758191779417193,1.5256124437811271,0.015852820775568863,12,0.017667675751328205
808,-1.3548647788431658,-1.6090120384423094,0.01617271155723109,12,0.01960581409332527
808,-1.2376459913411435,-1.6197992814642779,0.01695764587734972,9,0.004470201506331768
808,-1.2227208968296739,1.5280675021923593,0.016168933545928348,12,0.014035173347611006
808,-1.3679993221908127,1.5276957037518841,0.016072526131482096,11,0.020664930452029474
809,-1.3637692576458582,-1.604670436564125,0.01625989378247984,14,0.020332311990788356
809,-1.2356898175363076,-1.6213105454316568,0.01574436636271316,9,0.0017670353088388496
809,-1.2205194393793772,1.5253797796841129,0.015893867274147887,12,0.018110616989790763
809,-1.3729592282276915,1.5262559661668067,0.015991405056536782,11,0.014141135441484544
810,-1.2369340733067382,-1.6229868542654728,0.01567531193633217,8,0.0018107582634157493
810,-1.2233499984877108,1.5281044559106758,0.015891652035860564,12,0.012291889996317498
810,-1.3728581290608406,1.5252960526448383,0.01598815589938589,13,0.0178974137950615
811,-1.3654840737643619,-1.6061927484281575,0.016036800206696414,14,0.01867710619912208
811,-1.2376617887162134,-1.619827654798972,0.016933136932697837,8,0.004520730943117159
811,-1.2122235504144732,1.5267868926858335,0.015344462789405688,12,0.022767937495025477
811,-1.3721904904185545,1.525657591983183,0.015972567120045755,13,0.015313053580730377
812,-1.3688300619967917,-1.6068598071041391,0.016156116525884293,13,0.017032332269938992
812,-1.22972073435956,-1.6197503456500495,0.01598389971711659,9,0.003163265594058005
812,-1.2225059099892055,1.5272755001304803,0.016188911142391307,12,0.014852437704689116
812,-1.3744137898740758,1.5269969577341271,0.016043742157478957,11,0.014459384141284268
813,-1.347650294254914,-1.6100637936525428,0.017220308549221006,11,0.024031487022994652
813,-1.2261534643689784,-1.6166768388724697,0.01605644220588489,9,0.004063676091988432
813,-1.222446149541029,1.5279257946178277,0.01610395463488574,12,0.014739996306641825
813,-1.376780431578447,1.5268405124249695,0.015807475138026085,11,0.01346537180421838
814,-1.3483943676840926,-1.595222523368929,0.017277964996483215,12,0.0
814,-1.237504322038737,-1.6242688700625927,0.01603620235126684,8,0.004386290451774498
814,-1.213834236491388,1.5231348052901386,0.016325191517293034,11,0.021539539249980318
814,-1.3708609417887667,1.5260771697227817,0.015600993219061037,11,0.017552731622062973
815,-1.366200947774237,-1.606046314633139,0.016433926735525187,14,0.021373514870453005
815,-1.2381694605830669,-1.6243252707919595,0.016234855482982657,8,0.003641664507908433
815,-1.2180661714291872,1.5291056698350975,0.015712562174632898,11,0.015249836707789111
815,-1.3731278374461033,1.5246998529680562,0.016149641515663716,12,0.015320811547655291
816,-1.3698588685418471,-1.606587100455778,0.016440595440072793,13,0.021574413443906593
816,-1.245314693565029,-1.6287782344260657,0.015591428793562638,7,0.002815928209485544
816,-1.216405443983569,1.528066848770592,0.01632681765962561,12,0.021378995506560108
816,-1.37041528086932,1.525314641156799,0.016284041658105215,12,0.01957265046953181
817,-1.3625703969566805,-1.6184210943206747,0.016887326419656425,11,0.001492282629815659
817,-1.2352650108927823,-1.6321534079894149,0.016082048744249292,10,0.011787696984985569
817,-1.225348104132643,1.528885211780078,0.015984803072169877,12,0.010363890193213928
817,-1.370270497979535,1.5280899099470302,0.015952589233407907,11,0.015785532056191265
818,-1.3612925418014157,-1.6019628590246016,0.015536624985903046,13,0.02434324665190927
818,-1.2301563658105077,-1.621137160788193,0.015970447783987513,9,0.004357708505261143
818,-1.2216129723256601,1.527116897808273,0.016133770625388583,12,0.013943736512141537
818,-1.3752740445612384,1.5273550185514173,0.016155975473592248,12,0.016056328653297283
819,-1.3537344446857908,-1.6074338136929132,0.01536875299345905,12,0.0171909192048275
819,-1.2351619305881465,-1.6203802312581566,0.016189536167698693,8,0.003619095049868934
819,-1.2224807813876346,1.5278583144009676,0.01593271150542351,12,0.013170292246000703
819,-1.3765389827494063,1.5265447633601232,0.015993861338928946,12,0.014387676816793319
820,-1.3648655466140989,-1.6178894292761936,0.016975382075129494,11,0.003452926847257169
820,-1.236170424031439,-1.6255135317931952,0.01580824742429345,9,0.004609743816286966
820,-1.2233404706291073,1.5309996327220619,0.01613164368375177,13,0.016580897813631274
820,-1.376738093209171,1.527092311373496,0.01576445874352591,12,0.01399772264312818
821,-1.3501744452081095,-1.6163068119097967,0.015567321635963848,12,0.017589739753840695
821,-1.2509619492904227,-1.6388500867480014,0.015958508763276952,7,0.017498469042785687
821,-1.2198006376281014,1.5276602534213333,0.016205569453837165,11,0.014513757263775824
821,-1.3775776042081007,1.5279630484542728,0.016047434610675773,12,0.013612580083852273
822,-1.3501744452081095,-1.6163068119097967,0.015567321635963848,12,0.017589739753840695
822,-1.2351012017341076,-1.6211150437880666,0.015998080248129026,8,0.004371571844757761
822,-1.2295386751231174,1.5282810488365042,0.01534762044755048,12,0.0032303020041718807
822,-1.375574018644465,1.5288859486773305,0.01603076591464029,12,0.014006527403780653
823,-1.3628959838951387,-1.6077147909802323,0.015544228164041189,14,0.022626287530062916
823,-1.2375680993955749,-1.6235364793460887,0.016225601217382462,8,0.0036375727674895337
823,-1.220980643347732,1.5266483036115217,0.015494193503444414,12,0.019430355415656853
823,-1.3774958971143674,1.5255953540263465,0.016266585462178705,12,0.016954128911849574
824,-1.356996214646669,-1.610233449634712,0.015995229526778107,12,0.01703961232977802
824,-1.2380628619123129,-1.625819440714204,0.015641761802577717,8,0.0038049701712215504
824,-1.2113335142268693,1.5273494035553177,0.015469077110010354,11,0.021114939715764627
824,-1.376264274517134,1.5264349923971559,0.01592686765862519,13,0.019288577092205172
825,-1.360461699240671,-1.6174359909938132,0.014808172078405336,10,0.0016700113616254066
825,-1.2371018843300516,-1.6324893664696976,0.01584223237029967,10,0.00990218463773681
825,-1.2154591955302627,1.5282555570803977,0.015878119503420676,12,0.022245362047009637
825,-1.3746108056124562,1.5263538023737138,0.01592495809213781,12,0.019387390683451473
826,-1.3635593430062822,-1.616341238726768,0.016948986160750967,11,0.003449602970333013
826,-1.223115896549735,-1.6273741599004108,0.016350505201809612,9,0.0
826,-1.2224188798688094,1.5289261805126613,0.016016082195308583,12,0.01483851301338037
826,-1.3797189706724733,1.527194819974549,0.016030253882203874,12,0.009799124887811277
827,-1.3653624244368618,-1.5995673618398072,0.014862583930838487,13,0.016947855597004315
827,-1.212726490405194,1.5162933614447944,0.016245684261528635,12,0.01597849998454762
827,-1.377622940678702,1.5269065773772426,0.01596495186698618,12,0.011637637376222358
828,-1.3595802425791348,-1.6243665487615513,0.017380814621004274,11,0.0
828,-1.2409112727559968,-1.6291069603261927,0.016204597705316615,8,0.01653473424470904
828,-1.2138735187887641,1.5273023453195957,0.016178744046972244,12,0.02250362125111385
828,-1.3734874829780568,1.5252343792085927,0.016010182912475218,12,0.017908559456888316
829,-1.3576988575135966,-1.6149088919556815,0.014733871073870149,11,0.016041876250672212
829,-1.2404410190080162,-1.629489177973909,0.016365117631385557,8,0.004559480349728586
829,-1.212559022811703,1.5283841490212091,0.01605513637589525,13,0.02533647995107721
829,-1.3735189781124142,1.5266091904117007,0.016078416709063546,12,0.013340854561027711
830,-1.3720823369202655,-1.6040774739366501,0.01594554272605967,14,0.020648027325683094
830,-1.237113168572586,-1.6294834550842368,0.015792342354130292,9,0.006385683295837142
830,-1.2207036947639296,1.5257088252590638,0.01581952347413104,12,0.017467651563019777
830,-1.3743574437341044,1.5268047507972156,0.015757084940100696,12,0.014185778968090344
831,-1.3633261644423158,-1.616064525761728,0.015347288133904699,11,0.0033190092742442657
831,-1.242325147334071,-1.6363076399739196,0.01603959848809994,10,0.009106587979540063
831,-1.2160519180545444,1.5269282950681495,0.016264077672760436,12,0.019914799162751462
831,-1.3753791002254887,1.5281253214106405,0.01611047809342214,12,0.01636613327240043
832,-1.3648722986645443,-1.615512543558781,0.01626852131306531,11,0.0033789849523939482
832,-1.2366963534524562,-1.6285703847061326,0.015705660659584144,9,0.006174733279747154
832,-1.2140274686053132,1.530078856405485,0.016323676400161663,13,0.02317210083350703
832,-1.379445260076382,1.527155128120331,0.015941162405162707,12,0.012343137969771023
833,-1.355530266514984,-1.61036411448321,0.01573650744661933,12,0.018214611152480277
833,-1.2394487438308532,-1.622160460167128,0.016990466630629565,8,0.004492241597894621
833,-1.2134755230750496,1.5213250430362095,0.016528858729522953,12,0.017383174942657936
833,-1.377742381151606,1.5258651155589795,0.015828916914694704,12,0.016961810342528798
834,-1.3495324691134396,-1.6155369529509576,0.015554533984073152,12,0.01757105238560289
834,-1.2387015668259256,-1.6252773804921257,0.015771758470883426,8,0.0017754235445312733
834,-1.2087627979147406,1.5264695151075252,0.01627817893194089,11,0.021383342505536397
834,-1.3731209687313752,1.5267900396305434,0.01595950499724386,12,0.013296683808747727
835,-1.366984337139789,-1.6054776664804802,0.01516674222530192,13,0.020732200357253195
835,-1.2372991982583812,-1.6293642174013696,0.015710089053192704,9,0.006176887234491012
835,-1.2321115239285099,1.5254103002856618,0.014981607625207661,10,0.0
835,-1.3766630227353172,1.5265970715896,0.015981383524054097,12,0.010814560036648036
836,-1.3585016518907471,-1.6230805599780225,0.014724512185000947,11,0.0
836,-1.2392361930411089,-1.6259221211341366,0.01591085806100878,8,0.0017375865211829988
836,-1.221634337926187,1.5270481559667703,0.016126109003572912,12,0.01274259028056238
836,-1.3771949239337449,1.5282757356052397,0.015825614362419794,12,0.009951987102578698
837,-1.3587566577372354,-1.614887116365479,0.01734494061682604,12,0.017703403272266813
837,-1.2460926361050073,-1.6333629435877186,0.016127210349361452,8,0.015420606371005162
837,-1.2208010339136912,1.526470133697499,0.0163406337712685,12,0.01913035910823917
837,-1.375701772396944,1.5279148007280057,0.016088985452059876,13,0.01509509361633542
838,-1.357482864411309,-1.6132898807037725,0.016434248294743384,12,0.017664641314674177
838,-1.252947588270089,-1.6424178093531427,0.015790853926328223,7,0.017412188699002053
838,-1.2225220688967506,1.5268372001481747,0.016104576529388327,12,0.018208672456150234
838,-1.3749343708960626,1.5246046579913788,0.015738759457574213,13,0.014730031100616273
839,-1.3607384490729946,-1.6003678563401011,0.01487612002497758,13,0.021779353745119377
839,-1.2516177340135632,-1.6397150154397389,0.015192507133719954,7,0.01577557581017407
839,-1.2216747749620254,1.5270398930184301,0.016049596590929405,12,0.014687846710141691
839,-1.3608413149787983,1.5308743868458201,0.01611954175745939,11,0.0200248419886287
840,-1.3652112695619585,-1.6095074505039855,0.01610693257991839,14,0.02228435282587308
840,-1.2393726633282744,-1.6259040847367425,0.016252818074426086,8,0.0036502869281319576
840,-1.2211192876953796,1.5252654738054414,0.01607860937027714,12,0.014598599274691858
840,-1.3742726873578213,1.525487031580457,0.0157298968573733,12,0.01424830128113982
841,-1.363655841828793,-1.6164522054071462,0.0161264312465898,11,0.004183696830325534
841,-1.2505971131524387,-1.6362358398473045,0.015704544315765744,7,0.0027793622257548953
841,-1.2247329258787403,1.5290232406216417,0.01607810171684087,12,0.01145774519985971
841,-1.3770067649729376,1.5262267427284715,0.01595407647855033,12,0.01342181267986684
842,-1.2425299355227606,-1.6320141405181008,0.01535879250655309,7,0.0028848059989266357
842,-1.217507431242038,1.5287407962817248,0.015888208823169304,12,0.020661181006945323
842,-1.3678460624712356,1.5289676524583493,0.015775942495104885,11,0.015886645481516734
843,-1.3500242433950842,-1.6109832655962402,0.01643355587649104,12,0.02322744293416779
843,-1.2376751650241937,-1.6236769319436597,0.01605327282230905,8,0.003196640425752846
843,-1.2230996565052994,1.5277461873665328,0.016467339176350532,12,0.016726167042748503
843,-1.3770828240299928,1.5265063244764783,0.015863448452559124,12,0.016888685367541886
844,-1.3637302374351035,-1.6044789826855461,0.01602239639815644,15,0.022041786816836002
844,-1.2403563665747728,-1.6285474657450836,0.015999604300554797,8,0.015937874189700083
844,-1.2205062923010213,1.5293149259158085,0.01629141445087043,13,0.02382023603323043
844,-1.372690931275207,1.5261973802778765,0.015635344626076596,11,0.017508658240367524
845,-1.35607871452542,-1.6061597314042024,0.016014167852243844,11,0.016680470723251323
845,-1.238276937675022,-1.624466267855153,0.01606193211277127,8,0.0032001218270748667
845,-1.2179236947328833,1.526740411715303,0.016297335954061923,13,0.024002408935665877
845,-1.3739642908900715,1.5254385427572488,0.015891042364232496,12,0.01750116530461747
846,-1.353579723828531,-1.6058230411513057,0.015970147109725743,12,0.016454472780191954
846,-1.2377189005121907,-1.6237343049231392,0.01597216358969831,8,0.002880333456362193
846,-1.2195972372158435,1.528249285140149,0.01611276314710319,12,0.021085783700404308
846,-1.3756113789487583,1.5279143232281076,0.015869640270816433,11,0.013118387499903005
847,-1.3601118439367932,-1.6069811072039093,0.01635818939359354,14,0.02504848844335562
847,-1.2552351449243788,-1.6406222753435091,0.015649746141671066,7,0.013658668830896383
847,-1.2195976054819182,1.529244906359121,0.016210842211237416,13,0.02159867411080042
847,-1.37571530505051,1.5262634165099556,0.015755462629295634,12,0.013666531371973423
848,-1.3642156004169044,-1.6171169187305858,0.016965166630568518,11,0.00344991618167516
848,-1.237323749264289,-1.6329706843999374,0.015504159067322365,9,0.01257047504583092
848,-1.225348104132643,1.528885211780078,0.015984803072169877,12,0.010363890193213928
848,-1.3736734014461438,1.5278722912355893,0.0158234049538838,13,0.015274180404624305
849,-1.3659175613689285,-1.6054350853268455,0.01594810160166968,13,0.016543954686075595
849,-1.2369845609495307,-1.6288470306872167,0.015940694227393797,8,0.005466065785350465
849,-1.2197821988548596,1.5248049650113318,0.016472862695776823,12,0.016893820921563624
849,-1.3742396088018347,1.5267590571821705,0.01565663934824903,12,0.017288061777585715
850,-1.3629998488242023,-1.6156766727107135,0.016110560423551877,11,0.004182956873557537
850,-1.232764915328705,-1.6237585623388704,0.015948302194505538,8,0.0028713389237495514
850,-1.217193552711837,1.5277933947320403,0.01592765247104054,13,0.025123346631166953
850,-1.3753512791564102,1.5270905732470188,0.016239774237401493,11,0.015439387121469776
851,-1.3544685354615182,-1.6088108614281378,0.015876497812328253,12,0.018881225918747278
851,-1.2366401167520935,-1.6256129754721682,0.015444186972269064,8,0.0035964351029131583
851,-1.220530263808171,1.5265611299588124,0.016603022100358026,11,0.017474127073424082
851,-1.375916541835845,1.527456979777083,0.016005000383020513,12,0.014591127106532683
852,-1.3644178015126904,-1.6054329485986054,0.01627086449602138,14,0.020346091833123695
852,-1.2351619305881465,-1.6203802312581566,0.016189536167698693,8,0.003619095049868934
852,-1.2203376608557124,1.5272496112722895,0.0162372653252128,11,0.01461568628737095
852,-1.3737515228992314,1.5276928777751595,0.015626800720222548,11,0.013097162144622712
853,-1.3674365929847045,-1.6021646752678986,0.015976856666092373,13,0.02281226754457568
853,-1.2443147164682247,-1.635127937430828,0.015866302189620717,9,0.003234942030959475
853,-1.2232368965860336,1.528147553370689,0.01662079003846787,12,0.013922958932714221
853,-1.377059674113969,1.5264474445647969,0.016008550889352723,12,0.014912089815819287
854,-1.363873787153158,-1.6199706171474788,0.016912453061098783,11,0.0014909332630721403
854,-1.237129125295736,-1.6280473829645246,0.015902179208806256,9,0.005414080470989468
854,-1.2164995597593737,1.5246448583562269,0.015754048543655273,11,0.023780157528878333
854,-1.3740662841499218,1.5258165264130323,0.015669721009987793,13,0.016009592435516702
855,-1.3642740504901572,-1.6067301529418163,0.01738855887771205,13,0.019159978067084037
855,-1.2419702380352784,-1.6314969784398172,0.0157838723238114,9,0.003534159100219288
855,-1.2278779310768775,1.526213307742242,0.01494958326682886,11,0.0
855,-1.369681135458783,1.5241512372237174,0.01606762324439953,13,0.016157933673497004
856,-1.363266157228304,-1.6072143482665677,0.01607374523655823,14,0.022241365581260004
856,-1.2410439664211288,-1.628304680217361,0.015925571297855493,8,0.0017419148117677266
856,-1.2219519663853409,1.524355827598282,0.016196351990067952,12,0.017317361789548145
856,-1.3655773253411438,1.5211201907225906,0.015802232356284678,10,0.02312824335888536
857,-1.3619625259417392,-1.6089287141176896,0.015511466503924263,14,0.02422686979211918
857,-1.2370726434790933,-1.6228870945069993,0.016044994317359992,8,0.0031919073972648624
857,-1.2157928953572676,1.5281838502720453,0.016033533034357374,12,0.020813742661051477
857,-1.377013910009878,1.525920896690725,0.015862664448174493,12,0.013881575290336668
858,-1.3653648968265868,-1.6045168161756875,0.016113862426584417,13,0.022318127219976207
858,-1.2368516864112828,-1.6357265184445389,0.016143559604968164,9,0.011917116001063172
858,-1.2208477850078117,1.521625980835908,0.015833254622992322,12,0.02324265843778701
858,-1.3756364988961827,1.5257243290754787,0.016141440607556696,12,0.014409838628011066
859,-1.2411342578305014,-1.6314929187285756,0.01597018149380758,9,0.00415531024492982
859,-1.2187818150684475,1.5296132184325475,0.016250945768140644,13,0.01555073575783345
859,-1.3689263776254221,1.5268123928660537,0.01581586884838478,11,0.018356329016001812
860,-1.3638400844643876,-1.6100396733469389,0.01659046171453384,13,0.020120026293107184
860,-1.24324189959239,-1.6331686166779773,0.016606427366342918,8,0.003975050102075741
860,-1.219815553460603,1.526792949909589,0.016079696736094395,11,0.021052195660183022
860,-1.3768018569342952,1.5253517459519772,0.015998345873643318,12,0.014885639877228391
861,-1.363375032910692,-1.6224987271247102,0.01738809923709669,11,0.0
861,-1.240563060794086,-1.631679735979618,0.01590679791806368,9,0.004749218612295212
861,-1.2229414597068213,1.528357484336684,0.01625361748196643,12,0.014639021225397434
861,-1.3767854401829684,1.5280146084615753,0.01587403374164755,12,0.013002349502332611
862,-1.364322138574838,-1.607355537386401,0.016141158330359565,15,0.02466210922106376
862,-1.2395260715832208,-1.6261053130544767,0.015995653897205437,8,0.002888312455102313
862,-1.2208743905778754,1.5267895722490896,0.016184702034852186,12,0.018652345425150922
862,-1.376647998415489,1.5288178359076683,0.015986677469745983,12,0.011947909517845561
863,-1.357291518583662,-1.6081110796714546,0.016475535781430063,12,0.016180867184892502
863,-1.2414628475646103,-1.6284806856674159,0.016083671521415474,8,0.003293641242083694
863,-1.2153249608142531,1.5271802666156578,0.015642427895371538,12,0.021774862564173558
863,-1.377063376043234,1.526931877882872,0.015972350200680118,12,0.01257896017945606
864,-1.3505134761148225,-1.6146178429242342,0.015056618363211738,11,0.015993445935721776
864,-1.2229948065035467,1.5276283348281954,0.015898225808405015,12,0.011460668231424834
864,-1.3667935258996775,1.5271575441430216,0.01602909497821029,11,0.016364309492661665
865,-1.3591555305357184,-1.6158855919363402,0.014780465042302867,10,0.0016783063724611635
865,-1.2365795548112235,-1.6309296972781233,0.015964261714581204,10,0.015189471327193569
865,-1.2233915552277714,1.5265407072593937,0.015795534840026843,12,0.015418092313121357
865,-1.3692690422842875,1.5285332294906686,0.016486873056740313,12,0.01914353318504773
866,-1.3633397190650467,-1.5998985556209502,0.016222362318514278,13,0.01888369740982633
866,-1.2412125408716541,-1.6291370321278924,0.015807241219894637,8,0.003306376887846473
866,-1.2226673995398072,1.52759701865573,0.016328601731100113,12,0.015649537816190637
866,-1.3728587588670875,1.5273904333028185,0.01591136902585373,12,0.018586205293520494
867,-1.2360130901736568,-1.6276713285120594,0.015808962941150032,9,0.006113534111215841
867,-1.212897675718006,1.5291561844988701,0.01566411099634799,12,0.02194859947388341
867,-1.3739121146773685,1.5256721333260486,0.01602845194709742,13,0.015349001139020452
868,-1.3616954687640024,-1.6141290831810708,0.016086636428902304,11,0.00417653732671419
868,-1.239641587243687,-1.627565672386369,0.01564522037923568,8,0.0032770235442299107
868,-1.2212401068511824,1.5282829233128903,0.01592650331620138,11,0.015085376597464306
868,-1.3766437664730597,1.5264472950324839,0.015689060315790614,12,0.013753200325019432
869,-1.3524159790454042,-1.6054332464080474,0.015519109413580551,12,0.017881620344577933
869,-1.2365145851082187,-1.622152860651082,0.01595698012859059,8,0.0028758988993982763
869,-1.2199727784204495,1.526652929974861,0.015696543450223407,11,0.020746375580773264
869,-1.3772472133717812,1.5272536591057089,0.015741377032647098,12,0.009567415953169848
870,-1.3635593430062822,-1.616341238726768,0.016948986160750967,11,0.003449602970333013
870,-1.2390653445068291,-1.635907231838754,0.016253082292141216,10,0.009313214397172143
870,-1.2321115239285099,1.5254103002856618,0.014981607625207661,11,0.0
870,-1.3734101825624785,1.529802138405199,0.015968281249546742,12,0.01694408448511983
871,-1.3503484366790122,-1.60952917229227,0.015266223654754238,12,0.021268136052938858
871,-1.240082367418581,-1.6268338115401366,0.0160883616953755,8,0.0032125295984290164
871,-1.2194815928245863,1.5261577708631768,0.01580660177714378,12,0.02015379259425044
871,-1.3745551503718072,1.527200315313928,0.015819821693853646,12,0.01591880902942044
872,-1.3637945620735439,-1.6084061899305724,0.016069278693273334,14,0.022795542675913674
872,-1.2381383212758248,-1.6245717291035722,0.015687446205846816,8,0.0018127901578889813
872,-1.218475608674079,1.5283890067734063,0.015347894963297392,12,0.016245678269228528
872,-1.3753142833995233,1.5261085637463727,0.015749224382531412,12,0.01806875568063156
873,-1.363925418102378,-1.6132781290544216,0.01649329047582713,13,0.004013021961022006
873,-1.2380263618944136,-1.633463255366598,0.0157382190226192,9,0.012931744418194299
873,-1.215465192402659,1.5300415975728612,0.01592645854288716,13,0.022037514561039705
873,-1.3761895170128586,1.5280831813090419,0.015830928960756697,12,0.01440360979290787
874,-1.3646394767906145,-1.6039033976142818,0.015850814575731877,14,0.020756746830719208
874,-1.2380311935333084,-1.624333999778948,0.01590077218262489,8,0.0017340488565356646
874,-1.2156733032964804,1.5284813530629282,0.015816190497809645,13,0.023717953239712763
874,-1.3778877839852592,1.528832389004372,0.0159884578349377,12,0.012478161443875676
875,-1.3622537447580667,-1.6147920891946435,0.016923129956586888,11,0.003444773818537779
875,-1.236010909417636,-1.6305172579293423,0.016031279811417876,10,0.008732179489917457
875,-1.2166123510337348,1.525891308740467,0.015865861243292728,12,0.021028044186242316
875,-1.3763058206078416,1.5254570313168199,0.015844253025706856,12,0.018504336220412393
876,-1.3544567990036267,-1.6077097697509803,0.015551006835008147,12,0.018147292118226882
876,-1.239687006817644,-1.6249743882295435,0.01594229954816454,8,0.014305001148642997
876,-1.2176613286886275,1.5174419222330755,0.01565076460558146,13,0.020448845972075178
876,-1.3727839424758688,1.5254638200514101,0.0158225845046209,12,0.017567176258318277
877,-1.363873787153158,-1.6199706171474788,0.016912453061098783,11,0.0014909332630721403
877,-1.2365022963649066,-1.6312127174415125,0.016073729393283602,10,0.009591648551946734
877,-1.2238668718944936,1.5274300629537574,0.015973616137294047,12,0.010866743660901523
877,-1.3726859788274017,1.526135513213281,0.016011779568176523,12,0.015312268594618761
878,-1.352543288732694,-1.5993409838354606,0.015912683162890587,11,0.0054705358695818045
878,-1.2378208570011424,-1.630051575742373,0.015823049812561975,9,0.006124217166809657
878,-1.2205407320611685,1.5276270566419419,0.016286749894727514,12,0.015870436071589715
878,-1.3697075354153923,1.525089597579467,0.015954870354422702,11,0.016037301314570353
879,-1.3636444980092486,-1.6158716954473435,0.017228254173078036,11,0.0021406302908224947
879,-1.2395224270681549,-1.6326564352969155,0.015812222599650184,9,0.00640147675990227
879,-1.2209414731452675,1.5264435694097724,0.016133227569410623,11,0.012666701415906022
879,-1.3746269038243226,1.5252354328715791,0.015850042310707885,12,0.012996540952381017
880,-1.3538130947111902,-1.6102886664462193,0.014660482341755317,11,0.01595371807287535
880,-1.239645794850449,-1.6284422708544437,0.016541283341634447,8,0.003956687147756181
880,-1.222236350469566,1.5238403426626692,0.016456848622547513,12,0.020732948474869017
880,-1.3754688890110873,1.5268414462554152,0.01587249204088852,12,0.012540237056437338
881,-1.3612440136274135,-1.6128053104730429,0.015467281670547329,11,0.002957323852361441
881,-1.2395699559075555,-1.6283456758354964,0.015742066456336967,8,0.003520430079753479
881,-1.2224042976599045,1.5265398830633699,0.015867847474250962,12,0.011491484668632895
881,-1.36491984425565,1.5267109810603732,0.01578033032208418,11,0.01592837917727328
882,-1.364247518562802,-1.5955704817698506,0.015092487643838788,13,0.01815283426027038
882,-1.2309205232836031,-1.6213289025401367,0.016003528683410678,9,0.0031733348154118356
882,-1.2176887349493943,1.5256510398978012,0.016218779159407795,12,0.01872331316210355
882,-1.3753811977298016,1.5240692492571861,0.01602715857753798,13,0.01645058916315846
883,-1.2366963534524562,-1.6285703847061326,0.015705660659584144,9,0.006174733279747154
883,-1.2201301136669238,1.5257090860090725,0.016182481002271723,12,0.013532596855860689
883,-1.3685089600315616,1.528559677564167,0.01600058294460751,12,0.019151514664325305
884,-1.3657108719614695,-1.605676135268718,0.01584054958489781,14,0.019340777024424455
884,-1.2505150467116417,-1.6392288346840023,0.015749865234344722,7,0.017350615010029796
884,-1.2260180185863823,1.5272229987490378,0.01582946159401357,12,0.00291849182457106
884,-1.370808526774969,1.5257337905971637,0.01604311160766319,13,0.016977046492639262
885,-1.3607382291848948,-1.6216909967335942,0.015253057476519909,12,0.0035388407677450846
885,-1.2391339661234912,-1.626934104935768,0.01602444826694741,8,0.01606387928141051
885,-1.2234714693353184,1.5274490641728844,0.016055389313268626,12,0.011435760823483004
885,-1.3709480388643946,1.5280998798172976,0.01586183664666082,12,0.01909033207100154
886,-1.3672409092462063,-1.6021029976380083,0.015147734054310974,13,0.017868344459148932
886,-1.2509898308055372,-1.6388784515172892,0.01709881723476069,7,0.01976305102292397
886,-1.219369355146056,1.5274450206572745,0.016231508313735477,12,0.015486176271680188
886,-1.373714276480594,1.5237137435613182,0.01583017211413222,12,0.014687367206899034
887,-1.3622680771178235,-1.6089819831794938,0.016167432290403228,14,0.020873100012638993
887,-1.2358694067117246,-1.621307962334139,0.016028305997174457,8,0.003185708637644865
887,-1.2109746579596743,1.5272283803683475,0.016484150811557418,12,0.021034334087956942
887,-1.3762531311231898,1.5248651343815192,0.0159680852097495,13,0.016122673025258355
888,-1.3561286179219243,-1.6086810293960858,0.01620703236012391,12,0.017004525098607188
888,-1.2361648392728917,-1.6263632989354615,0.015849029570089775,9,0.004703159238548106
888,-1.221431036280438,1.525238057842124,0.016058297478052784,12,0.014742076207184656
888,-1.374591793509911,1.525863192972852,0.01587077800323106,12,0.012688799067602001
889,-1.361152883651875,-1.6214484966925236,0.016122281777289672,11,0.005681064638915337
889,-1.2375648911600927,-1.6277365827809986,0.015857404485254807,9,0.004733931176722944
889,-1.2188549051095756,1.5253733413649149,0.015793776063358092,11,0.020137529638277352
889,-1.3740726175560314,1.5256398616626816,0.015884736656056886,12,0.019914979338897004
890,-1.3611091100475203,-1.618206904300695,0.01481547240001814,10,0.0016750171993018884
890,-1.236453150525004,-1.6313150410981407,0.016099274559945934,10,0.00890804598964487
890,-1.2277838437781259,1.5286588983737601,0.016298479332967082,12,0.0028043895006854254
890,-1.3749029501925505,1.529378211944543,0.016050613160787954,12,0.01467053997103435
891,-1.3680098204491498,-1.6063093545880778,0.015973407889190737,15,0.02209973402296891
891,-1.2178815618542664,1.5240655634866547,0.016171669163823437,12,0.02574844087982484
891,-1.3783097496937051,1.5255829254139106,0.015834413752526266,12,0.012198878810141705
892,-1.3653064198262783,-1.6056429408237,0.015535734443069292,14,0.020623164507884623
892,-1.2388648814232202,-1.6214033954452012,0.016952888362473956,8,0.0045312811696071485
892,-1.2231767524328132,1.5277388966080805,0.01582218816736667,12,0.011072105631464725
892,-1.3725746659604228,1.52513306418746,0.015820517315764778,11,0.014250516139436826
893,-1.3496589658931422,-1.6071148085883205,0.016549211875965482,11,0.022414105741346606
893,-1.2340638244593014,-1.6189395744648711,0.01600228273858453,8,0.003172111430585345
893,-1.2223127887649246,1.5275716117756393,0.016242169107736924,12,0.014627358849566448
893,-1.3717092934102628,1.524788039012734,0.016004994535223405,12,0.016190606733615196
894,-1.3565499456554395,-1.6131889611347294,0.015557653428781066,12,0.018168908154227864
894,-1.2392637058722331,-1.6273956945278187,0.01566164589467995,8,0.0038108231970256107
894,-1.2283681316925084,1.5287453639580224,0.016602044806605185,12,0.0031645588353037043
894,-1.3722189715818265,1.5260945465731153,0.015829932245763612,13,0.015515482006973074
895,-1.3463479402987395,-1.5975107236711676,0.015901668200033883,11,0.005710924484041295
895,-1.247729883060246,-1.6172573200627325,0.015267588499090795,8,0.0026890833412051614
895,-1.2133268825809644,1.5253771013811548,0.01581011762251072,13,0.021430775988540443
895,-1.3732758382285313,1.5267046705437322,0.01604752585751575,12,0.016537743427651595
896,-1.3483943676840926,-1.595222523368929,0.017277964996483215,11,0.0
896,-1.2367231535719367,-1.6237692976059483,0.01598925408785082,8,0.016026724541877074
896,-1.2161974422587756,1.5261969801375221,0.01583525542069899,11,0.015754706363697368
896,-1.374037208312395,1.5259068007876555,0.01602153712356095,12,0.012868258030050725
897,-1.3632639734365035,-1.6062974237750718,0.01630692659123835,14,0.023489938850972596
897,-1.2486899919681735,-1.636837456818218,0.015718894779340225,7,0.017303419557261945
897,-1.2152641920817107,1.516574335008948,0.016433125707584116,12,0.01813175581236863
897,-1.3706780463904444,1.5256485043308399,0.016150107879124662,12,0.015003900776660344
898,-1.3595802425791348,-1.6243665487615513,0.017380814621004274,11,0.0
898,-1.2388503283193413,-1.628492225133073,0.017055914210034447,8,0.0
898,-1.227107834024275,1.5272768344519827,0.016504716452018467,13,0.004157505477021209
898,-1.3724398089937453,1.5253515006226668,0.015939675217814336,12,0.01557358835618191
899,-1.3520191877220629,-1.6104101589529358,0.015907437888183718,12,0.02182561762175971
899,-1.245787214396724,-1.6375464234585244,0.015096805986764987,8,0.01674045031957517
899,-1.2124406940788428,1.5261830105481802,0.01584462526997575,12,0.019480095306418917
899,-1.3695324460644869,1.526178157834604,0.01594116272445254,13,0.0150449651115965
900,-1.3646282488733301,-1.6059314148769934,0.01598048353204553,14,0.020083985457080025
900,-1.2351619305881465,-1.6203802312581566,0.016189536167698693,8,0.003619095049868934
900,-1.2216386760999982,1.525965245429306,0.0159708374316906,12,0.011330502868879596
900,-1.3729659992639858,1.5252367747673092,0.016046534128780036,13,0.020339740924521215
901,-1.3587926441445826,-1.6208346867674752,0.014840957992544713,12,0.004387991754301768
901,-1.2351012017341076,-1.6211150437880666,0.015998080248129026,8,0.004371571844757761
901,-1.2113292243942058,1.5279894421570424,0.015896663997376072,11,0.022915093919657435
901,-1.373924332879734,1.526142443788726,0.015786356560176275,12,0.01591396519563536
902,-1.3625957731827756,-1.6053674847578534,0.016186225038651192,14,0.02425893416149938
902,-1.2348050315204484,-1.6196886733168547,0.016103903905971276,8,0.0035294440294046637
902,-1.2231760203928057,1.5143023662605906,0.014866139877903832,11,0.020706936530592614
902,-1.373719343750609,1.523805184759251,0.01584690026124479,13,0.019737066046708076
903,-1.3556265534918714,-1.6114692865567455,0.016115904900080698,12,0.019863560855949362
903,-1.2491343857770891,-1.6364564532563444,0.015923900169527036,7,0.017450071697179343
903,-1.2187294869950531,1.5266209970042584,0.016151064523851243,13,0.02469387987531931
903,-1.369944955897252,1.5222102963874455,0.015712649926515207,12,0.016374254058096557
904,-1.3601076171114164,-1.6186070925424907,0.017306922284035457,11,0.0
904,-1.215525145154799,1.5280282160260723,0.01625777251756139,12,0.023876814109704776
904,-1.3705741892348697,1.5250109091786312,0.016358864755909763,13,0.023557409552402542
905,-1.3661535578879667,-1.6029760800017412,0.015926042392980327,13,0.0186953379038164
905,-1.2225656475937834,1.5245877052998313,0.015921075441942188,12,0.017330540981658305
905,-1.374128690414036,1.5244420504648375,0.016119360774531948,12,0.014128945948685582
906,-1.3635218433046634,-1.6019291867577816,0.016401424693897916,13,0.02049252143127423
906,-1.2409744629708004,-1.6240652343265676,0.016415395301618934,8,0.012294367053520001
906,-1.221287487506533,1.5226827903290143,0.015696654374311475,13,0.02145991612553821
906,-1.3722727856813979,1.5257561655798686,0.01586792518698551,12,0.013172045646769558
907,-1.3648599340742336,-1.6051036058972012,0.016038835063821675,14,0.022738252264204232
907,-1.2356104298937676,-1.6233964593150074,0.01656787731942367,8,0.018255481548216428
907,-1.216043681004476,1.5242070869498434,0.01568032880918429,11,0.018709126616537345
907,-1.3743569901813688,1.5252305171627887,0.015883835758999987,12,0.016712893276174517
908,-1.3604954401960703,-1.61165161988157,0.015365002285007518,11,0.002697144685213359
908,-1.2129641308272194,1.5260550908342472,0.015494383212863016,11,0.022122334081555645
908,-1.374759788395119,1.5248282948214595,0.01576634394707682,12,0.015153199957250051
909,-1.3643262924716084,-1.6140704891330022,0.01746466352003676,11,0.0
909,-1.2368043311385433,-1.6263477750780195,0.015774262981600628,9,0.004785499423302553
909,-1.2256096053645742,1.5264218802303733,0.016136093541214182,11,0.0028349266696742637
909,-1.3759377703680609,1.5257131771477825,0.0161312476445772,13,0.016658050247678875
910,-1.353573807064001,-1.6074784349630453,0.016150573549232567,12,0.019574378448447192
910,-1.2351619305881465,-1.6203802312581566,0.016189536167698693,8,0.003619095049868934
910,-1.2199841293505393,1.5261594921515824,0.015855110712380303,12,0.013892189774548655
910,-1.3772857668506955,1.5261823782391863,0.016123900470008935,12,0.013198776199914705
911,-1.365483786623294,-1.603134448135219,0.01632268358736353,13,0.019221136804375497
911,-1.2367336607494799,-1.6256617890732712,0.016316792212918263,8,0.02287124883985079
911,-1.2183389984661588,1.5250647445602135,0.016434561039196962,11,0.01889210980261094
911,-1.376312381671196,1.5268501070424985,0.015863974036348864,12,0.013754415472784809
912,-1.3648913263018347,-1.60569587190695,0.015408622925904551,14,0.02343640682012493
912,-1.2351619305881465,-1.6203802312581566,0.016189536167698693,8,0.003619095049868934
912,-1.2210947601962279,1.5266638719292878,0.01613810752938384,12,0.013495566470530797
912,-1.3693262038016327,1.5243887344343836,0.01562347176830449,12,0.01590637554927912
913,-1.363147312746553,-1.6070769943488212,0.016125293582357914,14,0.02328136120898689
913,-1.2327759214125522,-1.6232178396006254,0.016015919305144278,9,0.017804195454563614
913,-1.2185143637083884,1.527414252551251,0.016031216540568813,12,0.01667464371861632
913,-1.3652223606685334,1.523478765236682,0.01588489059845496,11,0.01647927020645599
914,-1.365697758830318,-1.600364980912816,0.015879536845295753,13,0.018482854214313213
914,-1.2401239067914915,-1.6268883224690098,0.01599241318163111,8,0.002744498494538494
914,-1.215549193688712,1.5278569825298356,0.015841423390859536,13,0.02069744499478101
914,-1.3782719924541036,1.5251291466539876,0.016173779537011344,12,0.015463822813935584
915,-1.3660197092073563,-1.6017547064191298,0.015539658336029738,13,0.01798512379038881
915,-1.2242072906581853,1.528843639544599,0.016028082819854104,12,0.011832117135324179
915,-1.3742867973899582,1.5250849710658152,0.015814596838151326,12,0.019513088080348275
916,-1.2181081080434766,1.531124892816444,0.016009284900509686,13,0.016360350963878542
916,-1.3779583165777047,1.5258500278274805,0.016094011072125564,12,0.01290602495590778
917,-1.3496746879356938,-1.6040126174082223,0.01563988008626415,12,0.016915223027637157
917,-1.2365145851082187,-1.622152860651082,0.01595698012859059,8,0.0028758988993982763
917,-1.2207744511502396,1.527881837722643,0.016068514294780605,12,0.014668455802092369
917,-1.3787314688552472,1.5261875444272854,0.015953528843318368,12,0.009321302094723862
918,-1.3520619791529975,-1.607888314686123,0.015630236467717648,12,0.017997888912957352
918,-1.2515998276644358,-1.639677178002521,0.01711337058372506,7,0.0197846716362227
918,-1.2151508473024808,1.5252550543099346,0.016545929691737175,11,0.01996449683714855
918,-1.3753886954476007,1.5240085133223442,0.015714407656109545,13,0.01618996733006904
919,-1.3608931907548787,-1.625932750737377,0.017424737676881026,11,0.0
919,-1.2403350696103908,-1.6454082422276772,0.015931238944311945,13,0.019291675426719647
919,-1.2143066597801488,1.5283302656341788,0.015339248294520833,12,0.02190474832332477
919,-1.3686839594028102,1.5204021122390146,0.016117285503683264,12,0.022717626124177402
920,-1.36429850879562,-1.6012866299103437,0.0159714415544556,13,0.018880096909519545
920,-1.2327222041737707,-1.6237023032126618,0.016028108349769202,10,0.0031846019257787336
920,-1.2152177248910208,1.5270516386844553,0.016302919746310138,12,0.020506568084276727
920,-1.3777992239276378,1.524137770616415,0.01599653749823546,13,0.014354352843977436
921,-1.3622001173170946,-1.6071255076945412,0.015312153345524587,14,0.02375195715987117
921,-1.2358694067117246,-1.621307962334139,0.016028305997174457,8,0.003185708637644865
921,-1.216380102172723,1.5301575622485517,0.01613026746391472,12,0.015875733278016696
921,-1.3743414037606279,1.5242912019703923,0.016017343101586652,13,0.015421787420293029
922,-1.3608931907548787,-1.625932750737377,0.017424737676881026,11,0.0
922,-1.228145914831287,-1.628697745145656,0.015891768386442972,11,0.010898088290548256
922,-1.2223289021132835,1.5274322715129112,0.015874290321575054,12,0.01380852515341602
922,-1.3761899590886328,1.5249686301622651,0.015836281220275552,12,0.014199975424667596
923,-1.2271196229654553,-1.6179515418945247,0.015516201614957575,8,0.0037669122741777724
923,-1.2232844883896445,1.5272552005573095,0.015953149907992452,12,0.011116463105663707
923,-1.3709629356024051,1.5252532595105723,0.015992367308131084,11,0.01275718681144
924,-1.3640572144244432,-1.5974784245358347,0.015204512424788152,14,0.02133911340358981
924,-1.239687006817644,-1.6249743882295435,0.01594229954816454,8,0.014305001148642997
924,-1.2170947424449063,1.5218538733911617,0.01603422014936943,13,0.025819258936501898
924,-1.3705756940459208,1.524595590184294,0.01618018495138826,12,0.01940802860468965
925,-1.3602217524604974,-1.6251358731155254,0.01738278062706475,11,0.0
925,-1.2354836336833661,-1.6300141058961573,0.01585819591439285,10,0.009124347277082234
925,-1.2213428204728103,1.526924618835339,0.016003826515680972,12,0.019491007067214156
925,-1.3771316018853552,1.5273757959453405,0.01591153392568329,12,0.013230210827409772
926,-1.3678549886885796,-1.6016058730439582,0.015092167381698341,15,0.0212637544612057
926,-1.2623708402442966,-1.6461185348081178,0.017501069978230546,7,0.0
926,-1.2155605760479915,1.5261436940687234,0.015940983245493253,11,0.020780555133255628
926,-1.3775640692126223,1.5276604405933079,0.01616857153755427,12,0.013648835522142029
927,-1.3603526354083464,-1.6188963959189442,0.014707629474235711,11,0.0
927,-1.236724078918172,-1.6321792757374445,0.015495327752502458,9,0.012564486567004651
927,-1.2220451555769978,1.52701243307351,0.015786966606701737,12,0.012533746167120451
927,-1.371662068414466,1.5248795844657863,0.016171908749798576,13,0.01880082189711056
928,-1.3619395710266142,-1.602723633837867,0.015548110903809254,13,0.024363830274490465
928,-1.230816425586945,-1.6211917851113498,0.01617199824243405,8,0.0036107957035250732
928,-1.2161101439023878,1.516927454167347,0.015687750567885215,13,0.019622028214804896
928,-1.3702184793010908,1.5254689756387523,0.015925992642419014,11,0.02267802317846527
929,-1.3615092986009238,-1.603291136656964,0.016227432150745617,13,0.023543867452762608
929,-1.2424893024848511,-1.634685319228118,0.01610744435405017,9,0.005885067505559779
929,-1.2278779310768775,1.526213307742242,0.01494958326682886,12,0.0
929,-1.3744275674841087,1.5270355057076277,0.01596219384627474,12,0.015384340322709989
930,-1.3473285245315334,-1.6129304119381165,0.017244324211839072,11,0.02328620799927016
930,-1.2173336279702147,1.5208191538401568,0.015526584564443275,13,0.019225219185019207
930,-1.3747612155569677,1.5272317308428234,0.015932480514584225,12,0.016182471673830776
931,-1.3602217524604974,-1.6251358731155254,0.01738278062706475,11,0.0
931,-1.2440503229609219,-1.6299190796962997,0.016993969959335293,8,0.01775430814176507
931,-1.2181090464613546,1.5288466677888715,0.016015065301084,13,0.02281887757487535
931,-1.3754225880202995,1.5267084631552341,0.01572266102496607,12,0.012884196386347366
932,-1.3616473523273742,-1.6204423722708101,0.014724202384491035,11,0.0
932,-1.2418692543688474,-1.6329283940482937,0.016243425216492077,9,0.0057465350185775255
932,-1.2235667706269486,1.527718720793551,0.015919530546440963,12,0.01146051507918175
932,-1.3749597451980569,1.5265965972448967,0.015614186934677235,12,0.013019767609786025
933,-1.3553498640949169,-1.605911496152282,0.01611643072380266,12,0.016439630064942687
933,-1.215549193688712,1.5278569825298356,0.015841423390859536,12,0.02069744499478101
933,-1.3753423939257672,1.5251422630382385,0.015893342157733834,13,0.017050401688607802
934,-1.3658891643668434,-1.6048299885838866,0.0159214925215417,14,0.02070482477411792
934,-1.2370726434790933,-1.6228870945069993,0.016044994317359992,8,0.0031919073972648624
934,-1.223960431980855,1.528665504352826,0.016514488105274925,12,0.012555950111707563
934,-1.362197299189068,1.5286661027030521,0.01610608291067483,11,0.017335902814151222
935,-1.3629026343417998,-1.6155631634306564,0.016931685875198877,11,0.0034493100723008013
935,-1.236394928188035,-1.6273089586910143,0.016003724315666202,9,0.005599320135134206
935,-1.2238399717217536,1.5279287270709405,0.016457155513014923,12,0.011877026414487596
935,-1.3792925998436405,1.5261401617730532,0.015944180647050995,12,0.013843076663089721
936,-1.2387709175683816,-1.625114216302821,0.01624415459847891,8,0.0036475866782112957
936,-1.2197892768720908,1.523751284528376,0.016498818694489877,12,0.02111346434076527
936,-1.3709062662002713,1.5288211104600522,0.016152829845260577,12,0.017676876717801583
937,-1.3640453422444405,-1.6057932581920311,0.01590766322752654,14,0.02139491873477093
937,-1.2521807446334774,-1.640445966901183,0.015981863677869496,7,0.017531643706145135
937,-1.2196193538720517,1.5262860874169188,0.01595584908092374,13,0.020944123143072837
937,-1.375822990583631,1.526110640228091,0.01614406739659442,12,0.014151316213031555
938,-1.3493828018793965,-1.610217363641685,0.016419935476136256,12,0.023207975199971132
938,-1.2351619305881465,-1.6203802312581566,0.016189536167698693,8,0.003619095049868934
938,-1.2160600056926332,1.5290281634450582,0.015991305743471067,13,0.01856268800813999
938,-1.373799666184092,1.5249537929721657,0.01578576991934469,12,0.01834100363540404
939,-1.3663966225720072,-1.6075455204364588,0.016304968536358044,14,0.02120579288944062
939,-1.2375680993955749,-1.6235364793460887,0.016225601217382462,8,0.0036375727674895337
939,-1.2190651381898685,1.5260047601372684,0.01574499409616086,12,0.01579445508229122
939,-1.374828492365944,1.5283286406127632,0.01595987467180731,11,0.012833752088408602
940,-1.3514597162198074,-1.6178465042320855,0.015590736994891621,12,0.017621641671528944
940,-1.2509619492904227,-1.6388500867480014,0.015958508763276952,7,0.017498469042785687
940,-1.2188817544083839,1.5324090727250053,0.01594347934336902,12,0.015923740751184315
940,-1.3698656599438832,1.5277873810487839,0.016158416612311287,11,0.01525579044136248
941,-1.3602217524604974,-1.6251358731155254,0.01738278062706475,10,0.0
941,-1.2317410725385118,-1.6329547471795678,0.015801875595830208,11,0.01932539491128379
941,-1.2186147007095818,1.526030041032949,0.016004352300243652,12,0.01929193443503134
941,-1.3708898105817628,1.528294902785026,0.016191934073304298,12,0.015555365797294163
942,-1.2360086374255927,-1.6212707629603198,0.016118800881492264,8,0.003536142161064846
942,-1.22219284184819,1.5277495971515134,0.016002485197127662,12,0.012424511593168774
942,-1.3704847669232092,1.5248974731378464,0.016023756920124775,12,0.016196913981660618
943,-1.3539121563127174,-1.6042639939136358,0.015445391775766853,12,0.01395038442182188
943,-1.2516177340135632,-1.6397150154397389,0.015192507133719954,7,0.01577557581017407
943,-1.2161863055547728,1.5256489474703194,0.016247111176339687,12,0.023880082219602628
943,-1.3690365132406537,1.5232357202104447,0.016007621077218766,11,0.0166498384637659
944,-1.3513077730843144,-1.6125161328315742,0.016457422721224017,12,0.02326134399103138
944,-1.2360086374255927,-1.6212707629603198,0.016118800881492264,8,0.003536142161064846
944,-1.218292108777278,1.5290820789425192,0.016219754649992913,13,0.013648102835295732
944,-1.3719496847851391,1.5247768712856222,0.01593030184916883,12,0.013319717471183008
945,-1.3681005931684083,-1.6046129838162833,0.01613870518070392,13,0.01887551673117409
945,-1.240966740176688,-1.636393054615815,0.016095046700520366,10,0.01070263475626976
945,-1.2234797852899906,1.528716844165892,0.016185722522911578,12,0.013536333184464119
945,-1.3760110160470103,1.5279805490411886,0.01592964526073558,12,0.011685592321917541
946,-1.359849353802231,-1.6198965484113477,0.016095068040786614,11,0.005678140714867441
946,-1.2405077723311821,-1.6282103179527576,0.0160853408055699,8,0.004406182048002082
946,-1.2210930933474722,1.5287901574341152,0.01609440980824111,12,0.016217309364450247
946,-1.375715759578353,1.527603665114506,0.016042362453112365,12,0.015523579315959653
947,-1.3551780835391702,-1.6111114148205974,0.015506005507366614,12,0.01839710533827489
947,-1.2351619305881465,-1.6203802312581566,0.016189536167698693,8,0.003619095049868934
947,-1.2189904413199864,1.5268454249375947,0.01640154513743325,12,0.018167888888905692
947,-1.3754234844899755,1.5240852741522963,0.015962524977171145,12,0.01873155633237253
948,-1.3661336197454013,-1.6069575514998813,0.016045998782058403,14,0.018688069106356585
948,-1.235729742061491,-1.6213996960883774,0.015664412037750694,8,0.0018064889520576013
948,-1.2257059741938061,1.5295810990274135,0.015678163013652588,11,0.011444977867125734
948,-1.3765993085355248,1.5256505427771663,0.015995193723907772,12,0.012814328531988859
949,-1.3615255678593237,-1.6004332853237797,0.015886845235579997,13,0.01901202350848437
949,-1.2183389984661588,1.5250647445602135,0.016434561039196962,11,0.01889210980261094
949,-1.3768297764093036,1.5260524030438187,0.016004557640677514,12,0.013416333739741902
950,-1.3699936114569673,-1.6022366395194518,0.016048367407088825,14,0.022061336385473234
950,-1.2309487032504347,-1.6226163476741415,0.015469435340890321,9,0.01143731463165687
950,-1.2212053172428208,1.5272824521733819,0.01584501242430602,11,0.013550096591651557
950,-1.3811152410598544,1.5268082141355992,0.01632663854047231,13,0.011963254874630493
951,-1.3611091100475203,-1.618206904300695,0.01481547240001814,10,0.0016750171993018884
951,-1.2360502494310361,-1.6237204002464696,0.016471815276943733,8,0.003929257014384755
951,-1.2234893315822524,1.5248817548355902,0.015741772393571562,12,0.01802384133976129
951,-1.3762262995242323,1.5285723357835737,0.015774278633104724,12,0.012426876980328284
952,-1.3642098366116575,-1.6060963094820166,0.016026801710372702,14,0.020921232605447496
952,-1.2382559127291695,-1.6206029780163338,0.01695401335319345,8,0.004528162647471908
952,-1.2174248573736997,1.5275265163563316,0.016250742781721967,12,0.02279091749413502
952,-1.3738703875849039,1.526159239413261,0.016152285331223204,13,0.017695574031994774
953,-1.3500242433950842,-1.6109832655962402,0.01643355587649104,12,0.02322744293416779
953,-1.2220945056255355,1.52700980503769,0.015811413921328912,12,0.01149938269181504
953,-1.3749623336886452,1.5262360522846625,0.016062226427397318,13,0.02121600490569003
954,-1.362114900572734,-1.6053732576929989,0.016023786680027904,13,0.015886559378302138
954,-1.223115896549735,-1.6273741599004108,0.016350505201809612,9,0.0
954,-1.2240750107077794,1.5273452912071657,0.016013614680373857,12,0.010444180307240642
954,-1.3819001946860594,1.5250829409728774,0.0161953703917517,13,0.009686524560299463
955,-1.3625703969566805,-1.6184210943206747,0.016887326419656425,11,0.001492282629815659
955,-1.2177649801228156,1.5226973779213477,0.015888700289193203,13,0.02560454717444984
955,-1.3786224161191405,1.5254567020371292,0.015964224547056774,12,0.012985262786781361
956,-1.3561307622854288,-1.6108423113477457,0.016196408752308405,12,0.01843904561523319
956,-1.2351619305881465,-1.6203802312581566,0.016189536167698693,8,0.003619095049868934
956,-1.2230500165066989,1.528289866885892,0.015935601680229183,12,0.011619741532497296
956,-1.3734648698001843,1.5244450559356921,0.01585458392349181,13,0.01845725397769826
957,-1.3670041909728137,-1.6073129393125003,0.016057890492541083,14,0.018947140789670653
957,-1.2509898308055372,-1.6388784515172892,0.01709881723476069,7,0.01976305102292397
957,-1.2210326260603828,1.5269844963069221,0.015992424614335282,12,0.013176007130361175
957,-1.37313581810201,1.526265439978878,0.015923330160061325,12,0.013342935005661024
958,-1.3636602267901072,-1.6044674003989303,0.01567492262250853,15,0.020610987936023555
958,-1.2380214218766221,-1.6262915352504745,0.015937293083949998,8,0.016272860714868727
958,-1.2240667521100808,1.5288281270326023,0.01613465677301669,12,0.012999815224384953
958,-1.374675017337962,1.5235572197625478,0.01602058288607661,12,0.02076242367966877
959,-1.3464800976615905,-1.5929566273740814,0.017242729329304454,11,0.0
959,-1.2509619492904227,-1.6388500867480014,0.015958508763276952,7,0.017498469042785687
959,-1.2260700002309841,1.5119649855235497,0.014869137911419621,12,0.019599308173425874
959,-1.3722684096137374,1.5246410566644686,0.016086709530155754,12,0.019925852443807464
960,-1.3617827089006116,-1.6180365476737624,0.016627494459352493,11,0.0024929147123744803
960,-1.2365145851082187,-1.622152860651082,0.01595698012859059,9,0.0028758988993982763
960,-1.3739181857972549,1.5252765970382582,0.015863497074290668,12,0.01503171353629782
961,-1.3557824086776178,-1.6075537652819183,0.01595361476735076,12,0.01595905108726655
961,-1.242752529440858,-1.6316867686146421,0.016087911234431682,8,0.01615301387158082
961,-1.2195441292059683,1.527783300755644,0.016247774675977752,11,0.014877733116798735
961,-1.3766776507006369,1.5262152323052884,0.016051525227926938,12,0.010276699765167057
962,-1.3490264298473698,-1.6119887851721333,0.016526126642693314,12,0.023327846313942694
962,-1.2409691294123986,-1.6293521781187836,0.016012014660111384,8,0.016022097972602567
962,-1.213988871123751,1.5275827109543636,0.016480945620416847,12,0.019362851716146053
962,-1.3724063398124966,1.5268091289148071,0.016030796503572628,12,0.017582168548000276
963,-1.3568783214099323,-1.609429231477489,0.01659027579632476,12,0.018197389018279254
963,-1.2398401789726188,-1.6286999970744869,0.016355410816953467,8,0.004555685909398278
963,-1.2205095006870013,1.5278002691955037,0.01638437017886766,12,0.015362075721754397
963,-1.3679844530082061,1.5265274850876323,0.015641470030147254,11,0.017143284609282463
964,-1.3624952945991462,-1.6166689946150754,0.016312960506118905,10,0.002356996760187932
964,-1.217631560459689,1.5284299838454634,0.015961345400916413,12,0.01887933985944736
964,-1.3702907440472467,1.5295026927721669,0.015913025001418536,12,0.01839763826002615
965,-1.3668020051975407,-1.6030890578968466,0.016117030695332386,13,0.018848036589200826
965,-1.239521664971834,-1.6260995263351428,0.01598399833061231,9,0.002742322235769593
965,-1.2209708066331688,1.5284971965240148,0.015914761613986812,12,0.014594626675968914
965,-1.3734936147673507,1.525579199783254,0.015714933960221014,13,0.01743132687543479
966,-1.3611670907733493,-1.6198679533471658,0.016136885220581456,11,0.004185866888106325
966,-1.236646064864594,-1.6221490201223316,0.016028295195017903,8,0.003273526556622442
966,-1.2219025800523076,1.530484680603598,0.015754852825676426,12,0.014464692167375075
966,-1.3690990461531418,1.5282229682398558,0.016036513671827003,12,0.01570767983428522
967,-1.3623987618547388,-1.604513742445923,0.016476391720050932,13,0.020406879384917732
967,-1.2268821179945157,1.5280073398310503,0.01616919719873917,11,0.0028360428427474764
967,-1.3640179653878646,1.524422287616299,0.016785467350868628,11,0.0172341702339506
968,-1.3570128265469643,-1.60761446519429,0.01603408364963161,12,0.015215209714823515
968,-1.2395260715832208,-1.6261053130544767,0.015995653897205437,8,0.002888312455102313
968,-1.2230612919515207,1.525678450739347,0.01581791079895506,12,0.014976561042437246
968,-1.3726849345126884,1.5255179805664865,0.01587125887869145,11,0.014528527109775976
969,-1.3647119555105405,-1.6072762165614638,0.016219536339096962,14,0.020522805678242936
969,-1.2393491817432956,-1.6247856425677525,0.01707192844127412,8,0.017179126520976643
969,-1.2219502582826276,1.5266843793460785,0.01610493334216378,12,0.018368990738879654
969,-1.3705068257697357,1.5256187883799288,0.015807528790301385,12,0.015296683138119419
970,-1.361759420423259,-1.6189815836388832,0.014826896635211948,10,0.0016755509785328464
970,-1.2342318625514452,-1.6310559249558858,0.015865037714523425,10,0.013304213820758958
970,-1.216859819396302,1.5291108890131206,0.016524737817793695,13,0.02316656073223343
970,-1.3696487652593292,1.5257264850888959,0.01618993390800381,11,0.01696944196099762
971,-1.3650628862066094,-1.6170618674060124,0.015447183271655819,11,0.002696453228052953
971,-1.2467852198504763,-1.6384071703830927,0.015946925352184362,7,0.012027329098086703
971,-1.2162349151571799,1.5279757864658896,0.01581225325168695,13,0.023516360603846133
971,-1.377149741081784,1.524835302806026,0.015918854484709557,12,0.014980247541823545
972,-1.3530979330952129,-1.6177027928764973,0.015096772517190469,12,0.016032773174852518
972,-1.2377189005121907,-1.6237343049231392,0.01597216358969831,8,0.002880333456362193
972,-1.2183386596726333,1.5261979788966025,0.01585063998499239,13,0.01914366482195844
972,-1.37291616704974,1.5260747425041472,0.016084007746556692,12,0.017923809796668237
973,-1.3648655466140989,-1.6178894292761936,0.016975382075129494,11,0.003452926847257169
973,-1.237194607082331,-1.6292259430651663,0.015878539824615342,9,0.00622054850768606
973,-1.2188068282427638,1.5257378334152543,0.01613790901402065,12,0.014466821738697028
973,-1.3720296057367076,1.5253949760813903,0.015858796453263192,11,0.014907379452878719
974,-1.361429003984531,-1.6201776927175633,0.01735918677757838,11,0.0
974,-1.2176631344359563,1.5263042603528316,0.0162522092386322,13,0.025965383491203017
974,-1.3724168810641708,1.5262867335322576,0.01597816953637589,12,0.01676698578215144
975,-1.3557233843871161,-1.6142288594024727,0.016659307543191247,12,0.020221440598998656
975,-1.2533976867873104,-1.6420411524286147,0.016003895424135658,7,0.01756336523090227
975,-1.2294775092044865,1.528203276478392,0.01639944606407939,11,0.0
975,-1.3751925616270402,1.5236940133124715,0.01598190062800437,12,0.019529896797303006
976,-1.3569582290222366,-1.6161920179966032,0.01666616584355607,12,0.017855113807056903
976,-1.2396568393423246,-1.6261064403054704,0.016062844440110628,8,0.003286679385777135
976,-1.2216973961252273,1.5280573053873086,0.01601724231620592,12,0.01289362843022015
976,-1.3630222168017392,1.5253287997363694,0.015746460447825576,10,0.015611979237781423
977,-1.2369340733067382,-1.6229868542654728,0.01567531193633217,8,0.0018107582634157493
977,-1.2206367185439453,1.5267259323535922,0.01624132993613332,12,0.014046534869196466
977,-1.3740707799671634,1.525654616413982,0.01563050350220369,12,0.012209343637076573
978,-1.3394438651807414,-1.5940220905601474,0.017050743368699287,10,0.0
978,-1.2271196229654553,-1.6179515418945247,0.015516201614957575,9,0.0037669122741777724
978,-1.2151817202899975,1.5234677359463824,0.016539388158311023,11,0.019426725857937407
978,-1.364980716879771,1.5242391824577057,0.016091921273571144,12,0.01940052089394817
979,-1.3543086600813505,-1.6061580000740816,0.015613003729033409,12,0.016134477414926112
979,-1.223441276704833,1.5281656008568654,0.016400178637442676,12,0.01420089426189635
979,-1.3627114231045154,1.5285395441928535,0.016056865631163673,11,0.016715879314885433
980,-1.3618501083057526,-1.617493990932416,0.0174836244613957,10,0.0
980,-1.23870603103803,-1.6258470416397894,0.01605476840014531,8,0.0043947740383194385
980,-1.21815663116044,1.5274965151534923,0.01586402227350517,13,0.020308730873417932
980,-1.374019408645821,1.5251960657560029,0.01586789838357914,12,0.015924629181239495
981,-1.3642222410779126,-1.6038432272333971,0.01658158495966177,13,0.02288070231779743
981,-1.2521807446334774,-1.640445966901183,0.015981863677869496,7,0.017531643706145135
981,-1.2097834189011818,1.5186436067324802,0.016246170406382793,12,0.015986421818720984
981,-1.367900264972421,1.5263217567649836,0.015874949182473293,11,0.016588300622757516
982,-1.360461699240671,-1.6174359909938132,0.014808172078405336,10,0.0016700113616254066
982,-1.2233638423298334,1.5291659148044017,0.016473174981601578,12,0.014064921595939238
982,-1.3715130096347297,1.5238492825731986,0.01633123535279995,13,0.01519988112113731
983,-1.3508213573340953,-1.6022085967515605,0.015658899447010058,11,0.01639048819040988
983,-1.2497912675212761,-1.6373228077419446,0.015162200149074281,7,0.015732343772707266
983,-1.221496088311008,1.5275291545454173,0.016114310317040317,11,0.01394650849419116
983,-1.3712480585003795,1.5248426239987616,0.016031334714712225,13,0.021510582599598496
984,-1.3647119555105405,-1.6072762165614638,0.016219536339096962,14,0.020522805678242936
984,-1.2509619492904227,-1.6388500867480014,0.015958508763276952,7,0.017498469042785687
984,-1.2208868429990092,1.5242215107129984,0.01597579864852197,12,0.01961061729832767
984,-1.374408067208379,1.52178123973653,0.015858640072072532,13,0.02526169071956967
985,-1.3646992087488485,-1.6065858858356241,0.016230560990813957,14,0.018810187443550824
985,-1.238538640574174,-1.6266572632620218,0.01712485991317102,8,0.019815789891765984
985,-1.221921159362342,1.5238371535120618,0.015585679611281912,12,0.02265137854035961
985,-1.374171567682357,1.5254487972720887,0.015730276357957474,12,0.014589256007417457
986,-1.3630292089988365,-1.60692284343112,0.015948795368391343,14,0.02360128637714347
986,-1.2359693505385896,-1.6236154581618634,0.015681608178845778,8,0.003505157788117773
986,-1.2215056856452973,1.5250329683907593,0.015620009936604376,12,0.02011149526678951
986,-1.371178959174773,1.5259815162959873,0.01600786460888258,11,0.018441270308038226
987,-1.3496665508891064,-1.5967271040473956,0.017307453003671067,12,0.0
987,-1.2351619305881465,-1.6203802312581566,0.016189536167698693,9,0.003619095049868934
987,-1.2148099211632697,1.5266500036127084,0.01652466491684212,12,0.020632227181003684
987,-1.3694233200125112,1.5268137502745829,0.016146169137034958,12,0.020081420054822236
988,-1.2376617887162134,-1.619827654798972,0.016933136932697837,8,0.004520730943117159
988,-1.2267015980825628,1.5268499464262435,0.01529412365148894,12,0.003460415450762073
988,-1.3702406485289256,1.523944134636143,0.016002897711982624,11,0.020034215222175425
989,-1.3687213609583215,-1.6044816662498667,0.015949968347694816,13,0.019004106574193318
989,-1.232950660145493,-1.6297440853314737,0.015584451287920286,10,0.013560753338156373
989,-1.214769335994378,1.5240416901487521,0.01568088759124795,11,0.01935234457724546
989,-1.3761686520166887,1.5257344715209045,0.015960605524921317,12,0.014661516542009237
990,-1.3559920608591132,-1.6111095399341941,0.0164193011205895,12,0.019312764838775958
990,-1.238276937675022,-1.624466267855153,0.01606193211277127,8,0.0032001218270748667
990,-1.2223078992825038,1.52783189808834,0.016066384509174022,12,0.014699958189302828
990,-1.3688266945504604,1.5238809077498063,0.016174786273558207,12,0.018726047065530514
991,-1.3603526354083464,-1.6188963959189442,0.014707629474235711,11,0.0
991,-1.2266011659349085,-1.6234182257887246,0.01544810242950855,10,0.011420608636100013
991,-1.2151216354874508,1.5275504814487004,0.01614929133648797,10,0.02089036720289403
991,-1.3707905764421404,1.525723102129011,0.01595613305038109,13,0.019223575623570226
992,-1.3619137336029885,-1.6176424592104106,0.016869111688214616,11,0.001491782330950455
992,-1.2405341402592285,-1.6307044699356614,0.015960431363771236,9,0.0041513671007567315
992,-1.2222541843679935,1.527117069917244,0.015916574722677244,12,0.011989278000777483
992,-1.3752441907059136,1.5252048240472829,0.015822799295251006,12,0.013818408063819653
993,-1.3562358237130097,-1.60811685832729,0.015815464004648838,12,0.015977074359434386
993,-1.2393061449388632,-1.6266331112317214,0.01606601003511653,8,0.004399173775709423
993,-1.2233796663815832,1.5265054797920172,0.016115109701241997,12,0.014309561905994495
993,-1.375346437699395,1.526372663712758,0.01584063403149184,12,0.010835513820504208
994,-1.351381642559368,-1.601603342003144,0.01572676361951046,11,0.016288693266568104
994,-1.2196849294963281,1.5254436491044805,0.01593244961150645,12,0.020197480390277214
994,-1.3779972862255219,1.5261378910981163,0.016048923445917553,12,0.012216434710650108
995,-1.3640200275636694,-1.601024153960062,0.016091664492572138,13,0.02104586091943949
995,-1.2299634629912082,-1.6226814872840236,0.015968156430300296,10,0.0038913126586447386
995,-1.217429525866965,1.5282090146074854,0.016219729264577692,12,0.013670095102902034
995,-1.3741736276733636,1.524968612968957,0.015912468598190066,12,0.014388121779444518
996,-1.360349393039111,-1.6055462438644872,0.014827345372147676,14,0.023256750386853577
996,-1.238878795750506,-1.6252557423098386,0.016070643444133767,8,0.0032054111814385604
996,-1.2187687421962352,1.5266223486422636,0.01595199522667826,12,0.015369621788416905
996,-1.3717233338116432,1.5258905435440981,0.015971937947493995,12,0.016151823041256064
997,-1.3469846713308191,-1.5982660032334692,0.0159140836104451,11,0.005713486927951214
997,-1.2190825959958436,1.5256782542791578,0.016216320911980536,11,0.014593527441368765
997,-1.3765240454426602,1.525972434969229,0.015823874866645157,12,0.01819249900497436
998,-1.3596090945939907,-1.6058397985547408,0.01702334208647884,14,0.026234584788057097
998,-1.236646064864594,-1.6221490201223316,0.016028295195017903,8,0.003273526556622442
998,-1.2197049588528757,1.527855933067771,0.016068991150333774,13,0.011088936622608892
998,-1.369187236936806,1.5280036099953525,0.01626681930853141,13,0.020866780497113057
999,-1.238253401272922,-1.6297543250341127,0.015957769466330485,9,0.00572937397603595
999,-1.2220185172822415,1.5261263275405315,0.01607300709659034,12,0.016063404958418178
999,-1.3709022040644947,1.5257164062002064,0.01585670379277277,11,0.015110975266162886
1000,-1.3641010841126693,-1.6010331704726908,0.015105717621358863,13,0.017616792632668105
1000,-1.2402071609759862,-1.6331929641854692,0.01590254093559456,10,0.006235579030945538
1000,-1.211763363145316,1.5270247897441673,0.016713701222902725,13,0.025582418332079762
1000,-1.3735564469961061,1.5252244199925653,0.016137295876743642,12,0.014665036172749208
1001,-1.354452279364791,-1.6079529870773754,0.015983474936798917,12,0.0159322513924735
1001,-1.2316565841721665,-1.6157806638090664,0.015968747835939375,8,0.003158467337731746
1001,-1.2188268823138673,1.5129846398829967,0.01582175970497776,12,0.019489553344459096
1001,-1.3776674233654136,1.5266788147159924,0.016600815578748943,11,0.011310483336041472
1002,-1.3621561007566383,-1.6040526922326312,0.016238172702448008,13,0.023562251955234707
1002,-1.2414285316938702,-1.6331121431230315,0.015598903894702254,9,0.005005459123831213
1002,-1.2184150917505074,1.5290906522088943,0.016321547592857963,11,0.017451760954802182
1002,-1.3719811507989055,1.524822420345584,0.016035592157852403,11,0.021400859510938605
1003,-1.3537344446857908,-1.6074338136929132,0.01536875299345905,12,0.0171909192048275
1003,-1.2398644709768403,-1.6281868150499355,0.015669291756489578,8,0.003813209130797429
1003,-1.2145085309585884,1.5255976174769337,0.016266874137674286,12,0.02135359534318452
1003,-1.373317003175215,1.5252412912926279,0.01598898561822946,13,0.018382267471569607
1004,-1.3624063238664879,-1.6043272840135598,0.015751049745202233,14,0.023688735208363582
1004,-1.2351619305881465,-1.6203802312581566,0.016189536167698693,8,0.003619095049868934
1004,-1.2147644105568822,1.5280147493327498,0.015158837910080486,12,0.02204496966097289
1004,-1.37544567703346,1.5245859674129174,0.0160357515861702,12,0.01937539835565395
1005,-1.3648680811618996,-1.605838056395051,0.01617620335585529,13,0.019078764694809743
1005,-1.211856742219126,1.528364372478033,0.01538218292976039,12,0.02184140563866021
1005,-1.3732441644230218,1.5236263389937632,0.016134289957935647,13,0.02069204673898328
1006,-1.3632207824776814,-1.619194303798871,0.01689788006254655,11,0.0014787198585703761
1006,-1.2340205906616097,-1.629907335520063,0.015900036117688806,10,0.00945990122761993
1006,-1.215881821690603,1.5246371323674122,0.01632887097647178,11,0.022572002765158947
1006,-1.3745212640292772,1.5251517601390192,0.015887346450947946,12,0.012546162258139294
1007,-1.3668674793180196,-1.602930695229573,0.01595294747232031,13,0.018709738888090223
1007,-1.2480954943484694,-1.6185411088965196,0.015370144004504507,8,0.0029031696959239597
1007,-1.2208338262852858,1.5261498187557665,0.01622508357387715,12,0.014198367202278
1007,-1.3732381202597626,1.5263864296773384,0.016019203542155903,12,0.014694917804748395
1008,-1.3620847757665566,-1.6209569886842041,0.017377599009994617,11,0.0
1008,-1.2376969168830874,-1.62452304595749,0.01564204812031152,8,0.003472749787736897
1008,-1.22347723638039,1.5289242045671654,0.016268515611602693,12,0.013425466913060558
1008,-1.3749025630508667,1.5264245171696118,0.01578784362995088,12,0.012835253980474241
1009,-1.3606230258031642,-1.6181591229728625,0.015425274883395143,11,0.002692370687601562
1009,-1.2372263674804138,-1.6334649112134123,0.016081411763766016,9,0.01393913447839663
1009,-1.2188143133492104,1.530650056416353,0.015486097284806067,12,0.01831873699503443
1009,-1.3763964644632518,1.527416592530456,0.016062880145496467,12,0.01669539118655606
1010,-1.3590399384937324,-1.6173399275578733,0.014672086333360637,11,0.0
1010,-1.2271196229654553,-1.6179515418945247,0.015516201614957575,9,0.0037669122741777724
1010,-1.220626435437794,1.5265402465627875,0.01653855424194431,12,0.019743311979835462
1010,-1.3748321738418583,1.5262611189190651,0.01597915263437776,11,0.012740808147997848
1011,-1.3490124420463991,-1.6063450975285494,0.016538121104174124,11,0.02240420609858492
1011,-1.2309633241820233,-1.6213852790027685,0.015923663056271114,10,0.002863003626248031
1011,-1.2194472710351305,1.5280340201484797,0.01567510122792528,12,0.017565443996630115
1011,-1.3793549209495324,1.5270526976843968,0.016161371248693258,12,0.011583107272283922
1012,-1.3668408471344247,-1.6045190384049708,0.015798870056294045,14,0.022316663858857076
1012,-1.2391339661234912,-1.626934104935768,0.01602444826694741,8,0.01606387928141051
1012,-1.2149870336218873,1.5291747166341942,0.01577998512434375,12,0.02250901941435387
1012,-1.3732257118796036,1.5257811755890396,0.015957203386818858,12,0.01832153878395554
1013,-1.3603308470742992,-1.618365692933765,0.01681068315350284,12,0.003988286513795825
1013,-1.239097337180861,-1.6242235149163635,0.015895883947624773,8,0.014277193913159961
1013,-1.213122533644758,1.5290215615819973,0.016275438487358997,13,0.02274380068782885
1013,-1.372647595981592,1.5273905208039316,0.015984280569793237,12,0.015287771217505132
1014,-1.3567893191248592,-1.6126467674684837,0.016210446173648297,12,0.017510389320818092
1014,-1.23506057369798,-1.6218770096592983,0.015593294082647941,8,0.003790315460499948
1014,-1.2170905348318386,1.5246705236268652,0.015831713429918737,11,0.021210185961028777
1014,-1.3775916749878916,1.5263004515461658,0.015758306083127827,12,0.017328312595839727
1015,-1.3620476151082774,-1.6202888056369276,0.01606697449736794,11,0.0028616670793426276
1015,-1.2342892269471162,-1.6305018324731433,0.01580294481774032,10,0.011670297813179293
1015,-1.2197603706471796,1.5266506636358337,0.01614685364654625,11,0.01753165308012161
1015,-1.3743884783733944,1.5277343812697217,0.016004353876686344,12,0.015126760704665527
1016,-1.3625856390608093,-1.6034831098725828,0.015561504435715393,13,0.024388328627905086
1016,-1.2171010365798625,1.5237803045961553,0.01591038253221092,12,0.019848263023394534
1016,-1.3704019093492292,1.5270004973158822,0.01563750846333404,11,0.017459226831879858
1017,-1.3644493475523125,-1.6002922094848928,0.016057079396037236,13,0.019079850020439604
1017,-1.232891321340283,-1.6257294129679414,0.016346204913670434,10,0.020525115832365406
1017,-1.2226079113066042,1.5270391355679018,0.015863977017446084,12,0.011261098579718912
1017,-1.3707735132347263,1.5279744887914535,0.015906585529002978,12,0.018425944085633215
1018,-1.3543405203106567,-1.6098656759281764,0.015024740594201294,12,0.017463920390201816
1018,-1.2410319527336708,-1.6259560060404483,0.015802359391087952,8,0.015651344425139976
1018,-1.210202352032554,1.517652533532937,0.016224108949964094,12,0.016439921739893483
1018,-1.372973885973016,1.5263474203243872,0.01597606760020891,12,0.016274528068154794
1019,-1.3653922666110228,-1.6024524384264467,0.015895719667947224,15,0.023175272825310247
1019,-1.2339590854608347,-1.6188021852952126,0.01617123572066022,8,0.003609446834862691
1019,-1.2125261805531722,1.5156412724730617,0.01622453269224568,12,0.01971308441186455
1019,-1.3777850584441549,1.5246602184881668,0.01601768296535413,12,0.013349118872274825
1020,-1.363779118042487,-1.6054397895084735,0.016242484337018852,13,0.0189919329494794
1020,-1.2378633076528462,-1.6225633576847638,0.015945513852584536,8,0.014371031873367305
1020,-1.2203508934749685,1.5260630388167258,0.016206788521906268,12,0.01278893825442136
1020,-1.3779629437667984,1.5267689614863846,0.016002125233129043,12,0.009028261571491173
1021,-1.3618501083057526,-1.617493990932416,0.0174836244613957,11,0.0
1021,-1.230055492853782,-1.620274800544864,0.015637831311871454,10,0.010889552884756069
1021,-1.2206074354361145,1.5256071940678129,0.016142743730829745,12,0.014730958498793642
1021,-1.3765738505652754,1.5256834147594551,0.01592584640420183,12,0.017370627986750105
1022,-1.3482403541924035,-1.610869994528501,0.017216263494347503,11,0.023004284709855688
1022,-1.239097337180861,-1.6242235149163635,0.015895883947624773,8,0.014277193913159961
1022,-1.2212297356859871,1.5237987774131911,0.016109370354243646,12,0.01715736945093368
1022,-1.3688138596958803,1.5265243673874311,0.01634465711950403,12,0.01919107520017705
1023,-1.3515748213471799,-1.6093917585738144,0.016607474673779057,11,0.02251917867921397
1023,-1.235729742061491,-1.6213996960883774,0.015664412037750694,8,0.0018064889520576013
1023,-1.2129787016136868,1.5254960823651706,0.016585649546728,11,0.021188059546073484
1023,-1.3716955878663073,1.525414441520974,0.015944591825136037,12,0.01574215059783505
1024,-1.3565538163397186,-1.620753083854552,0.01468900451858206,11,0.0
1024,-1.2365770669806282,-1.6315558145891542,0.016648090883494296,9,0.01432822434531378
1024,-1.2272515169131448,1.5254402619279355,0.014954110892189449,11,0.0
1024,-1.3707302907559706,1.5263739360715973,0.015555834343395417,12,0.02258112700817842
1025,-1.362917242677144,-1.6042158431153068,0.015986993423804663,14,0.02593791871353999
1025,-1.2376617887162134,-1.619827654798972,0.016933136932697837,8,0.004520730943117159
1025,-1.218996924961029,1.5269231201944098,0.016130864284700078,11,0.013242054423379954
1025,-1.3721876700362414,1.5260052708599374,0.016151538223167346,12,0.021217036622946533
1026,-1.3618990232984107,-1.616374443802302,0.016463228324843895,12,0.004656079489348937
1026,-1.242469932787903,-1.6331768909862483,0.015790677601175713,8,0.01844682193830512
1026,-1.2174163990728624,1.5192172503155374,0.015573658421680256,12,0.027744429845545013
1026,-1.3783149997463293,1.5258728485989974,0.0158477988873232,12,0.009391301752139656
1027,-1.3627403050902578,-1.6034164306730703,0.01607774106670259,15,0.024139296392920253
1027,-1.2370726434790933,-1.6228870945069993,0.016044994317359992,8,0.0031919073972648624
1027,-1.2209371526922896,1.5261137715676847,0.016196174311960652,12,0.015559671690235347
1027,-1.378462948309923,1.527131979682501,0.01607235972146576,12,0.009478988759065785
1028,-1.3595443314568396,-1.6193559940248932,0.015409511844943203,12,0.0026199433053328445
1028,-1.2363644864123664,-1.6219559187427535,0.016209417032405683,8,0.0036308281286112896
1028,-1.223399464849991,1.5283654748877211,0.01591881282852945,12,0.01170528891587286
1028,-1.370054151115407,1.5246856774027526,0.015530648513453026,12,0.018694216115191484
1029,-1.3643262924716084,-1.6140704891330022,0.01746466352003676,11,0.0
1029,-1.2360277607531585,-1.6318835969942629,0.01606040697409421,9,0.013923539530538792
1029,-1.2184280979469555,1.5263486425375647,0.015910518487221734,13,0.022116748631933508
1029,-1.3740205654879492,1.5257005523397253,0.015864257290023186,12,0.019381022775516156
1030,-1.3563508558348272,-1.6094671746326814,0.015983504674870485,12,0.017024511969116553
1030,-1.2341763181009757,-1.6333835526283673,0.015926383363802556,11,0.02193439938667487
1030,-1.2208376614663614,1.5265208912696309,0.016066823261630097,12,0.013774481533683177
1030,-1.3754922024126812,1.524336520886686,0.01596600787059145,12,0.017292015955400936
1031,-1.3618148631785778,-1.6206405364830918,0.016145562344124013,11,0.004187844335946368
1031,-1.2375529229610827,-1.6313222472317201,0.01557529967903957,9,0.011527950849494794
1031,-1.2234995605386527,1.5251844436873392,0.015861622019978403,12,0.018887954061983674
1031,-1.3761521523632703,1.5266859889232245,0.015873326196601617,12,0.016199738572419447
1032,-1.3620476151082774,-1.6202888056369276,0.01606697449736794,11,0.0028616670793426276
1032,-1.2617540083916587,-1.6453139663936798,0.017487330525920133,7,0.0
1032,-1.2181412692339586,1.5259877822338819,0.016595157727915037,13,0.025142411636075397
1032,-1.3746298101448435,1.5268966207924726,0.01586991704618707,11,0.015327533782994169
1033,-1.3598775246164956,-1.6217624738705756,0.01669809712841655,12,0.0023145997448449
1033,-1.2599044541961113,-1.6429009343620122,0.01744703779904692,7,0.0
1033,-1.2187464937666346,1.5279563579682263,0.016063721420626117,13,0.018874291308777862
1033,-1.3690707442503307,1.5291239568074797,0.016595391624064336,11,0.018698523748320713
1034,-1.3672526092233108,-1.6069930547357794,0.01579373699590434,14,0.02122947982764461
1034,-1.2362257761815372,-1.6310873171757245,0.015708371826115217,9,0.012904909880753742
1034,-1.2225499077863797,1.5256593040910158,0.0161167082777527,12,0.016564542760242454
1034,-1.3714586660658006,1.5265837718943867,0.01601591054375777,11,0.014383964265484012
1035,-1.3629998488242023,-1.6156766727107135,0.016110560423551877,11,0.004182956873557537
1035,-1.233940449672829,-1.629850672076287,0.01573023368857731,10,0.01226548502490713
1035,-1.2243670301811853,1.5282827332312028,0.016332725817226595,12,0.0029642334398305506
1035,-1.3689486139729004,1.5259325236747687,0.016039110528974235,11,0.019232576780832587
1036,-1.3646459779106583,-1.6055182072421748,0.0158354913038067,13,0.01593309953162755
1036,-1.24071171115624,-1.628480386777106,0.015675834407738953,8,0.003488261354627293
1036,-1.2205339089320024,1.5285065333722645,0.016369045275856094,13,0.014697224466143691
1036,-1.3758905964258559,1.5228450864402743,0.016134215754056314,13,0.021939181471612144
1037,-1.363655841828793,-1.6164522054071462,0.0161264312465898,11,0.004183696830325534
1037,-1.2394050832677888,-1.6325013045310501,0.01600119711709777,9,0.006429349012221524
1037,-1.2223910084295249,1.5240758328306347,0.016161933641646645,12,0.02054152597376527
1037,-1.3711536086428735,1.5281095880871558,0.01627947675659306,12,0.014785669836096011
1038,-1.2216425206652564,1.5254030495968196,0.015918464147901278,12,0.014232584149280324
1038,-1.3688059836439876,1.5270571814049392,0.015747422512942297,13,0.018352650938147783
1039,-1.3562374704034117,-1.6116071000748846,0.016924474164776396,12,0.019093645276284568
1039,-1.2369340733067382,-1.6229868542654728,0.01567531193633217,8,0.0018107582634157493
1039,-1.2181745907510064,1.526338407940291,0.015856366061520858,12,0.01988748306249026
1039,-1.3748981750799576,1.5263615069266045,0.01584587484262523,12,0.014172369609843048
1040,-1.23737028128199,-1.627949077987719,0.015866930812556523,9,0.004771585920142705
1040,-1.2279995921510911,1.5294009285162335,0.016907526334513538,12,0.0025186360362272884
1040,-1.3751268441306395,1.526894406402447,0.015729436272913382,12,0.016280317272177523
1041,-1.2372759697186848,-1.6278247360900415,0.016005424250733306,9,0.004688263149374317
1041,-1.22487125486295,1.5279317373779884,0.015958175951323268,12,0.004047517972944693
1041,-1.3721175960784033,1.5270785043780088,0.016133275406870127,12,0.020426968707807136
1042,-1.3624561096539334,-1.6074703850543322,0.015805631327071686,14,0.024590046064888044
1042,-1.2377696003203293,-1.6259785772868778,0.015713739206623226,8,0.0035168706488119296
1042,-1.2271441091318012,1.5278613273729993,0.016276158084456295,12,0.0028167956472307004
1042,-1.3610278691493574,1.5266444942728505,0.015733115884975016,11,0.021328344827312128
1043,-1.362987733038081,-1.6043341045314203,0.016078040190010624,14,0.02133368361211788
1043,-1.2379288844449183,-1.6253518559104598,0.01600636419324063,8,0.01604355573970994
1043,-1.222047673778392,1.5276813429517049,0.016196888927172748,12,0.013779104817642537
1043,-1.3728129927100006,1.527911813105198,0.016035049142531472,12,0.014453589955808909
1044,-1.3674542661797526,-1.6005088136798271,0.016843736613705862,13,0.019048124012563047
1044,-1.2222911717406788,1.5276177311287495,0.015995527289761786,12,0.012996611726915915
1044,-1.3759558982645728,1.5245918860457242,0.016088252316880627,12,0.019642926751222617
1045,-1.356380331644945,-1.6126632159605148,0.015903203899887013,12,0.01900351193176234
1045,-1.2285261006320771,1.5270221007860258,0.01498552677782435,11,0.0
1045,-1.3697616192704951,1.527224425461978,0.01606067936926152,12,0.016860376398534195
1046,-1.3615758956389283,-1.6172193360443472,0.015676210785105057,12,0.005848406424579084
1046,-1.2328871500144183,-1.6190235717569168,0.016118468175109466,8,0.004083862211210481
1046,-1.221831702872304,1.5291231013770819,0.01586835447299058,13,0.019087854051508934
1046,-1.3728668432836515,1.523954936936893,0.015653676111307153,12,0.014757372435888774
1047,-1.3606508161290378,-1.6184271881912367,0.014963279186152768,11,0.0
1047,-1.2283594283067534,-1.6187716932572638,0.015938451869962556,9,0.004347427404928824
1047,-1.214069521459769,1.517461956698427,0.016170796541540158,12,0.01647707094244522
1047,-1.3738221708017928,1.5253668491419061,0.01597094435342641,12,0.014660507142427625
1048,-1.3648680811618996,-1.605838056395051,0.01617620335585529,13,0.019078764694809743
1048,-1.2363333898284696,-1.6273650244346742,0.016022656467095955,9,0.005450797719595
1048,-1.2202187614025144,1.5250270065607126,0.016140989447011415,12,0.0179999496081341
1048,-1.374819651579478,1.5262853126764937,0.016049646278957566,12,0.014170492974155739
1049,-1.3578559139932411,-1.6223067143459506,0.014716406911245247,11,0.0
1049,-1.2376617887162134,-1.619827654798972,0.016933136932697837,8,0.004520730943117159
1049,-1.2218175583110304,1.5275106402606304,0.016115214088786016,12,0.011822964711500883
1049,-1.3702950205581133,1.526672990883782,0.015941031047740296,12,0.02322972264044773
1050,-1.3555760077691312,-1.6079459227978452,0.015284548611943624,12,0.017065507863274106
1050,-1.248699888670158,-1.640440870462426,0.01584763751272023,8,0.016891431279498832
1050,-1.2208667449181356,1.5283737408356037,0.015900117343007676,11,0.011722527224297157
1050,-1.3755397332150534,1.5250305671342321,0.016303799639348693,12,0.013252739583116442
1051,-1.366274252875302,-1.6098946632328812,0.016060194108135986,14,0.02196788983407121
1051,-1.240303686659067,-1.62580944317185,0.01591308514867399,8,0.014295261996595008
1051,-1.2234893315822524,1.5248817548355902,0.015741772393571562,12,0.01802384133976129
1051,-1.3758106568911252,1.5246767588470698,0.015948162980574887,12,0.014993368721177775
1052,-1.358918642170175,-1.6235814147435206,0.017354072445235673,11,0.0
1052,-1.2486941827348794,-1.63429459786678,0.015876050430618915,10,0.00323830564602272
1052,-1.2185707907257493,1.5248152375201844,0.016242125028632842,12,0.022608056962194315
1052,-1.3747624290755518,1.5247302490030772,0.015963863866625967,12,0.01924946978385558
1053,-1.3609970004582859,-1.6196664170213904,0.01471207751064605,11,0.0
1053,-1.240465125629088,-1.6289734894775392,0.015680712845747197,8,0.003816515793139243
1053,-1.2209064364454527,1.524999056489291,0.015790383192618662,12,0.01947993427040214
1053,-1.3718151448184503,1.5280965330300862,0.01586461449559144,11,0.017899228261501567
1054,-1.3635593430062822,-1.616341238726768,0.016948986160750967,11,0.003449602970333013
1054,-1.2360161812090675,-1.632221490272601,0.016186752956902195,10,0.011967877853990578
1054,-1.2140706804464556,1.5271514923647094,0.016534340607630434,12,0.023652318551900205
1054,-1.3737524067328732,1.5255277882508016,0.015828775061394774,12,0.0191546774344864
1055,-1.2395582689302103,-1.6285456823056768,0.016272362797590298,9,0.004770384058958966
1055,-1.2202773152189157,1.524213645812441,0.015780228837067648,12,0.019465973519820087
1055,-1.3706575321143255,1.5248225336496783,0.01609958702677016,11,0.02050108707825217
1056,-1.364750198296475,-1.601795181316136,0.015116896401213773,13,0.017627574562800355
1056,-1.2617540083916587,-1.6453139663936798,0.017487330525920133,7,0.0
1056,-1.2156808364655372,1.5196384691111704,0.015594815414066834,13,0.02579295783298975
1056,-1.3722574662877691,1.5261751966270756,0.01588078840163125,12,0.01513579031782147
1057,-1.3595802425791348,-1.6243665487615513,0.017380814621004274,10,0.0
1057,-1.2359773376527208,-1.6307641801066006,0.0166371307170428,9,0.014317992509780667
1057,-1.223189343304861,1.5277433862152088,0.01661827946204052,12,0.014152286843954772
1057,-1.3666850911911022,1.524201314259479,0.016141260486738303,12,0.021916202946698125
1058,-1.3629998488242023,-1.6156766727107135,0.016110560423551877,11,0.004182956873557537
1058,-1.2185683779435834,1.5261344755587603,0.01613507611197542,13,0.020808179106890343
1058,-1.373093521888446,1.523860251785086,0.01611397033573398,12,0.01979318873798784
1059,-1.3592166346337287,-1.6175461636552686,0.01610336736242704,11,0.0041769964912273545
1059,-1.2258886803550149,-1.6193538277190993,0.01564130687908852,10,0.004712070944390083
1059,-1.2239309753324086,1.523075513487491,0.01637336092545069,12,0.013879227874894888
1059,-1.3656451952379134,1.5252118343680412,0.015846855196160865,12,0.015574921896092601
1060,-1.3491999083719761,-1.6056382914256844,0.01563509524496966,12,0.02131712766653606
1060,-1.2434453767501517,-1.6291261457342128,0.016981459697695735,8,0.01773670655847567
1060,-1.2227544174539713,1.5263301411008496,0.015927588889458916,12,0.014527253384134138
1060,-1.3733747149163655,1.5252961481091187,0.01588037983636476,12,0.01580106216078996
1061,-1.3611670907733493,-1.6198679533471658,0.016136885220581456,11,0.004185866888106325
1061,-1.2360502494310361,-1.6237204002464696,0.016471815276943733,8,0.003929257014384755
1061,-1.2213785667912147,1.5264715068428982,0.015973585448758924,12,0.015900162883943685
1061,-1.3780557308506571,1.5252595420668245,0.016048520309994468,12,0.015517028017307899
1062,-1.3561286179219243,-1.6086810293960858,0.01620703236012391,12,0.017004525098607188
1062,-1.2149842433816842,1.5259971560599814,0.016263733972435246,12,0.018495845476548554
1062,-1.3753406126098395,1.5273602166289717,0.015914471236225185,12,0.014017767078682693
1063,-1.3548961169156954,-1.605849790669717,0.01575552707409748,12,0.016423075169062343
1063,-1.2228312200494962,1.5297456961853062,0.016367787839410886,12,0.015585031519692908
1063,-1.378751443330975,1.5266539663071077,0.01586838287509679,12,0.01311935495238412
1064,-1.367122268826569,-1.6028514519546515,0.015473941568656271,13,0.022065259739368407
1064,-1.2279480444160964,-1.6190443629690026,0.016087848683984468,9,0.004073517043001556
1064,-1.2268821179945157,1.5280073398310503,0.01616919719873917,12,0.0028360428427474764
1064,-1.3781312916473893,1.5281223183083517,0.01594224750915192,12,0.011882547961899397
1065,-1.354145902058885,-1.6095695806103132,0.01595107653376441,12,0.019918411315371993
1065,-1.2351619305881465,-1.6203802312581566,0.016189536167698693,8,0.003619095049868934
1065,-1.21800579671407,1.525990640200358,0.015121656942188111,13,0.021523411187435865
1065,-1.3756587949314072,1.527391038612508,0.01593828467813272,12,0.013029724422637624
1066,-1.364992665797594,-1.6057367022337317,0.016059201931091983,14,0.02092358564911389
1066,-1.235729742061491,-1.6213996960883774,0.015664412037750694,8,0.0018064889520576013
1066,-1.2268821179945157,1.5280073398310503,0.01616919719873917,11,0.0028360428427474764
1066,-1.3739558501158247,1.5260353999939453,0.016022469840243615,12,0.014593770995288965
1067,-1.351808850183207,-1.6161610622896068,0.01507621482022507,11,0.016007686173700603
1067,-1.2353689400960353,-1.622823469604078,0.015674661587771043,8,0.0035063014097954856
1067,-1.22041392874376,1.5255938542114613,0.016487747537544912,12,0.016909897489418006
1067,-1.377693403616062,1.5271579253004264,0.016168896444893305,12,0.010347748271526694
1068,-1.3548647788431658,-1.6090120384423094,0.01617271155723109,12,0.01960581409332527
1068,-1.2355163905362923,-1.6240285671535966,0.015547013127485472,8,0.019394879802266677
1068,-1.221914682970879,1.5262025519940379,0.015844260004893307,12,0.011461797306639586
1068,-1.379962837917766,1.525392897730182,0.01608508626115906,12,0.011148850974453449
1069,-1.3493828018793965,-1.610217363641685,0.016419935476136256,12,0.023207975199971132
1069,-1.2344590523100676,-1.6210878496680126,0.015584255358608214,8,0.0037874149335783568
1069,-1.2175581360765881,1.52864798543893,0.016296004756117363,12,0.014290336944761905
1069,-1.3684169270627058,1.5290819686112582,0.01614865378245696,12,0.019240830646791537
1070,-1.3502690405594402,-1.6059671340236277,0.016559791446706884,11,0.021865926272210227
1070,-1.222404391495322,1.5272811688060925,0.015926496170776863,12,0.013851890609028843
1070,-1.3703542792098204,1.5272935045176814,0.015834145265075195,12,0.016163637835035334
1071,-1.3626953894575997,-1.602383377662338,0.015847348216541202,14,0.023856331728341673
1071,-1.218745205808225,1.5272522942693747,0.016387824766134835,12,0.017119889485886903
1071,-1.3786456514386505,1.5263546986464505,0.016010244068360442,12,0.011420735544259902
1072,-1.3622001173170946,-1.6071255076945412,0.015312153345524587,14,0.02375195715987117
1072,-1.2226831646661593,-1.6180602791680447,0.016145482902100376,9,0.003609945820002025
1072,-1.2141699693602124,1.5249131180565758,0.01627353943827679,12,0.02392487034018784
1072,-1.3759027974209754,1.5229770120417037,0.015738911001549862,12,0.01910139359174108
1073,-1.353721044276402,-1.6099104476889148,0.016085406697616655,12,0.01914257604007488
1073,-1.2599044541961113,-1.6429009343620122,0.01744703779904692,7,0.0
1073,-1.22487125486295,1.5279317373779884,0.015958175951323268,12,0.004047517972944693
1073,-1.372048148666593,1.5278020042527753,0.015736975769256315,12,0.01592345910180413
1074,-1.366562790161709,-1.6031901189446187,0.015128418035200144,14,0.021264870501281685
1074,-1.2367205679860358,-1.6223067677340612,0.016329589385368447,8,0.004020018243487452
1074,-1.2224272506390272,1.5269395394665861,0.016007284713008066,12,0.0115560781928847
1074,-1.3719123355177494,1.524631747921361,0.015768670590582404,12,0.021676080399986943
1075,-1.3543493921412921,-1.6088164223793677,0.015073193191712691,12,0.01687004160427014
1075,-1.2338593483511149,-1.6203009008869238,0.01557299579520198,8,0.0037842302678690832
1075,-1.2155953012490932,1.5294519241532736,0.016329053107144033,12,0.023243749950197404
1075,-1.374414108181134,1.526392237502904,0.01595719249327288,12,0.01588699459987721
1076,-1.3630842589208882,-1.6195841104925328,0.016650270253235674,11,0.0024947112983139236
1076,-1.2339037549678786,-1.6345005673109831,0.015814111149854627,11,0.015027065218993952
1076,-1.2177864806505105,1.5267797909405671,0.015689868150530487,12,0.021937037549815068
1076,-1.3757093706153312,1.5261909690407813,0.016742981434418876,12,0.014673276023794615
1077,-1.243074429156186,-1.63397244278906,0.015801563209110067,8,0.01846298450906619
1077,-1.2195881862148659,1.5288798976267974,0.016299127759025023,12,0.01684548695696194
1077,-1.3730355081085592,1.5279066493289475,0.015855650583884176,12,0.01698194512192928
1078,-1.349179500050746,-1.6087963219224184,0.01720270954771025,11,0.023255167959134904
1078,-1.232490163583235,-1.6255773428334699,0.016281143796287752,8,0.0045262439971113545
1078,-1.3746423247632382,1.5258621443909308,0.016004794263147444,13,0.01792547435102236
1079,-1.3622001173170946,-1.6071255076945412,0.015312153345524587,14,0.02375195715987117
1079,-1.2517314986268198,-1.6408233967547832,0.015770760746683387,7,0.017381678327556997
1079,-1.2229500426843205,1.5267261755149393,0.015404936242877402,12,0.012035753344494592
1079,-1.3722716880725656,1.528143376440948,0.01571915652789913,12,0.014537687385781007
1080,-1.3550076326679918,-1.6137425271412735,0.015798956898627446,12,0.018455731992463382
1080,-1.2409691294123986,-1.6293521781187836,0.016012014660111384,8,0.016022097972602567
1080,-1.2131535205436994,1.5196777974132498,0.015694817910980423,11,0.0240917706208089
1080,-1.375679185777316,1.5266973411171403,0.016151243296370563,12,0.012964237107797007
1081,-1.2515714668280038,-1.6396480124639676,0.01597013870584407,7,0.017514966667701172
1081,-1.223368571765129,1.5282294480587848,0.016037794029741325,12,0.012254703163002836
1081,-1.3724388398716916,1.5263697667123985,0.015915211962634342,11,0.01485675665101055
1082,-1.2290918105384046,1.5278669045907194,0.01598195707694001,12,0.0019601824601981187
1082,-1.3724029277056584,1.525098818537912,0.016131960942218013,13,0.016070474346665316
1083,-1.3489279306528539,-1.6115930148514321,0.017247854332986187,11,0.024063281248828634
1083,-1.2303487034663412,-1.6218277426870986,0.015456670079973304,9,0.011426980201274294
1083,-1.2265131910824492,1.527078303027863,0.01626990687338213,12,0.0028044315621813796
1083,-1.371897325974912,1.5264118056282543,0.01602154111874208,13,0.01985955210701807
1084,-1.3635593430062822,-1.616341238726768,0.016948986160750967,11,0.003449602970333013
1084,-1.233993661163143,-1.6250105692521402,0.01613594455630925,9,0.006192455750525853
1084,-1.2212838889338378,1.527016067791796,0.016031443782545885,12,0.014459847483287979
1084,-1.3759778448554092,1.5260639513618752,0.01601076812894833,12,0.014944156892302404
1085,-1.353406935560779,-1.604110746385386,0.015801839851171545,11,0.015869670165856962
1085,-1.23673633257333,-1.6250576733053905,0.01598720412133598,9,0.003902231428604667
1085,-1.2214924407220444,1.5275053389651676,0.01610452986560966,12,0.012030811746271922
1085,-1.371788790758498,1.5275844002736452,0.01562856966284681,12,0.013228293321461864
1086,-1.3629026343417998,-1.6155631634306564,0.016931685875198877,11,0.0034493100723008013
1086,-1.2395260715832208,-1.6261053130544767,0.015995653897205437,8,0.002888312455102313
1086,-1.2225837741554864,1.5251427636332786,0.016208450450979732,12,0.017330167259840608
1086,-1.3652937828587461,1.5270469957947925,0.01589884391720423,11,0.013534838997252713
1087,-1.36642651864364,-1.6033496206180473,0.015924606656925498,14,0.021982387931373346
1087,-1.2388648814232202,-1.6214033954452012,0.016952888362473956,8,0.0045312811696071485
1087,-1.2234042214684169,1.5269437159959003,0.0159192593806737,12,0.010570090396391523
1087,-1.3715081143487824,1.525725217821276,0.016277973617732124,12,0.015637082767806898
1088,-1.3625228378282843,-1.6020313849925116,0.015552367671602159,13,0.017996033875429043
1088,-1.2435610288373422,-1.6299375699939034,0.015704512646507806,10,0.005591124277402772
1088,-1.2221415850494126,1.5272416053034994,0.015990443656266985,12,0.0124353311546015
1088,-1.3762661675958001,1.52759714469737,0.015932484799061553,12,0.016179422123124128
1089,-1.3648381993521463,-1.6008456578655037,0.016127154937934852,13,0.018924291650643903
1089,-1.2534268567190543,-1.6420712656509648,0.017151723043235995,7,0.01983995756529629
1089,-1.2143191328186362,1.52666411411808,0.015737748921517986,12,0.02146844294305556
1089,-1.3751384584351538,1.5267676368040837,0.01598736604788539,12,0.014255040633666555
1090,-1.3629998488242023,-1.6156766727107135,0.016110560423551877,11,0.004182956873557537
1090,-1.2360277607531585,-1.6318835969942629,0.01606040697409421,9,0.013923539530538792
1090,-1.2185689210653872,1.5287898770789976,0.016134206152604826,13,0.014685584010777627
1090,-1.3753930830658103,1.5274163286219027,0.016046973711216984,12,0.013860308728049345
1091,-1.3549851142803282,-1.6106325191547681,0.015035554434682921,12,0.017481009270255945
1091,-1.2321546911724586,-1.6164344137971753,0.01614447963842803,8,0.0035989071588598378
1091,-1.2285261006320771,1.5270221007860258,0.01498552677782435,11,0.0
1091,-1.3713760310818899,1.5270800934863649,0.016027476264718805,11,0.017096797836025145
1092,-1.365743462940319,-1.6080984804668368,0.015617735559263783,13,0.01691901093180571
1092,-1.2412978866877291,-1.6311632339150466,0.015842191965799803,9,0.003223841386824144
1092,-1.2225837741554864,1.5251427636332786,0.016208450450979732,12,0.017330167259840608
1092,-1.3720639317170933,1.5260678113436128,0.015555892254243845,10,0.01237834130508046
1093,-1.3596985341079468,-1.6181189619520429,0.014691729011024989,11,0.0
1093,-1.2423416851310691,-1.634490769406734,0.015675368141335057,9,0.004907562474380855
1093,-1.2163025197649968,1.5288570792337093,0.01624152112528105,12,0.016586051783865376
1093,-1.3715622491240627,1.5258629674809698,0.01600370162194683,12,0.015765002453712696
1094,-1.3644606181566243,-1.609601598544236,0.017152763440746312,13,0.017487011231861076
1094,-1.2428426471742273,-1.6342887002935822,0.015804387854700026,9,0.004706294228351235
1094,-1.222693848634622,1.5268140220349273,0.01608490822978503,12,0.014769416331526989
1094,-1.3619875696597175,1.5291138853117607,0.015977183564843008,11,0.018223380914949964
1095,-1.3649661389521324,-1.6046408709203677,0.016409308900790315,13,0.019088865925565208
1095,-1.217994113231633,1.5287539884903378,0.01596671871699649,13,0.014940513227316798
1095,-1.372726049887487,1.5245289251854128,0.015889772326508404,12,0.015050701454765933
1096,-1.3655373696488182,-1.6069802223921215,0.016006599104792928,14,0.023915677801125506
1096,-1.2380311935333084,-1.624333999778948,0.01590077218262489,8,0.0017340488565356646
1096,-1.2209708066331688,1.5284971965240148,0.015914761613986812,12,0.014594626675968914
1096,-1.3747553058515736,1.5253209351557815,0.01606870198087732,12,0.014243040830698248
1097,-1.3629026343417998,-1.6155631634306564,0.016931685875198877,13,0.0034493100723008013
1097,-1.2449182695818508,-1.6359199246482723,0.015871574317117075,9,0.003237388027967555
1097,-1.2230336573632714,1.5273251184041678,0.015877257658825486,12,0.011500531879836729
1097,-1.3747452362975079,1.5251490900354476,0.01596347414845605,12,0.016629227234079075
1098,-1.3594816125690674,-1.606835281166189,0.015902431567688283,14,0.02643679225547365
1098,-1.239521664971834,-1.6260995263351428,0.01598399833061231,8,0.002742322235769593
1098,-1.2212368366724324,1.5282034063258667,0.016055594194484497,13,0.013108113801080607
1098,-1.367119493085789,1.5232213085494963,0.015998966547450436,12,0.016467476117369657
1099,-1.3627220638738562,-1.613231972053968,0.01631429795837432,11,0.00414049139741889
1099,-1.236259798217669,-1.634645184288285,0.015804002175825085,10,0.012053497274807277
1099,-1.2211796242650996,1.526855102723975,0.016085203575392996,12,0.013969855322380435
1099,-1.3720240969690207,1.5246987824253333,0.015787543246342614,12,0.015443709055828723
1100,-1.3637574646113846,-1.6155157297271538,0.015423119616111697,11,0.002697872288381785
1100,-1.2401769625781884,-1.6280519012357006,0.015557905453133361,7,0.0030374000959886463
1100,-1.2226079113066042,1.5270391355679018,0.015863977017446084,12,0.011261098579718912
1100,-1.3729211998292894,1.527058073830736,0.01601728750203465,12,0.014058428208835063
1101,-1.3574615391649922,-1.6133477789802007,0.017320613469174996,12,0.017675604885832998
1101,-1.2194334324853913,1.5264577017112462,0.015445890433257094,13,0.0232830544263913
1101,-1.3729579037014643,1.5243898856722298,0.016088011673911114,12,0.01646140195064565
1102,-1.3622602450063357,-1.612422242764325,0.016221115401881453,11,0.0033682296231065125
1102,-1.2382661337578875,-1.630400344277108,0.016076453231049812,9,0.01328054708463537
1102,-1.2099343066757895,1.515906873355039,0.015687682087282863,12,0.01511424379395758
1102,-1.3718344724533984,1.5252796034346243,0.016013765380997993,12,0.015192871580357212
1103,-1.3648118158922586,-1.6049841062391113,0.015921472461800677,14,0.02268510205428225
1103,-1.2522097398341792,-1.6404757101745815,0.01712605301591041,7,0.0198016515485565
1103,-1.219426894432743,1.5275605362447737,0.016263556511008803,13,0.012791650501687174
1103,-1.3740861054330515,1.5258760282882433,0.016011750033522985,12,0.014653969777726789
1104,-1.2366263327368672,-1.6326721744797024,0.016072664063540396,9,0.0139338276284952
1104,-1.2197583363941544,1.5259974347612035,0.01591128591982213,12,0.017774842898400766
1104,-1.3720749967887034,1.5257840147931785,0.016537405455598383,10,0.016125091723444528
1105,-1.350819363991234,-1.6170770617204193,0.015576109293122678,12,0.017599744232352603
1105,-1.2390178921475417,-1.6252262401184605,0.016155273874929692,8,0.0035498354082819116
1105,-1.2197822283050341,1.5263241327126476,0.01596106454714824,11,0.014352171409603823
1105,-1.3749976828274122,1.5262362986542775,0.01590728929584999,12,0.014487797772173282
1106,-1.3501744452081095,-1.6163068119097967,0.015567321635963848,12,0.017589739753840695
1106,-1.2361120077141035,-1.6170905126435748,0.0170094101524709,8,0.0032191567672982227
1106,-1.2207381940815802,1.5281421871951442,0.015723964040950368,12,0.015638733045959714
1106,-1.3659352450385627,1.5292465420417762,0.015863280814334014,11,0.0173208600666652
1107,-1.3496589658931422,-1.6071148085883205,0.016549211875965482,11,0.022414105741346606
1107,-1.251027894376971,-1.6389310746069279,0.015789848485520213,7,0.01833478986499991
1107,-1.2201973876895833,1.527253544219395,0.016215566362335815,11,0.014698374677215848
1107,-1.3700249689964257,1.5248307223260114,0.01580434650685511,12,0.014680491984750776
1108,-1.36792989952049,-1.5993930739549946,0.015108985862141402,14,0.022111975399144352
1108,-1.2393061449388632,-1.6266331112317214,0.01606601003511653,8,0.004399173775709423
1108,-1.221156582148834,1.5252201873934843,0.015596509671089508,12,0.015447821602903151
1108,-1.376045269768079,1.5269822465961822,0.015909263772044203,12,0.009377901958457321
1109,-1.3665525698397347,-1.6039011647385253,0.016469186835057867,13,0.018872211823308293
1109,-1.2385235498034302,-1.6345526080647612,0.015524838018368098,9,0.012587010144669385
1109,-1.2219694598982271,1.5267034744843753,0.01594152216372025,12,0.012571710566734621
1109,-1.3715462296330787,1.5276993654181938,0.01590068794807142,12,0.017785707472811847
1110,-1.3670000279784449,-1.6068971440324575,0.016191392631579128,14,0.022180504761050105
1110,-1.2381694605830669,-1.6243252707919595,0.016234855482982657,8,0.003641664507908433
1110,-1.2224639070341188,1.5281576564350974,0.01644104242955397,12,0.01402774427523321
1110,-1.3690720049201563,1.5241649437991491,0.015803186046803645,12,0.018695432348740108
1111,-1.2394029887828046,-1.6267625721204926,0.01578751322452477,8,0.0032978387146021994
1111,-1.223061461993518,1.5264157880975977,0.015916352995700364,12,0.014023426861249298
1111,-1.3774364434451594,1.5264117552512142,0.015949075628428018,12,0.012191680127971017
1112,-1.3556527833489873,-1.6145113022133821,0.015809841862015762,12,0.018471934994790867
1112,-1.249130333602015,-1.6419319821391238,0.01591246132897641,8,0.018630432380584035
1112,-1.2222600426243273,1.5272906950422263,0.016198215800079126,12,0.01342922917269708
1112,-1.3675302282328763,1.5255058526323246,0.016194171692743252,12,0.022978295612048234
1113,-1.24043351572754,-1.6327595450931414,0.015976495150655023,9,0.0062400691786765675
1113,-1.2223853738406318,1.5284144879099915,0.016121553999802387,12,0.014230320266912549
1113,-1.3748692917255811,1.5261504252703217,0.01602864525690231,12,0.019483076895545796
1114,-1.3620847757665566,-1.6209569886842041,0.017377599009994617,11,0.0
1114,-1.2303629041434527,-1.6205935542812318,0.015915937691774396,9,0.0028614127197402702
1114,-1.2205740663229456,1.5272220091833753,0.016180673525907994,11,0.013471618321239252
1114,-1.3770493894341795,1.5269981289239012,0.015957575657369445,12,0.013119084499863567
1115,-1.3636995395482223,-1.6059593989987138,0.0159225613312586,14,0.024134543709772586
1115,-1.2360121905330768,-1.6275633505443923,0.016086123507422573,10,0.006875586217787788
1115,-1.2218153522634003,1.527020766881805,0.015755699895447034,12,0.012806120663155661
1115,-1.3762701793764374,1.5268137301301026,0.0159141219848311,12,0.01326375271087079
1116,-1.3693338287616783,-1.6059887089358575,0.0160314617056992,15,0.020758211160687153
1116,-1.237454721004753,-1.6280604193113124,0.015736203085867935,9,0.004819112483938077
1116,-1.2156783023882785,1.533289784751535,0.015453274185544635,12,0.01643050213230102
1116,-1.3693975536213776,1.524247144682328,0.015757938123647838,12,0.016871046583446257
1117,-1.3618004865985762,-1.6131971238730711,0.015388613501313453,11,0.0026961369172969008
1117,-1.2279480444160964,-1.6190443629690026,0.016087848683984468,9,0.004073517043001556
1117,-1.221720703345951,1.5275825701517562,0.016312035310535357,12,0.013685522385889912
1117,-1.3783306321441957,1.526037690102837,0.01597609275691792,12,0.012818586579465552
1118,-1.3558208052926424,-1.6081333185933566,0.0160118622102107,12,0.017084731710043037
1118,-1.2380562847481547,-1.6288525278429808,0.015742621906596723,9,0.00482121168214492
1118,-1.222044884076808,1.5263084152229667,0.015717020331621014,12,0.01808566841026783
1118,-1.3777935284175442,1.5246272698900485,0.016097129386743653,12,0.017644686515160456
1119,-1.3631554295788402,-1.6190446803599514,0.01751114031598272,11,0.0
1119,-1.236923525872343,-1.6226908134418934,0.015948014521663126,7,0.0013600560744353816
1119,-1.223709946751218,1.529359994150604,0.016111652382355696,12,0.013476160172577837
1119,-1.3715718918105446,1.526975219585797,0.016007201574760016,12,0.018203810124192057
1120,-1.3675616911646657,-1.5983804879192378,0.01630335497603323,13,0.0181833501283077
1120,-1.2299438723423166,-1.6226555787835868,0.015993657952058662,9,0.0038561212514242192
1120,-1.2204787218402684,1.5267884526816475,0.015660165175872754,11,0.012819331246991559
1120,-1.3724842096556855,1.527038047518685,0.015939863425165735,12,0.014744114668391392
1121,-1.3517462028077574,-1.611855430228208,0.017271748092959484,12,0.023344724797263475
1121,-1.2358694067117246,-1.621307962334139,0.016028305997174457,8,0.003185708637644865
1121,-1.2240531266706076,1.5283829959182709,0.016420593657318624,12,0.013387557739698077
1121,-1.366500366561426,1.5298530345113914,0.015673550881008216,11,0.018226661173162052
1122,-1.363375032910692,-1.6224987271247102,0.01738809923709669,11,0.0
1122,-1.2413346676107833,-1.6333988590900543,0.016062928038671907,9,0.006138318327214222
1122,-1.2166282645553657,1.5273686780818538,0.01566353295723761,12,0.015832595483190604
1122,-1.3701336387201148,1.5239234967850241,0.016130786201095735,13,0.024527170507118525
1123,-1.3498192407638274,-1.609558069776169,0.017221618634733607,11,0.02327660166933382
1123,-1.2540066954514295,-1.6428389269503658,0.016014859709194623,7,0.017578854346888544
1123,-1.222693848634622,1.5268140220349273,0.01608490822978503,12,0.014769416331526989
1123,-1.3716477682686778,1.5270198871260297,0.0156510934313273,12,0.01634649343473761
1124,-1.2389202094844318,-1.6318633698992213,0.015807114898593516,9,0.006396666391012292
1124,-1.2115851067294532,1.5263409703034478,0.016615490278315197,12,0.021113531043534903
1124,-1.3688052329725582,1.5269150103455549,0.0160200282819179,12,0.02001298635323263
1125,-1.3625006487017233,-1.6017667263815745,0.015233986253270503,13,0.018220302057519098
1125,-1.228659149017131,-1.6209585130150181,0.016120504814497644,10,0.004181749175225904
1125,-1.2222694107897214,1.5267730365234264,0.016137521660445454,12,0.011114361336069517
1125,-1.369251585560354,1.5254826778304948,0.016039223899994366,12,0.017685634869689534
1126,-1.3476612007546322,-1.595397132593538,0.016140932959063027,11,0.003918582342298481
1126,-1.2385059323834637,-1.620213444045726,0.017074533249835624,8,0.0032084315614462535
1126,-1.2100704806989648,1.5308342758069864,0.01652814502293742,12,0.022615450335725058
1126,-1.3705320995346733,1.5259738223357988,0.01596181380426966,12,0.01586140914195781
1127,-1.3667446325947645,-1.60276871348322,0.015957376677831748,14,0.02087371294032516
1127,-1.2374967410289217,-1.6236924606878285,0.015759741776692066,8,0.0017723912602432227
1127,-1.2176887349493943,1.5256510398978012,0.016218779159407795,12,0.01872331316210355
1127,-1.369657890259437,1.5235043038085887,0.01562227042416422,13,0.024224465345182074
1128,-1.359461660022016,-1.6178394713868993,0.017303657034670492,11,0.0
1128,-1.2273489612351396,-1.6182518575883025,0.01608051346318204,10,0.004071374158001849
1128,-1.2217956554369385,1.526151645351113,0.015994942331701862,12,0.011544042322236237
1128,-1.3730798950820242,1.5240857317108594,0.015638616434017694,12,0.014711633753019066
1129,-1.3663473896603038,-1.6021414538264986,0.016225808631769457,13,0.021269887116283595
1129,-1.240002650153124,-1.6304058598822124,0.017281499406846975,9,0.018109403113124783
1129,-1.2179978333634063,1.5281429969797808,0.015941995689306813,13,0.018892639118186453
1129,-1.375884173248275,1.5257062897172455,0.016106808560662024,12,0.01359172681700558
1130,-1.367418827034839,-1.6000266867764077,0.015967029867656416,13,0.018479402711635767
1130,-1.2209162904774364,1.5290467909061678,0.016085386157931782,12,0.018655642363294003
1130,-1.3761505608597686,1.525323181810857,0.016289788193303657,13,0.01677191686210727
1131,-1.239268283508029,-1.6207916568532157,0.01548774343139577,9,0.00975279816930653
1131,-1.2195028872153022,1.526378987471612,0.016114079578615857,12,0.01209126982381003
1131,-1.372961474596615,1.5249866545845834,0.015902185940235222,12,0.014523796585051369
1132,-1.3545542199473097,-1.605024805512142,0.015455028087066678,12,0.013961385967103552
1132,-1.2362514445811006,-1.6264774876706571,0.015722875763728224,9,0.004811889636874031
1132,-1.2205278489262987,1.5230842999458691,0.015959360240988412,12,0.01682792332554794
1132,-1.3724429645544345,1.5255361257792843,0.015742641260909365,12,0.01645379835961523
1133,-1.360461699240671,-1.6174359909938132,0.014808172078405336,10,0.0016700113616254066
1133,-1.2363241714648638,-1.6284429791769652,0.016108414795985737,10,0.006621826825785455
1133,-1.2178472994753744,1.5242847895717482,0.01608818724731916,12,0.012978775011518619
1133,-1.3726197346260056,1.5255172747504613,0.015615513218295567,11,0.012534218492386694
1134,-1.3582728707438922,-1.622807001899051,0.01734551473944996,11,0.0
1134,-1.2137408885042364,1.525713170405246,0.01612751682937588,12,0.024317829771244633
1134,-1.3757222224836951,1.5244764504194488,0.016135889322716743,12,0.01727117582443866
1135,-1.3615092986009238,-1.603291136656964,0.016227432150745617,13,0.023543867452762608
1135,-1.2109588703812264,1.527435361861702,0.016403970540076907,10,0.02134131067330784
1135,-1.3769482013222336,1.5255529814296689,0.016601743796052556,12,0.016524622257407747
1136,-1.3490124420463991,-1.6063450975285494,0.016538121104174124,11,0.02240420609858492
1136,-1.2290918105384046,1.5278669045907194,0.01598195707694001,11,0.0019601824601981187
1136,-1.3708849151274596,1.5262189420354715,0.016624449436416902,11,0.020733925784610804
1137,-1.358918642170175,-1.6235814147435206,0.017354072445235673,10,0.0
1137,-1.238253401272922,-1.6297543250341127,0.015957769466330485,9,0.00572937397603595
1137,-1.221754086015506,1.526437703896521,0.016066072295736086,12,0.011647389014343989
1137,-1.3716638803667498,1.5258407760925004,0.015893912586312526,13,0.018096013015448782
1138,-1.3542236066258166,-1.6065875515418302,0.015980602460173285,12,0.016468123078491027
1138,-1.2409448343873313,-1.6293137616990496,0.016058822691841893,8,0.01611907197077005
1138,-1.2209724781734055,1.5247766759374697,0.016076078010737925,12,0.013772340081711382
1138,-1.3680202980487997,1.526339644629855,0.016010128579189785,11,0.018241254248384336
1139,-1.3673124928602753,-1.6012810008994374,0.015913755085511374,15,0.02275606402159134
1139,-1.236646064864594,-1.6221490201223316,0.016028295195017903,8,0.003273526556622442
1139,-1.2144688367473782,1.5274393543537474,0.016327604043180465,12,0.01949485707469075
1139,-1.3686414508506077,1.52656944267698,0.016293644411480415,11,0.015248484563639333
1140,-1.365918447444773,-1.607877670692227,0.016220446777947296,13,0.01984651376785007
1140,-1.2351901032775463,-1.6257221508912623,0.015993442666251356,9,0.00559457143452826
1140,-1.218355309753717,1.5253500921930736,0.015935640089058272,12,0.019880033243917603
1140,-1.3680478658195467,1.5247678722137505,0.01569718582110024,12,0.01553839929465016
1141,-1.358918642170175,-1.6235814147435206,0.017354072445235673,10,0.0
1141,-1.2352462700208735,-1.6300264535132498,0.01588677210771997,9,0.015161223161809453
1141,-1.2230794180020657,1.5285707370317347,0.01609740178108497,12,0.013466045857435834
1141,-1.3668455133376787,1.5275915252844097,0.01573829027565867,10,0.015433454917206182
1142,-1.3660442657999685,-1.6066079905566257,0.01603808655601413,14,0.02155466221404187
1142,-1.241548150546677,-1.6301062286676045,0.01606236446721164,8,0.016116338645306115
1142,-1.219613049125322,1.5253231826682734,0.015628900779135035,12,0.020843159397853323
1142,-1.366325992019438,1.5257155989973987,0.015840508185114257,12,0.01607475593714882
1143,-1.359849353802231,-1.6198965484113477,0.016095068040786614,11,0.005678140714867441
1143,-1.237923829416011,-1.6337610559928275,0.015514321408894182,9,0.012578922641469476
1143,-1.220890284242883,1.5257449837300003,0.016028205532055806,12,0.014123042993452102
1143,-1.3689157900342253,1.5278104502033167,0.015837905741058325,12,0.019528132188595435
1144,-1.3544737046772406,-1.6132700754286624,0.016177246675321003,12,0.02130789830575721
1144,-1.2409448343873313,-1.6293137616990496,0.016058822691841893,8,0.01611907197077005
1144,-1.218742372633635,1.5241848158473945,0.01649756757420113,12,0.01968674528836694
1144,-1.3721394815187027,1.52657257694262,0.015935888311561796,12,0.017707324787261787
1145,-1.3668577617469495,-1.6066330343075703,0.016416657278622498,13,0.02094272448437738
1145,-1.2360086374255927,-1.6212707629603198,0.016118800881492264,8,0.003536142161064846
1145,-1.2162068237756283,1.5289599154400153,0.015604972076653744,13,0.02189236274217276
1145,-1.3749102095935346,1.52659340183973,0.015866005642030074,12,0.014194430629271138
1146,-1.3618082189674379,-1.6222264674134945,0.016139437826355057,11,0.0056828725171060405
1146,-1.2190452684424813,1.5279884682991172,0.016233780141843252,12,0.020643169667279946
1146,-1.3689075929591261,1.526137358479007,0.01565136458002184,11,0.015083964955839451
1147,-1.3680938887874114,-1.610049975209392,0.016008552631503827,14,0.01865844726843291
1147,-1.2453808431328834,-1.627227378971269,0.016202592691690505,7,0.0015619144608144866
1147,-1.215476101474192,1.522592765071424,0.015716960812332988,11,0.023708064709352168
1147,-1.3723037648128762,1.5244812688215235,0.01611250133601624,12,0.01917174336392308
1148,-1.3666629248999478,-1.606042477781707,0.016135606159665358,13,0.022344993071991556
1148,-1.2375648911600927,-1.6277365827809986,0.015857404485254807,9,0.004733931176722944
1148,-1.2167702096792288,1.527699741916532,0.016162648150254824,12,0.014098256339594977
1148,-1.372228821197987,1.5250769245371303,0.015911011223344207,12,0.015119973331791178
1149,-1.3633303290148857,-1.6067403384095529,0.015788702133847796,14,0.023443467979332562
1149,-1.2365145851082187,-1.622152860651082,0.01595698012859059,8,0.0028758988993982763
1149,-1.220499725280844,1.5260557738628782,0.016087685276634442,12,0.014196618700807892
1149,-1.3760721894148096,1.5260471410463063,0.01625558507510191,12,0.013993560947728257
1150,-1.3631554295788402,-1.6190446803599514,0.01751114031598272,10,0.0
1150,-1.2385771031438424,-1.6286792486573791,0.015835810541273195,9,0.004622903104992633
1150,-1.2108582567938184,1.5286804135356098,0.01566937412468218,11,0.02144655508091249
1150,-1.3747431837579254,1.523729492236893,0.015699854854354198,12,0.012300802317597703
1151,-1.367982573156549,-1.604007078172209,0.015533870758403378,13,0.017916487649890487
1151,-1.2358694067117246,-1.621307962334139,0.016028305997174457,8,0.003185708637644865
1151,-1.2216313738986013,1.5265060029995956,0.01618893209979434,12,0.013417794091657675
1151,-1.3717642768897005,1.522381810551609,0.016122508622385845,12,0.02358917618319593
1152,-1.2431359240659232,-1.6308400487141774,0.01603066871055153,8,0.002754822279712927
1152,-1.2195113890598148,1.5265675329683464,0.015728486571071582,12,0.015665563532215442
1152,-1.3734951019436523,1.5258561579981345,0.015884423958364972,12,0.01391004329276009
1153,-1.359461660022016,-1.6178394713868993,0.017303657034670492,11,0.0
1153,-1.2425335259853012,-1.6300504068380357,0.01602254444802081,9,0.0027522412564088294
1153,-1.222700096774419,1.5266941969705108,0.0162523004667107,12,0.01323467910790304
1153,-1.374037208312395,1.5259068007876555,0.01602153712356095,12,0.012868258030050725
1154,-1.3482403541924035,-1.610869994528501,0.017216263494347503,11,0.023004284709855688
1154,-1.2394487438308532,-1.622160460167128,0.016990466630629565,8,0.004492241597894621
1154,-1.2159288784701963,1.5289962662031462,0.016219596569235308,12,0.021997064411550755
1154,-1.3747869829078112,1.5257934972396758,0.01596733845195103,12,0.010377560234037918
1155,-1.3595802425791348,-1.6243665487615513,0.017380814621004274,11,0.0
1155,-1.2375997331103246,-1.6288945851053729,0.01601401407464938,9,0.005604166171559921
1155,-1.2222537899020653,1.5250205703745336,0.01604766035535803,12,0.015920608438025997
1155,-1.3747455781982714,1.5257583075118464,0.015965815543016976,12,0.009274561459105919
1156,-1.3640042895480913,-1.6045804530270318,0.015459315555839757,13,0.019440863074224133
1156,-1.2284540921592821,-1.6262531783949705,0.01697896665938321,10,0.002378723540750749
1156,-1.2147963010652876,1.5246048257415101,0.015579624663140215,12,0.02241459490074327
1156,-1.3711526847015563,1.5227940126098778,0.01602630366389343,12,0.022764979062473198
1157,-1.3551780835391702,-1.6111114148205974,0.015506005507366614,12,0.01839710533827489
1157,-1.240082367418581,-1.6268338115401366,0.0160883616953755,8,0.0032125295984290164
1157,-1.2203915886726941,1.5282783979607821,0.016418931961662178,12,0.01177923031081776
1157,-1.3744166146942014,1.5244040782301127,0.015836398727587728,12,0.017248922779060264
1158,-1.3637338247099,-1.6051722453220683,0.016142770599978973,14,0.020348038874363757
1158,-1.239687006817644,-1.6249743882295435,0.01594229954816454,8,0.014305001148642997
1158,-1.219531570814172,1.5267017705598709,0.01601163525994124,12,0.016186289334849658
1158,-1.3738560031174847,1.5236970095612525,0.016026182375868493,12,0.017951053465652955
1159,-1.3617731200366412,-1.616096371752547,0.01609640352807123,12,0.0
1159,-1.2358694067117246,-1.621307962334139,0.016028305997174457,8,0.003185708637644865
1159,-1.2152580693524677,1.5271011955053817,0.01619896311048422,12,0.023169098286881133
1159,-1.376239068210634,1.525004603380494,0.01629217682570861,12,0.015189134881684312
1160,-1.3590399384937324,-1.6173399275578733,0.014672086333360637,11,0.0
1160,-1.2212443615136155,-1.6183398768417694,0.01759908161848958,10,0.0
1160,-1.2162781661727484,1.5237756923887933,0.015821190300730488,12,0.0207496345686402
1160,-1.3755652300161747,1.5273829375008472,0.01595232890164823,12,0.014028108971253908
1161,-1.3631338260742618,-1.599649425357132,0.015522480065362795,13,0.01947462804146313
1161,-1.2317285966368683,-1.618476775110399,0.016232386481811724,9,0.00426724438831571
1161,-1.225670137744949,1.5280172600561834,0.01657676289863869,11,0.00147276355636404
1161,-1.3753471885889197,1.5261553755656365,0.016039910418611275,13,0.015811313127805076
1162,-1.3623450982020366,-1.6149008632509065,0.016096176486402065,11,0.004180055421110786
1162,-1.2251438332558162,-1.616323387305672,0.015931304435280347,10,0.003832651002844556
1162,-1.2198873953911116,1.5277772724375684,0.01618460964228404,12,0.013944267726247966
1162,-1.3775212218670807,1.526942975591173,0.016091390903082824,12,0.014461832820990317
1163,-1.3653828957065075,-1.6049281775721365,0.016065750020054153,14,0.021049368357613226
1163,-1.2393563879506462,-1.6247990648823702,0.017060035015474755,8,0.01720370256737893
1163,-1.2163183202861778,1.5262015127342385,0.015902695895322814,13,0.0219670441070884
1163,-1.373087711956678,1.5249049395448782,0.01579654195590433,12,0.0156870421633374
1164,-1.355016938821135,-1.608355044290266,0.01727047900000606,11,0.019762578054856598
1164,-1.2393563879506462,-1.6247990648823702,0.017060035015474755,8,0.01720370256737893
1164,-1.2286283534007834,1.5256311420562554,0.016570935103958753,11,0.0014777149749768716
1164,-1.3702318481032627,1.5264968845873306,0.015603915232740703,11,0.018484370063646206
1165,-1.3660829518867197,-1.6063447954921306,0.015821563698317696,14,0.018717687611406755
1165,-1.233899572749456,-1.6195390919072692,0.015977774649464677,8,0.004363055428704039
1165,-1.2191373761196698,1.5251290683054324,0.015920728014863796,12,0.016452785553200962
1165,-1.3696721646652104,1.5274303580061417,0.016134582654690626,12,0.01685036018436056
1166,-1.2359693505385896,-1.6236154581618634,0.015681608178845778,8,0.003505157788117773
1166,-1.223589180672963,1.5262919908829866,0.01621650633392371,12,0.016095632167864207
1166,-1.3693361695489117,1.5260296403347562,0.01583922108789032,12,0.015262273148837904
1167,-1.3607382291848948,-1.6216909967335942,0.015253057476519909,12,0.0035388407677450846
1167,-1.2393563879506462,-1.6247990648823702,0.017060035015474755,8,0.01720370256737893
1167,-1.222455118310859,1.5261844478303475,0.015184770759927978,12,0.02130416203192214
1167,-1.3778858005160164,1.5275181786932672,0.016183505442115137,12,0.014326662816816608
1168,-1.36446077014902,-1.6205953928896288,0.017538684638013495,11,0.0
1168,-1.2347612122052651,-1.621819364055174,0.017068689605217832,8,0.0031981133707934812
1168,-1.2132780113464814,1.5273453373295582,0.015806026922218146,12,0.019418058983395877
1168,-1.3735747180906936,1.5260246275349967,0.015922007090094434,12,0.01645242805419448
1169,-1.3666793309009624,-1.6044787765753068,0.015349030563970785,13,0.02019778888319107
1169,-1.2411599754434506,-1.634347361662007,0.015985986649845327,9,0.0035339468006297717
1169,-1.214314915394059,1.5294608530076392,0.015727903832097663,12,0.0229303637633871
1169,-1.3692331513465084,1.5258117189571883,0.015581457339918087,11,0.01837370191032442
1170,-1.2383342569266353,-1.6271568177926234,0.016335016497274035,9,0.004312241230989529
1170,-1.2114932542137693,1.5261721945381355,0.016389762703208126,12,0.023854290036981706
1170,-1.3752494636821553,1.5247247546936449,0.01629543482261792,13,0.016850330619307144
1171,-1.3660252119394574,-1.6003371735255687,0.014709130223635769,13,0.017161440720346356
1171,-1.2534268567190543,-1.6420712656509648,0.017151723043235995,7,0.01983995756529629
1171,-1.2120334645704323,1.5157313549356815,0.016016034520119453,13,0.020494670915758833
1171,-1.3714978210154252,1.5244783106984383,0.016178446492260364,12,0.016725584830646477
1172,-1.365704381517439,-1.60662119948599,0.01490832639600379,14,0.018941128966141713
1172,-1.240893114075834,-1.6265608842469934,0.01595962313888866,8,0.014323287222577044
1172,-1.2110841367174807,1.5253248591440887,0.015789243489951282,12,0.022214023008344106
1172,-1.3771889238171262,1.5244484095166129,0.016079370681059198,12,0.01249509514088669
1173,-1.3653656394888278,-1.605920283217797,0.016512384706856696,15,0.02477615992823944
1173,-1.2178245949730075,1.5266940083577552,0.016280319903713036,12,0.01852901946744782
1173,-1.378365154726532,1.5272253082758565,0.01606654750730384,12,0.013365223290885785
1174,-1.3644522490235307,-1.6040616712862497,0.015269704625733304,13,0.018264726467222634
1174,-1.2376969168830874,-1.62452304595749,0.01564204812031152,8,0.003472749787736897
1174,-1.212520417095865,1.5226025560995955,0.015932494322428093,13,0.02424316046469904
1174,-1.3718718222571233,1.525404319821238,0.0158438386367401,12,0.01497016869510506
1175,-1.3595802425791348,-1.6243665487615513,0.017380814621004274,11,0.0
1175,-1.2344385099310757,-1.634635626328964,0.015839793252613248,11,0.013101242960005784
1175,-1.2177261756941826,1.5251204245350698,0.015862034689143076,12,0.020570641586409668
1175,-1.3698963210964032,1.5247721871310578,0.015865168798981324,10,0.016072191367632924
1176,-1.3619671517192335,-1.6047691441913536,0.016281005759801834,14,0.023457918269145752
1176,-1.238878795750506,-1.6252557423098386,0.016070643444133767,8,0.0032054111814385604
1176,-1.2193919979637118,1.5276974898697695,0.015987148728389217,12,0.021382142924812282
1176,-1.3763575850823944,1.5262042002405964,0.015974325374119774,12,0.013270573140374595
1177,-1.3529633310744662,-1.6036749398016776,0.015756837017128683,12,0.01487837286320839
1177,-1.2385541633128396,-1.628649154629322,0.015877900956086745,9,0.004733069031589345
1177,-1.2136857641674312,1.5248614572643633,0.016460626312377154,11,0.024107974471726065
1177,-1.3745278759332902,1.525391091340377,0.015872720019842145,12,0.01304142636763294
1178,-1.3640494279879576,-1.6058210527589332,0.016219759626758815,14,0.018797035051478415
1178,-1.2376617887162134,-1.619827654798972,0.016933136932697837,8,0.004520730943117159
1178,-1.2215780010191533,1.5275186502647262,0.016004403566383257,12,0.023608081329787593
1178,-1.3726823903954166,1.5269871606176608,0.016091411110600518,12,0.015334968457652934
1179,-1.3655013449470677,-1.5994967546313934,0.015890215060849564,15,0.023369017418873147
1179,-1.236826544645308,-1.6318803368130752,0.015717453561881665,9,0.01291318098583244
1179,-1.2196325067886933,1.5296445008897024,0.01594613149056229,13,0.021817142255954363
1179,-1.3752421389575276,1.5290661969665416,0.016134788469577083,12,0.014776160407937864
1180,-1.3650707146419572,-1.6073551603246763,0.015676796194126222,14,0.020878005685676396
1180,-1.2254911941166249,-1.619060169952732,0.016005493446159227,10,0.005941589460738402
1180,-1.222443601565513,1.527850475319191,0.016266507192954683,12,0.021693828518016524
1180,-1.3747183998016967,1.5263577946791846,0.01583994179613711,12,0.015546621372887245
1181,-1.3629285724480658,-1.6214601315956363,0.016852738392171523,12,0.0039831399247137675
1181,-1.2382473268724756,-1.6205869521157865,0.016968236639496585,8,0.004477668259453363
1181,-1.2190803394799146,1.5282680691006552,0.016306587375541075,12,0.0185656272532921
1181,-1.3744404016134373,1.5258020800793022,0.015866961760583206,12,0.01867295597539834
1182,-1.362549316204458,-1.6143508953767132,0.015491023215037078,13,0.0029611649750926616
1182,-1.230816425586945,-1.6211917851113498,0.01617199824243405,9,0.0036107957035250732
1182,-1.2140920461214109,1.5272988667411156,0.015860113229077426,12,0.021825823778906468
1182,-1.3746997277101256,1.527267904521638,0.01605941578916938,13,0.017103588757395087
1183,-1.3498413983711277,-1.606403652774669,0.015644363686711762,12,0.021332322581430932
1183,-1.2282717362232594,-1.6153961223006548,0.016382106816947843,10,0.005279694586048336
1183,-1.213988871123751,1.5275827109543636,0.016480945620416847,12,0.019362851716146053
1183,-1.37471040557768,1.5283536423027257,0.01587033924813061,12,0.015777417523221312
1184,-1.3641736745963375,-1.601446915585946,0.015505276443366285,13,0.02254982541500706
1184,-1.2509898308055372,-1.6388784515172892,0.01709881723476069,7,0.01976305102292397
1184,-1.2232147179293986,1.5259300860990515,0.01622147684095817,12,0.017345731378370494
1184,-1.3733529568139364,1.5294633754311122,0.01586367165587236,10,0.014574595720154616
1185,-1.356666334836382,-1.6087669606905652,0.016013730679878137,12,0.01713869439754083
1185,-1.2406664625985229,-1.6237635395460253,0.016987558466305175,8,0.004557067332067239
1185,-1.2167241807856337,1.526359546736254,0.016380124094919925,12,0.019386214054130865
1185,-1.376096324562165,1.5272390391300492,0.015801284652795487,13,0.017476101116893218
1186,-1.3652831374759389,-1.603410602926842,0.01605212674017806,13,0.018098862866256577
1186,-1.2263098478127463,-1.6199113200490554,0.015924829860710022,10,0.004651969564586653
1186,-1.2219648904251403,1.5267558412115325,0.016243645998648013,12,0.013031574341309415
1186,-1.3780007024644236,1.5237886170797388,0.016264649372575476,13,0.014360729337997138
1187,-1.3648211836462065,-1.6034552150134869,0.016426918721470625,13,0.020524810239006302
1187,-1.2503992211775723,-1.6381200656911508,0.015171847785251607,7,0.015746516783438344
1187,-1.2197707397436017,1.529354535635931,0.016125756747085267,13,0.0198491435869707
1187,-1.3781009110517544,1.5262929949488924,0.016182426865266136,12,0.01312518831685669
1188,-1.3651864046764814,-1.607247502736463,0.016338844672868637,14,0.022281104220078424
1188,-1.2403096473546487,-1.6283163842395982,0.01619869355180003,8,0.01653442625769397
1188,-1.2223674358165932,1.5271822152797787,0.01605477988628815,12,0.011823465088740728
1188,-1.3752209888320637,1.5249738531394672,0.015923886464832823,12,0.017039508115014455
1189,-1.3606746496617887,-1.6160998901039871,0.01640349368957177,11,0.003056495354091039
1189,-1.2372263674804138,-1.6334649112134123,0.016081411763766016,9,0.01393913447839663
1189,-1.2183156130559145,1.5264347069751014,0.016229352853499752,12,0.018743807013719572
1189,-1.3733052781299315,1.5258419272109116,0.016356051004086766,12,0.01573034946625351
1190,-1.354145902058885,-1.6095695806103132,0.01595107653376441,12,0.019918411315371993
1190,-1.237454721004753,-1.6280604193113124,0.015736203085867935,9,0.004819112483938077
1190,-1.2183524945298503,1.530499656279314,0.015994451988873212,12,0.017071647915896347
1190,-1.3699068001495154,1.5290548318710806,0.015852082946663796,12,0.01924908053777812
1191,-1.3555171545237004,-1.6133325867208879,0.01563706356982627,12,0.019358943962950247
1191,-1.2373259924598667,-1.6258327961981334,0.01601068707465986,9,0.0038864603133764468
1191,-1.2141474787809021,1.5174373831428036,0.016003779172548527,12,0.016702562434645126
1191,-1.374428294890957,1.5242148435193454,0.015799399161415397,12,0.019017111048470366
1192,-1.3549695030296987,-1.6093576676432433,0.015654954554599455,12,0.017736270003379725
1192,-1.2366735637771298,-1.6249753397494089,0.01608719377551535,9,0.00418265224397353
1192,-1.2201755130362737,1.5280417006788454,0.016223369871610334,13,0.012494040354716436
1192,-1.3690877752127966,1.5283026594308677,0.01590547631569401,12,0.018715887089520065
1193,-1.3629998488242023,-1.6156766727107135,0.016110560423551877,11,0.004182956873557537
1193,-1.238877180146764,-1.6356177584641303,0.016107627713511954,10,0.010023278802970293
1193,-1.219442274742541,1.5262754835977452,0.015535231653201089,12,0.022761216116406736
1193,-1.3741569690749655,1.524516771527763,0.01617408256716181,12,0.01540262918249447
1194,-1.3629961940483752,-1.6172600381037288,0.01610266078645353,11,0.0056749477674621
1194,-1.2357308739005384,-1.626571645344965,0.016017369623574116,9,0.005448775631864548
1194,-1.2239252698290173,1.5284956892985309,0.015909960011112757,12,0.010795641442507055
1194,-1.369247309163601,1.5283092448413305,0.01629700676769826,11,0.015833792136453282
1195,-1.2199816253863878,1.527904104620155,0.015537706717700694,12,0.017294367712330373
1195,-1.379097781811647,1.5273155583997877,0.01616599988531586,12,0.012584000635081931
1196,-1.3619869203333652,-1.603903750211353,0.015777648650694087,14,0.024288330744741446
1196,-1.2249194950676605,-1.618306541940723,0.01543116310942402,9,0.0023967529131850036
1196,-1.2190513354717207,1.5297227702924943,0.016278870685662517,13,0.022850668079915377
1196,-1.372234561940599,1.5259117251440404,0.016264996395995882,13,0.015889011487617354
1197,-1.36200037666039,-1.6183351287676304,0.016122019509096187,12,0.004294227270243327
1197,-1.2385059323834637,-1.620213444045726,0.017074533249835624,8,0.0032084315614462535
1197,-1.2186631971073254,1.5260062981645623,0.016127536874778598,11,0.01308283078535699
1197,-1.3792976295800619,1.526449398307043,0.015894082732032577,12,0.010825617035915995
1198,-1.3556527833489873,-1.6145113022133821,0.015809841862015762,12,0.018471934994790867
1198,-1.2362611839496986,-1.6234547943061868,0.015611713789415487,8,0.0037957237143973915
1198,-1.220180115934554,1.5289601580069414,0.016468327454477145,13,0.011986157405248554
1198,-1.3684827658773175,1.5277671770808727,0.015919248985356318,11,0.01813684548477598
1199,-1.3643477528036683,-1.6077100449709725,0.016303231145374346,14,0.01887076409732833
1199,-1.239687006817644,-1.6249743882295435,0.01594229954816454,8,0.014305001148642997
1199,-1.222273375524592,1.5258573415838408,0.01590502049501192,12,0.01482897630184694
1199,-1.374157402915652,1.5255767679783658,0.01604378716350309,12,0.014670439352797507
1200,-1.3618004865985762,-1.6131971238730711,0.015388613501313453,11,0.0026961369172969008
1200,-1.236826544645308,-1.6318803368130752,0.015717453561881665,9,0.01291318098583244
1200,-1.2178109856382697,1.5247648581935638,0.015960507520933413,12,0.023341682674709142
1200,-1.3739504614565559,1.5259728349745219,0.015679027613055552,12,0.014391605379967084
